sample,model,n_galaxies,mean_rms_log10,median_rms_log10,pooled_rms_log10
not_v02_core_like,RAR,137,0.0859316618540146,0.067639625,0.1086920215106353
not_v02_core_like,MOND,137,0.08630268445985402,0.06770722,0.10908099183643016
not_v02_core_like,FixedTPG,137,0.08795540689781023,0.066207447,0.10872644628844656
not_v02_core_like,Newtonian,137,0.2678292969562044,0.250109024,0.29062808201947227
v02_core_like_proxy,FixedTPG,6,0.11372322216666668,0.102529119,0.116132814612927
v02_core_like_proxy,RAR,6,0.14656827333333333,0.13864959100000002,0.14946494669810137
v02_core_like_proxy,MOND,6,0.1468881105,0.1389240235,0.1497717654227943
v02_core_like_proxy,Newtonian,6,0.24603927916666668,0.23258130100000002,0.2482963650846608
