null_win_fraction,null_mean_delta
0.7727272727272727,-17.52550457928428
0.8181818181818182,-4.307835905957727
0.7045454545454546,-34.782200418524106
0.8181818181818182,-36.647658623631166
0.7045454545454546,-25.25708511116704
0.75,-31.46839813488789
0.8181818181818182,-34.73595452940396
0.7727272727272727,-34.90442689955882
0.7045454545454546,3.8739851523518243
0.7045454545454546,-5.095965208596611
0.75,-13.746358207834344
0.6590909090909091,-10.858342741010288
0.75,-24.952302323332184
0.6818181818181818,-8.14022187760883
0.75,5.2874678724379605
0.6818181818181818,-15.91616186972044
0.7272727272727273,-11.106341036557296
0.75,-11.228843280100158
0.75,-23.105082528306077
0.7045454545454546,-25.35243106602871
0.6590909090909091,-22.863604291406055
0.7272727272727273,-11.791324829066149
0.75,-14.725003232856999
0.75,-19.009349154024598
0.7954545454545454,-23.81863008854425
0.7272727272727273,-12.257258524737525
0.7727272727272727,-22.39112877056765
0.7272727272727273,-0.5163341499086765
0.75,-28.12009779407714
0.8409090909090909,-31.112488896776053
0.7727272727272727,-38.20695948615987
0.6818181818181818,-16.495592226713555
0.7954545454545454,-15.185550061112735
0.75,-29.062927952699862
0.7272727272727273,-22.39642161252049
0.7045454545454546,1.883045057373584
0.7045454545454546,-13.784731893100934
0.8181818181818182,-22.09905917135974
0.7954545454545454,-12.563273011747965
0.7727272727272727,-10.459712321004691
0.75,-27.692473936347593
0.7727272727272727,-21.10981563790479
0.75,-27.28736966928243
0.6818181818181818,17.16267631807049
0.7727272727272727,-30.774215870351576
0.75,-25.223603795043186
0.7045454545454546,-4.155841154216024
0.75,-14.041547571162353
0.7727272727272727,-10.776095747565458
0.75,-23.156836666581697
0.7727272727272727,-14.551783845327845
0.8181818181818182,-36.43293620302351
0.8409090909090909,-38.46759021016102
0.75,-9.778486881519115
0.7272727272727273,-10.76192302330513
0.6818181818181818,-18.045585706065676
0.7954545454545454,-35.804252777638006
0.7727272727272727,-15.354819682047225
0.75,-25.61257751147705
0.7272727272727273,-9.625973291567648
0.8636363636363636,-14.389826939568831
0.7045454545454546,0.2977143684978843
0.8409090909090909,-29.75040651622543
0.8181818181818182,-9.492492642204407
0.75,-5.3358144699244345
0.7045454545454546,-24.867652280542305
0.7272727272727273,-21.52551641492117
0.7045454545454546,-10.571960180196935
0.8409090909090909,-21.406011423026083
0.7272727272727273,-25.313315657013035
0.7272727272727273,-6.056072082574683
0.7272727272727273,7.055024559380789
0.7727272727272727,-19.680711905429657
0.7954545454545454,-16.4679078510794
0.7272727272727273,-8.607240078817853
0.6590909090909091,-1.9075791885456796
0.7727272727272727,-32.93394533717464
0.7272727272727273,-9.804826591163492
0.7954545454545454,-27.084773381089825
0.7272727272727273,-10.26755392997763
0.7727272727272727,-21.199011856077618
0.7727272727272727,7.316197467529947
0.7954545454545454,-31.021959764081704
0.7727272727272727,-13.08265984652263
0.6590909090909091,-15.388798570849731
0.75,-28.12175012697297
0.7045454545454546,0.38807058966329644
0.75,-11.6588754546093
0.7045454545454546,-10.815168716737176
0.7727272727272727,-15.085081851488921
0.75,-27.441797394079114
0.75,-8.827874820859803
0.75,-28.83177708692618
0.7045454545454546,-16.50569030368753
0.7045454545454546,-6.034531166873723
0.7045454545454546,-4.703360048159149
0.75,-14.623404475253192
0.8181818181818182,-31.114485274471825
0.7727272727272727,-17.631048239465184
0.7954545454545454,-24.799692301612847
0.75,-0.02479900766611691
0.7727272727272727,-25.53475861146361
0.75,-4.515070961262496
0.7727272727272727,-15.086678972518344
0.7272727272727273,-22.853630217068638
0.7045454545454546,-17.52176136400324
0.75,-12.991992616630936
0.7954545454545454,-10.630216693465629
0.7727272727272727,-3.4480368250487303
0.75,-18.429250509057777
0.7045454545454546,-4.710277949584267
0.6818181818181818,1.0578904313856639
0.8636363636363636,-24.76416257286551
0.75,-16.704486344616672
0.7045454545454546,-4.600152387712916
0.7045454545454546,-5.687670973553913
0.7727272727272727,-9.359924275460825
0.7954545454545454,-22.890359958906245
0.75,-0.9124391798383855
0.7272727272727273,-16.083648112944523
0.75,-29.60504779381241
0.75,-9.656953705511398
0.7727272727272727,-21.13480920843435
0.75,-10.3646094026852
0.7727272727272727,-25.385486515705164
0.7954545454545454,-22.105038546277797
0.7045454545454546,-11.458540747621141
0.6818181818181818,-17.940588534559883
0.7272727272727273,-1.4436229495280175
0.7727272727272727,-16.32125547793082
0.75,-6.313893429168425
0.7727272727272727,-30.739903508173015
0.75,-11.599968801008796
0.7272727272727273,-10.607369429095362
0.7045454545454546,-9.981309933026928
0.7045454545454546,-13.921392814624808
0.7727272727272727,-24.85393276496003
0.7954545454545454,-10.062156208440802
0.6818181818181818,-14.622755702489686
0.8409090909090909,-10.52836926143645
0.75,-12.206441265810877
0.7045454545454546,-25.41768286109581
0.75,-27.255096632934627
0.7272727272727273,3.6224976162976024
0.7045454545454546,-24.40712485545096
0.7272727272727273,-6.962843383603386
0.7272727272727273,-17.20246184676302
0.7727272727272727,-31.86954309626461
0.7954545454545454,-17.47870092947161
0.6590909090909091,-2.5998670487084565
0.7727272727272727,-15.844356549014035
0.7272727272727273,-2.426458598542497
0.6590909090909091,7.6873470124537056
0.7272727272727273,-2.732134838974677
0.6590909090909091,-16.55199103530308
0.7954545454545454,-19.69241665070143
0.75,-23.074821600107693
0.7272727272727273,-31.24987925304384
0.7727272727272727,-23.724047530962437
0.7272727272727273,-4.7924476909865525
0.7954545454545454,-28.797662667236818
0.7272727272727273,-26.117029812458963
0.7272727272727273,-19.32990721286028
0.75,-18.5451933345739
0.7727272727272727,-21.268617235316075
0.75,-17.602098609069234
0.7954545454545454,-23.04798975844765
0.75,-14.703533652661749
0.7045454545454546,-21.175090208520114
0.6818181818181818,-23.333231259628214
0.7272727272727273,-23.785825172897646
0.75,-21.44243654478058
0.75,-26.839384024923934
0.7954545454545454,-23.764194566520178
0.7954545454545454,-9.622245283428917
0.75,-15.703417034377265
0.75,-7.450709417943022
0.6818181818181818,-0.4946991861138405
0.75,-11.47700137970597
0.7954545454545454,-28.36456992351598
0.7727272727272727,-20.141270403783373
0.75,-13.850535957660833
0.75,-12.49456989276968
0.7045454545454546,-3.0370005688072115
0.7045454545454546,-11.291906149572545
0.8181818181818182,-11.700053961645326
0.7727272727272727,-31.609015926542256
0.7727272727272727,-19.75507516597196
0.6818181818181818,-17.05303422005416
0.6590909090909091,-17.359311666232724
0.7045454545454546,-11.90084746390503
0.6818181818181818,14.762624791998059
0.75,-24.256998506138437
0.7954545454545454,-36.50008059513708
0.7727272727272727,-26.411918437468923
0.7954545454545454,-11.675165284790028
0.7727272727272727,-21.763764991021077
0.7045454545454546,-11.407176528599415
0.8181818181818182,-8.221554606950754
0.7727272727272727,-27.779177956172745
0.7272727272727273,5.567184212672282
0.7272727272727273,-5.818663824692976
0.7272727272727273,-7.856796255981519
0.7954545454545454,-14.240579987689621
0.7954545454545454,-7.013818192048899
0.7272727272727273,-15.874202021598622
0.7727272727272727,-34.71824252436663
0.8181818181818182,-37.204896770670445
0.6818181818181818,-23.614663011788913
0.7045454545454546,-13.294379241984405
0.7272727272727273,-26.295121765821833
0.6818181818181818,-13.998734653582119
0.7045454545454546,-2.2951037367174343
0.7954545454545454,-36.32577878987159
0.7727272727272727,-3.9558478442240177
0.75,-29.980137328368837
0.7045454545454546,-30.289203244944318
0.7954545454545454,-41.81587219878674
0.7272727272727273,-5.332964196890357
0.75,-22.66936239284744
0.7727272727272727,-22.94929088541138
0.7272727272727273,-25.16227295968852
0.8181818181818182,-35.06085284304671
0.7727272727272727,-26.292749894226507
0.75,-21.46189697879888
0.75,-14.745066561413497
0.7954545454545454,-17.857086439961133
0.7727272727272727,-18.275628559700497
0.75,-27.986999069950244
0.8863636363636364,-42.55828242287475
0.6818181818181818,-17.70641495453783
0.6818181818181818,0.6289429940933732
0.7045454545454546,-20.973057752462765
0.7954545454545454,-21.20545800733181
0.7045454545454546,-26.993617873873472
0.75,-35.46384856298825
0.75,-29.934966801342
0.7272727272727273,-16.265937865432612
0.7272727272727273,-2.220385671058179
0.7045454545454546,4.486988800921225
0.8181818181818182,-17.57299230281903
0.8181818181818182,-29.301908915063674
0.75,-22.44004941718182
0.8181818181818182,-31.472328634939576
0.6590909090909091,-6.221823208714346
0.7727272727272727,-23.38728933441191
0.7954545454545454,-24.775937594887807
0.8409090909090909,-21.12420272102469
0.7045454545454546,-28.96211371654937
0.7045454545454546,-13.078967742847437
0.6818181818181818,-31.571330297278667
0.7727272727272727,-17.37567826737577
0.75,8.924839571499392
0.7954545454545454,-36.65971206761785
0.7045454545454546,-5.496944256277252
0.6363636363636364,-0.737295998297331
0.8181818181818182,-32.04815144621373
0.7727272727272727,-16.444041867157164
0.7272727272727273,-16.800305220105802
0.7272727272727273,0.7805581130498315
0.7272727272727273,-18.232547413883864
0.8181818181818182,-35.050329231996194
0.7045454545454546,-15.223856445072693
0.8181818181818182,-21.702816991955732
0.7045454545454546,-4.741194880636766
0.7954545454545454,-21.561113029001547
0.7272727272727273,-8.716785331742084
0.75,-18.811547974593097
0.6818181818181818,-6.988183882762086
0.7954545454545454,-21.68291302639183
0.75,-13.360148041106562
0.7954545454545454,-30.46533371819387
0.7954545454545454,-6.803090745917486
0.8181818181818182,-15.749416932317494
0.8409090909090909,-26.908642701661055
0.75,3.415781631725162
0.7272727272727273,-25.803736331638405
0.7727272727272727,-27.49828638289316
0.75,-25.314873791128658
0.7727272727272727,-25.986753734434316
0.8409090909090909,-36.88915502763134
0.6818181818181818,-10.580563897193697
0.75,5.0308981874664385
0.8181818181818182,-26.183656056680068
0.6818181818181818,-6.432648910481503
0.7045454545454546,-0.5794887554340012
0.7727272727272727,-3.1403416814858334
0.75,-11.444388701808204
0.7272727272727273,-25.301236324683998
0.75,-2.448060903077923
0.7045454545454546,-13.001191340469951
0.7045454545454546,12.419895485956912
0.7954545454545454,-37.64336961426228
0.7727272727272727,-23.014497525852377
0.7272727272727273,-15.630941592280447
0.75,-12.88962140485839
0.75,-31.980422813940926
0.7272727272727273,-18.603322279232206
0.75,-21.494997618435793
0.8181818181818182,-30.102001726848062
0.7954545454545454,-20.785447302492713
0.75,-6.327490039776038
0.7272727272727273,-18.422012346761825
0.7045454545454546,-17.483903618700765
0.7954545454545454,-32.58030307456328
0.7272727272727273,-5.479682013917241
0.7045454545454546,-20.563809242342934
0.6818181818181818,-26.15269632807981
0.7045454545454546,-14.454153297451585
0.7727272727272727,-9.284390023696194
0.6590909090909091,1.9563488687428892
0.75,8.718779789087797
0.75,-23.0957686909663
0.7954545454545454,-26.44517137266628
0.75,-0.43374467797285376
0.7045454545454546,-19.644212252104037
0.7727272727272727,-11.878907776043347
0.75,10.24706129154821
0.7727272727272727,-23.32098710804685
0.75,-25.10659377497062
0.7727272727272727,-16.953929543697928
0.75,-26.682066673265737
0.7272727272727273,-28.611952664618613
0.7045454545454546,6.492148431018199
0.7272727272727273,-11.358275905912315
0.7954545454545454,-23.8509554978731
0.75,-28.283661905943823
0.7272727272727273,-1.5218776602698347
0.7045454545454546,5.641677890463454
0.75,-15.351475915973735
0.8181818181818182,-34.90032182807466
0.8181818181818182,-26.364130598597114
0.7045454545454546,0.2173896199708106
0.7272727272727273,-16.17067434351457
0.8181818181818182,-38.31411222280283
0.75,-15.263613500281007
0.7727272727272727,-23.947796422041367
0.7045454545454546,-4.701606339275864
0.7727272727272727,-21.25934749004938
0.7954545454545454,-37.92909307793709
0.7045454545454546,-23.303750285678372
0.7272727272727273,-19.823110769527734
0.8863636363636364,-45.23390277942414
0.7727272727272727,-6.906866822338987
0.7272727272727273,2.230652022838146
0.75,-9.306124275996636
0.7045454545454546,-4.663247249181968
0.75,-12.113939982678692
0.7954545454545454,-26.81506355373067
0.8181818181818182,-35.8808016360268
0.6818181818181818,-14.153845086364216
0.75,6.10736142482342
0.7727272727272727,-36.68973672883462
0.7954545454545454,-16.21788986251203
0.7045454545454546,-13.654398486429598
0.75,-25.50277748821816
0.75,-17.59719247232971
0.8409090909090909,-26.04127408527898
0.75,-10.326609278210707
0.8181818181818182,-27.089696266545456
0.7727272727272727,-28.56670832354935
0.7045454545454546,-18.833775875602626
0.75,-5.998504142063137
0.8181818181818182,-13.820952128567837
0.7727272727272727,-16.30996862656821
0.7272727272727273,-10.342754909086763
0.7045454545454546,-6.283070295594024
0.7954545454545454,-8.1604083824706
0.6818181818181818,-33.01003524491778
0.7727272727272727,-22.65457684807443
0.7272727272727273,-8.85803146559329
0.7045454545454546,-26.77913536802475
0.6818181818181818,-8.457996225749724
0.6590909090909091,-21.5467795828528
0.75,-38.79486850239377
0.75,-9.017557078360156
0.6590909090909091,-2.575528684693872
0.7727272727272727,-5.707662125771714
0.7045454545454546,-12.27996661369378
0.7045454545454546,-9.659919816719643
0.7727272727272727,1.4284574381312647
0.7045454545454546,-15.721729417231527
0.7045454545454546,-19.300110529838985
0.7727272727272727,-19.667881901774702
0.6818181818181818,-15.644844899931714
0.7045454545454546,-2.0786174729314038
0.75,2.3826310482245607
0.75,-16.93116078850537
0.7727272727272727,-26.884257656632496
0.8409090909090909,-27.67632542736321
0.7954545454545454,-23.634419933404857
0.8181818181818182,-30.17838250740003
0.7727272727272727,-15.151273141414267
0.7727272727272727,-7.78925524046783
0.7272727272727273,-21.85681806356472
0.7272727272727273,-27.996393973520494
0.7954545454545454,-26.87751137413352
0.7272727272727273,-6.089157011878842
0.75,-12.562218599888977
0.6818181818181818,11.741859303182025
0.7045454545454546,-23.882637768914012
0.7045454545454546,-5.911049036600912
0.6818181818181818,4.138475870514328
0.7272727272727273,-6.867824941539997
0.7045454545454546,-27.904328973150896
0.75,-16.17848367820757
0.75,-15.421496931539723
0.75,7.964462817209689
0.6818181818181818,-20.36243443262823
0.75,-15.397445330499544
0.75,-32.07635808357901
0.7272727272727273,-20.45227639286892
0.6818181818181818,9.195744782140194
0.7045454545454546,-18.44816785449386
0.7272727272727273,-22.56813691316973
0.75,-23.152997066858703
0.7045454545454546,8.29224365893834
0.6818181818181818,-2.4617112800230037
0.7954545454545454,-28.682695225881993
0.8636363636363636,-30.878027286372184
0.7954545454545454,-27.932173338350314
0.8409090909090909,-39.326576949264386
0.7045454545454546,-6.081322936326316
0.7272727272727273,-25.98535390163988
0.8181818181818182,-36.395010286341225
0.6590909090909091,2.5244304377272004
0.8181818181818182,-25.13640535673437
0.8409090909090909,-9.831893065855018
0.6818181818181818,-17.099945657749966
0.7954545454545454,-23.078881639009627
0.7272727272727273,-25.699446103559886
0.7954545454545454,-17.66783440391774
0.7045454545454546,0.3427570805679778
0.7954545454545454,-39.92642112669397
0.6818181818181818,-27.468349910756878
0.8181818181818182,-30.260513418917245
0.75,-29.65645605150507
0.75,-21.863627193870165
0.7272727272727273,-22.304944905295738
0.7727272727272727,-20.892138903118074
0.75,-30.61694842814237
0.7954545454545454,-23.487518729160897
0.75,-4.732875695484154
0.8181818181818182,-28.199672360234278
0.7045454545454546,2.3890332030914747
0.7272727272727273,-18.978020081357002
0.7272727272727273,-17.803793610051898
0.8409090909090909,-32.62073066654571
0.7045454545454546,-13.25047720016856
0.6818181818181818,-0.4007141360123796
0.7272727272727273,-19.728509293041967
0.8181818181818182,-37.21416770200136
0.7954545454545454,-28.962106973465076
0.7272727272727273,-1.088626126750158
0.7272727272727273,-8.388658912224939
0.7045454545454546,-8.872732641538551
0.7272727272727273,-31.47103580883605
0.6818181818181818,-22.212489366316994
0.8181818181818182,-5.563692178205868
0.7272727272727273,-12.542809789309178
0.7272727272727273,-14.330671127596174
0.7727272727272727,-7.771174831818289
0.75,-25.77439058804397
0.7045454545454546,-9.088771654426846
0.75,-24.37792425767246
0.75,-15.09888533514519
0.7727272727272727,-33.96090432700233
0.7272727272727273,-26.72201917956019
0.75,-16.78034102896012
0.8181818181818182,-25.812203370455368
0.75,-14.174951490570267
0.7045454545454546,-11.567454854224614
0.6363636363636364,24.640361851325224
0.7045454545454546,-6.076961117573004
0.7954545454545454,-37.3174233301716
0.7954545454545454,-32.52704293553975
0.7954545454545454,-26.30277494897465
0.8181818181818182,-28.62249257122946
0.7954545454545454,-33.48294197532744
0.7272727272727273,-22.18134862774971
0.7954545454545454,-9.606891318926323
0.7045454545454546,-14.347192605157193
0.6818181818181818,-21.135410762563087
0.7272727272727273,-21.464927967279877
0.7272727272727273,-14.728545022147374
0.75,-10.865990969932342
0.7272727272727273,-19.41412401600896
0.7045454545454546,-7.687393051726854
0.7045454545454546,-1.9840305034831522
0.7954545454545454,-29.51270166049352
0.75,-12.412871963014181
0.75,-14.117923914977307
0.7954545454545454,-31.281574027993496
0.8409090909090909,-16.223577744044995
0.7272727272727273,-9.611956776493058
0.7045454545454546,-18.17151745070088
0.6818181818181818,-9.322819098683569
0.7045454545454546,-26.964842007871916
0.6818181818181818,-18.631665967544105
0.7045454545454546,-14.412294211308922
0.7272727272727273,-20.590214237743222
0.75,-19.89928317756602
0.75,-30.97050325839895
0.7272727272727273,-31.183315976888444
0.7045454545454546,3.6159399438052575
0.7272727272727273,0.9006805817841158
0.6590909090909091,-16.63276621853314
0.7272727272727273,-16.056532205964775
0.7272727272727273,-26.616424408166985
0.7045454545454546,-16.106944541787893
0.7272727272727273,-13.91474617713533
0.7727272727272727,-34.31452542136154
0.7954545454545454,-28.69407503425317
0.75,-27.536991593249056
0.7045454545454546,3.393760234397534
0.6818181818181818,-14.849545446169124
0.7727272727272727,-7.154547590798395
0.7045454545454546,-13.974020977258357
0.7045454545454546,-5.380296484593555
0.6818181818181818,-26.795202281620437
0.6590909090909091,-5.662779249435909
0.7727272727272727,-32.066948409029756
0.75,-22.059035068124306
0.7954545454545454,-20.257385064398253
0.75,-13.048247851722955
0.7727272727272727,-5.931001678282095
0.75,-28.58101769493713
0.7272727272727273,-13.629132144843034
0.75,-28.484625477443796
0.7954545454545454,-19.53328492121547
0.7727272727272727,-22.271561861525992
0.7727272727272727,-31.338013595972118
0.6590909090909091,-10.243779125048432
0.7272727272727273,-12.791711138438774
0.6818181818181818,-12.458139823092296
0.7954545454545454,-24.27581145028746
0.7272727272727273,-9.026729097127804
0.75,-20.15783403946108
0.8181818181818182,-26.694695578616514
0.8181818181818182,-28.89552432488371
0.7272727272727273,-21.533392362564516
0.7954545454545454,-38.719369516178425
0.7272727272727273,-9.169988514854113
0.7727272727272727,-27.041466599701234
0.7045454545454546,-27.846631762376685
0.7727272727272727,-20.557987735145627
0.7045454545454546,-7.552301872540696
0.75,-14.51531355854479
0.7272727272727273,-7.94870102115373
0.75,-21.184767080084285
0.7727272727272727,-32.12709683246476
0.7727272727272727,-21.111973167729488
0.7954545454545454,-22.685733501973843
0.7272727272727273,-29.01200017532327
0.8181818181818182,-38.664848544845775
0.7272727272727273,-15.9472506765128
0.6590909090909091,1.8295953235449973
0.8181818181818182,-18.284208986961804
0.7727272727272727,-31.31419168413523
0.7727272727272727,-10.255123460511866
0.6818181818181818,-17.761825717227055
0.75,-21.62069764329684
0.7954545454545454,-25.227749054145725
0.7045454545454546,-12.033117098497842
0.75,-18.21856577952388
0.7272727272727273,-21.966342919780004
0.7272727272727273,24.150225303343685
0.7727272727272727,-24.9106127123383
0.7954545454545454,-18.383787921808775
0.7727272727272727,-21.640490048158604
0.7727272727272727,-13.852940037803439
0.7727272727272727,-24.34245926619402
0.75,-19.911761030742912
0.8181818181818182,-20.35157069627411
0.75,-12.537116834389456
0.7272727272727273,-34.395130880855746
0.7954545454545454,-29.909845078442824
0.7045454545454546,-0.04663736852266676
0.6590909090909091,-19.933585614674364
0.7954545454545454,-13.36443101230525
0.7954545454545454,-33.9857175733162
0.6818181818181818,-6.290161200276972
0.6590909090909091,0.1374917713723023
0.7727272727272727,-29.91382700889466
0.7272727272727273,-5.898433767781466
0.75,-17.86052160545536
0.8409090909090909,-39.31245841407702
0.7272727272727273,7.795406945967827
0.7272727272727273,-20.461491239880004
0.75,-19.75566113599938
0.6818181818181818,-16.084405482147634
0.7045454545454546,-10.1779861657362
0.7272727272727273,-24.574196942187164
0.7272727272727273,-31.83262854521515
0.7045454545454546,-25.166368641508953
0.6818181818181818,-17.268671113028873
0.75,-20.028604079281177
0.7727272727272727,-18.8275079229131
0.75,-20.00601759356814
0.7954545454545454,-20.700602343652353
0.6818181818181818,-22.65825371908741
0.7272727272727273,-26.689650448313326
0.7272727272727273,-25.170484853322606
0.7727272727272727,-31.67832957116798
0.7045454545454546,-2.1521952610131696
0.6818181818181818,-9.725710057634627
0.75,-29.58941696631666
0.7954545454545454,-30.994617852153443
0.7727272727272727,-14.513994458859635
0.6818181818181818,-8.53085746211466
0.75,5.962423598520511
0.7045454545454546,-8.21069968659711
0.7272727272727273,-3.4742714912275754
0.7045454545454546,-17.0118201468963
0.8181818181818182,-23.160007984104556
0.7272727272727273,-10.062718450484569
0.7045454545454546,-24.119490187164228
0.7954545454545454,-20.0749958691079
0.7727272727272727,-30.67669626401383
0.7045454545454546,-9.1292974611334
0.7727272727272727,-28.35542927891652
0.7727272727272727,-21.118080784587566
0.7272727272727273,-15.817497232958978
0.7954545454545454,-23.290585146709716
0.75,-22.807934312243177
0.7045454545454546,8.941485602359476
0.7272727272727273,-11.268001663766963
0.75,-3.1884650242710126
0.7272727272727273,-17.298014589972777
0.75,-1.2446927410158375
0.7272727272727273,-26.302972755099393
0.7954545454545454,-13.888396884480182
0.75,-9.58880463612968
0.7272727272727273,-4.8896799902394
0.7727272727272727,2.353611188611106
0.7272727272727273,-25.766933346373857
0.8409090909090909,-26.386203606899038
0.75,-25.919338054239926
0.75,-1.0175971859635629
0.75,-14.239248844871016
0.7272727272727273,-20.69874160643786
0.75,-30.998592497510387
0.7272727272727273,-16.99114011992118
0.6590909090909091,7.962220342806639
0.75,-21.768172118057098
0.7727272727272727,-1.0176933331509597
0.6818181818181818,-9.356685282786918
0.7727272727272727,-16.000213000844013
0.7045454545454546,-23.44359648140694
0.7954545454545454,-13.804274210354182
0.6818181818181818,-18.25434860699346
0.7045454545454546,-9.805361506971428
0.7727272727272727,-26.759944406864463
0.7272727272727273,-15.294040175800768
0.7045454545454546,-23.147309827230888
0.7045454545454546,-6.69314228808162
0.6818181818181818,-17.137591889246522
0.7954545454545454,-21.040890249567635
0.7727272727272727,-28.418853441347835
0.7727272727272727,-18.613752952972547
0.8181818181818182,-17.08935361587015
0.6590909090909091,-22.069948494783887
0.8409090909090909,-30.915763165549436
0.8181818181818182,-33.50049165130478
0.7727272727272727,-12.448116702863945
0.7045454545454546,-6.457912602884591
0.7045454545454546,-10.656678002152017
0.6818181818181818,-9.853102967325983
0.7954545454545454,-32.41118364550911
0.8409090909090909,-33.10369513283499
0.7727272727272727,-5.677932581448085
0.6590909090909091,-7.012636343325147
0.7727272727272727,-12.936282351250457
0.75,-8.784748534737533
0.6363636363636364,14.978124617673512
0.6818181818181818,-13.818250353386206
0.6818181818181818,-6.2915654985087315
0.8181818181818182,-23.730544550734052
0.7272727272727273,-17.63443675029788
0.7272727272727273,-13.47942788279204
0.7045454545454546,-4.4540477629765185
0.7045454545454546,-23.503731184695628
0.7727272727272727,-21.805606253553847
0.7272727272727273,-6.315240990586383
0.7954545454545454,-10.05158741194716
0.7954545454545454,-29.69922158042112
0.7045454545454546,-8.64322256500279
0.7045454545454546,-6.078750379972064
0.7045454545454546,-17.652927144955598
0.75,-23.89211710585461
0.7727272727272727,-30.086129039689983
0.7727272727272727,-28.66164729040362
0.7045454545454546,-4.223023006703965
0.6590909090909091,-0.8485338795057428
0.75,-33.682184209652604
0.6590909090909091,-13.254438713020027
0.7954545454545454,-29.829252477669275
0.75,8.17945482094554
0.7954545454545454,-24.370972320829285
0.6818181818181818,-16.249048683084652
0.7272727272727273,-3.656420419254685
0.75,6.5836331014984815
0.7272727272727273,-9.251906338159523
0.75,-13.81007188949391
0.7272727272727273,-34.188665585339486
0.7727272727272727,-19.789663672849372
0.7272727272727273,-31.256087984726147
0.7045454545454546,4.69268835488821
0.75,-6.9861459932114265
0.7727272727272727,-27.804034497491795
0.7272727272727273,-5.850171554937552
0.75,-26.896285182776843
0.7727272727272727,-28.600126920632146
0.7272727272727273,-2.073194053427731
0.7954545454545454,-20.73262180617797
0.8181818181818182,-30.27499572668961
0.7727272727272727,-20.85072079680043
0.75,-0.7860390623676029
0.7272727272727273,-24.858056093025297
0.8409090909090909,-26.279946726083605
0.7954545454545454,-5.218028146772678
0.75,-33.10194281267362
0.75,-16.3278605214211
0.8181818181818182,-29.455532037220795
0.7954545454545454,-32.87263678836528
0.7727272727272727,-16.377592282713575
0.7727272727272727,-17.33108040070385
0.7727272727272727,-21.994734386868917
0.7727272727272727,-17.034052631896348
0.75,-12.166972953200856
0.7954545454545454,-27.28378367782989
0.75,-8.911525924176722
0.7954545454545454,-3.215580794248655
0.6818181818181818,-18.304140386175256
0.75,-25.02788870421136
0.8409090909090909,-31.045027921656985
0.7045454545454546,-21.610724847163922
0.7727272727272727,-14.987458477761008
0.7727272727272727,-34.94999417067094
0.7727272727272727,-10.642506597409078
0.7727272727272727,-19.61200386225731
0.75,-22.690652974869348
0.7954545454545454,-25.564984616674348
0.75,-13.483941481878274
0.7272727272727273,-6.6721197670382475
0.6818181818181818,-28.785246887077676
0.6590909090909091,-7.559534762088671
0.7045454545454546,-14.279498473098947
0.7045454545454546,-16.147721217986373
0.7272727272727273,-22.566837001432752
0.7727272727272727,-14.222330048591697
0.7954545454545454,-33.39394788654214
0.7045454545454546,-11.20083861896849
0.7727272727272727,-7.355929520687672
0.6818181818181818,-1.1550570498559536
0.8181818181818182,-24.393301132357404
0.7727272727272727,-23.75242886501369
0.7272727272727273,-0.530894371045964
0.75,-11.563210860839725
0.75,-27.326955412853128
0.7727272727272727,-29.515280638107377
0.7727272727272727,-16.755246044355655
0.7727272727272727,-4.985815716033249
0.75,-19.848318119536007
0.75,-15.091339892908934
0.7045454545454546,-10.839737800827358
0.6818181818181818,-3.13498366721701
0.75,-32.53839149789591
0.7045454545454546,-5.3398377552584995
0.7045454545454546,-24.594281791340926
0.7272727272727273,-14.970683371479385
0.7727272727272727,-8.594325584134536
0.7727272727272727,-12.455755242672849
0.8636363636363636,-12.509600732451311
0.7954545454545454,-34.69425752316326
0.7954545454545454,-27.837482647938767
0.7272727272727273,-22.41460961059748
0.7727272727272727,-35.01535783618829
0.6363636363636364,3.649226808471831
0.75,-18.580315629979825
0.6818181818181818,-20.034483125406815
0.7045454545454546,-7.693187075418356
0.7727272727272727,-11.797021277094386
0.7727272727272727,-24.729780933676842
0.7272727272727273,0.6489797283017047
0.75,-27.54293799526857
0.75,-12.026774102235892
0.7272727272727273,-15.667652461337973
0.6590909090909091,1.2070278867035213
0.7727272727272727,-17.94563296439488
0.7272727272727273,-24.096549755712783
0.7727272727272727,-17.725352525516676
0.6818181818181818,-8.43367900797288
0.75,-18.464737087424258
0.7727272727272727,-9.745370030698918
0.7272727272727273,-13.155230422850805
0.75,-20.95885692721348
0.8181818181818182,-29.489949435856293
0.7272727272727273,-13.40185203572557
0.7045454545454546,10.601528839784681
0.75,-16.418829644494522
0.7727272727272727,-25.811601631297858
0.7727272727272727,-23.256931262797465
0.6818181818181818,-12.693451876529535
0.8409090909090909,-21.36594225500433
0.7045454545454546,1.5076146828284225
0.7954545454545454,-18.413668188202834
0.75,-23.512564391881543
0.75,-18.24118728396006
0.7954545454545454,-24.070052954780337
0.7272727272727273,13.161380282561373
0.7272727272727273,-19.795269515609128
0.6818181818181818,-18.49968622221098
0.7727272727272727,-21.491314278694976
0.7272727272727273,12.221635752079301
0.7045454545454546,-28.673220593756046
0.75,-29.214740507973907
0.8409090909090909,-14.398302010436424
0.75,-29.498279386935323
0.7272727272727273,-10.50175656755894
0.7727272727272727,-26.180849316412512
0.7727272727272727,-15.613805128516367
0.7045454545454546,-15.307786423810912
0.75,-24.281719827196927
0.7272727272727273,-27.054752273233678
0.7272727272727273,-6.948109474724126
0.75,-22.095673418004395
0.7954545454545454,-23.065188126445115
0.7727272727272727,-20.884364395310996
0.7954545454545454,-29.420872407973153
0.6818181818181818,-2.684905289279649
0.7045454545454546,-16.296556172480088
0.7272727272727273,1.6632076137245349
0.6363636363636364,-16.535963692461888
0.7045454545454546,-17.96642072088908
0.7727272727272727,-18.617467364415223
0.7272727272727273,-12.247251578255991
0.8181818181818182,-33.18661571347733
0.75,-31.672728589570855
0.7727272727272727,-19.84402156644689
0.7045454545454546,-10.557547545711854
0.75,-22.631511131332925
0.7727272727272727,-21.910724471861606
0.75,10.79089122620127
0.6590909090909091,-14.378753949356565
0.7727272727272727,-20.518469522902024
0.7045454545454546,-14.833541443276301
0.7272727272727273,-11.623410715544772
0.7045454545454546,-9.124628926357946
0.7045454545454546,-16.77856389970666
0.7727272727272727,-11.303240321212765
0.7727272727272727,-31.33730113033334
0.6818181818181818,-26.249912727050074
0.75,-18.55716329866661
0.7727272727272727,-29.197107278140546
0.6818181818181818,-9.76479967830971
0.7272727272727273,-15.29370559235822
0.7272727272727273,-32.42523977797003
0.75,-26.91028901778029
0.75,-27.38946093449384
0.8636363636363636,-30.574076606882805
0.75,-17.238394847554037
0.6590909090909091,5.5847278484173355
0.7045454545454546,-5.634406888739392
0.7272727272727273,-22.544255842901816
0.7954545454545454,-22.088306380728458
0.7727272727272727,-25.269478354563315
0.6818181818181818,-29.761681875960598
0.7272727272727273,-30.58126677621273
0.7045454545454546,-5.703453317312125
0.7954545454545454,-26.6639037547612
0.7954545454545454,-22.53602564999505
0.7727272727272727,-26.055445455866906
0.7727272727272727,-35.27142047095371
0.7954545454545454,-41.98129450767443
0.7954545454545454,-19.63181932760071
0.7954545454545454,12.321599230120382
0.75,-11.847025632281417
0.7272727272727273,-15.973543924525728
0.6590909090909091,13.837460621451111
0.7272727272727273,-2.9042152103346592
0.7954545454545454,-34.757881235754795
0.6818181818181818,-14.675628691696751
0.7272727272727273,-30.275063041583834
0.75,-4.063585758815436
0.7727272727272727,-26.71285676551563
0.6818181818181818,-14.846587886807653
0.7272727272727273,-29.781617604353094
0.8181818181818182,-34.88814262568712
0.6818181818181818,3.9185821473150586
0.7272727272727273,-36.017735552811956
0.7272727272727273,-8.844570487211383
0.7272727272727273,-24.015823486128955
0.7272727272727273,-9.363991310101369
0.7272727272727273,-7.333847459732868
0.8181818181818182,-43.10951513145007
0.7727272727272727,-19.765552479016073
0.75,-31.82717293038147
0.8409090909090909,-22.996380390581
0.6818181818181818,-15.49795372060136
0.7954545454545454,-25.882245337516363
0.7045454545454546,0.3605929391836175
0.7727272727272727,-33.297311070584286
0.6590909090909091,-19.37843679678774
0.75,-19.01112815446905
0.7045454545454546,-8.8143263289731
0.7954545454545454,-26.757326971893825
0.7272727272727273,-26.423835669597022
0.75,-27.9410785080707
0.7272727272727273,-23.610119014279466
0.7272727272727273,-4.6269532161376645
0.7727272727272727,-17.41822684315459
0.8409090909090909,-13.608649602052052
0.7272727272727273,-15.427288497236278
0.7272727272727273,-26.609600633615102
0.75,-27.563058835885123
0.8181818181818182,-29.67936884184921
0.7727272727272727,-30.808029309329072
0.7727272727272727,-30.370205608534025
0.7045454545454546,-10.496687815595713
0.7727272727272727,-13.733122027147827
0.8181818181818182,-29.937551619444914
0.7272727272727273,-9.534964815406807
0.75,-6.808590269784792
0.7727272727272727,-18.40695448746592
0.7727272727272727,-25.41692926580065
0.75,-17.515282956441993
0.75,-25.821443247217232
0.8181818181818182,6.8661911781582
0.7272727272727273,-8.897585367259005
0.7045454545454546,-23.897917401127653
0.75,-30.17362554792203
0.7045454545454546,-21.179609868007063
0.6818181818181818,-12.151336310897886
0.75,-23.680196878852158
0.75,-10.653678964272698
0.75,-14.917819824358617
0.75,-19.839580080555695
0.7727272727272727,-19.599268187362142
0.7272727272727273,2.3291980597133017
0.7727272727272727,-24.76306140967245
0.8181818181818182,-11.914857435424848
0.7272727272727273,-22.97702806371353
0.8181818181818182,-31.126663132421893
0.75,-27.986483033905564
0.6590909090909091,-28.733784992660773
0.7272727272727273,-24.47807352743978
0.7272727272727273,-7.972144773799453
0.7727272727272727,-27.091038499532957
0.8636363636363636,-34.72242673486108
0.7272727272727273,-19.300766261870084
0.75,-26.22580180590686
0.7045454545454546,-22.855081095662282
0.7272727272727273,-15.109801838285017
0.7045454545454546,-9.471383768841992
0.8409090909090909,-24.239854102036432
0.6818181818181818,-18.386286640129835
0.7727272727272727,-22.306497365273568
0.7272727272727273,-29.661123182542415
0.8636363636363636,-40.54366473159421
0.7727272727272727,-9.69651404007796
0.8181818181818182,-30.98942202097487
0.6818181818181818,0.6718464987866768
0.75,-23.42254482881394
0.75,-10.32085916567654
0.7272727272727273,-9.569528336628744
0.7954545454545454,-24.972890327091587
0.6818181818181818,-12.021937435073296
0.75,-28.995727976541847
0.7272727272727273,-1.4748924914921004
0.7727272727272727,-18.63664367770829
0.7272727272727273,-2.342946932364722
0.7954545454545454,-24.896300786374375
0.7272727272727273,-18.09863732359621
0.7954545454545454,-14.222297329298605
0.7954545454545454,-22.025153162906946
0.7727272727272727,-20.418012915021137
0.7272727272727273,-23.62398819347816
0.7727272727272727,-27.549449949353708
0.7727272727272727,-11.673233161418468
0.7727272727272727,-4.164604672410713
0.7272727272727273,-26.58458083433695
0.7272727272727273,-7.21252637286643
0.75,-16.53613621311922
0.7954545454545454,-36.24265594624346
0.7727272727272727,-26.637543782534497
0.8409090909090909,-12.524170356934412
0.7045454545454546,-17.43988843861907
0.7272727272727273,-23.196172288753058
0.8181818181818182,-44.961194796643476
0.7272727272727273,-16.655316770073775
0.6818181818181818,-6.695279668022906
0.75,-26.255203029741793
0.7954545454545454,-6.608857388986674
0.75,-28.40042282072644
0.6818181818181818,-23.531161370852445
0.7272727272727273,-13.214431680226681
0.75,-29.841364777159267
0.7954545454545454,-32.29607444379494
0.75,-29.061942175132916
0.75,-18.541714307646814
0.7727272727272727,-35.8876254970439
0.75,11.253860065170361
0.7727272727272727,-16.486982591392678
0.7272727272727273,-9.591448492344936
0.75,-25.408869895282486
0.7954545454545454,-10.373794616485007
0.8409090909090909,-34.197814343180774
0.7954545454545454,-22.107082925321013
0.7045454545454546,-12.49733706025516
0.7954545454545454,-23.291229808775213
0.7272727272727273,9.510193943021857
0.6818181818181818,-29.123356847114835
0.8181818181818182,-19.107301705325433
0.7272727272727273,16.864364571818076
0.75,-2.028570598453556
0.7272727272727273,-30.420089423867555
0.7045454545454546,-19.805188014220594
0.7954545454545454,-19.38160294433865
0.7727272727272727,-12.056902838748613
0.7272727272727273,11.663601010825708
0.7727272727272727,-35.38236446380842
0.75,-22.38059663623686
0.7272727272727273,-18.825536091321684
0.75,-12.980586468372508
0.7045454545454546,-19.102692395282222
0.8181818181818182,-28.01718749172616
0.8181818181818182,-17.05238089531191
0.7954545454545454,-12.787657401560928
0.7272727272727273,-38.217212197791845
0.6818181818181818,-18.26427900176734
0.7045454545454546,-20.07577141854032
0.7954545454545454,-33.66917962272668
0.7045454545454546,-11.673542280218395
0.7045454545454546,-25.044599230581458
0.7954545454545454,-18.981427074479907
0.75,-23.26892688829203
0.7272727272727273,-9.91658170579759
0.7954545454545454,-27.033401096060757
0.7045454545454546,-23.0343449293414
0.6818181818181818,-3.8480877229738337
0.6818181818181818,-10.584685238395629
0.7272727272727273,-12.79613146702044
0.7954545454545454,-24.10911154374195
0.7045454545454546,-17.818310476928932
0.7727272727272727,-12.35966985486077
0.7272727272727273,-0.2076325382377113
0.8181818181818182,-15.993333485123065
0.7727272727272727,-12.171591326220463
0.7045454545454546,-11.23475568622848
0.7954545454545454,-26.823816059709884
0.7272727272727273,-15.104085583150466
0.7272727272727273,-25.833845294831463
0.6818181818181818,-11.69707663835572
0.7272727272727273,-22.50805499581047
0.75,-29.738469645956865
0.7045454545454546,-15.139435229220293
0.8409090909090909,-30.44464755857662
0.7045454545454546,-30.57153081136838
0.75,-23.445810828128504
0.6818181818181818,2.018527519711799
0.6818181818181818,-8.378611679816231
0.6590909090909091,-16.516466558804293
0.7272727272727273,-18.966540482553313
0.7727272727272727,-12.34676613901821
0.6818181818181818,-10.355057291451237
0.7045454545454546,-4.072326601727898
0.7045454545454546,-3.004019046503653
0.7727272727272727,-8.790694940635142
0.75,-19.76251347167029
0.7272727272727273,-22.093656958043866
0.7045454545454546,-22.97758138979336
0.6363636363636364,-1.4616743355570323
0.75,-2.145680339327286
0.7954545454545454,-23.676046497088112
0.7954545454545454,-18.460746579146736
0.6590909090909091,5.005531711928651
0.7727272727272727,-28.950612973117334
0.7272727272727273,-16.38694263221985
0.7045454545454546,-14.3488091532613
0.7727272727272727,-23.782056252398537
0.7272727272727273,-21.669610061420062
0.7272727272727273,-11.380563562301406
0.75,-36.49000636040252
0.8409090909090909,-25.09849995948304
0.7272727272727273,-30.246539967738382
0.7272727272727273,-18.278509037724127
0.7727272727272727,-11.316023660221106
0.8181818181818182,-35.10599805532783
0.7272727272727273,-18.695188824881154
0.7954545454545454,-24.700571385490267
0.8409090909090909,-13.843206110149483
0.7954545454545454,-19.66496289521117
0.7727272727272727,-27.485174541963953
0.7727272727272727,-17.825973027954344
0.6590909090909091,-9.894341715678632
0.8409090909090909,-30.161852527787378
0.7954545454545454,-36.12568801186855
0.75,-17.50972454855857
0.8181818181818182,-25.380995615817667
0.7045454545454546,13.15212749276227
0.7727272727272727,-28.233417962644385
0.75,-9.221355743546644
0.7954545454545454,-28.61619354478188
0.7954545454545454,-25.784951301351864
0.8181818181818182,-13.56991823078895
0.7272727272727273,-27.076502163742315
0.7954545454545454,-24.887550004215043
0.7045454545454546,-7.916702990050779
0.7954545454545454,0.5577323254557559
0.75,-2.7474540314809706
0.7272727272727273,-20.498953756403683
0.7727272727272727,-22.23717613587044
0.75,-14.53892568301927
0.7272727272727273,-24.893726187239146
0.7727272727272727,-23.25002126844651
0.7272727272727273,-18.221973234923226
0.7727272727272727,-14.912272368638515
0.7954545454545454,-18.32529608546773
0.7272727272727273,-11.804075670203163
0.8181818181818182,-31.15311586691945
0.75,-14.318706368213492
0.7954545454545454,-23.961065503527696
0.75,-22.185605047698814
0.75,-2.9228339870648496
0.8636363636363636,-30.97429133422129
0.75,-7.917527756893032
0.7045454545454546,-15.225952727852901
0.7954545454545454,-32.835436082399575
0.7045454545454546,-6.76155959468437
0.75,-16.538316002984715
0.7272727272727273,-22.351040182401373
0.8181818181818182,-17.884612366005875
0.7954545454545454,-7.467209717418748
0.7045454545454546,-0.4908393018562032
0.7727272727272727,-33.385849872821666
0.8181818181818182,-13.667221363472237
0.7272727272727273,1.6706530898076295
0.7954545454545454,-19.37125571227844
0.6818181818181818,-22.61007732844148
0.7045454545454546,-6.255465798107371
0.7954545454545454,-1.7640813607396026
0.6590909090909091,-6.872315424828804
0.7954545454545454,-4.325468978789865
0.7727272727272727,-23.610246629078343
0.7727272727272727,-25.88902869659722
0.7727272727272727,-15.59482049901123
0.8181818181818182,-31.315613526129198
0.7954545454545454,-31.199498490525354
0.7272727272727273,-21.738787454865257
0.7727272727272727,-34.4918636457822
0.7954545454545454,-16.871982298340118
0.75,-8.350712437645434
0.8181818181818182,-32.76292344191896
0.7727272727272727,-29.72610164399904
0.8409090909090909,-31.260856525369675
0.7045454545454546,-12.953657386155804
0.7954545454545454,-31.736043091405175
0.75,-21.735966552428593
0.7954545454545454,-23.099239457943426
0.6818181818181818,-6.64954208081974
0.6818181818181818,-10.69958713249527
0.7045454545454546,3.8187858850862684
0.8181818181818182,-11.560469311858196
0.7045454545454546,-22.707057589425542
0.7727272727272727,-24.394430797249367
0.7272727272727273,-1.4813188839716376
0.75,-33.9359086298203
0.7954545454545454,-14.137546826231416
0.7045454545454546,4.002506231194432
0.75,-29.632295640245857
0.75,-21.407518820894982
0.8181818181818182,-10.78009492143679
0.7727272727272727,-28.690349906345396
0.75,-36.31693542502998
0.75,-17.794267922095113
0.7727272727272727,-21.528592862159865
0.7954545454545454,-29.76241912308708
0.7954545454545454,-33.948577710104104
0.7045454545454546,-14.853011015023565
0.7045454545454546,-7.217373634663388
0.7954545454545454,-33.42105588626265
0.6590909090909091,-5.742366984051302
0.75,-27.888480958684
0.7272727272727273,-9.350415431554616
0.75,-21.5216629427764
0.7272727272727273,-20.425471746221277
0.7272727272727273,-32.07906273468515
0.7272727272727273,-15.57076867260398
0.7045454545454546,3.878869253724933
0.75,-7.219523174512563
0.7727272727272727,-36.33985236769211
0.7272727272727273,-13.756228222082344
0.75,-21.738134800215008
0.7045454545454546,-7.496920528590795
0.7045454545454546,-25.10207742966975
0.8181818181818182,-30.660407150542213
0.7272727272727273,-19.36512781485549
0.7727272727272727,-33.444305840631664
0.75,-34.32152019870366
0.7954545454545454,-5.226818483508964
0.75,-19.383245474426264
0.8181818181818182,-10.405470629330143
0.7045454545454546,-15.037786191012522
0.7727272727272727,-21.13653602464277
0.8181818181818182,-28.0342828885666
0.7272727272727273,-19.023916381508823
0.7272727272727273,-8.612634597818387
0.75,-21.647917641155892
0.7045454545454546,9.461931307684539
0.7272727272727273,-26.413914013634052
0.7727272727272727,-2.046522542186998
0.7727272727272727,4.464936248438968
0.7727272727272727,-12.32161667062566
0.8181818181818182,-38.94664766371441
0.6590909090909091,-18.989560596281645
0.7272727272727273,-1.5581605433113581
0.6818181818181818,-12.090153027655454
0.7954545454545454,-14.950074912251962
0.7272727272727273,-33.516878912197846
0.8409090909090909,-13.275032699687728
0.8181818181818182,-20.642126163134495
0.7045454545454546,-15.176063014938256
0.7045454545454546,7.157611458323084
0.6590909090909091,-17.103573044704373
0.7727272727272727,-8.535288899599335
0.7272727272727273,-19.958165132474896
0.7727272727272727,-24.238634791861674
0.75,-4.508157648784955
0.7045454545454546,1.5761888997683555
0.7727272727272727,-17.42452473751436
0.7954545454545454,-38.717715787712045
0.75,-26.130416662383485
0.8181818181818182,-22.164091914434525
0.7272727272727273,-22.107062873408733
0.6363636363636364,5.0956973628831586
0.7045454545454546,1.118463483250858
0.7727272727272727,-16.29172642603917
0.6818181818181818,2.8450199604362156
0.7272727272727273,-15.461456416202333
0.7272727272727273,-20.22504462170069
0.7272727272727273,-23.167765531165422
0.7954545454545454,-6.157982367019051
0.75,-27.622765357461482
0.7954545454545454,-24.85589798408362
0.7045454545454546,-14.329200194288278
0.7954545454545454,-24.482000739353133
0.7272727272727273,4.221338651608779
0.75,-4.978584943677496
0.7045454545454546,-7.276257731126384
0.75,0.895744237573849
0.7045454545454546,-16.436621230174243
0.75,-25.16563926417323
0.8409090909090909,-23.689213944631884
0.7727272727272727,-24.33341562137765
0.75,-25.5808599357387
0.7954545454545454,-14.728054988861361
0.75,-21.788514315833368
0.8181818181818182,-35.30612337041754
0.7727272727272727,-7.2230632269392405
0.75,-33.32135852657626
0.7045454545454546,-14.02996925021028
0.7272727272727273,-12.769803600965217
0.75,-21.8883927893871
0.7727272727272727,-6.960710125344482
0.7272727272727273,-25.132583497177336
0.75,-10.032206779231622
0.7045454545454546,-13.310774309557132
0.8181818181818182,-32.24729807237438
0.75,12.546709260810376
0.7727272727272727,-19.880180258176903
0.75,-21.749428211971203
0.7727272727272727,-19.188951986640124
0.7045454545454546,8.092545226397414
0.7272727272727273,-6.702618095253945
0.7272727272727273,-1.0882550551911445
0.6818181818181818,1.7770661088460218
0.7045454545454546,16.6014427394637
0.7045454545454546,3.7585546354911656
0.7045454545454546,-2.2668553372676636
0.75,-10.396056266759627
0.7272727272727273,4.833758185886838
0.7045454545454546,-5.192951456409056
0.8636363636363636,-38.169695457197726
0.7727272727272727,-12.915242038912261
0.6818181818181818,-11.528364287812023
0.7954545454545454,-27.712042966716865
0.7045454545454546,4.1399640791302135
0.7272727272727273,-26.69066149246079
0.7045454545454546,-11.798401941249487
0.7727272727272727,-19.073948048014035
0.7272727272727273,-8.409813180480082
0.7272727272727273,2.8143216705413803
0.6818181818181818,9.098085141981027
0.7272727272727273,-14.079432264018108
0.75,-24.69811426951493
0.7045454545454546,-7.299699429113664
0.7954545454545454,-25.310861293006464
0.75,-22.587359250849286
0.7727272727272727,-31.73216881259282
0.6818181818181818,-15.266757590023728
0.75,13.01264584706251
0.7045454545454546,-23.30536406887943
0.8181818181818182,-36.169972518763444
0.7727272727272727,-31.72071848741117
0.75,-11.16820913985429
0.7727272727272727,-26.240519251387294
0.8181818181818182,-34.320921280511364
0.7272727272727273,-19.29352493006618
0.75,-32.0266248436894
0.7272727272727273,-13.515092296688442
0.7272727272727273,-10.956637308221579
0.7727272727272727,-32.44515797205597
0.7727272727272727,-7.441546081101948
0.7045454545454546,-23.67110356107065
0.8181818181818182,-22.044585947989596
0.8181818181818182,6.94457877024159
0.6818181818181818,-12.727384413620785
0.7727272727272727,-33.39169623789908
0.75,-0.45362665109926775
0.7045454545454546,-19.797458888477134
0.6818181818181818,-26.92271417356916
0.75,-24.30162161959913
0.75,-15.188486520330116
0.75,-4.753279936088396
0.75,-18.423409339138995
0.7272727272727273,-7.542558118068953
0.6818181818181818,-20.180045750195653
0.75,-33.3587756033848
0.7045454545454546,-11.645601590156485
0.7954545454545454,-19.582619581275406
0.75,-22.6517284139311
0.7954545454545454,-36.074549063186105
0.7727272727272727,-27.025115838822078
0.6590909090909091,-2.243041218314272
0.7727272727272727,-11.964192991757487
0.7272727272727273,-22.679301032371335
0.7727272727272727,-10.58546308013303
0.8181818181818182,-9.991873473514827
0.7272727272727273,-17.83292701492654
0.7045454545454546,-27.79213661764328
0.7272727272727273,-3.9141617645356948
0.7272727272727273,-1.7474985617955967
0.75,-26.6334146314774
0.75,-27.883997156097863
0.7954545454545454,-16.274321843858083
0.7954545454545454,-38.06530554637683
0.7954545454545454,-22.13129301327153
0.7045454545454546,-13.095739366493284
0.7954545454545454,-18.01005257745068
0.7954545454545454,-26.853241052533154
0.7954545454545454,-19.051617604045934
0.7727272727272727,-5.876292931124943
0.7045454545454546,-21.825218656622635
0.7272727272727273,7.178655432735638
0.75,-23.308505055490993
0.7045454545454546,-17.515774183055466
0.8409090909090909,-41.849450151854725
0.7045454545454546,-20.306295884673027
0.7272727272727273,-16.05827626434784
0.6818181818181818,-11.70274009541023
0.75,-24.105712377367887
0.7727272727272727,-29.08096778471543
0.6590909090909091,-10.871319072019757
0.75,-20.29360381368829
0.6818181818181818,-17.36397495953185
0.7272727272727273,-24.189183068341016
0.7727272727272727,-24.691290430262153
0.7272727272727273,-22.954654111924672
0.8181818181818182,-37.22748165901415
0.7272727272727273,-24.96348747544657
0.75,-26.990955101222163
0.6590909090909091,1.424060011652965
0.7727272727272727,-13.381334074587928
0.75,-18.176319804935055
0.7954545454545454,19.122666786786617
0.6818181818181818,-4.435442920157592
0.7272727272727273,-25.015874143422764
0.7272727272727273,-10.475626396798669
0.7727272727272727,-22.843213075659452
0.8181818181818182,-34.51889747401827
0.7727272727272727,-2.5383796746419764
0.75,-21.43821646947538
0.7727272727272727,-7.972110462531077
0.75,-25.846114330461816
0.75,-20.369150210878036
0.7727272727272727,-22.97831566204533
0.7272727272727273,-0.2700191243081662
0.7954545454545454,-17.04249818645052
0.8181818181818182,-9.382329629095986
0.75,-15.29861548331907
0.75,-20.942669972453597
0.7272727272727273,2.9660139690906893
0.6818181818181818,-14.8407809461667
0.7727272727272727,-27.602291067099955
0.7045454545454546,6.413151599027066
0.7954545454545454,-16.338474465496834
0.7045454545454546,-13.58326613422989
0.75,-17.52448696177208
0.75,20.41971257886553
0.6818181818181818,-10.379398325041697
0.7727272727272727,-23.193238433105265
0.7272727272727273,-18.230228260699402
0.6818181818181818,-12.94581856855574
0.75,-25.287255925765326
0.6590909090909091,-21.5304948730566
0.6818181818181818,-10.96470132140555
0.7727272727272727,-8.386957159859758
0.75,-27.881593841222763
0.7727272727272727,-31.550488222188097
0.75,-14.105550341581191
0.7954545454545454,-27.90224566065708
0.75,-10.8540261632173
0.7272727272727273,5.906355450697363
0.7727272727272727,-18.326423496489337
0.7045454545454546,-8.945231035645996
0.7954545454545454,-17.820817749284185
0.7727272727272727,-35.582868707475434
0.75,-23.80918709693913
0.6363636363636364,-7.196617248786973
0.75,-34.709528808057954
0.7954545454545454,-43.22003624013654
0.7954545454545454,-28.58721377425162
0.6818181818181818,-16.02744096965835
0.75,-20.21583199767605
0.75,-11.20570798179463
0.6818181818181818,-26.518931533889532
0.8181818181818182,-27.795426091815504
0.75,-0.041898141841149664
0.75,-9.933193599989604
0.7954545454545454,-34.91283683265797
0.6590909090909091,-24.302138812490554
0.8181818181818182,-25.959500013874514
0.75,-26.385541572985968
0.7727272727272727,-8.769938950520952
0.7045454545454546,-8.704021260570427
0.8181818181818182,-14.062858358421783
0.7045454545454546,23.010706412973686
0.7272727272727273,-25.442109008039953
0.6590909090909091,-13.833932055953646
0.7954545454545454,-29.8986496111324
0.7272727272727273,-12.195895445799737
0.7272727272727273,-22.56286203872215
0.7045454545454546,-1.7498595743324266
0.7954545454545454,-12.769929344808729
0.7727272727272727,-17.942682898011864
0.7272727272727273,-23.125248131631487
0.7272727272727273,-25.641638126484693
0.75,-6.687148598909179
0.75,-1.7130386820895784
0.7045454545454546,-1.3056843371515716
0.6590909090909091,1.1733074651019955
0.7045454545454546,0.8199935650632029
0.7045454545454546,-17.39041740457932
0.6590909090909091,-23.4728012956895
0.7272727272727273,-19.019105490148
0.6818181818181818,-14.381843382792253
0.75,-28.70547307703541
0.7045454545454546,-5.594578050147727
0.7272727272727273,-18.25209135904652
0.8181818181818182,-32.72873869331076
0.7954545454545454,-27.341495328756448
0.6818181818181818,-14.278041572515878
0.7727272727272727,-28.270196237709385
0.7727272727272727,-18.650976261565162
0.7727272727272727,-24.581780770143133
0.7727272727272727,-1.5172078613092155
0.6818181818181818,-1.438644968980302
0.7727272727272727,-23.735231456685895
0.75,-14.390258119201953
0.7954545454545454,-23.319197634346764
0.7272727272727273,-31.03669481179062
0.7954545454545454,-36.615432263868485
0.75,-20.65947533563409
0.75,-20.63123034358135
0.75,-14.79132989949719
0.7727272727272727,-25.333381371736177
0.8409090909090909,-27.80913327282603
0.7045454545454546,0.7003544363415105
0.7045454545454546,3.4402914197555585
0.7727272727272727,-28.289382701099246
0.7272727272727273,-8.179449624559494
0.75,4.025132054434369
0.7045454545454546,-21.2147095013388
0.75,-29.272922985327533
0.7727272727272727,-22.925741299099936
0.7272727272727273,-26.93566998629606
0.75,-15.442176715078205
0.7954545454545454,-34.4258882693306
0.75,-23.133551187413754
0.8181818181818182,-27.12402822118903
0.75,-22.235775611236473
0.7272727272727273,-14.961512812528381
0.75,-29.585394776577402
0.6818181818181818,-0.43440417875262677
0.7727272727272727,-25.595476474006624
0.7954545454545454,-21.021946103054546
0.7272727272727273,-9.05890075894242
0.7272727272727273,-19.915818543717567
0.6363636363636364,-20.036175500125868
0.75,4.858467251648496
0.6363636363636364,-22.028171367742186
0.7272727272727273,-4.659146861229943
0.7272727272727273,2.718682628924512
0.8409090909090909,-39.84513309396742
0.7045454545454546,14.5255035264923
0.75,-34.48322712675784
0.7272727272727273,-27.751070643243114
0.7272727272727273,-14.242157930704808
0.6818181818181818,3.6688429860182197
0.7954545454545454,-22.05511652170458
0.7954545454545454,-26.99109719709185
0.7272727272727273,-16.212028519472593
0.6818181818181818,-27.505226855713214
0.6818181818181818,-4.7414635615335925
0.7045454545454546,-18.456059490763145
0.7045454545454546,-6.002779682400457
0.7272727272727273,-32.44430996087566
0.7727272727272727,-20.840434620014317
0.8409090909090909,-26.428226681914335
0.7954545454545454,-28.098028440343015
0.6818181818181818,8.406780873640303
0.7272727272727273,-15.054434422517925
0.75,5.4735870969187665
0.8636363636363636,-35.0734472937423
0.7954545454545454,-18.488146294944517
0.75,-16.55585721003622
0.75,-31.627689186619545
0.7727272727272727,4.309628097188903
0.7272727272727273,-10.5214484229116
0.7727272727272727,-3.013825142389767
0.6818181818181818,-5.440026444570097
0.7272727272727273,-19.419862512985844
0.75,-17.496394943051698
0.6363636363636364,-23.1644478536017
0.8181818181818182,-29.073698708389646
0.75,-23.130097420595476
0.6818181818181818,-15.666440982953857
0.6818181818181818,-25.347376994290222
0.6818181818181818,-18.088804919539964
0.7727272727272727,-23.666450371892452
0.6818181818181818,-13.426444505546293
0.7272727272727273,-19.186291093211437
0.8409090909090909,-16.007953787093445
0.7272727272727273,-23.82092118572244
0.7727272727272727,-32.19951709618528
0.7727272727272727,-26.01243918403948
0.7045454545454546,-5.580052133687201
0.75,-25.082176529726794
0.7272727272727273,-6.170019522069897
0.6818181818181818,-4.23259672274307
0.7272727272727273,-4.585461979884448
0.7272727272727273,-2.747083078575837
0.7727272727272727,-10.868410463281965
0.75,-27.34741871243474
0.7045454545454546,-26.12366683387162
0.7272727272727273,-12.427941048886394
0.75,-10.750600835257396
0.6818181818181818,-15.699910986991915
0.7727272727272727,-27.212716235464686
0.7045454545454546,-0.4347086553350401
0.75,-24.14602977206275
0.7272727272727273,-11.622320756390236
0.7727272727272727,-4.88235387758746
0.7045454545454546,-0.259126159082294
0.7727272727272727,-17.136118444610045
0.7727272727272727,-28.30852899564213
0.7727272727272727,-16.600457211457414
0.75,-28.422105452917616
0.7727272727272727,-26.252021608520526
0.75,-36.67058179370546
0.6818181818181818,-11.094600748671802
0.75,-26.894011719018227
0.7727272727272727,-9.236575748856561
0.7727272727272727,-28.799233148011435
0.7727272727272727,-19.556195296408134
0.7727272727272727,-20.807542272746474
0.8409090909090909,-33.35362400762713
0.7727272727272727,-24.487747551799114
0.7045454545454546,2.5397131706011904
0.7727272727272727,-20.715124603854438
0.7954545454545454,-23.645467697928908
0.8181818181818182,-25.657503413105623
0.7727272727272727,-22.492196848835235
0.8409090909090909,-15.134458223424899
0.75,-26.883580070544255
0.7272727272727273,-25.523507322450612
0.75,-18.707322210737818
0.6363636363636364,-0.03158262547194888
0.7045454545454546,-28.308989690624877
0.7954545454545454,-35.06315067799946
0.75,-23.296356045458847
0.7727272727272727,-29.55133593365357
0.7727272727272727,-16.8704529673318
0.7727272727272727,-27.092563113852393
0.6818181818181818,-1.27933817114771
0.7727272727272727,1.4342150841959636
0.7727272727272727,3.9604641447596394
0.7727272727272727,-16.636426442209533
0.75,-24.367934626326555
0.7272727272727273,-27.12876482129235
0.7045454545454546,9.646051575684464
0.7954545454545454,-25.190099607947364
0.8636363636363636,-35.179746326469385
0.75,-11.89370136381943
0.8181818181818182,-11.437910033466071
0.7727272727272727,-17.213271158952118
0.75,-32.77835198228297
0.7954545454545454,-31.094463936836938
0.75,0.7666996426684789
0.7045454545454546,-28.09219633928527
0.7045454545454546,-15.92222085380884
0.7272727272727273,-14.791229109364322
0.7045454545454546,-18.876407048250726
0.7954545454545454,-26.770242068951685
0.7272727272727273,-15.816745756164465
0.7727272727272727,-26.654715394883326
0.7272727272727273,-28.58171323729402
0.7045454545454546,-6.4252923272400775
0.7272727272727273,14.300466518231458
0.75,-24.188714906505542
0.7954545454545454,-28.397939720121375
0.7954545454545454,-20.629891781795497
0.75,4.853537657775238
0.7272727272727273,-8.415839986283148
0.6363636363636364,2.258070391768047
0.7727272727272727,-24.167664280524352
0.75,-11.021701122833436
0.7045454545454546,-2.8500814394315537
0.7727272727272727,-23.802354961482617
0.7045454545454546,-32.81806460071754
0.7272727272727273,-24.154930908290307
0.7272727272727273,-0.23728025186523122
0.7727272727272727,-7.582927879816734
0.7045454545454546,-16.3046665208303
0.7045454545454546,-21.495443561047452
0.75,-28.665442152350966
0.75,-9.369362232137393
0.7272727272727273,-24.428090309477614
0.6818181818181818,-10.225566989842
0.7045454545454546,-3.2934712714809535
0.7954545454545454,-27.48456906732591
0.7727272727272727,-19.521604204431924
0.7272727272727273,-15.954454918594912
0.6818181818181818,-10.073707446966559
0.8181818181818182,-19.387001940704504
0.7045454545454546,18.482874403493224
0.6818181818181818,0.06932159273581946
0.7045454545454546,-29.79395999263221
0.6590909090909091,3.014461170578045
0.75,-26.185996343447826
0.6363636363636364,-28.52327720838629
0.75,-25.164398954154855
0.7727272727272727,-32.102432675807215
0.75,7.541194783075133
0.7272727272727273,-27.830975228243506
0.75,-1.928939008568782
0.75,-18.906472961026438
0.7272727272727273,-12.31605465437487
0.75,-25.4714721188496
0.7727272727272727,-25.01087015423928
0.7272727272727273,-13.897112294600953
0.7727272727272727,-30.86988036976887
0.7272727272727273,-26.031504104459987
0.6818181818181818,-5.2582180813005115
0.7045454545454546,-27.21757611341362
0.7272727272727273,1.9733796152536989
0.7727272727272727,-2.9494457506101743
0.7727272727272727,-29.95202601435644
0.7272727272727273,-15.14120036306801
0.7045454545454546,-13.349899222342687
0.8181818181818182,-7.543489081588448
0.7045454545454546,-6.967042848941949
0.8181818181818182,-22.941919998216076
0.75,1.8820508199271522
0.7272727272727273,-22.628382378396605
0.7272727272727273,-16.903423710418075
0.75,-32.28854647136654
0.7272727272727273,-30.949658324540277
0.8181818181818182,-26.600852453858298
0.7727272727272727,-22.713302666822837
0.7727272727272727,-21.754575702324015
0.7954545454545454,-18.420182864616805
0.7727272727272727,-19.379285136836106
0.75,-23.09060520616868
0.7045454545454546,-21.449433458628594
0.6818181818181818,-15.57572649825429
0.75,-29.49389293233638
0.7272727272727273,-11.194092862673862
0.75,-27.589216785161753
0.6818181818181818,-15.393042898160207
0.7727272727272727,-28.966606780111704
0.75,-31.250404155269237
0.7954545454545454,-20.43895311551931
0.75,-29.405163449904254
0.6818181818181818,-3.369853115739103
0.75,-25.911680787381453
0.75,-9.029125375286768
0.7272727272727273,-2.1243361939674914
0.7272727272727273,-26.13563961780695
0.8181818181818182,-24.913739104388757
0.7954545454545454,-11.966131222241266
0.75,-17.755663822600223
0.75,-13.876004285821667
0.7272727272727273,-0.9668312507367308
0.7727272727272727,-11.106284698605778
0.8863636363636364,-35.1980849741758
0.7045454545454546,-20.06127300624536
0.8636363636363636,-21.156023952487935
0.6818181818181818,-10.39094932322269
0.75,-19.03476671547357
0.7272727272727273,-36.22061675082918
0.7954545454545454,-29.778581984279946
0.7727272727272727,-6.5229288867127115
0.7045454545454546,-13.088436437253522
0.8181818181818182,-30.30088111734066
0.7272727272727273,-31.585067748267683
0.7954545454545454,-20.736262996097704
0.7045454545454546,-4.863011531992118
0.7954545454545454,-21.92796522613447
0.7272727272727273,-9.637124005092438
0.75,-8.400553815950813
0.7272727272727273,-26.187713235769532
0.7727272727272727,-16.850271231957926
0.8636363636363636,-27.494158896338966
0.7954545454545454,4.977392136954001
0.7045454545454546,-2.7706896758520143
0.7954545454545454,-25.53701177735473
0.7954545454545454,-11.562733308698572
0.7954545454545454,-25.704222920254338
0.75,-10.759987448639855
0.7272727272727273,-17.952502327511755
0.75,-10.942825617139611
0.8181818181818182,-31.48312315444775
0.7045454545454546,-14.58414300123174
0.7954545454545454,-29.018118250747083
0.75,-12.453439429543193
0.8181818181818182,-22.009564698520897
0.75,-22.61479964310939
0.6818181818181818,-12.382059146444902
0.7954545454545454,-8.238357840727764
0.7954545454545454,-26.12105866124316
0.7272727272727273,-23.712747015478502
0.75,-9.425916126846188
0.7272727272727273,-15.727259502395372
0.7727272727272727,-29.58259044662458
0.75,-9.776515974888445
0.7045454545454546,-16.110584329865272
0.8181818181818182,-28.14623638751988
0.75,-37.85508617262443
0.7727272727272727,-3.854667104809451
0.7272727272727273,-18.331374674862968
0.7272727272727273,-17.287458931562877
0.7272727272727273,-23.13015556978311
0.7045454545454546,3.2419971395226086
0.6590909090909091,-5.179035480417598
0.75,-9.507588830054411
0.7045454545454546,-20.539934514888568
0.7727272727272727,-15.6774869838155
0.75,-18.39845719926763
0.75,-7.135827754283869
0.8181818181818182,-36.66440447855545
0.7272727272727273,-11.443486946000084
0.7272727272727273,-28.671437082937317
0.75,-3.856646722696062
0.7954545454545454,-6.874409813977973
0.7727272727272727,-16.767826360982625
0.75,-24.12684710862187
0.7045454545454546,-11.266933445894491
0.7272727272727273,-20.087886934736808
0.75,-25.521769561693226
0.8181818181818182,-25.111895717722447
0.6818181818181818,-15.18650974772567
0.7727272727272727,-20.647012171536378
0.7272727272727273,-26.231799339711344
0.7727272727272727,-26.81923955791425
0.7272727272727273,-17.17213598138845
0.75,4.069820254638646
0.7272727272727273,-32.61436027111716
0.75,-19.952473741653588
0.6136363636363636,-15.560394081040364
0.8409090909090909,-23.709457552408878
0.7727272727272727,-7.594064950091944
0.8636363636363636,-15.51831498580074
0.7272727272727273,-27.382885289955322
0.8636363636363636,-6.249854528784493
0.7272727272727273,1.3474551702753994
0.7954545454545454,-6.723694558430494
0.8181818181818182,-35.14586511575064
0.75,-7.040031906692897
0.7727272727272727,-6.743965450750792
0.7045454545454546,-19.48050645498789
0.7272727272727273,7.74481945917291
0.7727272727272727,3.8017984961292384
0.6818181818181818,-15.1481958161174
0.6818181818181818,-21.060272819537797
0.7954545454545454,-19.03729898901056
0.7727272727272727,-26.311517530315417
0.7045454545454546,-20.150837492391137
0.75,-16.636236161169276
0.6818181818181818,2.903844367776021
0.7045454545454546,-21.175157007342985
0.7272727272727273,-29.971503983009303
0.7954545454545454,-21.820384906317752
0.7954545454545454,-10.063546347996196
0.75,-26.938890810861334
0.75,9.482249491003827
0.7272727272727273,-17.87725910208996
0.7727272727272727,-27.56083026823435
0.7954545454545454,-36.144710028195725
0.75,-0.22556500144271396
0.7272727272727273,-14.895275175990749
0.7045454545454546,-5.558696656830917
0.7727272727272727,-14.865699659794917
0.6818181818181818,-24.768584651250205
0.75,-24.24399015180708
0.7272727272727273,-15.707953761853538
0.7272727272727273,-25.10353000963854
0.7272727272727273,-13.292154660961076
0.75,-18.234912222382487
0.75,-16.73212524443646
0.7045454545454546,-16.59012194169195
0.7727272727272727,-31.49617699552339
0.6818181818181818,-21.96009979691498
0.7272727272727273,-29.55405492164532
0.6818181818181818,-20.550524771133293
0.7272727272727273,-15.778465986242141
0.7272727272727273,-6.401822046171654
0.75,-36.56430718078651
0.8409090909090909,-33.51123263294045
0.7727272727272727,-24.667747534742478
0.7727272727272727,-34.839270066502394
0.7045454545454546,-3.60832897119189
0.8636363636363636,-17.696019958908206
0.7272727272727273,-24.777051976505003
0.7954545454545454,-31.53943944476603
0.7727272727272727,-3.966080552512223
0.7272727272727273,-11.549152311314318
0.7272727272727273,-16.498362305213696
0.7272727272727273,-4.293821573241055
0.75,-19.875651480390143
0.6818181818181818,-13.100749309694566
0.75,-6.9696663478981975
0.8409090909090909,-39.95315576579864
0.7727272727272727,-29.368903026715238
0.6818181818181818,-13.650747223108903
0.8181818181818182,-42.28744855592137
0.75,-6.218986711657984
0.8409090909090909,-35.50664484337067
0.6818181818181818,-6.441240958079163
0.6818181818181818,16.690116879466856
0.6818181818181818,-3.71866765359737
0.75,-4.521941870958233
0.7727272727272727,-18.075838217446858
0.7272727272727273,1.939737285297194
0.7272727272727273,-12.098581798475209
0.7272727272727273,-27.633218336805854
0.7954545454545454,-24.361699947980195
0.75,-22.14719039366189
0.6590909090909091,-18.44306428987909
0.7272727272727273,-23.618186037475677
0.75,-24.480433106246338
0.6818181818181818,6.451359900228756
0.7272727272727273,-24.002067036125137
0.7272727272727273,-2.438110745828395
0.7954545454545454,3.8458733314508042
0.7954545454545454,-31.58439050417517
0.7272727272727273,-23.725272119988585
0.7727272727272727,-27.07260927661141
0.7272727272727273,5.653452741278444
0.7045454545454546,-18.403662177766797
0.7045454545454546,5.647086905137184
0.7727272727272727,-4.897582514209161
0.7727272727272727,-30.548207053050273
0.8636363636363636,-44.231629877110784
0.6818181818181818,2.8905711792596374
0.7045454545454546,-19.494543621502594
0.7045454545454546,-26.235616710553696
0.75,-27.17529240496673
0.8181818181818182,-24.71364758366295
0.7045454545454546,-19.916800361737874
0.75,-30.458776299565695
0.7954545454545454,-24.200401952659206
0.7272727272727273,-0.9953105941288688
0.7727272727272727,-21.13628399097516
0.7727272727272727,-29.791762134205726
0.7272727272727273,-17.90963636044178
0.7727272727272727,-28.766186614701482
0.7045454545454546,-26.406164341685656
0.7272727272727273,-22.94731775531047
0.7954545454545454,-32.17876112177523
0.6818181818181818,-3.889704316338342
0.75,-28.13097680309968
0.75,-12.24663902523775
0.75,-15.759920829432934
0.75,-0.3565560234938642
0.7727272727272727,-20.240530471138825
0.7727272727272727,-20.078489144399647
0.7727272727272727,-30.73359146396621
0.7045454545454546,-20.35855825379043
0.7727272727272727,-36.697562902109155
0.7272727272727273,-15.326181914255672
0.7045454545454546,-14.757525168138988
0.7272727272727273,3.4826246832247834
0.75,-5.66183530794996
0.75,-27.176744262453596
0.7727272727272727,-36.17008041694794
0.7272727272727273,-25.988504915464492
0.7045454545454546,-2.893504659972223
0.7727272727272727,-28.996231143335685
0.6818181818181818,1.085441796563125
0.75,-26.556796879652754
0.7272727272727273,-32.93552156866179
0.7272727272727273,-6.463373961272615
0.7272727272727273,-9.377169657752857
0.6818181818181818,-15.447775336194804
0.7954545454545454,-26.051066135080237
0.75,-29.17145302316989
0.7272727272727273,-20.246967278974616
0.7727272727272727,-27.196995406228776
0.7272727272727273,-25.08922653000113
0.7954545454545454,-24.8730453946783
0.6818181818181818,5.758948387268702
0.7272727272727273,-18.27286293368128
0.7045454545454546,-21.418661640018517
0.8409090909090909,-29.511238318893604
0.75,-19.89360028574737
0.7272727272727273,-6.2456134428653804
0.75,-16.04488205142702
0.7272727272727273,-25.787596681338893
0.7045454545454546,-9.560472723453653
0.7727272727272727,-27.313036280266786
0.6590909090909091,12.236688323129526
0.6590909090909091,23.441826392813322
0.8409090909090909,-31.38303559547485
0.6818181818181818,-11.372035156340589
0.6818181818181818,-12.947926703631738
0.7272727272727273,-30.355038499366263
0.7272727272727273,-22.236158482212183
0.75,-26.055472472711504
0.75,-12.965010237446092
0.8409090909090909,-20.4007031420928
0.7045454545454546,-11.031372242132102
0.7272727272727273,-12.183050160088966
0.6818181818181818,-18.482881058374208
0.8181818181818182,-23.066212622641153
0.7272727272727273,-6.811243611509073
0.6818181818181818,3.9627223576740462
0.75,-15.967825741364079
0.8409090909090909,-28.678164519972555
0.8409090909090909,-31.403176634166
0.8181818181818182,-25.32817714145227
0.7272727272727273,-17.390889353428904
0.7045454545454546,-28.50015430626763
0.7272727272727273,-21.070734963782275
0.75,-21.720324482755256
0.7954545454545454,-23.231435361123655
0.7954545454545454,-27.416342080151455
0.7727272727272727,-22.27128410515584
0.7727272727272727,-21.044797639087562
0.7272727272727273,-20.406247943291195
0.75,-22.78094525483308
0.7727272727272727,1.091437640024804
0.8181818181818182,-12.005339742553014
0.75,-9.028178802666577
0.7272727272727273,-19.908646464122764
0.7272727272727273,-6.330476208394347
0.7727272727272727,-6.167932656551233
0.7045454545454546,-22.501829863704664
0.7045454545454546,-19.744563021524304
0.7727272727272727,-10.882986483221428
0.7727272727272727,-3.7200193291214756
0.75,-36.740735914553824
0.7045454545454546,1.619268347294363
0.75,-30.08147594601569
0.7045454545454546,10.134069500611908
0.7727272727272727,-30.297631318154618
0.8409090909090909,-40.28583241457885
0.7954545454545454,-24.173713459620526
0.75,-12.319018665259245
0.7727272727272727,-18.597283670919253
0.7954545454545454,-5.58891453786343
0.75,-1.753745950428165
0.8409090909090909,-28.09637452719634
0.75,-30.424077219156104
0.7272727272727273,-8.243746151896442
0.7727272727272727,-37.067061445144795
0.75,-18.109090448916433
0.6818181818181818,1.7487826167914213
0.75,-21.026397426002394
0.8636363636363636,-36.4416021339858
0.7727272727272727,-15.531859027104856
0.7045454545454546,-7.991056574745337
0.7272727272727273,-12.776998294686575
0.7272727272727273,-23.5250967886876
0.8181818181818182,-36.92499400740071
0.7272727272727273,-11.794137415400572
0.8409090909090909,-29.26170179602134
0.75,-31.40218662592314
0.6818181818181818,-0.5471207398764335
0.7954545454545454,-37.78214787430864
0.75,-8.312702294702499
0.7954545454545454,-29.199539001570372
0.8181818181818182,-17.607898973051892
0.75,-17.39009054335077
0.7954545454545454,-30.405994829376482
0.75,12.777225256451912
0.75,-22.469761272827387
0.8181818181818182,-26.725497272635128
0.7727272727272727,-33.26420509437019
0.8181818181818182,-28.905294128071795
0.6818181818181818,-10.276049394248371
0.7045454545454546,-10.445140116530249
0.7272727272727273,-8.783114370757989
0.7045454545454546,-12.78248848304354
0.7272727272727273,-22.54778103867196
0.7727272727272727,4.20888171810259
0.7727272727272727,-19.223165765648783
0.7272727272727273,-6.151168158730292
0.7045454545454546,-2.365423810798939
0.7727272727272727,-20.887429546625587
0.7045454545454546,-8.953663928500136
0.6818181818181818,6.83826846333888
0.7045454545454546,22.504476539886625
0.75,-18.542806462949283
0.8181818181818182,1.9795187501215101
0.7727272727272727,-23.44528882225785
0.7954545454545454,-37.3352955751616
0.7045454545454546,3.087548720596969
0.8409090909090909,-28.730946724420633
0.7272727272727273,-11.289865174660626
0.6590909090909091,-12.334768430402823
0.75,-22.28081913119713
0.7727272727272727,-11.332529598079764
0.7727272727272727,-27.529465207044453
0.75,-19.62816292742106
0.7272727272727273,-13.525027311433314
0.7045454545454546,-13.366865117510349
0.7045454545454546,10.21592742682243
0.7727272727272727,-26.711745549458314
0.6818181818181818,-19.022829058208497
0.6818181818181818,-2.7200759466695814
0.7727272727272727,-19.440876187516054
0.7045454545454546,-3.8295155010536153
0.7045454545454546,-1.659912624688368
0.8636363636363636,-34.833626654982716
0.7272727272727273,-5.7750775879559155
0.6818181818181818,-12.486564179975739
0.7954545454545454,-23.258729568247563
0.7727272727272727,-26.577505607346314
0.75,-27.95738365906576
0.7727272727272727,-15.27735472172633
0.7272727272727273,-7.3849784066200215
0.75,-14.424354599641571
0.75,-7.371182409510606
0.7727272727272727,-13.409467369236308
0.75,-31.103660726224565
0.75,-9.09640348114231
0.7272727272727273,-25.617846989975178
0.8181818181818182,-16.379693312159393
0.75,7.596852996322079
0.7045454545454546,0.23642170460460932
0.7045454545454546,-10.733310957802894
0.7272727272727273,2.979217089685711
0.7727272727272727,-12.195782533958557
0.7045454545454546,-22.906563625105154
0.7727272727272727,-28.786500409081864
0.75,-10.629341905542287
0.7272727272727273,-22.95731611307135
0.7954545454545454,-21.157530195351118
0.75,-9.80821910261808
0.7954545454545454,-32.12039000554465
0.75,-3.906585694022593
0.6818181818181818,-10.569851521127726
0.7272727272727273,-23.477339757624225
0.7727272727272727,-16.829846593790762
0.7045454545454546,-6.268798878185908
0.8181818181818182,-11.425793885321967
0.7045454545454546,-27.906849290896638
0.75,-35.762549371553945
0.7954545454545454,-25.04642238914815
0.7045454545454546,-10.29255916238125
0.7272727272727273,-22.829841530651475
0.8181818181818182,-16.93483346332323
0.7272727272727273,-20.662554526275905
0.6590909090909091,-20.80765153476808
0.7954545454545454,-3.4675386315425083
0.7727272727272727,-28.872385408058395
0.7954545454545454,-20.470973972902854
0.7954545454545454,-10.76580805764918
0.7045454545454546,-7.1587202764502615
0.7954545454545454,-26.77785264261017
0.75,-20.536079699381187
0.75,-1.7265166775402603
0.7272727272727273,-17.519471897396315
0.7727272727272727,-16.506351115962286
0.7045454545454546,4.3712636621842345
0.7727272727272727,-21.37957060687895
0.7045454545454546,-7.8441167382082115
0.75,-16.023751080674597
0.7727272727272727,-27.997933704258006
0.7045454545454546,-24.89895551186273
0.6590909090909091,0.6754758751151445
0.7045454545454546,-27.694288783674452
0.7727272727272727,-24.159805831232504
0.75,-17.204418296274245
0.7727272727272727,-15.020306624480117
0.7272727272727273,-15.508650788680365
0.7727272727272727,-21.769033807285066
0.7272727272727273,-25.59844493136184
0.7045454545454546,-16.55012760221627
0.7954545454545454,-12.819509437280916
0.75,-25.281635475449367
0.7272727272727273,-14.233704535140483
0.6818181818181818,-13.563538970248937
0.7045454545454546,-19.421971609381828
0.7954545454545454,-14.515865404367213
0.6818181818181818,5.394205926194146
0.7272727272727273,3.9311782907001613
0.75,-26.00763584236462
0.7045454545454546,11.395674978029312
0.7045454545454546,2.725746652761882
0.7954545454545454,-35.74631415525851
0.8409090909090909,-14.690986324836382
0.7954545454545454,-30.142111120083925
0.75,-27.212137397080514
0.7954545454545454,-6.089169919278867
0.7045454545454546,-7.528967208807301
0.7045454545454546,-27.22523364508443
0.7727272727272727,-30.21272427756271
0.7272727272727273,-6.6423722840971235
0.7954545454545454,-6.598232726147284
0.8409090909090909,-34.29497063155139
0.7727272727272727,-19.80693202338654
0.8181818181818182,-35.796244799239695
0.7045454545454546,-11.19400009679447
0.75,-27.841139371939153
0.75,2.0012562254096933
0.7272727272727273,-19.074569276808504
0.7727272727272727,-26.269602992719864
0.75,-23.595245209326766
0.7045454545454546,-20.229863381028444
0.7272727272727273,-9.824612081968537
0.7272727272727273,-18.04066409887225
0.7727272727272727,-8.042017504310568
0.6363636363636364,-14.444563723117737
0.7272727272727273,3.2421827408528654
0.6590909090909091,11.157346798412169
0.7045454545454546,-13.59580750625347
0.75,-27.958136576000392
0.75,-14.990377716331972
0.8409090909090909,-5.444862020750701
0.7272727272727273,-5.212356158858085
0.7272727272727273,-24.624990569479987
0.7045454545454546,1.4518031636398996
0.8181818181818182,-33.624871672442424
0.6818181818181818,8.889994670371612
0.75,-21.300084374447493
0.7727272727272727,-16.044189556586492
0.7045454545454546,-10.237864063823542
0.7045454545454546,-3.8698299054867418
0.7272727272727273,-13.115198584646594
0.7727272727272727,-24.266563342284858
0.6818181818181818,0.2727818581802769
0.7727272727272727,-3.8280010965467994
0.7727272727272727,-25.762045093377548
0.7045454545454546,0.42800534037156945
0.6818181818181818,-17.29197891126032
0.6818181818181818,-23.90753970547096
0.6590909090909091,7.3421395113351595
0.7272727272727273,-25.424879700896227
0.7727272727272727,-28.18795025769325
0.6818181818181818,0.979683090577381
0.6818181818181818,-10.051538461370662
0.7727272727272727,-13.195346926160816
0.75,-7.968359813512202
0.7045454545454546,-3.2578853528932568
0.7272727272727273,-28.548771912755182
0.75,-30.64157139638384
0.7954545454545454,-39.2103448950188
0.7954545454545454,-12.351780184153135
0.6818181818181818,-6.006592552653263
0.7045454545454546,-18.24995436938055
0.6363636363636364,-10.953265832623213
0.7045454545454546,0.9558474871842322
0.75,-16.055256359015623
0.7954545454545454,-24.296422490513336
0.75,-12.684451727036304
0.6818181818181818,-24.337223379497004
0.7045454545454546,-15.408860879976828
0.75,-5.701583649080723
0.7954545454545454,-7.2370585702115795
0.7727272727272727,-21.942516444985323
0.7954545454545454,-22.50557139267465
0.7045454545454546,-12.097523538404282
0.7954545454545454,-18.277396215523453
0.7727272727272727,-15.21847526170494
0.7045454545454546,-16.462096854914567
0.7727272727272727,-27.952783995143644
0.7727272727272727,-21.85791996215432
0.75,-24.420313509387128
0.7954545454545454,-22.32087225482617
0.7727272727272727,-27.139447682014318
0.75,-14.055495316847852
0.75,-13.311914571143314
0.7045454545454546,-21.02888161876392
0.7272727272727273,-15.416138943940465
0.75,-24.24991728377779
0.6818181818181818,0.827693835998721
0.75,-15.074089630773802
0.7045454545454546,-15.916726691725552
0.75,-10.057773873768308
0.7045454545454546,0.6043059059088126
0.8181818181818182,-27.117923616126166
0.7727272727272727,-29.044425546747163
0.6818181818181818,-27.366776993121245
0.7954545454545454,-36.16138001737725
0.6818181818181818,-16.762266061946946
0.7045454545454546,-21.000573905156354
0.8409090909090909,-29.23455802483345
0.8409090909090909,-17.73349986130404
0.7272727272727273,-6.5885765948166375
0.7272727272727273,-12.349868618761844
0.75,-26.843257792117775
0.7272727272727273,-22.427682776659257
0.7272727272727273,-21.13754893522427
0.8181818181818182,-15.249691268396377
0.6818181818181818,-20.130958462345586
0.6818181818181818,-19.857895437034383
0.7045454545454546,-27.210298769734973
0.7727272727272727,-11.942907317525185
0.8181818181818182,-17.765194876718876
0.7272727272727273,-9.028424612202285
0.7272727272727273,-9.42446598146563
0.7272727272727273,-14.927622511516061
0.75,-20.64620017027732
0.6818181818181818,-5.936223874870217
0.7727272727272727,-30.619545004349742
0.8181818181818182,-34.94382255039196
0.7727272727272727,-31.37179429074987
0.8181818181818182,-29.33711901680018
0.75,-5.219969315315876
0.6818181818181818,-1.699713671540102
0.7272727272727273,4.816668158904321
0.7272727272727273,2.2069259656674975
0.7954545454545454,-16.967194717265645
0.7727272727272727,-33.533678926728406
0.7272727272727273,-17.261103062722782
0.7727272727272727,-22.065113853059163
0.7727272727272727,-26.50045985227999
0.7272727272727273,-12.828267537118139
0.7045454545454546,-9.529462347824177
0.7045454545454546,-10.633374785260601
0.6818181818181818,-8.12474254326819
0.7045454545454546,-17.063651514994056
0.7727272727272727,-24.88605886519989
0.75,5.588083630576732
0.6818181818181818,-14.359221615436388
0.7045454545454546,-12.685378263095656
0.7272727272727273,-21.45361127193538
0.7045454545454546,-25.162846365115477
0.7272727272727273,-7.535094567444312
0.7727272727272727,-32.150827552644735
0.7727272727272727,-26.02708266373381
0.7727272727272727,-25.672290384479155
0.7272727272727273,-2.420934909137905
0.7954545454545454,-0.07553196568844617
0.7272727272727273,-20.78169344907367
0.75,-20.259109536082143
0.7954545454545454,-24.877477832753655
0.75,-15.17014304796831
0.8181818181818182,-21.68965184937394
0.7727272727272727,-34.341290635552994
0.7272727272727273,-5.915086432280711
0.7727272727272727,-15.725467721822254
0.7954545454545454,-9.59746932173331
0.7272727272727273,-12.22493464738835
0.7045454545454546,-8.32076011308689
0.7045454545454546,-24.524259418891347
0.8181818181818182,-15.337145179341745
0.75,-20.907081007557853
0.75,-16.722220128162295
0.6590909090909091,-3.9213700612514186
0.6818181818181818,-6.901836686693226
0.7727272727272727,-27.164542128463577
0.7272727272727273,-16.564922131151466
0.6818181818181818,-16.204945984675536
0.7272727272727273,-1.6082897053523773
0.7045454545454546,-26.509163661275633
0.7272727272727273,-17.711089455893113
0.7272727272727273,-3.472979890442682
0.7045454545454546,-14.865964678524973
0.7272727272727273,-9.089763922024456
0.75,-14.196308745026842
0.7727272727272727,-29.45526425746143
0.6818181818181818,0.8154198466188608
0.8181818181818182,-41.62757600763929
0.8181818181818182,-37.41183279336524
0.7272727272727273,-5.3824772690920035
0.7272727272727273,-25.050949822590336
0.7272727272727273,-3.6104407584885276
0.75,-23.58107976106386
0.6818181818181818,7.98985279242701
0.7954545454545454,-18.385608386995116
0.8181818181818182,-28.883507968606537
0.6818181818181818,-14.746800730183269
0.7954545454545454,-23.249281619367103
0.75,-23.309758468834033
0.7045454545454546,-25.065193641877997
0.7727272727272727,-17.5336963724491
0.6818181818181818,-24.1554463400655
0.6818181818181818,-25.376808212407173
0.7045454545454546,1.7847849767932047
0.75,-23.026339908851412
0.7272727272727273,-23.43987184462043
0.6590909090909091,13.954681555956887
0.75,-14.023416189945008
0.7045454545454546,-25.255712176981998
0.7954545454545454,-16.257577437072026
0.7727272727272727,1.746690220621803
0.8181818181818182,-40.02408756382081
0.7727272727272727,-25.646536979256197
0.7954545454545454,-22.968995480255188
0.7954545454545454,-13.69398549131293
0.7954545454545454,-17.664803073307695
0.7954545454545454,-26.04076299322204
0.7045454545454546,-18.89065719894111
0.7272727272727273,-24.574069096288664
0.6590909090909091,-6.508319309534642
0.7272727272727273,-14.953930933905916
0.75,-11.713213796732667
0.75,-24.416365658590486
0.7727272727272727,-8.441209935184709
0.6818181818181818,6.299405636345816
0.7045454545454546,-15.951293550424179
0.75,-26.737819434908555
0.7954545454545454,-26.021194923127833
0.7727272727272727,-21.31139403117768
0.75,-28.502274379282927
0.7045454545454546,-2.185184419415231
0.8181818181818182,-35.9719025228906
0.7727272727272727,-17.679388412309766
0.7272727272727273,-21.4697955263428
0.7727272727272727,-25.076115028846342
0.7272727272727273,8.063331043460979
0.7045454545454546,-24.604574292240443
0.8181818181818182,-15.141112731638513
0.8181818181818182,-37.068501230611254
0.8181818181818182,-22.856229905735173
0.75,-28.382207122794796
0.7272727272727273,-20.938814605083788
0.6590909090909091,-1.2582819049776413
0.7045454545454546,-15.517690306813945
0.7954545454545454,-16.27444009914993
0.7045454545454546,-6.101846035543598
0.7727272727272727,-10.289485986111615
0.7727272727272727,-25.477065866800714
0.7272727272727273,-24.21856922124865
0.7045454545454546,-11.74496842893604
0.75,-20.674903227427635
0.7727272727272727,-8.93568713669781
0.7727272727272727,-25.26117006014257
0.7727272727272727,-22.90525513921767
0.75,-26.406552404060736
0.7272727272727273,-20.800389983003416
0.7727272727272727,-15.014830844518803
0.7954545454545454,-27.235073938071768
0.7272727272727273,-0.6493831539895351
0.75,-6.379990070813539
0.7272727272727273,1.4287999734225911
0.8409090909090909,-33.76657484679929
0.7727272727272727,-30.75890445248095
0.6818181818181818,-10.005381881343991
0.7272727272727273,-15.749914725160199
0.7727272727272727,-26.936808838363337
0.7272727272727273,-19.354596838389167
0.6818181818181818,3.6144120161599576
0.7727272727272727,-8.920054308830196
0.7727272727272727,-29.437323670163064
0.7954545454545454,-33.108299872185846
0.7727272727272727,-19.10114724972873
0.6818181818181818,-28.909579430251462
0.6818181818181818,-18.598659430976404
0.75,-32.78698618573391
0.7954545454545454,-20.212487115976685
0.7045454545454546,-9.866449322466723
0.7727272727272727,-16.025973565549602
0.6818181818181818,19.260031756919776
0.75,-9.896125118250096
0.7045454545454546,-20.897519756090627
0.75,6.5260888939523225
0.7272727272727273,-12.705330341487963
0.7272727272727273,-18.18345950789744
0.7727272727272727,-32.82007580876478
0.7272727272727273,-20.332227943305842
0.6818181818181818,2.2109181617491087
0.6818181818181818,-7.643941431566533
0.7727272727272727,-15.71776934633431
0.7954545454545454,3.004537304981329
0.75,-2.0232516577108695
0.6818181818181818,-7.666347718885718
0.7045454545454546,-11.638344537356819
0.75,-10.00254498932033
0.7045454545454546,2.456109988066656
0.7954545454545454,-10.22793469121226
0.7272727272727273,-11.500705983232764
0.7272727272727273,-24.134896214239824
0.7954545454545454,-32.1694458918408
0.7727272727272727,-23.95350829693218
0.75,-28.195718479546464
0.75,-20.95223111846658
0.6818181818181818,-11.654069927801721
0.7727272727272727,-17.156440549215855
0.7727272727272727,-12.023850093451308
0.7045454545454546,-13.128480074274632
0.7045454545454546,-5.359574637327643
0.7045454545454546,-10.333593577515195
0.7045454545454546,-8.302509900574028
0.8181818181818182,-30.478626558874396
0.6590909090909091,-7.092140501682095
0.7954545454545454,-20.673345791151057
0.7727272727272727,-30.745803731701372
0.75,-2.588757961194345
0.75,-20.793026880251375
0.7272727272727273,-4.188998472068954
0.75,-19.314690557809687
0.7272727272727273,-5.643313065218783
0.75,-15.268963816420735
0.7727272727272727,-29.14045440379497
0.7272727272727273,-21.57291895751048
0.8636363636363636,-28.46145003426427
0.7954545454545454,-36.94978161145293
0.7045454545454546,-13.849052052635965
0.7727272727272727,-7.180748974923095
0.7727272727272727,1.0895254325983017
0.7727272727272727,-23.895740307944394
0.75,9.24952087063546
0.75,-0.8259800513695569
0.75,-30.04077320273021
0.7954545454545454,-25.895390116775328
0.7272727272727273,-10.145948722956996
0.7727272727272727,-22.279678967307355
0.7727272727272727,-20.628345625109542
0.7954545454545454,-21.852606011725413
0.7045454545454546,-15.510196946998256
0.7954545454545454,-7.723276591002236
0.75,-21.225137296653998
0.8409090909090909,-33.37210875939035
0.75,-28.13974555350346
0.7727272727272727,-29.856982444465487
0.7954545454545454,-44.52013044119946
0.7272727272727273,0.8549876572203449
0.7954545454545454,-10.51761488783743
0.7272727272727273,-3.223793752655759
0.7272727272727273,-12.61859950824948
0.75,-23.226865373019535
0.6590909090909091,-9.563986276743167
0.7727272727272727,-28.545400386163355
0.75,-21.43401673057576
0.7045454545454546,-3.321920206962163
0.75,-24.114422054379407
0.7272727272727273,-14.942035538742715
0.75,-27.486206266288693
0.7727272727272727,0.07210671902412197
0.7954545454545454,-20.779320967546788
0.75,-8.39317332486725
0.7727272727272727,-11.263023542799903
0.75,-26.10265071230289
0.6818181818181818,-19.23417845654602
0.7727272727272727,-23.347684549061118
0.7272727272727273,-16.632959314324875
0.8181818181818182,-46.57165732193605
0.75,-12.271327657273615
0.7272727272727273,-20.301086046410465
0.7272727272727273,-5.075076053286096
0.75,-20.673899394565993
0.7272727272727273,-16.864734679055633
0.7272727272727273,-10.522949099656683
0.75,-32.124854547676144
0.6818181818181818,-29.677691235895782
0.8409090909090909,-35.226750983088294
0.6818181818181818,-21.86291346048081
0.7272727272727273,-8.91376304557653
0.8181818181818182,-4.675493772939296
0.6818181818181818,3.5360454518727162
0.7272727272727273,-5.603006044756875
0.7272727272727273,-2.096009182068894
0.75,-4.20253959678067
0.8636363636363636,-38.68597097048349
0.7954545454545454,-26.789619740240582
0.7954545454545454,-29.446140454963917
0.7727272727272727,-23.396140904189732
0.75,-16.807949530430214
0.6590909090909091,-20.043701296699762
0.75,-26.405329189498897
0.8181818181818182,-30.698538041980463
0.7272727272727273,-7.783998118173414
0.7272727272727273,-25.4885796215284
0.7272727272727273,-16.320845741522426
0.75,-13.787679278896716
0.9090909090909091,-44.97577655769322
0.7045454545454546,-31.111985187307507
0.75,-11.846693653895938
0.7727272727272727,-11.540523477438676
0.7954545454545454,-9.550356674292543
0.6363636363636364,-15.43252373458559
0.7954545454545454,-26.934584863839017
0.7272727272727273,-8.220693936100936
0.75,-4.665205480562985
0.7954545454545454,-19.495843561293466
0.7272727272727273,-22.235233090532276
0.75,-24.747858346762825
0.7272727272727273,-26.605953279598985
0.75,-4.328920940305844
0.75,1.8752148123084085
0.7954545454545454,-7.918556717752231
0.7727272727272727,-9.017244570315016
0.7272727272727273,-11.091427382387819
0.7954545454545454,-21.727535872819125
0.75,-17.443969770318894
0.7045454545454546,-0.4865749309357467
0.7272727272727273,-2.714525492307437
0.75,-6.10263297782156
0.7045454545454546,-3.695548924519099
0.7272727272727273,-14.059269941746487
0.7954545454545454,-0.6353013665990879
0.8181818181818182,-40.064925779179106
0.7727272727272727,-0.8115550571182869
0.7272727272727273,-16.32304867590441
0.7272727272727273,-21.916321027249055
0.75,-13.495981568480744
0.7272727272727273,-17.886780739282667
0.7954545454545454,-29.88204771206374
0.7954545454545454,-18.255218072925334
0.7272727272727273,-27.450811574675186
0.8181818181818182,-33.85960458278831
0.7727272727272727,-12.902264641402308
0.75,-17.483569814998386
0.75,-21.52278938359928
0.7272727272727273,-24.44864331786786
0.75,-31.743428185271114
0.7045454545454546,-20.718357877695336
0.7272727272727273,-12.04658939148675
0.7954545454545454,-9.00028453919718
0.6818181818181818,-20.347464657664265
0.7272727272727273,-17.115829108590564
0.6590909090909091,-5.04080996106698
0.7045454545454546,-1.015247937318089
0.75,-15.30591901844728
0.7045454545454546,-27.190607184725494
0.7272727272727273,-4.474961443698354
0.6818181818181818,-16.212305888233672
0.7272727272727273,-21.34567054161565
0.6818181818181818,1.6973376410670056
0.7045454545454546,-29.60498582432932
0.7954545454545454,-30.067418740891302
0.75,-3.980711711253217
0.7727272727272727,-13.41058149436924
0.7727272727272727,-2.687346326761896
0.7727272727272727,-22.662548504522782
0.7727272727272727,-23.291869244997596
0.7727272727272727,-7.600773295137615
0.75,-9.244738078994214
0.7727272727272727,-34.12445869231919
0.7272727272727273,-20.20450411720697
0.7045454545454546,-4.07502470080073
0.6818181818181818,-14.417597559692242
0.7954545454545454,-26.11258063599065
0.75,-19.376306147034747
0.75,-20.597356868699716
0.8181818181818182,-20.351434650192218
0.7954545454545454,-25.827576198873956
0.7727272727272727,-10.14571667468665
0.7727272727272727,-26.716715149812618
0.6818181818181818,2.6631392616977285
0.75,-22.34780239586271
0.75,-22.707578292674086
0.7727272727272727,-25.187549782454198
0.7045454545454546,-10.069820465385042
0.7954545454545454,-35.00617579655419
0.7045454545454546,-12.420775503107206
0.7727272727272727,-30.10308643055682
0.75,-30.08512392891798
0.75,-21.905426711655394
0.75,-31.465011433297683
0.7727272727272727,-35.04678870822269
0.75,-38.580973935692555
0.75,-6.050113692341822
0.75,-14.470120215109393
0.7727272727272727,-16.985207800836157
0.7045454545454546,-21.510905933666503
0.7727272727272727,-8.508361729824813
0.75,-12.023501321629807
0.7045454545454546,-17.070012469774955
0.7727272727272727,-27.42784047083652
0.7272727272727273,-15.90694998881666
0.8181818181818182,-15.566829571622112
0.6818181818181818,5.432229230703862
0.7727272727272727,-34.69854651068682
0.7727272727272727,-24.165102431182035
0.7272727272727273,-1.3991105575463372
0.75,-21.488703801477737
0.6818181818181818,-4.0778296362609625
0.7272727272727273,-20.426776193874307
0.8181818181818182,-29.83398368951763
0.7954545454545454,-25.654023606383735
0.7045454545454546,-9.823865256423762
0.75,-13.313268833071122
0.7954545454545454,-34.549828319386684
0.6818181818181818,-15.770362224883451
0.7727272727272727,-22.806527358131316
0.75,-27.418129076308613
0.7727272727272727,-23.28386766972466
0.7045454545454546,-13.336353140799206
0.7727272727272727,-19.333696884870154
0.7045454545454546,-24.095680217527743
0.7272727272727273,-29.365313570547222
0.7045454545454546,-11.468499512675576
0.75,-18.891151560763625
0.75,-33.76668148882304
0.7045454545454546,-17.826706435414174
0.6818181818181818,-6.306673117602364
0.75,-19.492924463577115
0.7954545454545454,-13.562679508871032
0.7045454545454546,-13.196616471987767
0.7045454545454546,-10.300422289167333
0.7727272727272727,-18.131614422465162
0.7954545454545454,-21.880179270308723
0.6818181818181818,2.9531278822006484
0.7045454545454546,-24.94504509620201
0.7727272727272727,-26.168698375073248
0.7954545454545454,-29.271269849310524
0.7727272727272727,-12.007299773326599
0.75,-6.590165464789549
0.75,-20.87493859391601
0.75,-8.565167906257846
0.75,-22.916130075606656
0.6818181818181818,-4.316476721489591
0.8409090909090909,-29.443438261642918
0.7954545454545454,-25.039277517099695
0.7727272727272727,-30.047721700816805
0.7045454545454546,-9.46867678441705
0.75,-23.48157028214688
0.6818181818181818,-24.932031082341386
0.7045454545454546,-12.76780698046379
0.7272727272727273,-5.329122882249672
0.8181818181818182,-15.78379416533498
0.7272727272727273,-28.338579808245967
0.7727272727272727,-23.97681852374212
0.7272727272727273,-15.484033583965
0.75,-27.366928491825853
0.7727272727272727,-5.838526371444133
0.7727272727272727,-32.73578497185795
0.7954545454545454,-15.088288459395285
0.7727272727272727,-33.268934348265645
0.7045454545454546,-16.97166614936066
0.7045454545454546,-0.10550257502462043
0.75,-34.66356292544221
0.6818181818181818,5.9196014280191385
0.75,-27.478976847610742
0.6818181818181818,-12.505076864029695
0.8636363636363636,-36.871324713039414
0.7272727272727273,-16.272242843534354
0.7272727272727273,-31.734384466681753
0.7045454545454546,-29.72837943359643
0.7272727272727273,-18.151019390140966
0.7272727272727273,-12.183838552839978
0.8409090909090909,-31.98298193516587
0.75,-25.890073483060135
0.7045454545454546,-27.830739373734616
0.7727272727272727,-15.69215518154332
0.7045454545454546,0.23950523987307806
0.7727272727272727,-22.80139192218562
0.7272727272727273,-28.341258881684993
0.7272727272727273,-25.02409029974371
0.75,-16.693980820506127
0.75,-21.618774419966513
0.7045454545454546,-18.850169186160652
0.7045454545454546,-15.320500265245254
0.7727272727272727,-30.408876770834958
0.7954545454545454,-16.776714703337557
0.75,-31.99043053440895
0.75,4.934742620201319
0.7727272727272727,-5.051630055166523
0.6818181818181818,-29.02339048025316
0.7045454545454546,-20.592976237768383
0.7954545454545454,-15.804854549691036
0.75,-22.666859844268945
0.7272727272727273,-24.065414026006227
0.6363636363636364,10.562570121646841
0.7954545454545454,-17.25175151115509
0.7045454545454546,-4.931868571414133
0.6818181818181818,-4.452729706413636
0.7272727272727273,-15.252050378384752
0.7954545454545454,-10.164632100330335
0.7954545454545454,-24.78428993958213
0.7272727272727273,-26.233965480751934
0.75,-35.61576349368258
0.7272727272727273,-18.183110012592884
0.7727272727272727,-24.02934030003431
0.75,-24.390704916561972
0.7727272727272727,-12.852495846902407
0.7045454545454546,-24.822088290898453
0.7045454545454546,11.335647226899251
0.7954545454545454,-33.24212066175366
0.7727272727272727,-13.80497726896773
0.7272727272727273,-12.281992402479519
0.7272727272727273,-22.074089200650178
0.6590909090909091,-11.019034217313665
0.7727272727272727,-12.522087614567853
0.7045454545454546,8.086221524387433
0.6590909090909091,-23.46018956712917
0.7272727272727273,-12.710347717266147
0.7727272727272727,-15.443376041285658
0.6818181818181818,-2.7583073966645792
0.7272727272727273,5.733796136187098
0.8181818181818182,-33.36939190469293
0.8181818181818182,-32.40779420893613
0.75,-12.16610276623282
0.75,2.4290237694545316
0.7272727272727273,-1.1828899585650625
0.7272727272727273,-14.025634085500839
0.7954545454545454,8.76213469301973
0.7272727272727273,-20.475075212661054
0.75,-12.1721126445273
0.7727272727272727,-14.717826839824191
0.75,-14.225569367281487
0.75,-28.551770782038094
0.7954545454545454,-22.470650729565374
0.7045454545454546,3.5611637788102284
0.75,-15.584532412721519
0.7954545454545454,-12.168150506400247
0.6818181818181818,-14.956545804785831
0.75,6.370414739899488
0.7272727272727273,-15.972193564308503
0.8409090909090909,-33.09006382532037
0.7954545454545454,-27.538748198322686
0.7727272727272727,-12.34016112648261
0.7727272727272727,-29.279935878682622
0.7727272727272727,-30.59193445373488
0.8181818181818182,-38.36674602499206
0.8181818181818182,0.08601896759483067
0.7727272727272727,-26.085302968207817
0.7272727272727273,-17.103498475318556
0.7272727272727273,15.140734262783264
0.7045454545454546,-13.135149826818076
0.7272727272727273,8.647563318924353
0.7272727272727273,-11.685200657631169
0.6818181818181818,-19.426141393258487
0.7272727272727273,-9.651736787946197
0.7272727272727273,-16.47545841351475
0.75,3.255335784122472
0.7045454545454546,-2.1351818524497173
0.7954545454545454,-16.00976917934795
0.8181818181818182,-0.5445674970124386
0.7272727272727273,-21.335441538799614
0.7954545454545454,-18.05486887407329
0.75,-23.846815519077065
0.75,-25.223030747389167
0.7272727272727273,-4.767567332361495
0.7727272727272727,-5.972209674717219
0.7954545454545454,-21.027932738262
0.75,-35.50955629640082
0.75,-12.914855693887535
0.8636363636363636,-27.096845914089798
0.7954545454545454,-30.01019978766599
0.7272727272727273,-26.95690427294734
0.7272727272727273,-10.401063077672534
0.7954545454545454,-19.308476416535367
0.75,-28.92083391214372
0.7272727272727273,-17.55500076974716
0.7272727272727273,-17.12147752786914
0.7727272727272727,-11.109462129910034
0.7272727272727273,-8.236653890508665
0.6818181818181818,-11.301090698520197
0.7272727272727273,-36.33468038011509
0.7045454545454546,-17.47345373339099
0.7272727272727273,-8.414183060076171
0.75,-7.830355466827916
0.8181818181818182,-34.0352213852683
0.7272727272727273,-20.84219184130222
0.7045454545454546,-10.859005471092722
0.7272727272727273,-19.287604804080903
0.7045454545454546,-1.2307496218140892
0.7045454545454546,10.471090990750662
0.7954545454545454,-37.50131083405146
0.8181818181818182,-21.47358834551034
0.6590909090909091,-0.40126635166099367
0.7727272727272727,-31.564954510517023
0.7954545454545454,-32.814105207209224
0.7272727272727273,6.512916903318473
0.6590909090909091,-19.61691602553923
0.6818181818181818,-10.520447651391182
0.75,-21.89037785850381
0.6818181818181818,-5.136428841156908
0.8409090909090909,-7.888082906978747
0.6590909090909091,5.5910837632251775
0.75,-33.69443233332665
0.7727272727272727,-28.60527567312491
0.8181818181818182,-29.90729823879695
0.75,-18.10676857279822
0.7272727272727273,17.627380225654505
0.7272727272727273,-21.224038666692653
0.6590909090909091,-25.85608361249102
0.7954545454545454,-19.172439266898703
0.7045454545454546,9.596717778276819
0.75,-19.297803881214406
0.7045454545454546,-4.53980921970072
0.75,-10.036819899061854
0.7727272727272727,-15.883330674902357
0.75,-9.442644839055065
0.75,0.31730410604585174
0.75,2.7205151431222068
0.75,-13.706482838229151
0.7272727272727273,-16.168271561671165
0.7045454545454546,-22.337246099501918
0.7045454545454546,-25.177725397037133
0.6818181818181818,-15.601369266808478
0.7045454545454546,-13.675919521040873
0.6590909090909091,-10.249224086195646
0.8181818181818182,-12.688885266678566
0.75,-5.4647949368452595
0.8409090909090909,-7.437435205951619
0.7045454545454546,-0.8987092638986215
0.75,-9.605282512072788
0.75,-13.03456046274418
0.75,-19.645573074109667
0.7727272727272727,-15.784438997284866
0.7954545454545454,-36.90427675236244
0.7727272727272727,-30.514611111096187
0.7272727272727273,-18.67580857764922
0.7272727272727273,-21.338654637994786
0.7727272727272727,-18.047282168463116
0.75,-12.209284786028014
0.7045454545454546,-16.7472603973256
0.75,-17.26896413527197
0.75,-31.445939729197676
0.7727272727272727,-8.755985668101973
0.75,-16.40714475717488
0.7272727272727273,-31.488439706512235
0.7954545454545454,-37.02273919454512
0.75,-38.35475655567357
0.7727272727272727,-6.840722914372668
0.7272727272727273,-17.35018438058386
0.7272727272727273,-15.013034048682611
0.7045454545454546,-6.923145180224922
0.7727272727272727,-14.749412012431158
0.7045454545454546,1.8721696661087537
0.7272727272727273,-7.731397752854056
0.7045454545454546,2.8587138563933623
0.7272727272727273,-7.333417629243411
0.6590909090909091,15.65311283957202
0.7272727272727273,-11.869691781313344
0.6818181818181818,-24.11686667533724
0.8181818181818182,-17.820150093935585
0.7272727272727273,-18.73807683033587
0.7727272727272727,-24.983820344935165
0.75,-9.680235217294529
0.7045454545454546,-11.135764921870193
0.7272727272727273,-21.06413725281998
0.7954545454545454,-30.01556573645666
0.75,-18.334452898540793
0.7727272727272727,-16.826146307564695
0.7272727272727273,-35.27548488046025
0.8409090909090909,-39.0565057796866
0.7272727272727273,-10.277727838994961
0.7272727272727273,-24.537430134361514
0.7272727272727273,-11.2916306114752
0.75,-24.488148899247143
0.7727272727272727,-33.31091013369973
0.6590909090909091,8.024541556957471
0.7954545454545454,-17.7708926305738
0.7727272727272727,-36.26202245787177
0.7727272727272727,-10.827616200692473
0.7272727272727273,-15.853295706548653
0.7272727272727273,-7.050865243754541
0.75,-30.61861030993816
0.7045454545454546,-11.994494272923122
0.7727272727272727,-41.040994083996615
0.8181818181818182,-31.97234908288441
0.75,-28.077703829579317
0.6590909090909091,-10.43935487075343
0.7727272727272727,-10.467983791025205
0.75,-21.931074372271553
0.7045454545454546,-16.187432853482434
0.75,-16.652432299916875
0.8409090909090909,-38.96782342221937
0.7272727272727273,-25.354550292472535
0.75,-15.24766978288742
0.7272727272727273,-17.649890452922882
0.8409090909090909,-36.42838291129858
0.7272727272727273,-13.679765231323824
0.75,-19.11315026687662
0.7045454545454546,-9.776415936100594
0.75,-26.494856484780556
0.75,-1.6251550102704058
0.6818181818181818,-17.99166098215321
0.8409090909090909,-22.155132407042547
0.8409090909090909,-15.89439111865663
0.75,-19.14199048533636
0.7727272727272727,-7.5666206278945936
0.7272727272727273,-1.5071508013365522
0.7727272727272727,-0.6272915862507595
0.7954545454545454,-28.7717158517926
0.7954545454545454,-14.919351303745882
0.7045454545454546,-12.931200728565564
0.7272727272727273,-12.927198459298337
0.7272727272727273,-6.782313334011364
0.7727272727272727,-26.449529135687047
0.75,-24.11289619660952
0.7954545454545454,-27.522819357483254
0.6590909090909091,-5.181084002847798
0.7727272727272727,-24.358696461777104
0.7727272727272727,-21.826863127584712
0.7045454545454546,-7.137308311139322
0.7954545454545454,-31.613164681388312
0.7045454545454546,-19.84000581454669
0.75,-20.952899139193068
0.7727272727272727,-8.398069553058798
0.7272727272727273,-11.690727335556064
0.75,-20.600746295726932
0.7272727272727273,5.016253906807575
0.7045454545454546,-4.956148275883007
0.6363636363636364,2.501516645279173
0.7954545454545454,-31.05329144944753
0.75,-2.181794124224511
0.6818181818181818,-11.920715841247324
0.7272727272727273,-0.012010591401536303
0.75,9.536884411847582
0.6818181818181818,6.904833622752466
0.7272727272727273,-14.801078205650482
0.7954545454545454,-37.70592231286037
0.7272727272727273,-1.310687039999217
0.7727272727272727,-13.144185160551205
0.7954545454545454,-12.31970897030525
0.75,-19.41409270256242
0.7727272727272727,-22.792215198096695
0.75,-5.920744602316168
0.8181818181818182,-13.908193232992295
0.6818181818181818,-26.485889385435083
0.8181818181818182,-34.98634124173424
0.7954545454545454,-35.97881056269717
0.6590909090909091,7.374719767769042
0.7954545454545454,-27.174933191324477
0.6590909090909091,-22.322982203924315
0.7272727272727273,-6.836032642780929
0.7954545454545454,-28.97726610834968
0.7954545454545454,-13.255428109364063
0.6818181818181818,-0.019020862472705794
0.7954545454545454,-24.57784651181308
0.7727272727272727,-20.251388481142975
0.7045454545454546,-9.463317888384271
0.7954545454545454,-35.17413918625854
0.75,-28.70162531563285
0.8409090909090909,-13.603336437383028
0.75,-11.809439349857177
0.7272727272727273,-26.293177145367395
0.7727272727272727,-19.51163196046615
0.7727272727272727,-0.3027789324345695
0.7272727272727273,-30.44970785084581
0.75,-12.859987881558766
0.75,-16.36157643086491
0.75,-18.59805907746769
0.7272727272727273,-19.85060866077175
0.7727272727272727,-25.319093452052186
0.7727272727272727,-19.15131809025111
0.7272727272727273,7.285640509742705
0.7045454545454546,1.730982829986405
0.8863636363636364,-36.83930452018152
0.7727272727272727,-26.703402220222582
0.7272727272727273,-4.301953710294811
0.75,-25.38001404776671
0.6818181818181818,-8.011964373461895
0.7045454545454546,0.38820914476982016
0.7045454545454546,-3.010273517716216
0.75,-25.878430321311317
0.7045454545454546,-27.118726531883805
0.7954545454545454,-27.016270175817407
0.7272727272727273,-13.994441042111953
0.6818181818181818,-6.6967842116548075
0.8409090909090909,-32.74231036224288
0.7272727272727273,-27.170766919626125
0.7045454545454546,-18.114221778039383
0.7272727272727273,-25.002082025553875
0.7045454545454546,-11.732637823786233
0.8181818181818182,-31.119959424110505
0.7954545454545454,-18.991724440424985
0.7954545454545454,-7.3259682714805505
0.7727272727272727,-22.044583642527783
0.7272727272727273,3.2955603298963223
0.7954545454545454,-10.302711180531169
0.7727272727272727,-21.13097776059809
0.6590909090909091,-15.473234869311447
0.8409090909090909,-38.20934853361836
0.8181818181818182,-13.500736842493376
0.7045454545454546,-11.53566097071334
0.8636363636363636,-31.110103766082105
0.7954545454545454,-16.22528238090703
0.75,-21.389802184535753
0.75,-7.711232001442849
0.75,-16.080027390693747
0.75,-21.478297312837284
0.7272727272727273,-16.692680244884706
0.7954545454545454,0.683083275250041
0.7727272727272727,-33.167385457077074
0.7045454545454546,-8.946109296066709
0.7954545454545454,-36.67901918594795
0.7954545454545454,-37.717429930627695
0.75,-6.59302570558269
0.8181818181818182,-25.044816318139716
0.6590909090909091,-21.4257359985871
0.7272727272727273,-21.634701928354186
0.6590909090909091,-4.370295681926799
0.7727272727272727,-27.084491066044723
0.7727272727272727,-29.739884237060725
0.75,-13.230690947276106
0.6590909090909091,0.2861918321934379
0.7045454545454546,-4.671955002914242
0.6590909090909091,-16.647695635081906
0.7727272727272727,-22.381117631953664
0.7272727272727273,-29.444143330412746
0.7045454545454546,-30.237718912091612
0.7954545454545454,-37.18459633891763
0.7272727272727273,-19.91095289107779
0.7272727272727273,11.311756748125383
0.7272727272727273,-25.26693019053713
0.75,-23.088878513806222
0.7727272727272727,-20.77925423818618
0.7727272727272727,-31.852725590525857
0.7954545454545454,-21.8553680591737
0.7727272727272727,-29.595396200652775
0.7727272727272727,-9.73618799146051
0.7954545454545454,-25.65044825938106
0.7727272727272727,-31.55435725137931
0.7045454545454546,-20.80764667242374
0.7727272727272727,-24.801383952159664
0.75,-2.7209597634993687
0.8409090909090909,-38.85079303737118
0.7045454545454546,-15.377443884717826
0.6818181818181818,6.756697562302992
0.7272727272727273,-25.619840527071904
0.7272727272727273,-24.194096464006964
0.7727272727272727,-22.670245454793402
0.8409090909090909,-35.3414035660818
0.7272727272727273,-14.88562060917297
0.7954545454545454,-4.07583437417252
0.75,-10.29876468832491
0.75,-30.080901342111414
0.7272727272727273,-15.448537324714382
0.7727272727272727,-27.4572440708377
0.75,2.033372960613694
0.7954545454545454,-24.059355802281424
0.7954545454545454,-31.33075137493415
0.7272727272727273,-24.055290638489126
0.8409090909090909,-21.40731227484689
0.7727272727272727,-10.459865483843803
0.7272727272727273,-32.069989806377194
0.75,-21.829572319588564
0.6818181818181818,-5.241752565054761
0.7272727272727273,-7.212815777543796
0.7272727272727273,-28.080140199707326
0.75,12.213388833349642
0.6818181818181818,-12.496272616246266
0.7272727272727273,-21.882283054946363
0.8409090909090909,-26.551127260142504
0.8181818181818182,-36.582768551454144
0.7727272727272727,-10.109144467386692
0.75,-3.008698678174207
0.7272727272727273,-22.25810514634006
0.7954545454545454,-32.361453652536206
0.7045454545454546,7.981882521282003
0.8181818181818182,-28.907023126644095
0.7272727272727273,-2.7825235407212845
0.8181818181818182,-13.434779039577245
0.6818181818181818,8.762941912746447
0.8181818181818182,-38.588941186473264
0.7954545454545454,-15.942442302358659
0.7045454545454546,-8.43915325917037
0.7045454545454546,-14.693780020778565
0.7954545454545454,-17.916719239879395
0.8181818181818182,-35.27846592767218
0.6818181818181818,-18.82709608021024
0.75,-34.672876816055
0.7727272727272727,-18.288871604692247
0.7954545454545454,-25.72308022699051
0.7272727272727273,-4.888848062183223
0.75,7.644719139706919
0.7727272727272727,-15.17353778589671
0.7727272727272727,-23.23254823442953
0.6590909090909091,-6.734369943515034
0.6363636363636364,25.832653168184013
0.6818181818181818,-8.672701554187798
0.75,-16.482695446649362
0.7727272727272727,-7.836671159994105
0.7272727272727273,-14.669628275520655
0.7045454545454546,-0.8503022089647061
0.8181818181818182,-33.58490911488647
0.6590909090909091,-17.881664360884297
0.7727272727272727,-20.21709972235681
0.6818181818181818,-6.87857436602289
0.75,-23.892295868415022
0.75,-2.8613394630759466
0.75,-30.80010528805896
0.6818181818181818,1.0188146951484294
0.7727272727272727,-27.304946615045456
0.6590909090909091,14.878391745225041
0.7272727272727273,-23.064852499159887
0.6818181818181818,-16.202038422293825
0.75,-30.30949961475674
0.7045454545454546,-2.6335196539828414
0.75,-8.514856039031208
0.6818181818181818,2.5053116561051927
0.7954545454545454,-28.896161209566387
0.75,-20.334255194665342
0.6590909090909091,-20.74509562925897
0.75,-18.052230879337912
0.7727272727272727,4.715543014338732
0.7727272727272727,-4.900713235855691
0.75,-13.42190810620089
0.6818181818181818,-17.150928238733442
0.7272727272727273,-13.046052781516313
0.75,-10.316344404060963
0.7727272727272727,-21.039217104166344
0.7045454545454546,5.507837669154947
0.7272727272727273,-25.51403855698936
0.7045454545454546,-25.38606548342502
0.8181818181818182,-32.34292810517211
0.7727272727272727,-15.061136568486525
0.8181818181818182,-39.052636200348715
0.7727272727272727,-26.164178884089292
0.75,-2.788325995678331
0.6818181818181818,-23.869345752338653
0.8181818181818182,-34.569466804363
0.75,-21.526631995470023
0.75,-17.673759232750594
0.6818181818181818,4.0902892207272
0.7272727272727273,12.300243219495366
0.7272727272727273,-28.6765291187956
0.7272727272727273,-23.67500248935577
0.7727272727272727,-9.014011605459572
0.75,-5.860128623617572
0.7954545454545454,-14.229633255387428
0.8181818181818182,-8.84797984980163
0.7727272727272727,-25.118580846140745
0.6590909090909091,-16.89349151729324
0.7045454545454546,-24.751570427204282
0.7045454545454546,10.283280458760895
0.75,-16.930338054309075
0.7045454545454546,-16.392878049863658
0.8181818181818182,-38.624108973273685
0.8181818181818182,-3.1287852947742993
0.8409090909090909,-23.366175809928674
0.7272727272727273,7.06531302216635
0.75,-33.05060253203926
0.7954545454545454,-31.14319377993645
0.75,-17.49121608956885
0.7272727272727273,-14.456619724209785
0.6818181818181818,2.0704194401799927
0.6590909090909091,1.7158554240660955
0.7272727272727273,-8.691456331277443
0.6590909090909091,11.218300011631372
0.7954545454545454,-38.40538938704491
0.75,-27.610267059175158
0.7954545454545454,-34.3656731897368
0.6818181818181818,-11.058247950624406
0.7045454545454546,-9.995734770605917
0.7727272727272727,-13.657964683535635
0.75,-22.860455659198035
0.6590909090909091,-5.250787662943106
0.7272727272727273,-26.70547789953582
0.7727272727272727,-23.387838878800142
0.7954545454545454,-23.197878850653186
0.7045454545454546,-22.972554595669507
0.7045454545454546,-14.538004519129442
0.75,-10.305551306816094
0.7272727272727273,-7.558816032590155
0.75,-21.43101977498947
0.7727272727272727,-17.3596952398806
0.6818181818181818,-23.365638674040824
0.7727272727272727,-30.354358474861787
0.7954545454545454,-23.415996622754072
0.75,-9.414482678011074
0.7272727272727273,-12.699332367304066
0.7045454545454546,-12.176153801000366
0.8181818181818182,-18.77902929876377
0.7727272727272727,-22.698892144462565
0.7954545454545454,-19.591491785707827
0.6818181818181818,-8.4330044380715
0.7727272727272727,-23.582629937970104
0.7272727272727273,-14.533162181324826
0.75,-19.012574468464138
0.75,-25.464630916243564
0.7954545454545454,-41.32591317823172
0.7954545454545454,-24.72896576167185
0.7045454545454546,-18.769421335262965
0.6818181818181818,-27.77228010549901
0.7272727272727273,3.2613057012327626
0.6818181818181818,-9.180806950056441
0.8409090909090909,-29.4433237329092
0.75,-16.517843181750205
0.7272727272727273,-18.806124799276613
0.7954545454545454,-20.758380856069184
0.7272727272727273,-10.458985642773529
0.75,-3.9102853384793717
0.6818181818181818,-29.445977119962752
0.75,-11.473778652802919
0.7954545454545454,-8.624921401235893
0.7272727272727273,4.909743649341426
0.7272727272727273,-22.873656587402472
0.7727272727272727,-11.140927634172241
0.75,-14.467350088268804
0.7045454545454546,12.95856124494087
0.7045454545454546,-16.443093226152882
0.7727272727272727,-38.21108476936235
0.7272727272727273,11.890287331740865
0.7045454545454546,-12.168879124854833
0.75,-22.732056889433526
0.7272727272727273,-18.644148933333376
0.8181818181818182,-19.80432992079707
0.7045454545454546,0.11274757942795267
0.7272727272727273,-3.403400896543641
0.7272727272727273,-12.65358890759722
0.6818181818181818,-17.04070422742063
0.75,-7.690966151679251
0.75,-25.717320596079755
0.6136363636363636,-16.087161213718513
0.75,-13.184355716998338
0.75,-26.4318418956737
0.7727272727272727,-24.449922868448372
0.7045454545454546,14.554329307811429
0.7045454545454546,-0.6934503346611355
0.7045454545454546,-25.866020033847693
0.7272727272727273,-23.261622335813207
0.7727272727272727,-16.334802264760278
0.75,-11.505269006966385
0.75,-25.447222282539936
0.7272727272727273,-7.078044750992334
0.75,-25.428863056786465
0.7727272727272727,-28.31396074307448
0.8409090909090909,-33.95522002139381
0.6590909090909091,-1.2522458636504086
0.6818181818181818,-8.844881823759437
0.75,-15.029898583692189
0.6590909090909091,3.814758245465886
0.75,-34.61850985402053
0.7727272727272727,-14.73970425680949
0.7727272727272727,-21.80542595102394
0.75,-6.745242914232028
0.75,-26.746039723615002
0.75,-19.419925193657562
0.7045454545454546,9.353229853291133
0.8181818181818182,-35.86292248309249
0.7045454545454546,-12.66584678534278
0.6818181818181818,-17.085331159639512
0.7045454545454546,-2.0453154920080343
0.7045454545454546,-19.985654555327475
0.7727272727272727,-11.019220500848428
0.7727272727272727,-17.982079985628495
0.7954545454545454,-28.87796446208531
0.8863636363636364,-19.660389420966826
0.7727272727272727,-24.871736553246333
0.7954545454545454,6.51043753976995
0.8409090909090909,-32.98500850544537
0.7954545454545454,-35.56163580392523
0.6590909090909091,0.1440700398078773
0.6590909090909091,18.02608020775359
0.7272727272727273,-25.38979791567186
0.7727272727272727,-32.15946883471452
0.7045454545454546,-16.95473186959476
0.7045454545454546,-12.003963598884267
0.7954545454545454,-0.05290140442029764
0.75,-15.90307457669527
0.7727272727272727,-29.32274687296355
0.75,-4.430499919421448
0.7045454545454546,-3.6809488831295325
0.7045454545454546,-5.958368967824618
0.75,-25.828451933662055
0.7045454545454546,-12.151981703993492
0.7727272727272727,-27.050777272132322
0.7045454545454546,-2.7906234191712427
0.7954545454545454,-15.819104638330053
0.7272727272727273,-1.7790441861871364
0.8181818181818182,-20.22510576027865
0.7045454545454546,-22.999229124095844
0.8409090909090909,-35.88406598075915
0.7272727272727273,-11.962634404753084
0.8181818181818182,-19.416129050012096
0.75,-0.35134913128747125
0.7727272727272727,-9.308825430442138
0.75,-18.081727553769415
0.6818181818181818,-26.332103546446728
0.75,-13.237953432765075
0.7272727272727273,-23.385064411192896
0.75,-29.19063080733404
0.7727272727272727,-15.156606454219231
0.7954545454545454,-22.41682335907539
0.7272727272727273,-17.70780069600878
0.75,-5.151633058141055
0.7727272727272727,-19.89664387402917
0.7272727272727273,-23.89842910181488
0.7954545454545454,-34.6267474341043
0.7954545454545454,-25.524125439119743
0.7272727272727273,-5.025274697080894
0.7954545454545454,-27.465389414624113
0.75,-29.234823071001998
0.7045454545454546,-18.33741290611765
0.7727272727272727,-30.127631735576504
0.7954545454545454,-27.53263129627626
0.7045454545454546,-14.891564339111307
0.7727272727272727,-18.382646984515684
0.7727272727272727,-22.312148951706135
0.7045454545454546,7.265282790115834
0.75,-4.32036676761541
0.7272727272727273,-24.111833853622215
0.75,-15.262259467051495
0.8181818181818182,-33.52924090837133
0.6818181818181818,0.07844954248417903
0.7045454545454546,-23.04117631537417
0.7045454545454546,-10.330394728567752
0.75,-22.27081330623465
0.7727272727272727,-31.403153259569475
0.7727272727272727,-16.03371383967329
0.8181818181818182,-21.062368748168137
0.6818181818181818,-25.80486288339308
0.7727272727272727,-26.589969855768683
0.7272727272727273,-27.485037989159867
0.8181818181818182,-36.883754743217494
0.75,-27.56497161907471
0.7045454545454546,-10.778918931863997
0.7045454545454546,-13.470745073385858
0.6818181818181818,-8.276136415855241
0.7954545454545454,-38.79561303911146
0.7954545454545454,-29.33632567738852
0.75,-5.575557959855171
0.8409090909090909,-28.352726620368035
0.7727272727272727,-36.36191435623761
0.7045454545454546,-23.12142086958122
0.6818181818181818,-15.307130581755127
0.7727272727272727,-22.073843686963986
0.7727272727272727,-12.480910560020332
0.8181818181818182,-34.63623463244645
0.6818181818181818,-12.673831128233065
0.6818181818181818,9.53237911093769
0.8181818181818182,-32.59405250809379
0.7727272727272727,-14.27649558309904
0.7727272727272727,-18.58762460651968
0.7727272727272727,-0.6141235946388974
0.7045454545454546,-10.453223141441402
0.8181818181818182,-11.293740893586252
0.7272727272727273,9.550195987096357
0.8409090909090909,-42.143933481507574
0.6818181818181818,12.17889578347536
0.75,-16.090165298929023
0.75,-22.63174562571294
0.7045454545454546,-16.68820627065504
0.7272727272727273,-4.702939056196502
0.7727272727272727,-15.902552990268624
0.75,-23.490033521852
0.75,-11.971754959787146
0.7727272727272727,-30.39498116214518
0.75,-25.73742207331438
0.7954545454545454,-21.846324090306133
0.7045454545454546,-20.17894577942519
0.7954545454545454,-28.110568711177294
0.8181818181818182,-19.22933686006551
0.7045454545454546,-4.253358290268497
0.8636363636363636,-44.02369776209295
0.75,-19.23129017439652
0.7045454545454546,-17.831939775237842
0.75,-5.572870070948235
0.7045454545454546,-12.998978615738586
0.7727272727272727,-21.293567817400643
0.7272727272727273,-20.488840371912133
0.8409090909090909,-28.044341944420943
0.7727272727272727,-12.930685176104788
0.7045454545454546,-6.198561611330339
0.7727272727272727,-18.83740405001079
0.7045454545454546,9.514057007029788
0.7045454545454546,-20.153864894561917
0.75,-16.430662455322935
0.7727272727272727,-24.387322703819255
0.6818181818181818,-24.372465108365972
0.7727272727272727,0.5702286094033407
0.7272727272727273,-20.43518292438787
0.7727272727272727,-29.0442060632148
0.6818181818181818,-0.41461600401560295
0.7727272727272727,-17.558028996235837
0.7045454545454546,-13.877572568020865
0.7727272727272727,-11.024531171165851
0.7272727272727273,-19.707264442729333
0.6818181818181818,-17.105439082913687
0.7045454545454546,-2.651183486446845
0.6818181818181818,2.0426099322288525
0.7727272727272727,-28.96374610459482
0.6818181818181818,8.853440001227192
0.6590909090909091,-11.016646017456425
0.75,-25.054273684747805
0.7045454545454546,-13.650874103054326
0.75,-20.05308648453912
0.7727272727272727,-20.889885758592808
0.7045454545454546,-3.5842116805757485
0.7954545454545454,-31.571670729910455
0.75,-29.27480511436388
0.7954545454545454,-35.523649044110925
0.7954545454545454,-0.6169347592072647
0.7727272727272727,-24.430639417985322
0.7727272727272727,-19.378890399444753
0.6818181818181818,-27.589723071752402
0.7954545454545454,-23.64934946927086
0.6590909090909091,-18.219159661224296
0.7727272727272727,-27.054118384925324
0.7727272727272727,-1.7277570347481428
0.7272727272727273,-14.526908873313612
0.7272727272727273,-13.044477225267025
0.75,-24.100237124058552
0.7045454545454546,-21.84012599236063
0.8181818181818182,-29.853194706225555
0.75,-20.950064482927942
0.6818181818181818,-18.140410323843614
0.75,-25.721094133465897
0.6136363636363636,0.020781347595348363
0.7045454545454546,-21.81193719092428
0.7727272727272727,5.748084881548044
0.7045454545454546,-18.25075818304112
0.8636363636363636,-23.25765462348374
0.7954545454545454,-30.83526928858398
0.75,18.176683589593672
0.75,-23.521849473910972
0.7727272727272727,-15.791090094485686
0.7272727272727273,-34.323838358381714
0.7272727272727273,-21.988441265789152
0.7045454545454546,-19.798712174544686
0.7954545454545454,-12.362916663266759
0.75,-18.505519747527288
0.7272727272727273,-9.973668829805748
0.7954545454545454,-15.281314373723204
0.7272727272727273,-2.1094889188004613
0.8181818181818182,-8.774634794188826
0.75,-24.918957453946724
0.7045454545454546,-12.765420682202455
0.7272727272727273,-19.539344738137217
0.6818181818181818,-21.63985373381406
0.75,-14.049185709816214
0.6818181818181818,-16.97028033582674
0.7272727272727273,-8.586990319781176
0.7727272727272727,-17.641857566393565
0.7727272727272727,-3.355632368704231
0.7045454545454546,-21.40315288319241
0.75,-3.833763361457895
0.7727272727272727,-25.972914451359944
0.75,-11.266776560625276
0.7272727272727273,-25.625058152321028
0.7272727272727273,5.5996312993907145
0.75,-3.4302830072174246
0.6590909090909091,-16.314371989900966
0.7045454545454546,-7.69503895525205
0.6818181818181818,-7.753097280176305
0.7727272727272727,-21.143786608852153
0.7272727272727273,-20.175479748816226
0.7954545454545454,-32.57759264381543
0.7045454545454546,1.0503287008815414
0.7272727272727273,-12.501074896399468
0.6818181818181818,-21.05683023854065
0.75,-12.400638943733911
0.7272727272727273,-11.812131102335137
0.75,-20.520192563213502
0.75,-9.95267259845127
0.75,-33.461557952719026
0.7045454545454546,-8.333957147715799
0.7272727272727273,-7.523311931382396
0.7272727272727273,-8.472829280322378
0.75,-13.146966106975386
0.7727272727272727,-22.029236981251874
0.7727272727272727,-15.285983506855139
0.75,-10.832681995101408
0.7727272727272727,-7.198718085456573
0.8181818181818182,-35.27721759618044
0.7954545454545454,-10.263418494484421
0.7272727272727273,-28.452997356048353
0.75,-6.836996305118117
0.7045454545454546,-17.010284141632656
0.7045454545454546,-0.7983006374084088
0.75,-25.2383189948328
0.7272727272727273,-17.245407032792066
0.75,-31.934540803100354
0.7272727272727273,-25.81021137620154
0.75,-0.92812617898084
0.6818181818181818,-4.5542848114719785
0.7272727272727273,-21.46752079828616
0.7954545454545454,-29.55045097303097
0.7045454545454546,-18.204689621631925
0.75,-35.97625759274919
0.7272727272727273,-18.187774890113232
0.7272727272727273,-7.965108648048516
0.7045454545454546,-12.862358474624637
0.7045454545454546,-29.851367139983946
0.6818181818181818,-14.08726440887947
0.7272727272727273,-16.178779193315997
0.7954545454545454,-25.45659345729398
0.7272727272727273,-16.9084285648719
0.7727272727272727,-28.054410026548613
0.75,-1.0061006310493144
0.7272727272727273,-25.285232803543565
0.7272727272727273,-19.656005085569053
0.7954545454545454,-31.663587320965327
0.7045454545454546,-11.574140022635435
0.6818181818181818,-6.980140481162834
0.7272727272727273,-15.940792757348941
0.7045454545454546,-16.675415984708817
0.6818181818181818,2.634175016614979
0.75,-27.20353348859611
0.7727272727272727,-2.245505592340079
0.7045454545454546,-5.331102274705697
0.7272727272727273,3.411824097219587
0.7727272727272727,-27.291412135093083
0.6590909090909091,12.637546818332526
0.7272727272727273,-14.748447915654445
0.75,-25.47826689896846
0.6818181818181818,-2.5442884584313963
0.75,-27.750995249323037
0.7045454545454546,-18.140599402133255
0.7727272727272727,-26.274060853230196
0.6590909090909091,5.166244617449061
0.7272727272727273,-3.953527827714844
0.75,3.6750276806835416
0.7727272727272727,-33.72263643363289
0.75,-21.568159354166607
0.75,-12.618095052638864
0.7727272727272727,-6.472881437972756
0.7272727272727273,8.358707998554003
0.8409090909090909,-36.803494681887514
0.75,-8.274505709556468
0.7045454545454546,5.891226218789371
0.8409090909090909,-26.59619378594665
0.7727272727272727,-20.2168850578514
0.7954545454545454,-28.614707221137042
0.7045454545454546,-19.50661196069979
0.7272727272727273,-16.178036182594983
0.75,-13.49421664144399
0.7045454545454546,-11.165541030787924
0.7045454545454546,-27.97976829583885
0.7727272727272727,-26.411884981430184
0.8181818181818182,-34.54984910345501
0.7272727272727273,-1.6634452603682377
0.7272727272727273,-31.21156147673105
0.7045454545454546,-15.299242938790973
0.75,-25.917418224047978
0.7272727272727273,-14.695955844569466
0.7272727272727273,-15.802637802441165
0.75,-30.07308911971629
0.8409090909090909,-38.178887255071174
0.75,-17.40203283616342
0.8409090909090909,-31.54179320438527
0.7727272727272727,-29.865377424912413
0.7272727272727273,-13.705931330462043
0.7272727272727273,-13.573789021163115
0.7954545454545454,-17.21143063571225
0.7272727272727273,-13.671143449934085
0.7045454545454546,-13.507609037617827
0.7045454545454546,-17.43318685134398
0.75,-15.99873218719784
0.6590909090909091,-7.966794500686902
0.7954545454545454,-26.350820010641588
0.7954545454545454,-25.957080898870473
0.7727272727272727,-37.68255129912293
0.7045454545454546,-15.446116239183983
0.7045454545454546,-2.6969148711135302
0.7045454545454546,-16.159232641207314
0.7954545454545454,-31.844299972598854
0.7272727272727273,-3.598921738493156
0.75,-25.833702796890258
0.75,-28.347926010540732
0.75,-19.060433268556054
0.7727272727272727,-31.782268371094244
0.75,-3.695285552514506
0.75,-24.380397716910863
0.75,-23.201441142496563
0.6818181818181818,-5.8866798505876465
0.7045454545454546,-14.815839420403995
0.7954545454545454,-26.747719172842267
0.7272727272727273,-18.352831034329245
0.7045454545454546,-21.39266806788388
0.7727272727272727,-13.621024819812176
0.75,-23.891237710965584
0.8409090909090909,-20.845806268852
0.7272727272727273,-14.443679637817318
0.7272727272727273,-16.494696357227554
0.7045454545454546,-14.919020767911015
0.6818181818181818,-17.249795276637528
0.7045454545454546,10.921067930542547
0.7727272727272727,-13.271347215036526
0.7954545454545454,-25.18347860981797
0.7045454545454546,-26.30519056039277
0.7727272727272727,-24.096499454078536
0.75,-27.951676694193804
0.7272727272727273,-19.052578346341097
0.7272727272727273,3.8390742009671666
0.7045454545454546,-15.576176370412492
0.7272727272727273,-21.646517556452633
0.7045454545454546,-16.02203048441892
0.7272727272727273,12.623475581373306
0.6818181818181818,-3.0571249750244207
0.7045454545454546,-24.83861678144802
0.7045454545454546,-6.304457461397575
0.75,-13.978022882080516
0.7954545454545454,-19.150390698709987
0.7045454545454546,-20.199389421869704
0.8181818181818182,-33.80596872497036
0.6590909090909091,2.02556816397076
0.7954545454545454,-25.714133744029414
0.75,3.443285674526535
0.75,1.9676425876591361
0.7727272727272727,-20.821592521944606
0.7727272727272727,-19.278395703989382
0.6590909090909091,14.53901979351845
0.7727272727272727,-25.973409803936757
0.7045454545454546,7.878461943204565
0.75,-17.94915420155795
0.7727272727272727,-18.917922242252157
0.7272727272727273,-11.099357337220251
0.75,-20.171066680956596
0.7272727272727273,-4.5779202397278675
0.6818181818181818,-16.02519187320912
0.7272727272727273,-21.114934077995475
0.6818181818181818,-17.228626424994186
0.7954545454545454,-27.204895782536607
0.7727272727272727,-7.059458882243653
0.8181818181818182,-26.707946683960532
0.8636363636363636,-18.89976538104074
0.7272727272727273,-21.31165601138054
0.8409090909090909,-20.5914716564759
0.7954545454545454,-15.809069730159928
0.7045454545454546,-10.42549931488956
0.75,1.0737545601572187
0.75,-12.966893412053393
0.7272727272727273,-10.672428368948902
0.7727272727272727,-18.35707085949234
0.6590909090909091,-9.633027541969154
0.7045454545454546,-19.350222979511297
0.7272727272727273,-3.9682195306976755
0.7272727272727273,-4.7108190363991875
0.75,-20.44924989610125
0.8863636363636364,-33.86848942939239
0.6818181818181818,-17.127471576533047
0.75,-31.975760735745443
0.75,-24.085175399146202
0.7272727272727273,-37.46708737652547
0.75,-35.21843240033193
0.7727272727272727,-17.556135164667968
0.7272727272727273,-10.342916415273905
0.7954545454545454,-30.68528971564018
0.7954545454545454,-8.894147368433487
0.8181818181818182,-7.8890758210199605
0.7727272727272727,-31.50328713776457
0.7045454545454546,-23.47283485931123
0.6818181818181818,12.064888975901846
0.7727272727272727,-29.805748186206472
0.75,1.7862085700184058
0.7045454545454546,-12.986356724485654
0.6363636363636364,-13.180337664016099
0.75,-29.666599844987
0.7727272727272727,-11.924810451360827
0.7954545454545454,-30.957866067583186
0.8181818181818182,-28.950780185600937
0.75,-26.833588399417273
0.75,-26.846060416732612
0.7045454545454546,-12.998525776227428
0.75,-35.629785532499184
0.7727272727272727,-31.265871990272117
0.75,-21.518996580667373
0.7954545454545454,-25.51423599728479
0.6818181818181818,-15.731387960132434
0.8636363636363636,-35.88063427900408
0.7727272727272727,-31.86537557846874
0.7954545454545454,-20.682815573395104
0.7272727272727273,-15.402364200465827
0.7727272727272727,-24.759876426461275
0.7727272727272727,9.700313520356955
0.7272727272727273,-11.478070896961661
0.7272727272727273,-25.472672447021356
0.7954545454545454,-33.074527073899006
0.7045454545454546,-19.2981450690496
0.8863636363636364,-42.15379000974989
0.7272727272727273,-1.1467040763412255
0.7045454545454546,-14.318844294216847
0.7272727272727273,-14.732661245127481
0.7727272727272727,-26.589274996321567
0.75,-27.94449667599417
0.8181818181818182,-24.2566040237628
0.75,-20.097037142362442
0.75,-9.289136061920003
0.7727272727272727,-22.974787119900494
0.75,10.830192061132426
0.7727272727272727,-30.032759762763806
0.7272727272727273,-16.829091134700118
0.75,-22.66180040476762
0.7954545454545454,-16.94728578701718
0.7272727272727273,-9.67050365940742
0.7727272727272727,-17.91162793836583
0.7272727272727273,-26.321130560884818
0.7045454545454546,-25.01367937512128
0.75,-4.6467030175410855
0.75,-7.577230706837503
0.8181818181818182,-18.711272269278076
0.75,10.13346154678207
0.7272727272727273,-13.523675531029015
0.8409090909090909,-21.246124428666946
0.75,-17.572475572021105
0.6590909090909091,-16.461813916153393
0.7272727272727273,-26.805270386118604
0.6818181818181818,3.5015195423043575
0.7272727272727273,-14.606067058472549
0.6818181818181818,-4.8569293454852
0.7045454545454546,-10.604681083160507
0.7272727272727273,-23.94367775514737
0.7954545454545454,-35.438197788359496
0.7727272727272727,-30.981217681424052
0.8181818181818182,-39.44892289703213
0.7954545454545454,-13.861648612306503
0.8181818181818182,-19.595306433048105
0.7727272727272727,-3.0647709304385584
0.7272727272727273,-13.346543146754346
0.75,-10.244178600733422
0.7954545454545454,-21.316424552438953
0.7272727272727273,-20.763061391934993
0.7727272727272727,-28.8197198120037
0.7045454545454546,-13.738617825321448
0.7954545454545454,-24.606106732303314
0.7272727272727273,-14.469552064813852
0.8409090909090909,-20.614812006709737
0.6590909090909091,11.212538274512003
0.7272727272727273,-17.815348501216818
0.7045454545454546,-3.934955314868748
0.75,-25.640499449368132
0.7727272727272727,-27.38658189266273
0.75,-21.33514063100644
0.8181818181818182,-29.095232062400314
0.75,-4.801741884996745
0.7045454545454546,-4.638346031739832
0.8181818181818182,-34.940488338748
0.7045454545454546,4.860460067559668
0.7045454545454546,-15.498964847525123
0.7272727272727273,5.65186225098845
0.7045454545454546,-6.963376162735542
0.7045454545454546,-17.708844303638564
0.75,0.9372193136543433
0.8181818181818182,-37.44417085859214
0.7045454545454546,-28.670899450661533
0.7045454545454546,-19.286979194389502
0.7272727272727273,-26.778874058699447
0.6818181818181818,-2.2335305772160066
0.6590909090909091,-1.119976676239601
0.75,-26.149126375103855
0.75,-23.911357857710343
0.6818181818181818,-28.118374057676522
0.75,-27.14062409086163
0.7272727272727273,-19.053244923938482
0.6818181818181818,-12.325943457346831
0.75,-34.51745741931534
0.6590909090909091,-11.271642147275385
0.75,-25.205586888973304
0.7727272727272727,-28.99043419290675
0.7272727272727273,-22.300990756432064
0.8181818181818182,-41.643380310736084
0.8181818181818182,-15.076221849862968
0.7727272727272727,-16.512208168195393
0.7272727272727273,-23.931458904833292
0.7727272727272727,-7.3976908647522865
0.7045454545454546,-19.21413936365636
0.6136363636363636,-20.953726737488843
0.7045454545454546,2.8977239518063103
0.75,-22.438414419260933
0.8409090909090909,-40.38977646979527
0.6818181818181818,-14.242521338614763
0.7272727272727273,-23.959693647974746
0.75,-26.057967505192437
0.7272727272727273,-24.836807801257752
0.8181818181818182,-27.82545855324688
0.75,16.663318182516015
0.7727272727272727,-15.56061732945734
0.75,-23.173783382060495
0.75,-18.230087459482142
0.6590909090909091,-23.546309312494177
0.7272727272727273,-17.626308525944342
0.8409090909090909,-29.21953421159009
0.75,-23.4145363480464
0.7272727272727273,-20.149456672828887
0.75,-11.814591386783349
0.7272727272727273,-18.292059485700698
0.6818181818181818,8.749157903523603
0.75,-25.44217407502821
0.75,-14.154829864384034
0.7045454545454546,-0.6131122866916779
0.75,-22.485705306640146
0.7272727272727273,-30.201699944314473
0.75,-14.38601490749445
0.7954545454545454,-32.895802298872674
0.8181818181818182,-9.012937522535104
0.8181818181818182,-5.771171368996957
0.6818181818181818,-4.075675902008988
0.75,-30.927112617926777
0.7272727272727273,-15.554938085122863
0.7727272727272727,-26.22464238924637
0.7272727272727273,-20.597411553220525
0.7272727272727273,-12.537057146240066
0.7272727272727273,1.7484698142979587
0.75,-18.332542151115508
0.7272727272727273,-20.874559814737427
0.7045454545454546,-17.363663566429135
0.75,-12.238291418653024
0.7045454545454546,-11.088286946376325
0.7272727272727273,-16.420789919563216
0.75,-20.092097489264184
0.75,-5.456519414608405
0.75,-26.67320036542551
0.7727272727272727,-6.085941718699551
0.7045454545454546,-4.243486634502991
0.7954545454545454,-16.57873638671655
0.7045454545454546,3.630563465326379
0.7045454545454546,-12.215149965616472
0.75,-15.73280786496751
0.7727272727272727,-7.950954663941716
0.8181818181818182,-34.65620546294656
0.8863636363636364,-41.69990225818873
0.75,-28.393385292451725
0.6590909090909091,0.2544661895387454
0.7272727272727273,-11.543359471057038
0.7045454545454546,-12.44086798213338
0.8181818181818182,-32.24624964654416
0.75,-10.976473874743345
0.7045454545454546,-23.664260682483825
0.75,-26.093252005445606
0.75,-19.207500562350706
0.7045454545454546,-5.307258522401475
0.75,-25.689375943238588
0.7727272727272727,-22.65755154283983
0.7272727272727273,-5.16724320884449
0.7272727272727273,-9.459392564410875
0.7727272727272727,-27.437930184664626
0.7045454545454546,-15.834018466397287
0.7045454545454546,-0.5105607380631728
0.75,-11.35858317542564
0.7045454545454546,13.002174243461843
0.7272727272727273,-18.985140459953254
0.7272727272727273,-19.102353403290962
0.7954545454545454,-18.246767325060688
0.7045454545454546,-21.92194330221175
0.8409090909090909,-33.42219110824215
0.7954545454545454,-27.2815235345651
0.6818181818181818,4.802913035859968
0.7272727272727273,-25.222008955036838
0.75,-25.313931656675212
0.6818181818181818,-10.809972272915216
0.7727272727272727,-21.70213285058885
0.7727272727272727,-21.76640441311075
0.7045454545454546,-27.40078168063656
0.7272727272727273,-20.674856511027937
0.6818181818181818,-3.4697851784933635
0.7045454545454546,-10.309978427814151
0.75,0.6740809976818567
0.6818181818181818,-7.996523038113844
0.75,-30.07967989925014
0.8863636363636364,-16.935497599721643
0.7727272727272727,-14.013351132656954
0.7045454545454546,-18.104754983905927
0.7045454545454546,-3.7373679325580214
0.6590909090909091,-9.495293481798322
0.7727272727272727,-26.209920104948512
0.7727272727272727,-3.604529335974348
0.7727272727272727,-16.627671855730796
0.6590909090909091,-4.95339873626645
0.6363636363636364,-22.296220713462596
0.7045454545454546,-3.0854261934953056
0.7045454545454546,-9.50315202936216
0.8181818181818182,-33.08736567795403
0.7272727272727273,-8.985066335137116
0.7045454545454546,-13.433863826630631
0.75,-25.189135885622644
0.75,-13.867636267668907
0.6818181818181818,-12.584561251009298
0.7272727272727273,-22.414881275650412
0.75,-18.808428795144895
0.7272727272727273,-10.543261882509881
0.75,-34.93548681132043
0.7272727272727273,-3.1659842081015652
0.8409090909090909,-26.59405170382694
0.7272727272727273,-17.77999191591222
0.75,-21.417942361106125
0.6818181818181818,-18.185278671873867
0.8181818181818182,4.691918437547878
0.6818181818181818,-9.367345665884173
0.75,11.842992941174026
0.7272727272727273,-14.307321523550307
0.7045454545454546,-4.056740359257542
0.6590909090909091,0.2097582300051551
0.7954545454545454,-9.088509672243338
0.7272727272727273,-5.399648845842771
0.75,-15.16709932418705
0.7272727272727273,-21.1021232849078
0.7954545454545454,-9.18328912033065
0.75,-31.875247420091704
0.7272727272727273,-14.458726691827081
0.6818181818181818,-3.5765700864605
0.6818181818181818,-15.41316829690366
0.75,-19.25928306652005
0.6363636363636364,9.576977485745864
0.7045454545454546,-28.098068109793825
0.75,0.013996206202116147
0.75,-27.299561231626225
0.7272727272727273,1.4671533025283836
0.6590909090909091,-17.452992580933667
0.7727272727272727,-33.3129723083543
0.6818181818181818,-26.383069369327085
0.7954545454545454,-23.93472111893867
0.7272727272727273,-13.511770358895797
0.75,-21.69663187810821
0.7045454545454546,15.684659168409864
0.7727272727272727,-13.911532772425357
0.7727272727272727,-18.05432196682182
0.75,-18.751125429172646
0.7272727272727273,-25.218013951499767
0.7045454545454546,-4.720553720127814
0.75,-16.28603316611762
0.7727272727272727,-16.86779194804463
0.6363636363636364,-2.4427724926723227
0.6818181818181818,-9.743238091491584
0.6818181818181818,-9.881228457031984
0.7272727272727273,-19.274556045536677
0.7045454545454546,-3.713979912599099
0.6818181818181818,-10.528210164133325
0.75,-16.571715481698444
0.7272727272727273,7.993629270711088
0.8181818181818182,-32.8372794146174
0.7045454545454546,-16.7449289552664
0.75,-16.678099253880386
0.7272727272727273,-1.1431776638638647
0.7727272727272727,-18.4109852151789
0.75,-8.94059671826302
0.7272727272727273,-6.077757263915928
0.7727272727272727,-9.535580153401343
0.7727272727272727,-26.280678260861876
0.7272727272727273,-13.312958399078383
0.6363636363636364,-4.9129658539928265
0.7045454545454546,-24.56760486466243
0.7272727272727273,-14.986951284943514
0.7272727272727273,5.378973775104023
0.7272727272727273,-13.82018634607125
0.7272727272727273,-11.014168407486084
0.7272727272727273,-19.193637265650008
0.75,-26.14913633993478
0.75,-25.45856061381608
0.7045454545454546,-16.448324129847716
0.7727272727272727,0.6489674119902482
0.7272727272727273,-22.420133850763204
0.6818181818181818,-10.550729780745744
0.7272727272727273,-5.437162801852877
0.7045454545454546,17.013663855107918
0.75,-22.74038120744016
0.75,-38.783379132122235
0.8863636363636364,-35.73888905734755
0.7727272727272727,-13.263293159491873
0.8636363636363636,-39.72373907590442
0.6590909090909091,-9.072425065882815
0.7954545454545454,-18.57716127311097
0.75,-8.681395382350852
0.7045454545454546,-0.1527807213029604
0.75,-13.54645413394723
0.7954545454545454,-27.68548649217895
0.7727272727272727,-25.708714587003627
0.75,-20.285287116358823
0.7045454545454546,-25.96288104480112
0.8409090909090909,-31.196277399471377
0.7272727272727273,-5.194899948237847
0.7727272727272727,3.0203305630986974
0.75,-23.80284588952445
0.6590909090909091,-1.8551233815156463
0.7272727272727273,-19.134121417347686
0.7045454545454546,-1.8053628849555707
0.6818181818181818,-11.67906262850053
0.7727272727272727,-20.791189902808494
0.7954545454545454,-34.92908451694087
0.7727272727272727,-32.27823027164336
0.7272727272727273,-15.347420328773461
0.7727272727272727,-7.288315682910192
0.7727272727272727,-28.17302332890998
0.8181818181818182,-34.965048227106244
0.7272727272727273,-17.17339447489445
0.7727272727272727,-20.136359204784252
0.75,-15.839042812461763
0.7954545454545454,-25.755574521825267
0.7045454545454546,-15.160988579361309
0.75,-31.062445868951865
0.6818181818181818,14.04227575783285
0.7727272727272727,-20.067263028604277
0.7045454545454546,-9.816414112801175
0.75,-28.807052586693565
0.75,5.227202023802071
0.6590909090909091,3.0547674876762105
0.6818181818181818,17.94499110310625
0.8409090909090909,-37.07435351754125
0.7727272727272727,-5.4677180282896165
0.75,-38.63549181715245
0.7272727272727273,-19.38607886908407
0.75,-25.81181202862458
0.7045454545454546,-12.548841256782977
0.7727272727272727,-40.011963889337615
0.7272727272727273,-4.878447972676391
0.7954545454545454,-15.281502260481341
0.7727272727272727,1.5891752855888392
0.7272727272727273,-11.869191436035749
0.8409090909090909,-42.94724607183312
0.7954545454545454,-28.14214039960548
0.75,-23.262024041152305
0.7727272727272727,-24.05885026550615
0.7727272727272727,-30.497607357946602
0.7272727272727273,-24.82504613572629
0.7727272727272727,-28.11383181286031
0.75,-5.430906649952274
0.6818181818181818,6.1109926638692
0.7045454545454546,-11.144623810914709
0.7727272727272727,-15.44745208376376
0.7045454545454546,-7.0435313765699314
0.7727272727272727,-27.10111419169129
0.7045454545454546,-13.049268494839758
0.7727272727272727,-13.59523735788445
0.7272727272727273,-24.01615171021898
0.7954545454545454,-19.9653769768191
0.7727272727272727,-0.5417626611134897
0.7045454545454546,-20.100068065984804
0.75,-22.872856801573874
0.7727272727272727,-33.33284341030008
0.7954545454545454,-40.332844910304125
0.7727272727272727,-31.686484791767544
0.7727272727272727,-5.5191194793836305
0.7272727272727273,-18.99568214156028
0.8181818181818182,-19.790424141748762
0.7045454545454546,-14.975533456776992
0.7954545454545454,-32.11233155334852
0.7727272727272727,-14.042741859353908
0.7727272727272727,-28.615270105201805
0.7045454545454546,-7.149434348643754
0.6590909090909091,-16.553543221394456
0.7727272727272727,-23.73894098136443
0.7954545454545454,-16.94969312121958
0.7272727272727273,-10.17220240765672
0.7727272727272727,-29.510499055814957
0.8181818181818182,-26.799519582651513
0.7954545454545454,-15.946017351085397
0.8181818181818182,-20.59255551788706
0.8409090909090909,-32.84956365619062
0.7045454545454546,-25.62081687785246
0.7272727272727273,-26.727715700113357
0.75,-27.77298717371863
0.7272727272727273,-7.998144850240311
0.6590909090909091,-22.05804020050539
0.7727272727272727,-16.564999743605757
0.7272727272727273,-4.489182574572691
0.7727272727272727,-22.918500223388108
0.7954545454545454,-22.526981170991533
0.7045454545454546,-18.173086867407036
0.8181818181818182,-21.19762278676871
0.8181818181818182,-30.43287797973232
0.8181818181818182,-31.821215540573665
0.7045454545454546,-0.6472354080162923
0.7727272727272727,1.817512483514013
0.7272727272727273,-28.941828839660214
0.6590909090909091,1.0188968001930967
0.6590909090909091,-20.57038849440789
0.75,-14.305693556536466
0.8181818181818182,-22.02193710364025
0.7727272727272727,-23.238455205018184
0.8181818181818182,-10.169452113666035
0.7272727272727273,6.260855800956832
0.7954545454545454,-35.055223675250296
0.7272727272727273,-1.5407435187404184
0.7727272727272727,-27.42964337645141
0.6818181818181818,-19.97990386823384
0.7727272727272727,-28.196010354329896
0.75,-19.956883575957495
0.7727272727272727,-27.08170084897647
0.75,-29.023967676796318
0.7272727272727273,-9.016786779773309
0.7727272727272727,-17.37012138181
0.7727272727272727,-35.84866529253034
0.7727272727272727,-23.630803391117524
0.7045454545454546,0.5494563957205052
0.75,-24.04978751824567
0.75,-18.68792345865469
0.7954545454545454,-28.864793376718854
0.7272727272727273,-16.292997944621984
0.6818181818181818,-19.204040932095175
0.75,-24.179398858766433
0.75,-15.868374929798268
0.75,-32.72666535744675
0.7954545454545454,-27.69522001719456
0.8181818181818182,-31.793681260979557
0.7727272727272727,-22.374160910052538
0.75,-34.34920061151734
0.75,-10.244486556989369
0.6590909090909091,-6.819527183614466
0.7045454545454546,7.505077567009146
0.8409090909090909,-16.49027410092538
0.7727272727272727,-22.547937970577895
0.75,-22.378825389897273
0.7272727272727273,-14.818249861848425
0.6818181818181818,-25.303296577767856
0.75,-26.02945049135286
0.7045454545454546,-7.364321365080162
0.7727272727272727,-22.83916829853271
0.7272727272727273,-9.183285208973604
0.7272727272727273,-24.0294378669304
0.7272727272727273,-12.803284927467532
0.7727272727272727,-16.928382978956325
0.6590909090909091,-6.983494867554009
0.7272727272727273,-22.931352401738938
0.7272727272727273,2.593359136399042
0.75,-22.697486671377632
0.6818181818181818,-3.7107617748241584
0.7272727272727273,-14.572011860843018
0.75,-13.816495466542385
0.7272727272727273,-31.348175413904208
0.7272727272727273,-33.16467434417576
0.7727272727272727,-1.4772276493105536
0.7954545454545454,-14.476475533113586
0.7727272727272727,-27.39235623907323
0.7045454545454546,-0.5520823825488073
0.7272727272727273,-13.253516052978615
0.7727272727272727,-12.778205071062695
0.75,-20.44707342442583
0.8181818181818182,-8.091369099418745
0.75,-5.124470383064744
0.7727272727272727,-10.943951090290883
0.7727272727272727,-31.93611335134028
0.7727272727272727,-7.190825075792048
0.6818181818181818,-5.4193645131793176
0.75,-30.739349981674515
0.75,-10.931481044583945
0.75,-35.04471755628925
0.7727272727272727,-32.30333796167728
0.75,-25.421602578192825
0.7045454545454546,-12.733017255839343
0.7727272727272727,-36.3339166187963
0.8181818181818182,-33.776195871685
0.6818181818181818,-16.40461042551099
0.8181818181818182,-18.35348372429294
0.7045454545454546,-9.105667617104187
0.6818181818181818,0.9622315717070868
0.7272727272727273,6.169809173221164
0.7727272727272727,-24.21729345754193
0.75,-30.15120089563663
0.7045454545454546,-18.063929404019213
0.7045454545454546,-23.931571554484517
0.7045454545454546,-23.864712016567697
0.75,-0.7901799260814596
0.8181818181818182,-23.768911864325045
0.7272727272727273,-12.2519094141881
0.6818181818181818,-9.489210610398926
0.7727272727272727,-8.482677738705327
0.7045454545454546,5.686153455015017
0.6590909090909091,-20.07508570400913
0.6818181818181818,-15.538853870007467
0.8636363636363636,-37.229759798063306
0.7272727272727273,-12.038358989411
0.7727272727272727,-13.673327530852903
0.7045454545454546,-17.21347288867868
0.7045454545454546,-9.244725735890663
0.7045454545454546,-13.141974542252846
0.7272727272727273,4.406196755777211
0.7272727272727273,-17.289565211429693
0.7272727272727273,-12.66193981891047
0.7272727272727273,-13.833329346213254
0.7272727272727273,-32.382707619442186
0.7727272727272727,-7.381298550608069
0.8181818181818182,-21.31625208842763
0.8181818181818182,-19.828104701919372
0.7727272727272727,-8.17853488689228
0.7727272727272727,-34.49195481929652
0.7045454545454546,3.621301216505706
0.7954545454545454,-14.100225214388779
0.8409090909090909,-22.877053011711055
0.7954545454545454,-11.776436763952812
0.7045454545454546,-17.770853271643094
0.7045454545454546,-9.971112131447887
0.8181818181818182,-19.01352430020611
0.7045454545454546,-18.760167031997124
0.75,-14.688723813351764
0.7272727272727273,-27.77440375348598
0.7272727272727273,13.148448100494853
0.8409090909090909,-33.919815926466754
0.75,-8.690158515303779
0.75,1.317405464085198
0.7272727272727273,-15.078004740675828
0.8863636363636364,-45.13107152488827
0.7727272727272727,-28.144230794557664
0.75,-24.563213868494305
0.6818181818181818,-10.647057510626404
0.8409090909090909,-34.79221835153384
0.7045454545454546,-16.974308829894923
0.7727272727272727,-14.042748094472204
0.7727272727272727,-17.73264334677094
0.7272727272727273,-30.286725562665865
0.75,-16.053785963343607
0.75,-1.3875178456000428
0.7727272727272727,-18.161392011947257
0.7954545454545454,-18.13147173032649
0.7272727272727273,-26.994058921116007
0.75,-31.09723146358855
0.6818181818181818,0.5894327042286549
0.7272727272727273,-6.253924300223418
0.8181818181818182,-24.76169581225806
0.75,-21.639588485567057
0.7954545454545454,-3.508083006604949
0.7045454545454546,-27.206188033233214
0.7727272727272727,-37.6817720375243
0.7045454545454546,-18.57530722983893
0.75,7.001670845387355
0.7954545454545454,-13.840095481584349
0.75,-21.544922570194505
0.7045454545454546,3.7813826090916596
0.7272727272727273,-26.730395897820426
0.6590909090909091,2.108803677182335
0.7727272727272727,-36.24161089535065
0.7727272727272727,-37.91848249955323
0.75,-34.88408820966524
0.6818181818181818,3.6904261489840837
0.75,-11.763889404885008
0.7954545454545454,-28.494091827402034
0.7272727272727273,-23.501852312430938
0.7272727272727273,-30.2816183614756
0.75,-4.813721183023143
0.7954545454545454,-33.344531065187546
0.7045454545454546,-22.174952358733545
0.7272727272727273,-3.983933722594237
0.7272727272727273,-25.494127232615597
0.6818181818181818,-19.043581576582735
0.6818181818181818,-7.729400233616451
0.6818181818181818,-9.523809134824155
0.7272727272727273,6.094542322044625
0.7272727272727273,-8.633931721381561
0.7727272727272727,-23.319005650794473
0.8181818181818182,-30.611198853393397
0.7954545454545454,-34.62022025426353
0.7272727272727273,-8.088056665115305
0.7272727272727273,-14.04325875124939
0.6818181818181818,-12.092272413572845
0.75,-25.41264476902845
0.7727272727272727,-4.4137561453823535
0.7272727272727273,-11.943099128659014
0.7272727272727273,-10.510045220346681
0.75,-1.2914547956036297
0.7272727272727273,-14.811108234484694
0.7272727272727273,-27.920282339968647
0.7727272727272727,-2.290010795058563
0.7954545454545454,-26.203731133049292
0.7272727272727273,-9.022335773221648
0.7272727272727273,-21.93430051361403
0.7727272727272727,-17.22881702312153
0.7045454545454546,-23.166304277412145
0.7954545454545454,-24.48965457577241
0.7727272727272727,-16.23445533771978
0.7272727272727273,-22.972436921307313
0.7045454545454546,-17.01925313041456
0.6818181818181818,-3.6772109883270265
0.8409090909090909,-35.477405740928255
0.7272727272727273,-32.839086113691046
0.7272727272727273,-6.301036231921216
0.7272727272727273,-7.869575330259732
0.7727272727272727,-12.632637595998887
0.7272727272727273,-10.410106704346264
0.7045454545454546,-19.908721596882604
0.6590909090909091,4.524834462079422
0.7727272727272727,0.424659753779776
0.7272727272727273,-15.570061502628914
0.7045454545454546,-15.889075939196557
0.7272727272727273,-13.497267798629315
0.75,-26.134000236981407
0.75,-27.62767442769299
0.7727272727272727,-14.163429196511027
0.6590909090909091,-11.866106167201764
0.7045454545454546,-26.668979274458604
0.7727272727272727,-28.625190615432487
0.6818181818181818,-6.327085048605723
0.8636363636363636,-32.68660276686743
0.7272727272727273,-21.663717792506723
0.7954545454545454,-27.791724833085844
0.7045454545454546,-32.51762596045856
0.7954545454545454,-27.255408216785558
0.8181818181818182,-34.177960593772774
0.7727272727272727,-17.889329654853793
0.7272727272727273,-25.722564219563438
0.7272727272727273,-29.95153888319751
0.8409090909090909,-21.167905762027008
0.8636363636363636,-21.207831837664102
0.7272727272727273,-3.549296346890269
0.7727272727272727,-42.70585556617522
0.7272727272727273,-25.079018338357876
0.7045454545454546,-23.87605022263176
0.7045454545454546,-14.857860883388812
0.8181818181818182,-18.191397059923602
0.75,-15.864647953638222
0.7727272727272727,-31.157249972557995
0.75,-23.183959900085082
0.8181818181818182,-32.65803610051526
0.75,-34.93236894596193
0.7954545454545454,-20.031669453081335
0.75,-1.305957908959074
0.7272727272727273,-18.52580286900082
0.7272727272727273,-18.60465518284658
0.7045454545454546,-20.571022075860856
0.75,-25.62566069281239
0.6590909090909091,-9.113220182989172
0.7727272727272727,-16.0329597089433
0.6818181818181818,-11.1331236579123
0.7272727272727273,8.905059373867767
0.7272727272727273,-26.670319897936167
0.6590909090909091,-20.943307008643536
0.7954545454545454,-34.86353114201376
0.7727272727272727,-2.3826793485550493
0.7045454545454546,8.33953332583176
0.8181818181818182,-47.62544932774414
0.7727272727272727,-21.14135939597257
0.75,-28.05005383425953
0.75,-21.447772430587097
0.7954545454545454,2.139389440979301
0.7727272727272727,-25.17972137693454
0.75,-4.6726152987390455
0.6818181818181818,-25.122021264829403
0.75,-20.93883987636001
0.7045454545454546,12.735249444014618
0.7727272727272727,-34.47091056109985
0.6590909090909091,-23.67627984730609
0.7272727272727273,-5.3651057937276
0.7272727272727273,-32.16751900394779
0.7045454545454546,0.5493744602684381
0.7272727272727273,7.873014815302887
0.7727272727272727,-34.65041157274297
0.75,-14.823144354032884
0.7045454545454546,-12.413473727033084
0.6818181818181818,-15.634693954277369
0.8181818181818182,-21.423801610696287
0.8409090909090909,-34.25677057204912
0.75,0.6828375132089015
0.75,-21.75143395701124
0.7045454545454546,-21.395346920333996
0.7272727272727273,-21.500764520938485
0.6818181818181818,-0.02413398777343545
0.7272727272727273,-21.565810013519197
0.7045454545454546,-4.5474802995934915
0.75,-22.43512383084649
0.75,-14.386747886190678
0.7954545454545454,-2.9990581393885236
0.7272727272727273,-9.771392203977427
0.75,12.232029629224304
0.75,5.7568901337109075
0.6590909090909091,6.1104598554851925
0.75,-26.458020900267833
0.7272727272727273,-8.948532985584462
0.7045454545454546,-6.53211046062976
0.7045454545454546,-27.21973544980176
0.7045454545454546,-24.16156035706318
0.75,-19.57977834520382
0.7954545454545454,-31.372764827785716
0.7954545454545454,-39.78876560387735
0.8409090909090909,-30.46670956221325
0.7727272727272727,-24.75596564787436
0.8181818181818182,-12.653303495570174
0.75,2.427086746596669
0.7727272727272727,-22.1378890614786
0.7727272727272727,-33.47144603640726
0.8409090909090909,-18.062007531449407
0.7045454545454546,-28.25962085116939
0.6590909090909091,-19.06930240881888
0.75,-18.083565549923318
0.75,-13.561399677149488
0.6818181818181818,-14.496098841392387
0.7727272727272727,-31.147811843091844
0.7272727272727273,-21.719720320688953
0.7045454545454546,-22.785940447182615
0.7272727272727273,-24.41260919241586
0.8636363636363636,-39.8199397775146
0.7272727272727273,-8.37625115969713
0.75,-13.92725452280497
0.7272727272727273,-19.015122484636233
0.7727272727272727,-30.944490770816607
0.6590909090909091,-1.485653868748062
0.6590909090909091,-15.474297608381484
0.7272727272727273,-19.134738939285107
0.7272727272727273,-3.5197188309447855
0.8181818181818182,-36.168826104606374
0.7045454545454546,-15.867912190119357
0.75,-35.524140483680476
0.7272727272727273,1.4985043863933223
0.7727272727272727,-29.62575670706863
0.7272727272727273,-21.34385590625371
0.7727272727272727,-14.749185425446756
0.7045454545454546,-5.110348918727934
0.7045454545454546,5.470272520483054
0.75,-18.989385283213167
0.7727272727272727,-18.916552828280615
0.7727272727272727,-23.565346881047006
0.7954545454545454,-10.349011601466472
0.7272727272727273,-10.708685679660793
0.7045454545454546,-9.89286647211049
0.7045454545454546,-12.735374736651403
0.8181818181818182,-27.046664184179736
0.7045454545454546,-18.85725865697246
0.7272727272727273,-18.822721205131383
0.7727272727272727,-16.785060099657628
0.8181818181818182,-20.55786287816292
0.7727272727272727,-30.6338693371487
0.6818181818181818,-10.627381846859544
0.8181818181818182,-23.454731004893503
0.7954545454545454,-33.64948352311767
0.6818181818181818,-1.0039690653112372
0.7272727272727273,-18.580645295329703
0.75,-21.961062945898544
0.7272727272727273,-24.072300062067836
0.6818181818181818,-14.10327114636351
0.7045454545454546,-8.769154054948363
0.7272727272727273,-17.17058251103483
0.7954545454545454,-25.079494897438064
0.6818181818181818,-2.4102843037916677
0.75,-19.309872132043907
0.7045454545454546,-21.48842368361161
0.7727272727272727,-25.306897005107224
0.7272727272727273,-17.2973447717914
0.7272727272727273,-17.633436543063702
0.7954545454545454,-9.407222791769097
0.7727272727272727,-22.251470752381717
0.7272727272727273,4.5156842402623285
0.7045454545454546,-9.270271229834819
0.7045454545454546,-18.860967252190985
0.7272727272727273,-4.636093037539049
0.8181818181818182,-23.217449702367166
0.7272727272727273,-4.443438458002721
0.7954545454545454,-16.058058833119997
0.75,-0.021451434273606133
0.8409090909090909,-17.54701644207779
0.7954545454545454,-30.558446072171332
0.75,-30.728450994703245
0.7045454545454546,-32.43704833982936
0.7045454545454546,-23.280372378873547
0.75,-10.584820310080408
0.6818181818181818,-6.874773476921354
0.7727272727272727,-13.827367285052132
0.7954545454545454,-32.8652945694769
0.7727272727272727,-19.16619126716895
0.7045454545454546,-24.570532265164285
0.6818181818181818,6.895807517126652
0.7727272727272727,-8.476542539050062
0.7954545454545454,-23.36547991608863
0.7272727272727273,-5.18780877054767
0.7727272727272727,-33.60733389946594
0.7727272727272727,-30.522846494986233
0.8409090909090909,-31.679152114555766
0.7272727272727273,-2.585872225622353
0.7727272727272727,-24.12848121674944
0.75,-18.94005904114704
0.6818181818181818,-23.385501479739602
0.7727272727272727,-36.123046009679044
0.7045454545454546,-14.063501834997972
0.75,-22.062410990888203
0.7727272727272727,-0.5625683406062866
0.7045454545454546,12.277448786419985
0.7727272727272727,-29.207080800275868
0.7272727272727273,-18.621603128528278
0.7272727272727273,-16.492671721273933
0.6818181818181818,-20.99144486331504
0.7272727272727273,-22.186856221621007
0.6818181818181818,-7.173723478259117
0.8409090909090909,-24.81668559473369
0.7727272727272727,-25.342175752943593
0.75,-16.832178841178827
0.7045454545454546,-24.20699437745077
0.8636363636363636,-28.44285491537481
0.75,-19.931181722019595
0.7727272727272727,-13.00965803381224
0.6818181818181818,0.6768650411053421
0.7727272727272727,-31.706801335756083
0.7045454545454546,10.797153585441622
0.6818181818181818,1.0148659417853303
0.7727272727272727,-10.390347453225512
0.7045454545454546,-25.02804700308076
0.7727272727272727,-29.655217247956134
0.7272727272727273,-13.799357245982355
0.7045454545454546,-27.025887244114493
0.7727272727272727,-27.230477124642867
0.6590909090909091,-16.15767493236518
0.7272727272727273,-14.539210186006596
0.6590909090909091,-3.492241303972499
0.75,-26.83225358809932
0.6818181818181818,3.1633317584367053
0.7954545454545454,-17.145413131049345
0.7045454545454546,-26.18865078279081
0.7727272727272727,-15.002766741667807
0.8181818181818182,-36.16509797640598
0.75,-23.428720770356048
0.7727272727272727,11.93764938382365
0.75,-35.8719049410205
0.7272727272727273,-5.12466294064722
0.7727272727272727,-26.7534203617545
0.7272727272727273,-20.450740843691335
0.6590909090909091,-22.440181577915446
0.7727272727272727,-6.602831552540133
0.6818181818181818,-8.824004491390774
0.7727272727272727,-9.33519670125524
0.6590909090909091,-16.15002087352511
0.75,-23.70321178753634
0.7272727272727273,-14.757712119354496
0.75,-16.63940586084813
0.8181818181818182,-27.441069381995497
0.6818181818181818,-15.085363964442221
0.8636363636363636,-40.58405781210483
0.75,-9.581078561357224
0.75,-31.522658448157127
0.7045454545454546,14.024081133316143
0.7272727272727273,-23.291678212851306
0.7045454545454546,-11.087063599263727
0.75,-17.30319238826688
0.75,-16.29561894094355
0.7954545454545454,-14.289950164599754
0.75,-22.236782033438903
0.7727272727272727,-15.421939579071472
0.75,-27.246351957693356
0.7727272727272727,-28.104041591995703
0.6818181818181818,-6.202962726067392
0.8181818181818182,-36.449823702271374
0.75,-17.455634053886318
0.7727272727272727,-8.860915038227732
0.75,-20.196079729954086
0.7727272727272727,-34.65373568208341
0.7727272727272727,-21.595049345665238
0.7272727272727273,-11.129259258743716
0.75,-33.42258535420322
0.7727272727272727,-25.83286343697114
0.6590909090909091,-5.015258071312816
0.8636363636363636,-28.300288264448284
0.8181818181818182,-24.444622780266048
0.6363636363636364,20.33796958380353
0.75,-21.110707328562345
0.8181818181818182,-35.11005295409699
0.7272727272727273,-5.701838868214869
0.7727272727272727,-22.206509909163042
0.7954545454545454,-20.16786644820509
0.7272727272727273,-6.74327591752442
0.7045454545454546,-6.170218688808124
0.7272727272727273,-12.299192394031481
0.7272727272727273,-27.81975516175423
0.7954545454545454,-19.182939250610815
0.7272727272727273,-0.7810725091137743
0.7272727272727273,-23.081520265877696
0.7045454545454546,-24.373043465080755
0.7727272727272727,-19.249755041810694
0.7045454545454546,-10.284088439164659
0.6363636363636364,-2.1809333510884343
0.6818181818181818,1.8294720136670188
0.7045454545454546,-25.650878708208687
0.7272727272727273,-2.193709053145214
0.7727272727272727,-19.303930895299683
0.75,-22.479468999310342
0.7045454545454546,-28.38451134024035
0.8409090909090909,-24.221654174161117
0.7272727272727273,-15.703397971927943
0.7727272727272727,-12.048055759144352
0.7727272727272727,-7.932966964629199
0.7954545454545454,-30.747933602297156
0.75,-20.040514129525594
0.8409090909090909,-31.07078148725633
0.7727272727272727,9.631302643568622
0.7272727272727273,-10.888250486913334
0.75,-25.905536719458336
0.7045454545454546,-19.34061364413668
0.7272727272727273,-25.990833151686562
0.75,-18.88723929443666
0.7045454545454546,-17.320375011256395
0.7045454545454546,-27.507069924224087
0.6590909090909091,-17.73322959172449
0.75,-21.545832468933817
0.7954545454545454,-27.053613825457273
0.7272727272727273,-25.858655676665492
0.7045454545454546,-22.80403919950299
0.75,-19.89387487738068
0.75,-27.918013496682406
0.7272727272727273,-24.896484016293808
0.7272727272727273,-28.321713452825687
0.7727272727272727,-28.091544697547587
0.7045454545454546,-14.013220591291175
0.7954545454545454,-30.07258709977634
0.8181818181818182,-30.445937081733895
0.7727272727272727,-14.77218310176885
0.7272727272727273,-13.477213658963246
0.75,-23.527742842400574
0.8181818181818182,-3.054360002132428
0.7954545454545454,-33.77815161678698
0.7045454545454546,-5.488788763128205
0.6590909090909091,-21.166226452571337
0.7727272727272727,-30.57852980242151
0.75,-17.97382123978468
0.8409090909090909,-17.383705888349155
0.7727272727272727,-10.893114594897114
0.6590909090909091,-5.691884119932218
0.6818181818181818,-29.086551927466385
0.75,0.2689556694139154
0.75,-14.672911213237295
0.75,-30.951206438291504
0.75,-18.764589657259773
0.7272727272727273,-9.466215680232887
0.7272727272727273,-27.213246118917322
0.7272727272727273,-21.94962014717423
0.7272727272727273,-29.55249486008005
0.75,-25.42479286476707
0.6818181818181818,-21.8211076791015
0.8181818181818182,-25.822392619929516
0.7272727272727273,-13.084775907220164
0.6590909090909091,-5.759532445541044
0.8181818181818182,-25.665556174518887
0.75,-22.409760434986673
0.75,-6.297086191063846
0.6818181818181818,13.366887921279623
0.7727272727272727,-21.623919996111404
0.75,-29.208693007763713
0.7272727272727273,-25.90296897037532
0.6818181818181818,0.11321026623606043
0.7272727272727273,-18.15228132977419
0.7045454545454546,-5.090092439802626
0.7272727272727273,-25.150192462888807
0.8181818181818182,-21.094294669445357
0.7272727272727273,-18.327666016594375
0.6590909090909091,1.1162222832333677
0.7045454545454546,-19.787870208172794
0.7727272727272727,-29.684135283615422
0.7954545454545454,-35.12149700321368
0.7272727272727273,-2.9073978981776682
0.8181818181818182,-26.044123427994887
0.75,-23.13226297259666
0.7272727272727273,-30.124806341311004
0.75,-23.738844977010274
0.75,-11.138517561740235
0.7045454545454546,-18.634126554450937
0.6363636363636364,-18.44677353221567
0.6818181818181818,-11.23033877036887
0.75,-30.612890767683144
0.75,-30.473361361384942
0.7727272727272727,-7.664859835130636
0.75,-10.347081118745454
0.7045454545454546,-3.9927918873618116
0.7727272727272727,-22.888432788257777
0.75,-14.727631988538262
0.8409090909090909,-32.79024277835738
0.7045454545454546,-20.801098479909992
0.7954545454545454,-28.83807080576639
0.7045454545454546,-2.548645298408879
0.8181818181818182,-31.78035602549335
0.6818181818181818,-17.834383038896604
0.7954545454545454,-17.304663165682204
0.75,-19.5477066004929
0.7727272727272727,-15.341794448574195
0.7272727272727273,-0.6118796538440191
0.7272727272727273,-22.559445616588974
0.7727272727272727,-22.088761591295977
0.6818181818181818,-11.706152331752964
0.7954545454545454,-22.053121278996336
0.75,-19.508628961434383
0.8181818181818182,-24.35280619249347
0.7727272727272727,-37.50339822430812
0.7045454545454546,-6.383736174771986
0.7727272727272727,-21.431881458371166
0.75,3.3661366583347583
0.7045454545454546,-20.04675298530975
0.7727272727272727,-21.44745402127385
0.7045454545454546,-17.871155766814724
0.7954545454545454,-23.63595842904022
0.7272727272727273,-20.58981974944842
0.7727272727272727,-40.13695639798636
0.75,-14.113950628889324
0.7727272727272727,-11.607559900235048
0.7727272727272727,-27.531529399144052
0.7727272727272727,-15.823954559394098
0.7954545454545454,-40.078038588022075
0.75,-5.085581872786537
0.75,-17.053599899288262
0.7954545454545454,-28.56793018630542
0.7045454545454546,-11.383250677569654
0.7954545454545454,-23.296947378483722
0.7727272727272727,-14.466920519645317
0.7045454545454546,-17.45965241575419
0.75,-19.350212690619443
0.7954545454545454,-25.939173694582497
0.7727272727272727,-21.737509242208933
0.7045454545454546,7.412892041687234
0.7727272727272727,-27.028371942518632
0.6818181818181818,-19.486643115176317
0.6818181818181818,-21.395200937118048
0.7727272727272727,-30.18309507135258
0.75,-17.46563337369486
0.7045454545454546,-6.733090204240074
0.7954545454545454,-30.364416954969954
0.75,-26.895990305679558
0.7272727272727273,-13.580941771817503
0.6818181818181818,-13.693742452964505
0.7045454545454546,-3.8701751670352023
0.7727272727272727,-27.44649840487618
0.7272727272727273,-24.87411879340559
0.75,-16.372836777294353
0.75,-16.91201984693714
0.7954545454545454,-24.477085969944053
0.7272727272727273,-27.441701532647745
0.7272727272727273,-16.555422530821133
0.7727272727272727,0.5477057543283443
0.8409090909090909,-35.66296830974895
0.7045454545454546,-2.3940573761149255
0.7954545454545454,-23.73675665414829
0.8409090909090909,-35.25355908837257
0.7272727272727273,-15.04316252868068
0.75,-34.099846043861994
0.6818181818181818,-20.868101558040436
0.7272727272727273,-20.771345279455918
0.6818181818181818,-2.6938918782846417
0.75,-23.988699358611765
0.75,-11.737033055977395
0.75,-35.47593721323028
0.7272727272727273,-10.766523182255783
0.7272727272727273,-18.070941450796056
0.7045454545454546,4.47407035775998
0.7727272727272727,-16.679871453804022
0.8181818181818182,-24.514536909738982
0.8409090909090909,-32.04634638193041
0.7272727272727273,-18.201384084403653
0.8181818181818182,-43.9423000538495
0.6590909090909091,-19.98127597797441
0.7272727272727273,-11.804020077817121
0.8181818181818182,-19.472135877369706
0.7954545454545454,-10.744688927225203
0.7045454545454546,-7.4690552653451086
0.7272727272727273,-24.81805775753211
0.75,-30.192442266205372
0.7727272727272727,-26.555767069428487
0.7272727272727273,-22.478055098467504
0.8181818181818182,-26.779441404611546
0.7272727272727273,-29.93191669033453
0.75,-24.094132211723657
0.7272727272727273,-6.068595953523674
0.75,-36.786048557072064
0.75,-7.74525156508217
0.7272727272727273,-28.497572629299512
0.7272727272727273,-3.370541915960594
0.6818181818181818,-33.206594572621064
0.7272727272727273,-27.11129132105236
0.7045454545454546,-8.057660361500323
0.7272727272727273,-18.49256715609155
0.7045454545454546,-17.19618947662789
0.8181818181818182,-38.915450115588506
0.7045454545454546,-8.959015787624692
0.7045454545454546,9.244221214387146
0.7954545454545454,1.0762787108894605
0.8181818181818182,-19.152864980805223
0.75,7.8300244568661945
0.7272727272727273,-7.837162510679639
0.6818181818181818,0.2636221243482792
0.7272727272727273,-17.185789811986787
0.8181818181818182,-28.574075570302558
0.7272727272727273,-12.229662616162756
0.7272727272727273,-25.77242615407389
0.7727272727272727,-20.68485809543718
0.7045454545454546,0.17652459390869524
0.7045454545454546,-5.315480037480179
0.6818181818181818,-17.890933826322705
0.8181818181818182,-32.01568440960926
0.7954545454545454,-22.141768177454523
0.6818181818181818,-10.774205173934337
0.7727272727272727,-4.532010176282264
0.7272727272727273,-18.90717607829758
0.7045454545454546,-19.02670703799982
0.7272727272727273,-5.253022924674118
0.7727272727272727,-19.041589973176237
0.6590909090909091,-8.564030886317475
0.7727272727272727,-18.353486462193118
0.7727272727272727,-29.96891736200936
0.7727272727272727,-33.04453753415716
0.7727272727272727,-18.507876663079763
0.75,-15.305287616046348
0.7727272727272727,-19.677881372566436
0.7727272727272727,-34.09920026721316
0.7727272727272727,-28.31917540159219
0.7727272727272727,-11.789322917733115
0.7272727272727273,-11.77702396538656
0.8409090909090909,-28.706976160983004
0.75,-22.755898139257894
0.7954545454545454,-25.468081326006004
0.6818181818181818,-14.421359725367587
0.8181818181818182,-15.087396359940525
0.7272727272727273,-33.57834481910194
0.7954545454545454,-29.58261987710945
0.7045454545454546,-18.100685323035272
0.6818181818181818,-2.23890008107363
0.7272727272727273,-32.65462618666755
0.8181818181818182,-36.566983111825046
0.8636363636363636,-46.02570370315011
0.7272727272727273,-17.96538485784754
0.7045454545454546,-1.5243306481432806
0.7045454545454546,5.823296216342871
0.75,-12.280915329082996
0.6818181818181818,-7.6607249262754635
0.7727272727272727,-12.613893393419367
0.6590909090909091,-19.777838154605046
0.75,-26.923796256984836
0.6818181818181818,-6.818704705163071
0.75,-24.131418956259708
0.7727272727272727,-29.97717317271972
0.7272727272727273,-33.13752194461907
0.75,-15.520237564667644
0.7727272727272727,-19.83744723579606
0.7727272727272727,1.9043740114188061
0.75,-18.885064017037408
0.75,-25.413214135149417
0.7272727272727273,-20.43824760354332
0.6590909090909091,12.851708748674158
0.7954545454545454,9.986680682567432
0.75,-12.72034130830992
0.75,-24.475407060966322
0.75,-33.238446210963204
0.75,-15.499296207948321
0.7272727272727273,-19.55669335578485
0.75,-2.21713648054095
0.75,-15.045904821369483
0.7272727272727273,-26.156682918762098
0.75,-22.199438358005782
0.7272727272727273,-19.23482720525046
0.7727272727272727,-14.654245990459419
0.75,-1.3714606108023892
0.7727272727272727,-24.491875301049063
0.7727272727272727,-18.446920616862872
0.7727272727272727,-15.997842319244604
0.7272727272727273,-14.462616790970209
0.75,-28.463399215955224
0.7954545454545454,-14.544320097243844
0.7954545454545454,-25.784697630126892
0.7045454545454546,-26.80331269519752
0.75,-26.938737219443475
0.7272727272727273,11.747942882754247
0.7727272727272727,-13.883631344425169
0.75,12.709052644986725
0.7954545454545454,-4.467070392355894
0.7272727272727273,-23.055145498919895
0.7727272727272727,-9.41939884737464
0.7727272727272727,-26.393404675543483
0.7727272727272727,-20.352595267999973
0.7727272727272727,-18.87840948952655
0.7727272727272727,-28.37916035770185
0.75,-12.07142431014728
0.7272727272727273,-22.371905811094663
0.8181818181818182,-16.397935893249016
0.6818181818181818,-26.561953892900842
0.75,-18.91117767891185
0.6818181818181818,-18.49425083658879
0.7045454545454546,-28.95368822612681
0.8181818181818182,-14.74662752245029
0.75,-26.895682684274174
0.7272727272727273,-16.621210229392727
0.7727272727272727,-31.018120413509834
0.8181818181818182,-11.333441294997225
0.75,-13.41694066366532
0.7727272727272727,-13.150913883953628
0.8181818181818182,-24.246304129703287
0.7272727272727273,-20.220119157926117
0.75,-20.128748876690647
0.7272727272727273,-19.608369628646827
0.7727272727272727,-26.631024091175686
0.7272727272727273,-20.258858804461088
0.8409090909090909,-30.11038410025031
0.75,-8.899118434819306
0.7045454545454546,-15.632091357099528
0.7045454545454546,-15.67855051846953
0.7727272727272727,-24.70658308581377
0.7727272727272727,-26.691797774389446
0.7045454545454546,-16.955652638834927
0.6590909090909091,-11.836623733806828
0.7045454545454546,-8.877956589063077
0.6818181818181818,-10.4605212773751
0.7272727272727273,-20.338267591575768
0.7954545454545454,-19.360159185872952
0.8181818181818182,-19.311307624668338
0.6590909090909091,-14.085476652826323
0.8636363636363636,-31.117445707613793
0.7954545454545454,-26.81037642323542
0.7727272727272727,-12.409139004035397
0.7727272727272727,-6.442619617444529
0.7045454545454546,-20.073507987365534
0.7727272727272727,-9.901858865193288
0.7045454545454546,-17.77265251222169
0.7045454545454546,-13.105944789019667
0.7045454545454546,-0.084612622469828
0.7727272727272727,-18.257535395995653
0.7727272727272727,-28.53553557330224
0.6590909090909091,-2.2458226721813834
0.7954545454545454,-30.543589012758
0.7272727272727273,-27.8298554525021
0.75,-34.82923397608229
0.7272727272727273,-19.842512510932835
0.7954545454545454,-33.92048854229425
0.7272727272727273,-13.65195639204145
0.8636363636363636,-37.65500671027252
0.7045454545454546,-13.013728344790422
0.8181818181818182,-22.19507828228061
0.8181818181818182,-28.178532932494488
0.7727272727272727,-30.254386845121324
0.75,-8.28292125492604
0.7045454545454546,-17.150763655207218
0.7272727272727273,-24.05210414620126
0.75,-21.795447015267214
0.7045454545454546,-11.955539417094682
0.7272727272727273,-32.77703494776509
0.75,2.6430064153964836
0.7272727272727273,-22.82149089834203
0.7727272727272727,-8.304766285213121
0.6590909090909091,1.030636851572153
0.7272727272727273,-14.821530491141784
0.7727272727272727,-21.231272243910436
0.8636363636363636,-32.826321396719294
0.8181818181818182,-28.426572029241445
0.6818181818181818,-5.449198005967181
0.7272727272727273,-5.3887108136810244
0.7727272727272727,-17.044824764755017
0.75,-16.380999889560005
0.7045454545454546,-7.116359201392111
0.7272727272727273,-23.228897069863606
0.7272727272727273,-24.53534973952406
0.7045454545454546,-7.166196888692647
0.6590909090909091,12.403442275413836
0.7727272727272727,-20.366595987553605
0.75,-19.546712748499075
0.75,-9.657519069798003
0.7727272727272727,-31.958835862757883
0.8636363636363636,-44.202815393188466
0.7954545454545454,-27.98678136774679
0.7727272727272727,-22.043302865762293
0.75,-9.762330475561212
0.75,18.455166695652643
0.6590909090909091,-10.336855668330655
0.75,-18.911441676319
0.7272727272727273,-29.995580312359717
0.75,-9.177470380988408
0.75,-33.11443371398196
0.7045454545454546,19.742121412038276
0.75,-25.08776593532558
0.6590909090909091,-5.068787864963324
0.7954545454545454,-40.68106318492289
0.7272727272727273,0.8523125153883151
0.7272727272727273,-13.512916639905603
0.7272727272727273,-15.987594684207359
0.7727272727272727,-21.690532609245526
0.7727272727272727,-22.444977975562992
0.6818181818181818,-7.370482715992851
0.8181818181818182,-16.712339920933086
0.8636363636363636,-25.128745077711702
0.75,-10.984817456808658
0.7045454545454546,-7.220415779730442
0.7727272727272727,-17.24320045497201
0.7727272727272727,-31.12837655243445
0.7727272727272727,-28.386781977815122
0.7045454545454546,-18.481060310275776
0.7954545454545454,-31.18128027509462
0.7272727272727273,-24.89249922799031
0.7272727272727273,-25.328348392594208
0.8181818181818182,-31.100653783763388
0.7045454545454546,-24.906563035120573
0.6590909090909091,-7.241905322636087
0.75,-22.98355682143909
0.75,17.2095520673607
0.7272727272727273,-2.015700526222464
0.8863636363636364,-35.96759980364194
0.7727272727272727,-20.847236853951554
0.8181818181818182,-29.0326085492499
0.7954545454545454,-19.644607394422565
0.6818181818181818,-10.207164400276232
0.75,-3.495476526001893
0.7954545454545454,-33.67013967318567
0.8409090909090909,-26.712817653653907
0.7272727272727273,-26.846689424624902
0.6818181818181818,-4.017971741864731
0.7727272727272727,-13.730851563022991
0.7045454545454546,-8.31885346083393
0.7045454545454546,-3.6749922011947986
0.7272727272727273,-23.105185515377297
0.7272727272727273,-25.016231999898253
0.7954545454545454,-15.536759904863697
0.7272727272727273,-22.654679172991347
0.6818181818181818,-1.9947896500970925
0.7272727272727273,-25.28980509498482
0.7272727272727273,-14.083276051652883
0.7954545454545454,-30.221767847620097
0.75,-16.132794586000788
0.7727272727272727,-14.013353002809566
0.7272727272727273,-21.97862228294686
0.6590909090909091,-9.834738776468594
0.7727272727272727,-28.772217226065006
0.7045454545454546,-10.627210774312958
0.7272727272727273,-6.808257208037521
0.7272727272727273,-27.168392561155326
0.7045454545454546,-18.268669051030777
0.6590909090909091,-28.062800018042
0.7045454545454546,-9.46197247396761
0.75,-24.846471551329294
0.75,-16.649102347505234
0.7727272727272727,-5.621944092555889
0.7727272727272727,-20.252256435551246
0.7272727272727273,-25.664356284900915
0.6818181818181818,-9.633335187569472
0.7272727272727273,-3.6942847330589457
0.6818181818181818,-22.12440395640333
0.7727272727272727,-6.5048967734635434
0.7727272727272727,-30.669064697819554
0.75,-22.062909880394493
0.75,-6.645187124667519
0.7272727272727273,-19.661499359494567
0.7045454545454546,-7.549045853622843
0.7727272727272727,-18.545352596711368
0.7954545454545454,-26.253816916829383
0.8181818181818182,-37.07519723124162
0.7272727272727273,-12.916797275893732
0.75,-18.65738229809284
0.8636363636363636,-36.498097528013695
0.7045454545454546,-6.469709470353104
0.7272727272727273,-22.63980138069256
0.8181818181818182,-31.26304726671469
0.7727272727272727,-31.193903214813965
0.75,-18.367136053535265
0.8181818181818182,-13.902374465455823
0.7727272727272727,-25.534024725165327
0.75,-23.469967819918576
0.7954545454545454,-26.566747475405847
0.7272727272727273,-9.273112934372783
0.7954545454545454,-29.879368229840143
0.75,-20.379322900244038
0.75,-10.123744989475496
0.6590909090909091,7.5331167786725866
0.8409090909090909,-37.90071333770012
0.75,-22.88977857441664
0.7727272727272727,-15.503664851569768
0.75,-23.251459425133916
0.6590909090909091,-14.518663370600944
0.75,-2.256007185518614
0.75,-13.884040910208865
0.75,-22.844001702441133
0.8181818181818182,-33.186793502760196
0.75,-11.84014788587536
0.7727272727272727,-20.60820422940584
0.75,-16.453261825350666
0.7272727272727273,-29.03390788636849
0.75,-5.318963487506417
0.8181818181818182,-32.90683836141696
0.7272727272727273,-23.394963060966653
0.8409090909090909,-33.20226507431158
0.7272727272727273,-19.48962432727396
0.7727272727272727,-13.486331524897905
0.7954545454545454,-16.995315457951282
0.7272727272727273,-7.683784944612298
0.7045454545454546,-22.610348859102213
0.7727272727272727,-16.423668017256464
0.75,0.28951088767334004
0.7954545454545454,-29.42693850131815
0.6818181818181818,-12.595593336256663
0.75,-22.57525524945556
0.75,-8.634553014139478
0.7727272727272727,-33.04003379016511
0.7045454545454546,-13.373977180991728
0.75,-27.390048443053356
0.7272727272727273,-1.4634002057495004
0.7727272727272727,-7.448944546476363
0.7045454545454546,-3.7399723650912
0.75,-19.647619198358562
0.75,-15.233787727701404
0.75,-16.641792397490732
0.7727272727272727,-37.21495138749786
0.7045454545454546,-7.712333823377221
0.75,-10.306416032313281
0.7272727272727273,-8.84136108838145
0.75,-14.294697816195793
0.7045454545454546,-23.455481761224892
0.7045454545454546,-23.21989278345649
0.75,-15.966846351960932
0.7272727272727273,-17.32041823848562
0.7045454545454546,-2.7609964464827885
0.7272727272727273,-12.089509153417934
0.7272727272727273,-17.352079475369933
0.7045454545454546,-15.815109960762156
0.7954545454545454,-11.239737466775585
0.7727272727272727,-31.793361836153107
0.6818181818181818,-30.42827963440626
0.7727272727272727,-10.889613863827039
0.75,-25.314529084321624
0.8409090909090909,-12.301355630775491
0.75,-25.848676240888263
0.75,-27.112567154006683
0.7727272727272727,-15.854982690478975
0.75,-14.339047439767512
0.7727272727272727,6.254183195596587
0.8409090909090909,-28.630656047337382
0.6818181818181818,-18.113172501177477
0.75,-15.623529175321021
0.7272727272727273,-8.883166992339442
0.7045454545454546,-16.16868909577478
0.7272727272727273,-25.41835596333709
0.6590909090909091,-11.93082424679344
0.7727272727272727,-21.64102821149869
0.6818181818181818,-20.234020686507673
0.7954545454545454,-33.66568463702825
0.7954545454545454,-31.91432197155617
0.8409090909090909,-9.435937480058348
0.6818181818181818,-18.483296445356906
0.7727272727272727,-23.165438687938874
0.7272727272727273,-31.339558544041527
0.6818181818181818,-12.361777940964298
0.75,-22.197380906717
0.7045454545454546,-9.307615944975295
0.75,-19.78831085778791
0.7272727272727273,-13.5956097741848
0.7727272727272727,0.5913977469216589
0.8181818181818182,-28.376432846207287
0.7272727272727273,-7.316199841931216
0.6590909090909091,-11.055764515158987
0.6818181818181818,-27.03874255219373
0.7954545454545454,-31.873023803028847
0.75,-22.698289516339276
0.6818181818181818,-23.50993975984104
0.7954545454545454,-13.618557159318835
0.7954545454545454,-23.739745673087814
0.75,1.9277224601434826
0.7272727272727273,-17.95581024676042
0.7727272727272727,-28.742816955754883
0.7045454545454546,-31.856743466457726
0.7272727272727273,-28.978417884905195
0.7272727272727273,1.08612722128552
0.7045454545454546,-3.625652740739231
0.8863636363636364,-34.784777281989236
0.7272727272727273,-17.089472998549187
0.75,-7.95165456942797
0.7272727272727273,-13.914581164608888
0.7045454545454546,-18.771377508249323
0.6818181818181818,-10.604560768538782
0.7727272727272727,-40.872240821106764
0.7727272727272727,-17.18627383692092
0.75,-22.527624245502608
0.7272727272727273,-11.658668299473664
0.7045454545454546,-3.3017943496964026
0.7954545454545454,-1.2370662619667037
0.7045454545454546,-8.832016691485611
0.75,-26.632268577372066
0.7954545454545454,-33.61840149001238
0.7272727272727273,-12.127425649018438
0.7727272727272727,-12.323752905017152
0.7045454545454546,-6.900243504872846
0.8181818181818182,-12.910498233426654
0.7045454545454546,-18.353369853479716
0.6818181818181818,-22.70588026415137
0.7272727272727273,-31.820167599875756
0.75,-31.40233411925045
0.7727272727272727,-17.017256601437126
0.75,-27.75730800276797
0.7727272727272727,-19.15337051869902
0.7727272727272727,-22.927063853795254
0.7272727272727273,-20.480784573903676
0.6818181818181818,-19.08371098123246
0.7045454545454546,-2.555839050071152
0.75,-16.547088995994297
0.7272727272727273,-26.98400216764227
0.7954545454545454,-27.796019696614863
0.8181818181818182,-22.66913639791038
0.8863636363636364,-33.22102821593941
0.7727272727272727,-13.56160394213395
0.75,-15.29412685061255
0.7272727272727273,-21.793485159822126
0.7727272727272727,-21.574938109526446
0.7045454545454546,-13.561594684943067
0.7272727272727273,-9.410717277625158
0.8181818181818182,-39.98105163788841
0.75,-21.165881780442586
0.7045454545454546,-5.161960581564538
0.75,-25.79908261756066
0.7272727272727273,-18.543019400434595
0.7727272727272727,-22.915895685336693
0.7045454545454546,-23.399187806569966
0.7045454545454546,-15.927064653588571
0.7727272727272727,0.4041932206459016
0.7272727272727273,-23.22590033631802
0.7045454545454546,-10.150973863842852
0.7045454545454546,-24.309220155245985
0.7727272727272727,-25.679968650666375
0.7727272727272727,2.2396503849367093
0.7272727272727273,-24.541953365087775
0.7727272727272727,-16.853893234628075
0.7045454545454546,-14.831120979609404
0.7045454545454546,7.080907647636803
0.7272727272727273,-22.961490699617514
0.7272727272727273,-15.979650606593282
0.8409090909090909,-40.64520705193635
0.7045454545454546,-22.40510700381895
0.7272727272727273,-25.37697159677435
0.75,10.2819631477605
0.75,-12.701153053750561
0.7272727272727273,-9.481630956216343
0.7727272727272727,-20.118022575843415
0.6818181818181818,-24.652664424590853
0.7272727272727273,-19.61403812131557
0.8181818181818182,-38.20893125077155
0.8409090909090909,-40.81813769753236
0.75,-26.1125458937566
0.7727272727272727,-13.128713970531038
0.75,-4.867300555292318
0.8181818181818182,-16.226644677633182
0.75,-28.13265225095257
0.75,-17.02523143545749
0.7727272727272727,-11.611103096232325
0.7727272727272727,-14.16139137117622
0.75,-13.590022409581353
0.7045454545454546,-10.30012802966019
0.7045454545454546,-0.26802503355405705
0.7727272727272727,-26.151916637639932
0.7272727272727273,-20.730215989071624
0.6590909090909091,0.43473907178904203
0.7045454545454546,-9.73329978291194
0.7954545454545454,-8.640200374062063
0.6590909090909091,-8.63559989578198
0.6818181818181818,-7.096854402892247
0.75,-23.489699593690183
0.75,8.715340176556024
0.7045454545454546,-8.770862851564056
0.75,-27.02502804822011
0.6590909090909091,-24.919027926434843
0.7272727272727273,2.998365937793042
0.75,-27.194706618983638
0.7045454545454546,-29.111625283934405
0.75,-20.719306100465896
0.8409090909090909,-24.742706222893215
0.7045454545454546,-16.082223872831577
0.6818181818181818,-10.012212211859943
0.7954545454545454,-16.34574175231984
0.6818181818181818,-21.51794055783233
0.7954545454545454,-17.87072262341599
0.7954545454545454,-25.831080649885088
0.7272727272727273,-24.632575299663166
0.6590909090909091,-5.309287575651956
0.75,-22.80649245337868
0.7727272727272727,-22.503167526776853
0.7954545454545454,-33.57334473732273
0.8409090909090909,-27.9686157440664
0.7727272727272727,-32.93618014182257
0.7272727272727273,-11.298106693486206
0.7045454545454546,-18.090769457432064
0.7045454545454546,-25.473939877489638
0.75,-14.338850150588469
0.7727272727272727,-29.136683731720005
0.8181818181818182,-23.56593651650348
0.6590909090909091,-6.581941260635051
0.7045454545454546,-0.7288514549155646
0.8409090909090909,-34.2980803583731
0.7045454545454546,-8.273630831267507
0.7272727272727273,1.41535809680039
0.75,-27.56098131549111
0.7272727272727273,-12.340840657031471
0.8181818181818182,-35.27958056136063
0.8181818181818182,-17.369495892998188
0.6590909090909091,-13.751127427128772
0.6363636363636364,1.030159253991936
0.7954545454545454,-2.8819956643421225
0.7954545454545454,-22.047202096521676
0.7954545454545454,-35.76750320069011
0.7272727272727273,3.863758935337108
0.7045454545454546,-1.8327237421714129
0.6818181818181818,-27.063036098735417
0.75,-25.4502263464349
0.7272727272727273,-11.948878833393115
0.75,-20.52646545655927
0.7272727272727273,-15.982657188304096
0.8181818181818182,-17.60166621630841
0.75,-20.498518337972044
0.7045454545454546,-18.047624530626067
0.75,-24.57496803311631
0.75,7.000679977873291
0.75,-7.072238297511186
0.7727272727272727,-21.923922324506176
0.7272727272727273,-19.099629600159503
0.7727272727272727,-27.74990203515612
0.7272727272727273,-4.5121718730864675
0.75,-27.542879909838234
0.75,-19.09846622121536
0.75,-22.71873000570837
0.6590909090909091,5.3116264420913915
0.75,-26.45142537253953
0.7954545454545454,-19.462614152452907
0.75,-7.348193008371047
0.7954545454545454,-22.272429776308943
0.75,-19.224971454460213
0.75,-16.341758752215082
0.7272727272727273,-5.778190082758492
0.7954545454545454,-32.59948154073098
0.7727272727272727,-24.356010135073173
0.75,-31.5923301107213
0.7272727272727273,-28.477104519618262
0.7954545454545454,-25.314832706536844
0.7727272727272727,-15.894118924006712
0.7045454545454546,-16.336853754553452
0.7727272727272727,-7.44815770968358
0.75,-23.269794323212203
0.7045454545454546,-14.587186539918877
0.7954545454545454,-29.633703245709786
0.7727272727272727,-17.493458905883134
0.7045454545454546,-21.33419837707441
0.75,-27.948051108752882
0.7727272727272727,-31.897220623861173
0.7045454545454546,1.8581551018441431
0.7272727272727273,-28.760504426415824
0.7045454545454546,11.608572735320388
0.7727272727272727,-18.98654025989816
0.7954545454545454,-30.52879644021792
0.7954545454545454,-27.24091508009466
0.7272727272727273,-5.142447888334382
0.6363636363636364,-14.95358885365283
0.8636363636363636,-33.830349343919
0.7272727272727273,-16.86720915467389
0.7727272727272727,-11.900373590782692
0.7954545454545454,-12.173563709693934
0.7272727272727273,-18.781219702852095
0.75,-13.59305284888756
0.7954545454545454,-32.46050945428678
0.7727272727272727,-28.87791559884407
0.75,-16.73090246997521
0.7954545454545454,-30.495216122500036
0.8409090909090909,-23.301279280785923
0.7954545454545454,-1.3467815655257516
0.7045454545454546,9.923434276223434
0.8181818181818182,-40.74417316420144
0.7045454545454546,-30.134688208192994
0.7272727272727273,-13.672358829777439
0.7045454545454546,12.053784646052048
0.7045454545454546,-13.809185143434005
0.6590909090909091,0.5035523408479157
0.7727272727272727,-21.568904057380465
0.7272727272727273,7.341798491461697
0.6818181818181818,7.159061830920032
0.7272727272727273,-16.215375262828477
0.6818181818181818,29.159855636874013
0.7727272727272727,0.3061408725986587
0.7272727272727273,-22.809071046968867
0.7045454545454546,-9.051197213927551
0.7954545454545454,-34.89753524160295
0.7045454545454546,15.23190207007865
0.75,-17.465547625148755
0.7272727272727273,-26.064537701394464
0.7272727272727273,6.368455990146608
0.7045454545454546,-15.584161376379416
0.7727272727272727,-12.888041676571982
0.75,-29.205923783911064
0.7727272727272727,-22.827034459407187
0.7727272727272727,-19.032716107525605
0.7727272727272727,-20.53166982881676
0.7045454545454546,11.34360434316395
0.8409090909090909,-31.983999029380104
0.75,-33.69737499338686
0.75,-15.552318796220616
0.75,1.092552954341194
0.75,1.6950975194297377
0.7272727272727273,-13.60354300723879
0.8636363636363636,-32.85804967939287
0.75,-27.5748548382537
0.7727272727272727,-36.223302514346265
0.7272727272727273,-5.8766585502927065
0.7954545454545454,-17.589041212606606
0.7045454545454546,-11.824788770432072
0.75,-16.013165665230982
0.7045454545454546,3.192303094110883
0.75,-23.721265772113778
0.7272727272727273,-18.113593055730153
0.7272727272727273,-14.054397297042435
0.7727272727272727,-31.603666699892695
0.7954545454545454,-24.5308502066506
0.7727272727272727,-22.791712723688914
0.7045454545454546,6.961255752971057
0.75,-29.52704260018895
0.8181818181818182,-34.89511146489463
0.75,-25.42644138091164
0.7727272727272727,-19.00044441050974
0.75,-24.26072477847688
0.7272727272727273,-26.566251413150177
0.7954545454545454,-19.000497954285546
0.7272727272727273,-17.34997990157619
0.7272727272727273,-15.721679958655598
0.7272727272727273,-24.472378310330136
0.7727272727272727,-10.9991833871826
0.7045454545454546,-26.374247113761143
0.7954545454545454,-18.96137216761613
0.75,-37.37319908346248
0.75,-27.716898614811495
0.6590909090909091,-8.221498398790509
0.7727272727272727,-29.42781183281113
0.75,-17.513323136725617
0.6818181818181818,1.7844334901936856
0.75,-23.366141494253124
0.75,-30.281498626351993
0.7727272727272727,-23.333183544256496
0.7272727272727273,-17.041683218768796
0.75,-9.646690993814714
0.75,6.760934178358266
0.75,-8.457942935937304
0.7272727272727273,-11.383178630451669
0.7272727272727273,-11.689999091109097
0.7272727272727273,-30.55468389562433
0.6363636363636364,-6.644073935014432
0.7272727272727273,-15.131440422004772
0.7272727272727273,-9.843777962109954
0.7272727272727273,-1.7079296588286708
0.6818181818181818,-17.885046208760617
0.7272727272727273,-5.32484923093497
0.75,0.10010311925545068
0.7045454545454546,-24.45489709125201
0.7045454545454546,-0.5365413369781393
0.75,-26.204649571953222
0.7954545454545454,-11.428316035623764
0.7727272727272727,4.9040155731936945
0.6818181818181818,-14.91226479471543
0.75,-29.348734265493263
0.7272727272727273,-19.57839607734359
0.75,-24.8789577758531
0.7954545454545454,-28.04511860958633
0.7272727272727273,-18.28484348784742
0.7272727272727273,-18.13900829300548
0.75,-24.023464705151277
0.8181818181818182,-26.023442646116425
0.75,-28.063591710669666
0.7045454545454546,-8.024351703624271
0.6818181818181818,-17.933539106665414
0.75,-13.124382488298325
0.8181818181818182,-22.271321035693948
0.7727272727272727,-20.180267398652948
0.7727272727272727,-27.13317143250865
0.6818181818181818,-17.0124862502365
0.7272727272727273,-14.1167648692574
0.7727272727272727,-36.578728659353736
0.7272727272727273,-21.445893073238143
0.75,-17.9421406714988
0.7727272727272727,-10.288189054812129
0.75,-19.148041910957534
0.7272727272727273,-2.3159050528609653
0.7272727272727273,-7.9446152561650285
0.7272727272727273,-14.9937366673126
0.7727272727272727,-20.726383977885806
0.8181818181818182,-23.372695165904496
0.75,-27.68491213314628
0.6818181818181818,0.6932982000006569
0.7045454545454546,4.946359463520499
0.7727272727272727,-24.715425884921554
0.75,-20.463354951375845
0.75,-20.59174576726682
0.75,-5.15167094622831
0.6590909090909091,4.325381170461884
0.7272727272727273,-4.365799212292299
0.75,-13.864886405878645
0.7272727272727273,-16.203411226306088
0.7272727272727273,-16.060747867188727
0.7045454545454546,-30.597740031492254
0.7272727272727273,-18.220241452248032
0.6590909090909091,-16.478340887486077
0.7727272727272727,-36.11013871723417
0.7045454545454546,-9.410585543763453
0.7045454545454546,-22.321346215695076
0.7045454545454546,-12.028850366305182
0.7727272727272727,-8.641147028233764
0.7727272727272727,-28.262253743699283
0.7727272727272727,-23.70842032495518
0.7727272727272727,-20.74805729756592
0.7272727272727273,-11.479633913268232
0.7954545454545454,-5.95289492674414
0.7954545454545454,-23.688929884513314
0.7272727272727273,-15.456166433568455
0.7045454545454546,-37.75919373853736
0.7272727272727273,-15.909062251885803
0.7727272727272727,-31.100808024845062
0.7272727272727273,2.10655076790615
0.7045454545454546,-6.372728903862491
0.75,-12.278605319315943
0.6818181818181818,-16.53729918786539
0.7727272727272727,-26.38801545153975
0.6363636363636364,-4.021367182752481
0.7954545454545454,-27.770778110062682
0.75,-11.68420808320504
0.75,-22.423221720564264
0.8181818181818182,-22.423270462380586
0.75,-17.67225897167049
0.7272727272727273,-24.901838832645115
0.7954545454545454,-2.794111867017757
0.8409090909090909,-31.001849064720066
0.7727272727272727,-29.953117576498812
0.75,-17.67976756555865
0.75,-10.605610311087116
0.75,-22.384976052802962
0.6363636363636364,-9.806741736486982
0.7045454545454546,-10.911779505468452
0.7727272727272727,-30.281052136557324
0.8863636363636364,-31.15336535052777
0.7045454545454546,6.008159567183861
0.7954545454545454,-36.735897432541144
0.6818181818181818,-11.464791718342271
0.8181818181818182,-28.843456839162624
0.7727272727272727,-8.910392650928687
0.75,-1.7673741376751666
0.7727272727272727,-25.43547598144283
0.75,-19.986876192769035
0.8181818181818182,-34.92870933125013
0.7954545454545454,-41.93728841394803
0.7954545454545454,-8.25070097997257
0.8181818181818182,-33.342515523616676
0.7727272727272727,-37.115709328661545
0.7954545454545454,-26.531112900306038
0.7727272727272727,-33.71197602754121
0.7727272727272727,-24.496620386888015
0.7045454545454546,-16.01578877681017
0.7272727272727273,-7.846777480358523
0.75,-23.373484187320788
0.7045454545454546,-18.160433225206376
0.7727272727272727,-31.563561028122628
0.7045454545454546,-3.9461014618404007
0.7272727272727273,-23.800666052336553
0.7045454545454546,-8.81771521125434
0.7272727272727273,-27.854592122409887
0.7727272727272727,-11.3741769562119
0.7272727272727273,-22.094609156918434
0.7727272727272727,0.5806622868544108
0.6590909090909091,-6.749748026692675
0.7727272727272727,-24.457238130539757
0.7954545454545454,-34.20882699207948
0.75,-30.634941325088572
0.7272727272727273,-12.028377929211501
0.7727272727272727,-19.74948919038086
0.6590909090909091,-29.54662672886639
0.75,-12.20234398259174
0.7272727272727273,-20.673622566320283
0.7272727272727273,-14.748564976347643
0.7954545454545454,-36.18783804616462
0.7272727272727273,11.587225731815172
0.75,-26.569157026003882
0.7045454545454546,-2.8402855065096166
0.7272727272727273,1.268511489898008
0.75,-29.70148048885966
0.7954545454545454,-23.95510627414628
0.7727272727272727,-31.342904860823886
0.8409090909090909,-33.11993555741954
0.6818181818181818,-9.64598117548971
0.7272727272727273,-15.805655237428693
0.7954545454545454,-33.66719273913487
0.7954545454545454,-29.6962570994491
0.7272727272727273,-1.177152063866293
0.7045454545454546,-16.12924278383929
0.7954545454545454,-24.450880665446366
0.75,6.783605062043085
0.6590909090909091,-4.8362466967692885
0.6818181818181818,27.617030302639126
0.7045454545454546,-14.564661789803461
0.7727272727272727,-23.26625534969048
0.75,-22.224173724932335
0.7045454545454546,5.058818853695508
0.7272727272727273,-24.795259491724583
0.6818181818181818,-6.471358049046177
0.7954545454545454,-3.443202973140356
0.7727272727272727,-16.996887028993303
0.7954545454545454,-9.47747433856326
0.8409090909090909,-26.568744517957352
0.6818181818181818,-1.0777142114403864
0.6818181818181818,-4.018909802951966
0.6590909090909091,-4.367850576012613
0.75,-18.491674722916432
0.8409090909090909,-31.720723892568365
0.75,-31.088971182915976
0.7727272727272727,-36.27148782897485
0.6590909090909091,-16.11306868899032
0.7727272727272727,-10.372481913079277
0.8181818181818182,-35.51535430927178
0.7045454545454546,-2.9496326897028022
0.75,-33.050773156895225
0.8409090909090909,-22.034811564153244
0.7272727272727273,-8.900686480924469
0.7272727272727273,-22.874048002256817
0.6818181818181818,-21.92062706668079
0.75,-16.283613105460745
0.6818181818181818,0.6031983698508896
0.75,-7.688712085818737
0.8181818181818182,-21.19142692473214
0.8409090909090909,-32.280499944581805
0.7727272727272727,-9.198675338582932
0.7727272727272727,-6.895503230761786
0.7727272727272727,-33.288122358168465
0.7045454545454546,-12.88343102985685
0.7727272727272727,-22.758989586460515
0.8181818181818182,-30.494118889579383
0.75,-10.715049757886556
0.7272727272727273,-15.110864460048731
0.7272727272727273,-23.94330327704771
0.7272727272727273,-15.59352494112107
0.7272727272727273,-24.62101777384277
0.6818181818181818,-16.88632041257603
0.7045454545454546,-9.984638764775495
0.7045454545454546,-11.262530521121345
0.75,-28.094815780504824
0.7954545454545454,-26.48507318832408
0.7045454545454546,-6.891537551383235
0.7272727272727273,-24.15780770439568
0.8181818181818182,-25.13412252329282
0.8181818181818182,-11.706169597260935
0.8181818181818182,-15.288053175389301
0.7727272727272727,-43.49107453679523
0.6818181818181818,-19.92800964753366
0.7727272727272727,-21.844209797317426
0.75,-26.688109150545415
0.7727272727272727,4.574931815537139
0.7045454545454546,-6.899065845287726
0.7727272727272727,-18.942963715396196
0.75,-20.53603158443483
0.7727272727272727,-27.68760146595837
0.7727272727272727,-28.01284974605227
0.75,-26.9879496355381
0.7045454545454546,-10.783847203808044
0.8181818181818182,-22.433767593915015
0.8409090909090909,-42.15321611861394
0.7045454545454546,-14.298388751539568
0.8181818181818182,-19.667063793371113
0.7045454545454546,-17.731961856589127
0.7045454545454546,-28.587154750548596
0.7272727272727273,-23.073576557506723
0.7727272727272727,-22.920202679544953
0.8181818181818182,-9.962777883206336
0.75,-28.12608359889724
0.7045454545454546,-29.00170536504053
0.6818181818181818,0.150553558527033
0.7272727272727273,-26.408804352562996
0.6818181818181818,-2.9076376270766984
0.7272727272727273,-16.281750944531453
0.7272727272727273,-7.647458846692522
0.75,-21.134599099111394
0.6818181818181818,-15.030166844144198
0.8409090909090909,-35.017390972112516
0.7045454545454546,-10.660239088233498
0.8636363636363636,-41.272033768573195
0.7272727272727273,6.8593364991289745
0.7727272727272727,5.4213013271594725
0.6818181818181818,3.956668982585617
0.6818181818181818,-14.49283405667215
0.75,-20.900985197043255
0.7954545454545454,-32.3880352701926
0.7727272727272727,-34.12677412643333
0.6818181818181818,-27.581239443008165
0.6363636363636364,-16.370281190001595
0.7727272727272727,-16.747367691246755
0.75,-14.08374465448012
0.7272727272727273,5.726182177889774
0.6590909090909091,6.893747813757923
0.7272727272727273,4.030294579335457
0.7954545454545454,-38.87146062429955
0.7954545454545454,-31.248898258481585
0.7954545454545454,-16.86453676253457
0.8181818181818182,-28.18622522516848
0.7727272727272727,-12.702819715614732
0.75,-34.21983599787211
0.7045454545454546,-12.364411244773436
0.75,-14.283232682210791
0.6818181818181818,-21.118483419152366
0.8181818181818182,-27.862484340902153
0.75,-4.115046070728081
0.7727272727272727,-28.660216776133552
0.7272727272727273,-22.102059320679825
0.75,-6.4466059505959885
0.6590909090909091,2.4783549702233802
0.7727272727272727,-14.196013042482656
0.8409090909090909,0.26984394670824324
0.7727272727272727,-14.05994204136127
0.6818181818181818,1.034051860839208
0.7727272727272727,-38.5461905544416
0.7727272727272727,-8.671986761544343
0.75,-19.5606707031786
0.7272727272727273,-17.98891500901513
0.7954545454545454,-33.00400964625015
0.7272727272727273,-22.961398979349084
0.8181818181818182,-31.362134125512544
0.75,-18.405157135779874
0.7272727272727273,-13.827703395698448
0.8181818181818182,-23.708404903744725
0.75,-28.17580396163441
0.7272727272727273,-7.560805050817762
0.7727272727272727,-11.691142340203385
0.7727272727272727,-37.981746304821236
0.75,-32.02241599925989
0.7727272727272727,4.729595752810915
0.7045454545454546,9.840882935170807
0.8636363636363636,-36.08599170006271
0.7272727272727273,-20.76499811279837
0.7272727272727273,-8.193797755942034
0.7272727272727273,-13.397988620547444
0.7727272727272727,-23.34103535703307
0.7954545454545454,-15.290261021321966
0.7045454545454546,-14.776375096849186
0.7727272727272727,-27.89626140929662
0.75,-14.319696562816603
0.6818181818181818,-3.229292921307552
0.7954545454545454,-12.970431819183085
0.75,8.426494279085357
0.7727272727272727,-24.433061695930167
0.75,-34.09615427595876
0.8181818181818182,-5.727805019507525
0.75,-21.362594110532775
0.75,-33.94573077294335
0.7045454545454546,-27.584027256224246
0.8181818181818182,-7.504828176238962
0.7727272727272727,-27.315123778929674
0.7727272727272727,-12.163488603291155
0.7272727272727273,-36.8649306373378
0.7045454545454546,-2.6429376294360796
0.7272727272727273,-4.281254293829417
0.7272727272727273,-4.9584207249123775
0.8181818181818182,-26.900621588269924
0.7272727272727273,-7.761921611619763
0.7272727272727273,-14.419853607487177
0.6818181818181818,-13.06451519124951
0.7272727272727273,-10.66336046620633
0.7272727272727273,-11.76678026210469
0.7272727272727273,-15.699159844438594
0.7954545454545454,-27.632864133913998
0.7272727272727273,-18.466335078717748
0.7727272727272727,-33.17146599084101
0.6818181818181818,-12.688371477019333
0.75,-31.58173503442043
0.7045454545454546,-13.053940499027936
0.75,-9.85360271034797
0.7272727272727273,-9.168458546353785
0.7272727272727273,-25.124237596617025
0.7272727272727273,-14.434794068458075
0.7272727272727273,-33.19513445307562
0.7727272727272727,-26.80729454075993
0.7727272727272727,-21.450522551374572
0.75,-31.75660342986939
0.75,-14.150133015733884
0.7954545454545454,-20.596710632633258
0.8181818181818182,-23.842052152391616
0.7272727272727273,9.27066642852857
0.75,-19.41335381942231
0.75,-4.289356215677605
0.7272727272727273,-7.508825122032917
0.8409090909090909,-29.359136114262956
0.6818181818181818,-10.779771217113575
0.7954545454545454,-24.04049518069893
0.7727272727272727,13.69698039786792
0.6818181818181818,-18.831167595607923
0.7954545454545454,-23.164954929514128
0.6818181818181818,-10.773281689740145
0.75,-10.30516534467962
0.6590909090909091,-11.562251108713559
0.7272727272727273,-28.64037381859398
0.7272727272727273,-23.71293912837966
0.7272727272727273,-0.9848076795376618
0.7045454545454546,-9.736351207331596
0.7045454545454546,-20.897290323949406
0.7727272727272727,-34.53501957993072
0.7272727272727273,-20.24157302444918
0.75,-18.490480162063285
0.75,-32.65725701038923
0.7727272727272727,-8.145306908103173
0.7045454545454546,-24.815124260910896
0.7045454545454546,-22.240388520140474
0.7727272727272727,-20.059705502584805
0.75,-17.52321419783772
0.6818181818181818,-2.4667667425450737
0.7272727272727273,-14.900948965606784
0.75,-13.473583527001523
0.7727272727272727,-26.879292861030546
0.7954545454545454,-20.47524497459896
0.7727272727272727,-11.797625768873354
0.7272727272727273,-3.9348189619882703
0.7954545454545454,-17.394873650711695
0.7272727272727273,-20.273374465569667
0.7727272727272727,-33.58935216709435
0.8409090909090909,-38.92485294630741
0.75,-11.378315243265508
0.7045454545454546,-2.632315015161927
0.7727272727272727,-29.07506542120832
0.7045454545454546,3.904011610816029
0.8181818181818182,-34.41381074846626
0.6818181818181818,6.583570724284431
0.7272727272727273,-16.16205052797923
0.7727272727272727,-3.4067322705792424
0.7045454545454546,-10.91916339964183
0.7954545454545454,-27.138894191499528
0.75,-8.609273538082332
0.7045454545454546,-6.197771831851117
0.75,-13.32727353614738
0.7727272727272727,-26.627420644571767
0.7727272727272727,-26.007692149108003
0.7954545454545454,-18.614960869365188
0.8863636363636364,-38.45985752619332
0.7954545454545454,-31.710532920816217
0.6590909090909091,-13.969800315718363
0.7727272727272727,-19.680797828943216
0.8181818181818182,-26.362619691332544
0.75,-4.5516824021704165
0.7727272727272727,-23.113972354606794
0.8181818181818182,-18.44172866818903
0.7272727272727273,-32.61788162679032
0.7272727272727273,-23.78573776581035
0.7045454545454546,-9.44871841754164
0.7727272727272727,-25.40258435007703
0.75,-25.700879491859226
0.7045454545454546,-10.418778759284839
0.7272727272727273,10.211155398188238
0.7272727272727273,-25.175827965298517
0.6818181818181818,-0.9734447000264623
0.7272727272727273,-18.24726078758786
0.7954545454545454,-32.31319319386079
0.75,-5.6454629460047
0.7272727272727273,-16.102756649471562
0.75,-31.350006005055274
0.7272727272727273,-19.845086530011958
0.7954545454545454,-11.82831232960255
0.8409090909090909,-39.666207800529456
0.6818181818181818,-3.1407183971166357
0.7954545454545454,-37.146038265852624
0.7045454545454546,-5.7362269362011205
0.7727272727272727,-19.070884206257677
0.7954545454545454,-35.38598637555327
0.75,-25.776604707404037
0.6818181818181818,-2.279247433802031
0.7045454545454546,-19.488931471760758
0.7954545454545454,-12.435375907487845
0.7272727272727273,4.655216560926153
0.8181818181818182,-10.34914385211993
0.6818181818181818,-1.3886917762095008
0.7954545454545454,-10.466754619639662
0.7272727272727273,-19.180919874761596
0.8181818181818182,-25.27712912990155
0.7954545454545454,-26.47617185094144
0.7954545454545454,-21.904875565476416
0.75,-17.203777254296543
0.75,-22.551306031017074
0.6818181818181818,-3.4130934917853395
0.7954545454545454,-10.302490266596504
0.7954545454545454,-17.54683065979961
0.7954545454545454,-24.517846957475072
0.7272727272727273,-17.731540230051213
0.7272727272727273,6.8041881336040895
0.7272727272727273,-9.513168185447277
0.7045454545454546,-21.68625326724176
0.75,-21.981253986148392
0.7954545454545454,-8.96293561489277
0.8181818181818182,-34.34964784080211
0.7272727272727273,-18.136739342044837
0.75,-25.542087277148365
0.75,-16.56455416771337
0.75,-6.816938414946595
0.7727272727272727,-22.766063557088447
0.75,-24.388782348883275
0.7727272727272727,-12.149218003404457
0.7045454545454546,-14.990648555361684
0.6818181818181818,3.1031362586406885
0.7272727272727273,-11.20171093482596
0.7272727272727273,-8.90818634420932
0.7727272727272727,-8.443545016118458
0.7272727272727273,3.9535935499873704
0.75,-15.971031012064882
0.7045454545454546,-10.115064025188245
0.75,-24.67966594551307
0.7727272727272727,-7.719181360665499
0.7954545454545454,-7.070461256832702
0.6590909090909091,-22.399684804448064
0.7045454545454546,-10.516250711389771
0.8181818181818182,-13.740797131241969
0.75,-21.65976800266495
0.8181818181818182,-24.838957336565034
0.7727272727272727,-29.33622695936351
0.7272727272727273,-30.739200715984133
0.7272727272727273,-7.573487859490147
0.7727272727272727,-12.596653104274925
0.75,-30.174351868182065
0.75,-16.01798225479545
0.6590909090909091,-20.19905949748337
0.7272727272727273,-26.01618382790844
0.8409090909090909,-29.194575897858634
0.7272727272727273,-29.985570803011036
0.8409090909090909,-25.567282405744265
0.7272727272727273,-24.84589527950817
0.8181818181818182,-25.006956454994626
0.6590909090909091,-13.488063500422305
0.75,-2.6453352041168277
0.7954545454545454,-12.368602528842695
0.6818181818181818,-22.387274805676206
0.7045454545454546,-11.52398425238469
0.7045454545454546,0.8044457350180901
0.7727272727272727,-29.17588905568589
0.7045454545454546,-5.863091536358514
0.7272727272727273,-22.365255206665196
0.75,0.3149657671141752
0.7272727272727273,-27.091229375239276
0.7272727272727273,-24.276157449478955
0.7954545454545454,-32.81338017291167
0.7727272727272727,-34.94712527425019
0.75,-23.42134303492618
0.7045454545454546,-18.38221521954014
0.7727272727272727,-35.48639744478901
0.7954545454545454,10.595441045504602
0.7272727272727273,-9.943540040930147
0.8863636363636364,-38.95603372946901
0.75,-14.694542319377147
0.75,-10.037181357622352
0.8181818181818182,-35.9514672926215
0.75,-13.224392046968388
0.7272727272727273,-19.67340588879119
0.7727272727272727,4.712066849404873
0.7727272727272727,-11.517293581113591
0.7954545454545454,-35.16951037741006
0.7272727272727273,-2.521517677498781
0.7272727272727273,-11.415238490236685
0.6818181818181818,-7.01681307852591
0.7954545454545454,-23.957440205218404
0.7045454545454546,9.716941423107322
0.7272727272727273,-11.68876746437678
0.75,-28.584296566604493
0.7045454545454546,-11.185462374187747
0.7045454545454546,-15.189732046058884
0.7727272727272727,-31.42178250912418
0.7045454545454546,-5.532323302023622
0.6818181818181818,-14.454155759336428
0.6590909090909091,-4.523377276730566
0.7727272727272727,-13.004745051610872
0.7045454545454546,-6.654323457569318
0.7272727272727273,-11.036595265181065
0.7045454545454546,-29.65874271377803
0.7954545454545454,-10.412615103469934
0.7727272727272727,-19.819845024165975
0.7272727272727273,-10.170552628216173
0.7045454545454546,-26.883750458068757
0.7727272727272727,-34.03893795828151
0.6590909090909091,-21.668592314481206
0.7272727272727273,-22.478760961045733
0.75,-23.11134986053911
0.7272727272727273,-12.87522193333296
0.7272727272727273,-20.493518695452796
0.75,-26.06590695137321
0.75,-19.6994864467328
0.7727272727272727,-30.926413647876597
0.7272727272727273,-15.75354686266611
0.7954545454545454,-10.476735887620293
0.7272727272727273,-6.0532417063373885
0.7272727272727273,-12.139684453628485
0.7272727272727273,-19.994047877233672
0.7954545454545454,-19.183978682362092
0.7727272727272727,-26.042374182972036
0.6818181818181818,-9.09679182158722
0.7272727272727273,-8.574404171446268
0.7045454545454546,-17.029782781337158
0.7954545454545454,-34.59426649715621
0.6590909090909091,-6.424412404700366
0.7045454545454546,2.323487706567334
0.7954545454545454,-22.037482929091947
0.6590909090909091,7.3361099836578285
0.6590909090909091,-4.105112005913432
0.7272727272727273,-5.64214877491275
0.7045454545454546,-25.145618796177903
0.7727272727272727,-13.947183765360615
0.7727272727272727,-13.689781675959255
0.7045454545454546,-11.481006852850738
0.7045454545454546,-15.357221735339055
0.6590909090909091,-13.364022999621168
0.7954545454545454,-28.619069907207827
0.6818181818181818,-21.1958181053001
0.7954545454545454,-16.50690852870814
0.7045454545454546,-0.9830200920812305
0.7045454545454546,-13.285604780438156
0.75,-24.780584995993834
0.7045454545454546,-31.602401637214903
0.8409090909090909,-24.781212253782257
0.6818181818181818,-10.894645099414253
0.75,-11.38670215060378
0.7954545454545454,-15.118965389543776
0.6590909090909091,-17.799925942654593
0.75,-12.698270637559137
0.6818181818181818,-18.857613276292774
0.7272727272727273,-26.410925333363505
0.75,-13.98577701778661
0.7045454545454546,-20.294962865660946
0.8181818181818182,-31.155844441506307
0.7045454545454546,-22.247240693250056
0.75,-21.190217855139203
0.8181818181818182,-40.911113886561346
0.7727272727272727,-21.7195004498132
0.7954545454545454,-3.2932716745160535
0.7954545454545454,-17.187896889802172
0.7727272727272727,-19.868174334273064
0.8181818181818182,-27.5020663032563
0.8181818181818182,-23.219228983953954
0.7954545454545454,-15.43953535323475
0.7272727272727273,-21.397403503235285
0.75,-16.79323242954105
0.7045454545454546,-12.086022213919836
0.7272727272727273,-17.0074661859282
0.7045454545454546,-29.429853467018894
0.7272727272727273,-6.904219717558132
0.7727272727272727,-13.628385261598208
0.7045454545454546,-4.565874688367058
0.75,-25.697019182194513
0.7727272727272727,-21.25918133681622
0.7272727272727273,-17.570547157716778
0.8181818181818182,-16.687405054686035
0.75,-22.49182977398723
0.7045454545454546,-1.3252623632963152
0.6590909090909091,-13.067207537121442
0.7727272727272727,-19.769251552055035
0.75,-20.24067135186629
0.7272727272727273,-27.15007290861574
0.6363636363636364,-16.258718673152057
0.7272727272727273,-4.6042387208915665
0.7954545454545454,-27.01753098987064
0.6818181818181818,-7.514336919309991
0.7954545454545454,-13.542698327713596
0.7727272727272727,-9.975432503923587
0.8409090909090909,-25.990962316117397
0.7954545454545454,-36.00335652755305
0.7727272727272727,-20.160965762983597
0.7272727272727273,-2.089235022981071
0.7954545454545454,-9.583295629788115
0.7045454545454546,-6.79133771191781
0.75,18.996412179824393
0.6590909090909091,-1.809612599442193
0.7727272727272727,-28.479953091397203
0.7045454545454546,-11.631549262707315
0.6590909090909091,0.9375241759100806
0.75,-14.62314869629641
0.7954545454545454,-29.514596352188665
0.75,-22.126118040589517
0.6818181818181818,-21.75314788144298
0.75,-21.33625491752053
0.7045454545454546,-23.05151433631177
0.7272727272727273,-7.195026424491051
0.7045454545454546,-18.438036002721297
0.8181818181818182,-26.312349625652004
0.7272727272727273,-12.389708143521933
0.7727272727272727,-25.59703377641431
0.75,-31.566928213719038
0.75,-10.623305749064796
0.7954545454545454,6.725081067034475
0.7954545454545454,-8.13491980639828
0.7045454545454546,-22.20778193977817
0.7954545454545454,-29.1227525396995
0.7045454545454546,-7.449184232321255
0.7727272727272727,-34.60607099628496
0.8409090909090909,-25.270575039663175
0.7272727272727273,-2.8079250431135767
0.75,-17.54193320465997
0.75,-26.905643111248207
0.7045454545454546,-4.515399638932979
0.75,-25.033827470131516
0.75,-23.496672957471137
0.6590909090909091,-13.907769324941222
0.7272727272727273,-18.07021848670188
0.7727272727272727,-29.390944813889192
0.7272727272727273,-18.085986913745362
0.7045454545454546,-6.290238030081596
0.6818181818181818,-7.434862307007578
0.75,-32.21368941024437
0.75,1.2156443720375274
0.7727272727272727,-34.35513096246445
0.7272727272727273,-14.611013317280161
0.7045454545454546,-34.4399910968784
0.6590909090909091,-4.375247253604317
0.7045454545454546,-22.859527340078042
0.7272727272727273,-12.651550869471885
0.75,-9.64671939608488
0.6818181818181818,-21.52595954945536
0.75,-22.13933878794738
0.7954545454545454,-20.621430996387502
0.7727272727272727,-30.264499861249238
0.7727272727272727,-8.798344614690587
0.7272727272727273,-21.107524332808087
0.6818181818181818,-6.8815274050733395
0.8181818181818182,-23.237603557597364
0.7954545454545454,-27.32720078501288
0.75,-9.06899817411618
0.75,-24.32474546516354
0.7727272727272727,-20.043435250462863
0.7045454545454546,-1.2723420015053273
0.7272727272727273,-16.941107166273653
0.6818181818181818,-11.014784807635264
0.7727272727272727,-37.88095522526461
0.75,-13.508086700079673
0.6818181818181818,10.943516154037658
0.6590909090909091,-12.988943060219999
0.7272727272727273,-17.953662629328733
0.8181818181818182,-42.0336468435556
0.7727272727272727,-22.100402103020084
0.7954545454545454,-24.112308237584795
0.75,-22.98670008754992
0.7954545454545454,-13.183797655566037
0.7045454545454546,-16.10372517453577
0.6818181818181818,-25.29002741820044
0.6590909090909091,-1.4828535302489987
0.75,-11.462123055536114
0.75,-9.669789385242339
0.6590909090909091,7.772953633157692
0.8409090909090909,-31.49276963270199
0.7727272727272727,-28.41330128250945
0.75,-6.526694285071769
0.6136363636363636,-19.02536373436754
0.8181818181818182,-14.106278301195578
0.7272727272727273,-11.98054947660759
0.8181818181818182,-31.026342933524596
0.7727272727272727,-10.854048529683325
0.7954545454545454,-35.13174384481484
0.7045454545454546,3.125575313089145
0.7954545454545454,-17.149494561847987
0.6590909090909091,5.6070417425848955
0.7045454545454546,-15.75814270478932
0.7954545454545454,-18.552853682508044
0.7727272727272727,-30.013913079085736
0.7272727272727273,-18.22520520632979
0.6818181818181818,5.628506183812816
0.7272727272727273,-25.561177645876725
0.75,-6.959747069956912
0.75,-37.01859895911999
0.7954545454545454,-21.099589693892778
0.7045454545454546,-30.019899699441645
0.75,-25.54212073448707
0.7045454545454546,-19.263739507190326
0.7954545454545454,-16.288930897353655
0.6818181818181818,-7.1707977807738
0.7272727272727273,-26.740376768330293
0.8409090909090909,-36.522067054323465
0.7727272727272727,-19.42003531858703
0.7045454545454546,-6.746604254062734
0.7045454545454546,-10.7979496663022
0.6818181818181818,-23.52222628397288
0.7272727272727273,-29.637132383802644
0.7727272727272727,-2.3732799058892824
0.7727272727272727,-29.706978460458824
0.7272727272727273,-30.801781010673775
0.75,8.34655372870395
0.7727272727272727,-30.313209544153118
0.75,-1.3991066988226064
0.7272727272727273,-22.567907219000606
0.7272727272727273,5.441406642713054
0.75,-3.6462283640750757
0.75,-11.360212376917803
0.7272727272727273,-19.922248624323046
0.6818181818181818,-21.55044669582551
0.7272727272727273,-2.8302492200106326
0.7954545454545454,-24.215572066692097
0.8636363636363636,-39.10546496057296
0.7045454545454546,-17.743069403881456
0.8181818181818182,-37.303215011041985
0.7727272727272727,-20.153235681645032
0.7727272727272727,-29.711619040222118
0.75,-27.376272570556804
0.8181818181818182,-16.48549392588064
0.7045454545454546,-4.657869073305127
0.6818181818181818,-9.318856583191062
0.6818181818181818,-23.37387125071915
0.75,-0.6967470553502554
0.7727272727272727,-16.181282299825828
0.75,-19.891314462275183
0.7954545454545454,-11.564035178999918
0.7045454545454546,9.553924132653739
0.7272727272727273,-11.534996696360839
0.75,-11.367568376411981
0.7272727272727273,-0.4887852732173392
0.7045454545454546,-15.462305059205857
0.7272727272727273,-4.26285430121355
0.7954545454545454,-28.12331249071217
0.8181818181818182,-17.66131144610534
0.75,-17.28508404168087
0.75,-22.69457393223356
0.8181818181818182,-28.227071632393343
0.7045454545454546,-5.405619839454327
0.7727272727272727,-39.86173213555894
0.7954545454545454,-23.120280837685836
0.7272727272727273,3.7813644419654087
0.7045454545454546,-7.555343993392132
0.7272727272727273,-3.1975820810458786
0.6818181818181818,-0.7553072005410489
0.75,-25.633611856904952
0.75,-16.35549164523652
0.8181818181818182,-16.288336452730643
0.7727272727272727,-29.255323057105315
0.75,-21.666625399207078
0.6590909090909091,-7.894163298781243
0.7727272727272727,-24.999081946653106
0.6818181818181818,-11.877974176067859
0.75,-31.022159920399112
0.7954545454545454,-6.214017859770993
0.7727272727272727,-19.289712323220968
0.7727272727272727,-25.236680340885425
0.7727272727272727,-24.11721231980898
0.75,-16.84505815080841
0.6590909090909091,-17.70300899513312
0.7045454545454546,-18.695266715684372
0.75,-18.15838760069189
0.7954545454545454,-21.01179721644542
0.7954545454545454,-32.66249165835566
0.7045454545454546,-21.46389853121264
0.7045454545454546,-12.356454774132972
0.7272727272727273,-7.7127750539730835
0.6818181818181818,-10.756860101634564
0.7727272727272727,-40.51661999824778
0.6590909090909091,5.577742110479662
0.7045454545454546,-9.759063457385237
0.7272727272727273,-19.809527764020476
0.7272727272727273,-7.511927275568448
0.7727272727272727,-18.74965897024366
0.7272727272727273,-25.674660821711623
0.7272727272727273,-3.2945450203828064
0.7954545454545454,-33.80439932018067
0.7045454545454546,0.7029478238106037
0.7272727272727273,-5.648337664320526
0.75,6.808079204643847
0.7272727272727273,-21.521245118787718
0.6818181818181818,-13.343783031344204
0.6363636363636364,-0.6205073350786156
0.7954545454545454,-32.26185154234114
0.75,-22.738087906173817
0.6818181818181818,-19.798691534786723
0.7727272727272727,-7.229410506251117
0.7272727272727273,-32.53233212445972
0.6590909090909091,-11.037103013119678
0.8181818181818182,-4.903535646595259
0.75,-24.543087876466952
0.7727272727272727,-32.52463620371402
0.7272727272727273,-15.305957463476558
0.75,-19.477777130210196
0.8636363636363636,-8.29982950803647
0.6590909090909091,-14.929070848484487
0.7727272727272727,-31.50654501081193
0.7954545454545454,-21.15642431970395
0.7272727272727273,-24.227260338670245
0.7727272727272727,-30.543933945169968
0.75,-22.910737314615
0.75,-14.726224997325376
0.7272727272727273,-16.117338737427563
0.75,-16.418455591119557
0.75,-20.41693120344976
0.75,-15.58434062967087
0.7727272727272727,2.441287361004771
0.6818181818181818,-15.885971056605422
0.7045454545454546,-24.672622544442298
0.7272727272727273,-32.253594844382434
0.7272727272727273,-1.623813052768291
0.8181818181818182,-22.312426038708498
0.6818181818181818,-5.360553075394886
0.7272727272727273,-11.883808389580839
0.75,-28.132948860809208
0.7045454545454546,-6.868470902961594
0.7727272727272727,-30.701274145289492
0.8409090909090909,-40.971201219588075
0.75,-15.771358251947664
0.7727272727272727,-18.13184693206902
0.7727272727272727,-11.66596351308885
0.6818181818181818,-3.8084121617304088
0.75,-1.1840797123146738
0.6590909090909091,-4.992268831144201
0.7272727272727273,-17.10529801919297
0.75,-28.650551916124314
0.75,4.347165400349559
0.7272727272727273,-4.6315341376590276
0.6818181818181818,-2.150982946071831
0.7272727272727273,-27.829939071523395
0.7727272727272727,-23.324756826333793
0.75,-22.877256829862166
0.7272727272727273,6.089395672886198
0.8181818181818182,-26.27163509900669
0.7954545454545454,-25.993617793117824
0.75,-28.259533569378153
0.8409090909090909,-39.27929190830151
0.7727272727272727,-23.658042702185845
0.7272727272727273,-23.23150059554393
0.7045454545454546,-24.37840768400429
0.7272727272727273,-25.267318897487222
0.8181818181818182,-11.16630915930265
0.7045454545454546,-7.9155253407848845
0.8181818181818182,-20.020713645174887
0.7272727272727273,-11.502810195878645
0.7272727272727273,-5.883670868086404
0.7045454545454546,-12.400620315641095
0.7272727272727273,-8.061793962359447
0.8181818181818182,-13.431323385695112
0.7272727272727273,-7.7425527172969195
0.7727272727272727,-30.14371339670514
0.8181818181818182,-11.260640566063692
0.75,-37.28131651694956
0.7727272727272727,-18.16866094937677
0.7045454545454546,-10.147323265755478
0.7727272727272727,-20.83288326959969
0.7272727272727273,-11.433996044121473
0.7045454545454546,-21.256758559693637
0.6818181818181818,-14.240603346776432
0.7272727272727273,-13.13466523715677
0.7954545454545454,-16.097604076457458
0.8409090909090909,-35.11077282596248
0.7272727272727273,3.7079885128683427
0.6818181818181818,0.8360178504730992
0.7727272727272727,-26.58150582994282
0.7272727272727273,-17.44882890474729
0.8181818181818182,-39.035194269726425
0.6818181818181818,-20.165329656739324
0.75,-21.55909109465171
0.8409090909090909,-26.667408706361332
0.6818181818181818,-5.794480358594682
0.7045454545454546,2.020091615286986
0.75,-34.50047960903441
0.7727272727272727,-20.39882626022422
0.75,-26.792388648931198
0.7272727272727273,-8.133181816088602
0.75,-12.77746154580845
0.7727272727272727,-11.092697492642152
0.6818181818181818,-4.588607810001634
0.7272727272727273,-22.806362467728405
0.7954545454545454,-33.223469593492986
0.7954545454545454,-17.450518781986528
0.7727272727272727,-31.83610783176475
0.7045454545454546,-3.104076362285666
0.75,-24.21570135891133
0.8409090909090909,-18.99238937485782
0.75,-25.107984598451655
0.7272727272727273,-28.703758440596527
0.7954545454545454,-17.876470607476737
0.7045454545454546,-28.021197589108407
0.7045454545454546,-4.960338484860963
0.7727272727272727,-4.035161592450697
0.7045454545454546,-19.93683707895357
0.75,-19.6434614796324
0.7272727272727273,-13.672174020868345
0.7272727272727273,-10.921029353529125
0.8181818181818182,-27.217988229396397
0.7272727272727273,-2.287704796975703
0.8181818181818182,-16.462717064865885
0.75,-33.44874209321988
0.7727272727272727,-18.682518416031897
0.8863636363636364,-41.83249698577496
0.6818181818181818,3.0990412841008736
0.7045454545454546,-15.029098961360658
0.7272727272727273,-17.24386008692378
0.7272727272727273,-20.614060489045507
0.7272727272727273,-13.331357495657006
0.7727272727272727,-22.896734096779678
0.75,-13.768758289497013
0.7045454545454546,2.5379679122661014
0.75,-27.211424559986458
0.7727272727272727,-15.294493138974321
0.7045454545454546,-9.991182108135511
0.7045454545454546,-18.757933805239055
0.6590909090909091,-6.987842832948641
0.7727272727272727,-23.749700786386953
0.75,-15.232486477866646
0.7954545454545454,-33.34144025405312
0.7272727272727273,-15.873446030980425
0.7045454545454546,-7.442714133365655
0.6818181818181818,-5.098133443818959
0.6818181818181818,-23.250962641599514
0.8181818181818182,-36.22457103989932
0.7727272727272727,-18.133505439640476
0.7272727272727273,-14.770029578733409
0.6818181818181818,-16.285012888933345
0.7272727272727273,-14.038311891196871
0.75,-25.419870026869205
0.7727272727272727,-27.301104322654716
0.6590909090909091,-9.963574013097386
0.7727272727272727,-6.344128532548637
0.7045454545454546,-11.253178392333165
0.7727272727272727,-28.09930526289148
0.7045454545454546,5.679571360603896
0.7954545454545454,-6.742027412660937
0.75,-30.949867352326326
0.75,-19.431398236609247
0.7272727272727273,-25.2886784969642
0.7954545454545454,-31.32341848819957
0.7954545454545454,-32.41186164421287
0.7727272727272727,-25.687929789679558
0.75,1.5772797596897332
0.7727272727272727,-27.755368951360108
0.7954545454545454,-38.941655434204264
0.7954545454545454,-27.073803106394646
0.75,-9.22716555876163
0.75,-5.523964606239957
0.7045454545454546,-24.787726512504182
0.75,-30.41230629852814
0.7045454545454546,-29.130070212660463
0.7045454545454546,-5.79524722160652
0.7272727272727273,-27.410469401590408
0.7954545454545454,-25.156388328312115
0.75,-12.9919451523147
0.7954545454545454,-26.88090100855894
0.7045454545454546,-15.856875152731932
0.7727272727272727,-25.80149431207153
0.6590909090909091,-11.337442890693826
0.7954545454545454,-14.592157954870935
0.75,-26.684872042535048
0.7954545454545454,-28.08987516896394
0.8409090909090909,-20.179604701648653
0.75,-15.528712451082173
0.7727272727272727,-39.165617447331385
0.7727272727272727,-16.169041270086993
0.8409090909090909,-27.57855792937776
0.7727272727272727,-2.450918499834414
0.75,-18.096406687049218
0.6818181818181818,-11.67844017292962
0.6590909090909091,-11.685039711136811
0.7954545454545454,-28.09167406834472
0.7954545454545454,-19.821393218667115
0.7045454545454546,-19.195322957946868
0.8181818181818182,-37.3463014344031
0.75,-21.198815050637318
0.7727272727272727,-11.107852916629808
0.7045454545454546,-17.877611879960288
0.7272727272727273,-18.475875420384867
0.6590909090909091,-17.393848473894145
0.6818181818181818,-24.94071035198524
0.7727272727272727,-11.143974339566055
0.75,-6.560403660132138
0.8181818181818182,-30.263778359392006
0.7045454545454546,4.2467817870421385
0.75,-26.372896542615432
0.7045454545454546,-31.446568451575626
0.7727272727272727,-25.032693793554234
0.7045454545454546,-14.359200193020405
0.6818181818181818,-8.728562166981327
0.7272727272727273,-22.86096412083657
0.7272727272727273,-18.88061532335963
0.75,3.637358174318945
0.6818181818181818,-22.15807028486264
0.75,-22.773892410895463
0.7272727272727273,-6.976182559264439
0.7727272727272727,-28.4138132887514
0.7272727272727273,-30.601866654926763
0.6818181818181818,-3.03050869894706
0.7727272727272727,-34.94678573578306
0.6590909090909091,5.009246014425667
0.7045454545454546,10.556531138830893
0.75,-4.550789410068498
0.7954545454545454,-5.1374651587425975
0.7272727272727273,-25.32156880798524
0.7045454545454546,-10.294410376414957
0.7727272727272727,-33.762957539455755
0.75,-15.78227989856839
0.7954545454545454,-29.762955233026467
0.75,-29.55382619783848
0.7272727272727273,-8.762921948387055
0.7045454545454546,-7.126321489776884
0.7272727272727273,-19.704798376638028
0.75,-8.308358169161654
0.75,-4.234026840997462
0.7954545454545454,-33.43767359260693
0.7727272727272727,-13.70908705792179
0.7727272727272727,-8.430212948198003
0.7954545454545454,-21.432893655118928
0.7727272727272727,-21.862198027862295
0.75,-11.640346358282223
0.7272727272727273,-6.8799693645360405
0.7272727272727273,-12.147486813851424
0.7727272727272727,-26.70153619306136
0.75,-21.925717630371324
0.7045454545454546,-10.49164335982976
0.75,-12.709999371712518
0.7727272727272727,-30.841662562390198
0.7954545454545454,-35.177874503154435
0.7045454545454546,-0.8214011655102244
0.7045454545454546,-14.568006446411697
0.7727272727272727,-12.468713049517639
0.7045454545454546,-24.97486554127317
0.7272727272727273,-2.5832730939761364
0.75,-21.830546722317333
0.7727272727272727,-24.809377181604578
0.75,-25.06360584777698
0.7727272727272727,-22.664977437914036
0.75,-3.9435968755285145
0.7954545454545454,-23.693746012857527
0.7727272727272727,-21.942090443287007
0.75,-20.418326347654695
0.75,-13.903901610467619
0.7272727272727273,-16.628695119601954
0.7045454545454546,3.0389672986444434
0.75,-22.415356133873896
0.7954545454545454,-6.7196869814001055
0.75,-0.7746075930515268
0.7272727272727273,-7.296414957959334
0.7045454545454546,2.044044877681157
0.7727272727272727,-24.740886617286574
0.7272727272727273,-12.30856760712638
0.7045454545454546,-3.8769257570524243
0.6590909090909091,-21.7795549157608
0.7272727272727273,-12.335943960019897
0.6590909090909091,-14.701339290370782
0.6818181818181818,-2.602732465542485
0.6818181818181818,-14.053938170324694
0.8181818181818182,-14.75692662941621
0.7727272727272727,-18.593376943696878
0.7954545454545454,-30.26014962481137
0.7045454545454546,5.611582289547664
0.7954545454545454,-30.58019939958549
0.7727272727272727,-17.724676680680957
0.7727272727272727,-14.906368554289832
0.7272727272727273,-20.36386922409537
0.7272727272727273,-9.061985828448087
0.7272727272727273,-22.25207287723126
0.75,-11.53254793577054
0.6363636363636364,5.515253950078594
0.7727272727272727,-9.766586516174883
0.75,-3.359986358286986
0.7272727272727273,-29.908802482378576
0.8409090909090909,-16.189143527541937
0.75,-21.661146259530828
0.7727272727272727,-28.142964291985628
0.7954545454545454,-23.93196362993541
0.75,-28.90612126038496
0.7045454545454546,-20.416171316441986
0.8181818181818182,-36.786385883363145
0.75,-30.00937277195535
0.7045454545454546,-6.750704363004925
0.7272727272727273,-22.374864375843522
0.6818181818181818,-21.368646479328966
0.7954545454545454,-22.66713637960713
0.6818181818181818,-15.582142962301287
0.7272727272727273,-22.889465041474832
0.8181818181818182,-34.48317690863637
0.7727272727272727,-26.352295860331978
0.75,-32.71017507133494
0.7954545454545454,-25.642901602571047
0.75,-18.473733785665498
0.7272727272727273,-12.583660103366594
0.7272727272727273,-7.394802425111117
0.75,-23.662914481191084
0.7727272727272727,-22.569469394624914
0.7727272727272727,-28.69541031371971
0.7272727272727273,-21.41804241797846
0.75,-6.360247461182211
0.75,-28.063026003806648
0.7954545454545454,-24.58413263464198
0.7727272727272727,-21.087946909141476
0.6590909090909091,-3.2685037120063085
0.7272727272727273,-25.520028410752033
0.7045454545454546,-22.71013185901464
0.6590909090909091,1.309648712028364
0.8181818181818182,-11.901658879153842
0.7727272727272727,-27.465570114911976
0.7727272727272727,-24.23808728108629
0.7272727272727273,-25.539174667287423
0.7954545454545454,-23.59640102574499
0.75,-19.556457267673565
0.6818181818181818,-2.531457327106405
0.6818181818181818,-5.897976815089172
0.75,-20.242914869330704
0.7272727272727273,-24.76918459866224
0.7954545454545454,-26.06065933305
0.7954545454545454,-14.568375187109297
0.7727272727272727,-26.113298727236327
0.6818181818181818,-7.429481269636724
0.75,-32.6275743490033
0.75,-21.428329357297613
0.7272727272727273,-7.145818510081472
0.75,-18.407343323939372
0.7727272727272727,-29.461908727663616
0.8863636363636364,-18.576431808878183
0.8409090909090909,-21.961691158067996
0.7954545454545454,-23.28566287140617
0.7045454545454546,-3.0944069038307336
0.7272727272727273,-4.2435003212792815
0.7045454545454546,-21.059563089006513
0.6590909090909091,-15.074499013954101
0.75,-31.985142294586705
0.75,-0.13972886483811953
0.75,-13.658522054558391
0.75,-10.76609508753584
0.75,-18.65255278236706
0.7272727272727273,-11.813485753789166
0.7272727272727273,-10.989201528409298
0.6363636363636364,0.7566013625960579
0.75,-28.02187889866983
0.75,-2.317521245399538
0.7727272727272727,-29.46475503383037
0.75,-31.58878383302326
0.7272727272727273,12.647054961021963
0.6818181818181818,-0.05071061746575109
0.6818181818181818,-26.81133147636666
0.6590909090909091,-5.603984799783725
0.7045454545454546,11.259995021902526
0.7954545454545454,-40.699070178427064
0.7272727272727273,-16.69418192637178
0.7272727272727273,-20.972280102715956
0.75,1.0745419805719143
0.7045454545454546,-17.597734499011143
0.7272727272727273,-19.851722544432196
0.75,-30.553625778345467
0.7727272727272727,3.8038166729599485
0.7727272727272727,-23.01642952341678
0.7045454545454546,-16.350850180788417
0.6590909090909091,-10.35390192646833
0.7727272727272727,-14.460328483219014
0.7272727272727273,-15.76013011480614
0.6818181818181818,-16.632753715303185
0.7272727272727273,-26.260493471742492
0.7954545454545454,-20.22536581073597
0.7954545454545454,-28.15969743845694
0.75,-10.293814339895548
0.7045454545454546,-17.926281959713233
0.75,-6.518260029208147
0.7727272727272727,-16.796291894030794
0.8409090909090909,-26.030798305595702
0.7272727272727273,2.064112890924638
0.6818181818181818,-5.398207203976579
0.7954545454545454,-20.389851812039545
0.7272727272727273,-23.433339273093964
0.7045454545454546,-11.971571457579408
0.7727272727272727,-8.771280297892226
0.75,-17.115762935825348
0.7272727272727273,-21.5430909122888
0.7045454545454546,-16.06668155488524
0.7272727272727273,-5.847652282366666
0.7272727272727273,6.586091858041285
0.7272727272727273,-12.43852579203239
0.7045454545454546,-32.592033633800234
0.7272727272727273,-13.616121811884351
0.75,-3.7291169954135315
0.7272727272727273,-22.744984620991705
0.75,-25.2214318401844
0.75,-30.097270150976023
0.7272727272727273,-5.646028796127975
0.7272727272727273,-15.516972518641147
0.7272727272727273,-7.498507891613756
0.7045454545454546,-31.889512730313026
0.8409090909090909,-20.202462039532605
0.7954545454545454,-18.041396103539775
0.75,-19.774713035276
0.6818181818181818,-6.363873536855166
0.6818181818181818,15.188389173998958
0.7045454545454546,-14.733434756898976
0.8409090909090909,-26.956963487317115
0.7045454545454546,-25.802800188933677
0.8409090909090909,-25.1102495156267
0.75,-30.206746756164545
0.7954545454545454,-19.883911585452356
0.7272727272727273,-6.950506905651935
0.7954545454545454,-27.110821469985964
0.75,-14.024282204358974
0.75,-23.412145352777245
0.75,-21.554623067501634
0.8636363636363636,-28.597002249941372
0.6363636363636364,3.6237552993813567
0.7954545454545454,-32.99784813759941
0.7272727272727273,-21.481982672580795
0.7727272727272727,-4.770620600741022
0.75,-25.057975734376054
0.7272727272727273,-24.704548333489996
0.7272727272727273,-21.88319319702729
0.7272727272727273,-10.486859305220678
0.6818181818181818,-1.2986561820600864
0.75,-24.864807326433365
0.6590909090909091,-10.382596996957655
0.7954545454545454,-24.392938202397513
0.7045454545454546,-6.548983330437107
0.7272727272727273,14.994713461858224
0.7045454545454546,-22.48408847261425
0.7272727272727273,-21.28858967845244
0.7727272727272727,-20.55643986474089
0.75,-17.573755673547904
0.6818181818181818,-0.8169792802523304
0.7727272727272727,-18.693846269166713
0.7954545454545454,-29.371633490074657
0.7727272727272727,-27.671241132438443
0.75,-30.4288400435794
0.75,6.582873014192132
0.75,6.373701748321827
0.7727272727272727,-36.87667908264175
0.7045454545454546,-18.800735330901016
0.75,-25.25284873068073
0.6818181818181818,-7.92089920340882
0.8636363636363636,-28.72306859542459
0.6818181818181818,-8.629342136228695
0.75,-21.182703705550633
0.7727272727272727,-7.381593988965341
0.7272727272727273,-24.039629784147188
0.7727272727272727,-27.88577393167852
0.7045454545454546,-4.89318338303774
0.75,-25.435845970141976
0.75,-21.490569734066934
0.6590909090909091,-2.8782696807954626
0.7954545454545454,-25.224448832556902
0.7954545454545454,-31.316486636897512
0.7272727272727273,-9.019516625816237
0.7272727272727273,-16.143842992618552
0.7045454545454546,-6.567270995417291
0.75,-26.465373952974936
0.7954545454545454,-39.85218346418469
0.7045454545454546,-26.647709081819436
0.75,-9.88262093977135
0.7727272727272727,-10.784171377051804
0.6818181818181818,-23.459974316271538
0.6818181818181818,-9.166585787791407
0.6818181818181818,-12.607429340190299
0.7727272727272727,-30.977470479327
0.6818181818181818,-12.721302489356514
0.7954545454545454,-32.48092941049036
0.75,-25.089096768966556
0.7727272727272727,-12.961707247867428
0.7954545454545454,-36.48215982535457
0.8181818181818182,-42.07990372518135
0.75,-17.79120935157181
0.7272727272727273,-11.404498420220056
0.75,-18.22032542000924
0.7272727272727273,-25.14119607993462
0.6818181818181818,4.579852695927837
0.7272727272727273,-7.967178579291869
0.75,-29.658949194178046
0.7272727272727273,-26.777237132394553
0.75,-11.570525399068806
0.7954545454545454,-20.88962526510805
0.7272727272727273,-20.423861442149185
0.7954545454545454,-21.10669570361697
0.6818181818181818,-12.881417892105025
0.7045454545454546,-13.932546384526738
0.75,-27.703934188662846
0.7272727272727273,-24.355242572298007
0.7727272727272727,1.6484926561717825
0.7727272727272727,-23.271720211378348
0.7045454545454546,-2.619994272937669
0.7727272727272727,-5.384613161041208
0.8181818181818182,-24.025713252890352
0.7045454545454546,-16.69013432931173
0.7727272727272727,-28.35224207089752
0.75,-24.235605336074006
0.7272727272727273,-13.755874136944062
0.7727272727272727,-10.75943840987585
0.7045454545454546,-14.432183008277935
0.7272727272727273,-7.413648799554367
0.7954545454545454,-24.932944682071362
0.7727272727272727,-28.242652271922033
0.7954545454545454,-25.571036906316564
0.7272727272727273,-21.62904626475836
0.7954545454545454,-27.870025091552783
0.7954545454545454,-24.75656432986807
0.7727272727272727,-28.294635628679462
0.7727272727272727,-26.492719359976956
0.7272727272727273,-10.662723397196135
0.75,-34.62899794795123
0.6818181818181818,-28.827165517969956
0.7954545454545454,-23.05094959892705
0.7045454545454546,-5.981712713781377
0.7954545454545454,-17.94451569670713
0.7272727272727273,1.6611577119819438
0.7272727272727273,-12.614491717861819
0.7727272727272727,-10.420053696211973
0.75,-30.167606229774027
0.8409090909090909,-39.55299925161744
0.7954545454545454,-28.49922029709048
0.7272727272727273,-25.922615528514623
0.7727272727272727,-18.917317900818986
0.7272727272727273,-11.421662814274885
0.7727272727272727,-13.013971588491994
0.7045454545454546,-32.96623649049485
0.7727272727272727,-27.675137665369526
0.7954545454545454,-18.67473378158624
0.7272727272727273,-13.885495528708436
0.7272727272727273,-26.82005020177628
0.7727272727272727,-27.052409107558333
0.75,-10.817485796299131
0.7272727272727273,-4.272951663863626
0.6590909090909091,-9.768680893102152
0.6818181818181818,-25.670135799212172
0.7727272727272727,-22.68631289044864
0.7272727272727273,-11.511113612965161
0.75,-15.132004875087603
0.8409090909090909,-30.09746436625255
0.7727272727272727,-22.815636602901
0.6818181818181818,1.6594886899278174
0.6818181818181818,7.075940526590026
0.75,1.0332637529810986
0.6818181818181818,-15.464319433844622
0.7954545454545454,-25.574689804161007
0.6818181818181818,-1.9315509541289015
0.7045454545454546,-2.244279670456977
0.75,-19.789924172199918
0.75,-15.270739752311709
0.75,-24.44878836064906
0.6818181818181818,-17.352396022911616
0.7954545454545454,-11.844589743029195
0.6363636363636364,-7.912169971508317
0.7272727272727273,-14.21026278344735
0.7727272727272727,-13.046401934429475
0.7727272727272727,-26.92103931940918
0.7954545454545454,-6.088994020893358
0.7272727272727273,-17.646586075313323
0.75,-12.053747734796078
0.7045454545454546,-23.261354927397825
0.75,-13.220460236727284
0.8636363636363636,-26.213353170845895
0.7727272727272727,-15.078115790118018
0.7954545454545454,-36.630323551398476
0.7727272727272727,-37.81717977543079
0.7272727272727273,-20.600394520222224
0.7727272727272727,-28.540647100296948
0.7272727272727273,-19.451746605202842
0.7954545454545454,-10.6931670303104
0.7045454545454546,-9.909395217575208
0.75,-32.116450116565176
0.75,-14.009682882034566
0.75,1.5418323720557938
0.75,5.022601639756413
0.7045454545454546,-19.599911903035384
0.7727272727272727,-31.782658839512923
0.75,-28.566449355203453
0.7272727272727273,-13.169815054606818
0.6818181818181818,20.82704010951504
0.7272727272727273,-11.351831684775634
0.6818181818181818,18.983614488018734
0.7727272727272727,-28.599212341978067
0.7954545454545454,-9.660924511263078
0.6818181818181818,-19.13097736531563
0.6818181818181818,-20.718089816121243
0.75,-32.3673332355855
0.7045454545454546,-24.425501811659284
0.7954545454545454,-34.252078449472066
0.7045454545454546,-17.226494953232695
0.7954545454545454,-28.801032163475057
0.7272727272727273,-18.837695216863793
0.8409090909090909,-15.182139309122432
0.7954545454545454,-20.783277167481337
0.7727272727272727,-12.962816748248708
0.7954545454545454,-26.11859827826738
0.6818181818181818,-2.0247283521299533
0.7272727272727273,-23.54044679533537
0.7045454545454546,-5.815821003942309
0.75,-7.652304571625137
0.7045454545454546,-13.832491130551459
0.7045454545454546,-13.960318539057484
0.7272727272727273,-24.06654225667612
0.7272727272727273,-9.27982489286417
0.7727272727272727,-26.170701636817547
0.7954545454545454,-12.823241009338568
0.7727272727272727,-28.090407303415887
0.7954545454545454,-10.346157598172402
0.7272727272727273,-22.256876114394593
0.7954545454545454,-24.107713738389744
0.7727272727272727,-29.702104178007037
0.75,14.568663825626835
0.75,-20.526599545266002
0.75,-11.604340292452248
0.7272727272727273,-29.30931334651183
0.6590909090909091,-21.990295213780715
0.7954545454545454,-3.523185414487522
0.6590909090909091,-9.907036866463187
0.7272727272727273,-27.210993546294215
0.7954545454545454,-25.55055325632605
0.7272727272727273,-23.434984785470945
0.7272727272727273,-23.57990054942271
0.7045454545454546,-12.475164223336606
0.6590909090909091,-19.04141823040736
0.7045454545454546,-13.607070847005174
0.7954545454545454,-17.330077724661447
0.6818181818181818,-2.4368335035678625
0.7045454545454546,-8.110564588409742
0.7727272727272727,-19.611369009299185
0.7727272727272727,-25.19545756522357
0.7272727272727273,-25.767831721091888
0.7727272727272727,-8.381977843415942
0.7272727272727273,-26.712497073770145
0.7954545454545454,-8.891015116807795
0.7272727272727273,-29.172447192771667
0.7727272727272727,-1.6981047416309734
0.75,-18.961758499410767
0.7045454545454546,-12.117139565570385
0.7272727272727273,-25.00140531963499
0.7954545454545454,-15.16243930542794
0.75,-15.270095510626334
0.8409090909090909,-43.46381042594832
0.6818181818181818,-18.712428288060725
0.7954545454545454,-16.407768305100287
0.75,-32.968747374909334
0.7272727272727273,-20.389781973164553
0.8409090909090909,-24.501904232811857
0.6818181818181818,-15.327974248510579
0.8181818181818182,-35.08402645033847
0.6818181818181818,-20.238905736656935
0.8409090909090909,-11.330341782593697
0.8181818181818182,-21.774917782793366
0.7954545454545454,-15.661822995344899
0.6590909090909091,10.920997489992567
0.6818181818181818,-0.6896931878746867
0.75,-2.864423695279202
0.7954545454545454,-23.19456260862041
0.7045454545454546,1.0098357798761883
0.7272727272727273,-4.439358152014581
0.7727272727272727,-35.27960001074099
0.7954545454545454,-12.453610240876037
0.6818181818181818,3.535661141795495
0.75,-23.345236093457483
0.7272727272727273,-10.386442754175295
0.6818181818181818,-18.921285221633322
0.7272727272727273,-22.07204192652988
0.7045454545454546,-13.010335302446025
0.7727272727272727,-22.686340506730616
0.75,-22.644246383666868
0.7727272727272727,-27.35678937056132
0.6590909090909091,3.0216461619807586
0.7272727272727273,-37.67831364380941
0.6818181818181818,-3.8259534822187864
0.7272727272727273,-15.896655134721595
0.6818181818181818,-24.478469254390337
0.7727272727272727,-25.912320954426846
0.7045454545454546,-12.52069756886915
0.75,-21.879856159458868
0.7954545454545454,-37.863714272782154
0.7272727272727273,-10.067154523811501
0.7272727272727273,-22.588612684304863
0.7045454545454546,-3.5515811965520907
0.7272727272727273,-15.892177329211039
0.75,-20.098794263183308
0.7045454545454546,-6.607584036811935
0.75,-5.928390269615384
0.6590909090909091,3.2550135423299267
0.75,-22.202820741134648
0.7272727272727273,-15.774648600017203
0.6818181818181818,-8.358828799215509
0.7954545454545454,-1.784142318165398
0.7954545454545454,-26.213943209816772
0.7045454545454546,-10.018578570867998
0.6818181818181818,-4.438184452655045
0.75,-6.943488616024253
0.75,-12.266806711619171
0.75,-1.2973923124100992
0.7727272727272727,-22.372332608037404
0.75,-31.713752355441976
0.8181818181818182,-19.219212040767193
0.7045454545454546,-19.582532731642804
0.7272727272727273,-15.76937894469173
0.75,-15.770304318940605
0.6363636363636364,-11.148176160440217
0.8181818181818182,-11.9348851915921
0.6818181818181818,-11.55054737227937
0.7727272727272727,-20.239785144349607
0.8181818181818182,-34.546247019856644
0.75,-16.395575771385985
0.8181818181818182,-31.914978377907747
0.8636363636363636,-37.73625089670028
0.8409090909090909,-20.118423041661035
0.7272727272727273,4.623671964383612
0.7954545454545454,-31.331660627459495
0.7727272727272727,-17.07774467849652
0.75,-10.797386274653322
0.7045454545454546,-11.08075532421533
0.7954545454545454,-7.0541021203267
0.7727272727272727,-29.673718552420166
0.7727272727272727,-6.692740016355972
0.7045454545454546,-2.7649204363524875
0.75,-15.213527363371657
0.75,-11.556863365109345
0.8409090909090909,-37.79879086008265
0.6590909090909091,-6.815106213508327
0.75,-0.6397309250446807
0.7727272727272727,-32.05154198764919
0.7954545454545454,-29.473182507274654
0.7272727272727273,-18.684635236332223
0.75,-22.134620436047648
0.6818181818181818,-3.8541336576544207
0.7727272727272727,-17.483722912126776
0.6818181818181818,-5.49112649919148
0.7272727272727273,-29.80856758446636
0.7272727272727273,-22.692192880579036
0.7272727272727273,-14.83641526011894
0.7272727272727273,-26.401701438442707
0.7954545454545454,-24.5628314799323
0.7045454545454546,-14.658159713124833
0.75,-24.1758706470946
0.6818181818181818,-17.398676943820007
0.7954545454545454,-30.518985630085332
0.7045454545454546,-15.53917777172728
0.7727272727272727,-16.59797369169408
0.8181818181818182,-6.3454835897960455
0.6818181818181818,-21.669020078393046
0.7045454545454546,-16.819158398120923
0.8181818181818182,-29.08923036745049
0.7272727272727273,-27.89088424270952
0.7727272727272727,-10.362895329934917
0.75,-9.807992937219701
0.7954545454545454,-17.991325321311553
0.8181818181818182,-28.137086629912485
0.7727272727272727,-29.833243313283052
0.7272727272727273,-11.601818013471702
0.7272727272727273,-21.948894845320886
0.8181818181818182,-20.072184841021308
0.8181818181818182,-20.77253177933734
0.6818181818181818,-8.542785345639167
0.7272727272727273,-3.0629732890666337
0.7727272727272727,-8.398552944529516
0.7272727272727273,12.22097994039944
0.75,-9.957935311269898
0.7272727272727273,-20.06344152357373
0.7727272727272727,-26.752385701860213
0.7727272727272727,-9.277630906675643
0.75,-7.205776402072095
0.7272727272727273,-9.952833797797474
0.75,-13.042853402733659
0.75,-17.897522127397067
0.7954545454545454,-30.975322615943618
0.7272727272727273,-11.739294223182759
0.6818181818181818,-11.92934165166386
0.7727272727272727,-15.871015524972512
0.7954545454545454,-32.141101314613906
0.7045454545454546,-9.112256857139226
0.7954545454545454,-28.46885739971543
0.7954545454545454,-34.31794766084912
0.7272727272727273,-23.889057914411612
0.75,-16.947449719153152
0.7272727272727273,-14.324737383461224
0.7045454545454546,-7.817205932464032
0.7727272727272727,-29.490140296453134
0.7272727272727273,-16.17644468398257
0.8409090909090909,-32.95862480224204
0.7272727272727273,-18.59044426803173
0.75,-18.81142742357717
0.6818181818181818,-25.099327294341585
0.6818181818181818,-18.410116860876784
0.6818181818181818,-13.85957530203219
0.7954545454545454,-35.92876639439342
0.7045454545454546,2.4607545715408907
0.7272727272727273,-26.13901701470058
0.8181818181818182,-22.155079902205635
0.7045454545454546,0.7581944194587777
0.8181818181818182,-36.834539449670395
0.7045454545454546,-26.539381580520345
0.7045454545454546,-5.573725585884515
0.75,-13.77962489906676
0.75,-20.620559658241365
0.7954545454545454,-28.148912559163875
0.7727272727272727,-21.32594316008131
0.75,-8.409601621402162
0.7045454545454546,-22.48088251414697
0.75,-19.574881506733696
0.7272727272727273,-13.186389011245824
0.8181818181818182,-14.959916236755388
0.7727272727272727,-29.512321378798394
0.7045454545454546,-0.11332113085786782
0.7954545454545454,-12.815482134707308
0.7954545454545454,-16.707504901619405
0.6818181818181818,-11.752888611181099
0.7727272727272727,-28.7663691600512
0.7045454545454546,-19.795322204239838
0.6590909090909091,-4.258559897724265
0.6590909090909091,-0.41912256653108637
0.7954545454545454,-21.629239167508818
0.7954545454545454,-13.911017392648143
0.7272727272727273,-15.950655893828026
0.7727272727272727,-21.787726689195434
0.7727272727272727,-34.6788024754222
0.7954545454545454,-24.215017259419962
0.7272727272727273,8.387215617238995
0.8636363636363636,-28.94439683878708
0.7272727272727273,-27.855526757080067
0.75,-27.189082375678165
0.7954545454545454,0.08769310598339818
0.7045454545454546,-17.630334520966798
0.7045454545454546,-7.741849749481901
0.7045454545454546,-18.166500910739867
0.6818181818181818,-17.356497854168264
0.7272727272727273,-16.500475787303568
0.7045454545454546,-1.9199381571941645
0.75,-31.856603135846
0.7045454545454546,-14.505140257978484
0.7045454545454546,-17.477152342436987
0.7272727272727273,-9.27350296442135
0.7727272727272727,-29.472604474382425
0.7954545454545454,-11.01878280342442
0.7272727272727273,-20.742832808666364
0.7954545454545454,-28.27300657715865
0.7727272727272727,-17.058090037904005
0.7045454545454546,4.926395109299089
0.6818181818181818,-17.778815257112473
0.7272727272727273,-17.09139422349754
0.7045454545454546,-15.868478613704326
0.7727272727272727,-23.53006744205584
0.7954545454545454,-33.198495766482885
0.7272727272727273,-8.098547331945328
0.7954545454545454,-24.273750472243083
0.6590909090909091,-5.746982727570869
0.7727272727272727,-11.058206584191389
0.6590909090909091,1.6749129038382462
0.6818181818181818,-15.122516223373214
0.7045454545454546,-7.722765250830403
0.7272727272727273,-9.422497462167682
0.7727272727272727,-30.641101064401884
0.7045454545454546,1.3474357511002262
0.8409090909090909,-28.155934582022823
0.7954545454545454,-28.616314791183893
0.7045454545454546,-13.585958708226796
0.7272727272727273,-26.72572644728774
0.7727272727272727,-18.292012703369288
0.7727272727272727,-33.998716633416876
0.7954545454545454,-30.024582373069947
0.75,-3.19027708578034
0.7045454545454546,-29.0934323046506
0.7272727272727273,-26.713535030625554
0.7954545454545454,-26.102001641539236
0.7727272727272727,-29.591957163525738
0.8181818181818182,-10.397299107174826
0.7727272727272727,-27.867865878797762
0.7272727272727273,-19.247842527683346
0.7045454545454546,-8.565897439422749
0.7727272727272727,-24.062778641812884
0.7272727272727273,-26.23533712057159
0.8181818181818182,-34.515919787927466
0.6818181818181818,0.8566183415450449
0.75,-21.255244576149682
0.7954545454545454,-20.07269990509049
0.7045454545454546,-11.25036011825194
0.6818181818181818,0.7773564090398214
0.75,-16.395918524716077
0.6590909090909091,-18.52107894524572
0.7727272727272727,-30.785994028842662
0.7272727272727273,-12.627854527528632
0.7954545454545454,-11.137695464665564
0.7272727272727273,-13.046774715585862
0.7954545454545454,-31.60228504547433
0.75,-27.361068217508272
0.7954545454545454,-37.037286470713646
0.75,-32.41084955304326
0.75,-31.171828316451112
0.7272727272727273,-8.575390086493558
0.7045454545454546,-8.836793171086947
0.7045454545454546,-10.364196794074756
0.7954545454545454,-31.172024523439994
0.7954545454545454,-17.75769074402649
0.7045454545454546,-22.146902814904312
0.7272727272727273,-15.93350089162998
0.6818181818181818,-16.28249178137633
0.7727272727272727,-16.478764545677823
0.7045454545454546,-0.9010101025384064
0.75,-16.524201522457094
0.7045454545454546,-5.540329828092126
0.7954545454545454,-32.27506361681538
0.7727272727272727,-25.142110087247882
0.7272727272727273,-24.98313461982643
0.75,-11.557733103313353
0.75,-16.224162973996187
0.7045454545454546,-6.846105147728469
0.7045454545454546,-12.985522239017536
0.7045454545454546,-1.2948010662805143
0.7045454545454546,-22.617242732078335
0.75,-33.452940719241376
0.7272727272727273,-22.534202615656177
0.75,-23.671597214547525
0.75,-12.601181377092399
0.75,4.747955103828894
0.7272727272727273,-23.80444981587276
0.7045454545454546,-3.045794254299214
0.7727272727272727,-24.316771833465136
0.7045454545454546,-27.068119397704926
0.7272727272727273,-22.45695470103108
0.9090909090909091,-31.13033675489203
0.7045454545454546,-7.603262286525628
0.7045454545454546,-27.933363846592066
0.6818181818181818,-12.731478969537363
0.75,-19.708763242344215
0.7272727272727273,-2.3417008917969095
0.75,-24.96808579257231
0.7954545454545454,-33.22166939002582
0.7727272727272727,-16.871109753082337
0.7727272727272727,-13.482026049238264
0.6818181818181818,-14.239912553264588
0.75,-30.445976775070196
0.7727272727272727,3.1221077325236077
0.7272727272727273,-4.246169186594724
0.7045454545454546,-28.21401828927617
0.7954545454545454,-35.98024160435886
0.7272727272727273,-0.5812655440767274
0.75,-16.20320353275775
0.7954545454545454,-31.464456349363125
0.7727272727272727,-26.389194670263738
0.7045454545454546,-31.840867605834003
0.7045454545454546,22.228464213489257
0.7727272727272727,-18.27873306990319
0.7954545454545454,-30.239933626432308
0.7727272727272727,-18.600936407053236
0.8409090909090909,-37.63962660516689
0.75,-17.560318939635852
0.7954545454545454,-3.652530804164826
0.7727272727272727,-38.6778081487376
0.75,-22.145950723077746
0.8181818181818182,-9.916566798854346
0.7272727272727273,-7.969840970287096
0.7727272727272727,-23.39114363902404
0.7727272727272727,-26.985470269794902
0.75,-14.83901739999464
0.6818181818181818,2.5672884368224302
0.6818181818181818,3.2867165267200096
0.75,-3.9718668025280106
0.7727272727272727,-22.35908632566435
0.6590909090909091,-21.517996447249182
0.6818181818181818,-14.676528629377417
0.7727272727272727,-33.70820985169802
0.6818181818181818,-2.7704801524502973
0.7727272727272727,-16.34735875557021
0.8181818181818182,-28.83893899449215
0.7727272727272727,-28.567011555934457
0.7045454545454546,17.88527401679443
0.8181818181818182,-28.105610359734666
0.7045454545454546,-13.582608854479048
0.7272727272727273,-24.9035394083175
0.7272727272727273,-7.310327458175982
0.75,-23.566393920576754
0.6590909090909091,-8.813116257408856
0.7727272727272727,-21.10636223338196
0.75,-22.343514017633733
0.7045454545454546,-7.903060309093082
0.75,-23.174189846248694
0.7727272727272727,-24.73534973579881
0.7272727272727273,-12.029445158143652
0.8181818181818182,-0.5166355188070084
0.7272727272727273,-5.217150851477829
0.7954545454545454,-40.320773324833326
0.75,-21.550199256295706
0.6818181818181818,-10.347776783372426
0.7045454545454546,-8.444640964855727
0.8181818181818182,-33.85304248706595
0.7272727272727273,-3.9852868291579635
0.7045454545454546,10.593327697654008
0.7954545454545454,-22.949743281126032
0.7954545454545454,-24.836518608373787
0.7954545454545454,-12.960828327595033
0.7727272727272727,-13.888680780191343
0.75,-24.3428871657262
0.9090909090909091,-28.28496050874609
0.6818181818181818,-23.954749496471653
0.7272727272727273,-21.70359298872747
0.7045454545454546,2.262241230011517
0.75,-17.321576891351523
0.8181818181818182,-35.443254317472004
0.7045454545454546,1.690283721074781
0.7045454545454546,-19.12822058854232
0.75,-7.70663512978991
0.8863636363636364,-45.55614035555602
0.6590909090909091,-4.958468095745597
0.7045454545454546,-23.639160578991845
0.75,-27.85862339390478
0.7272727272727273,-32.75981633882226
0.7045454545454546,-21.80160601020585
0.7727272727272727,-37.05011546946911
0.7727272727272727,-20.79464966321345
0.7045454545454546,-26.763408247999106
0.7272727272727273,-31.19272024890821
0.6590909090909091,-6.3285166314160355
0.7272727272727273,-14.528065666639721
0.8863636363636364,-49.8798756550426
0.7045454545454546,-25.453461177594797
0.7045454545454546,-18.83189080238862
0.7727272727272727,-15.321618704078436
0.75,-22.212526406229433
0.7045454545454546,-19.878297450475294
0.7954545454545454,5.3522648140898665
0.6363636363636364,-17.30536487004952
0.7272727272727273,-19.165309661974565
0.7045454545454546,-17.627845004167167
0.7727272727272727,-16.398630895574595
0.75,-18.83610144533205
0.7045454545454546,-14.02501378096623
0.6818181818181818,-7.677945224135542
0.7272727272727273,-2.0996580221908157
0.7727272727272727,-20.320958899255725
0.6590909090909091,-17.9314997219617
0.7727272727272727,-20.829076918913294
0.7045454545454546,-18.170322325060535
0.6818181818181818,-9.432457064519474
0.7272727272727273,-22.122410572488455
0.7045454545454546,6.449319186084381
0.75,-14.968070469611861
0.75,-13.468025881116409
0.7954545454545454,-28.68410731891817
0.7954545454545454,-5.8183781392245155
0.75,4.121048725600354
0.7727272727272727,5.924324231579768
0.7727272727272727,-15.452759971404559
0.7727272727272727,1.1738862034919038
0.7045454545454546,-7.099364450377189
0.7045454545454546,5.895019169515263
0.75,-28.485540361804222
0.7045454545454546,-14.906793907602236
0.75,-25.672794370135204
0.7954545454545454,-27.330952108183816
0.6818181818181818,-19.73036927570683
0.6590909090909091,25.814782159847343
0.7272727272727273,-11.38477076936565
0.7045454545454546,8.452155174520145
0.7045454545454546,-12.561606308871013
0.7045454545454546,-2.3467416409151194
0.7954545454545454,-15.854326224224042
0.7954545454545454,-23.434502055346194
0.7727272727272727,-20.035853783917563
0.7272727272727273,-13.949419984075185
0.7727272727272727,-5.936634928536031
0.7272727272727273,-18.909282866651115
0.75,-16.845906007982673
0.7272727272727273,-3.7669685554084538
0.7045454545454546,-23.276744402839878
0.6818181818181818,-17.655478013931766
0.7045454545454546,-10.978603271608263
0.7045454545454546,-21.1902682946706
0.75,-5.498197714702092
0.7727272727272727,-24.86399072261562
0.6590909090909091,-16.106657026056425
0.7954545454545454,-0.69228810123419
0.75,-13.423596691506212
0.75,-10.512166988936439
0.7272727272727273,-0.010486713911907747
0.7045454545454546,-9.4378948622836
0.6818181818181818,3.0484240771032374
0.75,-1.9235440188323982
0.7272727272727273,-13.674318630923967
0.7727272727272727,-28.22911195092125
0.75,-10.390781696350702
0.7727272727272727,3.5677297101104815
0.75,-9.397640531735995
0.7727272727272727,4.280806811673739
0.7272727272727273,-10.089435989790559
0.6818181818181818,-10.829047643448451
0.8181818181818182,-23.938679776838782
0.75,-18.730786410872682
0.7272727272727273,11.162875971233115
0.6590909090909091,-11.048548609175212
0.7954545454545454,-3.417242241836537
0.7272727272727273,-11.454164856881084
0.7045454545454546,11.449181690564751
0.7727272727272727,-4.0336454707200025
0.7272727272727273,-24.193399807535037
0.7272727272727273,-21.04514209590839
0.7045454545454546,7.799379000992811
0.75,-30.36345490205297
0.7727272727272727,-18.91869142231116
0.7727272727272727,-27.651349163473636
0.7045454545454546,-19.89177394941705
0.7272727272727273,-24.72668233554765
0.7727272727272727,-14.863426193253106
0.7954545454545454,-34.53471580122676
0.75,-4.655325045224464
0.7727272727272727,-14.260458484294448
0.75,-12.854544877627275
0.7272727272727273,-30.17768862422975
0.6818181818181818,-20.302796116728555
0.8409090909090909,-28.298515355026392
0.7272727272727273,-22.17242265444085
0.7727272727272727,-18.87551482570291
0.8181818181818182,-24.678496171446476
0.7272727272727273,-14.828929282675478
0.8636363636363636,-46.17240392450798
0.75,-23.296659889180056
0.8181818181818182,-27.810979452177683
0.7272727272727273,-11.220693877448216
0.8181818181818182,-34.62507907658018
0.75,-18.659741754561626
0.7272727272727273,-15.258184776568873
0.8409090909090909,-20.932539274693763
0.7045454545454546,-6.166974739552497
0.7954545454545454,-27.487775470959228
0.7954545454545454,-37.47530725841838
0.7272727272727273,-28.55623781627273
0.7272727272727273,-33.11691389498248
0.8181818181818182,-13.542321927632072
0.7045454545454546,-26.311365328461275
0.7727272727272727,-32.51535903085953
0.75,-8.446848128346751
0.6818181818181818,-11.211142365737196
0.75,-18.676156084039018
0.7272727272727273,-1.4409525500758946
0.7045454545454546,-10.129143389543161
0.75,-15.082541512052064
0.7727272727272727,-15.085379220421316
0.7727272727272727,-6.044752046627914
0.7272727272727273,-17.152857744586555
0.7727272727272727,-9.38206795692271
0.7954545454545454,-27.104164007295356
0.7954545454545454,-33.851070609816816
0.7045454545454546,13.472628415527305
0.7272727272727273,-10.7642728295427
0.6590909090909091,8.095830755358138
0.8409090909090909,-35.106560541735846
0.7045454545454546,-11.86116988785122
0.8863636363636364,-42.192979148490274
0.7727272727272727,-33.89647284599178
0.7272727272727273,-21.93095040256722
0.7727272727272727,-30.404772630107626
0.7272727272727273,-34.47023662168848
0.7727272727272727,-28.88835114898151
0.7272727272727273,-12.49419907112229
0.7954545454545454,-28.318552077152187
0.75,-7.155311728097442
0.7727272727272727,-17.091478818137087
0.7954545454545454,-15.305342955170637
0.7045454545454546,-10.842345525583163
0.6590909090909091,-11.217678070859757
0.75,-8.813708162454251
0.7954545454545454,-39.66430770919912
0.7727272727272727,-11.509014148091126
0.7045454545454546,-4.598413293094605
0.7727272727272727,-18.097498574202657
0.8181818181818182,-13.028187044913517
0.7727272727272727,-34.952432864429824
0.6818181818181818,-16.424303308233075
0.7954545454545454,-9.437363921473024
0.7727272727272727,-20.851470334471877
0.6818181818181818,26.75899677818322
0.7272727272727273,-2.259810467790283
0.8409090909090909,-32.570864918113
0.7272727272727273,-28.485829831501317
0.7727272727272727,-3.9701479569538662
0.7954545454545454,-38.350799242033354
0.7045454545454546,-4.2384354235276485
0.7954545454545454,-10.643069262021715
0.6818181818181818,-4.905713633525532
0.75,-13.055566235575613
0.75,-16.771751135309238
0.75,-11.783544405513016
0.7272727272727273,-8.594662871925037
0.7272727272727273,1.2113017834590456
0.7727272727272727,-26.8432739465772
0.7045454545454546,-15.517035349430403
0.75,-16.83445221071432
0.7045454545454546,-7.516858175313144
0.7045454545454546,-23.81714742686523
0.7954545454545454,-28.056669080733254
0.6363636363636364,-12.364238554614934
0.8409090909090909,-30.17516131796132
0.6818181818181818,2.2957119796550396
0.75,-12.986045272732365
0.8181818181818182,-24.855606996993455
0.7045454545454546,-25.28310033179723
0.75,-21.295259010021518
0.7954545454545454,-14.635870073031118
0.7954545454545454,-26.93912555290788
0.75,-10.157263343385285
0.7272727272727273,2.027003545079277
0.75,-8.738189091202816
0.75,-15.78672734774761
0.75,-13.457275452896981
0.7954545454545454,-20.889478237142576
0.8181818181818182,-26.861901370159856
0.7727272727272727,-25.301291860440337
0.75,-29.279801463220238
0.7272727272727273,-26.443491166676232
0.6818181818181818,-4.394266400820136
0.75,-27.695727329525607
0.7272727272727273,-5.079415140927436
0.7727272727272727,-24.359072767995418
0.6590909090909091,-1.3520664255263972
0.7954545454545454,-25.865191225122416
0.7272727272727273,-30.555972205048853
0.7954545454545454,-17.800646761268922
0.7272727272727273,-30.184503472321275
0.8409090909090909,-43.68465781021842
0.6590909090909091,-15.430262393737895
0.7045454545454546,-29.510375705246336
0.7045454545454546,-26.771287570884716
0.7727272727272727,-30.867104599802442
0.6818181818181818,-4.499762230477731
0.6818181818181818,-18.292111848169952
0.7727272727272727,-15.339006072979574
0.75,-33.909862020684415
0.7727272727272727,-36.48144226942403
0.7272727272727273,-11.054082806921274
0.6818181818181818,-10.094163751171497
0.7272727272727273,-16.231405303804504
0.7272727272727273,-11.217541828035152
0.7272727272727273,-23.413003182388067
0.75,-28.70776403432603
0.7272727272727273,2.9771899820637757
0.7272727272727273,1.8422348287552524
0.7045454545454546,-5.639138898376512
0.7045454545454546,0.6501132885911812
0.6818181818181818,-9.346661971644727
0.6818181818181818,-18.122862822490635
0.7045454545454546,-9.51646472780965
0.75,-18.943625058757743
0.6818181818181818,-6.71079557803956
0.7272727272727273,-25.315416643101937
0.7272727272727273,-28.145945259040527
0.7045454545454546,-15.797262670415812
0.7045454545454546,-27.211556090614057
0.7727272727272727,4.047663895389311
0.7272727272727273,-5.75317947336936
0.7727272727272727,-27.07905470704604
0.75,-26.130703524224145
0.7045454545454546,-2.3678459466997506
0.7954545454545454,-5.402769957232872
0.6590909090909091,-12.755677958162009
0.75,-23.282215155638053
0.7045454545454546,9.801595832640489
0.7727272727272727,-12.158875497818036
0.7272727272727273,-18.01701214749906
0.8409090909090909,-8.034548758179607
0.7272727272727273,-19.087533197030254
0.6818181818181818,-7.173854758213514
0.7727272727272727,-20.662559897707528
0.7727272727272727,-30.92652314220314
0.6590909090909091,-16.725446571976498
0.7272727272727273,-23.20631565584657
0.75,-34.115936083647604
0.6590909090909091,-17.639499255343903
0.75,-3.998550929160284
0.75,-27.319806435978027
0.75,-24.335017630162053
0.7727272727272727,-27.646900178592375
0.7272727272727273,-11.259274208368618
0.75,-2.5502176637281506
0.7045454545454546,6.428753545996853
0.7272727272727273,-24.662747384260538
0.6590909090909091,-20.672194031957414
0.7954545454545454,-26.771973343323758
0.75,-25.691365554756825
0.7272727272727273,-18.50654406209657
0.7954545454545454,-29.274899010136537
0.8181818181818182,-18.48073093306071
0.7045454545454546,-17.64579212813379
0.6363636363636364,-3.650075233709528
0.75,-9.515356445214847
0.75,-10.665416883124976
0.7727272727272727,-23.490036758749667
0.7954545454545454,-12.318054512449681
0.75,-15.654744349517506
0.75,-18.605585947162684
0.7045454545454546,-11.890649184988412
0.8409090909090909,-13.001864622934479
0.7045454545454546,-13.902482199741526
0.7727272727272727,-35.047257540424944
0.75,-23.730362244707887
0.7272727272727273,-5.70959730389815
0.75,-27.936947363716783
0.7954545454545454,-17.30445828711814
0.75,-1.9800067299232809
0.7272727272727273,-17.83155738176674
0.7045454545454546,-15.240499293006753
0.75,-31.864753008075606
0.7045454545454546,-11.64862405320083
0.75,-15.445336972863975
0.8409090909090909,-14.100341670256121
0.7954545454545454,-20.015568118607504
0.75,-17.77524421558745
0.7954545454545454,-31.585824354519353
0.7727272727272727,-28.978024982205195
0.75,-33.46577842803975
0.7045454545454546,-24.363680319583423
0.7272727272727273,0.503850007751485
0.75,-7.983992085574917
0.7727272727272727,-24.17935723974713
0.7272727272727273,-20.563138774791426
0.7272727272727273,1.7991015516517146
0.75,-27.290174140889246
0.6818181818181818,-22.23872970874888
0.7272727272727273,-6.665153860065896
0.75,-34.50264753526159
0.7272727272727273,-4.2221419312704
0.75,-25.45266921366931
0.7727272727272727,-32.62402380664299
0.75,-29.388338017260754
0.75,-18.88766166935909
0.6818181818181818,-19.987927465727935
0.75,-23.469873323608592
0.6818181818181818,7.473460331199249
0.75,-12.046424921038858
0.7272727272727273,-2.305712598093165
0.7954545454545454,-17.927675922608156
0.8181818181818182,-6.889372114814744
0.7272727272727273,-27.010451448637813
0.7272727272727273,-7.138795651707013
0.75,-22.887681620257922
0.7727272727272727,-10.4056091112071
0.75,-5.788538322649443
0.7272727272727273,-13.470496988940797
0.75,-14.057507137317634
0.7727272727272727,-20.843600285023054
0.75,-5.7709304721229095
0.7727272727272727,-15.288413919942986
0.7045454545454546,-10.689050822711804
0.75,-6.594636025776245
0.7954545454545454,-34.6452358375969
0.6818181818181818,-3.42464669831477
0.7727272727272727,-30.185343486404452
0.6818181818181818,-13.933790415036578
0.7272727272727273,-0.8813060864286135
0.7954545454545454,-1.2189642332294481
0.6363636363636364,-8.495909368015264
0.7727272727272727,-26.452808294946138
0.75,-32.347540818242415
0.8181818181818182,-23.0780547443747
0.7954545454545454,-4.995701022521988
0.7954545454545454,-40.25653323308265
0.7045454545454546,-26.456517558002073
0.7045454545454546,-6.380902663406022
0.7727272727272727,-13.415484664104145
0.75,-25.964852820546664
0.7045454545454546,-10.562437046417905
0.6590909090909091,2.844536169990423
0.6818181818181818,-27.899081687590623
0.7272727272727273,-27.047689733323207
0.7727272727272727,-6.65123242820563
0.7727272727272727,-24.37259606497379
0.7045454545454546,-8.539724695613865
0.75,-30.06336861105883
0.7727272727272727,-27.599605214194995
0.75,-31.583932982352678
0.75,-19.635396689425395
0.8181818181818182,-37.418462679941996
0.8636363636363636,-40.20033868986913
0.7727272727272727,-27.693200533546953
0.7045454545454546,-27.72730407669187
0.7272727272727273,-14.270103878619715
0.75,-24.281134917944215
0.7045454545454546,4.7314897887420155
0.75,-21.4239123405429
0.7272727272727273,-22.5650206310447
0.7272727272727273,-15.188403568412964
0.75,-19.09989087837981
0.7954545454545454,-42.97243887599987
0.75,-22.76082146234054
0.7272727272727273,-22.38567539063454
0.7727272727272727,-13.119842658300751
0.7272727272727273,-26.792532051302597
0.7727272727272727,-29.239947443619936
0.7727272727272727,-7.684089900991932
0.7045454545454546,6.767752213735566
0.75,-28.917413638875477
0.75,-7.704950926092734
0.7045454545454546,-6.438593078648512
0.75,-21.121160923339723
0.75,-14.304333862872802
0.8181818181818182,-9.068022189841782
0.7045454545454546,-15.274410525227523
0.8409090909090909,-15.140579816485086
0.7272727272727273,-20.1004437327411
0.7272727272727273,8.628702253741254
0.7272727272727273,-20.594322596957415
0.75,-10.4955071816766
0.7954545454545454,-24.318763568189627
0.7272727272727273,-8.769762716422408
0.7272727272727273,-31.55660891856651
0.7045454545454546,-1.451031736931823
0.7272727272727273,-4.134696123178875
0.7272727272727273,-21.65137985848007
0.7045454545454546,-20.807950317745977
0.8181818181818182,-31.54350597210075
0.6818181818181818,-12.172942564166616
0.7045454545454546,-9.12856358842524
0.75,-18.593753324886524
0.7954545454545454,-26.141713205909298
0.7727272727272727,-13.375759921015616
0.75,-15.408604453432845
0.75,-17.947387579342003
0.75,-17.428936546478425
0.75,-24.29417227948959
0.7272727272727273,-3.043683050872312
0.75,-27.3553093740705
0.7272727272727273,-11.564640520848828
0.75,-16.315256217690067
0.7954545454545454,-36.57102500024415
0.75,-16.10321637338996
0.8181818181818182,-32.378955804210825
0.8181818181818182,-30.881426485851797
0.7272727272727273,-21.301513201415503
0.75,-21.633115429045002
0.7272727272727273,-20.624566516002123
0.7954545454545454,-32.134296931736
0.7727272727272727,-22.560666809478338
0.7045454545454546,-13.809141970013156
0.6818181818181818,7.147204079642535
0.7045454545454546,-6.849574748958895
0.75,-16.34885881877818
0.7727272727272727,-21.292108154305673
0.6818181818181818,-19.690489111716865
0.6590909090909091,-7.6496193295189725
0.7727272727272727,-8.245223541432024
0.7272727272727273,-26.866102830324465
0.7272727272727273,-25.78701988162894
0.75,-19.68957442515301
0.7272727272727273,-22.30974897536191
0.7727272727272727,-22.725942005662578
0.8409090909090909,-28.479295158760582
0.75,-26.978290862488766
0.6590909090909091,-3.272706095816396
0.75,-16.995266924770927
0.6590909090909091,-16.29463423636091
0.7272727272727273,-18.946398949868634
0.75,-5.557392043243177
0.7272727272727273,-13.873314640645226
0.7954545454545454,-10.893400321783373
0.75,-27.105076909563067
0.6590909090909091,-9.208947694679075
0.6818181818181818,-6.515880445608811
0.7727272727272727,-18.069668525588256
0.6818181818181818,-6.342396810454426
0.75,-23.200092568620608
0.75,-29.774146190864176
0.7272727272727273,1.8781889637895843
0.7272727272727273,-16.962250622591498
0.75,-26.72857882025969
0.6818181818181818,19.937684499686373
0.7045454545454546,-17.3517533229959
0.8181818181818182,-8.591109410221064
0.8409090909090909,-29.657446543202457
0.6818181818181818,12.174983757555031
0.75,-4.256487568630003
0.75,-4.33376702974877
0.7954545454545454,-34.002049643318756
0.8181818181818182,-8.803400022331116
0.8409090909090909,-28.130143831679742
0.7045454545454546,-32.85387823624895
0.8181818181818182,-18.1284354545571
0.75,-2.8230197597369693
0.7045454545454546,-18.045412752340603
0.75,-24.521307199300168
0.75,-21.217510137129707
0.7727272727272727,-16.95653954808757
0.6818181818181818,-1.1337463300813846
0.6818181818181818,-17.910983592209412
0.75,-10.256324108663385
0.7727272727272727,-18.537364232305155
0.75,-30.500460161643215
0.7954545454545454,-16.662309355912246
0.7272727272727273,-13.696888265848672
0.7272727272727273,-22.892803553438036
0.7272727272727273,-26.362227462668546
0.7954545454545454,-30.247424961723105
0.75,-7.637844884274771
0.7272727272727273,-17.9641314552924
0.7954545454545454,-33.16325009400107
0.6818181818181818,5.957556280719337
0.7954545454545454,-33.572840690129325
0.7272727272727273,-7.60797193961669
0.6818181818181818,-3.411554430352008
0.7045454545454546,-31.378367590374125
0.6818181818181818,10.725302368573056
0.7727272727272727,-27.146587150687992
0.7954545454545454,-22.36436389081461
0.7045454545454546,-7.06339410574711
0.7954545454545454,-38.273754416172544
0.7727272727272727,-23.13020108307606
0.7045454545454546,-27.26263456092331
0.7045454545454546,-14.00325570814075
0.75,13.840755122750146
0.75,-20.81108975758269
0.7727272727272727,-29.05651095328659
0.7727272727272727,-20.78391808265468
0.6818181818181818,-24.337345136263888
0.75,-21.63832683045661
0.7045454545454546,-8.373902257283277
0.75,-6.821401642840184
0.7045454545454546,-16.602328732704
0.75,-10.313349466325858
0.6818181818181818,-14.08886934673552
0.7045454545454546,-10.02807436551425
0.7727272727272727,-23.49836822640356
0.7727272727272727,-26.327982692353817
0.7272727272727273,-13.20443154001657
0.7727272727272727,-36.96986224210782
0.7727272727272727,-15.985522333390419
0.75,-9.630715501462987
0.7954545454545454,-28.914358498917498
0.75,-14.070584772560533
0.7954545454545454,-27.52422366901063
0.8181818181818182,-35.25648471937532
0.8181818181818182,-30.700924678457913
0.7727272727272727,-13.637583310624246
0.75,-19.03114136952261
0.75,-10.06501695481547
0.75,-10.930511384566351
0.8409090909090909,-13.134732316007222
0.7045454545454546,5.936456887864091
0.7045454545454546,-11.353518876869236
0.7727272727272727,-9.633669557763726
0.7727272727272727,-16.22599939253206
0.7727272727272727,-13.043422638302394
0.7727272727272727,-18.18597516259914
0.75,-28.309729028112603
0.7045454545454546,-8.722969314025994
0.75,-2.9260991547616286
0.7954545454545454,-22.711973593897476
0.7954545454545454,-31.431169060687125
0.7727272727272727,-16.975317254065676
0.6818181818181818,-16.161978575400763
0.6818181818181818,-17.881388784042116
0.7727272727272727,-22.49907615259093
0.7954545454545454,-29.886897017976278
0.7727272727272727,-14.359968894793958
0.7727272727272727,-13.704327660168916
0.7272727272727273,-17.469076867987997
0.75,-29.303117772282892
0.7272727272727273,-2.635286677959917
0.75,-14.89321564468831
0.7727272727272727,1.6867633496164656
0.7727272727272727,-29.4904581853456
0.7272727272727273,2.672885863721263
0.7272727272727273,-21.076473339617078
0.7954545454545454,-16.617298135217442
0.7272727272727273,-22.473898527000816
0.75,-19.542324180511134
0.7045454545454546,-12.455907124297761
0.7045454545454546,-16.22102741764551
0.7727272727272727,-22.507864809256844
0.7272727272727273,-7.627605816009261
0.7954545454545454,-34.68011807925703
0.7954545454545454,-35.681965632381925
0.7727272727272727,-19.26785245783703
0.7954545454545454,-32.20989990841437
0.75,-24.593441415164772
0.7272727272727273,-9.567389169171992
0.7045454545454546,-10.087610539734305
0.7954545454545454,-15.815301440098443
0.7272727272727273,-2.5469657301650543
0.7727272727272727,-28.009616808544603
0.6818181818181818,-16.562685135830332
0.7045454545454546,-2.3351691998383743
0.7954545454545454,-25.23075430662212
0.7045454545454546,-17.583042711160548
0.75,-10.38445095593076
0.7272727272727273,-20.660377704974398
0.7272727272727273,-30.874543543636662
0.6590909090909091,-7.158249379097916
0.7272727272727273,-26.94612847842825
0.7727272727272727,-2.7493229997685136
0.7727272727272727,-8.646741522086629
0.7954545454545454,-26.831271359055844
0.7727272727272727,-29.873596513376153
0.7272727272727273,-14.851285680363908
0.7727272727272727,-28.903347018876286
0.7727272727272727,-9.17300118923703
0.7272727272727273,-23.66637695283931
0.8181818181818182,-5.41189780035271
0.75,-7.532719976446307
0.7272727272727273,-12.614255547691455
0.7727272727272727,-35.90791015633566
0.7954545454545454,-15.761152359513341
0.8636363636363636,-30.644131391328923
0.75,-9.381219507244962
0.7272727272727273,-25.74256048645108
0.75,-8.181109255267263
0.6818181818181818,-17.394844199284922
0.75,-25.651181906951805
0.7272727272727273,-13.829125168153608
0.7272727272727273,-7.717430200327123
0.7272727272727273,-25.0746340844444
0.7727272727272727,-29.437115849907517
0.7727272727272727,-32.14146140084446
0.7272727272727273,-20.755781645157228
0.6818181818181818,15.31178195400268
0.6818181818181818,-9.249191195162346
0.7045454545454546,-29.569198660837788
0.7272727272727273,-18.872335177064283
0.7045454545454546,-19.610302348217537
0.75,-22.380823024192853
0.7272727272727273,-13.009433953485631
0.6818181818181818,-1.6653334262884014
0.8181818181818182,-33.968339212396714
0.7954545454545454,-4.168905394588486
0.6363636363636364,-2.2440247984366466
0.7272727272727273,-18.099476982104218
0.75,-25.889897076971295
0.7272727272727273,-24.858841750173813
0.6818181818181818,-21.65310400771513
0.7954545454545454,-16.92161384784743
0.75,-17.625046817199866
0.75,-14.427515617607524
0.7272727272727273,-21.208514541788244
0.75,-0.7941366769673951
0.7272727272727273,-12.600261042453887
0.7045454545454546,-15.79671928584351
0.7727272727272727,-20.043492331598102
0.7045454545454546,-17.695847397056742
0.7727272727272727,-36.60936344321549
0.75,-15.93971735935342
0.7954545454545454,-21.374433504269053
0.7727272727272727,-7.733919049531059
0.75,11.965481123226162
0.75,-18.52640626376622
0.6818181818181818,-1.5984004198931814
0.7045454545454546,-7.019922408871069
0.7727272727272727,-22.869999871745673
0.7727272727272727,-17.37217861826891
0.6818181818181818,-12.252678586852152
0.6818181818181818,-21.3576212969325
0.6818181818181818,-6.8615214818743775
0.7727272727272727,-17.221054054917833
0.7727272727272727,-18.93517915069897
0.7954545454545454,-33.739967110281654
0.75,-0.05088356542250432
0.7272727272727273,2.9839185489809936
0.75,-2.888877382742542
0.7045454545454546,-25.746898396244298
0.7727272727272727,-27.61435870922411
0.75,-14.418624196112662
0.7272727272727273,-14.931221865983145
0.7045454545454546,-28.43848335219932
0.7954545454545454,-20.79962362683712
0.7045454545454546,-19.101667146629705
0.7045454545454546,-17.929137438305006
0.7727272727272727,1.2254133738173103
0.7727272727272727,-27.52072668297495
0.7954545454545454,-34.00940542196824
0.7045454545454546,-6.704482203853105
0.7272727272727273,-33.19912427193554
0.75,-24.031936038309208
0.7272727272727273,-11.999330667614936
0.6363636363636364,8.580431386495038
0.7272727272727273,9.530803315435902
0.7272727272727273,-5.5661051412135985
0.8409090909090909,-22.829767206839538
0.75,-21.416223220527225
0.7045454545454546,-19.94166641029327
0.75,-7.273984850142978
0.6818181818181818,5.188065958896465
0.6818181818181818,-27.78364012685671
0.7045454545454546,-10.596023807817057
0.7272727272727273,-0.5768801258595828
0.7954545454545454,-31.03640150382411
0.7272727272727273,0.2966268687011393
0.7954545454545454,1.4803527017648483
0.8181818181818182,-37.35552862111178
0.7045454545454546,-12.914950260811265
0.7954545454545454,-20.9369500039415
0.75,-11.94031142723311
0.7045454545454546,-9.769540796982051
0.7954545454545454,-6.134521897334579
0.75,-29.629274257116254
0.7272727272727273,-17.664093360898814
0.7272727272727273,-11.218391974834786
0.7954545454545454,-19.754973075450106
0.7045454545454546,-17.10425102626095
0.7954545454545454,-16.13408502224364
0.75,-14.713525763907096
0.7727272727272727,-24.68457416850856
0.6818181818181818,-12.367693192545117
0.75,-6.3758301389618826
0.75,-11.325169030776964
0.7954545454545454,-33.6378312489594
0.6818181818181818,-13.599838952025577
0.7272727272727273,-17.641121532009514
0.7045454545454546,-13.077579286311725
0.75,-9.623634067823836
0.7727272727272727,-9.134268935829253
0.8181818181818182,-22.316017094050583
0.7727272727272727,-16.31768399585765
0.75,5.675296877168313
0.6590909090909091,-13.087269027975514
0.7727272727272727,-22.226205239377013
0.6590909090909091,-2.022636220933208
0.7727272727272727,-23.49545396646799
0.7727272727272727,-28.300804197353614
0.7272727272727273,-19.83677367937837
0.7045454545454546,-17.310514965275214
0.7045454545454546,-20.95004166884601
0.7045454545454546,6.921946080446636
0.6818181818181818,4.920746325186844
0.75,-20.932091329346136
0.7954545454545454,-29.32777247051613
0.7272727272727273,-2.9990626075448024
0.75,-6.430843921844187
0.7045454545454546,-17.560956888197147
0.7272727272727273,-25.272457119561498
0.7045454545454546,-7.194816019947715
0.8181818181818182,-2.531633262653831
0.75,-16.372637348766403
0.7954545454545454,-10.688618547392766
0.6590909090909091,5.131457208376705
0.6363636363636364,-16.211607790562127
0.7727272727272727,-26.705804111675118
0.7727272727272727,-12.501110296000837
0.8181818181818182,10.06790853379162
0.7045454545454546,-16.5050810182956
0.7727272727272727,-1.643997078649619
0.7272727272727273,-28.533816193164775
0.7045454545454546,-13.023468005855333
0.7272727272727273,-20.424600263225344
0.6818181818181818,-19.289134212721446
0.6818181818181818,9.417253979974085
0.7045454545454546,9.30610080946638
0.6590909090909091,4.367197325555222
0.7272727272727273,-23.458385726779035
0.7954545454545454,-31.10746446447284
0.7045454545454546,1.0683867212955689
0.8409090909090909,-35.62100045147496
0.7045454545454546,-19.899877791952914
0.7272727272727273,-27.231791832804266
0.75,-29.11237767651571
0.7272727272727273,-9.772134187094997
0.6818181818181818,-2.3094020514993208
0.7045454545454546,-29.124142599410824
0.6818181818181818,13.224776027530504
0.6363636363636364,13.186600498503624
0.7045454545454546,-1.5976133738717884
0.7272727272727273,-11.20759791276916
0.7045454545454546,-26.846546091650364
0.7045454545454546,-11.436563639052723
0.75,-12.967357599020698
0.75,-28.290588038901447
0.7045454545454546,-12.457003974408975
0.7045454545454546,6.096167200371419
0.6818181818181818,9.492564688386432
0.7272727272727273,-27.838714734472163
0.7727272727272727,-27.607036307871457
0.7045454545454546,-28.379423917284218
0.7954545454545454,-32.6602851744944
0.6363636363636364,-7.268482582121755
0.75,5.136734371833424
0.75,-30.46530937484816
0.7272727272727273,-5.574221748262786
0.75,-26.944785040776832
0.7045454545454546,-2.6869286576714186
0.6363636363636364,-5.620079657412935
0.7727272727272727,-10.824178929400713
0.7045454545454546,-20.472886554059976
0.6818181818181818,11.340240296358507
0.7272727272727273,-19.094624592865216
0.75,-19.6674096852582
0.7045454545454546,-12.092059359382073
0.8409090909090909,-38.63413273486119
0.7272727272727273,-2.236393980721724
0.7954545454545454,-10.804392963228896
0.75,-19.697039006643767
0.7272727272727273,-3.2790439299541543
0.7954545454545454,-9.62470402635733
0.75,-23.74357393370516
0.7045454545454546,-3.147047165864349
0.7727272727272727,-15.050751686394932
0.75,-19.89692054763888
0.7272727272727273,-2.253779047799864
0.7045454545454546,-27.436931691306366
0.8636363636363636,-44.26444558159032
0.7045454545454546,7.121947943206084
0.6818181818181818,-15.559961397535222
0.7272727272727273,-31.12697668945428
0.7272727272727273,-8.70227294493266
0.7272727272727273,-18.226717118004743
0.75,-30.79061786151353
0.7272727272727273,-13.653284053668862
0.7727272727272727,-5.548386157715214
0.7727272727272727,-26.793172376972425
0.7272727272727273,-19.56086871371339
0.7954545454545454,-32.313288939353725
0.75,-36.044229404275896
0.75,-16.372822435310777
0.75,-0.8159281897031305
0.7954545454545454,-8.359223253519458
0.6590909090909091,7.43908434327372
0.7727272727272727,-23.677785703057655
0.7272727272727273,-8.04332904834592
0.6818181818181818,-8.710786020939121
0.75,-18.70670948452506
0.7272727272727273,-23.079091057537344
0.8181818181818182,-31.64879016987838
0.7045454545454546,-25.607966159113424
0.7727272727272727,-26.773086031589308
0.7272727272727273,-24.13849624213735
0.7272727272727273,-26.599623203101487
0.7272727272727273,-14.739709385512604
0.7272727272727273,-7.3347353778511835
0.7272727272727273,-10.134931507093155
0.8409090909090909,-27.340220192167706
0.7272727272727273,-10.137046201216172
0.7045454545454546,-23.274909739476996
0.7954545454545454,-8.196574029655894
0.7954545454545454,-28.517078710202917
0.7727272727272727,-26.14433904422042
0.75,-24.836021873721407
0.7727272727272727,-23.985013860173378
0.8181818181818182,-30.129294234115033
0.7045454545454546,-7.607281404998631
0.7954545454545454,-16.509418602356053
0.7045454545454546,-24.956919189928875
0.7954545454545454,-30.259839091071004
0.6818181818181818,-4.843227494190434
0.8409090909090909,-43.113033910637824
0.7727272727272727,-9.720723942152711
0.7954545454545454,-17.680231328369498
0.7954545454545454,-13.714237712610782
0.6590909090909091,-11.95433823260339
0.7272727272727273,-19.148721218518595
0.8181818181818182,-40.09079007616562
0.7727272727272727,-27.25648208638329
0.7045454545454546,-10.498642900817394
0.7272727272727273,-16.363343409529133
0.6818181818181818,-13.074604522854104
0.7727272727272727,-11.45541914704527
0.7954545454545454,-19.836195838519583
0.75,-3.7031735587968937
0.8181818181818182,-31.407877729511497
0.7727272727272727,-30.83747867933262
0.7045454545454546,-11.676545518655955
0.7045454545454546,-5.491716859718847
0.75,-18.70479963547493
0.75,-17.181260463379775
0.7727272727272727,-19.949072738023265
0.7954545454545454,-5.479683981714211
0.75,-26.63434533874329
0.6818181818181818,-4.7153883925965365
0.7045454545454546,-8.157820017227987
0.7954545454545454,-33.92262016288954
0.7272727272727273,-20.32481978644855
0.6818181818181818,-2.8636627640365124
0.7272727272727273,-25.877397333016408
0.8181818181818182,-32.00588183226811
0.7727272727272727,-34.5993721253373
0.7045454545454546,-17.1341220242011
0.7045454545454546,-20.401325475362384
0.6818181818181818,8.03507462014315
0.7272727272727273,-24.195332609961653
0.7954545454545454,-26.614845234790064
0.6590909090909091,-0.4235396294097055
0.7272727272727273,-13.634396252777803
0.75,-9.222773068257332
0.7727272727272727,-26.168346088230372
0.7045454545454546,-13.41038579615976
0.75,-5.387675253897519
0.7954545454545454,-24.196849965784164
0.75,-1.4613364710398107
0.75,-18.98345224883567
0.8181818181818182,-18.994936024318655
0.7954545454545454,-15.398107620330682
0.75,-11.024638532181248
0.7045454545454546,-21.5296766295152
0.7954545454545454,-17.0423635156917
0.75,-15.834445766327091
0.7272727272727273,-17.992693774268727
0.8409090909090909,-33.3102753108665
0.7272727272727273,-18.63042424335722
0.8181818181818182,-40.6384034156018
0.7272727272727273,-28.410487264378165
0.8636363636363636,-36.45875375757549
0.7045454545454546,-13.847658412227135
0.7045454545454546,-0.4955796062539306
0.75,-22.85704704836588
0.7272727272727273,-4.160147278723562
0.75,-14.303205482592336
0.7954545454545454,-15.119758442179114
0.6590909090909091,5.989969178951574
0.7954545454545454,-24.91041813246409
0.75,-18.86570599637046
0.7272727272727273,-1.9648924356955424
0.7727272727272727,-30.86960875017044
0.75,-13.000695016771823
0.8636363636363636,-29.59142200310664
0.7727272727272727,-26.596804750384283
0.6590909090909091,-16.856586683165894
0.7727272727272727,-24.783176162253593
0.7272727272727273,-30.129252380071964
0.7045454545454546,-1.0018074261543513
0.7045454545454546,-22.317413482817567
0.8181818181818182,-14.521828851349897
0.75,-15.150133756857842
0.7727272727272727,-16.75258033846768
0.75,-31.384988255124895
0.6818181818181818,-21.723607713950198
0.6818181818181818,-24.863017375564617
0.6363636363636364,15.031872296280916
0.7045454545454546,-12.049100675822343
0.75,-31.162175488494427
0.8636363636363636,-34.396877425589885
0.7727272727272727,-28.60641970394814
0.75,-17.208254729022414
0.7727272727272727,-22.954932538420003
0.7045454545454546,-14.754873283041222
0.7727272727272727,-3.756245932111872
0.7954545454545454,-36.845476371379476
0.6818181818181818,-5.167658591130181
0.75,0.6375696249033586
0.7272727272727273,-22.836212492830054
0.75,-16.18972688968687
0.7954545454545454,-21.483259228834566
0.75,-9.060146998448477
0.8863636363636364,-43.50107031687693
0.7954545454545454,-21.877014802124762
0.6818181818181818,-1.5288928082489457
0.8409090909090909,-37.30730525817314
0.6818181818181818,-0.4909055319637306
0.6818181818181818,-9.897411256281798
0.7954545454545454,-7.410345738810604
0.7954545454545454,-12.651081596369863
0.6590909090909091,-18.21002613760965
0.7045454545454546,-10.877587099839195
0.7954545454545454,-33.90980589478233
0.75,-21.21231341822416
0.7045454545454546,-0.3048334801897813
0.7272727272727273,-20.3971965678861
0.8863636363636364,-11.698765730781405
0.7954545454545454,-24.09057029727037
0.7954545454545454,-15.139401071119385
0.7045454545454546,-17.68109090231375
0.7045454545454546,7.367342221688293
0.75,-23.84964043810775
0.7727272727272727,-26.36667348042969
0.8409090909090909,-36.463147233242985
0.7272727272727273,-14.753124361386682
0.7954545454545454,-23.18004383383762
0.75,-25.982346885057368
0.75,-17.72820930308752
0.6590909090909091,-4.464087059416155
0.6590909090909091,-19.57341922791575
0.7045454545454546,-14.400337655074953
0.75,-17.943233905890057
0.8409090909090909,-29.335191449875186
0.7045454545454546,-29.042201168627802
0.7272727272727273,-20.105650346466714
0.7272727272727273,-30.96622252958223
0.7727272727272727,-28.211982488170793
0.7045454545454546,-9.926706338452034
0.7272727272727273,-9.87540488922849
0.7727272727272727,-31.699155215847654
0.75,-10.249719241481712
0.75,-20.339630921761156
0.75,-4.163875451142101
0.75,-19.72632301244873
0.7272727272727273,3.557145435419824
0.75,-6.956252565796092
0.75,-16.665583992546843
0.75,-16.665945566678364
0.7272727272727273,5.663281291485628
0.7045454545454546,-19.960540275844018
0.75,-13.795155443649277
0.7272727272727273,-6.81142268120029
0.7045454545454546,-10.622545463676927
0.7045454545454546,5.336983730783147
0.7954545454545454,-22.40060773039041
0.6818181818181818,-24.97080685943122
0.6818181818181818,-11.710480046814506
0.6818181818181818,-7.990353058995876
0.7045454545454546,6.424412165927629
0.7045454545454546,-19.358178690091428
0.75,1.3032459293490568
0.6818181818181818,-17.6511667598599
0.75,-16.78731326947337
0.75,-26.682877173490475
0.7727272727272727,-0.7185806879505492
0.7272727272727273,-24.54762530905747
0.7272727272727273,-20.863205054272253
0.7727272727272727,6.513756515904512
0.7272727272727273,-6.6660261028950965
0.7727272727272727,-21.471254097590595
0.7272727272727273,-17.391341710786506
0.7727272727272727,-36.407181472784195
0.6818181818181818,-8.259640023117878
0.6818181818181818,0.31842427829614484
0.75,-20.12218058210055
0.7272727272727273,-18.58578990987736
0.7045454545454546,-25.889675405715504
0.75,-20.817644872427767
0.7727272727272727,-23.602154788721762
0.8181818181818182,-31.963683301650004
0.7045454545454546,-24.96246805438209
0.7045454545454546,-18.415358836871977
0.7954545454545454,-23.8526832430482
0.7045454545454546,-21.62072177061214
0.7272727272727273,-13.08413824926301
0.75,-12.278625151894552
0.6818181818181818,-30.390704013813718
0.75,-18.794644001923068
0.7045454545454546,-18.708991421411024
0.7727272727272727,-13.156496413030313
0.7727272727272727,-18.83205495086128
0.7045454545454546,4.370308578008085
0.7045454545454546,-19.541982933279858
0.8409090909090909,-28.023472256430253
0.7272727272727273,-21.211901796231565
0.7045454545454546,-11.143137491488112
0.7727272727272727,-16.990213650783975
0.7272727272727273,-14.557550675276074
0.7272727272727273,-10.439891630590171
0.7045454545454546,-11.64554280978305
0.7954545454545454,-26.839657500088915
0.7954545454545454,-28.877098658879387
0.75,-33.19807803742654
0.8181818181818182,-30.07849457144829
0.6590909090909091,3.443188261997421
0.7954545454545454,-28.36503197199153
0.7045454545454546,-20.684025809899
0.7045454545454546,-24.24471862208794
0.6363636363636364,-11.41384763093541
0.7727272727272727,-22.25405640100095
0.75,-21.72745138244517
0.8181818181818182,-17.228740014786464
0.7954545454545454,-21.418253153571253
0.7272727272727273,-30.961169647798155
0.7727272727272727,-17.098500313467607
0.7272727272727273,-12.070033708593932
0.7727272727272727,-36.18461684709135
0.7272727272727273,-27.945468419638953
0.7045454545454546,-6.170433264781725
0.7272727272727273,-24.274667766651035
0.6818181818181818,13.867790899045623
0.75,-14.808542488977498
0.75,-7.099151049366867
0.75,11.378122312289982
0.6818181818181818,-10.96878469952039
0.8181818181818182,-2.845167199166249
0.75,-9.331047441279015
0.7045454545454546,-15.312163706185443
0.7272727272727273,-10.252992668017406
0.7045454545454546,-13.984853148438782
0.7727272727272727,-21.776377052369217
0.7045454545454546,12.918905546365037
0.7272727272727273,-7.006646640557847
0.7272727272727273,-7.508452739520865
0.7272727272727273,-8.700921722679807
0.7727272727272727,2.22264859149422
0.7727272727272727,-12.119591800260245
0.8181818181818182,-29.21587215644399
0.7045454545454546,-5.450950527488354
0.6590909090909091,6.497281085344145
0.75,-31.85500211802412
0.7954545454545454,-15.378623595615117
0.8409090909090909,-25.389777774564767
0.7272727272727273,-12.591305653586405
0.7045454545454546,-1.8574287535812486
0.7045454545454546,-14.328217811528987
0.7272727272727273,-18.815536941397294
0.8181818181818182,-11.891388784898817
0.7727272727272727,-11.365516355650287
0.8181818181818182,-20.804764093576367
0.75,-24.606895704557722
0.8181818181818182,-20.79846167781506
0.7727272727272727,-24.776381579891794
0.7045454545454546,-8.328179484661204
0.7045454545454546,-12.79735863100388
0.7045454545454546,-8.211824260885429
0.7045454545454546,-18.70024311754746
0.7727272727272727,-12.70918771442839
0.7727272727272727,-19.214593076581238
0.7045454545454546,-21.555787237826
0.6590909090909091,-12.786029988649604
0.7272727272727273,-28.739462952898034
0.8181818181818182,-32.83131719407284
0.8409090909090909,-31.85746507226598
0.6590909090909091,8.77500550781721
0.7954545454545454,-7.654240314228934
0.7272727272727273,-11.625254316789308
0.7954545454545454,-22.642712240661794
0.6818181818181818,-20.108125106811
0.7954545454545454,-13.434271771852226
0.7045454545454546,-5.591355567450225
0.7954545454545454,-14.43771276176008
0.6818181818181818,-18.249377317180166
0.7272727272727273,-17.643217795553923
0.6818181818181818,-5.677332050201855
0.6818181818181818,-24.405895216776695
0.7272727272727273,-16.98301443446101
0.6818181818181818,-7.946902614517753
0.75,-18.751494479121344
0.7272727272727273,-25.36102395413029
0.75,-1.9703659212754885
0.7272727272727273,-14.765773106550744
0.7272727272727273,-13.535365478849833
0.6818181818181818,-9.68194058248475
0.7045454545454546,-21.77453820717442
0.75,-13.144888581771907
0.7045454545454546,-4.643102126253439
0.7272727272727273,-14.526184715996807
0.7045454545454546,-25.489412222480095
0.6363636363636364,-14.473376208005947
0.7954545454545454,-30.289661511514133
0.6818181818181818,-3.9449195174707214
0.75,0.6163670297974381
0.7727272727272727,-32.76482914384869
0.7272727272727273,-5.411515176507101
0.7272727272727273,-8.67997502766079
0.7727272727272727,-28.312640919676188
0.75,-4.610565233087203
0.6818181818181818,-26.270972707866107
0.7045454545454546,-4.7545295299201475
0.7272727272727273,-19.036278540424224
0.7045454545454546,-14.976657450855301
0.7727272727272727,-25.4219970620191
0.7727272727272727,-7.841350452402486
0.75,-12.180943964907582
0.7045454545454546,-22.499087021117564
0.75,-13.994671707102697
0.7272727272727273,-0.26865708819692363
0.7727272727272727,-13.290786631001083
0.7272727272727273,-16.338396761116574
0.7045454545454546,-12.205536544095697
0.7272727272727273,-7.428742698047089
0.6590909090909091,-20.158123711590452
0.7272727272727273,-23.95117413786171
0.6590909090909091,-19.404745111631577
0.6818181818181818,-6.246068919872693
0.7272727272727273,-6.737683347563396
0.75,-7.464782665884746
0.7045454545454546,-15.470646123880742
0.75,-19.895631049266107
0.7272727272727273,-13.83446725613053
0.75,-25.235021799186484
0.75,12.806537335547683
0.75,-25.06808115104781
0.6818181818181818,-12.703847693214971
0.7272727272727273,-5.269444344137747
0.75,-12.734136076979734
0.75,-27.37131372512516
0.8863636363636364,-13.699209666126318
0.7045454545454546,-20.990870144024793
0.7727272727272727,-30.00285106744302
0.8409090909090909,-35.6150563622192
0.7727272727272727,-26.065181885231617
0.7727272727272727,-21.497768803999488
0.75,-20.648617191436525
0.6818181818181818,-0.5164547858256209
0.7272727272727273,-7.397784703121462
0.7272727272727273,-24.492593112498515
0.75,-5.82058525085834
0.7727272727272727,-16.313141588153368
0.75,-11.645097339829432
0.7272727272727273,-11.856163643518311
0.75,-17.248571544862546
0.7272727272727273,-6.385585269859472
0.7954545454545454,-23.521147934625414
0.7272727272727273,-18.74790239305742
0.7272727272727273,-25.14812143551351
0.75,-23.50270426455081
0.75,-1.9736289825778848
0.7727272727272727,-23.919173672762103
0.7272727272727273,-8.072407382567205
0.75,-25.000051496821005
0.7272727272727273,-22.613509453791888
0.7272727272727273,-1.9697894828919795
0.7954545454545454,-23.6662768330396
0.75,-12.082862518629325
0.7045454545454546,-0.502752194435467
0.7272727272727273,-15.928661177757213
0.6590909090909091,-4.994426492845154
0.7727272727272727,-31.620841179711366
0.7272727272727273,-9.363081006841835
0.6818181818181818,-15.895697801875674
0.75,-9.528252995033384
0.75,-14.693683076954658
0.75,-10.362499312596142
0.7045454545454546,-15.33864266481679
0.7272727272727273,-11.62447449968609
0.7727272727272727,4.492359059141105
0.75,-19.394009456171563
0.7272727272727273,-9.137478008110723
0.6818181818181818,-14.535357553762346
0.7045454545454546,-28.87688051000848
0.7272727272727273,-14.7607394870274
0.7272727272727273,-20.28847321210687
0.7272727272727273,-22.294176363613563
0.7272727272727273,-10.633959931069917
0.7727272727272727,0.482800995224184
0.7045454545454546,-27.1110808381414
0.7954545454545454,-20.097257971018113
0.7045454545454546,-23.109931278890667
0.75,-23.84867462865354
0.7727272727272727,-4.019168665731172
0.7272727272727273,-12.820013666823929
0.8181818181818182,-36.59312122955493
0.7045454545454546,7.23099440928814
0.7954545454545454,-29.77737801844987
0.75,-29.679349173515064
0.7045454545454546,15.650430868516343
0.75,-29.432065748639573
0.7954545454545454,-30.044234576624753
0.6818181818181818,-0.4612369151825255
0.7954545454545454,-18.93858411708421
0.7727272727272727,-23.706166865111296
0.7045454545454546,-26.716419706621583
0.7045454545454546,-17.43670843403205
0.75,-18.294244563438177
0.7272727272727273,-27.40396249385443
0.8409090909090909,-22.070712100350963
0.7272727272727273,-6.785495484018943
0.8181818181818182,-26.645939458364776
0.75,17.984156324631112
0.6818181818181818,0.39398758639193754
0.7954545454545454,-16.204815123605087
0.7727272727272727,-37.29417729563728
0.75,-32.679756371579465
0.75,-13.675913810989737
0.7727272727272727,-33.26651720367495
0.7045454545454546,-17.338000872323224
0.7045454545454546,-19.4869424037386
0.75,-33.578229562489064
0.75,-23.37320241654227
0.7727272727272727,-20.004124557487817
0.7727272727272727,-22.308871074307294
0.7272727272727273,-4.49158659396486
0.7954545454545454,-6.067045139407143
0.7272727272727273,-10.123427401289057
0.75,-21.846882497678546
0.7272727272727273,-1.7185959015010164
0.7272727272727273,-33.072256533745744
0.75,-23.110833413561412
0.7954545454545454,-25.638800370670605
0.7272727272727273,-26.61990606138348
0.75,-8.608845749933247
0.7954545454545454,-38.82780101317107
0.7045454545454546,-3.0222492139578447
0.7727272727272727,-12.454636877333877
0.7272727272727273,-12.740227129568394
0.75,-13.935774978603973
0.6590909090909091,-15.68461297243275
0.7272727272727273,-24.731506769221255
0.7272727272727273,20.32034779804401
0.6818181818181818,0.6848169050995601
0.8409090909090909,-27.738230097361836
0.7045454545454546,-9.109013488495348
0.7045454545454546,-15.41057916061314
0.7272727272727273,-17.9372388372159
0.75,-29.01855476152304
0.7045454545454546,-24.92658104853119
0.7272727272727273,-21.756258628766123
0.7272727272727273,-23.43355350424938
0.7727272727272727,-29.1276948581525
0.75,-27.761647640442984
0.7045454545454546,-10.540557418331456
0.6363636363636364,-8.287193534582832
0.7045454545454546,-14.175354902912865
0.7727272727272727,-24.25185492316415
0.7727272727272727,-15.735133639818143
0.6818181818181818,-0.7026792301122801
0.7727272727272727,-20.845731388313663
0.75,-16.28338462968087
0.7727272727272727,-7.969528450742493
0.7727272727272727,-19.29449045104965
0.7272727272727273,-25.310103752237445
0.75,-15.404286048040184
0.75,-16.459284513134634
0.75,-17.892916205960038
0.7045454545454546,-4.677409272371201
0.7727272727272727,-28.112398835016858
0.7272727272727273,-23.550630307647033
0.7045454545454546,-4.463195097051764
0.6818181818181818,-1.1151836136569495
0.75,-29.599293938255403
0.7954545454545454,-32.67906631908555
0.7045454545454546,-12.084505097506867
0.8409090909090909,-37.144742788052554
0.7272727272727273,-6.9990282872761505
0.6136363636363636,-2.5652461971349396
0.7727272727272727,4.319876470111693
0.7727272727272727,-14.612696969059431
0.7272727272727273,14.300468387080086
0.8181818181818182,-39.905952974565494
0.7954545454545454,-39.576537024795975
0.7272727272727273,-7.634450658746462
0.7272727272727273,-18.070877195833674
0.7272727272727273,-10.393438420178922
0.6818181818181818,-12.359317328786204
0.7954545454545454,-36.52486987426234
0.7045454545454546,-3.5827743167223374
0.7045454545454546,-5.719669123967673
0.75,6.1096904502264175
0.7954545454545454,-23.87148390419617
0.75,-3.7269546308685544
0.7727272727272727,-25.36846544341466
0.7954545454545454,-26.123330193274363
0.7045454545454546,-25.16275689145556
0.7272727272727273,-19.896295654405165
0.75,-27.24136978939765
0.7727272727272727,-14.74632688760591
0.6363636363636364,-13.976289978747689
0.75,-20.05799971429904
0.7727272727272727,-22.718251337564023
0.7727272727272727,-17.560871485916113
0.7727272727272727,-19.833752873009733
0.7727272727272727,11.002894631721388
0.75,-11.254794966410666
0.7727272727272727,-16.32352811806429
0.7727272727272727,4.146373610823369
0.75,-27.1549315009935
0.7727272727272727,-26.500321447754445
0.7727272727272727,-18.368475779307207
0.7954545454545454,-27.211916679825176
0.75,-13.858602239954386
0.75,-16.49993526723794
0.7954545454545454,-10.993541176526149
0.7045454545454546,-14.092609335395066
0.7727272727272727,-31.839868868884874
0.7045454545454546,7.878960867845597
0.75,-19.810229819586343
0.7272727272727273,-16.241436138729604
0.7727272727272727,-13.50580899406025
0.7727272727272727,-20.265629073647332
0.6818181818181818,-2.601839987572677
0.7727272727272727,-23.092938643769745
0.7272727272727273,-19.420943647552836
0.75,-13.331818922778002
0.7954545454545454,-30.450172914324956
0.6136363636363636,1.1324391390353568
0.7045454545454546,-13.233880407044222
0.8181818181818182,-39.621191083346304
0.6590909090909091,9.828058357662133
0.7045454545454546,-20.470895133396336
0.6818181818181818,-15.612419602834741
0.7954545454545454,-28.20964231466545
0.75,-24.449335783357245
0.7727272727272727,-40.06257974532346
0.7727272727272727,-25.746243191718055
0.7272727272727273,-19.034988241098308
0.7272727272727273,-24.659094146199017
0.7272727272727273,-14.888795918284286
0.7272727272727273,-21.8644782854225
0.7272727272727273,-12.997136189200564
0.75,-16.519764600364656
0.7272727272727273,-19.840468434176966
0.75,-24.240167216311352
0.7045454545454546,-7.718924552068407
0.6590909090909091,-13.17600007069604
0.7045454545454546,-12.11924461923153
0.7272727272727273,-22.532238195195863
0.7045454545454546,-12.596935779179484
0.75,-19.66458236490122
0.7272727272727273,-8.769862857007693
0.7272727272727273,2.36527573115045
0.7272727272727273,4.733999908646374
0.75,-27.9868689023877
0.75,-10.388853749106234
0.7045454545454546,-6.866373778353133
0.7045454545454546,-19.025258667630744
0.7272727272727273,-15.300584267821035
0.75,-29.963932666292113
0.7954545454545454,-8.466827914254093
0.7045454545454546,-22.062370798157907
0.7045454545454546,-9.440543616582323
0.75,-22.07627491381324
0.6818181818181818,-17.79448533922106
0.6818181818181818,-12.90767614688868
0.6590909090909091,-1.9346425136960141
0.7045454545454546,-16.39028596718624
0.6818181818181818,-15.075504423590074
0.7045454545454546,-8.77631077856332
0.75,-25.45099090206958
0.8409090909090909,-28.87748883360999
0.75,-19.93734191188095
0.75,-16.96384095169843
0.7954545454545454,-28.12944231234761
0.75,-18.92200274894107
0.7954545454545454,-38.14779975338599
0.75,-29.438661780844186
0.7272727272727273,-24.19379256653809
0.75,-32.72937780393349
0.7272727272727273,-26.824417019791614
0.75,-14.403985851419954
0.6818181818181818,3.959775752693727
0.7045454545454546,-7.162784312547134
0.7954545454545454,-16.859058041684452
0.7954545454545454,-28.35509939533292
0.6818181818181818,-1.6361853076726334
0.7272727272727273,-24.782722172755896
0.75,-29.68303150307785
0.7272727272727273,-20.952478580809885
0.6818181818181818,-7.897849392483817
0.8181818181818182,-37.13403887779945
0.7272727272727273,-21.918917560149268
0.7954545454545454,-7.393411002630759
0.6590909090909091,-10.789138196766418
0.6590909090909091,-17.41810721114862
0.7045454545454546,-19.968132979580446
0.75,-26.247731689110278
0.7045454545454546,-17.68201235239459
0.75,-15.985449119528864
0.75,-6.356507595212222
0.75,-20.87045260756968
0.7272727272727273,0.23869351606086814
0.7272727272727273,-22.553271424777357
0.7272727272727273,-36.60522793475946
0.75,-9.506623439833639
0.7272727272727273,-2.491269090471444
0.7045454545454546,-22.287943449476415
0.7045454545454546,-16.117517597716894
0.75,-19.136499010374767
0.6818181818181818,-13.214528575354592
0.7954545454545454,-34.26276018585191
0.7272727272727273,-11.110635200417567
0.75,-13.079721567937064
0.75,-10.42300473325572
0.7272727272727273,-8.85812562232838
0.7727272727272727,-13.875572082863885
0.7727272727272727,5.428276628433806
0.8181818181818182,-35.64802164883487
0.7727272727272727,-30.924279346641995
0.7727272727272727,-25.488786281818147
0.6818181818181818,-16.117381454750987
0.7272727272727273,0.7967793842622509
0.7045454545454546,-20.55465260915007
0.7045454545454546,-0.6266172999334636
0.7727272727272727,-29.37430906404883
0.7045454545454546,-18.794204849862158
0.7045454545454546,-13.423586572921478
0.7727272727272727,-35.832123285508324
0.7954545454545454,-5.185349574909899
0.7954545454545454,-32.26740667818793
0.7272727272727273,-12.622075797522706
0.7727272727272727,-28.05279950691767
0.7045454545454546,-7.984791408561191
0.8181818181818182,-28.08018601256085
0.7727272727272727,-21.525318444470287
0.75,-24.196823569474258
0.75,-11.416632923175243
0.7272727272727273,11.961547316853137
0.7272727272727273,-34.34099806302591
0.6818181818181818,-8.48231180566455
0.7727272727272727,-22.327252805491117
0.7727272727272727,7.915878667005955
0.7272727272727273,-6.395135453406062
0.75,-2.448131430283061
0.6818181818181818,-23.432175931631082
0.75,-25.38782564368237
0.7272727272727273,-28.936656845994605
0.7727272727272727,-3.402692715231993
0.75,-16.474796600637095
0.7954545454545454,1.1077101614010418
0.7272727272727273,-19.899377897918093
0.7045454545454546,-24.299881647807513
0.7954545454545454,-12.892072487678785
0.75,-3.9780706411474793
0.7045454545454546,9.006115347033367
0.8409090909090909,-21.6958447058817
0.7272727272727273,-11.599257090188555
0.75,-13.790352412295443
0.6818181818181818,-11.962581128204006
0.6818181818181818,-15.094569818216048
0.7272727272727273,-14.561284254881405
0.7954545454545454,-7.864457893366143
0.7045454545454546,-10.420869231340072
0.75,-4.331861520908939
0.7727272727272727,-32.759182329640126
0.7272727272727273,4.277465620841777
0.7045454545454546,-2.4264406807531085
0.6818181818181818,4.147176401471185
0.7727272727272727,-17.494813796093304
0.75,-18.785967430335
0.7272727272727273,-6.38710533679269
0.7272727272727273,-25.77358732493742
0.75,-2.2383843836980835
0.7954545454545454,-25.008929517241324
0.7045454545454546,-15.937693662679102
0.75,-12.408488753199544
0.7272727272727273,-18.87485134307507
0.7727272727272727,-13.315730938896133
0.7727272727272727,-12.703893479011265
0.75,-30.832039726246954
0.7045454545454546,-8.913013500392033
0.7954545454545454,3.983488596484229
0.8181818181818182,-38.40473118419731
0.75,-2.2862383679154448
0.8409090909090909,-3.70940928720202
0.8181818181818182,-25.580756208527642
0.7045454545454546,-13.540739297986311
0.75,-13.389636990306906
0.75,-0.27524283589897247
0.7045454545454546,-10.529357353559218
0.7727272727272727,-15.83802625954218
0.7727272727272727,-10.636483817624956
0.8409090909090909,-39.076096753222835
0.7954545454545454,-38.308509765246264
0.7727272727272727,-20.87781003312078
0.75,-25.397736423949517
0.7272727272727273,-23.160179750878324
0.8181818181818182,-46.02356920441103
0.7272727272727273,-10.616351941065552
0.75,-29.883354819841863
0.7954545454545454,-39.50187923016645
0.75,-25.66342986278712
0.6818181818181818,-17.425926033096662
0.75,-16.273927848317637
0.7727272727272727,-26.45117155049905
0.7272727272727273,7.3485959796056814
0.75,-30.36601195052999
0.6818181818181818,-11.77019402032775
0.7045454545454546,-14.84448649885809
0.7272727272727273,-27.154321120941564
0.7727272727272727,-30.972580683613987
0.7954545454545454,-29.895280412298792
0.7954545454545454,-28.984582276002996
0.7272727272727273,-18.765655232925948
0.6818181818181818,-22.46005603531071
0.7954545454545454,-23.48904966611631
0.6590909090909091,-11.403662312706045
0.7045454545454546,-8.361401513965944
0.7272727272727273,-4.537232836605809
0.6818181818181818,-11.374052474205952
0.6818181818181818,-15.149949381917772
0.75,-14.67301544492001
0.7727272727272727,-21.356361154844492
0.7272727272727273,-12.311529105710788
0.7045454545454546,-18.946205785155826
0.7272727272727273,-13.857185849175227
0.7272727272727273,-22.00933191618464
0.6590909090909091,-0.08418781047550733
0.6818181818181818,-0.6789125025026731
0.75,-5.669089455010135
0.7045454545454546,-14.62517090350341
0.8409090909090909,-27.172296003113946
0.7272727272727273,-5.068202014751644
0.7045454545454546,3.291176593711383
0.75,-28.817573427426247
0.7272727272727273,-3.833053418868271
0.7954545454545454,-14.697879673674542
0.7045454545454546,-22.44415878989625
0.8181818181818182,-39.86981048187767
0.7727272727272727,-22.8296383725598
0.75,-24.403404303349177
0.75,-5.653874550423049
0.7272727272727273,-6.50848691636458
0.7954545454545454,-35.812131996985634
0.6818181818181818,-11.968712788418403
0.7045454545454546,-14.69185572213181
0.6818181818181818,-19.034140566635628
0.6818181818181818,-8.906230908181335
0.6818181818181818,-3.9032010737156613
0.75,-16.711089901507517
0.7272727272727273,-8.025683006005085
0.7272727272727273,9.162910052389835
0.7272727272727273,-9.025442123422808
0.75,-25.150912554226924
0.7272727272727273,-21.476784149123123
0.6818181818181818,5.224637194730317
0.7272727272727273,-17.62192111199321
0.6818181818181818,-23.290026069425174
0.8181818181818182,-32.61662527693788
0.7272727272727273,-3.961074647897427
0.7727272727272727,-3.13254050589115
0.6818181818181818,-5.065332928641408
0.7045454545454546,-0.9579057706042972
0.7272727272727273,-15.826694933659759
0.7272727272727273,-26.790819885717635
0.6818181818181818,-15.575473321874371
0.6818181818181818,-14.83296198550123
0.7954545454545454,-17.9996899623201
0.7954545454545454,-36.67311152017448
0.8636363636363636,-25.2591489260962
0.7045454545454546,-6.001146032928194
0.7272727272727273,-16.235896184495367
0.7272727272727273,-11.47594372123379
0.75,-16.162537538356563
0.75,-21.052916266742137
0.7954545454545454,-30.523403660121893
0.7954545454545454,-7.164067560066283
0.8181818181818182,-39.3213062266585
0.7727272727272727,-25.01869774724713
0.7727272727272727,-14.03651305682523
0.6590909090909091,-18.212646786423903
0.7727272727272727,-27.564304475569767
0.75,-21.70625065711447
0.75,-4.28676601518028
0.75,-13.818942384491162
0.7272727272727273,-23.358286852441836
0.7272727272727273,-23.52457448526827
0.75,-14.940102014325971
0.7045454545454546,-18.530555078737155
0.7727272727272727,-20.349760450115184
0.7045454545454546,-1.1974797448909529
0.6818181818181818,4.420190502751977
0.6818181818181818,-23.330422060657085
0.7272727272727273,-5.8582828581545865
0.7727272727272727,-13.821061515449186
0.7272727272727273,-8.01249235916763
0.7727272727272727,-27.155640354957157
0.6590909090909091,-18.59575359642057
0.7727272727272727,-22.101665366314272
0.7045454545454546,-5.470838790865207
0.6818181818181818,-12.400755309024396
0.8181818181818182,-39.72583000988979
0.7045454545454546,-26.569619260506588
0.8181818181818182,-28.78624829343331
0.7045454545454546,-12.476919461150219
0.7727272727272727,-27.095343768307668
0.8181818181818182,-33.50757555222663
0.7954545454545454,-22.646073003390622
0.7727272727272727,-17.88058007781484
0.7272727272727273,-30.500406786919072
0.7045454545454546,-23.28774482550758
0.75,-31.059137531781165
0.7045454545454546,-27.709327130583826
0.75,1.493731103126185
0.6818181818181818,-26.193838598415823
0.6818181818181818,-7.534048190608865
0.7272727272727273,-9.103753437927264
0.7045454545454546,-16.729081849335532
0.7727272727272727,-13.337768586416418
0.7272727272727273,-7.214580349400233
0.8181818181818182,-38.185400335254066
0.7045454545454546,-8.908904130966516
0.7272727272727273,-22.166525586384545
0.7727272727272727,-24.248055839349263
0.75,-23.190949141476757
0.7272727272727273,-19.742835618005117
0.7272727272727273,-1.1355355907217572
0.7727272727272727,-18.323930921746094
0.7045454545454546,-12.35123070462128
0.75,-31.21567009656778
0.7727272727272727,-23.567353636252097
0.7045454545454546,-27.238173733989587
0.7045454545454546,-5.686489737933768
0.75,-36.059127058749205
0.7727272727272727,-8.575796309550991
0.7727272727272727,-22.45125703158918
0.7954545454545454,-21.091597626594762
0.7954545454545454,-9.524682321345297
0.7727272727272727,-27.509900524821788
0.7954545454545454,-24.289026706962865
0.6818181818181818,-10.928148116982829
0.7727272727272727,-27.10634934168073
0.7272727272727273,-9.694511935384897
0.7954545454545454,-33.177782575445114
0.7954545454545454,-27.44034263189037
0.7954545454545454,-25.192426784928724
0.7045454545454546,-20.450922934284225
0.75,-10.769977202380145
0.7272727272727273,-21.03311728800824
0.7045454545454546,-18.052353332294924
0.7045454545454546,-21.147177257832016
0.7272727272727273,-29.362845850422953
0.6818181818181818,-6.745795249944615
0.75,-13.018647882551386
0.75,-3.449085828021292
0.7272727272727273,3.9682566710768525
0.7727272727272727,-33.60933359655681
0.7045454545454546,-13.729212401409928
0.7954545454545454,-30.687837826403026
0.7954545454545454,-37.63823204947337
0.6818181818181818,-4.066130613502261
0.8181818181818182,-11.169284973533513
0.75,-27.875098926540456
0.75,-21.306080232510222
0.7727272727272727,-6.498536240560745
0.7272727272727273,-3.713086260346378
0.6590909090909091,-3.0682512772166515
0.7045454545454546,3.5158699040654606
0.7727272727272727,-32.07797441922094
0.7954545454545454,-20.812035411103835
0.7272727272727273,-6.677994691120699
0.75,-23.842415461567125
0.75,-33.45521378436062
0.6590909090909091,17.169448334404013
0.7272727272727273,-3.044934695416873
0.7272727272727273,-20.09579102729414
0.6818181818181818,-26.866874177592248
0.7954545454545454,-17.065863346256744
0.7954545454545454,-2.659287262531362
0.7272727272727273,-5.457368238592552
0.6818181818181818,9.832336768178921
0.8636363636363636,-34.965094632565844
0.6818181818181818,-9.816306533043727
0.7272727272727273,-29.38778647484219
0.7272727272727273,-19.680651752865206
0.7954545454545454,-22.353859563965823
0.6818181818181818,-14.774692227645012
0.75,-30.673058061156272
0.75,-12.464183756026092
0.7727272727272727,-31.43540962857953
0.7045454545454546,10.992465666180278
0.7727272727272727,1.6768600605442145
0.7727272727272727,-25.935968557066868
0.8181818181818182,0.5663085501026912
0.7954545454545454,-26.46851219127468
0.7954545454545454,-31.64218089147032
0.6818181818181818,-6.467196812044208
0.6818181818181818,-15.275162564667234
0.75,-22.486052349571683
0.7272727272727273,-13.673827048491374
0.7272727272727273,-26.192063946330094
0.7272727272727273,-14.53926439435674
0.7045454545454546,-3.0006387016157547
0.7272727272727273,-23.331150570096302
0.8181818181818182,-15.915003375410958
0.7954545454545454,-11.079251359512957
0.7272727272727273,-25.39090304770573
0.7272727272727273,-23.995944598977413
0.7727272727272727,-14.897676762190638
0.8636363636363636,-33.125275611333365
0.7045454545454546,-27.477449328418924
0.6818181818181818,-1.8698682410636138
0.7272727272727273,-11.621351914470381
0.7045454545454546,-20.801483771333658
0.7954545454545454,-17.45683555639856
0.75,-21.155244388126267
0.7045454545454546,0.9859710422812927
0.75,-20.42177545764506
0.6590909090909091,-19.613724413410054
0.75,-28.475005598121438
0.75,-16.832454818514588
0.7045454545454546,-10.497667223795066
0.7727272727272727,-17.2743346651067
0.75,-16.070167355629906
0.75,-35.12730313652799
0.7272727272727273,-11.90427787471006
0.7727272727272727,-38.75454573894253
0.7272727272727273,-0.9721174366970241
0.6818181818181818,-10.89165708230278
0.7727272727272727,-35.063920198695556
0.8181818181818182,-30.42525053765452
0.7727272727272727,-14.835862629526524
0.7045454545454546,-21.249404966814964
0.7272727272727273,-18.46228936333147
0.7272727272727273,-16.174152778652577
0.6590909090909091,-24.024312398220356
0.6818181818181818,-14.398896764358096
0.7045454545454546,-25.051084478697693
0.8181818181818182,-34.6381697680962
0.75,-17.032520197253397
0.7727272727272727,-22.1406411078139
0.7272727272727273,-38.471883658988105
0.75,-14.421067101699693
0.7045454545454546,20.540131723928365
0.75,-16.21133327833266
0.75,-20.01445908599948
0.8409090909090909,-17.485721676590277
0.7272727272727273,-23.25197497722542
0.7272727272727273,-29.90182131923541
0.75,-17.2660327539968
0.6590909090909091,-5.131664425474585
0.7272727272727273,4.385553546338614
0.8409090909090909,-29.610040108026876
0.7727272727272727,-12.015461395488607
0.7272727272727273,-12.69197679213333
0.7045454545454546,-19.717496403512573
0.7045454545454546,-26.326791463846213
0.75,-24.176011633811676
0.7954545454545454,-22.565381330108963
0.7045454545454546,-22.92610745858126
0.7727272727272727,-7.002894702349159
0.6590909090909091,2.1310854657852563
0.7045454545454546,-6.9102595958716515
0.7727272727272727,-32.13696331198497
0.75,7.453027472374838
0.8636363636363636,-33.449807235752544
0.75,-28.424488065211822
0.7272727272727273,-28.477778605989684
0.6818181818181818,-11.587912636801398
0.7272727272727273,-21.643957387578684
0.8181818181818182,-22.389702600186766
0.75,-9.111739237140851
0.7045454545454546,-12.748615697883395
0.7954545454545454,-33.823911579169746
0.7954545454545454,-18.011834981580193
0.7954545454545454,-36.31325689409728
0.8181818181818182,-7.993366555684562
0.7272727272727273,-21.134674636887713
0.7272727272727273,-25.757455635406327
0.7727272727272727,-21.508150739271294
0.8181818181818182,-23.2271067392711
0.7272727272727273,-11.654586167730645
0.7272727272727273,-25.026446106251885
0.75,-11.076937009620961
0.6818181818181818,-10.489641453346882
0.7727272727272727,-26.561883630278896
0.75,-18.301485265991865
0.7727272727272727,-16.96805296636937
0.7045454545454546,21.95917975214777
0.75,-13.841376467517524
0.7045454545454546,-11.679370941073092
0.7727272727272727,-38.065985789588474
0.7045454545454546,-5.60752482431613
0.75,-25.581434825902917
0.75,-5.803525549061624
0.7727272727272727,-36.45090733545904
0.6363636363636364,2.083665159178696
0.75,-33.36758069118045
0.6818181818181818,-5.0955523799213145
0.8181818181818182,-9.667414802198264
0.75,-31.813530559277797
0.7272727272727273,-18.72259950919942
0.6590909090909091,-19.84811087209354
0.7272727272727273,-29.255104905635505
0.7045454545454546,-20.955874649996893
0.7045454545454546,-15.400747562121767
0.8181818181818182,-19.78916467057452
0.7727272727272727,-20.227845007929446
0.75,-11.363165366531012
0.7272727272727273,-25.721990151990482
0.8181818181818182,-16.673070669683757
0.8636363636363636,-29.145599876024164
0.8181818181818182,-25.843648318332246
0.6818181818181818,-15.254147885969802
0.7272727272727273,-10.54910635747105
0.7272727272727273,-13.638497763593653
0.7272727272727273,-20.75886568503535
0.75,-14.244340134418634
0.7954545454545454,-7.971783828116821
0.6818181818181818,-7.418991386802455
0.7045454545454546,-8.871237178189254
0.7045454545454546,-28.891001467598393
0.7045454545454546,-12.522460035427953
0.6818181818181818,-18.922676433759833
0.6818181818181818,2.460693758332017
0.75,-16.60227280110228
0.7727272727272727,-16.10558023982623
0.7272727272727273,-27.11554970149073
0.7272727272727273,4.496478980341267
0.7272727272727273,-17.48061155003717
0.7727272727272727,-23.68528807525288
0.7045454545454546,-5.656292000014123
0.6818181818181818,-16.144395893190683
0.7045454545454546,-2.3318648898072225
0.7727272727272727,-25.67105551637553
0.7727272727272727,-22.019037829596552
0.7727272727272727,-28.35472882048126
0.6818181818181818,-15.708341553156833
0.7954545454545454,-29.583985561497197
0.7727272727272727,4.70956405922939
0.7045454545454546,-22.879740599558648
0.7272727272727273,-0.6281156808587618
0.8181818181818182,-37.786200591397495
0.7272727272727273,-2.363418163729591
0.8181818181818182,-21.694465046104032
0.7727272727272727,-25.121229920428107
0.75,-23.765442557955076
0.7272727272727273,-11.789694480643107
0.7727272727272727,-26.956465646121288
0.6590909090909091,-5.945395770595095
0.6590909090909091,-6.917220749161969
0.6590909090909091,-16.530520782153257
0.6590909090909091,-0.9591976867428197
0.6590909090909091,15.104015086023413
0.7272727272727273,-17.1524266143209
0.7045454545454546,2.3661245364619607
0.75,-25.25583502420179
0.7272727272727273,-21.638902592297672
0.7954545454545454,-8.5403443977755
0.7272727272727273,-20.995459948319336
0.7045454545454546,-15.228047800668843
0.7045454545454546,-14.93777530839792
0.75,-10.112297762491506
0.7954545454545454,-22.195732945722423
0.7272727272727273,-19.296835008014448
0.7954545454545454,-26.965326978196966
0.7727272727272727,-20.009650136511457
0.7727272727272727,-16.33574203144835
0.7045454545454546,-0.48715733046456544
0.6818181818181818,-6.319577725401757
0.7954545454545454,-29.790330023626737
0.7727272727272727,-14.725526814300009
0.7272727272727273,-20.903196648196158
0.7727272727272727,-19.001597248538335
0.8181818181818182,-31.31464462244675
0.6818181818181818,-20.88177079283524
0.6818181818181818,-13.416095331581744
0.6818181818181818,-5.01127205625336
0.7045454545454546,-13.587627339279722
0.7272727272727273,-8.104115535684524
0.7727272727272727,-11.110832851277884
0.6590909090909091,13.550564831235704
0.7727272727272727,-30.068703207508506
0.7045454545454546,-18.157239862315922
0.7954545454545454,-20.341370351611285
0.7045454545454546,-31.541383266028514
0.7272727272727273,-10.923084929604412
0.7727272727272727,-24.255332243931694
0.8409090909090909,-42.154231757180405
0.6590909090909091,-0.32249464978766246
0.75,-27.202422612645023
0.7954545454545454,-12.799968192113841
0.7045454545454546,-6.873483131900767
0.7727272727272727,-27.354017924194487
0.7272727272727273,2.5635812282638866
0.7045454545454546,-17.541273929904847
0.7045454545454546,-18.787367257694566
0.75,-13.990563650637363
0.7272727272727273,-8.642152801789505
0.7045454545454546,-11.032943668366245
0.75,-21.69258958009671
0.75,-22.406020586265672
0.7727272727272727,-33.02460851363171
0.6818181818181818,-8.07995335262972
0.7045454545454546,5.305020205825404
0.6590909090909091,-1.6742955351233422
0.7954545454545454,-21.89036059245643
0.7272727272727273,-10.273131726767867
0.7272727272727273,1.0586100845928337
0.75,-27.55804670812681
0.7954545454545454,-26.270403717702035
0.7272727272727273,-20.922201908867603
0.6818181818181818,-6.343470908425842
0.6818181818181818,-2.758053280386937
0.6818181818181818,-6.7946580998643915
0.7272727272727273,-19.634645459427855
0.6818181818181818,-0.9106769825033425
0.6818181818181818,-2.1928980120301733
0.7272727272727273,-12.370301942918223
0.8181818181818182,-35.268736416224456
0.75,-26.891560615932153
0.7727272727272727,-15.799103165924983
0.7272727272727273,-19.562369669030247
0.7727272727272727,-14.482077593251843
0.6818181818181818,-9.12222841701563
0.7272727272727273,-12.273429681273955
0.7272727272727273,-11.697893878887642
0.6818181818181818,4.51830956039685
0.75,-25.394022427172796
0.75,-34.38293384744349
0.7727272727272727,-33.18911587101774
0.7727272727272727,-33.13062832438863
0.7045454545454546,-3.8597257638463067
0.6818181818181818,-16.86147267015765
0.8409090909090909,-31.42319959575034
0.75,-25.557899965865406
0.7045454545454546,-28.343689674919833
0.6818181818181818,-16.910909627959096
0.7272727272727273,-12.620858325145905
0.7727272727272727,-23.365429655363062
0.6818181818181818,-15.312111684233686
0.75,-32.13735561902201
0.75,-27.23399796103313
0.75,-24.891000727894564
0.7954545454545454,-9.910333667452898
0.7272727272727273,0.40995465334481457
0.7272727272727273,-23.066142570452612
0.6818181818181818,1.6868730173901882
0.7272727272727273,-1.6212379401937682
0.6818181818181818,4.183959529729913
0.7272727272727273,2.4448519041984196
0.7954545454545454,-34.65620858906504
0.7045454545454546,-4.740758223255363
0.7272727272727273,-25.637170892283542
0.7954545454545454,-31.46428933442936
0.7045454545454546,-18.69143680206422
0.7272727272727273,4.135185334257617
0.7272727272727273,-3.9342053672029937
0.7272727272727273,0.12364596211581937
0.7272727272727273,-25.236092197456774
0.6818181818181818,-8.305770996174319
0.75,-9.88274374533624
0.6590909090909091,-23.630591113801813
0.75,-23.924594133546847
0.7045454545454546,-16.765845030235344
0.7954545454545454,-21.630863961436525
0.7727272727272727,-21.004053161100934
0.7954545454545454,-31.978433578411565
0.7272727272727273,9.160973413095192
0.7272727272727273,-22.895777858534792
0.75,-5.642448917022379
0.8181818181818182,-27.062841422254145
0.75,-6.911373663673302
0.7272727272727273,-21.134003977034084
0.75,-28.09686507345365
0.75,-21.77870632243537
0.7727272727272727,-29.2486365445137
0.7045454545454546,-29.355868811258688
0.75,-5.880029315538423
0.6818181818181818,-0.4606524976138825
0.75,-27.353003786100246
0.75,-14.246662201868212
0.7272727272727273,-28.007866297182208
0.7727272727272727,-30.671499311252727
0.7045454545454546,7.033641976959385
0.7045454545454546,-20.820165604586688
0.75,-24.50661324147485
0.7954545454545454,-36.81906217866745
0.75,-9.148294633357722
0.75,-21.400335404099586
0.75,-19.72410699768436
0.7727272727272727,-33.056545495295715
0.75,-19.092355470739935
0.75,-20.118945338790553
0.7045454545454546,3.1851822601787374
0.6818181818181818,-16.915976104560446
0.75,-26.77927266920759
0.75,8.937970227842117
0.75,-15.709631365626821
0.75,-8.500909715288309
0.7272727272727273,-0.2302823045080102
0.7045454545454546,-14.46106129422963
0.75,-24.575240479817595
0.8181818181818182,5.469203510538624
0.7272727272727273,-15.951650953590393
0.75,1.529062361478755
0.7272727272727273,-18.541810532932548
0.7954545454545454,-6.196231857011856
0.7272727272727273,-17.16223702680766
0.7727272727272727,-37.82244513778509
0.7727272727272727,-29.617254451650215
0.75,-31.102299509153497
0.75,-25.16203343251518
0.7272727272727273,-4.673013109506999
0.8409090909090909,-40.11989736963157
0.75,-9.013105633315625
0.7272727272727273,-29.15706259427861
0.7045454545454546,-18.18238397731417
0.8181818181818182,-10.452542474392798
0.7727272727272727,-24.682812245910466
0.7045454545454546,3.672328920933457
0.7954545454545454,-29.653156265202252
0.7272727272727273,3.5262721008200346
0.75,-24.35462239158263
0.7727272727272727,-32.74083430366414
0.7272727272727273,-10.823384896293987
0.7727272727272727,-42.25301078397812
0.7727272727272727,-28.68694671361264
0.7954545454545454,-20.635784013193575
0.7727272727272727,-15.040731449041521
0.7954545454545454,-11.473876769312561
0.7045454545454546,-11.973197792725351
0.7954545454545454,-14.816973275040171
0.8409090909090909,-23.260352585624776
0.7272727272727273,-20.260673728085813
0.75,-30.11664297741486
0.8181818181818182,-32.120713585321546
0.75,-9.60710684192311
0.75,-27.581873082056543
0.7954545454545454,-23.143180212086037
0.6590909090909091,-14.506656448547329
0.7954545454545454,-5.065611342282683
0.7272727272727273,4.578579758997481
0.75,-18.302514431207495
0.7045454545454546,-27.01816254577201
0.7272727272727273,-8.21966486554886
0.75,-21.338390747331122
0.7272727272727273,-12.630076233009936
0.8181818181818182,-2.376779775254491
0.8181818181818182,-9.04265035560143
0.6818181818181818,7.839263226965287
0.6590909090909091,-2.662504681356821
0.7272727272727273,-19.165320028829466
0.8181818181818182,-25.962808489572513
0.7954545454545454,-37.00390180313213
0.7272727272727273,-14.046443352150227
0.8181818181818182,-35.734734687653706
0.7727272727272727,-1.6195832384386952
0.7727272727272727,-28.267189358772917
0.7727272727272727,-27.15779111509189
0.7045454545454546,-11.678221227968747
0.7954545454545454,-26.70945343539987
0.7045454545454546,-8.664832377430468
0.6590909090909091,-32.14845314666857
0.7045454545454546,-17.393117065047218
0.7954545454545454,-29.615661270364708
0.7272727272727273,-9.148231595879128
0.6818181818181818,-14.600853420268665
0.75,8.665768058160076
0.7727272727272727,-29.288583643215134
0.75,-11.810936683396307
0.7045454545454546,1.8403283300785367
0.6818181818181818,-14.662292253692705
0.7727272727272727,-24.61512538952871
0.7272727272727273,-7.586108514702816
0.75,-30.583264328925125
0.7272727272727273,-4.103025894324032
0.7727272727272727,-26.40925181904278
0.7727272727272727,-28.33914783217456
0.75,-26.440456975319872
0.6590909090909091,20.279615666987876
0.6590909090909091,-9.445827298431674
0.6818181818181818,-14.93312205850615
0.75,-12.172174577331289
0.7272727272727273,-23.917381048190688
0.75,-5.849607091495256
0.75,-22.209668150527012
0.7272727272727273,-22.483305831125197
0.7954545454545454,-15.21859128358518
0.6818181818181818,4.583418469860624
0.7045454545454546,-26.219757162401187
0.6818181818181818,-13.214471285780377
0.7045454545454546,-26.261785391913808
0.7727272727272727,7.109133259375511
0.7272727272727273,-32.67296842893876
0.7272727272727273,-3.645414528576902
0.7727272727272727,-23.641669421469064
0.75,-8.682151634475993
0.7272727272727273,-13.723997683167262
0.7272727272727273,-21.262693815093407
0.7272727272727273,-25.620946946535426
0.7954545454545454,-2.45690178559213
0.6590909090909091,-16.836685110755965
0.75,-21.057497780687523
0.7727272727272727,-20.05994351244401
0.7272727272727273,5.811554964085271
0.75,-12.414685023207106
0.7272727272727273,-24.4909210482005
0.75,-16.64862144895353
0.8181818181818182,-20.5498775821743
0.7727272727272727,-22.918798328961994
0.8181818181818182,-0.6840563405358789
0.7045454545454546,-19.14139285471493
0.7954545454545454,-10.691229048267747
0.7045454545454546,-19.946316713117533
0.7272727272727273,8.267592701297845
0.75,4.776096378130075
0.7272727272727273,-2.255636040285138
0.75,-34.11647862289087
0.7272727272727273,-18.331137955270073
0.7727272727272727,-15.669663715338071
0.75,-13.779519761248581
0.75,-16.160999906266547
0.7954545454545454,-22.53748899976896
0.75,-24.656751867334837
0.7272727272727273,-9.100694069691308
0.7727272727272727,-27.064675178324823
0.75,-28.86230007359385
0.7727272727272727,-7.490150426722267
0.6818181818181818,-9.347905312801151
0.75,-40.8890544849399
0.7272727272727273,-22.55034471410411
0.75,-24.841490685553346
0.8181818181818182,-30.94270595742128
0.7272727272727273,-16.69629444609022
0.75,-24.677920907433418
0.7045454545454546,-22.513922498706055
0.7272727272727273,-0.9636421973365095
0.8181818181818182,-3.5724274313312234
0.7045454545454546,-19.093618264693806
0.7045454545454546,-8.011308227375544
0.7727272727272727,-18.688353049409383
0.75,-26.610068854001398
0.7045454545454546,-11.086374040718233
0.6590909090909091,-12.819570351085549
0.7272727272727273,-2.8201955352027426
0.75,11.0142332920662
0.8181818181818182,-30.34947288417841
0.7727272727272727,-31.66693799132678
0.7954545454545454,-30.416929534754658
0.7045454545454546,1.7432244121736706
0.8636363636363636,-35.33742737178969
0.7727272727272727,-13.384586891324766
0.7954545454545454,-8.755569720997668
0.7727272727272727,-23.171004864123727
0.7045454545454546,-10.527155273154364
0.7272727272727273,-11.813776669259797
0.6363636363636364,-20.399732794971154
0.7272727272727273,-28.290446861671306
0.8181818181818182,-31.509492284417448
0.6818181818181818,-20.587477045171365
0.7272727272727273,-13.886154507348325
0.6590909090909091,0.4431234513635319
0.6590909090909091,-11.213109982487731
0.7272727272727273,-12.523498737286685
0.7954545454545454,-25.812649372998706
0.7272727272727273,-20.997843221599105
0.7272727272727273,-20.63141012489481
0.7272727272727273,-20.124829734552314
0.7045454545454546,-25.881924862058476
0.7727272727272727,-27.145260395473734
0.7272727272727273,-0.7451937104120777
0.7045454545454546,-6.909337192234929
0.7727272727272727,-23.008226599144084
0.7727272727272727,-21.62225370766862
0.7272727272727273,-25.021015745864357
0.7954545454545454,-19.755606377952635
0.7272727272727273,-4.486788319453246
0.8181818181818182,-18.340621083279856
0.6590909090909091,-7.954692500822347
0.75,-2.8118062574532106
0.7954545454545454,-25.43994767773728
0.7954545454545454,-33.18640520009059
0.6818181818181818,-23.33906279822298
0.75,-20.52328464152461
0.75,-16.687675387797984
0.7045454545454546,-26.88803150826702
0.7727272727272727,-19.874333152777083
0.6818181818181818,-12.640483418413588
0.7045454545454546,-8.678776246781005
0.8181818181818182,-26.186410926780653
0.7727272727272727,-29.51039111804105
0.7727272727272727,-4.057023254350832
0.7045454545454546,-20.459451103171094
0.7272727272727273,-0.9517044476549188
0.7272727272727273,-25.394539493734023
0.7272727272727273,-25.53623972839475
0.7727272727272727,-34.361829628970945
0.75,-31.79690282885166
0.75,-8.135731842313135
0.7727272727272727,-5.680939217892732
0.75,-7.142035407936368
0.7272727272727273,1.214111880805991
0.7727272727272727,-31.700860402041428
0.8181818181818182,-31.097772588836936
0.7727272727272727,-32.00528204531885
0.7954545454545454,-25.447991892802268
0.7727272727272727,-16.668508709793567
0.75,9.72434098875398
0.6590909090909091,-19.72837602306039
0.7045454545454546,-12.021717986177691
0.7272727272727273,-25.82557054201972
0.6818181818181818,-12.03914426534547
0.8181818181818182,-31.400921869837315
0.7272727272727273,-14.132804853714942
0.7727272727272727,-12.179682621853773
0.6818181818181818,7.284836735860221
0.75,-27.969171165164024
0.75,-34.27700606572125
0.7045454545454546,-18.832185925418965
0.7727272727272727,-41.97876371243354
0.7272727272727273,-15.84487192791412
0.7727272727272727,-6.46267705637134
0.7272727272727273,-24.455073268563513
0.7727272727272727,-23.255800393831436
0.75,-0.2192911006358106
0.7045454545454546,-3.3611848617744147
0.6818181818181818,-0.7183417408007344
0.7272727272727273,-35.35381580663589
0.7727272727272727,-31.225672342657322
0.6818181818181818,10.598285098208082
0.7727272727272727,-27.744661693512636
0.7272727272727273,-23.470088602717386
0.7727272727272727,-12.922983330850364
0.7954545454545454,-32.86197563873676
0.75,-22.161936027639403
0.7272727272727273,-12.637331240349262
0.6818181818181818,-10.856552515584376
0.7954545454545454,-36.54576568268866
0.6818181818181818,-4.350086991337045
0.7272727272727273,-13.435847242988064
0.7954545454545454,-19.403401318997282
0.7954545454545454,-31.204906468480946
0.7045454545454546,-18.365359378035112
0.75,-28.46567457536385
0.7727272727272727,-20.520327452724064
0.7727272727272727,-30.951451304971496
0.75,-27.579301716966246
0.75,-25.43308287153978
0.8409090909090909,-15.400326601323359
0.7727272727272727,-21.51950400935052
0.7727272727272727,-25.698449659507084
0.7954545454545454,-26.204869988722308
0.75,-12.162408271166742
0.75,-13.889606088384914
0.7727272727272727,-28.522072106324796
0.75,-13.075431945516305
0.6818181818181818,-20.307103465339345
0.75,-12.370935132984686
0.7954545454545454,-29.499699789438672
0.7272727272727273,-24.57123685871154
0.7954545454545454,-32.16983504742913
0.7727272727272727,-9.370519250546245
0.7727272727272727,-9.71656672129981
0.75,-18.929304950379095
0.7954545454545454,-25.068540804801877
0.7727272727272727,-35.25062114822676
0.7727272727272727,1.4661541975080126
0.7954545454545454,-9.442036039481877
0.7727272727272727,-26.908532115326548
0.6818181818181818,0.540553085547815
0.75,-11.893128712315297
0.7272727272727273,-17.888936393655243
0.7727272727272727,-11.672891570211464
0.7272727272727273,-22.844631317755162
0.75,3.39640000520491
0.6818181818181818,-15.134930144538863
0.7727272727272727,-29.164175386558558
0.7045454545454546,-13.099498364287648
0.75,-29.635003392785453
0.75,1.7218367784422564
0.75,-24.724284952169793
0.8409090909090909,-15.784180174834079
0.7272727272727273,3.2227651139073274
0.7272727272727273,22.633916042530522
0.7954545454545454,-33.07512752514483
0.7272727272727273,1.342722727142762
0.7272727272727273,11.059789836476343
0.7272727272727273,-9.657596426371033
0.8181818181818182,-34.01555267336838
0.75,5.228302870582784
0.7727272727272727,-11.704178117522304
0.7272727272727273,-16.705463515548775
0.75,-26.957150644942132
0.7272727272727273,5.27665158448763
0.7727272727272727,-8.96370193685994
0.7954545454545454,-12.745242193402872
0.8636363636363636,-31.527389181362718
0.8409090909090909,-28.274779187230113
0.7272727272727273,-4.456460834363227
0.75,-9.489102909446201
0.75,-12.241741550593957
0.7272727272727273,-19.08180452963966
0.7272727272727273,-12.067703421582701
0.75,-15.684609173700073
0.6590909090909091,-6.434108647054054
0.7954545454545454,-22.364094973527887
0.7272727272727273,0.847702872540356
0.7727272727272727,-2.0175414223225867
0.7045454545454546,-14.575226544304611
0.7727272727272727,-28.692156170180397
0.7045454545454546,2.2877673247895776
0.7727272727272727,-23.577325729152697
0.7727272727272727,-21.46209692850857
0.7954545454545454,4.052444430438618
0.75,-13.885987761708892
0.6818181818181818,-9.291317208946195
0.7045454545454546,-11.527945941785125
0.7045454545454546,-21.652168362556576
0.7727272727272727,-10.622952738208754
0.8409090909090909,-33.17385516082566
0.7045454545454546,-4.0579941220650495
0.7045454545454546,-11.040378175197999
0.75,-27.31630778851479
0.7272727272727273,-22.59268116407859
0.7272727272727273,-22.48558936834725
0.6818181818181818,-27.998155447913312
0.75,-18.700400438607215
0.75,-17.80512385222421
0.75,-31.7310965260525
0.7954545454545454,-29.769569852244015
0.7045454545454546,0.021415590427480424
0.75,3.996338433463639
0.7045454545454546,-14.143692614817036
0.8636363636363636,-34.09970828220019
0.9090909090909091,-43.28528643031023
0.7272727272727273,-13.662520550270477
0.75,-8.948931981193935
0.6818181818181818,9.648129219958848
0.7045454545454546,2.191455785390028
0.6818181818181818,-27.042947020326547
0.7727272727272727,-25.949184183923418
0.7272727272727273,-18.57683998339891
0.7727272727272727,-16.426313576844393
0.7272727272727273,-18.06085261132013
0.7272727272727273,-8.346578604624222
0.7727272727272727,-12.041592584320973
0.7272727272727273,-6.504064622735001
0.6818181818181818,10.245980717206246
0.7727272727272727,-26.37624481052322
0.8181818181818182,-20.197205828679042
0.7272727272727273,-32.48089175411495
0.8181818181818182,-16.921898534988895
0.7045454545454546,-25.1691454383106
0.7727272727272727,-17.277322561443388
0.7727272727272727,-11.95115542076217
0.75,-25.93482216912877
0.7272727272727273,-8.448790240523932
0.75,-33.12097835016244
0.6818181818181818,-14.554018850883562
0.6818181818181818,-17.315669009648765
0.8409090909090909,-45.07343407590974
0.7272727272727273,-10.56743763003911
0.75,-4.7331831118987715
0.6590909090909091,-16.868040990709265
0.7045454545454546,-9.662525028400578
0.6363636363636364,16.3612203058279
0.7954545454545454,-22.47224153046892
0.7045454545454546,-18.420628651012574
0.8181818181818182,-10.408425303592265
0.75,-27.50200083674804
0.7727272727272727,-29.35203009092268
0.7045454545454546,-18.731364710460802
0.6363636363636364,-8.844527079730927
0.7272727272727273,-16.698520082392346
0.75,-12.767801093720106
0.7727272727272727,-20.44496216487554
0.7727272727272727,-26.61960806291519
0.7954545454545454,-25.643812202941533
0.75,-2.7736794828025184
0.8409090909090909,-30.142873836589477
0.7727272727272727,-11.436713632467049
0.8409090909090909,-40.242049790420275
0.7272727272727273,-12.725812286737574
0.75,-29.009274038207675
0.7272727272727273,-15.907397138045837
0.7727272727272727,-23.72597335409783
0.6818181818181818,-8.860980759808523
0.7272727272727273,-27.084155637905113
0.7272727272727273,-25.25096006680079
0.7727272727272727,-12.432341395992376
0.7272727272727273,-31.496208967093335
0.7727272727272727,-18.773703148045332
0.75,-27.152344342063508
0.7954545454545454,-30.508844363488034
0.8409090909090909,-22.948877883610166
0.7272727272727273,-15.918864579897377
0.75,-25.853853756122668
0.75,-28.805452296540327
0.7954545454545454,-17.035625591892302
0.7045454545454546,-9.224429881259756
0.7727272727272727,-15.230296450694146
0.6363636363636364,-17.650816865654345
0.7954545454545454,-21.047506722853033
0.7272727272727273,-22.244942353465603
0.7954545454545454,-21.56687058843572
0.7727272727272727,-17.192229316186
0.6818181818181818,-22.113214028562084
0.75,-21.52319798846145
0.7045454545454546,-27.48001737774103
0.6818181818181818,-18.2021300411117
0.75,-29.280303989267757
0.7954545454545454,-21.61171762837604
0.7045454545454546,0.7473635846527187
0.75,-31.82961542146951
0.75,-15.584816994010788
0.7954545454545454,-31.207555761349827
0.75,-23.62867840561684
0.7045454545454546,-14.822589692165842
0.7727272727272727,-15.070637328509541
0.75,-16.025438904537168
0.7272727272727273,-22.462421665296656
0.7954545454545454,-29.150887131769096
0.8409090909090909,-22.12008678255276
0.7272727272727273,-21.10281858061242
0.7727272727272727,-30.020896159081836
0.7045454545454546,-13.708514690031592
0.7045454545454546,-21.407973542640388
0.7727272727272727,-5.61822077532667
0.75,-6.6997862387592155
0.7045454545454546,-34.22102553836516
0.75,-18.691754196488688
0.7954545454545454,-23.382556898062727
0.75,-31.06325659680542
0.7727272727272727,-11.134030588823283
0.7954545454545454,-32.48229072405028
0.6590909090909091,-14.020886770613743
0.7272727272727273,-15.804541025913693
0.7727272727272727,-18.4423108235648
0.75,-18.220219498796485
0.8181818181818182,-20.181842600442682
0.75,-6.620298360492816
0.7954545454545454,-29.65026705016694
0.75,-9.145009815686786
0.7727272727272727,-15.925139756559874
0.75,2.5822347817367812
0.7272727272727273,-36.20733108565358
0.75,6.403631112933629
0.6590909090909091,-21.423630620080278
0.8181818181818182,-29.233646478608623
0.75,-30.157520024559645
0.8181818181818182,-18.987442822369218
0.6818181818181818,-16.55606464567832
0.7272727272727273,-23.110710437521064
0.7954545454545454,-12.908723451229367
0.7272727272727273,-20.597388594971555
0.7954545454545454,-40.97492859216101
0.75,-20.40796715475348
0.8181818181818182,-4.4103643194363125
0.7727272727272727,-22.50648272234931
0.75,-13.11321063882108
0.7954545454545454,-33.3712218068764
0.7045454545454546,-10.882511242522975
0.7045454545454546,-0.7758571007760932
0.7272727272727273,-23.53053232700779
0.8409090909090909,-32.72723348283444
0.8181818181818182,-31.959643381923964
0.6818181818181818,0.811882824325189
0.7727272727272727,-12.934446724268376
0.6818181818181818,1.8062498080327858
0.7954545454545454,-25.74149680302777
0.7045454545454546,-14.750646800254303
0.7727272727272727,-11.244035692554784
0.7727272727272727,-25.411535313307276
0.8181818181818182,-35.29388218235875
0.7045454545454546,-25.782584309306458
0.7045454545454546,10.872121404518277
0.7272727272727273,-17.472287090151532
0.7045454545454546,-16.165232399554597
0.7045454545454546,-12.800176534377567
0.6818181818181818,-8.92615106042203
0.7727272727272727,-9.378954963450123
0.75,-24.0684654127426
0.7045454545454546,-1.6244209168705148
0.7272727272727273,-21.332725642453962
0.7045454545454546,7.656896590707209
0.8409090909090909,-33.16900599263449
0.75,-14.563396424019034
0.7954545454545454,-13.282255491964627
0.7045454545454546,-18.15623765053691
0.7954545454545454,-6.847810905338752
0.7727272727272727,-5.772941066522156
0.75,-29.72999017834073
0.7954545454545454,-24.832749473493365
0.7045454545454546,-1.024303138603296
0.8409090909090909,-33.56344468169487
0.7272727272727273,-14.479139619878639
0.6818181818181818,-16.591472140242562
0.7272727272727273,-17.827262356473522
0.7272727272727273,-7.14498150136017
0.7727272727272727,-22.658188259279196
0.8181818181818182,-26.333100112546717
0.7045454545454546,6.433902227221094
0.8181818181818182,-39.185506305278004
0.7954545454545454,-25.158425554328247
0.7272727272727273,-22.887654519007697
0.7727272727272727,-5.723961566318588
0.75,0.32750774499506136
0.75,-18.626869664749815
0.7045454545454546,-10.214687768140356
0.7272727272727273,-4.421883409815288
0.7727272727272727,-24.80092118759534
0.7272727272727273,-9.45016515038314
0.7727272727272727,-20.514263901285805
0.7045454545454546,-0.2482709685082476
0.7954545454545454,-39.38982584377861
0.7272727272727273,-10.608809513074759
0.6818181818181818,-16.042964016453137
0.7045454545454546,-0.23473788645955745
0.75,-11.148305141809239
0.75,-21.997891403610016
0.7272727272727273,-16.911120306446648
0.7954545454545454,-31.66655582919492
0.7272727272727273,-22.972677207913303
0.7272727272727273,-1.0943594075494638
0.8181818181818182,-17.89059168350734
0.6818181818181818,-20.663317882254557
0.7727272727272727,-23.439834246578314
0.75,-17.25997501003029
0.8181818181818182,-11.081850177262778
0.7727272727272727,-12.358220782817197
0.8181818181818182,-30.36349095832536
0.6590909090909091,-6.762382296952356
0.7727272727272727,-9.004486306090403
0.7045454545454546,-2.8577779695834313
0.7272727272727273,-5.186853746590234
0.6818181818181818,-15.756125247684402
0.7045454545454546,-27.289738037373294
0.7954545454545454,-32.616878071024594
0.75,-21.646517062891153
0.8181818181818182,-28.230518006655462
0.7272727272727273,-22.527620646164372
0.7272727272727273,-18.82300147888197
0.7272727272727273,-10.482463571835616
0.7272727272727273,-12.50544612830811
0.7727272727272727,-27.271273667207193
0.75,-14.148742925920395
0.7272727272727273,-26.442064708484722
0.75,-23.20076857757094
0.7045454545454546,-25.50211984100645
0.7272727272727273,-0.5440522453030419
0.8863636363636364,-36.18734392842486
0.7954545454545454,-38.189864355051675
0.75,-8.624022575565952
0.7272727272727273,-31.304592530733306
0.75,-12.556528557392712
0.7045454545454546,-22.073515669816008
0.7954545454545454,-17.342188926300853
0.7954545454545454,-22.022757417268153
0.8409090909090909,-37.39651160839
0.7954545454545454,-12.053098701544718
0.7045454545454546,1.6728507800337304
0.8181818181818182,-10.143814958012928
0.75,-14.15399805229519
0.7045454545454546,-28.273013114192555
0.7727272727272727,-21.77738814117579
0.7727272727272727,-22.760971097850334
0.7954545454545454,-36.938774539551325
0.7045454545454546,-9.805727314685514
0.75,-9.576229881318472
0.7272727272727273,-2.7409369588941157
0.75,-36.655143007242025
0.7954545454545454,-29.562315797806683
0.7272727272727273,16.124474122827813
0.7954545454545454,-26.427270808445076
0.75,-25.595201835233482
0.7727272727272727,-10.799110643763528
0.8181818181818182,-24.79604377453246
0.7272727272727273,-19.33027588897156
0.75,-22.09684822031375
0.7727272727272727,5.989511688839474
0.7727272727272727,1.7468948743978323
0.7272727272727273,-14.154892731507063
0.75,-13.851683128510427
0.75,-18.186881834410503
0.8181818181818182,-40.15463224209194
0.6818181818181818,8.880006304814257
0.7045454545454546,-4.665496996460219
0.7727272727272727,-22.72046433785189
0.8181818181818182,-21.030618593254477
0.7727272727272727,-4.529739630713436
0.7272727272727273,-2.623699903889975
0.75,5.800556771669258
0.7954545454545454,-22.75875875525036
0.6818181818181818,-15.342332906160953
0.7272727272727273,-8.670555321042643
0.7727272727272727,-19.205361396477954
0.7272727272727273,-7.2115497589874815
0.7727272727272727,-22.81537961084532
0.7954545454545454,-34.49069458683526
0.7727272727272727,-32.86560891508092
0.75,-9.024485268438772
0.6818181818181818,-16.070056643519024
0.7045454545454546,-21.89550533229552
0.6363636363636364,-10.708725580894066
0.7045454545454546,-11.522009119060373
0.75,-9.848344509304955
0.6590909090909091,-10.50394202642142
0.7272727272727273,-4.621163399383681
0.7045454545454546,-10.588990382343361
0.7272727272727273,-14.501710643454953
0.75,-29.312540162728304
0.7045454545454546,6.216008702788174
0.75,-14.997653657273252
0.75,-17.026917860639365
0.7045454545454546,-4.992062534559736
0.7954545454545454,-29.677373908930203
0.7727272727272727,-32.15005264790742
0.7045454545454546,-22.1449752389394
0.75,-6.923383674712903
0.8181818181818182,-38.648101155666346
0.7272727272727273,-22.657801548871344
0.7727272727272727,-23.848170417677423
0.75,-28.10753470768606
0.7954545454545454,-17.239422513544575
0.75,-11.680205525660632
0.75,-30.294080951427556
0.75,-30.311750924911326
0.75,-19.633845202578893
0.7272727272727273,-24.271823640738265
0.7954545454545454,1.677177775453704
0.7954545454545454,-27.661215572001865
0.7727272727272727,-14.721814996208908
0.6818181818181818,12.440878474777714
0.7045454545454546,-11.307700440547409
0.7727272727272727,-24.13365431239172
0.8181818181818182,-35.373063467128176
0.75,-22.732424197775064
0.7045454545454546,-28.05835921887174
0.7727272727272727,-20.032585311279828
0.75,-9.751318460734842
0.7045454545454546,-24.474369193312896
0.7727272727272727,-22.184723229308748
0.6590909090909091,9.400745607257653
0.7045454545454546,-7.065335443993138
0.7272727272727273,4.400050677643528
0.7272727272727273,-20.23785976468738
0.75,-11.995239025662771
0.6818181818181818,-21.944937453833806
0.7727272727272727,-31.06435004090316
0.75,-32.42096292437829
0.8181818181818182,-32.61964801774733
0.7045454545454546,-24.154230277433552
0.7272727272727273,-32.13159414494647
0.6818181818181818,0.2388764077442018
0.6818181818181818,-22.596360659256458
0.7045454545454546,-22.70768204733273
0.7954545454545454,-30.89623186451341
0.7954545454545454,-15.033478448456593
0.7272727272727273,-10.838859955310891
0.6818181818181818,-15.32018380715668
0.7727272727272727,-10.176275484264405
0.8409090909090909,-34.462465012252174
0.75,-20.130183275880725
0.7045454545454546,-21.58182238735338
0.7045454545454546,-9.944911130816052
0.7954545454545454,-30.498064749724357
0.8863636363636364,-31.092364591775606
0.7954545454545454,-29.321467102915108
0.6818181818181818,-6.644148178576455
0.7727272727272727,-12.078564367561647
0.75,-16.0863753405985
0.75,-13.628167713032463
0.75,-20.320277957900228
0.7727272727272727,-31.20713636542804
0.6363636363636364,-23.712191209121578
0.8181818181818182,-11.432288864544457
0.75,-31.74887183002558
0.75,-26.929185157398116
0.7272727272727273,-22.48457334656529
0.7045454545454546,7.8808993518104
0.7954545454545454,-16.04761723133167
0.7272727272727273,-10.806277489354036
0.6818181818181818,-18.09430512093396
0.7727272727272727,-16.168082324535963
0.6818181818181818,0.7764970147284219
0.7954545454545454,-15.033435846632267
0.75,-4.531674021123095
0.75,-11.443318733551141
0.7272727272727273,-14.95045906816137
0.7272727272727273,-15.649585633454667
0.7954545454545454,-32.7495126459726
0.7727272727272727,-24.028936178190573
0.8181818181818182,-32.437908954227915
0.8409090909090909,-36.3411714406138
0.75,-18.324190126758477
0.8181818181818182,-36.03329409921997
0.6590909090909091,-6.00840705485761
0.7045454545454546,-21.423098729137838
0.75,-23.093842210057485
0.8409090909090909,-38.98140624369302
0.7727272727272727,-9.00275410296234
0.7954545454545454,-19.48612292119658
0.7045454545454546,12.3373099670076
0.75,-26.413899517544063
0.75,-30.37689202064794
0.7954545454545454,-35.027059144300814
0.7272727272727273,-20.761318451359728
0.7954545454545454,-20.815152089424984
0.8409090909090909,-20.849168508454873
0.75,14.45117650455862
0.7045454545454546,-14.924220735292117
0.7272727272727273,-2.99184959283791
0.8409090909090909,-24.101209779157614
0.75,-30.54967245780554
0.75,-26.632341053573246
0.75,-13.691215246000711
0.7045454545454546,3.631450117196197
0.75,8.644186900202916
0.75,-9.837696876243502
0.7727272727272727,-25.657313827383607
0.75,-5.2239878182352735
0.7045454545454546,-18.01210986594913
0.7954545454545454,-28.917065425698805
0.7272727272727273,-0.2592101760631209
0.75,-16.928229261752946
0.7727272727272727,-24.185436454657573
0.7727272727272727,-13.897967077001265
0.7272727272727273,-6.338914356724157
0.75,-2.0663330482088895
0.7727272727272727,-30.92296416060628
0.75,-22.121147996658838
0.75,-18.023921065138726
0.8181818181818182,-31.540072668288488
0.75,-18.629273809155702
0.75,-14.652132758992355
0.7727272727272727,-6.827067793338929
0.7954545454545454,-18.5423662638969
0.75,-5.606129270437011
0.7272727272727273,-25.174015097712257
0.75,-21.168226809600483
0.75,-22.977122802471797
0.8181818181818182,-32.92968708919843
0.6818181818181818,-14.00879569674774
