baseline_id,model_id,galaxy,n_points,rmse_model_kms,rmse_zero_kms,delta_rmse_model_minus_zero_kms,model_beats_zero,mean_required_u_kms,mean_predicted_u_kms
newtonian_baryonic,radial_only,CamB,9,41.6519616978,3.35560687969,38.2963548182,False,-0.227752515789,40.3592402472
newtonian_baryonic,radial_only,ESO116-G012,15,7.9511767687,46.786425152,-38.8352483834,True,42.8740521636,37.6645830017
newtonian_baryonic,radial_only,F561-1,6,34.9385698186,9.59341689546,25.3451529231,False,8.68083990082,42.4380963459
newtonian_baryonic,radial_only,F563-1,17,25.105686649,62.47756059,-37.3718739411,True,59.8247856098,36.8294391018
newtonian_baryonic,radial_only,F568-1,12,31.749826629,69.8628373973,-38.1130107683,True,65.3426375525,36.6257905604
newtonian_baryonic,radial_only,IC2574,34,19.8036424067,23.783547469,-3.97990506232,True,21.8418304688,41.3104286612
newtonian_baryonic,radial_only,IC4202,32,35.5208686041,69.1216240013,-33.6007553973,True,54.6661524336,39.2413992702
newtonian_baryonic,radial_only,NGC0024,29,21.4636300566,47.1812952678,-25.7176652112,True,44.4979109491,24.5151946864
newtonian_baryonic,radial_only,NGC2683,11,23.4261957309,63.9946131246,-40.5684173937,True,61.7879113769,39.9837992245
newtonian_baryonic,radial_only,NGC3726,12,18.6953972682,50.4040747205,-31.7086774523,True,42.3648234489,38.5883119544
newtonian_baryonic,radial_only,NGC3949,7,22.7469835048,28.5172831034,-5.77029959861,True,24.3973134545,44.5308631775
newtonian_baryonic,radial_only,NGC3972,10,6.45102350032,44.4595995721,-38.0085760718,True,41.76184645,41.1423872785
newtonian_baryonic,radial_only,NGC4013,36,23.9243535171,65.691313498,-41.7669599809,True,61.8974065109,43.7383791847
newtonian_baryonic,radial_only,NGC4088,12,29.2567650341,25.3962956653,3.86046936876,False,14.8664006761,40.5019164206
newtonian_baryonic,radial_only,NGC4183,23,9.76142567999,48.4108598922,-38.6494342122,True,47.4836115761,39.4631957285
newtonian_baryonic,radial_only,NGC4214,14,6.31301201656,43.616238341,-37.3032263245,True,42.0898117044,39.4993094124
newtonian_baryonic,radial_only,NGC4389,6,62.0838182772,23.5662955291,38.5175227481,False,-18.9916049389,42.3848963549
newtonian_baryonic,radial_only,NGC5907,19,45.1028171452,86.4837787471,-41.3809616018,True,85.6716898748,41.5730004866
newtonian_baryonic,radial_only,NGC5985,33,97.3562497068,136.496278741,-39.1400290345,True,136.02084543,39.4316774701
newtonian_baryonic,radial_only,NGC6789,4,18.5713095025,26.498402993,-7.92709349047,True,23.2427478857,40.7257124964
newtonian_baryonic,radial_only,NGC6946,58,10.8586518234,42.1499058857,-31.2912540622,True,35.8674904221,39.1485170177
newtonian_baryonic,radial_only,NGC7331,36,30.4988028371,59.3543786695,-28.8555758324,True,42.0493850377,38.9945641702
newtonian_baryonic,radial_only,UGC00731,12,9.26976613983,38.1736083113,-28.9038421714,True,37.8665426696,40.8027629023
newtonian_baryonic,radial_only,UGC00891,5,17.2793483974,28.4000636516,-11.1207152543,True,26.1217339267,43.0613962862
newtonian_baryonic,radial_only,UGC02023,5,31.4757715902,15.0271479405,16.4486236497,False,12.0958820541,43.0394261591
newtonian_baryonic,radial_only,UGC02259,8,8.91059886875,48.1041295264,-39.1935306577,True,47.8798463951,41.6382712403
newtonian_baryonic,radial_only,UGC03580,47,23.4636569553,36.0120145776,-12.5483576223,True,12.8174954213,24.2572420342
newtonian_baryonic,radial_only,UGC04305,22,38.5349382941,6.36156474771,32.1733735464,False,4.05072743184,40.0208717122
newtonian_baryonic,radial_only,UGC04499,9,14.3758161737,28.7407927526,-14.3649765789,True,27.2241334296,41.3638813777
newtonian_baryonic,radial_only,UGC05414,6,24.5594446237,19.477028447,5.08241617678,False,18.0959257897,42.3914877893
newtonian_baryonic,radial_only,UGC05716,12,5.7685508765,38.5957184736,-32.8271675971,True,38.0678555393,40.820680093
newtonian_baryonic,radial_only,UGC05829,11,17.9041387493,24.7543208398,-6.85018209051,True,24.1408236175,40.9655618833
newtonian_baryonic,radial_only,UGC05986,15,12.4888652668,54.0366776042,-41.5478123374,True,50.873600495,40.4700299489
newtonian_baryonic,radial_only,UGC06818,8,21.4167533488,27.0704307512,-5.65367740242,True,21.9290875843,41.621435559
newtonian_baryonic,radial_only,UGC06917,11,3.62825875168,46.439925454,-42.8116667024,True,45.1730769148,43.0542665217
newtonian_baryonic,radial_only,UGC06983,17,13.0204501045,54.5413109073,-41.5208608028,True,53.5421650246,41.8516913691
newtonian_baryonic,radial_only,UGC07151,11,15.5693993489,27.2224318578,-11.6530325089,True,26.1427794035,40.9455131838
newtonian_baryonic,radial_only,UGC07261,7,11.1109137191,33.0508515808,-21.9399378617,True,32.7207960779,41.9570867322
newtonian_baryonic,radial_only,UGC07577,9,40.8107494934,2.44423329363,38.3665161998,False,1.92407658084,41.4280303577
newtonian_baryonic,radial_only,UGC07603,12,11.4384807277,31.4539442918,-20.0154635641,True,29.3792063883,40.7674754774
newtonian_baryonic,radial_only,UGC08699,41,26.7742558302,57.2581386663,-30.4838828361,True,46.9662982501,30.1181906882
newtonian_baryonic,radial_only,UGC11914,65,18.9799341629,53.5297978173,-34.5498636544,True,50.7582505256,35.1749143013
newtonian_baryonic,radial_only,UGC12506,31,76.7482515947,116.023499343,-39.2752477482,True,115.617732667,39.2372766668
newtonian_baryonic,radial_only,UGCA444,36,27.6232986396,14.4713003321,13.1519983074,False,13.6842624854,40.1550979918
newtonian_baryonic,distance_context,CamB,9,25.8633237605,3.35560687969,22.5077168808,False,-0.227752515789,24.6955575238
newtonian_baryonic,distance_context,ESO116-G012,15,10.9513963793,46.786425152,-35.8350287728,True,42.8740521636,34.935622636
newtonian_baryonic,distance_context,F561-1,6,52.9090919011,9.59341689546,43.3156750057,False,8.68083990082,60.0004039296
newtonian_baryonic,distance_context,F563-1,17,15.2207674254,62.47756059,-47.2567931646,True,59.8247856098,48.5474375542
newtonian_baryonic,distance_context,F568-1,12,14.2416817562,69.8628373973,-55.6211556411,True,65.3426375525,55.2745462355
newtonian_baryonic,distance_context,IC2574,34,5.83711705093,23.783547469,-17.9464304181,True,21.8418304688,27.0911359275
newtonian_baryonic,distance_context,IC4202,32,27.5737594279,69.1216240013,-41.5478645734,True,54.6661524336,60.5825227118
newtonian_baryonic,distance_context,NGC0024,29,28.1240993215,47.1812952678,-19.0571959463,True,44.4979109491,17.6418342736
newtonian_baryonic,distance_context,NGC2683,11,27.653634782,63.9946131246,-36.3409783425,True,61.7879113769,35.4403410227
newtonian_baryonic,distance_context,NGC3726,12,17.4583107439,50.4040747205,-32.9457639766,True,42.3648234489,39.9734353986
newtonian_baryonic,distance_context,NGC3949,7,24.5171597949,28.5172831034,-4.00012330851,True,24.3973134545,46.6571358133
newtonian_baryonic,distance_context,NGC3972,10,6.07700808615,44.4595995721,-38.382591486,True,41.76184645,42.9075216918
newtonian_baryonic,distance_context,NGC4013,36,21.8248694469,65.691313498,-43.8664440511,True,61.8974065109,45.7895091248
newtonian_baryonic,distance_context,NGC4088,12,30.5484678317,25.3962956653,5.15217216638,False,14.8664006761,42.1981656557
newtonian_baryonic,distance_context,NGC4183,23,9.22786540664,48.4108598922,-39.1829944855,True,47.4836115761,41.0567804165
newtonian_baryonic,distance_context,NGC4214,14,19.6852545838,43.616238341,-23.9309837573,True,42.0898117044,22.9582901692
newtonian_baryonic,distance_context,NGC4389,6,63.9523906114,23.5662955291,40.3860950824,False,-18.9916049389,44.2669298105
newtonian_baryonic,distance_context,NGC5907,19,43.256287684,86.4837787471,-43.2274910631,True,85.6716898748,43.5029114036
newtonian_baryonic,distance_context,NGC5985,33,87.3966380973,136.496278741,-49.099640644,True,136.02084543,49.6904008429
newtonian_baryonic,distance_context,NGC6789,4,5.82310406741,26.498402993,-20.6752989256,True,23.2427478857,26.0345976284
newtonian_baryonic,distance_context,NGC6946,58,16.2802441083,42.1499058857,-25.8696617774,True,35.8674904221,27.4399445332
newtonian_baryonic,distance_context,NGC7331,36,29.2936834395,59.3543786695,-30.06069523,True,42.0493850377,38.4832954275
newtonian_baryonic,distance_context,UGC00731,12,7.13546872164,38.1736083113,-31.0381395896,True,37.8665426696,37.3400344752
newtonian_baryonic,distance_context,UGC00891,5,12.1012250399,28.4000636516,-16.2988386117,True,26.1217339267,36.7691047213
newtonian_baryonic,distance_context,UGC02023,5,25.8294438335,15.0271479405,10.802295893,False,12.0958820541,37.0343897706
newtonian_baryonic,distance_context,UGC02259,8,12.8000733755,48.1041295264,-35.3040561509,True,47.8798463951,36.0922224087
newtonian_baryonic,distance_context,UGC03580,47,23.5848657241,36.0120145776,-12.4271488535,True,12.8174954213,25.873902108
newtonian_baryonic,distance_context,UGC04305,22,24.1454160847,6.36156474771,17.783851337,False,4.05072743184,24.9421215844
newtonian_baryonic,distance_context,UGC04499,9,10.7768448874,28.7407927526,-17.9639478652,True,27.2241334296,37.7998282537
newtonian_baryonic,distance_context,UGC05414,6,17.6466448927,19.477028447,-1.83038355423,True,18.0959257897,35.3831739965
newtonian_baryonic,distance_context,UGC05716,12,8.01449308057,38.5957184736,-30.5812253931,True,38.0678555393,43.7537063251
newtonian_baryonic,distance_context,UGC05829,11,10.1193448321,24.7543208398,-14.6349760077,True,24.1408236175,33.3953450905
newtonian_baryonic,distance_context,UGC05986,15,20.1113369643,54.0366776042,-33.9253406399,True,50.873600495,33.0097548622
newtonian_baryonic,distance_context,UGC06818,8,22.8781251651,27.0704307512,-4.19230558605,True,21.9290875843,43.4293450541
newtonian_baryonic,distance_context,UGC06917,11,2.53640784705,46.439925454,-43.903517607,True,45.1730769148,45.0185588012
newtonian_baryonic,distance_context,UGC06983,17,11.6718181884,54.5413109073,-42.8694927189,True,53.5421650246,43.6907604353
newtonian_baryonic,distance_context,UGC07151,11,8.21063235478,27.2224318578,-19.011799503,True,26.1427794035,32.6233059448
newtonian_baryonic,distance_context,UGC07261,7,8.09790852997,33.0508515808,-24.9529430508,True,32.7207960779,38.8185225918
newtonian_baryonic,distance_context,UGC07577,9,22.9615279819,2.44423329363,20.5172946883,False,1.92407658084,23.5003699175
newtonian_baryonic,distance_context,UGC07603,12,5.04723534966,31.4539442918,-26.4067089421,True,29.3792063883,26.9048266245
newtonian_baryonic,distance_context,UGC08699,41,20.4687141822,57.2581386663,-36.7894244841,True,46.9662982501,37.9658223496
newtonian_baryonic,distance_context,UGC11914,65,18.7115772396,53.5297978173,-34.8182205778,True,50.7582505256,35.7987994088
newtonian_baryonic,distance_context,UGC12506,31,56.6213700144,116.023499343,-59.4021293285,True,115.617732667,60.6397595691
newtonian_baryonic,distance_context,UGCA444,36,3.58738140693,14.4713003321,-10.8839189252,True,13.6842624854,15.3343576051
newtonian_baryonic,orientation_quality,CamB,9,29.8033229561,3.35560687969,26.4477160764,False,-0.227752515789,28.4829283018
newtonian_baryonic,orientation_quality,ESO116-G012,15,4.09714924508,46.786425152,-42.689275907,True,42.8740521636,45.9628436217
newtonian_baryonic,orientation_quality,F561-1,6,4.19580821506,9.59341689546,-5.3976086804,True,8.68083990082,10.7535043442
newtonian_baryonic,orientation_quality,F563-1,17,12.5716200059,62.47756059,-49.9059405841,True,59.8247856098,51.8099174524
newtonian_baryonic,orientation_quality,F568-1,12,18.4817654118,69.8628373973,-51.3810719855,True,65.3426375525,51.7208690642
newtonian_baryonic,orientation_quality,IC2574,34,6.48903978621,23.783547469,-17.2945076828,True,21.8418304688,27.7522798629
newtonian_baryonic,orientation_quality,IC4202,32,28.2813390729,69.1216240013,-40.8402849285,True,54.6661524336,46.1294042652
newtonian_baryonic,orientation_quality,NGC0024,29,16.9244882027,47.1812952678,-30.2568070651,True,44.4979109491,29.6070963352
newtonian_baryonic,orientation_quality,NGC2683,11,36.3388721242,63.9946131246,-27.6557410004,True,61.7879113769,26.4396568165
newtonian_baryonic,orientation_quality,NGC3726,12,22.9907584736,50.4040747205,-27.4133162469,True,42.3648234489,29.3967975795
newtonian_baryonic,orientation_quality,NGC3949,7,13.4235403761,28.5172831034,-15.0937427272,True,24.3973134545,33.9071576845
newtonian_baryonic,orientation_quality,NGC3972,10,10.8114281103,44.4595995721,-33.6481714618,True,41.76184645,51.0973460112
newtonian_baryonic,orientation_quality,NGC4013,36,34.3170651699,65.691313498,-31.3742483282,True,61.8974065109,29.8189774551
newtonian_baryonic,orientation_quality,NGC4088,12,37.9476056751,25.3962956653,12.5513100098,False,14.8664006761,50.8025916857
newtonian_baryonic,orientation_quality,NGC4183,23,10.8536274183,48.4108598922,-37.5572324738,True,47.4836115761,47.5481745985
newtonian_baryonic,orientation_quality,NGC4214,14,12.7387445539,43.616238341,-30.8774937871,True,42.0898117044,33.2131283857
newtonian_baryonic,orientation_quality,NGC4389,6,30.3395609454,23.5662955291,6.77326541632,False,-18.9916049389,9.57733886513
newtonian_baryonic,orientation_quality,NGC5907,19,37.4740345979,86.4837787471,-49.0097441492,True,85.6716898748,50.1004481749
newtonian_baryonic,orientation_quality,NGC5985,33,86.9832900917,136.496278741,-49.5129886496,True,136.02084543,50.1735876633
newtonian_baryonic,orientation_quality,NGC6789,4,10.7764645085,26.498402993,-15.7219384845,True,23.2427478857,31.2023122581
newtonian_baryonic,orientation_quality,NGC6946,58,19.3366916103,42.1499058857,-22.8132142754,True,35.8674904221,53.038465971
newtonian_baryonic,orientation_quality,NGC7331,36,25.0536829363,59.3543786695,-34.3006957331,True,42.0493850377,47.8213097025
newtonian_baryonic,orientation_quality,UGC00731,12,19.0213839618,38.1736083113,-19.1522243494,True,37.8665426696,52.5076346106
newtonian_baryonic,orientation_quality,UGC00891,5,6.50004578518,28.4000636516,-21.9000178664,True,26.1217339267,31.7431718143
newtonian_baryonic,orientation_quality,UGC02023,5,23.8985096185,15.0271479405,8.87136167799,False,12.0958820541,34.2700998021
newtonian_baryonic,orientation_quality,UGC02259,8,15.2937333407,48.1041295264,-32.8103961857,True,47.8798463951,32.8997746345
newtonian_baryonic,orientation_quality,UGC03580,47,22.442251633,36.0120145776,-13.5697629446,True,12.8174954213,15.0423441102
newtonian_baryonic,orientation_quality,UGC04305,22,6.64566943412,6.36156474771,0.284104686409,False,4.05072743184,8.60605106363
newtonian_baryonic,orientation_quality,UGC04499,9,27.2201485449,28.7407927526,-1.52064420767,True,27.2241334296,54.0495122323
newtonian_baryonic,orientation_quality,UGC05414,6,37.2294406098,19.477028447,17.7524121629,False,18.0959257897,54.8537491144
newtonian_baryonic,orientation_quality,UGC05716,12,9.02825688929,38.5957184736,-29.5674615843,True,38.0678555393,29.2879008127
newtonian_baryonic,orientation_quality,UGC05829,11,7.90090356666,24.7543208398,-16.8534172731,True,24.1408236175,31.7342299985
newtonian_baryonic,orientation_quality,UGC05986,15,25.6974629304,54.0366776042,-28.3392146739,True,50.873600495,26.0332543293
newtonian_baryonic,orientation_quality,UGC06818,8,10.0684183098,27.0704307512,-17.0020124414,True,21.9290875843,29.1706883685
newtonian_baryonic,orientation_quality,UGC06917,11,10.8872502102,46.439925454,-35.5526752439,True,45.1730769148,55.748473636
newtonian_baryonic,orientation_quality,UGC06983,17,7.07120254163,54.5413109073,-47.4701083656,True,53.5421650246,55.1490033594
newtonian_baryonic,orientation_quality,UGC07151,11,25.608385849,27.2224318578,-1.6140460088,True,26.1427794035,48.8435715399
newtonian_baryonic,orientation_quality,UGC07261,7,3.54742596463,33.0508515808,-29.5034256162,True,32.7207960779,32.7118345624
newtonian_baryonic,orientation_quality,UGC07577,9,29.8537758029,2.44423329363,27.4095425092,False,1.92407658084,30.2845800884
newtonian_baryonic,orientation_quality,UGC07603,12,21.4417532077,31.4539442918,-10.0121910841,True,29.3792063883,49.9662709233
newtonian_baryonic,orientation_quality,UGC08699,41,36.7403594405,57.2581386663,-20.5177792257,True,46.9662982501,17.2715154836
newtonian_baryonic,orientation_quality,UGC11914,65,11.1281060587,53.5297978173,-42.4016917586,True,50.7582505256,49.7377449184
newtonian_baryonic,orientation_quality,UGC12506,31,91.1917953343,116.023499343,-24.8317040086,True,115.617732667,24.9324979698
newtonian_baryonic,orientation_quality,UGCA444,36,15.3324869909,14.4713003321,0.861186658756,False,13.6842624854,26.8408706123
newtonian_baryonic,observer_geometry,CamB,9,18.4673320365,3.35560687969,15.1117251568,False,-0.227752515789,17.454949188
newtonian_baryonic,observer_geometry,ESO116-G012,15,3.08855709678,46.786425152,-43.6978680553,True,42.8740521636,41.7878682933
newtonian_baryonic,observer_geometry,F561-1,6,18.2261253462,9.59341689546,8.63270845069,False,8.68083990082,26.553576653
newtonian_baryonic,observer_geometry,F563-1,17,10.111404406,62.47756059,-52.366156184,True,59.8247856098,60.3118486802
newtonian_baryonic,observer_geometry,F568-1,12,9.85027478832,69.8628373973,-60.0125626089,True,65.3426375525,67.9277011716
newtonian_baryonic,observer_geometry,IC2574,34,5.83772964884,23.783547469,-17.9458178201,True,21.8418304688,16.7464763019
newtonian_baryonic,observer_geometry,IC4202,32,27.2870976484,69.1216240013,-41.8345263529,True,54.6661524336,69.414576384
newtonian_baryonic,observer_geometry,NGC0024,29,20.3318797764,47.1812952678,-26.8494154914,True,44.4979109491,25.8986386937
newtonian_baryonic,observer_geometry,NGC2683,11,36.5878343073,63.9946131246,-27.4067788173,True,61.7879113769,26.1781861096
newtonian_baryonic,observer_geometry,NGC3726,12,18.7337358963,50.4040747205,-31.6703388242,True,42.3648234489,35.0730229108
newtonian_baryonic,observer_geometry,NGC3949,7,18.7003022028,28.5172831034,-9.81698090059,True,24.3973134545,40.8293271574
newtonian_baryonic,observer_geometry,NGC3972,10,15.6491094174,44.4595995721,-28.8104901547,True,41.76184645,55.8732174399
newtonian_baryonic,observer_geometry,NGC4013,36,26.4245222825,65.691313498,-39.2667912155,True,61.8974065109,37.8899520451
newtonian_baryonic,observer_geometry,NGC4088,12,41.4001139342,25.3962956653,16.0038182689,False,14.8664006761,54.4755369544
newtonian_baryonic,observer_geometry,NGC4183,23,13.1130288628,48.4108598922,-35.2978310293,True,47.4836115761,51.2253380775
newtonian_baryonic,observer_geometry,NGC4214,14,28.1194275148,43.616238341,-15.4968108263,True,42.0898117044,16.8336459536
newtonian_baryonic,observer_geometry,NGC4389,6,37.0584637156,23.5662955291,13.4921681865,False,-18.9916049389,16.7987604364
newtonian_baryonic,observer_geometry,NGC5907,19,32.6927898823,86.4837787471,-53.7909888648,True,85.6716898748,55.936413739
newtonian_baryonic,observer_geometry,NGC5985,33,78.6356887526,136.496278741,-57.8605899888,True,136.02084543,59.0326448278
newtonian_baryonic,observer_geometry,NGC6789,4,10.1503329579,26.498402993,-16.3480700351,True,23.2427478857,19.0146201506
newtonian_baryonic,observer_geometry,NGC6946,58,13.5284894744,42.1499058857,-28.6214164113,True,35.8674904221,40.9713639933
newtonian_baryonic,observer_geometry,NGC7331,36,24.0801211311,59.3543786695,-35.2742575384,True,42.0493850377,50.1742273872
newtonian_baryonic,observer_geometry,UGC00731,12,13.9708908618,38.1736083113,-24.2027174495,True,37.8665426696,47.311285755
newtonian_baryonic,observer_geometry,UGC00891,5,6.56596959967,28.4000636516,-21.8340940519,True,26.1217339267,24.5558271507
newtonian_baryonic,observer_geometry,UGC02023,5,15.7990144391,15.0271479405,0.771866498621,False,12.0958820541,22.3620240032
newtonian_baryonic,observer_geometry,UGC02259,8,19.6731938305,48.1041295264,-28.4309356959,True,47.8798463951,28.3363623322
newtonian_baryonic,observer_geometry,UGC03580,47,21.9607209827,36.0120145776,-14.051293595,True,12.8174954213,17.2570304054
newtonian_baryonic,observer_geometry,UGC04305,22,8.47514698408,6.36156474771,2.11358223637,False,4.05072743184,-3.51417211766
newtonian_baryonic,observer_geometry,UGC04499,9,21.6785008122,28.7407927526,-7.06229194034,True,27.2241334296,48.6773656686
newtonian_baryonic,observer_geometry,UGC05414,6,28.5127474425,19.477028447,9.03571899558,False,18.0959257897,46.3023683842
newtonian_baryonic,observer_geometry,UGC05716,12,10.8490820427,38.5957184736,-27.7466364309,True,38.0678555393,27.3113869191
newtonian_baryonic,observer_geometry,UGC05829,11,7.30369330272,24.7543208398,-17.450627537,True,24.1408236175,18.8356106151
newtonian_baryonic,observer_geometry,UGC05986,15,31.8264341968,54.0366776042,-22.2102434074,True,50.873600495,20.1657520899
newtonian_baryonic,observer_geometry,UGC06818,8,14.3837183276,27.0704307512,-12.6867124236,True,21.9290875843,34.8193282518
newtonian_baryonic,observer_geometry,UGC06917,11,14.994425741,46.439925454,-31.4454997131,True,45.1730769148,59.6715557007
newtonian_baryonic,observer_geometry,UGC06983,17,10.5381898631,54.5413109073,-44.0031210441,True,53.5421650246,59.7333503358
newtonian_baryonic,observer_geometry,UGC07151,11,21.5711005623,27.2224318578,-5.65133129557,True,26.1427794035,44.3481519672
newtonian_baryonic,observer_geometry,UGC07261,7,10.4586684421,33.0508515808,-22.5921831387,True,32.7207960779,23.7130168446
newtonian_baryonic,observer_geometry,UGC07577,9,18.5567652745,2.44423329363,16.1125319809,False,1.92407658084,19.2240246336
newtonian_baryonic,observer_geometry,UGC07603,12,6.14592786042,31.4539442918,-25.3080164314,True,29.3792063883,35.4005660691
newtonian_baryonic,observer_geometry,UGC08699,41,32.377610295,57.2581386663,-24.8805283712,True,46.9662982501,21.9047023424
newtonian_baryonic,observer_geometry,UGC11914,65,12.1441862364,53.5297978173,-41.3856115809,True,50.7582505256,46.283828092
newtonian_baryonic,observer_geometry,UGC12506,31,69.2191934777,116.023499343,-46.8043058652,True,115.617732667,48.4043977419
newtonian_baryonic,observer_geometry,UGCA444,36,5.54163052481,14.4713003321,-8.92966980731,True,13.6842624854,8.87672336173
newtonian_baryonic,morphology_proxy,CamB,9,14.1754458781,3.35560687969,10.8198389984,False,-0.227752515789,13.4756482959
newtonian_baryonic,morphology_proxy,ESO116-G012,15,14.3394687094,46.786425152,-32.4469564427,True,42.8740521636,30.4137223811
newtonian_baryonic,morphology_proxy,F561-1,6,19.4962839612,9.59341689546,9.90286706572,False,8.68083990082,27.2849940499
newtonian_baryonic,morphology_proxy,F563-1,17,22.0618521519,62.47756059,-40.4157084382,True,59.8247856098,40.5629420302
newtonian_baryonic,morphology_proxy,F568-1,12,31.6120912007,69.8628373973,-38.2507461966,True,65.3426375525,38.0140463233
newtonian_baryonic,morphology_proxy,IC2574,34,12.3112639959,23.783547469,-11.4722834731,True,21.8418304688,33.5737753166
newtonian_baryonic,morphology_proxy,IC4202,32,26.4089194988,69.1216240013,-42.7127045026,True,54.6661524336,49.1045272586
newtonian_baryonic,morphology_proxy,NGC0024,29,28.1059176233,47.1812952678,-19.0753776445,True,44.4979109491,18.0760841089
newtonian_baryonic,morphology_proxy,NGC2683,11,15.0068267892,63.9946131246,-48.9877863354,True,61.7879113769,51.2678513422
newtonian_baryonic,morphology_proxy,NGC3726,12,17.9441308227,50.4040747205,-32.4599438978,True,42.3648234489,55.5825093101
newtonian_baryonic,morphology_proxy,NGC3949,7,17.4890868269,28.5172831034,-11.0281962765,True,24.3973134545,40.2062410628
newtonian_baryonic,morphology_proxy,NGC3972,10,8.19392672314,44.4595995721,-36.265672849,True,41.76184645,36.5375514585
newtonian_baryonic,morphology_proxy,NGC4013,36,11.0879826662,65.691313498,-54.6033308318,True,61.8974065109,66.2245959569
newtonian_baryonic,morphology_proxy,NGC4088,12,41.8522460327,25.3962956653,16.4559503673,False,14.8664006761,55.5652195353
newtonian_baryonic,morphology_proxy,NGC4183,23,10.5903168228,48.4108598922,-37.8205430693,True,47.4836115761,52.9639437309
newtonian_baryonic,morphology_proxy,NGC4214,14,19.8655534534,43.616238341,-23.7506848876,True,42.0898117044,23.1615678836
newtonian_baryonic,morphology_proxy,NGC4389,6,46.7545469473,23.5662955291,23.1882514183,False,-18.9916049389,27.2626969718
newtonian_baryonic,morphology_proxy,NGC5907,19,25.9372657705,86.4837787471,-60.5465129766,True,85.6716898748,62.7844855461
newtonian_baryonic,morphology_proxy,NGC5985,33,71.0059905726,136.496278741,-65.4902881687,True,136.02084543,66.9741122919
newtonian_baryonic,morphology_proxy,NGC6789,4,22.7761626017,26.498402993,-3.72224039131,True,23.2427478857,2.63922082741
newtonian_baryonic,morphology_proxy,NGC6946,58,13.1342189698,42.1499058857,-29.0156869159,True,35.8674904221,48.0458680764
newtonian_baryonic,morphology_proxy,NGC7331,36,33.0708521687,59.3543786695,-26.2835265008,True,42.0493850377,68.407760145
newtonian_baryonic,morphology_proxy,UGC00731,12,8.15360219568,38.1736083113,-30.0200061156,True,37.8665426696,34.8355829455
newtonian_baryonic,morphology_proxy,UGC00891,5,7.38796258913,28.4000636516,-21.0121010625,True,26.1217339267,26.0591484242
newtonian_baryonic,morphology_proxy,UGC02023,5,7.40498077738,15.0271479405,-7.6221671631,True,12.0958820541,11.8358610378
newtonian_baryonic,morphology_proxy,UGC02259,8,19.5752949442,48.1041295264,-28.5288345823,True,47.8798463951,28.9064452861
newtonian_baryonic,morphology_proxy,UGC03580,47,24.3865631762,36.0120145776,-11.6254514014,True,12.8174954213,33.7660059816
newtonian_baryonic,morphology_proxy,UGC04305,22,22.7135809603,6.36156474771,16.3520162126,False,4.05072743184,23.9332860802
newtonian_baryonic,morphology_proxy,UGC04499,9,6.06766260394,28.7407927526,-22.6731301487,True,27.2241334296,32.497171638
newtonian_baryonic,morphology_proxy,UGC05414,6,3.77389867285,19.477028447,-15.7031297741,True,18.0959257897,16.1997987035
newtonian_baryonic,morphology_proxy,UGC05716,12,7.9867387185,38.5957184736,-30.6089797551,True,38.0678555393,39.6932924354
newtonian_baryonic,morphology_proxy,UGC05829,11,2.73720456854,24.7543208398,-22.0171162712,True,24.1408236175,22.6665254264
newtonian_baryonic,morphology_proxy,UGC05986,15,21.8256287954,54.0366776042,-32.2110488088,True,50.873600495,31.2014810861
newtonian_baryonic,morphology_proxy,UGC06818,8,11.3610112446,27.0704307512,-15.7094195066,True,21.9290875843,29.8037713452
newtonian_baryonic,morphology_proxy,UGC06917,11,11.1416196062,46.439925454,-35.2983058478,True,45.1730769148,34.9163978768
newtonian_baryonic,morphology_proxy,UGC06983,17,7.42146965386,54.5413109073,-47.1198412534,True,53.5421650246,51.9382237356
newtonian_baryonic,morphology_proxy,UGC07151,11,7.46880711273,27.2224318578,-19.7536247451,True,26.1427794035,31.7825608745
newtonian_baryonic,morphology_proxy,UGC07261,7,8.07536327959,33.0508515808,-24.9754883012,True,32.7207960779,25.4337557816
newtonian_baryonic,morphology_proxy,UGC07577,9,12.5316616448,2.44423329363,10.0874283512,False,1.92407658084,13.6867490682
newtonian_baryonic,morphology_proxy,UGC07603,12,3.9594345377,31.4539442918,-27.4945097541,True,29.3792063883,28.8462024441
newtonian_baryonic,morphology_proxy,UGC08699,41,16.640618545,57.2581386663,-40.6175201213,True,46.9662982501,36.8038620235
newtonian_baryonic,morphology_proxy,UGC11914,65,34.2100697153,53.5297978173,-19.319728102,True,50.7582505256,18.5142495305
newtonian_baryonic,morphology_proxy,UGC12506,31,38.8796461831,116.023499343,-77.1438531598,True,115.617732667,79.6000610082
newtonian_baryonic,morphology_proxy,UGCA444,36,8.11241835895,14.4713003321,-6.35888197317,True,13.6842624854,20.7811379819
newtonian_baryonic,morphology_plus_distance,CamB,9,14.0351908439,3.35560687969,10.6795839642,False,-0.227752515789,13.3006108073
newtonian_baryonic,morphology_plus_distance,ESO116-G012,15,13.2045094525,46.786425152,-33.5819156996,True,42.8740521636,31.7598461037
newtonian_baryonic,morphology_plus_distance,F561-1,6,18.7036446843,9.59341689546,9.11022778886,False,8.68083990082,26.4938910274
newtonian_baryonic,morphology_plus_distance,F563-1,17,22.5092554378,62.47756059,-39.9683051522,True,59.8247856098,39.9791850923
newtonian_baryonic,morphology_plus_distance,F568-1,12,32.0771064832,69.8628373973,-37.7857309141,True,65.3426375525,37.28535004
newtonian_baryonic,morphology_plus_distance,IC2574,34,11.0663301814,23.783547469,-12.7172172876,True,21.8418304688,32.3705623177
newtonian_baryonic,morphology_plus_distance,IC4202,32,26.2202642993,69.1216240013,-42.901359702,True,54.6661524336,49.2402215732
newtonian_baryonic,morphology_plus_distance,NGC0024,29,29.168054019,47.1812952678,-18.0132412488,True,44.4979109491,16.9500939241
newtonian_baryonic,morphology_plus_distance,NGC2683,11,15.6639787816,63.9946131246,-48.3306343429,True,61.7879113769,50.4439786164
newtonian_baryonic,morphology_plus_distance,NGC3726,12,17.820037798,50.4040747205,-32.5840369225,True,42.3648234489,55.4507690673
newtonian_baryonic,morphology_plus_distance,NGC3949,7,16.8854853801,28.5172831034,-11.6317977232,True,24.3973134545,39.4882050559
newtonian_baryonic,morphology_plus_distance,NGC3972,10,8.01062161543,44.4595995721,-36.4489779567,True,41.76184645,36.7484123307
newtonian_baryonic,morphology_plus_distance,NGC4013,36,11.0455152491,65.691313498,-54.6457982489,True,61.8974065109,66.3645416227
newtonian_baryonic,morphology_plus_distance,NGC4088,12,41.7507420392,25.3962956653,16.3544463739,False,14.8664006761,55.4529206666
newtonian_baryonic,morphology_plus_distance,NGC4183,23,10.6622082023,48.4108598922,-37.7486516899,True,47.4836115761,53.0756129809
newtonian_baryonic,morphology_plus_distance,NGC4214,14,21.5915957625,43.616238341,-22.0246425786,True,42.0898117044,21.3441459612
newtonian_baryonic,morphology_plus_distance,NGC4389,6,46.3737069222,23.5662955291,22.8074113931,False,-18.9916049389,26.8568838044
newtonian_baryonic,morphology_plus_distance,NGC5907,19,25.5441316529,86.4837787471,-60.9396470942,True,85.6716898748,63.3090888514
newtonian_baryonic,morphology_plus_distance,NGC5985,33,70.3537582781,136.496278741,-66.1425204632,True,136.02084543,67.6263098278
newtonian_baryonic,morphology_plus_distance,NGC6789,4,23.4647630281,26.498402993,-3.03363996492,True,23.2427478857,1.68467308641
newtonian_baryonic,morphology_plus_distance,NGC6946,58,13.0960120866,42.1499058857,-29.0538937991,True,35.8674904221,48.0228398238
newtonian_baryonic,morphology_plus_distance,NGC7331,36,32.4598548627,59.3543786695,-26.8945238068,True,42.0493850377,67.7340604493
newtonian_baryonic,morphology_plus_distance,UGC00731,12,7.53252674148,38.1736083113,-30.6410815698,True,37.8665426696,36.0533114195
newtonian_baryonic,morphology_plus_distance,UGC00891,5,7.84160616257,28.4000636516,-20.558457489,True,26.1217339267,26.7283137768
newtonian_baryonic,morphology_plus_distance,UGC02023,5,7.88979015349,15.0271479405,-7.13735778699,True,12.0958820541,11.5538076085
newtonian_baryonic,morphology_plus_distance,UGC02259,8,18.2080224348,48.1041295264,-29.8961070916,True,47.8798463951,30.2873289217
newtonian_baryonic,morphology_plus_distance,UGC03580,47,24.7910278064,36.0120145776,-11.2209867712,True,12.8174954213,34.2594474076
newtonian_baryonic,morphology_plus_distance,UGC04305,22,21.9588568089,6.36156474771,15.5972920612,False,4.05072743184,22.9063932402
newtonian_baryonic,morphology_plus_distance,UGC04499,9,7.15693592136,28.7407927526,-21.5838568312,True,27.2241334296,33.7859555241
newtonian_baryonic,morphology_plus_distance,UGC05414,6,3.96563568506,19.477028447,-15.5113927619,True,18.0959257897,16.7180881324
newtonian_baryonic,morphology_plus_distance,UGC05716,12,8.18331633132,38.5957184736,-30.4124021423,True,38.0678555393,40.6274034744
newtonian_baryonic,morphology_plus_distance,UGC05829,11,2.44772446977,24.7543208398,-22.30659637,True,24.1408236175,23.1111405458
newtonian_baryonic,morphology_plus_distance,UGC05986,15,21.0321142373,54.0366776042,-33.0045633669,True,50.873600495,32.10218011
newtonian_baryonic,morphology_plus_distance,UGC06818,8,11.6323990938,27.0704307512,-15.4380316574,True,21.9290875843,30.1653395117
newtonian_baryonic,morphology_plus_distance,UGC06917,11,10.984570222,46.439925454,-35.4553552321,True,45.1730769148,35.0555785409
newtonian_baryonic,morphology_plus_distance,UGC06983,17,7.41836489414,54.5413109073,-47.1229460131,True,53.5421650246,51.9813681963
newtonian_baryonic,morphology_plus_distance,UGC07151,11,7.0967807729,27.2224318578,-20.1256510849,True,26.1427794035,31.0687417082
newtonian_baryonic,morphology_plus_distance,UGC07261,7,8.31712417179,33.0508515808,-24.733727409,True,32.7207960779,25.2342930364
newtonian_baryonic,morphology_plus_distance,UGC07577,9,11.9195478857,2.44423329363,9.4753145921,False,1.92407658084,13.0462211001
newtonian_baryonic,morphology_plus_distance,UGC07603,12,3.92544857787,31.4539442918,-27.5284957139,True,29.3792063883,30.2286684116
newtonian_baryonic,morphology_plus_distance,UGC08699,41,15.9274292465,57.2581386663,-41.3307094198,True,46.9662982501,37.7652785291
newtonian_baryonic,morphology_plus_distance,UGC11914,65,33.1910207718,53.5297978173,-20.3387770455,True,50.7582505256,19.6265827821
newtonian_baryonic,morphology_plus_distance,UGC12506,31,39.1667145117,116.023499343,-76.8567848312,True,115.617732667,79.3752077606
newtonian_baryonic,morphology_plus_distance,UGCA444,36,7.34711757657,14.4713003321,-7.12418275555,True,13.6842624854,19.9828368959
newtonian_baryonic,morphology_plus_orientation,CamB,9,14.0048748477,3.35560687969,10.649267968,False,-0.227752515789,12.8937718679
newtonian_baryonic,morphology_plus_orientation,ESO116-G012,15,11.8186609653,46.786425152,-34.9677641867,True,42.8740521636,32.4282887699
newtonian_baryonic,morphology_plus_orientation,F561-1,6,11.2077221962,9.59341689546,1.61430530077,False,8.68083990082,19.3646486999
newtonian_baryonic,morphology_plus_orientation,F563-1,17,18.7706433317,62.47756059,-43.7069172584,True,59.8247856098,44.5200435361
newtonian_baryonic,morphology_plus_orientation,F568-1,12,28.4938305008,69.8628373973,-41.3690068965,True,65.3426375525,41.9215582185
newtonian_baryonic,morphology_plus_orientation,IC2574,34,7.65516023513,23.783547469,-16.1283872339,True,21.8418304688,28.5435496168
newtonian_baryonic,morphology_plus_orientation,IC4202,32,25.7490324262,69.1216240013,-43.3725915751,True,54.6661524336,50.0639982876
newtonian_baryonic,morphology_plus_orientation,NGC0024,29,26.2097681723,47.1812952678,-20.9715270955,True,44.4979109491,20.025207879
newtonian_baryonic,morphology_plus_orientation,NGC2683,11,17.8357253978,63.9946131246,-46.1588877267,True,61.7879113769,47.5920139124
newtonian_baryonic,morphology_plus_orientation,NGC3726,12,14.837432104,50.4040747205,-35.5666426165,True,42.3648234489,47.8741467433
newtonian_baryonic,morphology_plus_orientation,NGC3949,7,12.0902753189,28.5172831034,-16.4270077844,True,24.3973134545,33.2960992815
newtonian_baryonic,morphology_plus_orientation,NGC3972,10,6.90351410627,44.4595995721,-37.5560854659,True,41.76184645,37.7816523679
newtonian_baryonic,morphology_plus_orientation,NGC4013,36,10.5599375633,65.691313498,-55.1313759347,True,61.8974065109,58.1101904696
newtonian_baryonic,morphology_plus_orientation,NGC4088,12,43.2491200888,25.3962956653,17.8528244235,False,14.8664006761,57.0148769763
newtonian_baryonic,morphology_plus_orientation,NGC4183,23,10.7627331338,48.4108598922,-37.6481267584,True,47.4836115761,51.5388802515
newtonian_baryonic,morphology_plus_orientation,NGC4214,14,13.9073895133,43.616238341,-29.7088488277,True,42.0898117044,29.3732099035
newtonian_baryonic,morphology_plus_orientation,NGC4389,6,34.6219081079,23.5662955291,11.0556125789,False,-18.9916049389,14.5558597997
newtonian_baryonic,morphology_plus_orientation,NGC5907,19,22.8546367724,86.4837787471,-63.6291419747,True,85.6716898748,67.1668538933
newtonian_baryonic,morphology_plus_orientation,NGC5985,33,71.2420368637,136.496278741,-65.2542418776,True,136.02084543,66.8133341235
newtonian_baryonic,morphology_plus_orientation,NGC6789,4,17.9194487111,26.498402993,-8.5789542819,True,23.2427478857,7.36004714666
newtonian_baryonic,morphology_plus_orientation,NGC6946,58,18.1899685328,42.1499058857,-23.9599373529,True,35.8674904221,53.3775934956
newtonian_baryonic,morphology_plus_orientation,NGC7331,36,31.8893102163,59.3543786695,-27.4650684531,True,42.0493850377,67.7111983876
newtonian_baryonic,morphology_plus_orientation,UGC00731,12,7.77837821366,38.1736083113,-30.3952300976,True,37.8665426696,36.1513084346
newtonian_baryonic,morphology_plus_orientation,UGC00891,5,9.00726271357,28.4000636516,-19.392800938,True,26.1217339267,20.8833454725
newtonian_baryonic,morphology_plus_orientation,UGC02023,5,8.53890317919,15.0271479405,-6.48824476128,True,12.0958820541,16.0753910304
newtonian_baryonic,morphology_plus_orientation,UGC02259,8,24.0135131064,48.1041295264,-24.0906164201,True,47.8798463951,24.204248182
newtonian_baryonic,morphology_plus_orientation,UGC03580,47,19.4106637127,36.0120145776,-16.6013508649,True,12.8174954213,26.7294675454
newtonian_baryonic,morphology_plus_orientation,UGC04305,22,15.7383780722,6.36156474771,9.37681332445,False,4.05072743184,17.0136603193
newtonian_baryonic,morphology_plus_orientation,UGC04499,9,9.73266323768,28.7407927526,-19.0081295149,True,27.2241334296,36.5121306462
newtonian_baryonic,morphology_plus_orientation,UGC05414,6,4.36195235594,19.477028447,-15.115076091,True,18.0959257897,22.2260406995
newtonian_baryonic,morphology_plus_orientation,UGC05716,12,6.7534362346,38.5957184736,-31.842282239,True,38.0678555393,37.7460722182
newtonian_baryonic,morphology_plus_orientation,UGC05829,11,2.4261328289,24.7543208398,-22.3281880109,True,24.1408236175,22.8789184406
newtonian_baryonic,morphology_plus_orientation,UGC05986,15,27.933662348,54.0366776042,-26.1030152562,True,50.873600495,24.1054863407
newtonian_baryonic,morphology_plus_orientation,UGC06818,8,8.33755044627,27.0704307512,-18.7328803049,True,21.9290875843,24.6275373538
newtonian_baryonic,morphology_plus_orientation,UGC06917,11,7.2091002513,46.439925454,-39.2308252027,True,45.1730769148,39.0277657988
newtonian_baryonic,morphology_plus_orientation,UGC06983,17,6.53518213784,54.5413109073,-48.0061287694,True,53.5421650246,52.4732005261
newtonian_baryonic,morphology_plus_orientation,UGC07151,11,10.7029454228,27.2224318578,-16.519486435,True,26.1427794035,33.9759095155
newtonian_baryonic,morphology_plus_orientation,UGC07261,7,7.68987254415,33.0508515808,-25.3609790367,True,32.7207960779,26.2620587636
newtonian_baryonic,morphology_plus_orientation,UGC07577,9,9.30560668643,2.44423329363,6.8613733928,False,1.92407658084,10.2863564912
newtonian_baryonic,morphology_plus_orientation,UGC07603,12,4.52585836417,31.4539442918,-26.9280859276,True,29.3792063883,31.5834170692
newtonian_baryonic,morphology_plus_orientation,UGC08699,41,19.1331060076,57.2581386663,-38.1250326587,True,46.9662982501,32.9461270406
newtonian_baryonic,morphology_plus_orientation,UGC11914,65,25.0051384947,53.5297978173,-28.5246593226,True,50.7582505256,28.5742710504
newtonian_baryonic,morphology_plus_orientation,UGC12506,31,48.5378645718,116.023499343,-67.485634771,True,115.617732667,69.4301868883
newtonian_baryonic,morphology_plus_orientation,UGCA444,36,3.98106860027,14.4713003321,-10.4902317318,True,13.6842624854,14.4928289012
newtonian_baryonic,combined,CamB,9,14.0095898199,3.35560687969,10.6539829402,False,-0.227752515789,12.8797410881
newtonian_baryonic,combined,ESO116-G012,15,12.1056537495,46.786425152,-34.6807714025,True,42.8740521636,32.2673617342
newtonian_baryonic,combined,F561-1,6,11.1459240276,9.59341689546,1.55250713214,False,8.68083990082,19.2403812825
newtonian_baryonic,combined,F563-1,17,18.7626953727,62.47756059,-43.7148652174,True,59.8247856098,44.412698338
newtonian_baryonic,combined,F568-1,12,28.4599311111,69.8628373973,-41.4029062861,True,65.3426375525,41.605184584
newtonian_baryonic,combined,IC2574,34,8.06639836791,23.783547469,-15.7171491011,True,21.8418304688,29.1724661451
newtonian_baryonic,combined,IC4202,32,25.621248786,69.1216240013,-43.5003752153,True,54.6661524336,49.7482181224
newtonian_baryonic,combined,NGC0024,29,26.4375739044,47.1812952678,-20.7437213634,True,44.4979109491,19.8115146121
newtonian_baryonic,combined,NGC2683,11,17.7526492166,63.9946131246,-46.2419639079,True,61.7879113769,47.8629500356
newtonian_baryonic,combined,NGC3726,12,14.795664595,50.4040747205,-35.6084101255,True,42.3648234489,47.9011748056
newtonian_baryonic,combined,NGC3949,7,12.1078530934,28.5172831034,-16.4094300099,True,24.3973134545,33.3076843767
newtonian_baryonic,combined,NGC3972,10,6.9696605263,44.4595995721,-37.4899390458,True,41.76184645,37.5798916222
newtonian_baryonic,combined,NGC4013,36,10.6173300539,65.691313498,-55.0739834441,True,61.8974065109,58.1476422878
newtonian_baryonic,combined,NGC4088,12,43.2875842709,25.3962956653,17.8912886056,False,14.8664006761,57.0526303809
newtonian_baryonic,combined,NGC4183,23,10.842703223,48.4108598922,-37.5681566692,True,47.4836115761,51.4641142304
newtonian_baryonic,combined,NGC4214,14,13.3852528168,43.616238341,-30.2309855242,True,42.0898117044,29.9278934723
newtonian_baryonic,combined,NGC4389,6,34.3936505402,23.5662955291,10.8273550111,False,-18.9916049389,14.3022031173
newtonian_baryonic,combined,NGC5907,19,22.9078503649,86.4837787471,-63.5759283822,True,85.6716898748,67.2184076507
newtonian_baryonic,combined,NGC5985,33,71.0367338806,136.496278741,-65.4595448607,True,136.02084543,66.9599635978
newtonian_baryonic,combined,NGC6789,4,17.4734763043,26.498402993,-9.02492668874,True,23.2427478857,7.57770568983
newtonian_baryonic,combined,NGC6946,58,18.510492407,42.1499058857,-23.6394134786,True,35.8674904221,53.7103425221
newtonian_baryonic,combined,NGC7331,36,31.9572940146,59.3543786695,-27.3970846549,True,42.0493850377,67.9271809756
newtonian_baryonic,combined,UGC00731,12,7.27191520321,38.1736083113,-30.9016931081,True,37.8665426696,35.9989928192
newtonian_baryonic,combined,UGC00891,5,9.95356874415,28.4000636516,-18.4464949075,True,26.1217339267,20.4986055009
newtonian_baryonic,combined,UGC02023,5,9.276824678,15.0271479405,-5.75032326247,True,12.0958820541,16.1174548896
newtonian_baryonic,combined,UGC02259,8,24.3953159691,48.1041295264,-23.7088135574,True,47.8798463951,23.8126601527
newtonian_baryonic,combined,UGC03580,47,19.4620623925,36.0120145776,-16.5499521851,True,12.8174954213,26.753413265
newtonian_baryonic,combined,UGC04305,22,16.2491111681,6.36156474771,9.88754642037,False,4.05072743184,17.4379850032
newtonian_baryonic,combined,UGC04499,9,9.37886243068,28.7407927526,-19.3619303219,True,27.2241334296,36.1895987745
newtonian_baryonic,combined,UGC05414,6,4.48765225099,19.477028447,-14.989376196,True,18.0959257897,22.0425669364
newtonian_baryonic,combined,UGC05716,12,6.80098563372,38.5957184736,-31.7947328399,True,38.0678555393,37.5074002264
newtonian_baryonic,combined,UGC05829,11,2.65844063927,24.7543208398,-22.0958802005,True,24.1408236175,23.1250002752
newtonian_baryonic,combined,UGC05986,15,28.0229598141,54.0366776042,-26.0137177901,True,50.873600495,24.1489965011
newtonian_baryonic,combined,UGC06818,8,8.22761093053,27.0704307512,-18.8428198207,True,21.9290875843,24.4081474363
newtonian_baryonic,combined,UGC06917,11,7.17779301992,46.439925454,-39.2621324341,True,45.1730769148,39.0304127908
newtonian_baryonic,combined,UGC06983,17,6.6025218453,54.5413109073,-47.938789062,True,53.5421650246,52.3886746454
newtonian_baryonic,combined,UGC07151,11,11.1045582439,27.2224318578,-16.1178736139,True,26.1427794035,34.107821861
newtonian_baryonic,combined,UGC07261,7,7.68047210916,33.0508515808,-25.3703794716,True,32.7207960779,26.3873602169
newtonian_baryonic,combined,UGC07577,9,9.70805273743,2.44423329363,7.2638194438,False,1.92407658084,10.7689812028
newtonian_baryonic,combined,UGC07603,12,4.10212338495,31.4539442918,-27.3518209068,True,29.3792063883,31.3643325899
newtonian_baryonic,combined,UGC08699,41,19.0826216795,57.2581386663,-38.1755169867,True,46.9662982501,32.9356412076
newtonian_baryonic,combined,UGC11914,65,24.7943026843,53.5297978173,-28.735495133,True,50.7582505256,28.7667616988
newtonian_baryonic,combined,UGC12506,31,48.8516699599,116.023499343,-67.171829383,True,115.617732667,69.2487002582
newtonian_baryonic,combined,UGCA444,36,3.9610780873,14.4713003321,-10.5102222448,True,13.6842624854,14.757507344
tpg_v6,radial_only,CamB,9,13.6214510738,13.6377985957,-0.0163475218575,True,-13.2418658023,-0.223998323699
tpg_v6,radial_only,ESO116-G012,15,11.7840891153,11.5082029303,0.275886184964,False,8.87952692186,-0.435051534968
tpg_v6,radial_only,F561-1,6,27.9457141115,28.5568532705,-0.611139158943,True,-26.7637819501,-0.370794002956
tpg_v6,radial_only,F563-1,17,24.9415047012,24.6958355372,0.245669163941,False,22.3185310512,-0.456743917115
tpg_v6,radial_only,F568-1,12,33.46009814,33.5006140686,-0.0405159286001,True,29.9703704751,-0.315867868639
tpg_v6,radial_only,IC2574,34,7.35131769018,7.51381535273,-0.162497662546,True,-7.15667276913,-0.258271063051
tpg_v6,radial_only,IC4202,32,25.6039773667,26.1015205478,-0.497543181121,True,-0.706052752064,-0.26815334016
tpg_v6,radial_only,NGC0024,29,22.8342009498,22.157815809,0.676385140799,False,20.7077240761,-0.857347441839
tpg_v6,radial_only,NGC2683,11,10.2469514941,10.3148338015,-0.067882307362,True,-2.67853136561,-0.343842611554
tpg_v6,radial_only,NGC3726,12,23.745947226,23.6318835458,0.114063680201,False,-20.1611593887,-0.300012073566
tpg_v6,radial_only,NGC3949,7,9.40819253208,8.95016069924,0.458031832843,False,-6.20297979819,-0.26697325116
tpg_v6,radial_only,NGC3972,10,8.03572448138,7.80642900871,0.229295472666,False,4.90266552035,-0.350389368533
tpg_v6,radial_only,NGC4013,36,12.7618479003,12.2739171285,0.487930771791,False,-6.97616353042,-0.176998113103
tpg_v6,radial_only,NGC4088,12,38.826930767,38.9877521654,-0.160821398441,True,-37.9842882984,-0.311685553412
tpg_v6,radial_only,NGC4183,23,6.72814099318,6.48969426934,0.238446723835,False,-1.52554613124,-0.3160423378
tpg_v6,radial_only,NGC4214,14,18.5593679366,17.9910481996,0.56831973709,False,16.8681451896,-0.410193922958
tpg_v6,radial_only,NGC4389,6,46.3035015028,46.5569334229,-0.25343192012,True,-46.0327739203,-0.387621885451
tpg_v6,radial_only,NGC5907,19,16.977018398,16.7855176815,0.191500716425,False,1.0070374364,-0.271376160124
tpg_v6,radial_only,NGC5985,33,72.2568627701,72.2874390249,-0.0305762547781,True,69.7525616926,0.013931055032
tpg_v6,radial_only,NGC6789,4,16.7899169517,15.8977525955,0.89216435621,False,12.7946475519,-0.569817857004
tpg_v6,radial_only,NGC6946,58,14.5835223954,15.0254522605,-0.441929865089,True,-14.0116889221,-0.358088256802
tpg_v6,radial_only,NGC7331,36,25.2761372009,25.4850844858,-0.20894728493,True,-22.2055987233,-0.331500819791
tpg_v6,radial_only,UGC00731,12,12.6204929198,12.8454534006,-0.224960480829,True,7.29233851778,-0.346358580517
tpg_v6,radial_only,UGC00891,5,6.56992707557,5.95836567994,0.611561395626,False,-1.91641142544,-0.391336315963
tpg_v6,radial_only,UGC02023,5,12.1965210731,12.1980491175,-0.00152804441989,True,-11.440544031,-0.386717882213
tpg_v6,radial_only,UGC02259,8,16.7480383152,16.435141679,0.312896636184,False,15.9374323513,-0.354790604228
tpg_v6,radial_only,UGC03580,47,24.5079021645,25.4945286949,-0.986626530449,True,-19.6320982337,-0.941654358015
tpg_v6,radial_only,UGC04305,22,23.583402657,23.9996223509,-0.416219693875,True,-21.4039003359,-0.344886027024
tpg_v6,radial_only,UGC04499,9,5.4483175089,6.0406344423,-0.592316933405,True,-5.16176272356,-0.35161140813
tpg_v6,radial_only,UGC05414,6,6.244944531,6.40081279579,-0.155868264782,True,-6.29582130109,-0.369218137148
tpg_v6,radial_only,UGC05716,12,5.9126832402,5.84486903462,0.0678142055818,False,4.87708085122,-0.350608745176
tpg_v6,radial_only,UGC05829,11,5.68789668638,6.22267810021,-0.534781413835,True,-1.8253369702,-0.347223038881
tpg_v6,radial_only,UGC05986,15,17.7388781257,17.5321618365,0.206716289217,False,15.2335372283,-0.34531087901
tpg_v6,radial_only,UGC06818,8,12.6392699045,12.3861210327,0.253148871798,False,-7.55079363408,-0.356981682818
tpg_v6,radial_only,UGC06917,11,6.44703867703,6.43093708706,0.0161015899659,False,5.08032417691,-0.259461387531
tpg_v6,radial_only,UGC06983,17,10.8889135135,11.0368401084,-0.147926594844,True,8.6785003139,-0.270492297572
tpg_v6,radial_only,UGC07151,11,3.57306171023,4.3119125305,-0.738850820265,True,-1.99621810041,-0.346182319154
tpg_v6,radial_only,UGC07261,7,4.46087023834,4.29683944647,0.164030791873,False,2.22277324277,-0.360707071654
tpg_v6,radial_only,UGC07577,9,10.3220243472,10.601722012,-0.279697664736,True,-9.8074462849,-0.352892849762
tpg_v6,radial_only,UGC07603,12,9.66136696726,9.31889760832,0.342469358942,False,7.23571635123,-0.345501807858
tpg_v6,radial_only,UGC08699,41,15.0384011049,15.1843135072,-0.145912402296,True,7.34006510817,-0.432029729886
tpg_v6,radial_only,UGC11914,65,33.8921691942,33.8201701956,0.0719989986375,False,32.1487619343,-0.109987509073
tpg_v6,radial_only,UGC12506,31,40.9965241306,40.6978590198,0.298665110788,False,35.56992478,-0.376273408207
tpg_v6,radial_only,UGCA444,36,3.57980148228,3.05800947389,0.521792008386,False,-1.54785735698,-0.310947457478
tpg_v6,distance_context,CamB,9,13.342405839,13.6377985957,-0.295392756649,True,-13.2418658023,-0.306257642012
tpg_v6,distance_context,ESO116-G012,15,11.987655394,11.5082029303,0.479452463644,False,8.87952692186,-0.436529693126
tpg_v6,distance_context,F561-1,6,27.8260941092,28.5568532705,-0.730759161209,True,-26.7637819501,-0.662082807867
tpg_v6,distance_context,F563-1,17,25.1731512106,24.6958355372,0.4773156734,False,22.3185310512,-0.527328093321
tpg_v6,distance_context,F568-1,12,34.0075108576,33.5006140686,0.506896788982,False,29.9703704751,-0.539100986374
tpg_v6,distance_context,IC2574,34,7.2131886873,7.51381535273,-0.300626665425,True,-7.15667276913,-0.325429679766
tpg_v6,distance_context,IC4202,32,26.1663966107,26.1015205478,0.0648760628353,False,-0.706052752064,-0.596027949659
tpg_v6,distance_context,NGC0024,29,22.3941423716,22.157815809,0.236326562655,False,20.7077240761,-0.238963192618
tpg_v6,distance_context,NGC2683,11,10.1273851244,10.3148338015,-0.187448677135,True,-2.67853136561,-0.39998067988
tpg_v6,distance_context,NGC3726,12,23.3603111346,23.6318835458,-0.271572411243,True,-20.1611593887,-0.444377391709
tpg_v6,distance_context,NGC3949,7,8.72308408027,8.95016069924,-0.22707661897,True,-6.20297979819,-0.540072982798
tpg_v6,distance_context,NGC3972,10,8.21130532534,7.80642900871,0.404876316631,False,4.90266552035,-0.492434744677
tpg_v6,distance_context,NGC4013,36,12.1280349068,12.2739171285,-0.145882221691,True,-6.97616353042,-0.510160927323
tpg_v6,distance_context,NGC4088,12,38.5300717208,38.9877521654,-0.457680444631,True,-37.9842882984,-0.474417205493
tpg_v6,distance_context,NGC4183,23,6.28422752611,6.48969426934,-0.205466743229,True,-1.52554613124,-0.455791090663
tpg_v6,distance_context,NGC4214,14,18.3005588346,17.9910481996,0.309510635082,False,16.8681451896,-0.296791122676
tpg_v6,distance_context,NGC4389,6,46.0706797645,46.5569334229,-0.486253658377,True,-46.0327739203,-0.522133994
tpg_v6,distance_context,NGC5907,19,16.7057469497,16.7855176815,-0.0797707318104,True,1.0070374364,-0.46536198643
tpg_v6,distance_context,NGC5985,33,72.7031416358,72.2874390249,0.415702610951,False,69.7525616926,-0.481896904253
tpg_v6,distance_context,NGC6789,4,16.2733793897,15.8977525955,0.375626794157,False,12.7946475519,-0.344343035665
tpg_v6,distance_context,NGC6946,58,14.6626492262,15.0254522605,-0.362803034215,True,-14.0116889221,-0.378106357499
tpg_v6,distance_context,NGC7331,36,25.2095802099,25.4850844858,-0.275504275887,True,-22.2055987233,-0.426814497239
tpg_v6,distance_context,UGC00731,12,12.9075224237,12.8454534006,0.0620690231144,False,7.29233851778,-0.482947149087
tpg_v6,distance_context,UGC00891,5,6.09370114823,5.95836567994,0.135335468286,False,-1.91641142544,-0.522237252406
tpg_v6,distance_context,UGC02023,5,11.7903877114,12.1980491175,-0.407661406128,True,-11.440544031,-0.521415922437
tpg_v6,distance_context,UGC02259,8,16.8559339838,16.435141679,0.420792304785,False,15.9374323513,-0.485306350332
tpg_v6,distance_context,UGC03580,47,25.3804045544,25.4945286949,-0.114124140493,True,-19.6320982337,-0.272581587965
tpg_v6,distance_context,UGC04305,22,23.6677487829,23.9996223509,-0.331873567919,True,-21.4039003359,-0.309892221188
tpg_v6,distance_context,UGC04499,9,5.58996484668,6.0406344423,-0.450669595619,True,-5.16176272356,-0.496590339617
tpg_v6,distance_context,UGC05414,6,5.96279966232,6.40081279579,-0.438013133466,True,-6.29582130109,-0.494555288499
tpg_v6,distance_context,UGC05716,12,6.16900628612,5.84486903462,0.3241372515,False,4.87708085122,-0.525223681259
tpg_v6,distance_context,UGC05829,11,5.86704451286,6.22267810021,-0.35563358735,True,-1.8253369702,-0.452069137346
tpg_v6,distance_context,UGC05986,15,18.0003201371,17.5321618365,0.468158300635,False,15.2335372283,-0.441207957364
tpg_v6,distance_context,UGC06818,8,12.2580052986,12.3861210327,-0.128115734073,True,-7.55079363408,-0.502737293834
tpg_v6,distance_context,UGC06917,11,6.85078371855,6.43093708706,0.419846631488,False,5.08032417691,-0.512309760745
tpg_v6,distance_context,UGC06983,17,11.3539351814,11.0368401084,0.317095072974,False,8.6785003139,-0.492134093622
tpg_v6,distance_context,UGC07151,11,4.05947567036,4.3119125305,-0.252436860136,True,-1.99621810041,-0.378986722326
tpg_v6,distance_context,UGC07261,7,4.42332618779,4.29683944647,0.126486741324,False,2.22277324277,-0.516311962122
tpg_v6,distance_context,UGC07577,9,10.2872190173,10.601722012,-0.314502994693,True,-9.8074462849,-0.303916499421
tpg_v6,distance_context,UGC07603,12,9.75234353616,9.31889760832,0.433445927837,False,7.23571635123,-0.393949082005
tpg_v6,distance_context,UGC08699,41,15.4467953367,15.1843135072,0.262481829515,False,7.34006510817,-0.352589076927
tpg_v6,distance_context,UGC11914,65,34.1655247284,33.8201701956,0.345354532794,False,32.1487619343,-0.343751936445
tpg_v6,distance_context,UGC12506,31,41.1032657609,40.6978590198,0.405406741127,False,35.56992478,-0.616635057588
tpg_v6,distance_context,UGCA444,36,2.96106567464,3.05800947389,-0.0969437992544,True,-1.54785735698,-0.228345853234
tpg_v6,orientation_quality,CamB,9,8.93890056274,13.6377985957,-4.69889803294,True,-13.2418658023,-5.12448046133
tpg_v6,orientation_quality,ESO116-G012,15,8.06835554786,11.5082029303,-3.43984738246,True,8.87952692186,2.40138242116
tpg_v6,orientation_quality,F561-1,6,15.5348204938,28.5568532705,-13.0220327767,True,-26.7637819501,-12.3292106681
tpg_v6,orientation_quality,F563-1,17,20.4913134725,24.6958355372,-4.20452206479,True,22.3185310512,5.05600515789
tpg_v6,orientation_quality,F568-1,12,28.9267543034,33.5006140686,-4.57385976519,True,29.9703704751,5.51293001736
tpg_v6,orientation_quality,IC2574,34,4.44158556148,7.51381535273,-3.07222979124,True,-7.15667276913,-3.91012575696
tpg_v6,orientation_quality,IC4202,32,24.2186965035,26.1015205478,-1.8828240443,True,-0.706052752064,1.33340897371
tpg_v6,orientation_quality,NGC0024,29,20.940449182,22.157815809,-1.21736662704,True,20.7077240761,0.974155455076
tpg_v6,orientation_quality,NGC2683,11,12.0620333058,10.3148338015,1.7471995043,False,-2.67853136561,-5.28687849922
tpg_v6,orientation_quality,NGC3726,12,19.4405014861,23.6318835458,-4.19138205976,True,-20.1611593887,-6.41842075832
tpg_v6,orientation_quality,NGC3949,7,7.48458072028,8.95016069924,-1.46557997896,True,-6.20297979819,-7.25690973813
tpg_v6,orientation_quality,NGC3972,10,5.75239866154,7.80642900871,-2.05403034717,True,4.90266552035,2.03672051931
tpg_v6,orientation_quality,NGC4013,36,8.67064272191,12.2739171285,-3.60327440663,True,-6.97616353042,-6.95968458945
tpg_v6,orientation_quality,NGC4088,12,41.6528835578,38.9877521654,2.66513139231,False,-37.9842882984,2.50789643729
tpg_v6,orientation_quality,NGC4183,23,9.85939584555,6.48969426934,3.36970157621,False,-1.52554613124,2.13615344346
tpg_v6,orientation_quality,NGC4214,14,21.6489671635,17.9910481996,3.65791896397,False,16.8681451896,-1.96965416793
tpg_v6,orientation_quality,NGC4389,6,31.6736127162,46.5569334229,-14.8833207067,True,-46.0327739203,-15.4591568184
tpg_v6,orientation_quality,NGC5907,19,20.0696912079,16.7855176815,3.28417352633,False,1.0070374364,2.76785488351
tpg_v6,orientation_quality,NGC5985,33,69.58047887,72.2874390249,-2.70696015485,True,69.7525616926,2.85883884765
tpg_v6,orientation_quality,NGC6789,4,20.7492223635,15.8977525955,4.851469768,False,12.7946475519,-4.27009577473
tpg_v6,orientation_quality,NGC6946,58,17.7520358238,15.0254522605,2.72658356333,False,-14.0116889221,2.83656492027
tpg_v6,orientation_quality,NGC7331,36,26.4704112119,25.4850844858,0.985326726063,False,-22.2055987233,2.1588861971
tpg_v6,orientation_quality,UGC00731,12,10.981094993,12.8454534006,-1.86435840765,True,7.29233851778,3.10471505519
tpg_v6,orientation_quality,UGC00891,5,6.74520148768,5.95836567994,0.786835807735,False,-1.91641142544,-5.10147629755
tpg_v6,orientation_quality,UGC02023,5,11.8225619163,12.1980491175,-0.375487201175,True,-11.440544031,-3.16067876961
tpg_v6,orientation_quality,UGC02259,8,22.5284153672,16.435141679,6.09327368824,False,15.9374323513,-6.5161946574
tpg_v6,orientation_quality,UGC03580,47,20.8438475132,25.4945286949,-4.65068118173,True,-19.6320982337,-6.21737355307
tpg_v6,orientation_quality,UGC04305,22,12.9397105751,23.9996223509,-11.0599117758,True,-21.4039003359,-11.5113808843
tpg_v6,orientation_quality,UGC04499,9,8.61836345761,6.0406344423,2.57772901531,False,-5.16176272356,3.06533505751
tpg_v6,orientation_quality,UGC05414,6,9.64729211754,6.40081279579,3.24647932175,False,-6.29582130109,3.08956757674
tpg_v6,orientation_quality,UGC05716,12,7.829153181,5.84486903462,1.98428414637,False,4.87708085122,-2.25589058434
tpg_v6,orientation_quality,UGC05829,11,3.55361742318,6.22267810021,-2.66906067703,True,-1.8253369702,-2.29455818694
tpg_v6,orientation_quality,UGC05986,15,22.4816486579,17.5321618365,4.94948682144,False,15.2335372283,-6.3848832837
tpg_v6,orientation_quality,UGC06818,8,8.89548075256,12.3861210327,-3.49064028011,True,-7.55079363408,-6.1508859995
tpg_v6,orientation_quality,UGC06917,11,4.37642757843,6.43093708706,-2.05450950864,True,5.08032417691,2.62177635131
tpg_v6,orientation_quality,UGC06983,17,8.8064351327,11.0368401084,-2.2304049757,True,8.6785003139,1.95780903523
tpg_v6,orientation_quality,UGC07151,11,8.52889324217,4.3119125305,4.21698071167,False,-1.99621810041,3.18339728292
tpg_v6,orientation_quality,UGC07261,7,5.57582962159,4.29683944647,1.27899017512,False,2.22277324277,-2.54872297733
tpg_v6,orientation_quality,UGC07577,9,5.22019865668,10.601722012,-5.38152335529,True,-9.8074462849,-6.2812017982
tpg_v6,orientation_quality,UGC07603,12,5.08947757084,9.31889760832,-4.22942003748,True,7.23571635123,3.10672569134
tpg_v6,orientation_quality,UGC08699,41,17.3163798852,15.1843135072,2.13206637798,False,7.34006510817,-5.40884279439
tpg_v6,orientation_quality,UGC11914,65,28.2418156898,33.8201701956,-5.5783545058,True,32.1487619343,6.16943501397
tpg_v6,orientation_quality,UGC12506,31,47.6840560342,40.6978590198,6.98619701439,False,35.56992478,-6.13717901674
tpg_v6,orientation_quality,UGCA444,36,5.73649772318,3.05800947389,2.67848824929,False,-1.54785735698,-5.86836008777
tpg_v6,observer_geometry,CamB,9,11.6982332679,13.6377985957,-1.93956532779,True,-13.2418658023,-2.31367856838
tpg_v6,observer_geometry,ESO116-G012,15,9.62590181607,11.5082029303,-1.88230111426,True,8.87952692186,1.63905894171
tpg_v6,observer_geometry,F561-1,6,13.7502775331,28.5568532705,-14.8065757373,True,-26.7637819501,-13.9213173895
tpg_v6,observer_geometry,F563-1,17,22.0318205544,24.6958355372,-2.66401498284,True,22.3185310512,3.07379701252
tpg_v6,observer_geometry,F568-1,12,31.032149181,33.5006140686,-2.46846488761,True,29.9703704751,2.93056874163
tpg_v6,observer_geometry,IC2574,34,7.04024977304,7.51381535273,-0.473565579682,True,-7.15667276913,-1.01089323429
tpg_v6,observer_geometry,IC4202,32,25.4327718196,26.1015205478,-0.668748728212,True,-0.706052752064,-2.02796664573
tpg_v6,observer_geometry,NGC0024,29,19.9382915293,22.157815809,-2.21952427971,True,20.7077240761,2.18567198534
tpg_v6,observer_geometry,NGC2683,11,11.6127082986,10.3148338015,1.29787449716,False,-2.67853136561,-4.06828269689
tpg_v6,observer_geometry,NGC3726,12,19.0628068326,23.6318835458,-4.56907671327,True,-20.1611593887,-6.95369181267
tpg_v6,observer_geometry,NGC3949,7,7.87955088104,8.95016069924,-1.0706098182,True,-6.20297979819,-7.44459638375
tpg_v6,observer_geometry,NGC3972,10,6.51910561493,7.80642900871,-1.28732339378,True,4.90266552035,1.24904539356
tpg_v6,observer_geometry,NGC4013,36,9.84085005966,12.2739171285,-2.43306706888,True,-6.97616353042,-8.22538868144
tpg_v6,observer_geometry,NGC4088,12,41.0217815528,38.9877521654,2.03402938733,False,-37.9842882984,1.97507455497
tpg_v6,observer_geometry,NGC4183,23,8.56197007471,6.48969426934,2.07227580536,False,-1.52554613124,1.51810029085
tpg_v6,observer_geometry,NGC4214,14,15.8672528418,17.9910481996,-2.12379535774,True,16.8681451896,2.50621608028
tpg_v6,observer_geometry,NGC4389,6,31.8241546797,46.5569334229,-14.7327787432,True,-46.0327739203,-15.682359846
tpg_v6,observer_geometry,NGC5907,19,19.1984191758,16.7855176815,2.41290149421,False,1.0070374364,2.52478435918
tpg_v6,observer_geometry,NGC5985,33,71.7878449368,72.2874390249,-0.499594088138,True,69.7525616926,0.394060755176
tpg_v6,observer_geometry,NGC6789,4,15.7950732588,15.8977525955,-0.102679336781,True,12.7946475519,-0.328616965062
tpg_v6,observer_geometry,NGC6946,58,18.2333820999,15.0254522605,3.20792983947,False,-14.0116889221,3.44294974849
tpg_v6,observer_geometry,NGC7331,36,26.600708789,25.4850844858,1.11562430316,False,-22.2055987233,2.21881908438
tpg_v6,observer_geometry,UGC00731,12,11.2020320309,12.8454534006,-1.64342136966,True,7.29233851778,2.26807522786
tpg_v6,observer_geometry,UGC00891,5,8.19738855677,5.95836567994,2.23902287682,False,-1.91641142544,-5.86482115198
tpg_v6,observer_geometry,UGC02023,5,11.920308719,12.1980491175,-0.277740398449,True,-11.440544031,-2.18786186998
tpg_v6,observer_geometry,UGC02259,8,22.8924517933,16.435141679,6.45731011427,False,15.9374323513,-6.79516225707
tpg_v6,observer_geometry,UGC03580,47,21.2060062404,25.4945286949,-4.28852245456,True,-19.6320982337,-6.46479272732
tpg_v6,observer_geometry,UGC04305,22,17.3826253093,23.9996223509,-6.6169970416,True,-21.4039003359,-7.65279262209
tpg_v6,observer_geometry,UGC04499,9,7.98983365762,6.0406344423,1.94919921532,False,-5.16176272356,2.34550770295
tpg_v6,observer_geometry,UGC05414,6,9.21979351249,6.40081279579,2.8189807167,False,-6.29582130109,2.73030470685
tpg_v6,observer_geometry,UGC05716,12,8.2544769542,5.84486903462,2.40960791958,False,4.87708085122,-3.00811214291
tpg_v6,observer_geometry,UGC05829,11,4.16426266571,6.22267810021,-2.0584154345,True,-1.8253369702,-1.51406263271
tpg_v6,observer_geometry,UGC05986,15,23.7201769685,17.5321618365,6.18801513207,False,15.2335372283,-7.18850934634
tpg_v6,observer_geometry,UGC06818,8,9.66300558745,12.3861210327,-2.72311544522,True,-7.55079363408,-6.87178037273
tpg_v6,observer_geometry,UGC06917,11,4.55332778419,6.43093708706,-1.87760930287,True,5.08032417691,2.34756497844
tpg_v6,observer_geometry,UGC06983,17,9.42049712366,11.0368401084,-1.61634298473,True,8.6785003139,1.73332026797
tpg_v6,observer_geometry,UGC07151,11,9.79014913942,4.3119125305,5.47823660893,False,-1.99621810041,4.69377849432
tpg_v6,observer_geometry,UGC07261,7,5.44864686675,4.29683944647,1.15180742028,False,2.22277324277,-2.39114691543
tpg_v6,observer_geometry,UGC07577,9,8.92244821718,10.601722012,-1.67927379479,True,-9.8074462849,-2.80624048201
tpg_v6,observer_geometry,UGC07603,12,5.53118674258,9.31889760832,-3.78771086575,True,7.23571635123,3.48752643449
tpg_v6,observer_geometry,UGC08699,41,18.0929272598,15.1843135072,2.90861375263,False,7.34006510817,-5.28211903007
tpg_v6,observer_geometry,UGC11914,65,29.4057554505,33.8201701956,-4.41441474512,True,32.1487619343,4.85636525245
tpg_v6,observer_geometry,UGC12506,31,49.1383903367,40.6978590198,8.44053131688,False,35.56992478,-9.27793738613
tpg_v6,observer_geometry,UGCA444,36,4.57566899295,3.05800947389,1.51765951906,False,-1.54785735698,-1.64288185408
tpg_v6,morphology_proxy,CamB,9,13.3468636827,13.6377985957,-0.290934912987,True,-13.2418658023,-0.218803568775
tpg_v6,morphology_proxy,ESO116-G012,15,12.4266061172,11.5082029303,0.918403186884,False,8.87952692186,-1.05720291475
tpg_v6,morphology_proxy,F561-1,6,22.5394735897,28.5568532705,-6.01737968078,True,-26.7637819501,-5.65775661894
tpg_v6,morphology_proxy,F563-1,17,25.1761885655,24.6958355372,0.480353028306,False,22.3185310512,-0.60865963032
tpg_v6,morphology_proxy,F568-1,12,36.7413562417,33.5006140686,3.24074217305,False,29.9703704751,-3.31335862043
tpg_v6,morphology_proxy,IC2574,34,8.10619909538,7.51381535273,0.592383742658,False,-7.15667276913,0.573050214296
tpg_v6,morphology_proxy,IC4202,32,26.8434242035,26.1015205478,0.741903655707,False,-0.706052752064,-5.03755472774
tpg_v6,morphology_proxy,NGC0024,29,22.7113514165,22.157815809,0.553535607526,False,20.7077240761,-0.582032557494
tpg_v6,morphology_proxy,NGC2683,11,11.9672568341,10.3148338015,1.65242303258,False,-2.67853136561,1.26816192497
tpg_v6,morphology_proxy,NGC3726,12,24.326305378,23.6318835458,0.694421832131,False,-20.1611593887,0.950511369324
tpg_v6,morphology_proxy,NGC3949,7,8.01883162663,8.95016069924,-0.931329072608,True,-6.20297979819,-6.83225747509
tpg_v6,morphology_proxy,NGC3972,10,9.86101414816,7.80642900871,2.05458513945,False,4.90266552035,-2.29897592008
tpg_v6,morphology_proxy,NGC4013,36,13.5627110838,12.2739171285,1.28879395525,False,-6.97616353042,1.56400707198
tpg_v6,morphology_proxy,NGC4088,12,37.6318643693,38.9877521654,-1.35588779613,True,-37.9842882984,-1.34685736491
tpg_v6,morphology_proxy,NGC4183,23,8.1781974387,6.48969426934,1.68850316936,False,-1.52554613124,3.00212356378
tpg_v6,morphology_proxy,NGC4214,14,18.7071151235,17.9910481996,0.716066923965,False,16.8681451896,-1.02220016328
tpg_v6,morphology_proxy,NGC4389,6,40.7802463434,46.5569334229,-5.77668707945,True,-46.0327739203,-6.07675210169
tpg_v6,morphology_proxy,NGC5907,19,16.7451076518,16.7855176815,-0.0404100297446,True,1.0070374364,0.465680499748
tpg_v6,morphology_proxy,NGC5985,33,72.5623471424,72.2874390249,0.27490811752,False,69.7525616926,-0.563185671602
tpg_v6,morphology_proxy,NGC6789,4,21.3669181171,15.8977525955,5.46916552152,False,12.7946475519,-5.39281947205
tpg_v6,morphology_proxy,NGC6946,58,11.9388473271,15.0254522605,-3.08660493339,True,-14.0116889221,-3.29339361886
tpg_v6,morphology_proxy,NGC7331,36,26.6689008667,25.4850844858,1.1838163809,False,-22.2055987233,1.30112176364
tpg_v6,morphology_proxy,UGC00731,12,12.3441146825,12.8454534006,-0.501338718117,True,7.29233851778,1.29105069289
tpg_v6,morphology_proxy,UGC00891,5,6.05129514954,5.95836567994,0.0929294695942,False,-1.91641142544,-0.312983915112
tpg_v6,morphology_proxy,UGC02023,5,6.67810972284,12.1980491175,-5.51993939465,True,-11.440544031,-8.43419748131
tpg_v6,morphology_proxy,UGC02259,8,16.7545695684,16.435141679,0.319427889368,False,15.9374323513,-0.340338252562
tpg_v6,morphology_proxy,UGC03580,47,25.1978313142,25.4945286949,-0.296697380695,True,-19.6320982337,0.805870319321
tpg_v6,morphology_proxy,UGC04305,22,23.2660334702,23.9996223509,-0.733588880704,True,-21.4039003359,-0.664471826929
tpg_v6,morphology_proxy,UGC04499,9,5.57988591244,6.0406344423,-0.460748529862,True,-5.16176272356,-0.515666868692
tpg_v6,morphology_proxy,UGC05414,6,2.82199067644,6.40081279579,-3.57882211934,True,-6.29582130109,-5.72685379427
tpg_v6,morphology_proxy,UGC05716,12,5.33633571059,5.84486903462,-0.50853332403,True,4.87708085122,3.71116794549
tpg_v6,morphology_proxy,UGC05829,11,5.27351598701,6.22267810021,-0.949162113203,True,-1.8253369702,-3.33759213148
tpg_v6,morphology_proxy,UGC05986,15,21.2244298577,17.5321618365,3.69226802124,False,15.2335372283,-3.67582111272
tpg_v6,morphology_proxy,UGC06818,8,12.1354361402,12.3861210327,-0.250684892511,True,-7.55079363408,-0.802548208188
tpg_v6,morphology_proxy,UGC06917,11,8.84281582817,6.43093708706,2.41187874111,False,5.08032417691,-2.55790793744
tpg_v6,morphology_proxy,UGC06983,17,9.26140624697,11.0368401084,-1.77543386142,True,8.6785003139,2.18130941316
tpg_v6,morphology_proxy,UGC07151,11,3.87627999917,4.3119125305,-0.435632531325,True,-1.99621810041,-0.279155767762
tpg_v6,morphology_proxy,UGC07261,7,7.95787284535,4.29683944647,3.66103339888,False,2.22277324277,-5.19933648715
tpg_v6,morphology_proxy,UGC07577,9,8.97701650559,10.601722012,-1.62470550638,True,-9.8074462849,-1.46426725805
tpg_v6,morphology_proxy,UGC07603,12,7.45169283596,9.31889760832,-1.86720477236,True,7.23571635123,1.62224207926
tpg_v6,morphology_proxy,UGC08699,41,14.6429931096,15.1843135072,-0.541320397572,True,7.34006510817,-0.268540836266
tpg_v6,morphology_proxy,UGC11914,65,39.8306657613,33.8201701956,6.01049556569,False,32.1487619343,-6.22489531619
tpg_v6,morphology_proxy,UGC12506,31,39.1483239015,40.6978590198,-1.54953511831,True,35.56992478,0.772853303644
tpg_v6,morphology_proxy,UGCA444,36,6.31513374768,3.05800947389,3.25712427379,False,-1.54785735698,3.84555195675
tpg_v6,morphology_plus_distance,CamB,9,12.9573435091,13.6377985957,-0.680455086583,True,-13.2418658023,-0.660369577598
tpg_v6,morphology_plus_distance,ESO116-G012,15,12.3107395017,11.5082029303,0.802536571356,False,8.87952692186,-0.859790500709
tpg_v6,morphology_plus_distance,F561-1,6,26.3022156293,28.5568532705,-2.25463764117,True,-26.7637819501,-2.14457172673
tpg_v6,morphology_plus_distance,F563-1,17,24.744873626,24.6958355372,0.0490380887379,False,22.3185310512,-0.0891040446446
tpg_v6,morphology_plus_distance,F568-1,12,34.7633858857,33.5006140686,1.26277181712,False,29.9703704751,-1.32652275723
tpg_v6,morphology_plus_distance,IC2574,34,7.56310606437,7.51381535273,0.0492907116472,False,-7.15667276913,0.0533606325037
tpg_v6,morphology_plus_distance,IC4202,32,26.3492551665,26.1015205478,0.2477346187,False,-0.706052752064,-1.46560843898
tpg_v6,morphology_plus_distance,NGC0024,29,22.8364878246,22.157815809,0.678672015638,False,20.7077240761,-0.70311669406
tpg_v6,morphology_plus_distance,NGC2683,11,10.5610730654,10.3148338015,0.246239263952,False,-2.67853136561,-0.216954385418
tpg_v6,morphology_plus_distance,NGC3726,12,23.4823112445,23.6318835458,-0.149572301286,True,-20.1611593887,-0.0530273322491
tpg_v6,morphology_plus_distance,NGC3949,7,7.77579758075,8.95016069924,-1.17436311849,True,-6.20297979819,-2.80867602409
tpg_v6,morphology_plus_distance,NGC3972,10,9.22644082121,7.80642900871,1.4200118125,False,4.90266552035,-1.71079964843
tpg_v6,morphology_plus_distance,NGC4013,36,12.4656215098,12.2739171285,0.191704381277,False,-6.97616353042,0.0458086300656
tpg_v6,morphology_plus_distance,NGC4088,12,38.2000733369,38.9877521654,-0.787678828586,True,-37.9842882984,-0.782559584787
tpg_v6,morphology_plus_distance,NGC4183,23,6.78679630714,6.48969426934,0.297102037799,False,-1.52554613124,0.535231502501
tpg_v6,morphology_plus_distance,NGC4214,14,18.4895042931,17.9910481996,0.498456093523,False,16.8681451896,-0.642976433847
tpg_v6,morphology_plus_distance,NGC4389,6,43.6444714595,46.5569334229,-2.9124619634,True,-46.0327739203,-3.05479552755
tpg_v6,morphology_plus_distance,NGC5907,19,16.9439979857,16.7855176815,0.1584803042,False,1.0070374364,0.268573644601
tpg_v6,morphology_plus_distance,NGC5985,33,72.8444071333,72.2874390249,0.556968108361,False,69.7525616926,-0.678784153337
tpg_v6,morphology_plus_distance,NGC6789,4,18.2943911867,15.8977525955,2.39663859112,False,12.7946475519,-2.29134781106
tpg_v6,morphology_plus_distance,NGC6946,58,13.9450230843,15.0254522605,-1.08042917619,True,-14.0116889221,-1.17638423571
tpg_v6,morphology_plus_distance,NGC7331,36,25.4832996035,25.4850844858,-0.00178488235465,True,-22.2055987233,0.0307228047557
tpg_v6,morphology_plus_distance,UGC00731,12,12.6257542908,12.8454534006,-0.219699109759,True,7.29233851778,0.677631176089
tpg_v6,morphology_plus_distance,UGC00891,5,6.01625934519,5.95836567994,0.0578936652453,False,-1.91641142544,-0.26349021344
tpg_v6,morphology_plus_distance,UGC02023,5,9.72190559122,12.1980491175,-2.47614352628,True,-11.440544031,-3.01046778398
tpg_v6,morphology_plus_distance,UGC02259,8,17.0754107228,16.435141679,0.64026904378,False,15.9374323513,-0.697089670724
tpg_v6,morphology_plus_distance,UGC03580,47,25.2510380975,25.4945286949,-0.243490597403,True,-19.6320982337,-0.0141840057579
tpg_v6,morphology_plus_distance,UGC04305,22,23.5318474304,23.9996223509,-0.467774920431,True,-21.4039003359,-0.479370735564
tpg_v6,morphology_plus_distance,UGC04499,9,5.56169960535,6.0406344423,-0.478934836949,True,-5.16176272356,-0.550554199033
tpg_v6,morphology_plus_distance,UGC05414,6,4.54212534179,6.40081279579,-1.858687454,True,-6.29582130109,-2.11102924052
tpg_v6,morphology_plus_distance,UGC05716,12,5.44787119583,5.84486903462,-0.396997838787,True,4.87708085122,0.942890507515
tpg_v6,morphology_plus_distance,UGC05829,11,5.83430203733,6.22267810021,-0.388376062883,True,-1.8253369702,-1.03526334345
tpg_v6,morphology_plus_distance,UGC05986,15,18.8196630401,17.5321618365,1.28750120365,False,15.2335372283,-1.2972845151
tpg_v6,morphology_plus_distance,UGC06818,8,12.0323346914,12.3861210327,-0.353786341316,True,-7.55079363408,-0.860355753332
tpg_v6,morphology_plus_distance,UGC06917,11,7.48518890212,6.43093708706,1.05425181505,False,5.08032417691,-1.19959660186
tpg_v6,morphology_plus_distance,UGC06983,17,10.8061592191,11.0368401084,-0.230680889276,True,8.6785003139,0.281748432944
tpg_v6,morphology_plus_distance,UGC07151,11,3.73874632121,4.3119125305,-0.57316620929,True,-1.99621810041,-0.981000554062
tpg_v6,morphology_plus_distance,UGC07261,7,5.39400850974,4.29683944647,1.09716906327,False,2.22277324277,-1.99963933481
tpg_v6,morphology_plus_distance,UGC07577,9,9.52558256453,10.601722012,-1.07613944744,True,-9.8074462849,-1.08433308544
tpg_v6,morphology_plus_distance,UGC07603,12,9.40721575272,9.31889760832,0.0883181444008,False,7.23571635123,-0.216911555984
tpg_v6,morphology_plus_distance,UGC08699,41,15.3363821624,15.1843135072,0.152068655175,False,7.34006510817,-0.433392397697
tpg_v6,morphology_plus_distance,UGC11914,65,36.123035261,33.8201701956,2.30286506541,False,32.1487619343,-2.34863344981
tpg_v6,morphology_plus_distance,UGC12506,31,40.2389599831,40.6978590198,-0.458899036699,True,35.56992478,0.393590830174
tpg_v6,morphology_plus_distance,UGCA444,36,3.98702978673,3.05800947389,0.929020312836,False,-1.54785735698,1.29198647509
tpg_v6,morphology_plus_orientation,CamB,9,13.7918314386,13.6377985957,0.15403284287,False,-13.2418658023,-0.235612573152
tpg_v6,morphology_plus_orientation,ESO116-G012,15,9.04754159399,11.5082029303,-2.46066133634,True,8.87952692186,1.61752511849
tpg_v6,morphology_plus_orientation,F561-1,6,12.3865181389,28.5568532705,-16.1703351315,True,-26.7637819501,-15.1287053009
tpg_v6,morphology_plus_orientation,F563-1,17,23.254431226,24.6958355372,-1.44140431122,True,22.3185310512,1.89524600899
tpg_v6,morphology_plus_orientation,F568-1,12,36.0717927287,33.5006140686,2.57117866007,False,29.9703704751,-1.95326334553
tpg_v6,morphology_plus_orientation,IC2574,34,5.26934415692,7.51381535273,-2.24447119581,True,-7.15667276913,-2.5344128188
tpg_v6,morphology_plus_orientation,IC4202,32,26.7185910874,26.1015205478,0.617070539547,False,-0.706052752064,-9.72149277682
tpg_v6,morphology_plus_orientation,NGC0024,29,21.1029975104,22.157815809,-1.05481829858,True,20.7077240761,0.991846054853
tpg_v6,morphology_plus_orientation,NGC2683,11,13.6641889835,10.3148338015,3.34935518199,False,-2.67853136561,-0.668747249335
tpg_v6,morphology_plus_orientation,NGC3726,12,20.4289373849,23.6318835458,-3.2029461609,True,-20.1611593887,-5.77181188983
tpg_v6,morphology_plus_orientation,NGC3949,7,11.8127096257,8.95016069924,2.86254892645,False,-6.20297979819,-13.7339251292
tpg_v6,morphology_plus_orientation,NGC3972,10,6.18119169868,7.80642900871,-1.62523731003,True,4.90266552035,1.87192216593
tpg_v6,morphology_plus_orientation,NGC4013,36,10.8254194313,12.2739171285,-1.44849769728,True,-6.97616353042,-1.59709331966
tpg_v6,morphology_plus_orientation,NGC4088,12,38.1903288669,38.9877521654,-0.797423298525,True,-37.9842882984,-0.800163877991
tpg_v6,morphology_plus_orientation,NGC4183,23,9.60661627075,6.48969426934,3.11692200141,False,-1.52554613124,4.4644602123
tpg_v6,morphology_plus_orientation,NGC4214,14,16.1082261837,17.9910481996,-1.88282201589,True,16.8681451896,1.73076595183
tpg_v6,morphology_plus_orientation,NGC4389,6,31.5950052013,46.5569334229,-14.9619282216,True,-46.0327739203,-15.6165119056
tpg_v6,morphology_plus_orientation,NGC5907,19,16.1354224758,16.7855176815,-0.650095205776,True,1.0070374364,-1.59779885522
tpg_v6,morphology_plus_orientation,NGC5985,33,68.0277695701,72.2874390249,-4.2596694548,True,69.7525616926,4.09380283694
tpg_v6,morphology_plus_orientation,NGC6789,4,19.0929803432,15.8977525955,3.19522774769,False,12.7946475519,-4.21886585626
tpg_v6,morphology_plus_orientation,NGC6946,58,15.4700485493,15.0254522605,0.444596288864,False,-14.0116889221,0.756584596011
tpg_v6,morphology_plus_orientation,NGC7331,36,26.9116088181,25.4850844858,1.42652433229,False,-22.2055987233,1.56549163748
tpg_v6,morphology_plus_orientation,UGC00731,12,11.6428696363,12.8454534006,-1.20258376428,True,7.29233851778,1.3388859127
tpg_v6,morphology_plus_orientation,UGC00891,5,5.72413677956,5.95836567994,-0.234228900382,True,-1.91641142544,-3.47421634236
tpg_v6,morphology_plus_orientation,UGC02023,5,7.84075443338,12.1980491175,-4.35729468412,True,-11.440544031,-8.10106300432
tpg_v6,morphology_plus_orientation,UGC02259,8,19.9453846386,16.435141679,3.51024295957,False,15.9374323513,-3.71890994828
tpg_v6,morphology_plus_orientation,UGC03580,47,21.7337393072,25.4945286949,-3.76078938769,True,-19.6320982337,-3.17139126691
tpg_v6,morphology_plus_orientation,UGC04305,22,16.0816030549,23.9996223509,-7.91801929594,True,-21.4039003359,-8.12502193455
tpg_v6,morphology_plus_orientation,UGC04499,9,10.0687473501,6.0406344423,4.02811290783,False,-5.16176272356,4.47212975006
tpg_v6,morphology_plus_orientation,UGC05414,6,4.51786374927,6.40081279579,-1.88294904652,True,-6.29582130109,-2.05633665865
tpg_v6,morphology_plus_orientation,UGC05716,12,5.08143560342,5.84486903462,-0.763433431198,True,4.87708085122,3.54552058225
tpg_v6,morphology_plus_orientation,UGC05829,11,4.56974082305,6.22267810021,-1.65293727717,True,-1.8253369702,-5.46045338172
tpg_v6,morphology_plus_orientation,UGC05986,15,27.65279045,17.5321618365,10.1206286136,False,15.2335372283,-10.8214531359
tpg_v6,morphology_plus_orientation,UGC06818,8,10.2895100668,12.3861210327,-2.09661096589,True,-7.55079363408,-4.10459494093
tpg_v6,morphology_plus_orientation,UGC06917,11,6.3851579551,6.43093708706,-0.0457791319644,True,5.08032417691,0.413500103571
tpg_v6,morphology_plus_orientation,UGC06983,17,6.28794463142,11.0368401084,-4.74889547698,True,8.6785003139,6.19265699832
tpg_v6,morphology_plus_orientation,UGC07151,11,10.0438502125,4.3119125305,5.73193768205,False,-1.99621810041,5.60565041453
tpg_v6,morphology_plus_orientation,UGC07261,7,9.33717519151,4.29683944647,5.04033574504,False,2.22277324277,-6.64003116841
tpg_v6,morphology_plus_orientation,UGC07577,9,7.39414492164,10.601722012,-3.20757709033,True,-9.8074462849,-3.02410005466
tpg_v6,morphology_plus_orientation,UGC07603,12,2.70005357039,9.31889760832,-6.61884403793,True,7.23571635123,7.53282757798
tpg_v6,morphology_plus_orientation,UGC08699,41,15.565761533,15.1843135072,0.381448025759,False,7.34006510817,-3.64775321278
tpg_v6,morphology_plus_orientation,UGC11914,65,35.3339079189,33.8201701956,1.51373772336,False,32.1487619343,-1.67100124522
tpg_v6,morphology_plus_orientation,UGC12506,31,48.0697715433,40.6978590198,7.37191252356,False,35.56992478,-10.3202401491
tpg_v6,morphology_plus_orientation,UGCA444,36,4.76134960841,3.05800947389,1.70334013452,False,-1.54785735698,-0.474954601837
tpg_v6,combined,CamB,9,12.2599800843,13.6377985957,-1.37781851134,True,-13.2418658023,-1.37749841012
tpg_v6,combined,ESO116-G012,15,10.6224788857,11.5082029303,-0.885724044668,True,8.87952692186,0.850565099596
tpg_v6,combined,F561-1,6,16.1373944169,28.5568532705,-12.4194588535,True,-26.7637819501,-11.9220633143
tpg_v6,combined,F563-1,17,22.8516546779,24.6958355372,-1.84418085936,True,22.3185310512,1.97599686753
tpg_v6,combined,F568-1,12,34.734155692,33.5006140686,1.23354162344,False,29.9703704751,-1.07840772258
tpg_v6,combined,IC2574,34,6.01409616216,7.51381535273,-1.49971919057,True,-7.15667276913,-1.61573421211
tpg_v6,combined,IC4202,32,26.4385277272,26.1015205478,0.337007179426,False,-0.706052752064,-4.69849449735
tpg_v6,combined,NGC0024,29,21.1684506798,22.157815809,-0.989365129211,True,20.7077240761,1.00470089684
tpg_v6,combined,NGC2683,11,11.4461456905,10.3148338015,1.13131188905,False,-2.67853136561,-1.44427377032
tpg_v6,combined,NGC3726,12,20.9992516673,23.6318835458,-2.63263187848,True,-20.1611593887,-3.54352848307
tpg_v6,combined,NGC3949,7,9.41481248919,8.95016069924,0.464651789953,False,-6.20297979819,-10.4888265937
tpg_v6,combined,NGC3972,10,8.55690968026,7.80642900871,0.750480671551,False,4.90266552035,-0.964208570636
tpg_v6,combined,NGC4013,36,11.0462520966,12.2739171285,-1.22766503195,True,-6.97616353042,-3.23491718307
tpg_v6,combined,NGC4088,12,38.7702795782,38.9877521654,-0.217472587288,True,-37.9842882984,-0.199711603163
tpg_v6,combined,NGC4183,23,8.65560876279,6.48969426934,2.16591449345,False,-1.52554613124,3.2892534449
tpg_v6,combined,NGC4214,14,17.5275535692,17.9910481996,-0.463494630317,True,16.8681451896,0.262215915996
tpg_v6,combined,NGC4389,6,33.206821621,46.5569334229,-13.3501118019,True,-46.0327739203,-14.1624071465
tpg_v6,combined,NGC5907,19,17.5119721946,16.7855176815,0.726454513039,False,1.0070374364,2.54517963183
tpg_v6,combined,NGC5985,33,72.0890589073,72.2874390249,-0.198380117602,True,69.7525616926,-0.0525313353384
tpg_v6,combined,NGC6789,4,20.0618750983,15.8977525955,4.16412250274,False,12.7946475519,-4.28827957378
tpg_v6,combined,NGC6946,58,14.6409653987,15.0254522605,-0.38448686175,True,-14.0116889221,-0.337791903344
tpg_v6,combined,NGC7331,36,26.7785027279,25.4850844858,1.2934182421,False,-22.2055987233,1.71903584383
tpg_v6,combined,UGC00731,12,11.6800496792,12.8454534006,-1.16540372141,True,7.29233851778,3.14540847887
tpg_v6,combined,UGC00891,5,6.34244898963,5.95836567994,0.384083309686,False,-1.91641142544,-2.74085793418
tpg_v6,combined,UGC02023,5,7.75060584102,12.1980491175,-4.44744327648,True,-11.440544031,-7.17118426173
tpg_v6,combined,UGC02259,8,19.5074753853,16.435141679,3.0723337063,False,15.9374323513,-3.29306079085
tpg_v6,combined,UGC03580,47,22.823979603,25.4945286949,-2.67054909187,True,-19.6320982337,-2.86867468097
tpg_v6,combined,UGC04305,22,18.1308524822,23.9996223509,-5.86876986863,True,-21.4039003359,-6.11350854621
tpg_v6,combined,UGC04499,9,7.84269787232,6.0406344423,1.80206343002,False,-5.16176272356,2.06238856228
tpg_v6,combined,UGC05414,6,4.87736215816,6.40081279579,-1.52345063763,True,-6.29582130109,-1.90014470128
tpg_v6,combined,UGC05716,12,5.35012838747,5.84486903462,-0.494740647153,True,4.87708085122,2.00368747192
tpg_v6,combined,UGC05829,11,4.66269214447,6.22267810021,-1.55998595574,True,-1.8253369702,-3.36845611586
tpg_v6,combined,UGC05986,15,24.3386130303,17.5321618365,6.80645119387,False,15.2335372283,-7.14030698393
tpg_v6,combined,UGC06818,8,10.7360409654,12.3861210327,-1.65008006731,True,-7.55079363408,-4.1979167295
tpg_v6,combined,UGC06917,11,6.81932856033,6.43093708706,0.388391473264,False,5.08032417691,-0.313581045493
tpg_v6,combined,UGC06983,17,8.6526113544,11.0368401084,-2.38422875399,True,8.6785003139,3.04265654607
tpg_v6,combined,UGC07151,11,5.81360120805,4.3119125305,1.50168867755,False,-1.99621810041,1.91635171026
tpg_v6,combined,UGC07261,7,7.87093175879,4.29683944647,3.57409231233,False,2.22277324277,-5.20823419964
tpg_v6,combined,UGC07577,9,7.29020483346,10.601722012,-3.31151717851,True,-9.8074462849,-3.29905250691
tpg_v6,combined,UGC07603,12,5.39936576307,9.31889760832,-3.91953184525,True,7.23571635123,4.05773572281
tpg_v6,combined,UGC08699,41,16.2019637917,15.1843135072,1.01765028448,False,7.34006510817,-2.77934899063
tpg_v6,combined,UGC11914,65,35.4920763117,33.8201701956,1.67190611611,False,32.1487619343,-1.72683494868
tpg_v6,combined,UGC12506,31,44.2807213333,40.6978590198,3.58286231352,False,35.56992478,-4.92646777778
tpg_v6,combined,UGCA444,36,4.43220686071,3.05800947389,1.37419738682,False,-1.54785735698,1.33235797292
mond_fixed,radial_only,CamB,9,11.2262898527,15.6235241636,-4.39723431087,True,-15.2680887393,-4.57117762021
mond_fixed,radial_only,ESO116-G012,15,13.3271092249,9.10866749397,4.21844173097,False,6.66340956587,-4.48097983332
mond_fixed,radial_only,F561-1,6,27.2732401951,32.526021423,-5.25278122786,True,-30.6037684047,-4.97879125221
mond_fixed,radial_only,F563-1,17,21.9700405361,18.4456886836,3.52435185241,False,15.0143957452,-4.41771192653
mond_fixed,radial_only,F568-1,12,33.8313057805,29.9741920645,3.85711371596,False,26.3962162889,-4.23779829402
mond_fixed,radial_only,IC2574,34,8.89431232342,13.5131703068,-4.61885798342,True,-13.2801248996,-4.69817080451
mond_fixed,radial_only,IC4202,32,26.1716753404,26.1280353748,0.0436399656313,False,-4.09746751578,-4.46776193509
mond_fixed,radial_only,NGC0024,29,23.9506697824,20.6526241692,3.29804561324,False,19.2184775832,-3.46721063516
mond_fixed,radial_only,NGC2683,11,11.0639625024,14.1510198847,-3.08705738226,True,-8.15082702699,-4.66665612083
mond_fixed,radial_only,NGC3726,12,22.8103127762,26.3253525031,-3.51503972688,True,-24.3765924448,-4.49644818874
mond_fixed,radial_only,NGC3949,7,9.00293315691,11.2979077692,-2.29497461229,True,-9.03891456197,-5.08608533978
mond_fixed,radial_only,NGC3972,10,10.58729586,6.77474857572,3.81254728425,False,3.49245524229,-4.79078921568
mond_fixed,radial_only,NGC4013,36,11.5692951554,14.3342275693,-2.76493241396,True,-11.6526486052,-4.88043239467
mond_fixed,radial_only,NGC4088,12,37.7148589247,42.1838630673,-4.46900414261,True,-41.2137246847,-4.67013239957
mond_fixed,radial_only,NGC4183,23,7.48754727926,10.3549950933,-2.86744781404,True,-6.13375365724,-4.54945327569
mond_fixed,radial_only,NGC4214,14,19.9749756915,15.2788822769,4.69609341456,False,14.3701155278,-4.65459878876
mond_fixed,radial_only,NGC4389,6,43.8123231508,48.5011080323,-4.68878488145,True,-47.9931284925,-4.98945550758
mond_fixed,radial_only,NGC5907,19,17.1257435925,18.5953739594,-1.46963036697,True,-4.34980464356,-4.74626744511
mond_fixed,radial_only,NGC5985,33,73.2256617699,69.4036270595,3.82203471037,False,66.6870181593,-4.2052409593
mond_fixed,radial_only,NGC6789,4,20.597999745,15.3962465508,5.20175319417,False,12.280312744,-5.02531932899
mond_fixed,radial_only,NGC6946,58,13.4030607985,17.7281488931,-4.32508809458,True,-16.9423604066,-4.54767014882
mond_fixed,radial_only,NGC7331,36,26.0163909911,29.3116978909,-3.29530689978,True,-26.4519738949,-4.51957289576
mond_fixed,radial_only,UGC00731,12,11.5805264706,11.4668275502,0.113698920356,False,1.33977588419,-4.74348365234
mond_fixed,radial_only,UGC00891,5,5.65208404795,7.68208181519,-2.02999776724,True,-6.72066731945,-5.08120000949
mond_fixed,radial_only,UGC02023,5,9.84796787634,13.9798370611,-4.13186918473,True,-13.4524527211,-5.07424273217
mond_fixed,radial_only,UGC02259,8,17.8901623771,13.6614424112,4.22871996599,False,12.5665613162,-4.85947219908
mond_fixed,radial_only,UGC03580,47,24.7168935017,27.172709352,-2.4558158503,True,-22.8705007897,-3.46635789529
mond_fixed,radial_only,UGC04305,22,21.8233506506,26.5883649538,-4.76501430322,True,-23.8975683262,-4.6425714373
mond_fixed,radial_only,UGC04499,9,4.43991471569,8.98502207234,-4.54510735665,True,-8.25384621664,-4.82103523402
mond_fixed,radial_only,UGC05414,6,3.8574426985,8.26188438193,-4.40444168343,True,-8.22490329076,-4.97177041017
mond_fixed,radial_only,UGC05716,12,5.28022687871,5.60564760632,-0.325420727613,True,-1.27376686648,-4.75119041067
mond_fixed,radial_only,UGC05829,11,4.89380411406,8.60690583779,-3.71310172374,True,-6.0023199223,-4.76529140817
mond_fixed,radial_only,UGC05986,15,19.5797978221,15.0593011046,4.52049671747,False,12.8450182826,-4.70029760506
mond_fixed,radial_only,UGC06818,8,11.4386145992,13.6636221572,-2.22500755802,True,-10.7031095583,-4.859450384
mond_fixed,radial_only,UGC06917,11,8.23451293079,4.61507974074,3.61943319005,False,2.4087024854,-4.90762060587
mond_fixed,radial_only,UGC06983,17,11.467405053,9.14897162402,2.31843342902,False,4.29630099672,-4.77883977781
mond_fixed,radial_only,UGC07151,11,3.50901908059,5.61595156847,-2.10693248789,True,-3.63358165859,-4.76222754772
mond_fixed,radial_only,UGC07261,7,5.73218973751,4.6168187434,1.11537099411,False,-0.276142060179,-4.90683361995
mond_fixed,radial_only,UGC07577,9,8.27795315634,13.1257661877,-4.84781303135,True,-12.3640255608,-4.83058379689
mond_fixed,radial_only,UGC07603,12,11.3408400413,6.81565756724,4.5251824741,False,4.93008994023,-4.73820299808
mond_fixed,radial_only,UGC08699,41,15.4542027933,13.4781673011,1.97603549217,False,4.51526886781,-3.64328038801
mond_fixed,radial_only,UGC11914,65,33.9266323944,30.1976255554,3.72900683901,False,28.4146652095,-3.84811489574
mond_fixed,radial_only,UGC12506,31,41.1407996841,38.122710351,3.01808933306,False,30.6563789721,-4.58024876544
mond_fixed,radial_only,UGCA444,36,2.75317658684,4.92757145042,-2.17439486358,True,-4.18117112529,-4.61959810876
mond_fixed,distance_context,CamB,9,12.448506568,15.6235241636,-3.17501759558,True,-15.2680887393,-3.25807451307
mond_fixed,distance_context,ESO116-G012,15,13.498778394,9.10866749397,4.3901109,False,6.66340956587,-4.32511534016
mond_fixed,distance_context,F561-1,6,25.4429287004,32.526021423,-7.08309272254,True,-30.6037684047,-6.60260545287
mond_fixed,distance_context,F563-1,17,22.7994480786,18.4456886836,4.35375939493,False,15.0143957452,-5.40238832564
mond_fixed,distance_context,F568-1,12,35.2875453803,29.9741920645,5.31335331576,False,26.3962162889,-5.69999873429
mond_fixed,distance_context,IC2574,34,10.0819469045,13.5131703068,-3.43122340232,True,-13.2801248996,-3.45741295482
mond_fixed,distance_context,IC4202,32,26.6122683451,26.1280353748,0.484232970336,False,-4.09746751578,-6.19636566806
mond_fixed,distance_context,NGC0024,29,23.4032870772,20.6526241692,2.75066290805,False,19.2184775832,-2.8974868045
mond_fixed,distance_context,NGC2683,11,11.2783148186,14.1510198847,-2.87270506607,True,-8.15082702699,-4.22003506357
mond_fixed,distance_context,NGC3726,12,22.8268921009,26.3253525031,-3.49846040221,True,-24.3765924448,-4.60397642045
mond_fixed,distance_context,NGC3949,7,9.05762112826,11.2979077692,-2.24028664094,True,-9.03891456197,-5.36202885164
mond_fixed,distance_context,NGC3972,10,10.8653134047,6.77474857572,4.09056482896,False,3.49245524229,-4.98479332846
mond_fixed,distance_context,NGC4013,36,11.5772343718,14.3342275693,-2.75699319756,True,-11.6526486052,-5.12683316152
mond_fixed,distance_context,NGC4088,12,37.5483636418,42.1838630673,-4.63549942555,True,-41.2137246847,-4.84285880957
mond_fixed,distance_context,NGC4183,23,7.18189913849,10.3549950933,-3.17309595481,True,-6.13375365724,-4.69579254222
mond_fixed,distance_context,NGC4214,14,18.4608281781,15.2788822769,3.18194590122,False,14.3701155278,-3.18276388845
mond_fixed,distance_context,NGC4389,6,43.6260977048,48.5011080323,-4.87501032743,True,-47.9931284925,-5.2187742759
mond_fixed,distance_context,NGC5907,19,17.0130955489,18.5953739594,-1.58227841051,True,-4.34980464356,-4.85283807721
mond_fixed,distance_context,NGC5985,33,73.8080237232,69.4036270595,4.40439666371,False,66.6870181593,-4.95886378175
mond_fixed,distance_context,NGC6789,4,19.0372937556,15.3962465508,3.64104720474,False,12.280312744,-3.57719877061
mond_fixed,distance_context,NGC6946,58,14.2103539383,17.7281488931,-3.51779495483,True,-16.9423604066,-3.69521600014
mond_fixed,distance_context,NGC7331,36,26.1557004788,29.3116978909,-3.1559974121,True,-26.4519738949,-4.46156712045
mond_fixed,distance_context,UGC00731,12,11.0692730071,11.4668275502,-0.397554543156,True,1.33977588419,-4.66954410152
mond_fixed,distance_context,UGC00891,5,6.17727071564,7.68208181519,-1.50481109955,True,-6.72066731945,-4.91440596348
mond_fixed,distance_context,UGC02023,5,10.1735977092,13.9798370611,-3.80623935185,True,-13.4524527211,-4.91886600796
mond_fixed,distance_context,UGC02259,8,17.5956007641,13.6614424112,3.93415835292,False,12.5665613162,-4.65093357596
mond_fixed,distance_context,UGC03580,47,25.1638782595,27.172709352,-2.00883109246,True,-22.8705007897,-3.19125730649
mond_fixed,distance_context,UGC04305,22,23.2071870224,26.5883649538,-3.38117793142,True,-23.8975683262,-3.31661188891
mond_fixed,distance_context,UGC04499,9,4.48099306987,8.98502207234,-4.50402900247,True,-8.25384621664,-4.77324424529
mond_fixed,distance_context,UGC05414,6,4.32050906445,8.26188438193,-3.94137531748,True,-8.22490329076,-4.68943220104
mond_fixed,distance_context,UGC05716,12,5.13786008258,5.60564760632,-0.467787523741,True,-1.27376686648,-5.16675501307
mond_fixed,distance_context,UGC05829,11,4.64573287702,8.60690583779,-3.96117296077,True,-6.0023199223,-4.34990362994
mond_fixed,distance_context,UGC05986,15,19.3477310377,15.0593011046,4.28842993309,False,12.8450182826,-4.26774106571
mond_fixed,distance_context,UGC06818,8,11.5809007492,13.6636221572,-2.08272140804,True,-10.7031095583,-5.06598232464
mond_fixed,distance_context,UGC06917,11,8.4931355978,4.61507974074,3.87805585707,False,2.4087024854,-5.14270660035
mond_fixed,distance_context,UGC06983,17,11.5316868058,9.14897162402,2.38271518179,False,4.29630099672,-4.98324696703
mond_fixed,distance_context,UGC07151,11,3.49577679707,5.61595156847,-2.1201747714,True,-3.63358165859,-3.98480241549
mond_fixed,distance_context,UGC07261,7,5.53270636459,4.6168187434,0.915887621192,False,-0.276142060179,-4.93442210315
mond_fixed,distance_context,UGC07577,9,9.88911439073,13.1257661877,-3.23665179696,True,-12.3640255608,-3.21398747356
mond_fixed,distance_context,UGC07603,12,10.6436899023,6.81565756724,3.82803233501,False,4.93008994023,-3.77608227593
mond_fixed,distance_context,UGC08699,41,15.9142700723,13.4781673011,2.43610277124,False,4.51526886781,-3.93030640659
mond_fixed,distance_context,UGC11914,65,33.7994310595,30.1976255554,3.60180550417,False,28.4146652095,-3.66845556477
mond_fixed,distance_context,UGC12506,31,42.2204746397,38.122710351,4.09776428874,False,30.6563789721,-6.36470028813
mond_fixed,distance_context,UGCA444,36,3.06827951725,4.92757145042,-1.85929193317,True,-4.18117112529,-2.4956224751
mond_fixed,orientation_quality,CamB,9,7.75554649503,15.6235241636,-7.86797766855,True,-15.2680887393,-8.51199936125
mond_fixed,orientation_quality,ESO116-G012,15,10.1584994802,9.10866749397,1.0498319862,False,6.66340956587,-1.83198077456
mond_fixed,orientation_quality,F561-1,6,16.022324147,32.526021423,-16.503697276,True,-30.6037684047,-15.4539929298
mond_fixed,orientation_quality,F563-1,17,18.0576902736,18.4456886836,-0.387998410059,True,15.0143957452,-0.0574837484796
mond_fixed,orientation_quality,F568-1,12,29.8221374946,29.9741920645,-0.152054569924,True,26.3962162889,0.28942581652
mond_fixed,orientation_quality,IC2574,34,5.66976746614,13.5131703068,-7.8434028407,True,-13.2801248996,-8.20014494062
mond_fixed,orientation_quality,IC4202,32,25.1050607204,26.1280353748,-1.02297465442,True,-4.09746751578,-2.56551759599
mond_fixed,orientation_quality,NGC0024,29,22.3640603692,20.6526241692,1.71143620002,False,19.2184775832,-1.87818928953
mond_fixed,orientation_quality,NGC2683,11,11.3505576409,14.1510198847,-2.80046224379,True,-8.15082702699,-8.87375646081
mond_fixed,orientation_quality,NGC3726,12,19.1806129505,26.3253525031,-7.14473955266,True,-24.3765924448,-9.09735995782
mond_fixed,orientation_quality,NGC3949,7,8.54402036494,11.2979077692,-2.75388740426,True,-9.03891456197,-9.70320238537
mond_fixed,orientation_quality,NGC3972,10,7.90522235735,6.77474857572,1.13047378163,False,3.49245524229,-2.19225705262
mond_fixed,orientation_quality,NGC4013,36,8.55776492861,14.3342275693,-5.77646264072,True,-11.6526486052,-9.76170470292
mond_fixed,orientation_quality,NGC4088,12,40.4911174842,42.1838630673,-1.69274558309,True,-41.2137246847,-1.85618497712
mond_fixed,orientation_quality,NGC4183,23,10.2420386104,10.3549950933,-0.112956482915,True,-6.13375365724,-2.11047493686
mond_fixed,orientation_quality,NGC4214,14,22.7883752764,15.2788822769,7.50949299951,False,14.3701155278,-6.60455069353
mond_fixed,orientation_quality,NGC4389,6,32.6091242851,48.5011080323,-15.8919837472,True,-47.9931284925,-16.9626895972
mond_fixed,orientation_quality,NGC5907,19,19.4392354766,18.5953739594,0.843861517194,False,-4.34980464356,-1.98195616509
mond_fixed,orientation_quality,NGC5985,33,70.7850112872,69.4036270595,1.3813842277,False,66.6870181593,-1.45669422336
mond_fixed,orientation_quality,NGC6789,4,24.6059108527,15.3962465508,9.20966430185,False,12.280312744,-8.57328112635
mond_fixed,orientation_quality,NGC6946,58,16.4195039663,17.7281488931,-1.30864492682,True,-16.9423604066,-1.31430218753
mond_fixed,orientation_quality,NGC7331,36,27.2354049334,29.3116978909,-2.07629295746,True,-26.4519738949,-2.0222949792
mond_fixed,orientation_quality,UGC00731,12,10.9348488364,11.4668275502,-0.531978713791,True,1.33977588419,-1.48680955436
mond_fixed,orientation_quality,UGC00891,5,6.24875349079,7.68208181519,-1.4333283244,True,-6.72066731945,-9.04433377005
mond_fixed,orientation_quality,UGC02023,5,10.1575109542,13.9798370611,-3.82232610691,True,-13.4524527211,-7.95795719265
mond_fixed,orientation_quality,UGC02259,8,21.9986238088,13.6614424112,8.33718139767,False,12.5665613162,-9.1740960121
mond_fixed,orientation_quality,UGC03580,47,21.018849128,27.172709352,-6.15386022404,True,-22.8705007897,-8.14222131806
mond_fixed,orientation_quality,UGC04305,22,12.2232972933,26.5883649538,-14.3650676605,True,-23.8975683262,-14.5159323135
mond_fixed,orientation_quality,UGC04499,9,7.26685301895,8.98502207234,-1.71816905339,True,-8.25384621664,-1.47794763357
mond_fixed,orientation_quality,UGC05414,6,6.85523281741,8.26188438193,-1.40665156452,True,-8.22490329076,-1.61238380227
mond_fixed,orientation_quality,UGC05716,12,6.76488995618,5.60564760632,1.15924234986,False,-1.27376686648,-7.31461490947
mond_fixed,orientation_quality,UGC05829,11,3.15530169125,8.60690583779,-5.45160414655,True,-6.0023199223,-7.14582933125
mond_fixed,orientation_quality,UGC05986,15,23.4567488974,15.0593011046,8.39744779276,False,12.8450182826,-9.48807585334
mond_fixed,orientation_quality,UGC06818,8,9.17722459675,13.6636221572,-4.4863975605,True,-10.7031095583,-9.37192988561
mond_fixed,orientation_quality,UGC06917,11,5.42255692479,4.61507974074,0.807477184051,False,2.4087024854,-1.74110896288
mond_fixed,orientation_quality,UGC06983,17,9.46087594301,9.14897162402,0.311904318986,False,4.29630099672,-1.89892396007
mond_fixed,orientation_quality,UGC07151,11,5.35347642436,5.61595156847,-0.262475144115,True,-3.63358165859,-1.81598872034
mond_fixed,orientation_quality,UGC07261,7,7.74002574433,4.6168187434,3.12320700093,False,-0.276142060179,-7.48356034954
mond_fixed,orientation_quality,UGC07577,9,4.90391862014,13.1257661877,-8.22184756755,True,-12.3640255608,-9.27585428876
mond_fixed,orientation_quality,UGC07603,12,7.73374858843,6.81565756724,0.91809102119,False,4.93008994023,-1.70674569189
mond_fixed,orientation_quality,UGC08699,41,17.2365711296,13.4781673011,3.75840382854,False,4.51526886781,-7.06295927008
mond_fixed,orientation_quality,UGC11914,65,29.5896103073,30.1976255554,-0.608015248084,True,28.4146652095,0.833520070168
mond_fixed,orientation_quality,UGC12506,31,45.943920943,38.122710351,7.82121059198,False,30.6563789721,-9.20189324616
mond_fixed,orientation_quality,UGCA444,36,5.73605612835,4.92757145042,0.808484677932,False,-4.18117112529,-9.03405826928
mond_fixed,observer_geometry,CamB,9,10.8175066586,15.6235241636,-4.80601750501,True,-15.2680887393,-5.18911946429
mond_fixed,observer_geometry,ESO116-G012,15,11.127070692,9.10866749397,2.01840319803,False,6.66340956587,-2.3721174314
mond_fixed,observer_geometry,F561-1,6,12.4350167092,32.526021423,-20.0910047138,True,-30.6037684047,-18.8910138144
mond_fixed,observer_geometry,F563-1,17,19.5770080776,18.4456886836,1.13131939396,False,15.0143957452,-1.7873465171
mond_fixed,observer_geometry,F568-1,12,32.3295191707,29.9741920645,2.35532710621,False,26.3962162889,-2.2107238911
mond_fixed,observer_geometry,IC2574,34,9.44138018892,13.5131703068,-4.07179011792,True,-13.2801248996,-4.51709604015
mond_fixed,observer_geometry,IC4202,32,25.8077657768,26.1280353748,-0.320269597978,True,-4.09746751578,-7.37659673951
mond_fixed,observer_geometry,NGC0024,29,21.008412268,20.6526241692,0.355788098806,False,19.2184775832,-0.434130965041
mond_fixed,observer_geometry,NGC2683,11,12.299901148,14.1510198847,-1.85111873673,True,-8.15082702699,-7.77886896365
mond_fixed,observer_geometry,NGC3726,12,18.6340608956,26.3253525031,-7.69129160747,True,-24.3765924448,-10.1945521875
mond_fixed,observer_geometry,NGC3949,7,9.19405785099,11.2979077692,-2.10384991821,True,-9.03891456197,-11.1534019676
mond_fixed,observer_geometry,NGC3972,10,8.69539023634,6.77474857572,1.92064166062,False,3.49245524229,-3.0966527159
mond_fixed,observer_geometry,NGC4013,36,8.66711399965,14.3342275693,-5.66711356968,True,-11.6526486052,-11.8742500478
mond_fixed,observer_geometry,NGC4088,12,39.9662479645,42.1838630673,-2.21761510279,True,-41.2137246847,-2.38016899282
mond_fixed,observer_geometry,NGC4183,23,9.66138029395,10.3549950933,-0.693614799352,True,-6.13375365724,-2.80233004357
mond_fixed,observer_geometry,NGC4214,14,16.5566370676,15.2788822769,1.27775479074,False,14.3701155278,-0.840933088547
mond_fixed,observer_geometry,NGC4389,6,31.0558171218,48.5011080323,-17.4452909105,True,-47.9931284925,-18.7133373516
mond_fixed,observer_geometry,NGC5907,19,19.6484393596,18.5953739594,1.05306540018,False,-4.34980464356,-2.07961804371
mond_fixed,observer_geometry,NGC5985,33,72.8339436857,69.4036270595,3.4303166262,False,66.6870181593,-3.95020323356
mond_fixed,observer_geometry,NGC6789,4,18.9845919737,15.3962465508,3.58834542285,False,12.280312744,-3.74930741826
mond_fixed,observer_geometry,NGC6946,58,17.9870554868,17.7281488931,0.25890659376,False,-16.9423604066,0.283216664944
mond_fixed,observer_geometry,NGC7331,36,27.316832987,29.3116978909,-1.99486490389,True,-26.4519738949,-1.90096117094
mond_fixed,observer_geometry,UGC00731,12,9.8916504054,11.4668275502,-1.57517714483,True,1.33977588419,-1.9009221293
mond_fixed,observer_geometry,UGC00891,5,7.27988871844,7.68208181519,-0.402193096743,True,-6.72066731945,-9.68247035462
mond_fixed,observer_geometry,UGC02023,5,10.9896066017,13.9798370611,-2.99023045938,True,-13.4524527211,-6.69974795553
mond_fixed,observer_geometry,UGC02259,8,22.6685311418,13.6614424112,9.00708873065,False,12.5665613162,-9.93334631481
mond_fixed,observer_geometry,UGC03580,47,20.8864669339,27.172709352,-6.28624241814,True,-22.8705007897,-9.04435483363
mond_fixed,observer_geometry,UGC04305,22,16.9234156737,26.5883649538,-9.66494928013,True,-23.8975683262,-10.4298884494
mond_fixed,observer_geometry,UGC04499,9,6.92108603058,8.98502207234,-2.06393604176,True,-8.25384621664,-1.84672059088
mond_fixed,observer_geometry,UGC05414,6,7.27113628667,8.26188438193,-0.990748095262,True,-8.22490329076,-1.44214424916
mond_fixed,observer_geometry,UGC05716,12,7.21058456028,5.60564760632,1.60493695396,False,-1.27376686648,-7.93862399915
mond_fixed,observer_geometry,UGC05829,11,2.96385772348,8.60690583779,-5.64304811431,True,-6.0023199223,-5.66444633753
mond_fixed,observer_geometry,UGC05986,15,24.5117094602,15.0593011046,9.45240835564,False,12.8450182826,-10.4366640054
mond_fixed,observer_geometry,UGC06818,8,9.39413034056,13.6636221572,-4.26949181668,True,-10.7031095583,-10.734985079
mond_fixed,observer_geometry,UGC06917,11,5.8057266323,4.61507974074,1.19064689156,False,2.4087024854,-2.16318231551
mond_fixed,observer_geometry,UGC06983,17,9.49937988404,9.14897162402,0.350408260019,False,4.29630099672,-2.41301744891
mond_fixed,observer_geometry,UGC07151,11,7.64262960072,5.61595156847,2.02667803225,False,-3.63358165859,0.526180540615
mond_fixed,observer_geometry,UGC07261,7,7.29140634038,4.6168187434,2.67458759698,False,-0.276142060179,-6.96278699096
mond_fixed,observer_geometry,UGC07577,9,8.72946024276,13.1257661877,-4.39630594493,True,-12.3640255608,-5.35029168221
mond_fixed,observer_geometry,UGC07603,12,6.55866467399,6.81565756724,-0.256992893246,True,4.93008994023,-0.188510658881
mond_fixed,observer_geometry,UGC08699,41,18.7843413047,13.4781673011,5.3061740036,False,4.51526886781,-8.94415066678
mond_fixed,observer_geometry,UGC11914,65,29.2752837307,30.1976255554,-0.922341824674,True,28.4146652095,1.29548755478
mond_fixed,observer_geometry,UGC12506,31,49.7907736781,38.122710351,11.6680633272,False,30.6563789721,-14.3754601769
mond_fixed,observer_geometry,UGCA444,36,4.40897941292,4.92757145042,-0.518592037501,True,-4.18117112529,-3.9106507043
mond_fixed,morphology_proxy,CamB,9,11.772353212,15.6235241636,-3.85117095156,True,-15.2680887393,-3.90253190101
mond_fixed,morphology_proxy,ESO116-G012,15,13.2401356927,9.10866749397,4.13146819878,False,6.66340956587,-4.48535481154
mond_fixed,morphology_proxy,F561-1,6,26.3194971716,32.526021423,-6.20652425136,True,-30.6037684047,-6.00711671219
mond_fixed,morphology_proxy,F563-1,17,22.2445088165,18.4456886836,3.79882013288,False,15.0143957452,-4.71425372823
mond_fixed,morphology_proxy,F568-1,12,34.7142824958,29.9741920645,4.74009043124,False,26.3962162889,-5.1300000693
mond_fixed,morphology_proxy,IC2574,34,9.15390874786,13.5131703068,-4.35926155898,True,-13.2801248996,-4.40673867669
mond_fixed,morphology_proxy,IC4202,32,26.3886339967,26.1280353748,0.260598621909,False,-4.09746751578,-5.57122992134
mond_fixed,morphology_proxy,NGC0024,29,23.9432376075,20.6526241692,3.29061343831,False,19.2184775832,-3.46233155701
mond_fixed,morphology_proxy,NGC2683,11,11.6282516014,14.1510198847,-2.52276828335,True,-8.15082702699,-4.30587035049
mond_fixed,morphology_proxy,NGC3726,12,22.6461479812,26.3253525031,-3.67920452188,True,-24.3765924448,-4.45200806727
mond_fixed,morphology_proxy,NGC3949,7,8.34813460273,11.2979077692,-2.94977316647,True,-9.03891456197,-6.51982519335
mond_fixed,morphology_proxy,NGC3972,10,10.7840100771,6.77474857572,4.00926150134,False,3.49245524229,-5.10835593495
mond_fixed,morphology_proxy,NGC4013,36,11.5710770708,14.3342275693,-2.7631504985,True,-11.6526486052,-4.64455136066
mond_fixed,morphology_proxy,NGC4088,12,37.2761692763,42.1838630673,-4.90769379099,True,-41.2137246847,-5.05336435842
mond_fixed,morphology_proxy,NGC4183,23,7.77693904151,10.3549950933,-2.57805605178,True,-6.13375365724,-3.98817178158
mond_fixed,morphology_proxy,NGC4214,14,19.4465564316,15.2788822769,4.16767415471,False,14.3701155278,-4.28264858614
mond_fixed,morphology_proxy,NGC4389,6,42.6929287843,48.5011080323,-5.80817924794,True,-47.9931284925,-6.06766586424
mond_fixed,morphology_proxy,NGC5907,19,17.2115037477,18.5953739594,-1.38387021175,True,-4.34980464356,-4.62460006205
mond_fixed,morphology_proxy,NGC5985,33,73.903779643,69.4036270595,4.50015258353,False,66.6870181593,-4.95517507082
mond_fixed,morphology_proxy,NGC6789,4,20.7380563388,15.3962465508,5.34180978799,False,12.280312744,-5.33828665243
mond_fixed,morphology_proxy,NGC6946,58,12.6869377425,17.7281488931,-5.04121115056,True,-16.9423604066,-5.3462415419
mond_fixed,morphology_proxy,NGC7331,36,25.8227903614,29.3116978909,-3.48890752946,True,-26.4519738949,-4.66982951941
mond_fixed,morphology_proxy,UGC00731,12,11.5380324519,11.4668275502,0.0712049017053,False,1.33977588419,-4.36287395463
mond_fixed,morphology_proxy,UGC00891,5,5.41192100228,7.68208181519,-2.27016081291,True,-6.72066731945,-4.85534591978
mond_fixed,morphology_proxy,UGC02023,5,8.60385803648,13.9798370611,-5.37597902459,True,-13.4524527211,-6.41409070381
mond_fixed,morphology_proxy,UGC02259,8,17.7059134323,13.6614424112,4.04447102118,False,12.5665613162,-4.61467594119
mond_fixed,morphology_proxy,UGC03580,47,24.5869188284,27.172709352,-2.58579052359,True,-22.8705007897,-3.33993725314
mond_fixed,morphology_proxy,UGC04305,22,22.1070875462,26.5883649538,-4.48127740759,True,-23.8975683262,-4.41050600391
mond_fixed,morphology_proxy,UGC04499,9,4.61319782105,8.98502207234,-4.37182425129,True,-8.25384621664,-4.72867628567
mond_fixed,morphology_proxy,UGC05414,6,3.11241366186,8.26188438193,-5.14947072006,True,-8.22490329076,-5.81179552239
mond_fixed,morphology_proxy,UGC05716,12,5.14918766778,5.60564760632,-0.45645993854,True,-1.27376686648,-3.78619177438
mond_fixed,morphology_proxy,UGC05829,11,4.86348967356,8.60690583779,-3.74341616423,True,-6.0023199223,-5.23374068402
mond_fixed,morphology_proxy,UGC05986,15,20.1038131283,15.0593011046,5.04451202366,False,12.8450182826,-5.25345816525
mond_fixed,morphology_proxy,UGC06818,8,11.2999759311,13.6636221572,-2.36364622615,True,-10.7031095583,-4.57550386142
mond_fixed,morphology_proxy,UGC06917,11,8.62347967482,4.61507974074,4.00839993408,False,2.4087024854,-5.27928935077
mond_fixed,morphology_proxy,UGC06983,17,11.2545461027,9.14897162402,2.10557447868,False,4.29630099672,-4.42218706426
mond_fixed,morphology_proxy,UGC07151,11,3.59396357499,5.61595156847,-2.02198799348,True,-3.63358165859,-4.48553766341
mond_fixed,morphology_proxy,UGC07261,7,6.46707422645,4.6168187434,1.85025548305,False,-0.276142060179,-5.69657342401
mond_fixed,morphology_proxy,UGC07577,9,8.73103110087,13.1257661877,-4.39473508682,True,-12.3640255608,-4.36612758289
mond_fixed,morphology_proxy,UGC07603,12,10.3359377951,6.81565756724,3.52028022783,False,4.93008994023,-3.89961000548
mond_fixed,morphology_proxy,UGC08699,41,15.380156015,13.4781673011,1.90198871395,False,4.51526886781,-3.78855641878
mond_fixed,morphology_proxy,UGC11914,65,35.1381652662,30.1976255554,4.94053971081,False,28.4146652095,-5.13526574423
mond_fixed,morphology_proxy,UGC12506,31,41.3595880228,38.122710351,3.23687767181,False,30.6563789721,-5.13124166606
mond_fixed,morphology_proxy,UGCA444,36,2.70528659458,4.92757145042,-2.22228485584,True,-4.18117112529,-3.27703696297
mond_fixed,morphology_plus_distance,CamB,9,11.9716360612,15.6235241636,-3.65188810234,True,-15.2680887393,-3.69585060995
mond_fixed,morphology_plus_distance,ESO116-G012,15,13.3882664905,9.10866749397,4.2795989965,False,6.66340956587,-4.54417593108
mond_fixed,morphology_plus_distance,F561-1,6,25.8545524964,32.526021423,-6.67146892654,True,-30.6037684047,-6.40114250329
mond_fixed,morphology_plus_distance,F563-1,17,22.3842350136,18.4456886836,3.93854632998,False,15.0143957452,-4.8919586266
mond_fixed,morphology_plus_distance,F568-1,12,34.9920146516,29.9741920645,5.0178225871,False,26.3962162889,-5.40399753817
mond_fixed,morphology_plus_distance,IC2574,34,9.47035403021,13.5131703068,-4.04281627663,True,-13.2801248996,-4.07859953916
mond_fixed,morphology_plus_distance,IC4202,32,26.4762927392,26.1280353748,0.34825736445,False,-4.09746751578,-5.85728288433
mond_fixed,morphology_plus_distance,NGC0024,29,23.7863431031,20.6526241692,3.13371893396,False,19.2184775832,-3.29526040901
mond_fixed,morphology_plus_distance,NGC2683,11,11.6783417905,14.1510198847,-2.47267809416,True,-8.15082702699,-4.13642904913
mond_fixed,morphology_plus_distance,NGC3726,12,22.7157617296,26.3253525031,-3.60959077351,True,-24.3765924448,-4.4165548844
mond_fixed,morphology_plus_distance,NGC3949,7,8.43054348309,11.2979077692,-2.86736428611,True,-9.03891456197,-6.59151572457
mond_fixed,morphology_plus_distance,NGC3972,10,10.9211365644,6.77474857572,4.14638798865,False,3.49245524229,-5.20754032444
mond_fixed,morphology_plus_distance,NGC4013,36,11.6301931356,14.3342275693,-2.70403443376,True,-11.6526486052,-4.62443103541
mond_fixed,morphology_plus_distance,NGC4088,12,37.2906559066,42.1838630673,-4.89320716066,True,-41.2137246847,-5.04307566146
mond_fixed,morphology_plus_distance,NGC4183,23,7.70605921118,10.3549950933,-2.64893588212,True,-6.13375365724,-3.98898717666
mond_fixed,morphology_plus_distance,NGC4214,14,19.1354316731,15.2788822769,3.85654939618,False,14.3701155278,-3.96581656916
mond_fixed,morphology_plus_distance,NGC4389,6,42.5944601187,48.5011080323,-5.90664791351,True,-47.9931284925,-6.19656448785
mond_fixed,morphology_plus_distance,NGC5907,19,17.2020243764,18.5953739594,-1.39334958297,True,-4.34980464356,-4.51685976418
mond_fixed,morphology_plus_distance,NGC5985,33,73.9682567031,69.4036270595,4.56462964366,False,66.6870181593,-5.05816672666
mond_fixed,morphology_plus_distance,NGC6789,4,20.5352848321,15.3962465508,5.13903828127,False,12.280312744,-5.10940193953
mond_fixed,morphology_plus_distance,NGC6946,58,12.8695978792,17.7281488931,-4.85855101387,True,-16.9423604066,-5.14855090314
mond_fixed,morphology_plus_distance,NGC7331,36,25.9586324733,29.3116978909,-3.35306541757,True,-26.4519738949,-4.53030316616
mond_fixed,morphology_plus_distance,UGC00731,12,11.4080629994,11.4668275502,-0.058764550808,True,1.33977588419,-4.38867504263
mond_fixed,morphology_plus_distance,UGC00891,5,5.58096708616,7.68208181519,-2.10111472902,True,-6.72066731945,-4.9361228316
mond_fixed,morphology_plus_distance,UGC02023,5,8.63546002585,13.9798370611,-5.34437703522,True,-13.4524527211,-6.51574523431
mond_fixed,morphology_plus_distance,UGC02259,8,17.7412811758,13.6614424112,4.07983876465,False,12.5665613162,-4.69376609252
mond_fixed,morphology_plus_distance,UGC03580,47,24.710470422,27.172709352,-2.46223893004,True,-22.8705007897,-3.26719671833
mond_fixed,morphology_plus_distance,UGC04305,22,22.4053161849,26.5883649538,-4.18304876893,True,-23.8975683262,-4.10533453204
mond_fixed,morphology_plus_distance,UGC04499,9,4.51801541772,8.98502207234,-4.46700665462,True,-8.25384621664,-4.82000565691
mond_fixed,morphology_plus_distance,UGC05414,6,3.19483161711,8.26188438193,-5.06705276481,True,-8.22490329076,-5.87248479506
mond_fixed,morphology_plus_distance,UGC05716,12,5.07093033055,5.60564760632,-0.534717275765,True,-1.27376686648,-3.94502137664
mond_fixed,morphology_plus_distance,UGC05829,11,4.71785783454,8.60690583779,-3.88904800325,True,-6.0023199223,-5.2142465205
mond_fixed,morphology_plus_distance,UGC05986,15,20.1282470622,15.0593011046,5.06894595759,False,12.8450182826,-5.22398204896
mond_fixed,morphology_plus_distance,UGC06818,8,11.3452640988,13.6636221572,-2.31835805849,True,-10.7031095583,-4.6953762029
mond_fixed,morphology_plus_distance,UGC06917,11,8.69293281337,4.61507974074,4.07785307263,False,2.4087024854,-5.34477518118
mond_fixed,morphology_plus_distance,UGC06983,17,11.2357417558,9.14897162402,2.08677013175,False,4.29630099672,-4.44368673274
mond_fixed,morphology_plus_distance,UGC07151,11,3.56037107122,5.61595156847,-2.05558049725,True,-3.63358165859,-4.34321986817
mond_fixed,morphology_plus_distance,UGC07261,7,6.46868612941,4.6168187434,1.851867386,False,-0.276142060179,-5.8123683284
mond_fixed,morphology_plus_distance,UGC07577,9,9.00476127572,13.1257661877,-4.12100491198,True,-12.3640255608,-4.08028372793
mond_fixed,morphology_plus_distance,UGC07603,12,10.3625367163,6.81565756724,3.54687914902,False,4.93008994023,-3.84530455603
mond_fixed,morphology_plus_distance,UGC08699,41,15.4885384694,13.4781673011,2.0103711683,False,4.51526886781,-3.84715230921
mond_fixed,morphology_plus_distance,UGC11914,65,35.151996233,30.1976255554,4.95437067769,False,28.4146652095,-5.13304794155
mond_fixed,morphology_plus_distance,UGC12506,31,41.4603739363,38.122710351,3.33766358534,False,30.6563789721,-5.32611778084
mond_fixed,morphology_plus_distance,UGCA444,36,2.88987070411,4.92757145042,-2.03770074631,True,-4.18117112529,-2.80972823267
mond_fixed,morphology_plus_orientation,CamB,9,13.7706025384,15.6235241636,-1.85292162514,True,-15.2680887393,-2.3075120564
mond_fixed,morphology_plus_orientation,ESO116-G012,15,9.36645133729,9.10866749397,0.257783843327,False,6.66340956587,-1.09268495135
mond_fixed,morphology_plus_orientation,F561-1,6,11.9847628709,32.526021423,-20.541258552,True,-30.6037684047,-19.2888272417
mond_fixed,morphology_plus_orientation,F563-1,17,21.0244188039,18.4456886836,2.57873012024,False,15.0143957452,-3.20054965567
mond_fixed,morphology_plus_orientation,F568-1,12,35.9718520454,29.9741920645,5.99765998088,False,26.3962162889,-5.52079690239
mond_fixed,morphology_plus_orientation,IC2574,34,6.05408494786,13.5131703068,-7.45908535898,True,-13.2801248996,-7.91877399556
mond_fixed,morphology_plus_orientation,IC4202,32,26.6922045095,26.1280353748,0.564169134677,False,-4.09746751578,-13.6646904379
mond_fixed,morphology_plus_orientation,NGC0024,29,21.4533652298,20.6526241692,0.800741060656,False,19.2184775832,-0.845504943309
mond_fixed,morphology_plus_orientation,NGC2683,11,14.7887319325,14.1510198847,0.63771204784,False,-8.15082702699,-4.78755191604
mond_fixed,morphology_plus_orientation,NGC3726,12,19.8239033422,26.3253525031,-6.50144916097,True,-24.3765924448,-10.1423993662
mond_fixed,morphology_plus_orientation,NGC3949,7,11.9892443854,11.2979077692,0.691336616156,False,-9.03891456197,-16.0467142819
mond_fixed,morphology_plus_orientation,NGC3972,10,6.60278338547,6.77474857572,-0.171965190245,True,3.49245524229,-0.371698397579
mond_fixed,morphology_plus_orientation,NGC4013,36,9.79080050631,14.3342275693,-4.54342706301,True,-11.6526486052,-6.47167025869
mond_fixed,morphology_plus_orientation,NGC4088,12,37.4417348752,42.1838630673,-4.74212819211,True,-41.2137246847,-4.94885349746
mond_fixed,morphology_plus_orientation,NGC4183,23,10.0099487859,10.3549950933,-0.345046307359,True,-6.13375365724,-0.194870104102
mond_fixed,morphology_plus_orientation,NGC4214,14,16.8023054664,15.2788822769,1.52342318948,False,14.3701155278,-1.55737748818
mond_fixed,morphology_plus_orientation,NGC4389,6,32.1847271268,48.5011080323,-16.3163809055,True,-47.9931284925,-16.9430590162
mond_fixed,morphology_plus_orientation,NGC5907,19,15.9532575362,18.5953739594,-2.64211642325,True,-4.34980464356,-5.75455830997
mond_fixed,morphology_plus_orientation,NGC5985,33,69.4674919463,69.4036270595,0.0638648867785,False,66.6870181593,-0.625164355232
mond_fixed,morphology_plus_orientation,NGC6789,4,19.2342577706,15.3962465508,3.83801121982,False,12.280312744,-5.07125279713
mond_fixed,morphology_plus_orientation,NGC6946,58,15.3325182552,17.7281488931,-2.39563063786,True,-16.9423604066,-2.25527163326
mond_fixed,morphology_plus_orientation,NGC7331,36,27.2499886645,29.3116978909,-2.06170922644,True,-26.4519738949,-3.53039716515
mond_fixed,morphology_plus_orientation,UGC00731,12,9.99363337215,11.4668275502,-1.47319417808,True,1.33977588419,-3.99406239402
mond_fixed,morphology_plus_orientation,UGC00891,5,5.50478676181,7.68208181519,-2.17729505337,True,-6.72066731945,-8.05900576725
mond_fixed,morphology_plus_orientation,UGC02023,5,7.63677841579,13.9798370611,-6.34305864528,True,-13.4524527211,-10.5329954578
mond_fixed,morphology_plus_orientation,UGC02259,8,19.2423718159,13.6614424112,5.58092940479,False,12.5665613162,-6.33654007472
mond_fixed,morphology_plus_orientation,UGC03580,47,21.4212649033,27.172709352,-5.75144444875,True,-22.8705007897,-6.53744904855
mond_fixed,morphology_plus_orientation,UGC04305,22,14.0253577027,26.5883649538,-12.5630072511,True,-23.8975683262,-12.4823370761
mond_fixed,morphology_plus_orientation,UGC04499,9,9.25336189443,8.98502207234,0.268339822092,False,-8.25384621664,0.59051962625
mond_fixed,morphology_plus_orientation,UGC05414,6,4.24453424286,8.26188438193,-4.01735013907,True,-8.22490329076,-4.18221449286
mond_fixed,morphology_plus_orientation,UGC05716,12,4.30592494153,5.60564760632,-1.29972266479,True,-1.27376686648,-2.90149227838
mond_fixed,morphology_plus_orientation,UGC05829,11,4.35134950951,8.60690583779,-4.25555632828,True,-6.0023199223,-10.0479962315
mond_fixed,morphology_plus_orientation,UGC05986,15,29.061078346,15.0593011046,14.0017772414,False,12.8450182826,-14.7254848748
mond_fixed,morphology_plus_orientation,UGC06818,8,9.85268946557,13.6636221572,-3.81093269167,True,-10.7031095583,-7.41379386688
mond_fixed,morphology_plus_orientation,UGC06917,11,6.87070129384,4.61507974074,2.2556215531,False,2.4087024854,-3.11544301752
mond_fixed,morphology_plus_orientation,UGC06983,17,6.42681539577,9.14897162402,-2.72215622825,True,4.29630099672,1.0257063277
mond_fixed,morphology_plus_orientation,UGC07151,11,9.42140433759,5.61595156847,3.80545276912,False,-3.63358165859,3.11673482706
mond_fixed,morphology_plus_orientation,UGC07261,7,10.1568546424,4.6168187434,5.54003589903,False,-0.276142060179,-9.89807424568
mond_fixed,morphology_plus_orientation,UGC07577,9,7.84602644669,13.1257661877,-5.279739741,True,-12.3640255608,-4.98536297989
mond_fixed,morphology_plus_orientation,UGC07603,12,2.55398417497,6.81565756724,-4.26167339227,True,4.93008994023,4.9838625649
mond_fixed,morphology_plus_orientation,UGC08699,41,16.3344786631,13.4781673011,2.85631136197,False,4.51526886781,-7.68665837739
mond_fixed,morphology_plus_orientation,UGC11914,65,33.308664698,30.1976255554,3.11103914263,False,28.4146652095,-3.21457208657
mond_fixed,morphology_plus_orientation,UGC12506,31,50.1079230488,38.122710351,11.9852126978,False,30.6563789721,-17.3547353147
mond_fixed,morphology_plus_orientation,UGCA444,36,3.63803959064,4.92757145042,-1.28953185978,True,-4.18117112529,-4.76267122038
mond_fixed,combined,CamB,9,12.1397161299,15.6235241636,-3.48380803371,True,-15.2680887393,-3.52469842239
mond_fixed,combined,ESO116-G012,15,11.2308491794,9.10866749397,2.12218168541,False,6.66340956587,-2.23685816121
mond_fixed,combined,F561-1,6,15.5867742866,32.526021423,-16.9392471364,True,-30.6037684047,-16.1483311786
mond_fixed,combined,F563-1,17,20.8608484533,18.4456886836,2.41515976961,False,15.0143957452,-3.30324776482
mond_fixed,combined,F568-1,12,34.9915486882,29.9741920645,5.01735662364,False,26.3962162889,-5.11324666831
mond_fixed,combined,IC2574,34,7.52565155428,13.5131703068,-5.98751875256,True,-13.2801248996,-6.16038615494
mond_fixed,combined,IC4202,32,26.5223055461,26.1280353748,0.394270171292,False,-4.09746751578,-8.83898379228
mond_fixed,combined,NGC0024,29,21.4916131315,20.6526241692,0.838988962284,False,19.2184775832,-0.885922068647
mond_fixed,combined,NGC2683,11,12.2724509551,14.1510198847,-1.87856892962,True,-8.15082702699,-5.25016730968
mond_fixed,combined,NGC3726,12,20.3477559334,26.3253525031,-5.97759656973,True,-24.3765924448,-7.89976995318
mond_fixed,combined,NGC3949,7,10.2009722474,11.2979077692,-1.09693552182,True,-9.03891456197,-13.10822879
mond_fixed,combined,NGC3972,10,9.34188060155,6.77474857572,2.56713202583,False,3.49245524229,-3.4404293517
mond_fixed,combined,NGC4013,36,10.0884201557,14.3342275693,-4.24580741366,True,-11.6526486052,-7.72721031403
mond_fixed,combined,NGC4088,12,37.9972361461,42.1838630673,-4.18662692121,True,-41.2137246847,-4.33592484983
mond_fixed,combined,NGC4183,23,9.116695999,10.3549950933,-1.2382990943,True,-6.13375365724,-1.46692985703
mond_fixed,combined,NGC4214,14,18.1059734936,15.2788822769,2.82709121668,False,14.3701155278,-2.90154473357
mond_fixed,combined,NGC4389,6,33.6359985541,48.5011080323,-14.8651094782,True,-47.9931284925,-15.7599647319
mond_fixed,combined,NGC5907,19,17.4915937818,18.5953739594,-1.10378017763,True,-4.34980464356,-2.39707177103
mond_fixed,combined,NGC5985,33,73.3273102946,69.4036270595,3.9236832351,False,66.6870181593,-4.56959609216
mond_fixed,combined,NGC6789,4,21.0272160614,15.3962465508,5.63096951056,False,12.280312744,-5.74784129707
mond_fixed,combined,NGC6946,58,14.1173159337,17.7281488931,-3.61083295939,True,-16.9423604066,-3.70901847074
mond_fixed,combined,NGC7331,36,27.115011443,29.3116978909,-2.19668644787,True,-26.4519738949,-3.18760513379
mond_fixed,combined,UGC00731,12,10.0893721928,11.4668275502,-1.37745535741,True,1.33977588419,-2.32057206367
mond_fixed,combined,UGC00891,5,6.19221935146,7.68208181519,-1.48986246373,True,-6.72066731945,-7.36159871494
mond_fixed,combined,UGC02023,5,7.73876682278,13.9798370611,-6.24107023829,True,-13.4524527211,-9.9304441126
mond_fixed,combined,UGC02259,8,19.3781804688,13.6614424112,5.71673805765,False,12.5665613162,-6.51197448296
mond_fixed,combined,UGC03580,47,22.4497294776,27.172709352,-4.72297987436,True,-22.8705007897,-6.08037519019
mond_fixed,combined,UGC04305,22,16.7040849318,26.5883649538,-9.884280022,True,-23.8975683262,-9.83400747248
mond_fixed,combined,UGC04499,9,6.96031606751,8.98502207234,-2.02470600483,True,-8.25384621664,-1.89867072971
mond_fixed,combined,UGC05414,6,4.3753776512,8.26188438193,-3.88650673073,True,-8.22490329076,-4.56420082177
mond_fixed,combined,UGC05716,12,4.83776426914,5.60564760632,-0.767883337178,True,-1.27376686648,-4.00993050366
mond_fixed,combined,UGC05829,11,3.28463144158,8.60690583779,-5.32227439621,True,-6.0023199223,-7.76757575269
mond_fixed,combined,UGC05986,15,25.2418374624,15.0593011046,10.1825363578,False,12.8450182826,-10.5486240101
mond_fixed,combined,UGC06818,8,10.4441057467,13.6636221572,-3.21951641058,True,-10.7031095583,-7.42838388636
mond_fixed,combined,UGC06917,11,7.5167527387,4.61507974074,2.90167299796,False,2.4087024854,-3.94593651219
mond_fixed,combined,UGC06983,17,8.94165464805,9.14897162402,-0.207316975972,True,4.29630099672,-1.83622212428
mond_fixed,combined,UGC07151,11,5.08850113814,5.61595156847,-0.527450430327,True,-3.63358165859,-0.70469355197
mond_fixed,combined,UGC07261,7,8.87312516364,4.6168187434,4.25630642024,False,-0.276142060179,-8.77159609494
mond_fixed,combined,UGC07577,9,7.81315368504,13.1257661877,-5.31261250266,True,-12.3640255608,-5.12406370176
mond_fixed,combined,UGC07603,12,5.74793447355,6.81565756724,-1.06772309369,True,4.93008994023,1.10630849314
mond_fixed,combined,UGC08699,41,16.7188822544,13.4781673011,3.24071495333,False,4.51526886781,-6.50650470753
mond_fixed,combined,UGC11914,65,33.5173846123,30.1976255554,3.31975905693,False,28.4146652095,-3.47816195708
mond_fixed,combined,UGC12506,31,46.246663266,38.122710351,8.12395291497,False,30.6563789721,-11.8347995371
mond_fixed,combined,UGCA444,36,3.02864922158,4.92757145042,-1.89892222884,True,-4.18117112529,-2.78916659259
