galaxy,r,velocity_km_s,velocity_error_km_s,v_gas_km_s,v_star_km_s,v_baryon_newton_km_s,figure_file,coordinate_calibration_uses_published_vobs,prospective_name_freeze,inclination_deg,gas_mass_1e7_msun,stellar_mass_kin_1e7_msun,r_median,r_max,gas_fraction,scale_radius_proxy_kpc,tail_inner_radius_proxy_kpc,tail_cutoff_radius_proxy_kpc,compact_support_radius_proxy_kpc,thickness_h_over_rs_proxy,kernel_K_exponential_disk,kernel_K_compact_finite,kernel_K_scale_tail_spiral,kernel_K_thick_flared,v_newton,v_tpg_v6,v_mond,v_K_compact_finite,v_K_scale_tail_spiral,v_K_exponential_disk,v_K_thick_flared
CVnIdwA,0.190000609551,3.969997781346,2.7299960788739996,3.873305652644957,0.5538453052230119,3.9127025571756593,rMD_DH_DM_profiles_cvnidwa.pdf,True,True,66.5,2.91,0.41,1.3900008672430002,2.589998687436,0.8765060240963856,0.8283676205262218,0.48650030353505,3.725073413405693,1.3900008672430002,0.47442771084337354,0.01970042819648863,0.013442027353588949,0.046628865958919075,0.008292847052617217,3.9127025571756593,9.334568030058337,10.569678167717948,25.87842793127001,9.636654210798287,8.69889581042734,9.159910699274487
CVnIdwA,0.370000160705,6.12000610173,2.270000048898,6.5823577414458505,1.179004377503975,6.68711333525503,rMD_DH_DM_profiles_cvnidwa.pdf,True,True,66.5,2.91,0.41,1.3900008672430002,2.589998687436,0.8765060240963856,0.8283676205262218,0.48650030353505,3.725073413405693,1.3900008672430002,0.47442771084337354,0.04924934427999984,0.05097516165904123,0.14429187887461634,0.02479916226034991,6.68711333525503,15.002979737240961,16.458548931169698,49.33844744371884,15.582800341097611,14.015419204706813,14.677524705354589
CVnIdwA,0.5600007702559999,7.540007284403999,2.0599966928519997,8.33938136202258,1.7400139499778886,8.518974706346254,rMD_DH_DM_profiles_cvnidwa.pdf,True,True,66.5,2.91,0.41,1.3900008672430002,2.589998687436,0.8765060240963856,0.8283676205262218,0.48650030353505,3.725073413405693,1.3900008672430002,0.47442771084337354,0.07983117195293575,0.11677020296118712,0.2536764377218354,0.04490008217918863,8.518974706346254,18.905838261127233,20.637458139712095,73.60767483682207,19.713166911837295,17.63457417036455,18.437500418902157
CVnIdwA,0.74000032141,9.040010877708,1.7900093599799998,8.2131217001103,1.955691985100155,8.442754242627679,rMD_DH_DM_profiles_cvnidwa.pdf,True,True,66.5,2.91,0.41,1.3900008672430002,2.589998687436,0.8765060240963856,0.8283676205262218,0.48650030353505,3.725073413405693,1.3900008672430002,0.47442771084337354,0.10472157539139341,0.20390064663616492,0.34265894763027316,0.06338535056073645,8.442754242627679,19.611933073568217,21.88646917705081,96.02812035817577,20.657748862454397,17.991444273347508,18.97204030001259
CVnIdwA,0.930000930961,10.20999561159,1.829998677864,8.002939279467693,1.955691985100155,8.238432390414566,rMD_DH_DM_profiles_cvnidwa.pdf,True,True,66.5,2.91,0.41,1.3900008672430002,2.589998687436,0.8765060240963856,0.8283676205262218,0.48650030353505,3.725073413405693,1.3900008672430002,0.47442771084337354,0.1255694959560623,0.32204870188686785,0.41750742716949724,0.08066087931105333,8.238432390414566,19.942141780084455,22.77226735737948,119.81166172901025,21.189690364372783,18.017271908700295,19.138190062209556
CVnIdwA,1.1100004821149998,12.00999041361,1.610009879778,8.139341534485702,2.0253461862622912,8.387544801025582,rMD_DH_DM_profiles_cvnidwa.pdf,True,True,66.5,2.91,0.41,1.3900008672430002,2.589998687436,0.8765060240963856,0.8283676205262218,0.48650030353505,3.725073413405693,1.3900008672430002,0.47442771084337354,0.140207120117872,0.4587764549313708,0.47252894505332954,0.09426340985047768,8.387544801025582,20.72131559882864,23.959389226221887,142.52055948736356,22.078254601678452,18.649090678631406,19.81554484417389
CVnIdwA,1.300001091666,13.609991076486,1.6300045387199995,7.719696434870126,1.955266467669284,7.963465326485602,rMD_DH_DM_profiles_cvnidwa.pdf,True,True,66.5,2.91,0.41,1.3900008672430002,2.589998687436,0.8765060240963856,0.8283676205262218,0.48650030353505,3.725073413405693,1.3900008672430002,0.47442771084337354,0.1507895085180535,0.629277524130631,0.5171244823761154,0.1055543065441002,7.963465326485602,20.412960016739348,24.189401289971904,166.39923794121847,21.914524397164655,18.136892590385617,19.379727797212965
CVnIdwA,1.48000064282,17.320010741862,1.680003073506,7.44183834963306,1.885806362694261,7.677058268610931,rMD_DH_DM_profiles_cvnidwa.pdf,True,True,66.5,2.91,0.41,1.3900008672430002,2.589998687436,0.8765060240963856,0.8283676205262218,0.48650030353505,3.725073413405693,1.3900008672430002,0.47442771084337354,0.15687141619435738,0.675675382204291,0.549284134864444,0.11348400789353784,7.677058268610931,20.233051299427487,24.465291005755255,172.31428497069348,21.83772895594135,17.835227327713405,19.109488022780358
CVnIdwA,1.6699988148719995,21.180002236734,1.6999977324479998,7.370484328573539,1.955035084867748,7.625365658170891,rMD_DH_DM_profiles_cvnidwa.pdf,True,True,66.5,2.91,0.41,1.3900008672430002,2.589998687436,0.8765060240963856,0.8283676205262218,0.48650030353505,3.725073413405693,1.3900008672430002,0.47442771084337354,0.15988005477720935,0.5988028201544844,0.5748647088526012,0.11923435919545095,7.625365658170891,20.461792490924598,25.08803067736578,162.38833359072777,22.12100780339703,18.045864928250808,19.29355503622241
CVnIdwA,1.8500008035249995,24.059993919965997,2.20000685517,8.003503733249925,2.096500983738266,8.273535422234017,rMD_DH_DM_profiles_cvnidwa.pdf,True,True,66.5,2.91,0.41,1.3900008672430002,2.589998687436,0.8765060240963856,0.8283676205262218,0.48650030353505,3.725073413405693,1.3900008672430002,0.47442771084337354,0.16015642017553852,0.540540305763433,0.5928079111833924,0.12253916895517027,8.273535422234017,22.02172885368234,26.829978415295127,154.6325505634761,23.618126391607007,19.793029532036783,20.9099397308964
CVnIdwA,2.039998975577,26.45000947224,2.710001419932,8.634077650804732,2.2366206019256354,8.919067697752045,rMD_DH_DM_profiles_cvnidwa.pdf,True,True,66.5,2.91,0.41,1.3900008672430002,2.589998687436,0.8765060240963856,0.8283676205262218,0.48650030353505,3.725073413405693,1.3900008672430002,0.47442771084337354,0.1583583092921361,0.4901963245923478,0.6064575758163253,0.1241405577314725,8.919067697752045,23.573101686186515,28.56520043455365,147.6486429645675,25.10434413611385,21.53009271099723,22.52412916105243
CVnIdwA,2.2200009642299996,25.919996473674,1.979994282222,8.424523100102565,2.5188068584383556,8.793007304345757,rMD_DH_DM_profiles_cvnidwa.pdf,True,True,66.5,2.91,0.41,1.3900008672430002,2.589998687436,0.8765060240963856,0.8283676205262218,0.48650030353505,3.725073413405693,1.3900008672430002,0.47442771084337354,0.15517341935059062,0.4504502548028608,0.6153526040937427,0.12420144081933221,8.793007304345757,23.594183298554523,28.927813758605378,141.69889359333942,25.145888427696,21.596122160216247,22.545665702032306
CVnIdwA,2.409999136282,23.810001246036,2.480003404944,8.423446012389542,2.589600781192633,8.812518081093211,rMD_DH_DM_profiles_cvnidwa.pdf,True,True,66.5,2.91,0.41,1.3900008672430002,2.589998687436,0.8765060240963856,0.8283676205262218,0.48650030353505,3.725073413405693,1.3900008672430002,0.47442771084337354,0.15069314092771222,0.41493790804536934,0.6213023505666713,0.1230508680105047,8.812518081093211,23.890784978427227,29.533310030886692,136.21161690819892,25.43877125061431,21.97916326600788,22.86568017314986
CVnIdwA,2.589998687436,23.580003231048,2.0599966928519997,8.215066005567603,2.7979807880145726,8.678479473152604,rMD_DH_DM_profiles_cvnidwa.pdf,True,True,66.5,2.91,0.41,1.3900008672430002,2.589998687436,0.8765060240963856,0.8283676205262218,0.48650030353505,3.725073413405693,1.3900008672430002,0.47442771084337354,0.1457253933410303,0.3861005817690054,0.6242890998618035,0.12107201275054141,8.678479473152604,23.845587079084698,29.80562404111133,131.53583985089085,25.40355461183372,21.9958334462531,22.835335376337365
DDO_126,0.130000595186,3.2100101536650003,2.9199991108400005,1.4298671782124743,0.7189219427876298,1.6004277263128266,rMD_DH_DM_profiles_ddo126.pdf,True,True,65.0,16.36,2.27,2.0000014255339997,3.859999026674,0.8781535158346753,1.1918959627735397,0.7000004989368999,5.554834884870099,2.0000014255339997,0.4751690821256039,0.008977296993825832,0.002112514826393496,0.011361484929130283,0.0031049197382983207,1.6004277263128266,4.620279433747736,6.034697429661245,10.625462460337237,4.76900105141105,4.015374565889075,4.4874899721592145
DDO_126,0.270001463543,7.119993591480001,1.7899814331000004,2.8065876959574014,1.4072571931129954,3.139634899581119,rMD_DH_DM_profiles_ddo126.pdf,True,True,65.0,16.36,2.27,2.0000014255339997,3.859999026674,0.8781535158346753,1.1918959627735397,0.7000004989368999,5.554834884870099,2.0000014255339997,0.4751690821256039,0.027831247154962848,0.009112579303968919,0.0456023807579142,0.011667387740851189,3.139634899581119,8.371782023552198,10.213874440848796,21.564167416185224,8.700087220483821,7.341128352728184,8.095807587984401
DDO_126,0.3999991026919999,8.66999523971,1.480004319815,3.698576898425984,2.099490327047226,4.2529202563574175,rMD_DH_DM_profiles_ddo126.pdf,True,True,65.0,16.36,2.27,2.0000014255339997,3.859999026674,0.8781535158346753,1.1918959627735397,0.7000004989368999,5.554834884870099,2.0000014255339997,0.4751690821256039,0.048668609704798506,0.01999986750353348,0.0912505588858859,0.022675748054496857,4.2529202563574175,11.01631078188207,13.151746427337415,31.434466690681077,11.514091313689105,9.645703609627168,10.60785263134018
DDO_126,0.5299996978779999,12.5499908779,2.6299880680150003,3.731288524518859,2.8180757417783653,4.675902580209067,rMD_DH_DM_profiles_ddo126.pdf,True,True,65.0,16.36,2.27,2.0000014255339997,3.859999026674,0.8781535158346753,1.1918959627735397,0.7000004989368999,5.554834884870099,2.0000014255339997,0.4751690821256039,0.07046399513571955,0.035112384887945186,0.14337690454275948,0.03541398778691997,4.675902580209067,12.264675135193995,14.777103173157004,40.891862860246896,12.963181178585504,10.460418544090656,11.688795604606854
DDO_126,0.6700005662349999,12.110002143015,2.9600086396300003,5.206342649453125,3.3097937948192513,6.169338598888751,rMD_DH_DM_profiles_ddo126.pdf,True,True,65.0,16.36,2.27,2.0000014255339997,3.859999026674,0.8781535158346753,1.1918959627735397,0.7000004989368999,5.554834884870099,2.0000014255339997,0.4751690821256039,0.09359978810101148,0.05611247485895596,0.20071511178732554,0.05008921675885729,6.169338598888751,15.480528581818023,18.08050331964751,51.68639867754427,16.257790633485726,13.608177980108012,14.836988096344069
DDO_126,0.800001161421,14.36001576933,3.039989003275,7.475321175523924,3.804124915648347,8.387597573268101,rMD_DH_DM_profiles_ddo126.pdf,True,True,65.0,16.36,2.27,2.0000014255339997,3.859999026674,0.8781535158346753,1.1918959627735397,0.7000004989368999,5.554834884870099,2.0000014255339997,0.4751690821256039,0.11399419564609244,0.08000006122003579,0.2517092135552443,0.06395186288105709,8.387597573268101,19.752129870651533,22.204448512978715,62.10667136476722,20.52030899123938,17.994865641169966,19.11115807844729
DDO_126,0.92999880057,16.760007087705002,2.6900023612000004,8.524938544044376,4.217388891730836,9.511095953875564,rMD_DH_DM_profiles_ddo126.pdf,True,True,65.0,16.36,2.27,2.0000014255339997,3.859999026674,0.8781535158346753,1.1918959627735397,0.7000004989368999,5.554834884870099,2.0000014255339997,0.4751690821256039,0.13290052445809597,0.10811198995656385,0.2988985607747763,0.07758636327377741,9.511095953875564,22.061022051890788,24.600673275271905,71.91740257623137,22.878482706311168,20.232546825680313,21.36510161743069
DDO_126,1.059999395756,19.450009448905,3.120008060855,8.92061384840055,4.514170527379983,9.997754096923057,rMD_DH_DM_profiles_ddo126.pdf,True,True,65.0,16.36,2.27,2.0000014255339997,3.859999026674,0.8781535158346753,1.1918959627735397,0.7000004989368999,5.554834884870099,2.0000014255339997,0.4751690821256039,0.15008503867621092,0.1404495395517808,0.34165287905863523,0.09068302379795566,9.997754096923057,23.298721027632435,26.044656519154078,81.42308744797766,24.183081262424732,21.342405153358325,22.527936353839397
DDO_126,1.200000264113,19.98998331183,3.0599937676700004,9.215883951005182,4.71106693897198,10.35020138460454,rMD_DH_DM_profiles_ddo126.pdf,True,True,65.0,16.36,2.27,2.0000014255339997,3.859999026674,0.8781535158346753,1.1918959627735397,0.7000004989368999,5.554834884870099,2.0000014255339997,0.4751690821256039,0.16654294708621972,0.1799996943401081,0.38269186815869977,0.1039405496542487,10.35020138460454,24.31917706161311,27.305127044028257,91.60982557542708,25.267712762295005,22.237662396891984,23.472023131143285
DDO_126,1.330000859299,22.550012745365,2.6799806320350004,10.328206874217392,4.916917488294334,11.438878215250218,rMD_DH_DM_profiles_ddo126.pdf,True,True,65.0,16.36,2.27,2.0000014255339997,3.859999026674,0.8781535158346753,1.1918959627735397,0.7000004989368999,5.554834884870099,2.0000014255339997,0.4751690821256039,0.17990107178869996,0.2211123129119931,0.4163918625939679,0.11531671658801959,11.438878215250218,26.486919470304038,29.509766588805984,101.41133414027247,27.43599374846446,24.431030974431355,25.62497222136121
DDO_126,1.460001454485,23.889983714415003,2.7899874892400005,10.921770145515683,5.11475514047242,12.060090516180496,rMD_DH_DM_profiles_ddo126.pdf,True,True,65.0,16.36,2.27,2.0000014255339997,3.859999026674,0.8781535158346753,1.1918959627735397,0.7000004989368999,5.554834884870099,2.0000014255339997,0.4751690821256039,0.19144438792956428,0.2664499611366651,0.4461989253021959,0.12570995394798812,12.060090516180496,27.872449018024675,31.023111631815805,111.0155221774135,28.839447223174588,25.79680038371621,26.979758722853802
DDO_126,1.599999366805,25.8699910623,2.51998121081,10.831341596258776,5.217556484999232,12.022514564308215,rMD_DH_DM_profiles_ddo126.pdf,True,True,65.0,16.36,2.27,2.0000014255339997,3.859999026674,0.8781535158346753,1.1918959627735397,0.7000004989368999,5.554834884870099,2.0000014255339997,0.4751690821256039,0.20193285902782462,0.3199990624672473,0.4743849587834997,0.13575737274584557,12.022514564308215,28.198346612034836,31.630212813156565,121.09278872769248,29.21388834197997,26.031618651892845,27.244579059785227
DDO_126,1.7299999619909998,27.629984695775,1.6600085054350002,11.225959450823153,5.316475184777168,12.42123480101222,rMD_DH_DM_profiles_ddo126.pdf,True,True,65.0,16.36,2.27,2.0000014255339997,3.859999026674,0.8781535158346753,1.1918959627735397,0.7000004989368999,5.554834884870099,2.0000014255339997,0.4751690821256039,0.20997477287020275,0.3741116835971504,0.4973168174405122,0.14401786528161115,12.42123480101222,29.189697478631444,32.776305744079714,130.63506924958324,30.218560701104295,27.015872975130993,28.212429560356444
DDO_126,1.860000557177,29.679989372075003,1.930014783865,11.42379710300124,5.415419168248229,12.64238525826396,rMD_DH_DM_profiles_ddo126.pdf,True,True,65.0,16.36,2.27,2.0000014255339997,3.859999026674,0.8781535158346753,1.1918959627735397,0.7000004989368999,5.554834884870099,2.0000014255339997,0.4751690821256039,0.21649880413205458,0.43244933437984073,0.5174777421484634,0.15126438053407132,12.64238525826396,29.874616911169902,33.647251949572556,140.1222634137455,30.920763187006326,27.68601555368214,28.87166162590519
DDO_126,2.0000014255339997,30.720004957005003,2.120002004715,11.640566621961826,5.617922437054742,12.92531793764064,rMD_DH_DM_profiles_ddo126.pdf,True,True,65.0,16.36,2.27,2.0000014255339997,3.859999026674,0.8781535158346753,1.1918959627735397,0.7000004989368999,5.554834884870099,2.0000014255339997,0.4751690821256039,0.22196606590318585,0.4999996436167541,0.5364430946695062,0.15797338780952397,12.92531793764064,30.671962841678734,34.62607327846626,150.36642656144082,31.728553562485388,28.48878221045898,29.65191644053876
DDO_126,2.1299990646829996,33.369997789415,2.390008283145,12.62895172914485,5.71658771863562,13.862532125190056,rMD_DH_DM_profiles_ddo126.pdf,True,True,65.0,16.36,2.27,2.0000014255339997,3.859999026674,0.8781535158346753,1.1918959627735397,0.7000004989368999,5.554834884870099,2.0000014255339997,0.4751690821256039,0.22572652328812254,0.46948377423293686,0.5517916586801493,0.16323470665338682,13.862532125190056,32.52037619207654,36.48208451958272,146.30226324907633,33.546879097907606,30.43399617912087,31.527644124545205
DDO_126,2.259999659869,34.76000001642,2.92998214607,13.321433826532193,5.71658771863562,14.496205515221275,rMD_DH_DM_profiles_ddo126.pdf,True,True,65.0,16.36,2.27,2.0000014255339997,3.859999026674,0.8781535158346753,1.1918959627735397,0.7000004989368999,5.554834884870099,2.0000014255339997,0.4751690821256039,0.22834431474766187,0.44247794269932084,0.5652073975659099,0.16761770181239072,14.496205515221275,33.85337180178379,37.885621254734424,142.556770317985,34.864277993051005,31.830500876897627,32.87492984248323
DDO_126,2.390000255055,34.23999222395501,2.5599907396,14.551982917739066,5.718425983658937,15.63523592942413,rMD_DH_DM_profiles_ddo126.pdf,True,True,65.0,16.36,2.27,2.0000014255339997,3.859999026674,0.8781535158346753,1.1918959627735397,0.7000004989368999,5.554834884870099,2.0000014255339997,0.4751690821256039,0.2299369873577124,0.41840999718930466,0.5768978371034319,0.17118121724530302,15.63523592942413,35.990453577413746,39.97691157972662,139.38659642632913,36.96236823646277,34.081021127225995,35.05188914121434
DDO_126,2.5300011234119997,36.63998354233001,2.9499869104650003,15.73195595268115,5.8167617534421625,16.77286962309692,rMD_DH_DM_profiles_ddo126.pdf,True,True,65.0,16.36,2.27,2.0000014255339997,3.859999026674,0.8781535158346753,1.1918959627735397,0.7000004989368999,5.554834884870099,2.0000014255339997,0.4751690821256039,0.23063428504918887,0.3952567414876813,0.5877685019776304,0.174170662839003,16.77286962309692,38.118813846591664,42.07347670682438,136.3192004385241,39.05488382404106,36.3158570707557,37.21829813355031
DDO_126,2.660001718598,36.740007364305,3.3399830813300007,16.523304465033856,5.915680317486252,17.550352248969308,rMD_DH_DM_profiles_ddo126.pdf,True,True,65.0,16.36,2.27,2.0000014255339997,3.859999026674,0.8781535158346753,1.1918959627735397,0.7000004989368999,5.554834884870099,2.0000014255339997,0.4751690821256039,0.23044892225742616,0.3759396067334375,0.5964369618702403,0.176225051535763,17.550352248969308,39.637386227840985,43.61857842365393,133.65562063072917,40.55154460446516,37.90814889183761,38.76183582693529
DDO_126,2.789999357747,37.97001017008501,3.23001491806,17.038529210237606,6.117177650716474,18.103351625004283,rMD_DH_DM_profiles_ddo126.pdf,True,True,65.0,16.36,2.27,2.0000014255339997,3.859999026674,0.8781535158346753,1.1918959627735397,0.7000004989368999,5.554834884870099,2.0000014255339997,0.4751690821256039,0.22956237026385043,0.35842302157643763,0.6038756629192813,0.17764630118923425,18.103351625004283,40.79578306469359,44.84625331942859,131.14058824062826,41.6955100216308,39.12438053277858,39.93870110727435
DDO_126,2.9300002261039997,38.740019476585005,3.1400128252500004,17.333530392491703,6.117177650716474,18.381271399929297,rMD_DH_DM_profiles_ddo126.pdf,True,True,65.0,16.36,2.27,2.0000014255339997,3.859999026674,0.8781535158346753,1.1918959627735397,0.7000004989368999,5.554834884870099,2.0000014255339997,0.4751690821256039,0.2279273895170386,0.34129690199024076,0.6106545625241337,0.17853650087654788,18.381271399929297,41.54070271516809,45.72703732676821,128.51834739468748,42.434452820976,39.91243650900187,40.69505087056591
DDO_126,3.0600008212899996,38.50998403301,2.87998958205,17.728927400966377,6.018484352082537,18.722633914195907,rMD_DH_DM_profiles_ddo126.pdf,True,True,65.0,16.36,2.27,2.0000014255339997,3.859999026674,0.8781535158346753,1.1918959627735397,0.7000004989368999,5.554834884870099,2.0000014255339997,0.4751690821256039,0.22586613583695506,0.32679729791001544,0.6159210923621155,0.17882921887776976,18.722633914195907,42.35538121070105,46.64652012928943,126.32070759841659,43.2397780652358,40.774383317165274,41.52495011987653
DDO_126,3.190001416476,37.619984834075005,2.4899934111850004,17.627720664363384,5.91550748645047,18.593809847448572,rMD_DH_DM_profiles_ddo126.pdf,True,True,65.0,16.36,2.27,2.0000014255339997,3.859999026674,0.8781535158346753,1.1918959627735397,0.7000004989368999,5.554834884870099,2.0000014255339997,0.4751690821256039,0.22335967206454838,0.313479484628161,0.6202960780501484,0.17866231430444032,18.593809847448572,42.42404669650004,46.91561236117601,124.03857054534284,43.31324898383848,40.863556229054176,41.59576799455105
DDO_126,3.329999328796,37.67001609203,2.7899874892400005,17.13606361083095,5.8171760757439825,18.09652490315897,rMD_DH_DM_profiles_ddo126.pdf,True,True,65.0,16.36,2.27,2.0000014255339997,3.859999026674,0.8781535158346753,1.1918959627735397,0.7000004989368999,5.554834884870099,2.0000014255339997,0.4751690821256039,0.2202412026882085,0.30030036082967065,0.6241100002734584,0.17802766738955156,18.09652490315897,41.90528055611007,46.68918345186774,121.53458268263911,42.81073568548086,40.34721324663792,41.06954979713005
DDO_126,3.4599999239819996,37.100015735545,2.359981789585,17.133859240390205,5.718293990038224,18.062890649782833,rMD_DH_DM_profiles_ddo126.pdf,True,True,65.0,16.36,2.27,2.0000014255339997,3.859999026674,0.8781535158346753,1.1918959627735397,0.7000004989368999,5.554834884870099,2.0000014255339997,0.4751690821256039,0.2170219217849662,0.2890173473903239,0.6268993136806075,0.1770654742753157,18.062890649782833,42.09369151781953,47.05476793869832,119.57211597887695,42.99916556168572,40.565961017107,41.26631843556627
DDO_126,3.5900005191679996,37.349978555645,2.219987132755,17.33044026742997,5.71658771863562,18.248932434742965,rMD_DH_DM_profiles_ddo126.pdf,True,True,65.0,16.36,2.27,2.0000014255339997,3.859999026674,0.8781535158346753,1.1918959627735397,0.7000004989368999,5.554834884870099,2.0000014255339997,0.4751690821256039,0.2135479516957201,0.2785514917506906,0.6290340769255438,0.1757899331240195,18.248932434742965,42.63226456760773,47.71911529995605,117.8539194496853,43.5295500747452,41.14911613672139,41.82148966055663
DDO_126,3.720001114354,37.709986926885,2.28000142594,17.03368666401744,5.71658771863562,17.967355301011366,rMD_DH_DM_profiles_ddo126.pdf,True,True,65.0,16.36,2.27,2.0000014255339997,3.859999026674,0.8781535158346753,1.1918959627735397,0.7000004989368999,5.554834884870099,2.0000014255339997,0.4751690821256039,0.20986874770609526,0.2688171237748825,0.630576625548377,0.174241476828139,17.967355301011366,42.39550308809632,47.71073823049518,115.96353300295928,43.299884726744025,40.929931959349304,41.5873640160143
DDO_126,3.859999026674,37.49001190641,2.079992475925,16.73866670249228,5.71658771863562,17.68791503038104,rMD_DH_DM_profiles_ddo126.pdf,True,True,65.0,16.36,2.27,2.0000014255339997,3.859999026674,0.8781535158346753,1.1918959627735397,0.7000004989368999,5.554834884870099,2.0000014255339997,0.4751690821256039,0.20572747852462725,0.25906742283861617,0.6316378500469658,0.1723110986939349,17.68791503038104,42.16137091306078,47.7163264478886,114.04036543852592,43.07218316793922,40.716969255293414,41.35774744918316
DDO_133,0.18000063,5.1700105335919995,1.30999503385,1.4257036479941223,1.2113872671798247,1.8708527475429892,rMD_DH_DM_profiles_ddo133.pdf,True,True,43.4,12.85,2.62,1.739999685,3.3000005700000004,0.8306399482870072,1.0369485607866507,0.60899988975,4.670556721405948,1.739999685,0.4537879767291532,0.01622439061518159,0.006150360058549122,0.027731792678674944,0.006488794028643366,1.8708527475429892,5.4097966591380855,7.076809030241178,17.199244093138525,5.716142906691843,4.452547582484418,5.170919749081485
DDO_133,0.37000038,12.910010733592,1.689990343669,2.915512469364406,2.4784639110305413,3.82661682394516,rMD_DH_DM_profiles_ddo133.pdf,True,True,43.4,12.85,2.62,1.739999685,3.3000005700000004,0.8306399482870072,1.0369485607866507,0.60899988975,4.670556721405948,1.739999685,0.4537879767291532,0.04600668380403096,0.025987040976120486,0.10107536294378147,0.022268948365043218,3.82661682394516,10.093604011667162,12.212670030276845,35.04458947401804,10.691284297660678,8.666618140975299,9.654363320361112
DDO_133,0.54999918,20.919982140568003,1.569981640568,4.868176014475347,3.608945078449813,6.0600018388759755,rMD_DH_DM_profiles_ddo133.pdf,True,True,43.4,12.85,2.62,1.739999685,3.3000005700000004,0.8306399482870072,1.0369485607866507,0.60899988975,4.670556721405948,1.739999685,0.4537879767291532,0.07607464174847872,0.05742176996327944,0.1852603855421697,0.040889672098141566,6.0600018388759755,14.859403194285468,17.10128153547557,52.051723747799706,15.60677364314492,13.286655540673847,14.313444147659517
DDO_133,0.72999981,25.570019460724,1.75001404522,7.187080639792292,4.246429787228217,8.34783169815589,rMD_DH_DM_profiles_ddo133.pdf,True,True,43.4,12.85,2.62,1.739999685,3.3000005700000004,0.8306399482870072,1.0369485607866507,0.60899988975,4.670556721405948,1.739999685,0.4537879767291532,0.10426754673356511,0.10115747612763686,0.2661081659004382,0.06034286425902963,8.34783169815589,19.41781980817165,21.68526574790319,69.00055663465174,20.24247720029573,17.78707582650918,18.80285130881582
DDO_133,0.91999956,26.389995081912,1.86998404832,7.940247977053422,4.985791491799678,9.375801551696954,rMD_DH_DM_profiles_ddo133.pdf,True,True,43.4,12.85,2.62,1.739999685,3.3000005700000004,0.8306399482870072,1.0369485607866507,0.60899988975,4.670556721405948,1.739999685,0.4537879767291532,0.1302981891142281,0.16066738687649854,0.34042270676744935,0.0800402778880178,9.375801551696954,21.80590645669729,24.350418156674433,86.24731799453792,22.74505175372601,19.99197518598533,21.078913412180174
DDO_133,1.10000019,28.129985826873,1.880007348579,8.57397428625854,5.619491129105908,10.251425052719384,rMD_DH_DM_profiles_ddo133.pdf,True,True,43.4,12.85,2.62,1.739999685,3.3000005700000004,0.8306399482870072,1.0369485607866507,0.60899988975,4.670556721405948,1.739999685,0.4537879767291532,0.15084691432111352,0.22968784408644943,0.39917891460927263,0.0969786575963636,10.251425052719384,23.842843472401416,26.625302807243507,102.58086874740614,24.850401783786698,21.92500210941664,23.03706686710697
DDO_133,1.2800008200000002,31.360004010336,1.639989942377,9.31217539144722,5.938067566843363,11.044331439678556,rMD_DH_DM_profiles_ddo133.pdf,True,True,43.4,12.85,2.62,1.739999685,3.3000005700000004,0.8306399482870072,1.0369485607866507,0.60899988975,4.670556721405948,1.739999685,0.4537879767291532,0.1673543411265176,0.3110090214134987,0.4475792588539451,0.11178383153184555,11.044331439678556,25.696872193949353,28.701485764782756,118.90765335717461,26.745825711930696,23.72653280477145,24.83520996466667
DDO_133,1.47000057,34.789985098966,1.980008151163,10.893263367887382,6.045006081011666,12.45814132692454,rMD_DH_DM_profiles_ddo133.pdf,True,True,43.4,12.85,2.62,1.739999685,3.3000005700000004,0.8306399482870072,1.0369485607866507,0.60899988975,4.670556721405948,1.739999685,0.4537879767291532,0.18065282366100444,0.410192293997503,0.4890864571903329,0.12491586488783225,12.45814132692454,28.538758801662276,31.62285350729052,136.3511179980303,29.573166373463835,26.633469407757662,27.673164451935403
DDO_133,1.64999937,38.600000197416,1.939992350129,12.265894061564556,6.255684407676565,13.769013927582916,rMD_DH_DM_profiles_ddo133.pdf,True,True,43.4,12.85,2.62,1.739999685,3.3000005700000004,0.8306399482870072,1.0369485607866507,0.60899988975,4.670556721405948,1.739999685,0.4537879767291532,0.18972617792711585,0.5167970760191947,0.5208524943113846,0.13500571451213733,13.769013927582916,31.134529780680488,34.28123498654712,152.86147115056738,32.14614410380761,29.308023475630378,30.278244071209873
DDO_133,1.83,41.48001557183501,1.439988337209,13.427707794619812,6.361612618584633,14.85844715058168,rMD_DH_DM_profiles_ddo133.pdf,True,True,43.4,12.85,2.62,1.739999685,3.3000005700000004,0.8306399482870072,1.0369485607866507,0.60899988975,4.670556721405948,1.739999685,0.4537879767291532,0.19579794892352634,0.5464480874316939,0.546540585386432,0.14292951793634492,14.85844715058168,33.34520595407034,36.585052160813106,157.46176360555813,34.33767033256247,31.590678793516407,32.499683561313475
DDO_133,2.01999975,41.619993475452006,1.450011637468,14.274514672385086,6.4673251901353925,15.671249607070168,rMD_DH_DM_profiles_ddo133.pdf,True,True,43.4,12.85,2.62,1.739999685,3.3000005700000004,0.8306399482870072,1.0369485607866507,0.60899988975,4.670556721405948,1.739999685,0.4537879767291532,0.19942362453083523,0.49504956621900564,0.5681984416134033,0.14914264466144764,15.671249607070168,35.12702301948533,38.51851098617474,150.6275910026419,36.10737403359096,33.43450685481902,34.29014881347801
DDO_133,2.20000038,42.279983292506,1.550012440052,14.697263881575076,6.783633324447514,16.18725568727467,rMD_DH_DM_profiles_ddo133.pdf,True,True,43.4,12.85,2.62,1.739999685,3.3000005700000004,0.8306399482870072,1.0369485607866507,0.60899988975,4.670556721405948,1.739999685,0.4537879767291532,0.2006499480250011,0.4545453760330714,0.5844223164383024,0.15321096073051885,16.18725568727467,36.399729263871926,39.97345453801446,144.99761425656246,37.37337297215279,34.75895876428046,35.57052397532126
DDO_133,2.38000101,43.170005915504,1.730006144703,15.224888366682473,6.889431538847232,16.71111883466832,rMD_DH_DM_profiles_ddo133.pdf,True,True,43.4,12.85,2.62,1.739999685,3.3000005700000004,0.8306399482870072,1.0369485607866507,0.60899988975,4.670556721405948,1.739999685,0.4537879767291532,0.20011063183509467,0.4201678889203497,0.5971596044044309,0.15573403863763033,16.71111883466832,37.66483989895037,41.40779026766761,140.1004470915433,38.626860656649484,36.08599324099195,36.85077028901342
DDO_133,2.57000076,44.88000415969,1.639989942377,16.281488140821452,6.783915661123599,17.63826430737865,rMD_DH_DM_profiles_ddo133.pdf,True,True,43.4,12.85,2.62,1.739999685,3.3000005700000004,0.8306399482870072,1.0369485607866507,0.60899988975,4.670556721405948,1.739999685,0.4537879767291532,0.19799731580576665,0.38910494329970546,0.607430953270633,0.15695865315762006,17.63826430737865,39.56265594512199,43.39590765983299,135.75151476332513,40.49518922380349,38.07876303995279,38.782287771746546
DDO_133,2.74999956,46.730019007494,1.459996237726,17.335947300900212,6.678500872296772,18.577875086264793,rMD_DH_DM_profiles_ddo133.pdf,True,True,43.4,12.85,2.62,1.739999685,3.3000005700000004,0.8306399482870072,1.0369485607866507,0.60899988975,4.670556721405948,1.739999685,0.4537879767291532,0.19484098501449004,0.3636364218181911,0.614630098039188,0.15696814696360245,18.577875086264793,41.436500424394545,45.334086230461146,132.19865010931318,42.33822134603119,40.0450825484696,40.69203815011425
DDO_133,2.9300001900000003,46.13001419199001,1.5899895410850002,17.546409013596634,6.678500872296772,18.77441991577087,rMD_DH_DM_profiles_ddo133.pdf,True,True,43.4,12.85,2.62,1.739999685,3.3000005700000004,0.8306399482870072,1.0369485607866507,0.60899988975,4.670556721405948,1.739999685,0.4537879767291532,0.1908204509708359,0.34129690619576375,0.6197478182414528,0.15604835824916283,18.77441991577087,42.151944362217534,46.256923145816614,128.71721808199803,43.04598504853737,40.81361253892993,41.42466761834072
DDO_133,3.11999994,43.9399811354,1.759998645478,17.333923749666297,6.678854051964653,18.57611380258772,rMD_DH_DM_profiles_ddo133.pdf,True,True,43.4,12.85,2.62,1.739999685,3.3000005700000004,0.8306399482870072,1.0369485607866507,0.60899988975,4.670556721405948,1.739999685,0.4537879767291532,0.18587740042972303,0.3205128266765287,0.6232356336683902,0.15425502862694623,18.57611380258772,42.25191918736568,46.65414204267862,125.20306400156996,43.14885585965146,40.95199035471999,41.53480322935678
DDO_133,3.3000005700000004,45.469985674935,2.0800089537470003,16.810439686581443,6.784784137350756,18.127994324983636,rMD_DH_DM_profiles_ddo133.pdf,True,True,43.4,12.85,2.62,1.739999685,3.3000005700000004,0.8306399482870072,1.0369485607866507,0.60899988975,4.670556721405948,1.739999685,0.4537879767291532,0.1807217229014318,0.30303025068871425,0.6249995961309638,0.151932346629556,18.127994324983636,41.89854527440244,46.63605594495303,122.01803143737523,42.80542002807994,40.62424083563864,41.18626011313921
DDO_210,0.0800001499999999,4.1600018,0.72999864,1.034690300762061,0.7374846680440283,1.2706170367546212,rMD_DH_DM_profiles_ddo210.pdf,True,True,66.7,0.14,0.04,0.19999991,0.31,0.7777777777777778,0.11918945768772349,0.0699999685,0.4305555555555555,0.19999991,0.43000000000000005,0.011399425539507527,0.8000040800078324,0.2498701937072787,0.006656584997793975,1.2706170367546212,3.6572405243736124,4.763504855324767,186.23760531663137,6.639716053312801,2.596586273954305,3.2836811889622513
DDO_210,0.12000007,5.7799973,0.69999672,2.3344026702646823,0.9709104502937648,2.528260850748696,rMD_DH_DM_profiles_ddo210.pdf,True,True,66.7,0.14,0.04,0.19999991,0.31,0.7777777777777778,0.11918945768772349,0.0699999685,0.4305555555555555,0.19999991,0.43000000000000005,0.016654295461625508,1.8000045300056344,0.37696324377394436,0.010764558679701636,2.528260850748696,6.4017835416664095,7.522355002919204,279.37553456865624,9.344179383742405,5.593921492888093,6.065464952954137
DDO_210,0.1599999899999999,7.0200045399999995,0.61000298,3.2452537999762705,1.1409931148879529,3.439990917790647,rMD_DH_DM_profiles_ddo210.pdf,True,True,66.7,0.14,0.04,0.19999991,0.31,0.7777777777777778,0.11918945768772349,0.0699999685,0.4305555555555555,0.19999991,0.43000000000000005,0.02019327869881426,3.200003920003356,0.46288387601505515,0.01400290698544658,3.439990917790647,8.310736473233224,9.479238466620554,372.49538499684587,11.223159751518358,7.57087753948759,7.975837570834599
DDO_210,0.19999991,7.93000268,0.6799954399999999,3.7447376278202342,1.441092132090349,4.01245640903243,rMD_DH_DM_profiles_ddo210.pdf,True,True,66.7,0.14,0.04,0.19999991,0.31,0.7777777777777778,0.11918945768772349,0.0699999685,0.4305555555555555,0.19999991,0.43000000000000005,0.022196580780855325,5.000002250001012,0.5179031641479284,0.016239068220609124,4.01245640903243,9.573879203055556,10.84150848701177,465.6015898270258,12.462435964765893,8.873743220320735,9.237628847872605
DDO_210,0.24000014,9.30999484,0.65999416,4.211867032497891,1.80734822403413,4.583266466436565,rMD_DH_DM_profiles_ddo210.pdf,True,True,66.7,0.14,0.04,0.19999991,0.31,0.7777777777777778,0.11918945768772349,0.0699999685,0.4305555555555555,0.19999991,0.43000000000000005,0.023002006193816316,4.166664236112529,0.5514793117402008,0.017569844077352133,4.583266466436565,10.800823216834539,12.146459991228937,425.0813125243375,13.580781367065457,10.162345861938341,10.479219792568014
DDO_210,0.27000008,10.38000322,0.7499999199999999,4.775554698785058,2.0394648308949828,5.192816141319231,rMD_DH_DM_profiles_ddo210.pdf,True,True,66.7,0.14,0.04,0.19999991,0.31,0.7777777777777778,0.11918945768772349,0.0699999685,0.4305555555555555,0.19999991,0.43000000000000005,0.023024617404639656,3.703702606310339,0.566674778358576,0.018077682278838908,5.192816141319231,11.99669212423686,13.350163004034833,400.8207435387449,14.613968274230565,11.424664374460152,11.699533158988894
DDO_210,0.31,12.02,0.87999622,5.1428216428608495,2.206325252639095,5.596113434403464,rMD_DH_DM_profiles_ddo210.pdf,True,True,66.7,0.14,0.04,0.19999991,0.31,0.7777777777777778,0.11918945768772349,0.0699999685,0.4305555555555555,0.19999991,0.43000000000000005,0.02251387016918218,3.2258064516129035,0.5774122043460321,0.01824862506098604,5.596113434403464,12.905965958586139,14.349268499804738,374.1237141498485,15.412043758926304,12.388038073963294,12.6275819774284
DDO_216,0.089999990145,3.229998057198,4.019997917884,-0.8346856770382167,0.591599335760398,0.0,rMD_DH_DM_profiles_ddo216.pdf,True,True,63.7,0.49,1.6,0.5600005046475001,1.03000101915,0.23444976076555024,0.3337309324478546,0.196000176626625,1.1507427654139952,0.5600005046475001,0.1855023923444976,0.010038168423384,0.0461232252644832,0.062341760678631265,0.00646848869270965,1e-06,1.3038372461522715e-05,0.004272613114919723,44.709247178159735,2.7680580282932423,0.0,0.0
DDO_216,0.170000304795,8.439999541534,2.750001746499,-1.0969352820272429,1.6930316704315145,1.2896081668971926,rMD_DH_DM_profiles_ddo216.pdf,True,True,63.7,0.49,1.6,0.5600005046475001,1.03000101915,0.23444976076555024,0.3337309324478546,0.196000176626625,1.1507427654139952,0.5600005046475001,0.1855023923444976,0.023329993867449956,0.16456373849766917,0.17412979728971528,0.0168810539133448,1.2896081668971926,4.046774569039889,5.761749600698181,84.54786324276687,6.146372439059179,1.673626229436116,3.1306460155891136
DDO_216,0.26000029494,9.70000172244,2.5700014349409996,0.1693716575587229,2.9087282224614266,2.9136552010366294,rMD_DH_DM_profiles_ddo216.pdf,True,True,63.7,0.49,1.6,0.5600005046475001,1.03000101915,0.23444976076555024,0.3337309324478546,0.196000176626625,1.1507427654139952,0.5600005046475001,0.1855023923444976,0.03715659778940222,0.38493059068828706,0.29485794950037647,0.02880586072027533,2.9136552010366294,7.8852418315518,9.733908746370657,129.40068155083705,9.920519258752755,6.368374506533718,7.138395913735908
DDO_216,0.340000124475,11.689999140057,2.329996499408,1.8477415187371569,3.905274082862154,4.320337299602883,rMD_DH_DM_profiles_ddo216.pdf,True,True,63.7,0.49,1.6,0.5600005046475001,1.03000101915,0.23444976076555024,0.3337309324478546,0.196000176626625,1.1507427654139952,0.5600005046475001,0.1855023923444976,0.047068342797554494,0.6582530755874316,0.37928174972825857,0.037978815496925535,4.320337299602883,10.89326413920137,12.763610593234933,169.25259517723202,12.85608869681864,9.553788193654718,10.191655841451176
DDO_216,0.430000599735,12.850007174705,1.919998803163,2.27510445413478,4.751853277424543,5.268416256086291,rMD_DH_DM_profiles_ddo216.pdf,True,True,63.7,0.49,1.6,0.5600005046475001,1.03000101915,0.23444976076555024,0.3337309324478546,0.196000176626625,1.1507427654139952,0.5600005046475001,0.1855023923444976,0.055260782565379175,1.0528654331074292,0.4489812620796722,0.046079453797410484,5.268416256086291,12.981444897126828,14.985287132289653,214.00525556992207,14.956609842640558,11.677436529490825,12.270665380858954
DDO_216,0.52000058988,12.549997615197,1.989997417617,3.650836534705658,5.438719959617399,6.550441374616087,rMD_DH_DM_profiles_ddo216.pdf,True,True,63.7,0.49,1.6,0.5600005046475001,1.03000101915,0.23444976076555024,0.3337309324478546,0.196000176626625,1.1507427654139952,0.5600005046475001,0.1855023923444976,0.06058387341985755,1.5397223627531482,0.4974485394147373,0.051810060313947005,6.550441374616087,15.572516461472974,17.597950391624032,258.78937508572335,17.4253387413333,14.396195944014861,14.91048032460158
DDO_216,0.600000419415,13.110000091196,2.419996655187,5.276772760360546,5.963216376828522,7.9626804733933,rMD_DH_DM_profiles_ddo216.pdf,True,True,63.7,0.49,1.6,0.5600005046475001,1.03000101915,0.23444976076555024,0.3337309324478546,0.196000176626625,1.1507427654139952,0.5600005046475001,0.1855023923444976,0.06328965426971436,1.6666655016258143,0.5270933330057285,0.05512188851572901,7.9626804733933,18.23825793907139,20.207869990133876,269.3763380221724,19.935313444463432,17.199034556662912,17.63981851592894
DDO_216,0.6900004095600001,13.460006723833,2.549999893616,5.646532191871053,6.28015938709204,8.44533763215636,rMD_DH_DM_profiles_ddo216.pdf,True,True,63.7,0.49,1.6,0.5600005046475001,1.03000101915,0.23444976076555024,0.3337309324478546,0.196000176626625,1.1507427654139952,0.5600005046475001,0.1855023923444976,0.0645204860554084,1.4492745020799056,0.5491574853057491,0.05717175930537429,8.44533763215636,19.409008914893,21.541370083898883,251.3687765919944,21.07615008010225,18.416464434394648,18.826585306174245
DDO_216,0.77000072421,14.239999033673,2.500002820487,5.122046708204903,6.332606601602741,8.144769416729691,rMD_DH_DM_profiles_ddo216.pdf,True,True,63.7,0.49,1.6,0.5600005046475001,1.03000101915,0.23444976076555024,0.3337309324478546,0.196000176626625,1.1507427654139952,0.5600005046475001,0.1855023923444976,0.06437319434576506,1.2987000772317105,0.5611883800311498,0.05779546562314234,8.144769416729691,19.239115968739416,21.664082907041756,238.0210253527405,20.95511206190886,18.23967722336981,18.644874012047342
DDO_216,0.860000714355,14.480003969206,2.509996810966,5.278867354576341,6.385385360496651,8.284901130928283,rMD_DH_DM_profiles_ddo216.pdf,True,True,63.7,0.49,1.6,0.5600005046475001,1.03000101915,0.23444976076555024,0.3337309324478546,0.196000176626625,1.1507427654139952,0.5600005046475001,0.1855023923444976,0.06318553171029426,1.162789731808536,0.5683343744655506,0.05746356215376037,8.284901130928283,19.793073391009486,22.4298995677072,225.35630523162968,21.485278088663215,18.841419229581934,19.219333485509765
DDO_216,0.940001029005,15.259996279045998,2.4100026647079997,5.331314646633709,6.332938068439282,8.278225681877643,rMD_DH_DM_profiles_ddo216.pdf,True,True,63.7,0.49,1.6,0.5600005046475001,1.03000101915,0.23444976076555024,0.3337309324478546,0.196000176626625,1.1507427654139952,0.5600005046475001,0.1855023923444976,0.06148594857113763,1.0638286226755618,0.5703801763588076,0.056483074407865125,8.278225681877643,20.041559136675332,22.887892615219627,215.6537156268448,21.720196896393873,19.1281566775166,19.484943767452656
DDO_216,1.03000101915,16.560001542602,3.169993433223,5.173464384486043,6.227381906405982,8.095987842491994,rMD_DH_DM_profiles_ddo216.pdf,True,True,63.7,0.49,1.6,0.5600005046475001,1.03000101915,0.23444976076555024,0.3337309324478546,0.196000176626625,1.1507427654139952,0.5600005046475001,0.1855023923444976,0.059097001782256305,0.9708728257620968,0.5690540997277299,0.05483608457053481,8.095987842491994,19.989445548948797,23.104710883319655,206.09673274171547,21.66835969409501,19.10995315252692,19.447838007746952
DDO_46,0.150000306831,14.629973985648,5.320017080208,-1.346769017585948,0.0,0.0,rMD_DH_DM_profiles_ddo46.pdf,True,True,27.9,22.08,,1.849999855431,3.540000562221,1.0,1.1025028935822407,0.64749994940085,5.3100008433315,1.849999855431,0.53,0.011811085520541796,0.0035536054842526857,0.01741608418679853,0.004076323364849537,1e-06,1.3222270461892123e-05,0.004854628367085682,12.410009918623453,1.4630558874544595,0.0,0.0
DDO_46,0.309999455472,24.66999908586,2.660008540104,-1.5374869953094443,0.0,0.0,rMD_DH_DM_profiles_ddo46.pdf,True,True,27.9,22.08,,1.849999855431,3.540000562221,1.0,1.1025028935822407,0.64749994940085,5.3100008433315,1.849999855431,0.53,0.035192999502405856,0.015177728453940538,0.06730099986512603,0.014799035996653321,1e-06,1.3483606414360678e-05,0.005820672759511456,25.647256318669562,2.8760498984395575,0.0,0.0
DDO_46,0.459999762303,35.460017265096006,2.7300010822200003,3.500004355896321,0.0,3.500004355896321,rMD_DH_DM_profiles_ddo46.pdf,True,True,27.9,22.08,,1.849999855431,3.540000562221,1.0,1.1025028935822407,0.64749994940085,5.3100008433315,1.849999855431,0.53,0.06009679806407111,0.033419514094008465,0.1300159705181291,0.02820168942493242,3.500004355896321,9.726877426138948,12.27613123262416,39.280627005160305,10.516264654690008,7.722872181612705,9.144787384353508
DDO_46,0.620000875353,41.91998587326,4.5700240011840005,7.497013822373312,0.0,7.497013822373312,rMD_DH_DM_profiles_ddo46.pdf,True,True,27.9,22.08,,1.849999855431,3.540000562221,1.0,1.1025028935822407,0.64749994940085,5.3100008433315,1.849999855431,0.53,0.0866202866930259,0.0607112985301619,0.20092396991146336,0.0441745076441867,7.497013822373312,17.574776952573348,19.70816651639628,54.22191885782031,18.263828893596944,16.076995700049725,17.078234953767755
DDO_46,0.769999217775,49.860015755220005,4.149995763564,8.555124894141974,0.0,8.555124894141974,rMD_DH_DM_profiles_ddo46.pdf,True,True,27.9,22.08,,1.849999855431,3.540000562221,1.0,1.1025028935822407,0.64749994940085,5.3100008433315,1.849999855431,0.53,0.10994716363648548,0.09364087961164534,0.2640832223195272,0.059551940740193474,8.555124894141974,19.912877499847202,22.245683401041806,66.74420487506961,20.71183166026443,18.235847941988673,19.32165259229265
DDO_46,0.919999524606,53.30001417811201,3.739966460532,7.938320767518008,0.0,7.938320767518008,rMD_DH_DM_profiles_ddo46.pdf,True,True,27.9,22.08,,1.849999855431,3.540000562221,1.0,1.1025028935822407,0.64749994940085,5.3100008433315,1.849999855431,0.53,0.13103890028186452,0.13367805637603386,0.3210464291290191,0.07456235124058776,7.938320767518008,19.393485284041503,22.268955411168648,78.5463514447611,20.385427227764254,17.316402011454407,18.62965500390808
DDO_46,1.080000637656,62.62996895272801,3.0900357123120004,8.554511525106545,0.0,8.554511525106545,rMD_DH_DM_profiles_ddo46.pdf,True,True,27.9,22.08,,1.849999855431,3.540000562221,1.0,1.1025028935822407,0.64749994940085,5.3100008433315,1.849999855431,0.53,0.15070287670480062,0.18421837218472906,0.3741567090407173,0.08962886417718305,8.554511525106545,20.931601087179192,24.058174566574248,91.77091780841754,22.002678049733383,18.720049945561186,20.080339910213866
DDO_46,1.230000944487,67.100003608032,2.8299904281,10.941108860555444,0.0,10.941108860555444,rMD_DH_DM_profiles_ddo46.pdf,True,True,27.9,22.08,,1.849999855431,3.540000562221,1.0,1.1025028935822407,0.64749994940085,5.3100008433315,1.849999855431,0.53,0.16638453923032112,0.23894382218120366,0.4170556121672206,0.10255574332361732,10.941108860555444,25.375834614018746,28.2958641643376,104.87815653329113,26.366482715189978,23.390519732221584,24.57612425590209
DDO_46,1.379999286909,69.88999829778001,3.15002931984,15.328893851661636,0.0,15.328893851661636,rMD_DH_DM_profiles_ddo46.pdf,True,True,27.9,22.08,,1.849999855431,3.540000562221,1.0,1.1025028935822407,0.64749994940085,5.3100008433315,1.849999855431,0.53,0.17945626324288533,0.3007756268460762,0.4539293602251737,0.11415537124431162,15.328893851661636,32.57064643447414,34.92176631648997,118.72677301374826,33.41612520928255,30.926108836448773,31.88074136569427
DDO_46,1.540000399959,68.44000681267201,3.569984572536,17.643274304559778,0.0,17.643274304559778,rMD_DH_DM_profiles_ddo46.pdf,True,True,27.9,22.08,,1.849999855431,3.540000562221,1.0,1.1025028935822407,0.64749994940085,5.3100008433315,1.849999855431,0.53,0.19068183578584305,0.3745644740273131,0.4874455138875691,0.12498629278995162,17.643274304559778,36.45076054948798,38.6912600599001,132.52080642113754,37.263489894166305,34.89560370037041,35.77672132390753
DDO_46,1.69000070679,71.95999671226801,3.3800048153640003,19.946825751217418,0.0,19.946825751217418,rMD_DH_DM_profiles_ddo46.pdf,True,True,27.9,22.08,,1.849999855431,3.540000562221,1.0,1.1025028935822407,0.64749994940085,5.3100008433315,1.849999855431,0.53,0.1988574679845819,0.45108531514810835,0.5141500239334476,0.13368869992702856,19.946825751217418,40.17586612592211,42.30062031577163,145.47684975946405,40.95475655617715,38.709019091781826,39.522478876475574
DDO_46,1.849999855431,72.39002388447601,3.3300101424240003,19.526154758896983,0.0,19.526154758896983,rMD_DH_DM_profiles_ddo46.pdf,True,True,27.9,22.08,,1.849999855431,3.540000562221,1.0,1.1025028935822407,0.64749994940085,5.3100008433315,1.849999855431,0.53,0.20531844857152617,0.5405405827813036,0.5383143567523994,0.1414689066046471,19.526154758896983,40.2115359014157,42.63732036750252,158.25058855240653,41.02596025150878,38.697493662646224,39.52041526152648
DDO_46,2.0000001622620003,73.17001376726401,3.860026660512,19.52591841061456,0.0,19.52591841061456,rMD_DH_DM_profiles_ddo46.pdf,True,True,27.9,22.08,,1.849999855431,3.540000562221,1.0,1.1025028935822407,0.64749994940085,5.3100008433315,1.849999855431,0.53,0.2094901170201235,0.4999999594345032,0.5574799013644588,0.1474283997779461,19.52591841061456,40.73137845526992,43.37892452103557,152.73621643299495,41.56395718301323,39.206455568731855,40.02023833073241
DDO_46,2.150000469093,76.31997010218001,4.289980847796,19.317084643347243,0.0,19.317084643347243,rMD_DH_DM_profiles_ddo46.pdf,True,True,27.9,22.08,,1.849999855431,3.540000562221,1.0,1.1025028935822407,0.64749994940085,5.3100008433315,1.849999855431,0.53,0.21205922690293463,0.4651161775894218,0.5737321843303309,0.15218677904658284,19.317084643347243,40.91766996833734,43.82014588462271,147.75570203106315,41.77045075698547,39.380982187504245,40.18677066083265
DDO_46,2.3099996177340003,74.17997914557601,4.090002156036,19.940502898805235,0.0,19.940502898805235,rMD_DH_DM_profiles_ddo46.pdf,True,True,27.9,22.08,,1.849999855431,3.540000562221,1.0,1.1025028935822407,0.64749994940085,5.3100008433315,1.849999855431,0.53,0.2132669952736407,0.43290050453815765,0.5882869158788188,0.15604895418420237,19.940502898805235,42.294805476309655,45.31773331641937,143.3532686389234,43.141097200195105,40.80139496525738,41.570025402051265
DDO_46,2.4599999245650004,73.89001004252401,4.070004286860001,20.379346793121872,0.0,20.379346793121872,rMD_DH_DM_profiles_ddo46.pdf,True,True,27.9,22.08,,1.849999855431,3.540000562221,1.0,1.1025028935822407,0.64749994940085,5.3100008433315,1.849999855431,0.53,0.213167199693503,0.40650407750594914,0.5996675517606846,0.15864063918813415,20.379346793121872,43.36151191573064,46.51592331026382,139.6336103520739,44.20320300290151,41.90682576791183,42.643025861111866
DDO_46,2.610000231396,72.61999938000001,3.719968591356,21.0017238893303,0.0,21.0017238893303,rMD_DH_DM_profiles_ddo46.pdf,True,True,27.9,22.08,,1.849999855431,3.540000562221,1.0,1.1025028935822407,0.64749994940085,5.3100008433315,1.849999855431,0.53,0.21205708565347833,0.3831417284837305,0.6091381378985461,0.16034167976818878,21.0017238893303,44.67869713460539,47.92604650630807,136.3855509620219,45.50881678164253,43.27578151830673,43.97420077912692
DDO_46,2.769999380037,70.77997646103601,3.810031987572,21.00361440545325,0.0,21.00361440545325,rMD_DH_DM_profiles_ddo46.pdf,True,True,27.9,22.08,,1.849999855431,3.540000562221,1.0,1.1025028935822407,0.64749994940085,5.3100008433315,1.849999855431,0.53,0.20994097194179304,0.3610109111239738,0.6173983179440735,0.1612874545232931,21.00361440545325,45.11219997550477,48.57097636690584,132.96926001212123,45.94553553290329,43.737274818826116,44.41043288220102
DDO_46,2.9199996868680005,70.470009488808,4.550026132008001,21.211633636940007,0.0,21.211633636940007,rMD_DH_DM_profiles_ddo46.pdf,True,True,27.9,22.08,,1.849999855431,3.540000562221,1.0,1.1025028935822407,0.64749994940085,5.3100008433315,1.849999855431,0.53,0.20723595662968752,0.3424657901496567,0.6236275104394109,0.16146046490921018,21.211633636940007,45.800945400723634,49.41693680815624,130.15268045861347,46.63018175379253,44.465033765641216,45.109147314573384
DDO_46,3.079998835509,61.28996574808801,5.089968599760001,21.000873530211425,0.0,21.000873530211425,rMD_DH_DM_profiles_ddo46.pdf,True,True,27.9,22.08,,1.849999855431,3.540000562221,1.0,1.1025028935822407,0.64749994940085,5.3100008433315,1.849999855431,0.53,0.20372881753150554,0.32467544742910276,0.6288555976891402,0.16098634201021703,21.000873530211425,45.87878284311816,49.74003923625813,127.18430524645468,46.713515460019785,44.56810622969568,45.190219798651576
DDO_46,3.22999914234,55.310018985072,4.189991501916,20.581099516387656,0.0,20.581099516387656,rMD_DH_DM_profiles_ddo46.pdf,True,True,27.9,22.08,,1.849999855431,3.540000562221,1.0,1.1025028935822407,0.64749994940085,5.3100008433315,1.849999855431,0.53,0.19997671481578894,0.3095976054270843,0.6325866979050829,0.16001157243726222,20.581099516387656,45.59000439094028,49.72450917342483,124.48285211307952,46.43486712126897,44.2954305562857,44.901240951196016
DDO_46,3.3799994491709997,48.32003385882,2.9899733815080007,20.789480546659057,0.0,20.789480546659057,rMD_DH_DM_profiles_ddo46.pdf,True,True,27.9,22.08,,1.849999855431,3.540000562221,1.0,1.1025028935822407,0.64749994940085,5.3100008433315,1.849999855431,0.53,0.19587587310752158,0.29585803638082436,0.6353171713405589,0.1586011566367827,20.789480546659057,46.234157370315046,50.5162853730053,122.30975169752617,47.071023806042184,44.98466618072416,45.561163569430434
DDO_46,3.540000562221,40.920019429536005,5.400008556912001,26.01533879641976,0.0,26.01533879641976,rMD_DH_DM_profiles_ddo46.pdf,True,True,27.9,22.08,,1.849999855431,3.540000562221,1.0,1.1025028935822407,0.64749994940085,5.3100008433315,1.849999855431,0.53,0.19121295934587557,0.28248583084195866,0.6372551814473352,0.15669363656612115,26.01533879641976,54.242517710535424,57.75860886872567,123.22660382047569,54.95973884657988,53.20701916135639,53.67696018915874
DDO_47,0.22999908,15.360001941958,4.480029780572,-1.0086367754885723,0.0,0.0,rMD_DH_DM_profiles_ddo47.pdf,True,True,45.5,46.8,,3.85999953,7.48999998,1.0,2.3003572884386174,1.3509998355,11.23499997,3.85999953,0.53,0.015053575862488537,0.0009197937247588878,0.009549482902119794,0.004790232138718568,1e-06,1.3376148130833292e-05,0.0054021230983580535,6.3136825807979475,1.0833669590934296,0.0,0.0
DDO_47,0.4499982,19.929968865352,3.930017303314,-0.3348417543777816,0.0,0.0,rMD_DH_DM_profiles_ddo47.pdf,True,True,45.5,46.8,,3.85999953,7.48999998,1.0,2.3003572884386174,1.3509998355,11.23499997,3.85999953,0.53,0.04316075977934876,0.0035209495134910173,0.03476506260724317,0.01642642918311159,1e-06,1.3617768709416112e-05,0.006389040551502046,12.352857223280118,2.067079435270987,0.0,0.0
DDO_47,0.68000227,18.660013065504,2.5100175387579995,1.756567445377818,0.0,1.756567445377818,rMD_DH_DM_profiles_ddo47.pdf,True,True,45.5,46.8,,3.85999953,7.48999998,1.0,2.3003572884386174,1.3509998355,11.23499997,3.85999953,0.53,0.07880090319845276,0.008040054073053214,0.0734740214918329,0.033599134952054015,1.756567445377818,5.997006568317214,9.470949010228775,19.606348715179234,6.707790180544292,0.0,4.782958126610769
DDO_47,0.91000135,20.389980459786,1.8100248367939995,-2.2133269142350835,0.0,0.0,rMD_DH_DM_profiles_ddo47.pdf,True,True,45.5,46.8,,3.85999953,7.48999998,1.0,2.3003572884386174,1.3509998355,11.23499997,3.85999953,0.53,0.11701962311235656,0.014398667994552012,0.119570257971538,0.05410456095914506,1e-06,1.3871281609513283e-05,0.007618920796641725,24.98035936485315,3.833515658553543,0.0,0.0
DDO_47,1.13000047,20.229993054766,2.619969042208,-4.1719458204400865,0.0,0.0,rMD_DH_DM_profiles_ddo47.pdf,True,True,45.5,46.8,,3.85999953,7.48999998,1.0,2.3003572884386174,1.3509998355,11.23499997,3.85999953,0.53,0.15388727201143754,0.022202173536687526,0.16628919926328334,0.07557758140851509,1e-06,1.3949231417572603e-05,0.008042713631827503,31.019534007341264,4.520824828377825,0.0,0.0
DDO_47,1.35999955,20.6900046492,2.179971808402,-4.712612974949595,0.0,0.0,rMD_DH_DM_profiles_ddo47.pdf,True,True,45.5,46.8,,3.85999953,7.48999998,1.0,2.3003572884386174,1.3509998355,11.23499997,3.85999953,0.53,0.19138523097774593,0.032159980294199364,0.2147821224451946,0.09897213177532162,1e-06,1.401592729284899e-05,0.00842398607952776,37.33321658812454,5.1378890688718695,0.0,0.0
DDO_47,1.5899986300000002,21.860016125911997,1.7200239539699995,-2.7897281443187314,0.0,0.0,rMD_DH_DM_profiles_ddo47.pdf,True,True,45.5,46.8,,3.85999953,7.48999998,1.0,2.3003572884386174,1.3509998355,11.23499997,3.85999953,0.53,0.22693065350481328,0.04395737450122899,0.26094947517655664,0.1225616768536483,1e-06,1.4072176855712148e-05,0.008759556874101486,43.646899168907964,5.663225727524629,0.0,0.0
DDO_47,1.81999771,23.170000647016,1.949997881186,2.833437785256869,0.0,2.833437785256869,rMD_DH_DM_profiles_ddo47.pdf,True,True,45.5,46.8,,3.85999953,7.48999998,1.0,2.3003572884386174,1.3509998355,11.23499997,3.85999953,0.53,0.2599706112156363,0.05759435615777636,0.30378384258016805,0.1457619453053411,2.833437785256869,9.70226131819233,15.38348633212534,50.89394466391749,11.466062081503047,0.0,6.112059430670084
DDO_47,2.04000182,23.789999646469997,2.080027485266,6.529194670398797,0.0,6.529194670398797,rMD_DH_DM_profiles_ddo47.pdf,True,True,45.5,46.8,,3.85999953,7.48999998,1.0,2.3003572884386174,1.3509998355,11.23499997,3.85999953,0.53,0.2889372339311848,0.07236013266024222,0.3412801598237493,0.16719359283961116,6.529194670398797,18.711557784087898,24.273083969013825,59.04329303488773,19.80069704038342,13.490527178669643,16.881878500917644
DDO_47,2.2700009,24.499999528748,1.7900104761659998,7.75624647461484,0.0,7.75624647461484,rMD_DH_DM_profiles_ddo47.pdf,True,True,45.5,46.8,,3.85999953,7.48999998,1.0,2.3003572884386174,1.3509998355,11.23499997,3.85999953,0.53,0.316313932717199,0.08959634706401172,0.3768130530778674,0.18850463843194673,7.75624647461484,21.568839319497016,27.236286655258027,65.9408566644155,22.616967660783704,16.76772746352688,19.793667275141544
DDO_47,2.4999999799999997,27.569972985075996,1.870004178676,7.582476783035678,0.0,7.582476783035678,rMD_DH_DM_profiles_ddo47.pdf,True,True,45.5,46.8,,3.85999953,7.48999998,1.0,2.3003572884386174,1.3509998355,11.23499997,3.85999953,0.53,0.34068158359514256,0.108672148917299,0.40876258954695144,0.2084841505040532,7.582476783035678,21.47019428235136,27.547224417844507,71.90736997263046,22.60991846171055,16.20900802428434,19.487466184335457
DDO_47,2.7199991,30.96999217176,1.80001765648,7.788014784960339,0.0,7.788014784960339,rMD_DH_DM_profiles_ddo47.pdf,True,True,45.5,46.8,,3.85999953,7.48999998,1.0,2.3003572884386174,1.3509998355,11.23499997,3.85999953,0.53,0.36121168180988195,0.12863992117679746,0.4362043046284577,0.22621974926318728,7.788014784960339,22.138150434928008,28.50440685887185,77.87922667786312,23.317581622185052,16.730638339730493,20.049476343502867
DDO_47,2.94999818,35.440014772017996,2.060013124638,11.310142610665668,0.0,11.310142610665668,rMD_DH_DM_profiles_ddo47.pdf,True,True,45.5,46.8,,3.85999953,7.48999998,1.0,2.3003572884386174,1.3509998355,11.23499997,3.85999953,0.53,0.37986401384028995,0.1513149158660978,0.4619116428633075,0.24324550220503807,11.310142610665668,29.465210510460558,35.32369272408933,86.17411315730116,30.41332128697877,25.439372709061022,27.81098029333172
DDO_47,3.1800022500000003,39.139994408114,1.82997545742,14.811650018347724,0.0,14.811650018347724,rMD_DH_DM_profiles_ddo47.pdf,True,True,45.5,46.8,,3.85999953,7.48999998,1.0,2.3003572884386174,1.3509998355,11.23499997,3.85999953,0.53,0.39577614636324504,0.17583004982292816,0.4848559882927705,0.2586858415473522,14.811650018347724,36.14768846615275,41.48107882176003,94.48220215849048,36.962776532146044,32.807916926358196,34.72597179747914
DDO_47,3.4000013700000005,44.079972043118,1.6799952327139998,16.724676430224385,0.0,16.724676430224385,rMD_DH_DM_profiles_ddo47.pdf,True,True,45.5,46.8,,3.85999953,7.48999998,1.0,2.3003572884386174,1.3509998355,11.23499997,3.85999953,0.53,0.408578538098077,0.20100017183583,0.5044702028120821,0.27196895761518464,16.724676430224385,39.77760489272308,44.96248365561191,101.45603612336126,40.54947611692986,36.66759291900875,38.42293066795752
DDO_47,3.63000045,48.500022481808,1.849989818048,17.243192648013938,0.0,17.243192648013938,rMD_DH_DM_profiles_ddo47.pdf,True,True,45.5,46.8,,3.85999953,7.48999998,1.0,2.3003572884386174,1.3509998355,11.23499997,3.85999953,0.53,0.419603116065631,0.22911398672187017,0.5227821529156045,0.2843283509119532,17.243192648013938,41.03750832841296,46.403609204053375,107.76623011654537,41.813034947707784,37.94623274133236,39.66518194790378
DDO_47,3.85999953,53.200019009281995,2.179971808402,17.258022321573286,0.0,17.258022321573286,rMD_DH_DM_profiles_ddo47.pdf,True,True,45.5,46.8,,3.85999953,7.48999998,1.0,2.3003572884386174,1.3509998355,11.23499997,3.85999953,0.53,0.42839414968591033,0.2590673890574282,0.5390772997066957,0.29517294901427554,17.258022321573286,41.436005200417526,47.09066576864665,113.77418342938314,42.22793023416606,38.31013770576982,40.0245918414332
DDO_47,4.07999865,56.89999864537799,2.5599897003259997,17.93183131186419,0.0,17.93183131186419,rMD_DH_DM_profiles_ddo47.pdf,True,True,45.5,46.8,,3.85999953,7.48999998,1.0,2.3003572884386174,1.3509998355,11.23499997,3.85999953,0.53,0.43488184577773004,0.245098120314329,0.5529660122757152,0.3041845158787599,17.93183131186419,42.9199509214005,48.68959743313154,111.64378930664196,43.70451637012308,39.86315619673772,41.51671305718227
DDO_47,4.310002720000001,58.54997233715,2.41000947562,18.808826185680612,0.0,18.808826185680612,rMD_DH_DM_profiles_ddo47.pdf,True,True,45.5,46.8,,3.85999953,7.48999998,1.0,2.3003572884386174,1.3509998355,11.23499997,3.85999953,0.53,0.43983060861440426,0.23201841506030413,0.5658872808055186,0.3122511404298061,18.808826185680612,44.749609156028654,50.59219200871813,109.80839990636622,45.52008544185248,41.7923072652935,43.36935227300841
DDO_47,4.5400018,60.120016066414,2.1899789887159997,19.689399266358812,0.0,19.689399266358812,rMD_DH_DM_profiles_ddo47.pdf,True,True,45.5,46.8,,3.85999953,7.48999998,1.0,2.3003572884386174,1.3509998355,11.23499997,3.85999953,0.53,0.44307806122578136,0.2202642298511864,0.5773336113365399,0.3190110011964986,19.689399266358812,46.57072515798612,52.478956586499095,108.23483489189456,47.326418813707555,43.71512583353332,45.216949974991806
DDO_47,4.76000092,62.160014830424,2.050005944324,20.395956144823252,0.0,20.395956144823252,rMD_DH_DM_profiles_ddo47.pdf,True,True,45.5,46.8,,3.85999953,7.48999998,1.0,2.3003572884386174,1.3509998355,11.23499997,3.85999953,0.53,0.44474841380792657,0.21008399300897612,0.5870354859383884,0.3243316232912857,20.395956144823252,48.07551562457557,54.071758543817985,106.84570586563169,48.8201299906551,45.30411720083871,46.743158415330534
DDO_47,4.99,63.740002,2.1700283680899997,20.926881731084748,0.0,20.926881731084748,rMD_DH_DM_profiles_ddo47.pdf,True,True,45.5,46.8,,3.85999953,7.48999998,1.0,2.3003572884386174,1.3509998355,11.23499997,3.85999953,0.53,0.44514846399118996,0.2004008016032064,0.5959981611425847,0.32877846042984105,20.926881731084748,49.29599850695357,55.42543658864133,105.42859672240161,50.03345801169215,46.59474775779198,47.97948531224592
DDO_47,5.21999908,63.490013712156,2.260029250914,21.106567174873387,0.0,21.106567174873387,rMD_DH_DM_profiles_ddo47.pdf,True,True,45.5,46.8,,3.85999953,7.48999998,1.0,2.3003572884386174,1.3509998355,11.23499997,3.85999953,0.53,0.4443216408034889,0.19157091498950993,0.6038667099623001,0.3321685966825548,21.106567174873387,49.92688336035189,56.263499501361146,103.89952910478056,50.66470390531168,47.26679434247148,48.61387365689189
DDO_47,5.449998160000001,62.579997703602,2.310001412482,21.80692071486917,0.0,21.80692071486917,rMD_DH_DM_profiles_ddo47.pdf,True,True,45.5,46.8,,3.85999953,7.48999998,1.0,2.3003572884386174,1.3509998355,11.23499997,3.85999953,0.53,0.4424096685603679,0.18348630047977849,0.6107426352078084,0.33458728113513575,21.80692071486917,51.413478178587596,57.833540293226505,102.93390206675673,52.13836751551551,48.84582326659174,50.130017475273945
DDO_47,5.67000227,62.530025542034,2.220000529658,21.98580499414261,0.0,21.98580499414261,rMD_DH_DM_profiles_ddo47.pdf,True,True,45.5,46.8,,3.85999953,7.48999998,1.0,2.3003572884386174,1.3509998355,11.23499997,3.85999953,0.53,0.4396868836860091,0.17636677242459023,0.6164741511999786,0.33606836005939084,21.98580499414261,52.01494408783007,58.621720758590556,101.7302627877715,52.73824487087102,49.49451956221274,50.74101317702242
DDO_47,5.900001350000001,61.710010416303994,2.389995114992,21.81070154701645,0.0,21.81070154701645,rMD_DH_DM_profiles_ddo47.pdf,True,True,45.5,46.8,,3.85999953,7.48999998,1.0,2.3003572884386174,1.3509998355,11.23499997,3.85999953,0.53,0.43602339725587985,0.16949148664177846,0.6216610154697418,0.33682283990874307,21.81070154701645,52.0288730757268,58.90982727163958,100.26230705662681,52.75802489929717,49.53068157611768,50.75239660702921
DDO_47,6.13000043,61.470029308773995,2.340022953424,21.10717471217245,0.0,21.10717471217245,rMD_DH_DM_profiles_ddo47.pdf,True,True,45.5,46.8,,3.85999953,7.48999998,1.0,2.3003572884386174,1.3509998355,11.23499997,3.85999953,0.53,0.4316353030709677,0.16313212558779544,0.626096528681586,0.33684065049598133,21.10717471217245,51.123510140885976,58.39985004675114,98.40494886126336,51.870646765176645,48.605055668875174,49.82377423925619
DDO_47,6.349999550000001,62.989973396466,2.129999646834,20.755050846589892,0.0,20.755050846589892,rMD_DH_DM_profiles_ddo47.pdf,True,True,45.5,46.8,,3.85999953,7.48999998,1.0,2.3003572884386174,1.3509998355,11.23499997,3.85999953,0.53,0.42685481398567904,0.15748032612065302,0.6296971191503683,0.33623606060119826,20.755050846589892,50.775908864849995,58.35431154298721,96.96995628147965,51.53237972512777,48.2681340074311,49.46942094652539
DDO_47,6.57999863,62.610019244544,2.009977223068,20.402854910367264,0.0,20.402854910367264,rMD_DH_DM_profiles_ddo47.pdf,True,True,45.5,46.8,,3.85999953,7.48999998,1.0,2.3003572884386174,1.3509998355,11.23499997,3.85999953,0.53,0.4213378095372072,0.15197571553293773,0.632846618497616,0.3350206729969309,20.402854910367264,50.41812006617477,58.3064435845185,95.54268220299109,51.18366107344679,47.92511793808384,49.10693364089076
DDO_47,6.8100027,64.28000729694399,1.980019422128,20.050502587876583,0.0,20.050502587876583,rMD_DH_DM_profiles_ddo47.pdf,True,True,45.5,46.8,,3.85999953,7.48999998,1.0,2.3003572884386174,1.3509998355,11.23499997,3.85999953,0.53,0.4153739467498575,0.14684281990079093,0.6354209549619239,0.33327206491111383,20.050502587876583,50.038792414874294,58.23478073135697,94.16923829589405,50.81316243182132,47.562391902372696,48.724387709867315
DDO_47,7.03000182,64.599982106984,2.099978105892,19.69643176055234,0.0,19.69643176055234,rMD_DH_DM_profiles_ddo47.pdf,True,True,45.5,46.8,,3.85999953,7.48999998,1.0,2.3003572884386174,1.3509998355,11.23499997,3.85999953,0.53,0.4093227460069096,0.14224747384204803,0.6373895973587971,0.33115614255924974,19.69643176055234,49.626012677024754,58.118181631771826,92.88460522290113,50.40912438419753,47.16526911525835,48.30890736821825
DDO_47,7.2600009,62.04999958697199,2.03999876401,19.17793078870067,0.0,19.17793078870067,rMD_DH_DM_profiles_ddo47.pdf,True,True,45.5,46.8,,3.85999953,7.48999998,1.0,2.3003572884386174,1.3509998355,11.23499997,3.85999953,0.53,0.4027011509277132,0.13774102975662167,0.6389752617115082,0.32853530285180127,19.17793078870067,48.901934933641805,57.73782419939661,91.43798412203981,49.698418627608525,46.444307720941644,47.575513618270826
DDO_47,7.48999998,61.740031957246,2.19998616903,19.3467336422949,0.0,19.3467336422949,rMD_DH_DM_profiles_ddo47.pdf,True,True,45.5,46.8,,3.85999953,7.48999998,1.0,2.3003572884386174,1.3509998355,11.23499997,3.85999953,0.53,0.3958393473859653,0.1335113488211251,0.6401172906923681,0.32554844777719794,19.3467336422949,49.42624423113979,58.43369412669427,90.71466693862426,50.21580980398228,47.038504171661465,48.12636805649435
DDO_50,1.150000223624,22.709993138092,3.66999794122,4.07361006080187,6.38222370143377,7.571464739573789,rMD_DH_DM_profiles_ddo50.pdf,True,True,49.7,132.52,9.79,4.790001919692001,8.42000311588,0.9312065209753356,2.854589940221693,1.6765006718922002,12.34038401995005,4.790001919692001,0.4990429344389011,0.14870231265710807,0.012033412024279735,0.12293161235497607,0.07112453479909994,7.571464739573789,19.34990477820174,22.88168329432309,29.932093927749293,19.73645829853453,16.967358599451607,18.620275868061572
DDO_50,1.270000379064,23.559993737487996,4.189997235579999,-4.724667310105018,6.8952696827475926,5.02217709829543,rMD_DH_DM_profiles_ddo50.pdf,True,True,49.7,132.52,9.79,4.790001919692001,8.42000311588,0.9312065209753356,2.854589940221693,1.6765006718922002,12.34038401995005,4.790001919692001,0.4990429344389011,0.16887052441817402,0.014675761279199805,0.14334766547317057,0.08299375485774109,5.02217709829543,14.484237347276617,18.90077604879285,29.08299030701564,15.080164057024447,10.560776794334734,13.321626753218021
DDO_50,1.3800006189360003,25.950000427051997,4.060005007656,-5.026926998633496,7.41240070173442,5.447356158126853,rMD_DH_DM_profiles_ddo50.pdf,True,True,49.7,132.52,9.79,4.790001919692001,8.42000311588,0.9312065209753356,2.854589940221693,1.6765006718922002,12.34038401995005,4.790001919692001,0.4990429344389011,0.18726262681024497,0.01732812211933141,0.16222445667332777,0.09414277280963658,5.447356158126853,15.555503905003722,20.112564238275304,31.511117805474495,16.183694870088683,11.532931071692346,14.328418932900048
DDO_50,1.5000007743760002,29.669993041884,3.330000739728,-4.668903191860572,7.925976343669467,6.404876578470671,rMD_DH_DM_profiles_ddo50.pdf,True,True,49.7,132.52,9.79,4.790001919692001,8.42000311588,0.9312065209753356,2.854589940221693,1.6765006718922002,12.34038401995005,4.790001919692001,0.4990429344389011,0.20711404807635653,0.020472736846837668,0.1827359237226431,0.10651909699673788,6.404876578470671,17.73894044106052,22.322314894189983,34.668863611324554,18.361079978806647,13.933900130162899,16.52813115691674
DDO_50,1.6200003455040002,30.980002365572,3.47000405544,-4.748684338193819,8.271852741751072,6.773001169157396,rMD_DH_DM_profiles_ddo50.pdf,True,True,49.7,132.52,9.79,4.790001919692001,8.42000311588,0.9312065209753356,2.854589940221693,1.6765006718922002,12.34038401995005,4.790001919692001,0.4990429344389011,0.22664976932484404,0.023879385788362472,0.20302171776867473,0.11903378406498075,6.773001169157396,18.674258188276273,23.40960005565777,37.197143276154726,19.3308148962454,14.725622301484714,17.38856981155108
DDO_50,1.7300005853760003,31.479994675688,3.789994272688,-5.026926998633496,8.581123866490547,6.954544684051092,rMD_DH_DM_profiles_ddo50.pdf,True,True,49.7,132.52,9.79,4.790001919692001,8.42000311588,0.9312065209753356,2.854589940221693,1.6765006718922002,12.34038401995005,4.790001919692001,0.4990429344389011,0.24421217617228141,0.02723236991560487,0.22129820220312663,0.13056973290160664,6.954544684051092,19.2065910889464,24.110714053639544,39.358688803848814,19.90205786798208,15.059544609323748,17.833511888286704
DDO_50,1.850000740816,31.029997039184,3.3799954133399996,-5.026926998633496,8.683689763342386,7.080711324181135,rMD_DH_DM_profiles_ddo50.pdf,True,True,49.7,132.52,9.79,4.790001919692001,8.42000311588,0.9312065209753356,2.854589940221693,1.6765006718922002,12.34038401995005,4.790001919692001,0.4990429344389011,0.2629332058973949,0.031141300279658935,0.24077107960564928,0.14315999967531706,7.080711324181135,19.633736086307845,24.731480671234568,41.65458523111661,20.373406258082596,15.247519798348684,18.15820717628479
DDO_50,1.960000980688,30.830003153403997,3.4899958483519997,-5.026926998633496,8.786863405855637,7.206869879744921,rMD_DH_DM_profiles_ddo50.pdf,True,True,49.7,132.52,9.79,4.790001919692001,8.42000311588,0.9312065209753356,2.854589940221693,1.6765006718922002,12.34038401995005,4.790001919692001,0.4990429344389011,0.2796481638981607,0.034954694831048905,0.2581499994741394,0.154662846872288,7.206869879744921,20.04135167918299,25.30769415010605,43.77834967419623,20.817872893485326,15.457453573973398,18.47734098020197
DDO_50,2.080000551816,32.090002612148,3.44000117474,5.3818223869901525,9.005192731489013,10.4908297258306,rMD_DH_DM_profiles_ddo50.pdf,True,True,49.7,132.52,9.79,4.790001919692001,8.42000311588,0.9312065209753356,2.854589940221693,1.6765006718922002,12.34038401995005,4.790001919692001,0.4990429344389011,0.29735544570795014,0.03936586855043291,0.27651345353045587,0.16711901561050813,10.4908297258306,26.588637222112954,31.262584156982488,49.12247876136069,27.220225081850376,23.10690658675453,25.334958167770438
DDO_50,2.1900007916880004,31.839998861423997,4.039998023411999,12.484976382790103,9.1085681962932,15.454470222733312,rMD_DH_DM_profiles_ddo50.pdf,True,True,49.7,132.52,9.79,4.790001919692001,8.42000311588,0.9312065209753356,2.854589940221693,1.6765006718922002,12.34038401995005,4.790001919692001,0.4990429344389011,0.3130751523645817,0.0436396723563058,0.29279275836952773,0.17841893177961676,15.454470222733312,35.22743293387139,38.93871472298408,55.96655310692262,35.734547309064126,32.539183788126884,34.226817109368426
DDO_50,2.310000947128,31.5899951107,3.889998811244,12.792726243181257,9.211134093145038,15.763845851024971,rMD_DH_DM_profiles_ddo50.pdf,True,True,49.7,132.52,9.79,4.790001919692001,8.42000311588,0.9312065209753356,2.854589940221693,1.6765006718922002,12.34038401995005,4.790001919692001,0.4990429344389011,0.32963988959447904,0.04855313238953557,0.3099017668765651,0.19057777925994618,15.763845851024971,36.008196254245796,39.84288995284301,58.31651390785078,36.53325647950635,33.23819919406311,34.96222405184071
DDO_50,2.4200006026880003,30.860006034104,3.999999246255999,13.20296206203755,9.213594394641584,16.09995431299647,rMD_DH_DM_profiles_ddo50.pdf,True,True,49.7,132.52,9.79,4.790001919692001,8.42000311588,0.9312065209753356,2.854589940221693,1.6765006718922002,12.34038401995005,4.790001919692001,0.4990429344389011,0.34427160635698917,0.05328732088697995,0.3249952529365856,0.20154319068644702,16.09995431299647,36.80030638268501,40.732686962971734,60.528186224898434,37.339071410774075,33.969637475273,35.71775833191089
DDO_50,2.540000758128,29.849995134752,4.130006665512,12.722917807795598,9.21102022213188,15.70718087616122,rMD_DH_DM_profiles_ddo50.pdf,True,True,49.7,132.52,9.79,4.790001919692001,8.42000311588,0.9312065209753356,2.854589940221693,1.6765006718922002,12.34038401995005,4.790001919692001,0.4990429344389011,0.359616681589475,0.05870304511679922,0.34080176900957837,0.21327914451815952,15.70718087616122,36.440680283315096,40.64023978553987,62.225653505396636,37.0109388049873,33.44649219042618,35.282397148905766
DDO_50,2.650000998,29.420004482491997,4.290001774136,13.860079947897852,9.108113422679384,16.584919242568308,rMD_DH_DM_profiles_ddo50.pdf,True,True,49.7,132.52,9.79,4.790001919692001,8.42000311588,0.9312065209753356,2.854589940221693,1.6765006718922002,12.34038401995005,4.790001919692001,0.4990429344389011,0.3731090757061596,0.06389766860130257,0.35469967325898866,0.22381006006406406,16.584919242568308,38.09131268172724,42.262782261324915,64.96294846188039,38.65931507928292,35.12608359033559,36.929263615598856
DDO_50,2.77000115344,30.989998262028003,4.070000904112,14.988330898185918,9.108113422679384,17.53875118798106,rMD_DH_DM_profiles_ddo50.pdf,True,True,49.7,132.52,9.79,4.790001919692001,8.42000311588,0.9312065209753356,2.854589940221693,1.6765006718922002,12.34038401995005,4.790001919692001,0.4990429344389011,0.3871963580677698,0.06981565830370805,0.3692184022044484,0.23502864335708643,17.53875118798106,39.86753160484039,44.007978284734094,67.93477853779159,40.43264829912859,36.933948514772595,38.70235998468073
DDO_50,2.880000809,31.369994240675997,4.039998023411999,13.806483705909049,9.108113422679384,16.540154849393776,rMD_DH_DM_profiles_ddo50.pdf,True,True,49.7,132.52,9.79,4.790001919692001,8.42000311588,0.9312065209753356,2.854589940221693,1.6765006718922002,12.34038401995005,4.790001919692001,0.4990429344389011,0.3995286996741438,0.07547066158846641,0.38195436870901417,0.2450506225072383,16.540154849393776,38.50249210925314,43.01524839888905,68.94371601128573,39.10736747939538,35.35480699939187,37.24232497984253
DDO_50,3.0000009644400003,31.689999649256,3.9299975884,12.603233510675562,9.213594394641584,15.611912650075462,rMD_DH_DM_profiles_ddo50.pdf,True,True,49.7,132.52,9.79,4.790001919692001,8.42000311588,0.9312065209753356,2.854589940221693,1.6765006718922002,12.34038401995005,4.790001919692001,0.4990429344389011,0.4123492825529705,0.08189091548746141,0.39523658670216816,0.2556828354960988,15.611912650075462,37.19998108408124,42.09293381026858,70.23444735082245,37.847263346784096,33.821575580180635,35.83637882483693
DDO_50,3.1200011198800004,30.900004811259997,3.850000034088,13.21865853376608,9.213594394641584,16.112828898156824,rMD_DH_DM_profiles_ddo50.pdf,True,True,49.7,132.52,9.79,4.790001919692001,8.42000311588,0.9312065209753356,2.854589940221693,1.6765006718922002,12.34038401995005,4.790001919692001,0.4990429344389011,0.4245129839207165,0.08857322082641471,0.4078997680840005,0.26598877494634304,16.112828898156824,38.25769841552469,43.203459523945384,72.81684118524262,38.907385068563514,34.88028099027664,36.87878271805507
DDO_50,3.2300013597520003,31.209999132052,3.739999599075999,15.79219812394146,9.213594394641584,18.283430839281532,rMD_DH_DM_profiles_ddo50.pdf,True,True,49.7,132.52,9.79,4.790001919692001,8.42000311588,0.9312065209753356,2.854589940221693,1.6765006718922002,12.34038401995005,4.790001919692001,0.4990429344389011,0.4350911611460092,0.09492887802217644,0.4189854290469146,0.2751405394626462,18.283430839281532,42.01105309745114,46.62222455207371,76.67473407800733,42.61952833944963,38.88130424610142,40.71556153019072
DDO_50,3.350001515192,31.310003670608,3.639995060519999,17.998603675868743,9.208931811554148,20.217669484657467,rMD_DH_DM_profiles_ddo50.pdf,True,True,49.7,132.52,9.79,4.790001919692001,8.42000311588,0.9312065209753356,2.854589940221693,1.6765006718922002,12.34038401995005,4.790001919692001,0.4990429344389011,0.44601465672809304,0.1021134488337159,0.43052398842575473,0.2847936024809411,20.217669484657467,45.29246742768991,49.65258848182597,80.4789614136168,45.87288274803333,42.33058742157513,44.05083372573214
DDO_50,3.4600011707520006,29.779993476896,3.5900003869079997,20.97450694180262,9.105747968980884,22.86579514310241,rMD_DH_DM_profiles_ddo50.pdf,True,True,49.7,132.52,9.79,4.790001919692001,8.42000311588,0.9312065209753356,2.854589940221693,1.6765006718922002,12.34038401995005,4.790001919692001,0.4990429344389011,0.45547102225919844,0.10892947966241948,0.44061448005576254,0.2933347925596987,22.86579514310241,49.52684270424141,53.50464300084715,84.69805854121773,50.07057110811747,46.77474385140426,48.35958606763329
DDO_50,3.5800013261920003,28.69999611102,3.44000117474,23.231034927296555,9.003182072129045,24.914619628185743,rMD_DH_DM_profiles_ddo50.pdf,True,True,49.7,132.52,9.79,4.790001919692001,8.42000311588,0.9312065209753356,2.854589940221693,1.6765006718922002,12.34038401995005,4.790001919692001,0.4990429344389011,0.46519022651852454,0.11661631467054846,0.4511094386308993,0.302311618621237,24.914619628185743,52.782704271229065,56.53013706137956,88.54379503421114,53.30532526074965,50.15303511141434,51.655190151001456
DDO_50,3.690001566064,28.9599957582,3.749995495532,24.168507582542116,8.899816746032181,25.75506740197646,rMD_DH_DM_profiles_ddo50.pdf,True,True,49.7,132.52,9.79,4.790001919692001,8.42000311588,0.9312065209753356,2.854589940221693,1.6765006718922002,12.34038401995005,4.790001919692001,0.4990429344389011,0.47356278134127844,0.12389279154494065,0.46027989592839014,0.31022691169041927,25.75506740197646,54.243842272349,57.96894181124819,91.1687261945074,54.762809963279935,51.641413865893995,53.11832161159794
DDO_50,3.810001721504,30.299992771256,3.690004925464,23.688447815326576,8.782290757584297,25.26402958457342,rMD_DH_DM_profiles_ddo50.pdf,True,True,49.7,132.52,9.79,4.790001919692001,8.42000311588,0.9312065209753356,2.854589940221693,1.6765006718922002,12.34038401995005,4.790001919692001,0.4990429344389011,0.48212361708046103,0.13208189202565582,0.4698120208003295,0.3185166382956694,25.26402958457342,53.822157331948695,57.76518911451128,92.84972330937637,54.35592976890725,51.14962760993437,52.65697774659752
DDO_50,3.920001377064,31.689999649256,3.899994707699999,24.19487349253351,8.580681736578471,25.671384894160894,rMD_DH_DM_profiles_ddo50.pdf,True,True,49.7,132.52,9.79,4.790001919692001,8.42000311588,0.9312065209753356,2.854589940221693,1.6765006718922002,12.34038401995005,4.790001919692001,0.4990429344389011,0.4894578954143496,0.13981873764167338,0.4781354928512268,0.32580084419032856,25.671384894160894,54.65878834099459,58.65031481422277,95.11642249744686,55.19373718615696,51.9882219879981,53.48531119837589
DDO_50,4.040001532504,32.750005222220004,3.999999246255999,24.297439389385357,8.580681736578471,25.768074432237004,rMD_DH_DM_profiles_ddo50.pdf,True,True,49.7,132.52,9.79,4.790001919692001,8.42000311588,0.9312065209753356,2.854589940221693,1.6765006718922002,12.34038401995005,4.790001919692001,0.4990429344389011,0.49691331198637545,0.14851010231897807,0.48678242739829153,0.3334027141389049,25.768074432237004,55.06560368869595,59.17000609963713,97.30592540146014,55.60619522212203,52.37436970039959,53.87350954786217
DDO_50,4.150001772376,33.460002505904,3.889998811244,24.606478840281696,8.47782598875209,26.02599343757681,rMD_DH_DM_profiles_ddo50.pdf,True,True,49.7,132.52,9.79,4.790001919692001,8.42000311588,0.9312065209753356,2.854589940221693,1.6765006718922002,12.34038401995005,4.790001919692001,0.4990429344389011,0.5032603088576327,0.15670739887200075,0.49432837097576543,0.3400591009100894,26.02599343757681,55.67908023695507,59.85523240011078,99.45673370066524,56.22202105473916,52.984154701509915,54.47661451069077
DDO_50,4.270001927816001,34.949998731128,3.889998811244,25.13716185008282,8.365003237700247,26.49245524756048,rMD_DH_DM_profiles_ddo50.pdf,True,True,49.7,132.52,9.79,4.790001919692001,8.42000311588,0.9312065209753356,2.854589940221693,1.6765006718922002,12.34038401995005,4.790001919692001,0.4990429344389011,0.5096679234336845,0.16590102902189166,0.5021631113089398,0.3469804488460654,26.49245524756048,56.61287004489935,60.832303220052474,101.95556959158675,57.155364252557376,53.93004021053877,55.4063410788071
DDO_50,4.380001583376001,34.629993322547996,3.9600004691,25.043541305032537,8.264211994401954,26.371882014473066,rMD_DH_DM_profiles_ddo50.pdf,True,True,49.7,132.52,9.79,4.790001919692001,8.42000311588,0.9312065209753356,2.854589940221693,1.6765006718922002,12.34038401995005,4.790001919692001,0.4990429344389011,0.5150818763161207,0.1745586894252232,0.5089961104145116,0.3530187517214245,26.371882014473066,56.66958514580264,61.02608633223041,103.81027898448066,57.21888064169628,53.9603907345214,55.443082907343204
DDO_50,4.5000017388160005,35.25999305192,3.889998811244,25.351252038046965,8.264211994401954,26.664267846408187,rMD_DH_DM_profiles_ddo50.pdf,True,True,49.7,132.52,9.79,4.790001919692001,8.42000311588,0.9312065209753356,2.854589940221693,1.6765006718922002,12.34038401995005,4.790001919692001,0.4990429344389011,0.5205021437012852,0.18425458377170356,0.5160863428385926,0.35927333249510374,26.664267846408187,57.343694503255655,61.77159451375296,106.17738973387513,57.894120160280785,54.63906311268581,56.110218337796326
DDO_50,4.6200013099440005,35.369993486932,3.650006148308,26.577364283502632,8.060131086882626,27.772684519068967,rMD_DH_DM_profiles_ddo50.pdf,True,True,49.7,132.52,9.79,4.790001919692001,8.42000311588,0.9312065209753356,2.854589940221693,1.6765006718922002,12.34038401995005,4.790001919692001,0.4990429344389011,0.5254317597886256,0.19421248043231637,0.5228131484782421,0.3651886326834962,27.772684519068967,59.19930456315217,63.5497409175055,109.18542906100888,59.73955366438246,56.558086182034025,57.985436616066295
DDO_50,4.730002134128,36.20000229341599,3.829993049844,26.93083255743436,7.943493054975854,28.07790633489285,rMD_DH_DM_profiles_ddo50.pdf,True,True,49.7,132.52,9.79,4.790001919692001,8.42000311588,0.9312065209753356,2.854589940221693,1.6765006718922002,12.34038401995005,4.790001919692001,0.4990429344389011,0.5295340706738043,0.20357085982242332,0.5286740280625897,0.370315208160154,28.07790633489285,59.866063176522715,64.27215805599121,111.38413260678566,60.406311473621166,57.234761302292995,58.64897131303315
DDO_50,4.850001705256001,36.600005256308,3.910005795488,26.838606916735923,7.842288106553159,27.96090670878272,rMD_DH_DM_profiles_ddo50.pdf,True,True,49.7,132.52,9.79,4.790001919692001,8.42000311588,0.9312065209753356,2.854589940221693,1.6765006718922002,12.34038401995005,4.790001919692001,0.4990429344389011,0.5335706171586807,0.20618549451565943,0.5347489139091439,0.37559391132430403,27.96090670878272,59.93859867718481,64.48472205327637,111.93046832127284,60.48437148435854,57.2901316895002,58.70550049246147
DDO_50,4.960001945128,36.519992510664,3.9699963655559993,27.45915493369679,7.842288106553159,28.557077448838317,rMD_DH_DM_profiles_ddo50.pdf,True,True,49.7,132.52,9.79,4.790001919692001,8.42000311588,0.9312065209753356,2.854589940221693,1.6765006718922002,12.34038401995005,4.790001919692001,0.4990429344389011,0.5368826956152216,0.201612824160736,0.5400375729717594,0.38014767248766457,28.557077448838317,61.0219190507019,65.56874424895668,111.6301729990898,61.56336729247731,58.40608645882758,59.79632947481384
DDO_50,5.0800021005680005,36.439994956351995,4.0099951427119995,27.768700998289713,7.740234529481515,28.82727849977854,rMD_DH_DM_profiles_ddo50.pdf,True,True,49.7,132.52,9.79,4.790001919692001,8.42000311588,0.9312065209753356,2.854589940221693,1.6765006718922002,12.34038401995005,4.790001919692001,0.4990429344389011,0.5400880802009571,0.19685031230364824,0.5455147341544972,0.38481397224635916,28.82727849977854,61.649688821011054,66.26431353345377,111.04910794211169,62.19108370753479,59.04587453178152,60.42179199198548
DDO_50,5.190001756128001,36.279999847728,3.660002044764,27.58088628779146,7.842288106553159,28.6741481332274,rMD_DH_DM_profiles_ddo50.pdf,True,True,49.7,132.52,9.79,4.790001919692001,8.42000311588,0.9312065209753356,2.854589940221693,1.6765006718922002,12.34038401995005,4.790001919692001,0.4990429344389011,0.5426662992575256,0.19267816216425515,0.550278622269921,0.3888183193256849,28.6741481332274,61.639507483378175,66.38774833982411,110.2262850225373,62.18569893337885,59.02253658409543,60.398492874308786
DDO_50,5.310001911568,36.20000229341599,3.889998811244,27.89202997956952,7.843798512027035,28.97396264715067,rMD_DH_DM_profiles_ddo50.pdf,True,True,49.7,132.52,9.79,4.790001919692001,8.42000311588,0.9312065209753356,2.854589940221693,1.6765006718922002,12.34038401995005,4.790001919692001,0.4990429344389011,0.5451014228240267,0.1883238493420256,0.5552073312143052,0.39289877980188953,28.97396264715067,62.304560372941154,67.11281847055541,109.74312450312361,62.84979138979311,59.704876055975696,61.064047503226185
DDO_50,5.42000215144,36.409992075652,3.709996718376,28.40916099855634,7.9472194553491535,29.499808909777276,rMD_DH_DM_profiles_ddo50.pdf,True,True,49.7,132.52,9.79,4.790001919692001,8.42000311588,0.9312065209753356,2.854589940221693,1.6765006718922002,12.34038401995005,4.790001919692001,0.4990429344389011,0.5470010015705721,0.18450177178145905,0.5594896366031802,0.39637900960687455,29.499808909777276,63.277824774276795,68.09427239842148,109.54512625398621,63.818864464378954,60.7107219072936,62.0458472205666
DDO_50,5.540001722568001,36.399996179196,3.620003267608,28.51397440541177,7.947769078515358,29.600908258326843,rMD_DH_DM_profiles_ddo50.pdf,True,True,49.7,132.52,9.79,4.790001919692001,8.42000311588,0.9312065209753356,2.854589940221693,1.6765006718922002,12.34038401995005,4.790001919692001,0.4990429344389011,0.5487252274082747,0.18050535903740875,0.5639146938910105,0.39990188229805657,29.600908258326843,63.64850785736961,68.55868119074859,108.96781694609892,64.19065952072354,61.08877064306063,62.412854336920674
DDO_50,5.650002546752001,35.799999330523995,3.709996718376,29.154604170276972,7.947769078515358,30.218503894980245,rMD_DH_DM_profiles_ddo50.pdf,True,True,49.7,132.52,9.79,4.790001919692001,8.42000311588,0.9312065209753356,2.854589940221693,1.6765006718922002,12.34038401995005,4.790001919692001,0.4990429344389011,0.5499997208775972,0.17699107066329853,0.5677546123040219,0.40288448680534805,30.218503894980245,64.75083005724669,69.65044233957583,108.91840144630999,65.2874425707546,62.230488761025356,63.527474804635084
DDO_50,5.770002117880001,36.42000316343999,4.0099951427119995,29.264926101332833,7.949292721461636,30.3253549771137,rMD_DH_DM_profiles_ddo50.pdf,True,True,49.7,132.52,9.79,4.790001919692001,8.42000311588,0.9312065209753356,2.854589940221693,1.6765006718922002,12.34038401995005,4.790001919692001,0.4990429344389011,0.5510704568750466,0.17331016168975297,0.5717167840332913,0.4058791292086314,30.3253549771137,65.12582621794293,70.11570113692191,108.4084679246627,65.6630823034762,62.61560455926287,63.90052301434824
DDO_50,5.880002357752001,37.16999922428,3.9600004691,29.885478063641777,8.052713664783756,30.951381172080332,rMD_DH_DM_profiles_ddo50.pdf,True,True,49.7,132.52,9.79,4.790001919692001,8.42000311588,0.9312065209753356,2.854589940221693,1.6765006718922002,12.34038401995005,4.790001919692001,0.4990429344389011,0.5517714478343125,0.17006795901733493,0.575149904056433,0.4083913078698913,30.951381172080332,66.23553964293572,71.21153328529259,108.43272942212684,66.76702627904167,63.7658177226188,65.02362477625358
DDO_50,6.000002513192,37.539999306472,3.679993837676,30.60327039747245,8.15532832509875,31.67127308952028,rMD_DH_DM_profiles_ddo50.pdf,True,True,49.7,132.52,9.79,4.790001919692001,8.42000311588,0.9312065209753356,2.854589940221693,1.6765006718922002,12.34038401995005,4.790001919692001,0.4990429344389011,0.5522438077278271,0.166666596855807,0.5786862576223204,0.41088763661192,31.67127308952028,67.49468269974602,72.44867040264447,108.52940596777245,68.01952599362058,65.07065492160044,66.29845322556619
DDO_50,6.12000208432,38.169999035844,3.73000370262,31.063434225721455,8.158731022439756,32.117002316409355,rMD_DH_DM_profiles_ddo50.pdf,True,True,49.7,132.52,9.79,4.790001919692001,8.42000311588,0.9312065209753356,2.854589940221693,1.6765006718922002,12.34038401995005,4.790001919692001,0.4990429344389011,0.5524250173736299,0.16339863716093997,0.5820142606126348,0.4131350577499424,32.117002316409355,68.35444915704528,73.3345869209459,108.41495115414172,68.87571032730636,65.96122509233987,67.16701586732836
DDO_50,6.230002324192,38.839997542372,3.840004137632,31.47377371643687,8.157333243910248,32.51369738442055,rMD_DH_DM_profiles_ddo50.pdf,True,True,49.7,132.52,9.79,4.790001919692001,8.42000311588,0.9312065209753356,2.854589940221693,1.6765006718922002,12.34038401995005,4.790001919692001,0.4990429344389011,0.55234728207091,0.16051358377778693,0.5848892257744127,0.41498499908150877,32.51369738442055,69.12331532559445,74.12870475430907,108.32575599968592,69.64135857491073,66.75799915127294,67.94401696164907
DDO_50,6.350002479632001,37.16999922428,4.1000037848119995,31.678906695777517,8.054766754239925,32.6868841724779,rMD_DH_DM_profiles_ddo50.pdf,True,True,49.7,132.52,9.79,4.790001919692001,8.42000311588,0.9312065209753356,2.854589940221693,1.6765006718922002,12.34038401995005,4.790001919692001,0.4990429344389011,0.5520091260991438,0.15748025346565733,0.5878415225891235,0.41677997765772745,32.6868841724779,69.58664086603446,74.66446137858537,108.01516994585513,70.10384827590734,67.23908895713492,68.41021951065987
DDO_50,6.460002135192,36.820006126332,3.920001691943999,32.1907261092633,8.053250050477557,33.18279198345315,rMD_DH_DM_profiles_ddo50.pdf,True,True,49.7,132.52,9.79,4.790001919692001,8.42000311588,0.9312065209753356,2.854589940221693,1.6765006718922002,12.34038401995005,4.790001919692001,0.4990429344389011,0.5514778783972449,0.15479871044505136,0.5903859360266064,0.41822862648834325,33.18279198345315,70.4945468179734,75.57840341636187,108.06592023946827,71.007343349469,68.18053059776453,69.32946275363923
DDO_50,6.580002290632001,37.999992839432,3.910005795488,32.427571922653215,8.158731022439756,33.43818644447345,rMD_DH_DM_profiles_ddo50.pdf,True,True,49.7,132.52,9.79,4.790001919692001,8.42000311588,0.9312065209753356,2.854589940221693,1.6765006718922002,12.34038401995005,4.790001919692001,0.4990429344389011,0.5506689119714272,0.1519756309847654,0.5929917921192829,0.4196008320211196,33.43818644447345,71.07246039576103,76.21236070470691,107.87821028382291,71.58335406524444,68.78131267413842,69.9131847750268
DDO_50,6.6900025305040005,37.560006290716,3.9900033498,32.63132250354188,8.160142038100346,33.636158020976936,rMD_DH_DM_profiles_ddo50.pdf,True,True,49.7,132.52,9.79,4.790001919692001,8.42000311588,0.9312065209753356,2.854589940221693,1.6765006718922002,12.34038401995005,4.790001919692001,0.4990429344389011,0.5497274028700668,0.14947677455133393,0.5952313294649698,0.42067516718314507,33.636158020976936,71.54851305034146,76.74536949244676,107.69079053361322,72.05794143392217,69.277066303727,70.3941050635764
DDO_50,6.810002685944001,36.600005256308,4.180001339124,32.63132250354188,8.262707342140557,33.66118745606016,rMD_DH_DM_profiles_ddo50.pdf,True,True,49.7,132.52,9.79,4.790001919692001,8.42000311588,0.9312065209753356,2.854589940221693,1.6765006718922002,12.34038401995005,4.790001919692001,0.4990429344389011,0.5484934403270857,0.14684282020387782,0.5975174798728945,0.42165370431919336,33.66118745606016,71.79060796093354,77.08267579751339,107.32127514815417,72.30027369131035,69.53223432983917,70.63745850152372
DDO_50,6.920002925816001,37.589993980084,4.2100042198239995,32.326014066601715,8.264211994401954,33.36567675505098,rMD_DH_DM_profiles_ddo50.pdf,True,True,49.7,132.52,9.79,4.790001919692001,8.42000311588,0.9312065209753356,2.854589940221693,1.6765006718922002,12.34038401995005,4.790001919692001,0.4990429344389011,0.5471824089551368,0.14450860942115581,0.5994755600725697,0.422380067835126,33.36567675505098,71.54755307927755,76.98387956114236,106.6857797136987,72.06060778882832,69.28676237091923,70.38841221112412
DDO_50,7.040002496944,38.630007760136,4.0099951427119995,32.536704767142076,8.260586598503398,33.56895065466807,rMD_DH_DM_profiles_ddo50.pdf,True,True,49.7,132.52,9.79,4.790001919692001,8.42000311588,0.9312065209753356,2.854589940221693,1.6765006718922002,12.34038401995005,4.790001919692001,0.4990429344389011,0.5455665259833191,0.14204540416485517,0.6014664436719425,0.4229932768315009,33.56895065466807,72.0418744805968,77.54050691801562,106.51799383941845,72.5531199362576,69.80383244490076,70.8891320722552
DDO_50,7.150002736816001,36.42000316343999,3.880002914788,32.836592035091584,8.158731022439756,33.83499177442727,rMD_DH_DM_profiles_ddo50.pdf,True,True,49.7,132.52,9.79,4.790001919692001,8.42000311588,0.9312065209753356,2.854589940221693,1.6765006718922002,12.34038401995005,4.790001919692001,0.4990429344389011,0.5439241991038746,0.13986008632568922,0.6031645085622948,0.4233972538115838,33.83499177442727,72.60950893228079,78.15006164664565,106.45883461678517,73.11821266078469,70.39630513817981,71.46482210979694
DDO_50,7.270002892256,35.989997319848,3.770002479776,32.426315405225324,8.158731022439756,33.43696790463624,rMD_DH_DM_profiles_ddo50.pdf,True,True,49.7,132.52,9.79,4.790001919692001,8.42000311588,0.9312065209753356,2.854589940221693,1.6765006718922002,12.34038401995005,4.790001919692001,0.4990429344389011,0.5419667247494638,0.13755152712046362,0.6048825350720993,0.4236725746255567,33.43696790463624,72.22085910601308,77.93251555336776,105.72201950367938,72.73373275336577,70.00350350901098,71.069158289353
DDO_50,7.380002547816001,33.65000049522799,3.9900033498,32.21677586169016,8.158731022439756,33.233801149114775,rMD_DH_DM_profiles_ddo50.pdf,True,True,49.7,132.52,9.79,4.790001919692001,8.42000311588,0.9312065209753356,2.854589940221693,1.6765006718922002,12.34038401995005,4.790001919692001,0.4990429344389011,0.540028863688084,0.13550130823409198,0.6063400678511691,0.4237788657491989,33.233801149114775,72.09472951167061,77.93423950404488,105.21449182839115,72.60972767049135,69.88143993952788,70.94068924967037
DDO_50,7.500002703256001,32.540000248652,3.829993049844,32.42696443000451,8.158731022439756,33.43759731262548,rMD_DH_DM_profiles_ddo50.pdf,True,True,49.7,132.52,9.79,4.790001919692001,8.42000311588,0.9312065209753356,2.854589940221693,1.6765006718922002,12.34038401995005,4.790001919692001,0.4990429344389011,0.5377674806189908,0.1333332852754662,0.6078059226238927,0.4237427112498783,33.43759731262548,72.5819829618987,78.48103384542378,105.1029228989721,73.09478053402061,70.3933643100638,71.43591324602248
DDO_50,7.620002858696001,34.169999789588,3.749995495532,32.63132250354188,8.158731022439756,33.63581573600794,rMD_DH_DM_profiles_ddo50.pdf,True,True,49.7,132.52,9.79,4.790001919692001,8.42000311588,0.9312065209753356,2.854589940221693,1.6765006718922002,12.34038401995005,4.790001919692001,0.4990429344389011,0.535361621726432,0.13123354656734715,0.6091478453139532,0.42355359056641456,33.63581573600794,73.05942374105797,79.01830663766937,105.00076084221854,73.57001439234274,70.895421695336,71.92147463388194
DDO_50,7.730003098568001,34.729997861103996,3.870007018332,32.63132250354188,8.158731022439756,33.63581573600794,rMD_DH_DM_profiles_ddo50.pdf,True,True,49.7,132.52,9.79,4.790001919692001,8.42000311588,0.9312065209753356,2.854589940221693,1.6765006718922002,12.34038401995005,4.790001919692001,0.4990429344389011,0.533037183598424,0.12936605422386596,0.6102735209349055,0.42325273723558016,33.63581573600794,73.226329905574,79.2737445556006,104.73128107944837,73.73670296045721,71.07692569130101,72.0918282106294
DDO_50,7.850002669696001,33.220009842968004,4.170005442668,32.42913887173162,8.158731022439756,33.43970603726318,rMD_DH_DM_profiles_ddo50.pdf,True,True,49.7,132.52,9.79,4.790001919692001,8.42000311588,0.9312065209753356,2.854589940221693,1.6765006718922002,12.34038401995005,4.790001919692001,0.4990429344389011,0.5303798032372365,0.12738849170846536,0.6113912052429001,0.42279006715067297,33.43970603726318,73.11337984022434,79.29449632594996,104.24206124592686,73.62546878117674,70.9714490069384,71.97834974736924
DDO_50,7.960002909568001,33.43999552166,4.089992697024,32.31154524850401,8.158731022439756,33.32567851136182,rMD_DH_DM_profiles_ddo50.pdf,True,True,49.7,132.52,9.79,4.790001919692001,8.42000311588,0.9312065209753356,2.854589940221693,1.6765006718922002,12.34038401995005,4.790001919692001,0.4990429344389011,0.5278394156600613,0.12562809478348183,0.6123192494365137,0.42224952270821886,33.32567851136182,73.10384532115715,79.39505376588099,103.8687636116361,73.61677528975396,70.97204150327914,71.97012763724489
DDO_50,8.080003065008,32.919996227300004,3.859995930544,32.20892516733131,8.158731022439756,33.22619075866611,rMD_DH_DM_profiles_ddo50.pdf,True,True,49.7,132.52,9.79,4.790001919692001,8.42000311588,0.9312065209753356,2.854589940221693,1.6765006718922002,12.34038401995005,4.790001919692001,0.4990429344389011,0.524961782921668,0.12376232929052854,0.6132293304638746,0.42153687190686817,33.22619075866611,73.12710373620213,79.53353366705498,103.49522432780125,73.64063116331333,71.00778988864208,71.99568015574728
DDO_50,8.190002720568001,33.479994298816,3.850000034088,32.10550477337252,8.158731022439756,33.125946456660934,rMD_DH_DM_profiles_ddo50.pdf,True,True,49.7,132.52,9.79,4.790001919692001,8.42000311588,0.9312065209753356,2.854589940221693,1.6765006718922002,12.34038401995005,4.790001919692001,0.4990429344389011,0.522233054453387,0.12210008154071125,0.6139743624008541,0.42077767913224134,33.125946456660934,73.13157328184089,79.64530298210549,103.1497729048051,73.64569122824261,71.02357171565876,72.00227349621572
DDO_50,8.31000346032,32.149993182215994,3.73000370262,31.80058221357391,8.057632439774961,32.80552498675775,rMD_DH_DM_profiles_ddo50.pdf,True,True,49.7,132.52,9.79,4.790001919692001,8.42000311588,0.9312065209753356,2.854589940221693,1.6765006718922002,12.34038401995005,4.790001919692001,0.4990429344389011,0.5191641052171079,0.12033689333283287,0.6146921638544587,0.41983742553012393,32.80552498675775,72.81176546218799,79.48448329124714,102.5513904895895,73.32872723070675,70.70685746093159,71.67998194372447
DDO_50,8.42000311588,32.579999025808,3.819997153387999,31.356330422396876,8.053250050477557,32.37397556578507,rMD_DH_DM_profiles_ddo50.pdf,True,True,49.7,132.52,9.79,4.790001919692001,8.42000311588,0.9312065209753356,2.854589940221693,1.6765006718922002,12.34038401995005,4.790001919692001,0.4990429344389011,0.5162725052016357,0.11876480165595366,0.6152674809417007,0.4188795194423695,32.37397556578507,72.30055139650833,79.14762863046377,101.85515183425376,72.82162789603066,70.19229880464437,71.1632592963634
DDO_52,0.6799989,20.519975558952,6.619982600286,6.155057683402046,4.895510250828321,7.864525141543623,rMD_DH_DM_profiles_ddo52.pdf,True,True,43.0,33.43,7.2,3.06000048,5.43,0.8227910411026335,1.8235998092967818,1.0710001679999999,7.663877676593649,3.06000048,0.4502559684961851,0.08581466006084813,0.01613808269380996,0.10856134068046001,0.04217724558862203,7.864525141543623,18.42706829773549,20.65835052150813,32.23288735244505,18.785623009974238,17.018302895165316,17.975765232716423
DDO_52,1.01999835,28.539978692772,6.33001148991,7.739596806313238,6.206101557837924,9.920537045467468,rMD_DH_DM_profiles_ddo52.pdf,True,True,43.0,33.43,7.2,3.06000048,5.43,0.8227910411026335,1.8235998092967818,1.0710001679999999,7.663877676593649,3.06000048,0.4502559684961851,0.14238222368224024,0.03631068606107241,0.19899891734267683,0.07785870353892847,9.920537045467468,23.03883319678089,25.70738369180857,45.87420563211533,23.563656262199167,21.1645420270322,22.370977344276273
DDO_52,1.3599978,32.519970780678,3.450005405496,7.177169491099086,7.32880741924991,10.257835058744902,rMD_DH_DM_profiles_ddo52.pdf,True,True,43.0,33.43,7.2,3.06000048,5.43,0.8227910411026335,1.8235998092967818,1.0710001679999999,7.663877676593649,3.06000048,0.4502559684961851,0.19446224943530638,0.06455233077523984,0.283562681398631,0.11458242818616605,10.257835058744902,24.61894568436879,27.972168426367237,58.34124793586365,25.31686986301705,22.202205652386425,23.69516410539417
DDO_52,1.70000268,37.669970989752,3.53997358251,6.623626998893281,8.16759230996395,10.515797580889918,rMD_DH_DM_profiles_ddo52.pdf,True,True,43.0,33.43,7.2,3.06000048,5.43,0.8227910411026335,1.8235998092967818,1.0710001679999999,7.663877676593649,3.06000048,0.4502559684961851,0.239204842326759,0.10086366117506763,0.35559012468283246,0.1492313459481079,10.515797580889918,25.88241390935912,29.85701897314528,71.00134439528796,26.713354932219616,23.037139185347648,24.7340121825693
DDO_52,2.04000213,43.26999286389,3.670014658194,7.332835134259848,8.309081105943903,11.08202598496275,rMD_DH_DM_profiles_ddo52.pdf,True,True,43.0,33.43,7.2,3.06000048,5.43,0.8227910411026335,1.8235998092967818,1.0710001679999999,7.663877676593649,3.06000048,0.4502559684961851,0.2757358160005879,0.14524351745059028,0.4145788290553681,0.18013913829746606,11.08202598496275,27.57983698427633,32.039434769232784,83.99583648613081,28.488619240420338,24.49900071799103,26.276992569776525
DDO_52,2.3800015799999996,47.180023094118,4.149985542264,9.02794491607563,8.591070446770312,12.462354545954229,rMD_DH_DM_profiles_ddo52.pdf,True,True,43.0,33.43,7.2,3.06000048,5.43,0.8227910411026335,1.8235998092967818,1.0710001679999999,7.663877676593649,3.06000048,0.4502559684961851,0.30418639720756235,0.19769241507301785,0.46204436798580084,0.20654461594020002,12.462354545954229,30.65936057567266,35.35739516222977,97.50749818916668,31.571889155320648,27.622365384294756,29.317980256872108
DDO_52,2.7200010299999997,48.870014738028,3.670014658194,12.112073374955765,9.010884100023066,15.096302650131284,rMD_DH_DM_profiles_ddo52.pdf,True,True,43.0,33.43,7.2,3.06000048,5.43,0.8227910411026335,1.8235998092967818,1.0710001679999999,7.663877676593649,3.06000048,0.4502559684961851,0.3251900977552072,0.2582103540423505,0.4998855510850075,0.2282443380609134,15.096302650131284,35.80758766837245,40.41358197346828,111.68107677945304,36.65545004597039,33.05994989856565,34.54386373795187
DDO_52,3.06000048,50.010013380192,3.409992766824,13.239218192689886,9.00975832221532,16.014138858470634,rMD_DH_DM_profiles_ddo52.pdf,True,True,43.0,33.43,7.2,3.06000048,5.43,0.8227910411026335,1.8235998092967818,1.0710001679999999,7.663877676593649,3.06000048,0.4502559684961851,0.33960789204243175,0.3267973343585881,0.5298317336315319,0.24537833101099096,16.014138858470634,37.983169767927265,42.86808458555808,124.92263852445144,38.83092092126269,35.28609710072071,36.70343865644635
DDO_52,3.39999993,54.13999260312001,2.95997110176,14.926113901653268,8.728544894120105,17.290933236057477,rMD_DH_DM_profiles_ddo52.pdf,True,True,43.0,33.43,7.2,3.06000048,5.43,0.8227910411026335,1.8235998092967818,1.0710001679999999,7.663877676593649,3.06000048,0.4502559684961851,0.34837225275676276,0.29411765311418697,0.5533269311428916,0.25827989246425875,17.290933236057477,40.71915453445165,45.774855004771304,120.01958921429683,41.54583575961857,38.14888155820758,39.46448283559605
DDO_52,3.739999379999999,57.070014485874005,3.27000879147,16.474363773198927,8.44803073922799,18.514153642622453,rMD_DH_DM_profiles_ddo52.pdf,True,True,43.0,33.43,7.2,3.06000048,5.43,0.8227910411026335,1.8235998092967818,1.0710001679999999,7.663877676593649,3.06000048,0.4502559684961851,0.35239940303768513,0.267379723469366,0.5715390233471928,0.2673832862865997,18.514153642622453,43.33038868778262,48.54748260812454,116.04046685232612,44.13352323451819,40.895804992946324,42.111429875056196
DDO_52,4.070002199999999,58.279974985716,3.759982835208,18.575431706899636,8.44803073922799,20.40627076338627,rMD_DH_DM_profiles_ddo52.pdf,True,True,43.0,33.43,7.2,3.06000048,5.43,0.8227910411026335,1.8235998092967818,1.0710001679999999,7.663877676593649,3.06000048,0.4502559684961851,0.35258579792283967,0.2457001128893739,0.5850539805964408,0.2730377306623177,20.40627076338627,46.97080482990275,52.17236655477578,113.3779499528829,47.73010431792784,44.73357048434982,45.82470897148564
DDO_52,4.41000165,60.47000409303,4.149985542264,20.684758170703557,8.307706324562961,22.29074258421354,rMD_DH_DM_profiles_ddo52.pdf,True,True,43.0,33.43,7.2,3.06000048,5.43,0.8227910411026335,1.8235998092967818,1.0710001679999999,7.663877676593649,3.06000048,0.4502559684961851,0.34969144261166135,0.2267572847733515,0.595430271390542,0.2760496065720632,22.29074258421354,50.55646843647422,55.74684058254921,111.28029278332923,51.27512219200128,48.50233502526257,49.481620557348016
DDO_52,4.7500011,61.719977231544,4.339985315958001,20.971028385694176,8.30731739902922,22.55649693373961,rMD_DH_DM_profiles_ddo52.pdf,True,True,43.0,33.43,7.2,3.06000048,5.43,0.8227910411026335,1.8235998092967818,1.0710001679999999,7.663877676593649,3.06000048,0.4502559684961851,0.344331247577428,0.21052626703602234,0.6028134321055562,0.2766555025119559,22.55649693373961,51.55799600037835,57.06718602382009,108.54558561033289,52.27156050538817,49.576869280147186,50.50213082285629
DDO_52,5.09000055,60.73002598440001,4.689975384342,20.41153600367505,8.027058068575991,21.9331817861799,rMD_DH_DM_profiles_ddo52.pdf,True,True,43.0,33.43,7.2,3.06000048,5.43,0.8227910411026335,1.8235998092967818,1.0710001679999999,7.663877676593649,3.06000048,0.4502559684961851,0.33708447094391275,0.19646363299508876,0.6077073307303483,0.275275604291629,21.9331817861799,51.09550408436598,57.10720452066389,105.47612352701454,51.82124188771245,49.13864405952163,50.03525053490479
DDO_52,5.43,60.259998,5.06997493173,20.689175936810035,8.30590098539088,22.29416946475909,rMD_DH_DM_profiles_ddo52.pdf,True,True,43.0,33.43,7.2,3.06000048,5.43,0.8227910411026335,1.8235998092967818,1.0710001679999999,7.663877676593649,3.06000048,0.4502559684961851,0.3284409382069664,0.1841620626151013,0.6105249096952553,0.27228540909766824,22.29416946475909,52.18709053720552,58.47653896349389,103.46410716382411,52.90112747228012,50.3227359951352,51.160853256647904
DDO_53,0.22000010784,7.799995595406,2.590010670576,5.811306837764851,1.9496439381755504,6.129632831444081,rMD_DH_DM_profiles_ddo53.pdf,True,True,27.0,7.0,0.96,0.835000628312,1.4499999442279998,0.8793969849246231,0.49761658421454114,0.29225021990919997,2.087562733775487,0.835000628312,0.47572864321608044,0.029204797747084666,0.08313528320650654,0.14194209879381925,0.014647222697121556,6.129632831444081,13.017838613236837,13.954966305777702,61.42012943536998,13.671488095292863,12.34788669081774,12.796827541835084
DDO_53,0.340000385672,9.430008259224,2.9500138532760003,7.787694039928676,2.865815157558525,8.298257345782476,rMD_DH_DM_profiles_ddo53.pdf,True,True,27.0,7.0,0.96,0.835000628312,1.4499999442279998,0.8793969849246231,0.49761658421454114,0.29225021990919997,2.087562733775487,0.835000628312,0.47572864321608044,0.04849805566772277,0.19856303966429859,0.25644448279118237,0.027323468101647673,8.298257345782476,17.138496222486424,18.189938961155903,94.3354415395843,18.034591486048456,16.294409789395335,16.82513375378599
DDO_53,0.450000439592,12.48000552918,3.200003836302,8.211982885131057,3.9922290862630625,9.130966870101448,rMD_DH_DM_profiles_ddo53.pdf,True,True,27.0,7.0,0.96,0.835000628312,1.4499999442279998,0.8793969849246231,0.49761658421454114,0.29225021990919997,2.087562733775487,0.835000628312,0.47572864321608044,0.06358625941182512,0.3478287445462742,0.34563182531637016,0.03857089514519202,9.130966870101448,19.13646489844139,20.41413235843057,124.26029512696402,20.215942743511288,18.143991730903863,18.73980548245561
DDO_53,0.560000493512,15.949996031844,2.8000072869299997,8.641832352002824,4.2736941709185094,9.640836492061542,rMD_DH_DM_profiles_ddo53.pdf,True,True,27.0,7.0,0.96,0.835000628312,1.4499999442279998,0.8793969849246231,0.49761658421454114,0.29225021990919997,2.087562733775487,0.835000628312,0.47572864321608044,0.07555800899763991,0.5386620910315032,0.4164216763109592,0.04851943905929464,9.640836492061542,20.56959906371799,22.089277676399107,154.16866844223722,21.778175310418046,19.471578732870217,20.10495734165771
DDO_53,0.670000547432,17.279995562969997,2.26000251288,10.897570554042014,4.415535415064401,11.75814598404066,rMD_DH_DM_profiles_ddo53.pdf,True,True,27.0,7.0,0.96,0.835000628312,1.4499999442279998,0.8793969849246231,0.49761658421454114,0.29225021990919997,2.087562733775487,0.835000628312,0.47572864321608044,0.08444255841271965,0.7710630791199855,0.4711161473797045,0.05679206907428148,11.75814598404066,24.20935541149984,25.66803787914765,184.39875316628036,25.377069471208728,23.172334396364718,23.748083545368917
DDO_53,0.7800006013519999,20.749986065634,2.240005829544,13.147956439428151,4.699286910493225,13.962523267670251,rMD_DH_DM_profiles_ddo53.pdf,True,True,27.0,7.0,0.96,0.835000628312,1.4499999442279998,0.8793969849246231,0.49761658421454114,0.29225021990919997,2.087562733775487,0.835000628312,0.47572864321608044,0.09054115150749448,1.0450317088117207,0.5128357694335582,0.06330905664442504,13.962523267670251,27.840476307577337,29.225911547492064,214.62833188083064,28.95034468766243,26.877641949031382,27.39401819730155
DDO_53,0.890000655272,24.719987975676,3.220000519638,14.750329303331036,5.190144435213876,15.636809579165687,rMD_DH_DM_profiles_ddo53.pdf,True,True,27.0,7.0,0.96,0.835000628312,1.4499999442279998,0.8793969849246231,0.49761658421454114,0.29225021990919997,2.087562733775487,0.835000628312,0.47572864321608044,0.09425848338317815,1.1235946783594022,0.5443167603497692,0.06815522494214163,15.636809579165687,30.681721791155134,32.06550043963703,222.7922961085938,31.753229371055475,29.77449429162012,30.245999803767727
DDO_53,1.009999728548,27.699996853956,3.360008744316,14.612228384824686,5.4663462722265725,15.601223026998928,rMD_DH_DM_profiles_ddo53.pdf,True,True,27.0,7.0,0.96,0.835000628312,1.4499999442279998,0.8793969849246231,0.49761658421454114,0.29225021990919997,2.087562733775487,0.835000628312,0.47572864321608044,0.09609390138907499,0.9900992760043849,0.5695223148834871,0.07173587478147418,15.601223026998928,31.300026273893536,32.916718205500544,209.49755300912204,32.398905374138785,30.393685230316574,30.85043559729646
DDO_53,1.119999782468,30.049984441848,3.710013585348,14.890410749600283,5.538528347107796,15.88708999607947,rMD_DH_DM_profiles_ddo53.pdf,True,True,27.0,7.0,0.96,0.835000628312,1.4499999442279998,0.8793969849246231,0.49761658421454114,0.29225021990919997,2.087562733775487,0.835000628312,0.47572864321608044,0.09616792929573396,0.8928573162723552,0.5860427013836647,0.07367506090301734,15.88708999607947,32.23439334432616,34.01553301548045,199.33453579602767,33.33292644414237,31.35438558998211,31.786136948795207
DDO_53,1.229999836388,31.859998697016003,4.150003501392,15.382395637542498,5.679020864120784,16.397236764924926,rMD_DH_DM_profiles_ddo53.pdf,True,True,27.0,7.0,0.96,0.835000628312,1.4499999442279998,0.8793969849246231,0.49761658421454114,0.29225021990919997,2.087562733775487,0.835000628312,0.47572864321608044,0.09506419592146426,0.813008238225938,0.5975797894891304,0.07454599309904109,16.397236764924926,33.439177141873294,35.34355180184219,190.66418390190765,34.51991324667591,32.60156736438544,33.00214710871263
DDO_53,1.339999890308,32.000006921693995,3.510015310662,16.437225909236073,5.890187789831877,17.460718994094893,rMD_DH_DM_profiles_ddo53.pdf,True,True,27.0,7.0,0.96,0.835000628312,1.4499999442279998,0.8793969849246231,0.49761658421454114,0.29225021990919997,2.087562733775487,0.835000628312,0.47572864321608044,0.09308077732127253,0.7462687178057524,0.6051235574118303,0.07454778309028878,17.460718994094893,35.37064898497193,37.30655468864109,183.2848514383454,36.406810115919775,34.59653966315017,34.95776391944231
DDO_53,1.4499999442279998,28.649996519046,3.920010201702,17.425692315905916,6.242333331702277,18.510037226129604,rMD_DH_DM_profiles_ddo53.pdf,True,True,27.0,7.0,0.96,0.835000628312,1.4499999442279998,0.8793969849246231,0.49761658421454114,0.29225021990919997,2.087562733775487,0.835000628312,0.47572864321608044,0.09046546110281689,0.6896551989403102,0.609453905962933,0.07386036924816856,18.510037226129604,37.259084768017544,39.222330804009495,176.85288167754734,38.25107363985185,36.545847322563844,36.870985951598854
DDO_70,0.170000151942,10.560012146639998,1.389998687636,0.8567344579808329,2.232563878164701,2.391304121515605,rMD_DH_DM_profiles_ddo70.pdf,True,True,50.0,3.8,1.24,1.079999515916,1.999999020588,0.753968253968254,0.6436230726555424,0.3779998305706,2.7539669053334763,1.079999515916,0.4192857142857143,0.018791378169867298,0.022941823624443653,0.0601584743922083,0.008722895482754655,2.391304121515605,6.446221179112652,7.932444792950486,32.18416798999847,6.996254343994914,5.533476080998558,6.177059209154158
DDO_70,0.2499995975829999,13.709989569023998,1.7500107465719998,3.1545408204013947,3.2778359215161323,4.549212691879796,rMD_DH_DM_profiles_ddo70.pdf,True,True,50.0,3.8,1.24,1.079999515916,1.999999020588,0.753968253968254,0.6436230726555424,0.3779998305706,2.7539669053334763,1.079999515916,0.4192857142857143,0.031966104720992455,0.04961442205347553,0.1159760431721102,0.016397658446472736,4.549212691879796,10.80980009928705,12.212506058254544,47.61378162967374,11.45014723594454,9.912174346898443,10.51021543540677
DDO_70,0.3299996032049999,16.929999095252,2.2600084219879997,4.572349289341258,4.358624617164727,6.316960232350198,rMD_DH_DM_profiles_ddo70.pdf,True,True,50.0,3.8,1.24,1.079999515916,1.999999020588,0.753968253968254,0.6436230726555424,0.3779998305706,2.7539669053334763,1.079999515916,0.4192857142857143,0.04534718791350036,0.08644823939967744,0.17650714328577627,0.02497934872475513,6.316960232350198,14.171363682080365,15.545663552598347,62.82813593517424,14.917146082758897,13.207601108542958,13.823808939151911
DDO_70,0.4199997495249999,18.589995182244,2.9699946826079997,5.642233960248627,5.199877457156804,7.67290881163268,rMD_DH_DM_profiles_ddo70.pdf,True,True,50.0,3.8,1.24,1.079999515916,1.999999020588,0.753968253968254,0.6436230726555424,0.3779998305706,2.7539669053334763,1.079999515916,0.4192857142857143,0.059726307808266245,0.1400320285923706,0.2427576557503798,0.03497141925725493,7.67290881163268,16.81902075776515,18.260678449000675,79.6973894166356,17.683769683921177,15.752004698560954,16.409068628983952
DDO_70,0.4999997551469999,22.29999653846,3.5799982954719995,7.204897674303977,5.617320089656396,9.135909122076916,rMD_DH_DM_profiles_ddo70.pdf,True,True,50.0,3.8,1.24,1.079999515916,1.999999020588,0.753968253968254,0.6436230726555424,0.3779998305706,2.7539669053334763,1.079999515916,0.4192857142857143,0.07146003577803578,0.1984581327450055,0.296683752981823,0.043705200546404636,9.135909122076916,19.474225318583805,20.90552518709405,94.76363442106332,20.388955752304366,18.375635259379624,19.032119655139763
DDO_70,0.579999760769,23.620009701636,3.630001264196,8.041555911183757,5.931073577496398,9.99220972830186,rMD_DH_DM_profiles_ddo70.pdf,True,True,50.0,3.8,1.24,1.079999515916,1.999999020588,0.753968253968254,0.6436230726555424,0.3779998305706,2.7539669053334763,1.079999515916,0.4192857142857143,0.08199178920485067,0.2670453046741905,0.34480013073547644,0.05201925030020037,9.99220972830186,21.193700631127744,22.708362050736223,109.64737599192054,22.170944472517554,20.03654667767751,20.71015736711873
DDO_70,0.6699999070889999,26.439995478072,3.140009434208,8.358827529738956,6.036693566301188,10.310754913455368,rMD_DH_DM_profiles_ddo70.pdf,True,True,50.0,3.8,1.24,1.079999515916,1.999999020588,0.753968253968254,0.6436230726555424,0.3779998305706,2.7539669053334763,1.079999515916,0.4192857142857143,0.09230091156743071,0.35635167333922085,0.39191850058071015,0.06066040601900838,10.310754913455368,22.158882369075066,23.863411957094954,126.23313617534934,23.220357598421163,20.911901076047045,21.61915519860858
DDO_70,0.7499993527299998,25.929997802655997,2.750000251976,8.254252384895542,5.932118421457774,10.16477798083915,rMD_DH_DM_profiles_ddo70.pdf,True,True,50.0,3.8,1.24,1.079999515916,1.999999020588,0.753968253968254,0.6436230726555424,0.3779998305706,2.7539669053334763,1.079999515916,0.4192857142857143,0.10008944866218833,0.44653046527781043,0.4279956111930339,0.0675989960738565,10.16477798083915,22.34240129417107,24.286065439279582,140.89427099656842,23.490123670365055,20.998628671071934,21.74516055750371
DDO_70,0.8299993583519999,25.220011542036,2.459997007192,8.045811946008396,5.931407106645596,9.99583313862818,rMD_DH_DM_profiles_ddo70.pdf,True,True,50.0,3.8,1.24,1.079999515916,1.999999020588,0.753968253968254,0.6436230726555424,0.3779998305706,2.7539669053334763,1.079999515916,0.4192857142857143,0.10662720401080476,0.5468709206649224,0.45917574989943216,0.07378736717672466,9.99583313862818,22.440074476344893,24.624199498299948,155.57694619577583,23.66415363986889,21.012192533926076,21.790263542890017
DDO_70,0.919999504672,25.010008389272,2.459997007192,7.938077298322976,5.931407106645596,9.909321947485433,rMD_DH_DM_profiles_ddo70.pdf,True,True,50.0,3.8,1.24,1.079999515916,1.999999020588,0.753968253968254,0.6436230726555424,0.3779998305706,2.7539669053334763,1.079999515916,0.4192857142857143,0.11257605817131576,0.6718997887864774,0.4891051153188606,0.07983693949705287,9.909321947485433,22.66237468181653,25.090729013273492,172.14177491282632,23.95197141821034,21.167828734186937,21.965551757416883
DDO_70,0.999999510294,24.899987884264,2.699997283252,7.832975824204186,5.8274590810874765,9.762929355696278,rMD_DH_DM_profiles_ddo70.pdf,True,True,50.0,3.8,1.24,1.079999515916,1.999999020588,0.753968253968254,0.6436230726555424,0.3779998305706,2.7539669053334763,1.079999515916,0.4192857142857143,0.1167112706587059,0.7938325309800224,0.5117175816565671,0.08441731144274643,9.762929355696278,22.714705923281098,25.370203952270874,186.86776525902218,24.05931774293176,21.167082855560764,21.978989398735113
DDO_70,1.079999515916,24.240004592368,3.010006373464,7.93820597896799,5.931407106645596,9.9094250302068,rMD_DH_DM_profiles_ddo70.pdf,True,True,50.0,3.8,1.24,1.079999515916,1.999999020588,0.753968253968254,0.6436230726555424,0.3779998305706,2.7539669053334763,1.079999515916,0.4192857142857143,0.11986153642926212,0.9259263409501174,0.5310646283800262,0.0882775738487225,9.9094250302068,23.21970549327985,26.032103558374768,201.66189912054236,24.585066335358004,21.665852489494952,22.467069216576824
DDO_70,1.159999521538,24.430001899704,2.9900005280359996,8.147357240167768,5.931407106645596,10.07774876962509,rMD_DH_DM_profiles_ddo70.pdf,True,True,50.0,3.8,1.24,1.079999515916,1.999999020588,0.753968253968254,0.6436230726555424,0.3779998305706,2.7539669053334763,1.079999515916,0.4192857142857143,0.12212513691405635,0.8620693210925962,0.5475572128573869,0.09145846394214437,10.07774876962509,23.74793209579633,26.705948925696852,194.74305174208448,25.12492928710932,22.20138657610641,22.985642200138564
DDO_70,1.249999667858,24.480004868428,2.930006281444,8.253431836598443,5.931461723388057,10.163728413205185,rMD_DH_DM_profiles_ddo70.pdf,True,True,50.0,3.8,1.24,1.079999515916,1.999999020588,0.753968253968254,0.6436230726555424,0.3779998305706,2.7539669053334763,1.079999515916,0.4192857142857143,0.1237323621326471,0.8000002125709365,0.5631406538999028,0.09428386195274763,10.163728413205185,24.157037420884272,27.295566617622374,187.7617241969427,25.54947240977649,22.61779221620118,23.38455447210702
DDO_70,1.329999113499,25.559994465851997,3.129994866648,8.044282039407719,6.03603662198342,10.05704785866422,rMD_DH_DM_profiles_ddo70.pdf,True,True,50.0,3.8,1.24,1.079999515916,1.999999020588,0.753968253968254,0.6436230726555424,0.3779998305706,2.7539669053334763,1.079999515916,0.4192857142857143,0.12442879971911373,0.751880200407932,0.5746896985017391,0.09618184575110489,10.05704785866422,24.198174655227678,27.534521447864744,182.12907375739283,25.61609223138013,22.652780806202173,23.411264224015454
DDO_70,1.409999119121,27.470005396464,3.2800037728199993,8.258816692618879,6.035196598208872,10.228961391134106,rMD_DH_DM_profiles_ddo70.pdf,True,True,50.0,3.8,1.24,1.079999515916,1.999999020588,0.753968253968254,0.6436230726555424,0.3779998305706,2.7539669053334763,1.079999515916,0.4192857142857143,0.12452710663023032,0.7092203012321062,0.5843441032697803,0.0975571615156232,10.228961391134106,24.700283199073684,28.165071518790647,177.05007997742155,26.113657233684215,23.187143171694512,23.918693914896636
DDO_70,1.499999265441,30.389997110348,3.209994958668,8.56624540384448,5.932729047769008,10.420068822859513,rMD_DH_DM_profiles_ddo70.pdf,True,True,50.0,3.8,1.24,1.079999515916,1.999999020588,0.753968253968254,0.6436230726555424,0.3779998305706,2.7539669053334763,1.079999515916,0.4192857142857143,0.12402330433554036,0.6666669931374932,0.5932210860306574,0.09854395651686923,10.420068822859513,25.25318261854191,28.857524622426382,171.84338378621533,26.657707447777803,23.78142143387038,24.481396782910103
DDO_70,1.5799992710629998,33.699998006464,2.980009250168,8.78130733009874,5.931407106645596,10.596836730383824,rMD_DH_DM_profiles_ddo70.pdf,True,True,50.0,3.8,1.24,1.079999515916,1.999999020588,0.753968253968254,0.6436230726555424,0.3779998305706,2.7539669053334763,1.079999515916,0.4192857142857143,0.12311119438338698,0.6329116844004713,0.5995624118805917,0.09897817976611209,10.596836730383824,25.750127265006338,29.47238686350928,167.6084305281145,27.143296999299732,24.31938670634931,24.990307588236295
DDO_70,1.6599992766849998,36.950004655988,2.6299884690999997,8.782112438429454,5.931407106645596,10.597503911109598,rMD_DH_DM_profiles_ddo70.pdf,True,True,50.0,3.8,1.24,1.079999515916,1.999999020588,0.753968253968254,0.6436230726555424,0.3779998305706,2.7539669053334763,1.079999515916,0.4192857142857143,0.12183193946805783,0.6024099010434444,0.6046214039741578,0.09904570070913697,10.597503911109598,25.93625108923812,29.81443457169301,163.64687883136182,27.331308354035478,24.531551411626886,25.18152575340965
DDO_70,1.7499988630239998,40.089990800504,2.590000067936,8.999801891918805,5.931407106645596,10.778591019170882,rMD_DH_DM_profiles_ddo70.pdf,True,True,50.0,3.8,1.24,1.079999515916,1.999999020588,0.753968253968254,0.6436230726555424,0.3779998305706,2.7539669053334763,1.079999515916,0.4192857142857143,0.12002870531923217,0.5714289426862821,0.6089619594001242,0.09873878844225352,10.778591019170882,26.451518947498304,30.457934113175952,159.5763854847312,27.830336479151505,25.09661376682691,25.71424742359898
DDO_70,1.829999428627,41.549998302292,2.750000251976,9.94101575158504,5.931407106645596,11.57606947275403,rMD_DH_DM_profiles_ddo70.pdf,True,True,50.0,3.8,1.24,1.079999515916,1.999999020588,0.753968253968254,0.6436230726555424,0.3779998305706,2.7539669053334763,1.079999515916,0.4192857142857143,0.11816145440522555,0.5464482580468746,0.6117605587191404,0.0981714497686814,11.57606947275403,28.007513563076724,31.972906259690777,156.41845302861537,29.319098777871645,26.751906625677353,27.316322398646182
DDO_70,1.909998874268,42.299996253768,3.1500007120760003,11.195516274898994,5.931407106645596,12.669695139437811,rMD_DH_DM_profiles_ddo70.pdf,True,True,50.0,3.8,1.24,1.079999515916,1.999999020588,0.753968253968254,0.6436230726555424,0.3779998305706,2.7539669053334763,1.079999515916,0.4192857142857143,0.11609482927723229,0.5235605180046226,0.6136785957047037,0.0973671652129921,12.669695139437811,30.03818129978322,33.89347073004624,153.5990917082546,31.268463509636206,28.891842531407544,29.400106647274654
DDO_70,1.999999020588,43.940009785024,3.2800037728199993,12.257748265927107,6.036277664115067,13.66341979846676,rMD_DH_DM_profiles_ddo70.pdf,True,True,50.0,3.8,1.24,1.079999515916,1.999999020588,0.753968253968254,0.6436230726555424,0.3779998305706,2.7539669053334763,1.079999515916,0.4192857142857143,0.11358325732860672,0.5000002448531199,0.6149060701561581,0.09622195851215265,13.66341979846676,31.889888018957553,35.67719329798556,150.61966653432063,33.05359731825374,30.836222717409555,31.296724576587046
DDO_87,0.2199983352159999,1.52000280788,3.59000451357,-0.6453756012869085,1.1832714000148503,0.9917769604889324,rMD_DH_DM_profiles_ddo87.pdf,True,True,55.5,29.12,6.18,3.810001517752,7.390000982361999,0.824929178470255,2.2705610952038144,1.3335005312132,10.43811470199913,3.810001517752,0.4512181303116148,0.014119239101991072,0.0008751114028108584,0.009013142531169605,0.004872330943845361,0.9917769604889324,3.391238602844001,5.366824641866261,7.030406600310318,3.5508117449394057,1.8123835640604906,3.098814062109963
DDO_87,0.450000388358,8.91001434115,3.270010277035,0.8903939531891741,2.128383467089239,2.3071232248960296,rMD_DH_DM_profiles_ddo87.pdf,True,True,55.5,29.12,6.18,3.810001517752,7.390000982361999,0.824929178470255,2.2705610952038144,1.3335005312132,10.43811470199913,3.810001517752,0.4512181303116148,0.04344677211393795,0.003661426589735201,0.035558905287129274,0.018046359842651544,2.3071232248960296,7.08247615384414,9.842542023711411,14.45138859136123,7.384568605717815,4.988032600510713,6.567505102636549
DDO_87,0.6699987235739999,13.840002266295,2.2899851664999997,2.733782584551516,2.7489615500294033,3.876900414395142,rMD_DH_DM_profiles_ddo87.pdf,True,True,55.5,29.12,6.18,3.810001517752,7.390000982361999,0.824929178470255,2.2705610952038144,1.3335005312132,10.43811470199913,3.810001517752,0.4512181303116148,0.0775858007064387,0.008116569366281294,0.07320653464463327,0.03580437279006353,3.876900414395142,11.012107976478884,14.169110695110236,21.7491933463175,11.413325887171565,8.724709417340579,10.359543783893292
DDO_87,0.900000776716,17.28999169385,2.769996644195,3.97474582689078,3.243834914805112,5.130406352609349,rMD_DH_DM_profiles_ddo87.pdf,True,True,55.5,29.12,6.18,3.810001517752,7.390000982361999,0.824929178470255,2.2705610952038144,1.3335005312132,10.43811470199913,3.810001517752,0.4512181303116148,0.11580422385728677,0.014645706358940804,0.11985999788645557,0.057786466480095076,5.130406352609349,14.086222865740393,17.59606354421634,28.864274278393456,14.5997646404493,11.447139487526579,13.263216940081847
DDO_87,1.119999111932,18.159984828195,3.060007770905,3.742036176850679,3.614643908705419,5.202738253612268,rMD_DH_DM_profiles_ddo87.pdf,True,True,55.5,29.12,6.18,3.810001517752,7.390000982361999,0.824929178470255,2.2705610952038144,1.3335005312132,10.43811470199913,3.810001517752,0.4512181303116148,0.15266384955519574,0.02268088050922214,0.167176811404001,0.08070219985759362,5.202738253612268,14.639424294422763,18.677666979425343,34.60160013243782,15.325132730730427,11.201786912748007,13.523237361667785
DDO_87,1.340001240746,20.66999370129,2.95999699518,2.2716616066241064,3.9844401987085103,4.586524844813809,rMD_DH_DM_profiles_ddo87.pdf,True,True,55.5,29.12,6.18,3.810001517752,7.390000982361999,0.824929178470255,2.2705610952038144,1.3335005312132,10.43811470199913,3.810001517752,0.4512181303116148,0.18852662235954548,0.03246646129260913,0.21407129103252664,0.10445421927858527,4.586524844813809,13.614188455761749,18.26919406555705,39.9048574819828,14.548424873602745,8.697437862590665,12.02744950962065
DDO_87,1.5699995002899998,21.76999149691,2.7099901787599996,1.405688100667004,4.354306438408339,4.575581230392607,rMD_DH_DM_profiles_ddo87.pdf,True,True,55.5,29.12,6.18,3.810001517752,7.390000982361999,0.824929178470255,2.2705610952038144,1.3335005312132,10.43811470199913,3.810001517752,0.4512181303116148,0.2240802721129436,0.04456804483163337,0.2607085827808156,0.12937179318852213,4.575581230392607,13.849452918774967,18.960316899850962,46.079548181627956,14.961613041039156,7.836997498753579,11.891802546274945
DDO_87,1.790001629104,26.62999200194,2.979999150325,4.232439046598124,4.7240424996692845,6.34272164152346,rMD_DH_DM_profiles_ddo87.pdf,True,True,55.5,29.12,6.18,3.810001517752,7.390000982361999,0.824929178470255,2.2705610952038144,1.3335005312132,10.43811470199913,3.810001517752,0.4512181303116148,0.25571796135790176,0.05793371872194939,0.3020974180397901,0.15271808407544288,6.34272164152346,18.011934199029582,23.170785967054897,53.24656802524677,19.014710297812478,13.252602732207107,16.277089491363515
DDO_87,2.0199998886479995,28.080007389705,2.5900174936749996,5.098829099196769,4.970228142555798,7.12047933582209,rMD_DH_DM_profiles_ddo87.pdf,True,True,55.5,29.12,6.18,3.810001517752,7.390000982361999,0.824929178470255,2.2705610952038144,1.3335005312132,10.43811470199913,3.810001517752,0.4512181303116148,0.2859997602180573,0.07377806233351498,0.3415931143541607,0.176175504534605,7.12047933582209,19.939267559970467,25.33156019695882,59.95843192762657,20.965640062703066,15.203801821588637,18.13701242970041
DDO_87,2.2399982238639997,29.810012703715,2.970018195645,7.06905697650986,5.093522368561598,8.712952235389569,rMD_DH_DM_profiles_ddo87.pdf,True,True,55.5,29.12,6.18,3.810001517752,7.390000982361999,0.824929178470255,2.2705610952038144,1.3335005312132,10.43811470199913,3.810001517752,0.4512181303116148,0.31214929933277497,0.09072352203688852,0.3757453926361744,0.19741044781883618,8.712952235389569,23.464090618075826,28.85099595015679,66.95069455013304,24.428359006937875,19.207517759021904,21.76393871155241
DDO_87,2.4600003526779997,32.640015813344995,3.2199847662799996,8.666273657998484,5.21769242225803,10.115760640140085,rMD_DH_DM_profiles_ddo87.pdf,True,True,55.5,29.12,6.18,3.810001517752,7.390000982361999,0.824929178470255,2.2705610952038144,1.3335005312132,10.43811470199913,3.810001517752,0.4512181303116148,0.33550963599773903,0.10941954202017334,0.40649850662971515,0.21727339334550133,10.115760640140085,26.50326200752371,31.905705725709506,73.786953414198,27.429615365886033,22.520991792365518,24.855410727471977
DDO_87,2.689998612222,34.210003886195,2.7099901787599996,9.64109104668967,5.464333757028976,11.081948383689852,rMD_DH_DM_profiles_ddo87.pdf,True,True,55.5,29.12,6.18,3.810001517752,7.390000982361999,0.824929178470255,2.2705610952038144,1.3335005312132,10.43811470199913,3.810001517752,0.4512181303116148,0.35698869446352194,0.13083642409197582,0.43527110659744483,0.23644023863309943,11.081948383689852,28.667702358006164,34.19233086842252,80.57361106337275,29.58605028294042,24.781263154895584,27.013698593817654
DDO_87,2.910000741036,35.439995567364996,3.3399976971499994,9.507009413268731,5.707621535090683,11.088740756813246,rMD_DH_DM_profiles_ddo87.pdf,True,True,55.5,29.12,6.18,3.810001517752,7.390000982361999,0.824929178470255,2.2705610952038144,1.3335005312132,10.43811470199913,3.810001517752,0.4512181303116148,0.37480955965691526,0.15311253718218967,0.4598356641492299,0.253177049079773,11.088740756813246,28.990576689978028,34.844972328324275,86.46466969882925,29.94945523537175,24.94709799354639,27.236685467265012
DDO_87,3.1399990005799996,37.239988301489994,3.4499894275549994,8.537679157556601,5.709564344461392,10.270885570432633,rMD_DH_DM_profiles_ddo87.pdf,True,True,55.5,29.12,6.18,3.810001517752,7.390000982361999,0.824929178470255,2.2705610952038144,1.3335005312132,10.43811470199913,3.810001517752,0.4512181303116148,0.3907249850897172,0.17827217932653347,0.48271795135412465,0.2689780448752098,10.270885570432633,27.691657611071594,34.080604868591905,92.15691812958617,28.742939868250268,23.226517707871285,25.730461706158188
DDO_87,3.360001129394,38.88998499492,3.5299980481349995,8.658692423430146,5.832829531589681,10.440060096960712,rMD_DH_DM_profiles_ddo87.pdf,True,True,55.5,29.12,6.18,3.810001517752,7.390000982361999,0.824929178470255,2.2705610952038144,1.3335005312132,10.43811470199913,3.810001517752,0.4512181303116148,0.403500209475621,0.20412838552367638,0.5021909499966279,0.28247811651571125,10.440060096960712,28.27832297771676,34.932357017291416,98.215606801772,29.349371033835386,23.767058508486063,26.26087994368686
DDO_87,3.5799994646099997,39.669988554005,3.71001744444,8.646960319833,5.95822628833022,10.500970587317903,rMD_DH_DM_profiles_ddo87.pdf,True,True,55.5,29.12,6.18,3.810001517752,7.390000982361999,0.824929178470255,2.2705610952038144,1.3335005312132,10.43811470199913,3.810001517752,0.4512181303116148,0.41403980090936315,0.23173438376618186,0.5195389287220132,0.2944342532297691,10.500970587317903,28.637421641097422,35.572756142800834,104.22643410012047,29.731399393461796,24.066130018094203,26.55965129953092
DDO_87,3.810001517752,40.290015117714994,3.3500188976149996,8.05628295994441,6.19448521504625,10.162447648579414,rMD_DH_DM_profiles_ddo87.pdf,True,True,55.5,29.12,6.18,3.810001517752,7.390000982361999,0.824929178470255,2.2705610952038144,1.3335005312132,10.43811470199913,3.810001517752,0.4512181303116148,0.4228452226001689,0.2624670870446335,0.5356327856227543,0.3053405063237621,10.162447648579414,28.178172967373428,35.49360433486204,110.31305420476319,29.32305657579207,23.408596497747567,25.982194499832143
DDO_87,4.029999852968,41.010012211364995,3.990007370685,8.887812292725739,6.4405910267820055,10.976084006830106,rMD_DH_DM_profiles_ddo87.pdf,True,True,55.5,29.12,6.18,3.810001517752,7.390000982361999,0.824929178470255,2.2705610952038144,1.3335005312132,10.43811470199913,3.810001517752,0.4512181303116148,0.4293212909002975,0.24813896686957035,0.5492685654737051,0.31431479147677804,10.976084006830106,30.050306148753055,37.448568673667715,107.96768260341749,31.153314865964617,25.55788595881263,27.939045645405244
DDO_87,4.26000190611,42.669989859475,3.880015640279999,11.68706362773704,6.445389257175549,13.346553821690753,rMD_DH_DM_profiles_ddo87.pdf,True,True,55.5,29.12,6.18,3.810001517752,7.390000982361999,0.824929178470255,2.2705610952038144,1.3335005312132,10.43811470199913,3.810001517752,0.4512181303116148,0.4342360706492824,0.2347416790038822,0.5618715367483192,0.322253849434047,13.346553821690753,34.94313366418054,42.04383628692153,106.74456544960543,35.91767938298677,31.118280666206722,33.09833186771503
DDO_87,4.480000241326,44.39999517348499,3.1400163914849997,13.792975128978227,6.445389257175549,15.224624973546176,rMD_DH_DM_profiles_ddo87.pdf,True,True,55.5,29.12,6.18,3.810001517752,7.390000982361999,0.824929178470255,2.2705610952038144,1.3335005312132,10.43811470199913,3.810001517752,0.4512181303116148,0.4373261589641883,0.22321427369031077,0.572501132627492,0.3285504719407558,15.224624973546176,38.707494739801845,45.609195948372204,105.69800381615899,39.605980442492225,35.26750453564595,37.01748905879034
DDO_87,4.699998576542,47.73001191595501,3.060007770905,15.159544345309095,6.445389257175549,16.472851223571073,rMD_DH_DM_profiles_ddo87.pdf,True,True,55.5,29.12,6.18,3.810001517752,7.390000982361999,0.824929178470255,2.2705610952038144,1.3335005312132,10.43811470199913,3.810001517752,0.4512181303116148,0.43899525871777323,0.21276602188585023,0.5818718255357117,0.3336634194701161,16.472851223571073,41.240174704786334,48.09394862010856,104.50711502408822,42.09830468267011,38.01720023489726,39.63312733303727
DDO_87,4.930000629684,49.950009662339994,3.230005966745,16.75996453607572,6.567288556672371,18.000713603552377,rMD_DH_DM_profiles_ddo87.pdf,True,True,55.5,29.12,6.18,3.810001517752,7.390000982361999,0.824929178470255,2.2705610952038144,1.3335005312132,10.43811470199913,3.810001517752,0.4512181303116148,0.4393774752790817,0.2028397306845978,0.5904510527003867,0.33783396902161594,18.000713603552377,44.23900692583946,50.98519478654301,103.6719975914061,45.051741536368326,41.24830701915123,42.72584710317023
DDO_87,5.1499989649,50.58001718073,3.610006668715,17.62904909525831,6.690502443120847,18.85593261932259,rMD_DH_DM_profiles_ddo87.pdf,True,True,55.5,29.12,6.18,3.810001517752,7.390000982361999,0.824929178470255,2.2705610952038144,1.3335005312132,10.43811470199913,3.810001517752,0.4512181303116148,0.438580791917547,0.19417479630880227,0.597602001107187,0.34078562595686673,18.85593261932259,46.01297290598168,52.79861468059379,102.6277777033861,46.804297326304024,43.150786220346255,44.54719110177367
DDO_87,5.380001018042,49.380008609384994,3.33001674247,17.267415477049923,6.6913326782833975,18.51857365642739,rMD_DH_DM_profiles_ddo87.pdf,True,True,55.5,29.12,6.18,3.810001517752,7.390000982361999,0.824929178470255,2.2705610952038144,1.3335005312132,10.43811470199913,3.810001517752,0.4512181303116148,0.43667295381209037,0.18587357077563166,0.6040784183405679,0.34287805543897926,18.51857365642739,45.712364710081104,52.82840637819028,100.7230049993465,46.517360708086294,42.84305199703148,44.22741019004236
DDO_87,5.599999353257999,52.3299844041,3.3399976971499994,16.774904594531325,6.814089141522408,18.10605520217592,rMD_DH_DM_profiles_ddo87.pdf,True,True,55.5,29.12,6.18,3.810001517752,7.390000982361999,0.824929178470255,2.2705610952038144,1.3335005312132,10.43811470199913,3.810001517752,0.4512181303116148,0.4339427648849565,0.17857144919458148,0.6094044359048323,0.3440125794016209,18.10605520217592,45.23998601947625,52.69078070609789,98.92267654615124,46.06034619660656,42.35742917648925,43.73394499220964
DDO_87,5.820001482072,54.110015228865,3.25000812189,16.527773677510083,6.6913326782833975,17.830906756148394,rMD_DH_DM_profiles_ddo87.pdf,True,True,55.5,29.12,6.18,3.810001517752,7.390000982361999,0.824929178470255,2.2705610952038144,1.3335005312132,10.43811470199913,3.810001517752,0.4512181303116148,0.43043846711080647,0.1718212620873743,0.6139571676678489,0.34437669569431695,17.830906756148394,44.98976641351661,52.73878017712062,97.3168788540389,45.8207135957519,42.11429269945577,43.47342708338435
DDO_87,6.049999741615999,53.5099908203,3.619987623395,16.035075435118344,6.690901311798789,17.375033944547173,rMD_DH_DM_profiles_ddo87.pdf,True,True,55.5,29.12,6.18,3.810001517752,7.390000982361999,0.824929178470255,2.2705610952038144,1.3335005312132,10.43811470199913,3.810001517752,0.4512181303116148,0.42605668621231246,0.16528926325753737,0.6179643407258728,0.3440125005744687,17.375033944547173,44.39808628839215,52.49663829849578,95.57509142078085,45.2453454198296,41.51233941475406,42.862474337293705
DDO_87,6.27000187043,51.459991269754994,3.699996243975,15.665345144296133,6.567668148408386,16.986385825052377,rMD_DH_DM_profiles_ddo87.pdf,True,True,55.5,29.12,6.18,3.810001517752,7.390000982361999,0.824929178470255,2.2705610952038144,1.3335005312132,10.43811470199913,3.810001517752,0.4512181303116148,0.4212742181611849,0.15948958559583643,0.6211399541640478,0.34302428579537964,16.986385825052377,43.8937493825136,52.311600220667806,94.01446304368054,44.754918738609476,41.00644261646086,42.344395148920334
DDO_87,6.500000129974,50.600019335875,3.579983313105,15.29432269300693,6.444327267533632,16.59655568390334,rMD_DH_DM_profiles_ddo87.pdf,True,True,55.5,29.12,6.18,3.810001517752,7.390000982361999,0.824929178470255,2.2705610952038144,1.3335005312132,10.43811470199913,3.810001517752,0.4512181303116148,0.4157492947283391,0.15384615076984623,0.623834514446442,0.3413944594817144,16.59655568390334,43.373275014304056,52.11704152797669,92.4592902465633,44.248318365662584,40.48855336346833,41.81222781080044
DDO_87,6.719998465189999,50.029978037135,3.279991231715,14.810853263311076,6.323802152835793,16.10440461661166,rMD_DH_DM_profiles_ddo87.pdf,True,True,55.5,29.12,6.18,3.810001517752,7.390000982361999,0.824929178470255,2.2705610952038144,1.3335005312132,10.43811470199913,3.810001517752,0.4512181303116148,0.4100417446075163,0.14880955779678534,0.6258644187239881,0.33932737843389754,16.10440461661166,42.62325342097705,51.70437956590081,90.9172267890452,43.516248819388935,39.725871099432176,41.04349281293507
DDO_87,6.940000594004,53.2500030492,3.369980806975,15.186855860129352,6.448601227570056,16.499243882934856,rMD_DH_DM_profiles_ddo87.pdf,True,True,55.5,29.12,6.18,3.810001517752,7.390000982361999,0.824929178470255,2.2705610952038144,1.3335005312132,10.43811470199913,3.810001517752,0.4512181303116148,0.4039910491690916,0.14409220668712577,0.6274058029970371,0.3368210232610795,16.499243882934856,43.57287110282494,52.768505594873375,90.24052315409845,44.44892259515216,40.78625998903255,42.0404321051028
DDO_87,7.169998853548,55.32998570957,2.5399919829199997,16.051671382816952,6.698983304335724,17.393462320472985,rMD_DH_DM_profiles_ddo87.pdf,True,True,55.5,29.12,6.18,3.810001517752,7.390000982361999,0.824929178470255,2.2705610952038144,1.3335005312132,10.43811470199913,3.810001517752,0.4512181303116148,0.3973665173987901,0.1394700362476572,0.6285393986097831,0.33378908022236053,17.393462320472985,45.482554085993634,54.67518780614422,90.07275490355192,46.32400754519195,42.865386335346635,44.03006418155796
DDO_87,7.390000982361999,56.630005056639995,3.0099822601499997,16.99495230407462,7.170608771784639,18.445759240968265,rMD_DH_DM_profiles_ddo87.pdf,True,True,55.5,29.12,6.18,3.810001517752,7.390000982361999,0.824929178470255,2.2705610952038144,1.3335005312132,10.43811470199913,3.810001517752,0.4512181303116148,0.3908023591357566,0.1353179793056508,0.6292053770066981,0.33054610500734294,18.445759240968265,47.661613928282144,56.79929814420909,90.20046278941399,48.46609375138396,45.2131357360107,46.29121362097524
F564-V3,0.33999953852,11.969999577035,3.759984302716,1.8494685198155332,0.0,1.8494685198155332,rMD_DH_DM_profiles_f564_v3.pdf,True,True,56.5,4.37,,1.854999737765,3.36999993701,1.0,1.1054825612425507,0.64924990821775,5.0549999055149994,1.854999737765,0.53,0.04002591881378556,0.01811027718788542,0.07865381257423813,0.01725462885887288,1.8494685198155332,5.785032753816012,8.207005159024861,28.60665947526203,6.567616774734125,3.190007196254446,5.171619728973524
F564-V3,0.67000059431,17.989999761946997,3.340013543453,2.481711343690482,0.0,2.481711343690482,rMD_DH_DM_profiles_f564_v3.pdf,True,True,56.5,4.37,,1.854999737765,3.36999993701,1.0,1.1054825612425507,0.64924990821775,5.0549999055149994,1.854999737765,0.53,0.09457987312229262,0.07032646990578523,0.22156926963341303,0.04924954796083638,2.481711343690482,7.843060277751707,11.2573587073241,55.76168506683304,9.42049236085504,2.5453960584602644,6.506159352321316
F564-V3,1.01000013283,21.389984844243997,2.0700040167769997,2.6927749060369175,0.0,2.6927749060369175,rMD_DH_DM_profiles_f564_v3.pdf,True,True,56.5,4.37,,1.854999737765,3.36999993701,1.0,1.1054825612425507,0.64924990821775,5.0549999055149994,1.854999737765,0.53,0.14252381583032867,0.15981270561302788,0.35029782588441793,0.08315208390197133,2.6927749060369175,8.749183261944491,12.974592127482289,83.6815977911431,10.936257910369145,0.0,6.645234674643469
F564-V3,1.34999967135,27.66000243089,2.5199945429329995,5.3289250679182105,0.0,5.3289250679182105,rMD_DH_DM_profiles_f564_v3.pdf,True,True,56.5,4.37,,1.854999737765,3.36999993701,1.0,1.1054825612425507,0.64924990821775,5.0549999055149994,1.854999737765,0.53,0.1772232621311117,0.28551949569604146,0.44467974046812025,0.11197640864820241,5.3289250679182105,15.2592412295973,19.779603703404945,112.2802940988653,16.955766824528304,11.38951228262632,13.756011212535759
F564-V3,1.68999920987,33.769993921539,2.9800143230339997,7.543115008307844,0.0,7.543115008307844,rMD_DH_DM_profiles_f564_v3.pdf,True,True,56.5,4.37,,1.854999737765,3.36999993701,1.0,1.1054825612425507,0.64924990821775,5.0549999055149994,1.854999737765,0.53,0.1991773392683219,0.4474468401548259,0.5109404607182636,0.1338053397755181,7.543115008307844,20.33147506581414,25.01664191750223,140.73057948440098,21.821234405706498,17.24733864453716,19.006566308583697
F564-V3,2.02000026566,39.06000040913899,4.389991437817,8.175303943116617,0.0,8.175303943116617,rMD_DH_DM_profiles_f564_v3.pdf,True,True,56.5,4.37,,1.854999737765,3.36999993701,1.0,1.1054825612425507,0.64924990821775,5.0549999055149994,1.854999737765,0.53,0.21037323743576455,0.4950494398441415,0.5556011321484721,0.14834110790323296,8.175303943116617,22.086222259476376,27.225899150950415,148.13021015927475,23.581510733424725,19.11513293419035,20.736923216684186
F564-V3,2.35999980418,39.219992507665,4.5199977669210005,9.124364961753118,0.0,9.124364961753118,rMD_DH_DM_profiles_f564_v3.pdf,True,True,56.5,4.37,,1.854999737765,3.36999993701,1.0,1.1054825612425507,0.64924990821775,5.0549999055149994,1.854999737765,0.53,0.21392892736746272,0.42372884871804367,0.5869844016517838,0.15732466683753288,9.124364961753118,24.4415661728622,29.926477549539303,137.69971800832073,25.875350590441897,21.746453730442813,23.154042588511356
F564-V3,2.6999993427,34.639989204429,3.889990631819999,9.124374243402633,0.0,9.124374243402633,rMD_DH_DM_profiles_f564_v3.pdf,True,True,56.5,4.37,,1.854999737765,3.36999993701,1.0,1.1054825612425507,0.64924990821775,5.0549999055149994,1.854999737765,0.53,0.21164253090933252,0.3703704605350014,0.6075099293081975,0.16137041113006537,9.124374243402633,24.879776309561915,30.90151904155444,129.11369685543875,26.33760772436921,22.26772957734808,23.58276740431409
F564-V3,3.04000058541,30.300008046453,3.959991424609,8.491615293327744,0.0,8.491615293327744,rMD_DH_DM_profiles_f564_v3.pdf,True,True,56.5,4.37,,1.854999737765,3.36999993701,1.0,1.1054825612425507,0.64924990821775,5.0549999055149994,1.854999737765,0.53,0.20539817725560475,0.3289473050759731,0.6200074624768177,0.16163025071191198,8.491615293327744,23.95056512265374,30.622034721149987,121.77746407665529,25.491800577487407,21.309893782843886,22.598053174160608
F564-V3,3.36999993701,23.659995982914,4.440001717657999,7.964793901609863,0.0,7.964793901609863,rMD_DH_DM_profiles_f564_v3.pdf,True,True,56.5,4.37,,1.854999737765,3.36999993701,1.0,1.1054825612425507,0.64924990821775,5.0549999055149994,1.854999737765,0.53,0.19694470357196642,0.2967359105909184,0.6263800734564113,0.1592316407085115,7.964793901609863,23.123684815474288,30.364590377952176,115.73603028427719,24.732374640743444,20.496481339783347,21.74124039455065
HARO_36,0.320000341072,12.89000533061,7.19001513271,3.462904885784677,5.432936654736829,6.4427099067375675,rMD_DH_DM_profiles_haro36.pdf,True,True,70.0,11.16,5.81,1.5799992895,2.83999983429,0.657631113730112,0.9415967160309893,0.5529997513249999,3.7738359612987327,1.5799992895,0.3759340011785504,0.039112873655439445,0.025961525464871914,0.09310846781521409,0.02034269354306768,6.4427099067375675,14.295994883406404,15.604383492657146,36.46247485019615,14.690779845490894,13.476509132439638,14.016121641940762
HARO_36,0.629999474214,19.40998455417,7.30000119499,6.822165112563195,9.771975181668768,11.917778139159362,rMD_DH_DM_profiles_haro36.pdf,True,True,70.0,11.16,5.81,1.5799992895,2.83999983429,0.657631113730112,0.9415967160309893,0.5529997513249999,3.7738359612987327,1.5799992895,0.3759340011785504,0.08975185851419216,0.10062588176282723,0.24977968248725113,0.05509235750115636,11.917778139159362,24.179114806316246,25.51460277867897,70.32507460472851,24.805823701417285,23.07388969832069,23.731208149636018
HARO_36,0.949999815286,25.64998996306,7.36998613053,10.464888202827009,12.71446086362486,16.467282719086235,rMD_DH_DM_profiles_haro36.pdf,True,True,70.0,11.16,5.81,1.5799992895,2.83999983429,0.657631113730112,0.9415967160309893,0.5529997513249999,3.7738359612987327,1.5799992895,0.3759340011785504,0.13178829942290868,0.2288107194771235,0.3803077018413167,0.08905027616595548,16.467282719086235,32.10038842543075,33.4906851596016,104.62683698696422,32.82037241096908,30.882833104305465,31.555481824330776
HARO_36,1.259998948428,31.70000705619,6.73998542063,13.405938869421178,12.862305000142436,18.57843068957512,rMD_DH_DM_profiles_haro36.pdf,True,True,70.0,11.16,5.81,1.5799992895,2.83999983429,0.657631113730112,0.9415967160309893,0.5529997513249999,3.7738359612987327,1.5799992895,0.3759340011785504,0.1592538647872714,0.40250352705130893,0.4672882082089684,0.11469794442692115,18.57843068957512,36.47165391882495,38.121590476082154,137.01871274008153,37.250688991000025,35.178320011518224,35.853937852440566
HARO_36,1.5799992895,33.92998469067,4.88000117224,15.252259568871487,12.856026179356164,19.947652269891886,rMD_DH_DM_profiles_haro36.pdf,True,True,70.0,11.16,5.81,1.5799992895,2.83999983429,0.657631113730112,0.9415967160309893,0.5529997513249999,3.7738359612987327,1.5799992895,0.3759340011785504,0.17535298822424855,0.6329116770150295,0.5263990725730068,0.13274595675005924,19.947652269891886,39.72347502985491,41.68490052770029,170.3157980878651,40.52964112225781,38.41769512613395,39.067221548703706
HARO_36,1.890000019004,36.6299926006,6.580014986180001,15.389927602715009,11.737171242153876,19.354871748075553,rMD_DH_DM_profiles_haro36.pdf,True,True,70.0,11.16,5.81,1.5799992895,2.83999983429,0.657631113730112,0.9415967160309893,0.5529997513249999,3.7738359612987327,1.5799992895,0.3759340011785504,0.1816662429013118,0.5291005237804093,0.5628550517960146,0.14294262826232512,19.354871748075553,40.11656144960269,42.62925589694527,156.6519177267827,40.969702023988226,38.776664998941534,39.41649486350438
HARO_36,2.210000360076,39.51000558086,8.529984733480001,14.68937390521449,10.896505601608354,18.289656641202388,rMD_DH_DM_profiles_haro36.pdf,True,True,70.0,11.16,5.81,1.5799992895,2.83999983429,0.657631113730112,0.9415967160309893,0.5529997513249999,3.7738359612987327,1.5799992895,0.3759340011785504,0.18129848933908674,0.4524886140586922,0.585519952290551,0.1474536389507735,18.289656641202388,39.604498411497,42.78073818999201,145.52919612598117,40.50283837883011,38.24946444579702,38.872622095091636
HARO_36,2.519999493218,41.42999151936,8.8200099386,14.269484383399591,10.196689731916855,17.53826291446971,rMD_DH_DM_profiles_haro36.pdf,True,True,70.0,11.16,5.81,1.5799992895,2.83999983429,0.657631113730112,0.9415967160309893,0.5529997513249999,3.7738359612987327,1.5799992895,0.3759340011785504,0.1764559897699746,0.39682547662857487,0.5972195622751412,0.14747706629950047,17.53826291446971,39.28776016586348,43.06872479403255,136.89921602784636,40.211063994591356,37.95854462181942,38.549752627555144
HARO_36,2.83999983429,49.80998906382,8.50998417011,13.151005412759517,9.635695510766707,16.30323806311617,rMD_DH_DM_profiles_haro36.pdf,True,True,70.0,11.16,5.81,1.5799992895,2.83999983429,0.657631113730112,0.9415967160309893,0.5529997513249999,3.7738359612987327,1.5799992895,0.3759340011785504,0.16859496382248654,0.3521126966016179,0.6017650214678938,0.14436564713072916,16.30323806311617,38.036088708628114,42.5444212471846,129.25486937366995,38.996208468397924,36.72385142699598,37.28956047573505
NGC_1569,0.38000058,12.069986267448,5.349980391678,6.901662433860878,6.777324908544873,9.672904282941564,rMD_DH_DM_profiles_ngc1569.pdf,True,True,69.1,20.24,20.69,1.715000115,3.04999965,0.49450280967505494,1.0220501281287246,0.60025004025,3.8041163482164673,1.715000115,0.3025262643537747,0.04790939152946614,0.02862701453217901,0.10791456064079101,0.027815027982382712,9.672904282941564,19.336091172906606,20.313193852255754,40.18133439165721,19.676069598536596,18.601255171272157,19.05387164048902
NGC_1569,0.50999911,16.019996066256002,7.490001954348,6.910049911341245,9.252111415137158,11.547742438041231,rMD_DH_DM_profiles_ngc1569.pdf,True,True,69.1,20.24,20.69,1.715000115,3.04999965,0.49450280967505494,1.0220501281287246,0.60025004025,3.8041163482164673,1.715000115,0.3025262643537747,0.06968966109327754,0.05156397342674385,0.1693882598734072,0.043231209078028444,11.547742438041231,22.850114202576282,23.935432800209846,52.505609241037895,23.301211723691996,21.944848869881124,22.478622580613656
NGC_1569,0.62999946,17.609978421372002,7.910017637208001,8.024180468924305,10.97582268707361,13.596181664568403,rMD_DH_DM_profiles_ngc1569.pdf,True,True,69.1,20.24,20.69,1.715000115,3.04999965,0.49450280967505494,1.0220501281287246,0.60025004025,3.8041163482164673,1.715000115,0.3025262643537747,0.08910588245648798,0.07868426527672373,0.22528249883971138,0.05789145726054081,13.596181664568403,26.378465784435182,27.48780751613804,64.0772243048173,26.89817680126604,25.376645434915414,25.947520315672612
NGC_1569,0.76000116,20.490001943844003,8.999999992728,10.00932766056738,12.70156101741389,16.17146537873694,rMD_DH_DM_profiles_ngc1569.pdf,True,True,69.1,20.24,20.69,1.715000115,3.04999965,0.49450280967505494,1.0220501281287246,0.60025004025,3.8041163482164673,1.715000115,0.3025262643537747,0.10866973732046434,0.11450805812871603,0.28137625626709567,0.0734823302781693,16.17146537873694,30.520729770778424,31.599650674224673,76.7732752481601,31.08211117537855,29.46662043796706,30.048168084697895
NGC_1569,0.8899996899999999,21.069986260176,8.279994112110002,12.162913389326851,13.77832345446128,18.378755652438063,rMD_DH_DM_profiles_ngc1569.pdf,True,True,69.1,20.24,20.69,1.715000115,3.04999965,0.49450280967505494,1.0220501281287246,0.60025004025,3.8041163482164673,1.715000115,0.3025262643537747,0.12630224552381117,0.15703167032508322,0.3313672552530067,0.08825699770553709,18.378755652438063,34.095903849510144,35.17642394192681,89.26402432064386,34.68800249946906,33.000565934875596,33.58799115813612
NGC_1569,1.02000139,23.480003901828,9.940011754368,14.270308125793058,14.77096365428554,20.538331511622356,rMD_DH_DM_profiles_ngc1569.pdf,True,True,69.1,20.24,20.69,1.715000115,3.04999965,0.49450280967505494,1.0220501281287246,0.60025004025,3.8041163482164673,1.715000115,0.3025262643537747,0.141816734124838,0.20625717573313238,0.3749922233470968,0.10188837411349864,20.538331511622356,37.5288662316938,38.60856180491208,101.72176017295314,38.13796543114368,36.41283914139764,36.99633296259365
NGC_1569,1.1399985700000002,24.339982336734,11.710007832138,14.041897584033755,15.63367931957614,21.01396718441893,rMD_DH_DM_profiles_ngc1569.pdf,True,True,69.1,20.24,20.69,1.715000115,3.04999965,0.49450280967505494,1.0220501281287246,0.60025004025,3.8041163482164673,1.715000115,0.3025262643537747,0.15421946197406503,0.2576416979363788,0.4098930847442075,0.11328991886410548,21.01396718441893,38.8446954035755,40.04778549198372,112.58217073739705,39.48782692675001,37.671905456885256,38.27247221409795
NGC_1569,1.27000027,25.579984296132,9.029994111504,14.901611816172352,16.13219449214244,21.961460193989794,rMD_DH_DM_profiles_ngc1569.pdf,True,True,69.1,20.24,20.69,1.715000115,3.04999965,0.49450280967505494,1.0220501281287246,0.60025004025,3.8041163482164673,1.715000115,0.3025262643537747,0.1656238310149451,0.31975339628778066,0.44242798796011507,0.12427989998943564,21.961460193989794,40.73790494191123,42.027992768070185,124.56824152588716,41.39992429937223,39.537361751775215,40.13935592880335
NGC_1569,1.3999988,27.589982334108,9.930013714776,15.149578079211787,16.378211292740815,22.31043525186806,rMD_DH_DM_profiles_ngc1569.pdf,True,True,69.1,20.24,20.69,1.715000115,3.04999965,0.49450280967505494,1.0220501281287246,0.60025004025,3.8041163482164673,1.715000115,0.3025262643537747,0.17501734631682875,0.3885642729714753,0.4700878402757086,0.13383142993790087,22.31043525186806,41.86691837167027,43.29416134560165,136.3549667775229,42.55132471319649,40.63248686814009,41.2396578052752
NGC_1569,1.51999915,30.299990173518005,9.150019596606,15.3978373609744,16.37718524146113,22.479003354867658,rMD_DH_DM_profiles_ngc1569.pdf,True,True,69.1,20.24,20.69,1.715000115,3.04999965,0.49450280967505494,1.0220501281287246,0.60025004025,3.8041163482164673,1.715000115,0.3025262643537747,0.18202463505495597,0.45803032204322364,0.49182152990169065,0.14139511236419927,22.479003354867658,42.68073262871126,44.24804156596893,147.21428438463698,43.3830901229377,41.42134281765836,42.03057559266437
NGC_1569,1.65000085,33.859978408242,6.999999994344001,15.88782863543212,16.255159284147297,22.730008845177707,rMD_DH_DM_profiles_ngc1569.pdf,True,True,69.1,20.24,20.69,1.715000115,3.04999965,0.49450280967505494,1.0220501281287246,0.60025004025,3.8041163482164673,1.715000115,0.3025262643537747,0.1879619490795164,0.5397291513148362,0.5117702376626228,0.14828820578027935,22.730008845177707,43.607854375188126,45.31756824172775,159.03697621462666,44.32318061685736,42.33524342494302,42.94047438290058
NGC_1569,1.7799993799999998,36.95000977214401,7.480003914756001,16.007469168508827,16.255159284147297,22.813795662575764,rMD_DH_DM_profiles_ngc1569.pdf,True,True,69.1,20.24,20.69,1.715000115,3.04999965,0.49450280967505494,1.0220501281287246,0.60025004025,3.8041163482164673,1.715000115,0.3025262643537747,0.19234104675446068,0.5617979484914203,0.528456040021069,0.15390623765884048,22.813795662575764,44.28851828357865,46.158049463454226,162.20055127870776,45.015808394589975,43.00642505185486,43.60646644351862
NGC_1569,1.89999973,39.849980363802,7.910017637208001,16.49470665265707,16.74081066984411,23.501703968877997,rMD_DH_DM_profiles_ngc1569.pdf,True,True,69.1,20.24,20.69,1.715000115,3.04999965,0.49450280967505494,1.0220501281287246,0.60025004025,3.8041163482164673,1.715000115,0.3025262643537747,0.1951446201204718,0.5263158642659386,0.541334218631968,0.15804339595363823,23.501703968877997,45.669649178076455,47.609529564936324,157.7831372152835,46.392346445178,44.40906714183217,44.99062603247946
NGC_1569,2.03000143,40.829984283810006,9.210007834158,17.235662782746253,16.99218789756197,24.203357641174417,rMD_DH_DM_profiles_ngc1569.pdf,True,True,69.1,20.24,20.69,1.715000115,3.04999965,0.49450280967505494,1.0220501281287246,0.60025004025,3.8041163482164673,1.715000115,0.3025262643537747,0.19699184578954027,0.49261049042709293,0.5528986176980868,0.16148217117922442,24.203357641174417,47.09249931085193,49.10856774504259,153.51469227864945,47.80855333754911,45.859317568929676,46.41986221707019
NGC_1569,2.15999996,42.92001564852,12.960007831128,17.855776484288068,17.116993944370137,24.735000213229405,rMD_DH_DM_profiles_ngc1569.pdf,True,True,69.1,20.24,20.69,1.715000115,3.04999965,0.49450280967505494,1.0220501281287246,0.60025004025,3.8041163482164673,1.715000115,0.3025262643537747,0.1977519055308493,0.46296297153635135,0.5622941668799115,0.16393774398054423,24.735000213229405,48.2808024660409,50.38910263488818,149.65029462681,48.991274042615125,47.07406012230128,47.61490857782411
NGC_1569,2.2800003099999997,45.220005844662,13.180013712150002,18.34905548236133,17.363339717136746,25.262094197185487,rMD_DH_DM_profiles_ngc1569.pdf,True,True,69.1,20.24,20.69,1.715000115,3.04999965,0.49450280967505494,1.0220501281287246,0.60025004025,3.8041163482164673,1.715000115,0.3025262643537747,0.19761383189483145,0.43859643159434486,0.5692835698237965,0.16542004298879132,25.262094197185487,49.41018875997028,51.5951903097834,146.45657858980712,50.11322016106136,48.23254446766149,48.75379991634393
NGC_1569,2.40999884,45.009998003232,15.420015670740002,19.089040631275974,17.613540594588162,25.9736074602607,rMD_DH_DM_profiles_ngc1569.pdf,True,True,69.1,20.24,20.69,1.715000115,3.04999965,0.49450280967505494,1.0220501281287246,0.60025004025,3.8041163482164673,1.715000115,0.3025262643537747,0.19668006539436256,0.4149379590572749,0.5752581236041391,0.16626870613362493,25.9736074602607,50.80096010119081,53.0472234210461,143.4000513662694,51.49213468419909,49.66178091750867,50.15947799119686
NGC_1569,2.54000054,44.05998820200001,13.470005870316,19.45463668764859,18.10694254666411,26.57713786389719,rMD_DH_DM_profiles_ngc1569.pdf,True,True,69.1,20.24,20.69,1.715000115,3.04999965,0.49450280967505494,1.0220501281287246,0.60025004025,3.8041163482164673,1.715000115,0.3025262643537747,0.19505006767308028,0.39370070370142524,0.5797767991729804,0.16642267128420524,26.57713786389719,52.040083295198045,54.357249557360426,140.60801607029325,52.7202809797406,50.937939458964664,51.41348055358772
NGC_1569,2.66999907,43.980003885264,12.779994108474002,19.45463668764859,18.465864932778672,26.82295763639848,rMD_DH_DM_profiles_ngc1569.pdf,True,True,69.1,20.24,20.69,1.715000115,3.04999965,0.49450280967505494,1.0220501281287246,0.60025004025,3.8041163482164673,1.715000115,0.3025262643537747,0.19283500647383164,0.3745319656609469,0.5830217151031362,0.1659694559976738,26.82295763639848,52.80465243588134,55.23511996134538,137.9131199020436,53.478854644613776,51.73126361690347,52.18892187739744
NGC_1569,2.78999942,44.95000976568,13.01999606868,19.45463668764859,18.956561918271127,27.163102334042215,rMD_DH_DM_profiles_ngc1569.pdf,True,True,69.1,20.24,20.69,1.715000115,3.04999965,0.49450280967505494,1.0220501281287246,0.60025004025,3.8041163482164673,1.715000115,0.3025262643537747,0.19035741079087626,0.3584230135789777,0.5850260072482517,0.16508442247644228,27.163102334042215,53.64539090136244,56.16346320796474,135.68856100127823,54.311424937236744,52.60287022381122,53.04267100640183
NGC_1569,2.92000112,43.420015648116006,10.599980387436,20.189998182874636,19.69775897987023,28.20705116550717,rMD_DH_DM_profiles_ngc1569.pdf,True,True,69.1,20.24,20.69,1.715000115,3.04999965,0.49450280967505494,1.0220501281287246,0.60025004025,3.8041163482164673,1.715000115,0.3025262643537747,0.1872879915855268,0.3424656220679806,0.5862537939064598,0.1636900987943702,28.20705116550717,55.424193717821275,57.945624106640935,133.84254777836946,56.070447338651064,54.432171436285415,54.8459783679072
NGC_1569,3.04999965,47.410017605292005,10.119976467024,21.70028977987379,20.93642721456696,30.153549725386476,rMD_DH_DM_profiles_ngc1569.pdf,True,True,69.1,20.24,20.69,1.715000115,3.04999965,0.49450280967505494,1.0220501281287246,0.60025004025,3.8041163482164673,1.715000115,0.3025262643537747,0.18389512919494336,0.3278688900833152,0.5866211070489201,0.16191061319013558,30.153549725386476,58.34271618241664,60.7549303306964,132.714945295242,58.95737012310845,57.41834918614626,57.79970383531044
NGC_3738,0.229999991262,43.560005486392,3.30998833172,4.732376290564664,8.90579676421989,10.08506823780028,rMD_DH_DM_profiles_ngc3738.pdf,True,True,22.6,12.58,12.48,0.990000013857,1.750000036452,0.5019952114924181,0.589988089306913,0.34650000484994997,2.189245855657231,0.990000013857,0.30589784517158813,0.029442339096091504,0.0545192706157599,0.11645922021124051,0.017206404074101067,10.08506823780028,18.209956097048106,18.69566814600406,51.90753583083887,18.598816621229297,17.733315060030595,18.024991873456916
NGC_3738,0.3799994194109999,60.820045626994,3.4200495200899996,9.219374668458018,13.991600499457295,16.75594681937786,rMD_DH_DM_profiles_ngc3738.pdf,True,True,22.6,12.58,12.48,0.990000013857,1.750000036452,0.5019952114924181,0.589988089306913,0.34650000484994997,2.189245855657231,0.990000013857,0.30589784517158813,0.053979410855674224,0.14881964496431352,0.23793180503900774,0.035274933491174325,16.75594681937786,27.57574756317254,28.007096344011092,84.91206870861944,28.100978293620585,27.000223631832288,27.32547719711195
NGC_3738,0.530000031333,81.09995513611,3.94997376039,15.189152464276027,16.680363659125955,22.559806833918422,rMD_DH_DM_profiles_ngc3738.pdf,True,True,22.6,12.58,12.48,0.990000013857,1.750000036452,0.5019952114924181,0.589988089306913,0.34650000484994997,2.189245855657231,0.990000013857,0.30589784517158813,0.0749527202715123,0.28949841380619123,0.34128119189646183,0.0525432706027725,22.559806833918422,35.39357015854868,35.857509125496996,117.46984981546407,35.98124711559215,34.77198569751354,35.10325292654979
NGC_3738,0.679999459482,101.480026149986,4.260008557681999,16.973547978266065,18.174214231754977,24.86771790720301,rMD_DH_DM_profiles_ngc3738.pdf,True,True,22.6,12.58,12.48,0.990000013857,1.750000036452,0.5019952114924181,0.589988089306913,0.34650000484994997,2.189245855657231,0.990000013857,0.30589784517158813,0.09107204767173122,0.476553356727408,0.4198248938319918,0.06714620914410817,24.86771790720301,39.40336009607616,39.93459328953224,149.01606650738694,40.052759895171036,38.72507433651578,39.070068680243615
NGC_3738,0.839999401935,102.239972450636,5.270009219634,16.973547978266065,19.35627962323895,25.744259395514092,rMD_DH_DM_profiles_ngc3738.pdf,True,True,22.6,12.58,12.48,0.990000013857,1.750000036452,0.5019952114924181,0.589988089306913,0.34650000484994997,2.189245855657231,0.990000013857,0.30589784517158813,0.10299953857998502,0.727197457301734,0.4803152268141929,0.07914622006618668,25.744259395514092,41.86338488702019,42.484147044794284,182.39592896043604,42.56261713240413,41.1413316353179,41.49354501883883
NGC_3738,0.990000013857,104.119980601608,4.8999939863519995,16.973547978266065,19.65917242935148,25.97276249414901,rMD_DH_DM_profiles_ngc3738.pdf,True,True,22.6,12.58,12.48,0.990000013857,1.750000036452,0.5019952114924181,0.589988089306913,0.34650000484994997,2.189245855657231,0.990000013857,0.30589784517158813,0.10987312584603068,1.010100995962657,0.5202331186448401,0.0871116856413604,25.97276249414901,43.37925246215881,44.10893270679824,213.67765323484272,44.11007884348658,42.63597173105063,42.98637170347156
NGC_3738,1.139999442006,112.179953596272,5.319973505148,17.272613704979296,19.958228301933705,26.394583935980997,rMD_DH_DM_profiles_ngc3738.pdf,True,True,22.6,12.58,12.48,0.990000013857,1.750000036452,0.5019952114924181,0.589988089306913,0.34650000484994997,2.189245855657231,0.990000013857,0.30589784517158813,0.11334470793272165,0.8771934118146146,0.5479367142706042,0.09225673536029037,26.394583935980997,44.96458257571545,45.80649429925105,200.09538420655772,45.707309282814364,44.22510789131251,44.56319350401174
NGC_3738,1.290000053928,126.870035871718,5.4200185430420005,18.470522947732334,19.95914008274546,27.19425473892166,rMD_DH_DM_profiles_ngc3738.pdf,True,True,22.6,12.58,12.48,0.990000013857,1.750000036452,0.5019952114924181,0.589988089306913,0.34650000484994997,2.189245855657231,0.990000013857,0.30589784517158813,0.11415503771811318,0.7751937660429074,0.5664045235502886,0.09503669274468039,27.19425473892166,46.86638992069023,47.80452375775659,189.18848813160818,47.60328492018601,46.15228561751935,46.46977722664188
NGC_3738,1.439999482077,132.739965918118,6.440035355469999,19.967495362289274,20.25822559818024,28.444622961639144,rMD_DH_DM_profiles_ngc3738.pdf,True,True,22.6,12.58,12.48,0.990000013857,1.750000036452,0.5019952114924181,0.589988089306913,0.34650000484994997,2.189245855657231,0.990000013857,0.30589784517158813,0.11296503924027279,0.6944446942144996,0.5778562796415487,0.09591649681418435,28.444622961639144,49.19967964791436,50.20587625333577,180.32437699184536,49.916231751368905,48.527063403212644,48.818515657743276
NGC_3738,1.59999942453,128.69996327031,5.010055174722,21.74066651857698,20.553741598117647,29.91843703060315,rMD_DH_DM_profiles_ngc3738.pdf,True,True,22.6,12.58,12.48,0.990000013857,1.750000036452,0.5019952114924181,0.589988089306913,0.34650000484994997,2.189245855657231,0.990000013857,0.30589784517158813,0.11011726841211743,0.6250002247930496,0.5842048893300757,0.09524293227092162,29.91843703060315,51.789379217970186,52.85347198102901,172.5363295477753,52.4780124778731,51.16702334810542,51.429963615493755
NGC_3738,1.750000036452,125.570032713426,5.060019460236,32.76465801000137,22.04382359688577,39.4899097654447,rMD_DH_DM_profiles_ngc3738.pdf,True,True,22.6,12.58,12.48,0.990000013857,1.750000036452,0.5019952114924181,0.589988089306913,0.34650000484994997,2.189245855657231,0.990000013857,0.30589784517158813,0.10644270967560165,0.5714285595258778,0.585977050088488,0.09349150890409069,39.4899097654447,62.80498521687706,63.66172349873183,169.43845346376332,63.37575222623219,62.30994154264576,62.514396207243976
UGC_8508,0.1499996999999999,4.970004695711999,4.000020653612,-0.8938708738489671,1.2029180252703071,0.80498859395938,rMD_DH_DM_profiles_ugc8508.pdf,True,True,82.5,1.19,0.3,1.00499985,1.86,0.7986577181208053,0.5989272050059594,0.35174994749999994,2.6027516778523494,1.00499985,0.4393959731543624,0.016195164001049537,0.02216576834614044,0.054683985845835247,0.007248963076921064,0.80498859395938,2.7624863870134067,4.39297537160069,31.11695792441529,3.7884421130481214,0.0,2.192656885901992
UGC_8508,0.2200008,6.729984292100001,2.959995008472,0.9585128341927498,1.8203443666113668,2.057279870694786,rMD_DH_DM_profiles_ugc8508.pdf,True,True,82.5,1.19,0.3,1.00499985,1.86,0.7986577181208053,0.5989272050059594,0.35174994749999994,2.6027516778523494,1.00499985,0.4393959731543624,0.027625805264042038,0.047681568073541236,0.10596258622475345,0.013676247789744397,2.057279870694786,5.956749441053233,7.80207291853234,45.84687632669898,6.9646427411605325,4.405432847950863,5.491424869997614
UGC_8508,0.2999993999999999,9.740022182744,3.049989252378,2.473221199433662,2.362267148213921,3.42010660372726,rMD_DH_DM_profiles_ugc8508.pdf,True,True,82.5,1.19,0.3,1.00499985,1.86,0.7986577181208053,0.5989272050059594,0.35174994749999994,2.6027516778523494,1.00499985,0.4393959731543624,0.0410269409937893,0.08866307338456184,0.17076758379214824,0.02202537772958631,3.42010660372726,9.039484437068257,10.953914200687228,62.64381243677296,10.134128186726816,7.60521805337627,8.551785937178884
UGC_8508,0.3700005,11.5200005,3.460009110174,3.090647540774722,2.6709803188844505,4.084879200804464,rMD_DH_DM_profiles_ugc8508.pdf,True,True,82.5,1.19,0.3,1.00499985,1.86,0.7986577181208053,0.5989272050059594,0.35174994749999994,2.6027516778523494,1.00499985,0.4393959731543624,0.052344836332651544,0.13486729004313003,0.22681004086879347,0.029668669749112205,4.084879200804464,10.584913475737704,12.640063626879162,77.18161820822854,11.828634523764192,9.032261578237852,10.024169435919179
UGC_8508,0.4499991,14.49999422934,3.3500161454,3.7184857648647833,3.088635633331812,4.83392247134654,rMD_DH_DM_profiles_ugc8508.pdf,True,True,82.5,1.19,0.3,1.00499985,1.86,0.7986577181208053,0.5989272050059594,0.35174994749999994,2.6027516778523494,1.00499985,0.4393959731543624,0.06434360462473811,0.1994919151152642,0.28621294877105036,0.03834396809804493,4.83392247134654,12.283679913708953,14.46890192114858,93.79015111996057,13.64059887648703,10.651208944239794,11.659897282579141
UGC_8508,0.5200002,17.569982202586,2.899998845868,4.887222056228715,3.201116448041282,5.842267191836476,rMD_DH_DM_profiles_ugc8508.pdf,True,True,82.5,1.19,0.3,1.00499985,1.86,0.7986577181208053,0.5989272050059594,0.35174994749999994,2.6027516778523494,1.00499985,0.4393959731543624,0.07381644797919,0.2663845487049997,0.33284461275483096,0.04563069573299137,5.842267191836476,14.360830223707213,16.552726623148665,108.40189717190653,15.720746743213502,12.778137760394197,13.728057415917604
UGC_8508,0.58999944,19.609989971128,3.069987973246,5.953989758580721,3.4138651803649176,6.863269593640636,rMD_DH_DM_profiles_ugc8508.pdf,True,True,82.5,1.19,0.3,1.00499985,1.86,0.7986577181208053,0.5989272050059594,0.35174994749999994,2.6027516778523494,1.00499985,0.4393959731543624,0.0822410369689208,0.34292978568038107,0.3742495405064527,0.05247779551427955,6.863269593640636,16.39596936955272,18.579749532476132,123.00784677007903,17.74331249661157,14.865161771898027,15.760294179251408
UGC_8508,0.6699999000000001,21.22997852144,3.0399898919440003,6.579475918863483,3.5181564544279422,7.461027288834793,rMD_DH_DM_profiles_ugc8508.pdf,True,True,82.5,1.19,0.3,1.00499985,1.86,0.7986577181208053,0.5989272050059594,0.35174994749999994,2.6027516778523494,1.00499985,0.4393959731543624,0.0905602081126595,0.44223334405915055,0.4154830482581594,0.059646213444684626,7.461027288834793,17.719214674968015,20.012414599708737,139.56988207746474,19.105907996139376,16.16400308289238,17.05102391493967
UGC_8508,0.73999914,23.219989487811997,2.6800129163200004,6.4724105286883855,3.5181564544279422,7.366785112225635,rMD_DH_DM_profiles_ugc8508.pdf,True,True,82.5,1.19,0.3,1.00499985,1.86,0.7986577181208053,0.5989272050059594,0.35174994749999994,2.6027516778523494,1.00499985,0.4393959731543624,0.09671714977412496,0.5394664482535447,0.44671103180047156,0.06528637189861149,7.366785112225635,17.819522899919516,20.339818892498457,153.93916022042998,19.298669357282364,16.163452446698425,17.091088686524337
UGC_8508,0.8199995999999999,23.720003589514,2.590018672414,6.372020519230577,3.519004839483143,7.279151087716293,rMD_DH_DM_profiles_ugc8508.pdf,True,True,82.5,1.19,0.3,1.00499985,1.86,0.7986577181208053,0.5989272050059594,0.35174994749999994,2.6027516778523494,1.00499985,0.4393959731543624,0.10253470146483668,0.6624136761055819,0.4774882690869359,0.07098078267673658,7.279151087716293,17.933212583572615,20.69946226472101,170.3810216999404,19.500924282617074,16.184460743729556,17.14502743628416
UGC_8508,0.8900007000000001,25.989996648038,2.8500020436980003,6.783638625332214,3.621935537047851,7.690004553550619,rMD_DH_DM_profiles_ugc8508.pdf,True,True,82.5,1.19,0.3,1.00499985,1.86,0.7986577181208053,0.5989272050059594,0.35174994749999994,2.6027516778523494,1.00499985,0.4393959731543624,0.10662953229254504,0.7803379091501192,0.5006319350117319,0.07530656226397806,7.690004553550619,18.86952382024201,21.725870225473944,184.86434083723123,20.435002993310473,17.14680340444577,18.075558670011365
UGC_8508,0.9699993,26.8899851671,2.710010997622,6.78947968002769,3.5167361229416803,7.6462060712429,rMD_DH_DM_profiles_ugc8508.pdf,True,True,82.5,1.19,0.3,1.00499985,1.86,0.7986577181208053,0.5989272050059594,0.35174994749999994,2.6027516778523494,1.00499985,0.4393959731543624,0.1102679423233742,0.9269255448442946,0.5233083983746626,0.07952078910493744,7.6462060712429,19.025913685744268,22.099966893967675,201.32972045854603,20.647103229561424,17.25752575836606,18.19370151975448
UGC_8508,1.0400004,28.760003808264003,2.660014195452,6.686575153502281,3.413831596416271,7.507631680638316,rMD_DH_DM_profiles_ugc8508.pdf,True,True,82.5,1.19,0.3,1.00499985,1.86,0.7986577181208053,0.5989272050059594,0.35174994749999994,2.6027516778523494,1.00499985,0.4393959731543624,0.11262539797935998,0.9615380917161185,0.5402594624133609,0.0825991285177549,7.507631680638316,18.96392823231303,22.24693808170328,205.01551508636706,20.640528898045844,17.149216047277033,18.09577008801187
UGC_8508,1.12000086,29.729987850364,2.58001931198,6.472200656359979,3.3050246342572738,7.267225685860731,rMD_DH_DM_profiles_ugc8508.pdf,True,True,82.5,1.19,0.3,1.00499985,1.86,0.7986577181208053,0.5989272050059594,0.35174994749999994,2.6027516778523494,1.00499985,0.4393959731543624,0.11447692082797391,0.8928564572709347,0.5567526016071096,0.08546573995778853,7.267225685860731,18.71593842725197,22.25192955511264,197.5992160157029,20.46250981472008,16.842624972757477,17.804383768630757
UGC_8508,1.1900001000000002,30.230001952066,2.469980267204,6.369298864111878,3.202096671665265,7.128912337451388,rMD_DH_DM_profiles_ugc8508.pdf,True,True,82.5,1.19,0.3,1.00499985,1.86,0.7986577181208053,0.5989272050059594,0.35174994749999994,2.6027516778523494,1.00499985,0.4393959731543624,0.11544234604660528,0.8403360638373054,0.568971828644241,0.0874450046937998,7.128912337451388,18.610900047997834,22.345290095213265,191.74297436038535,20.403317561274974,16.709024492039532,17.672135568709447
UGC_8508,1.25999934,31.299979598506,2.6800129163200004,6.36768453437976,3.0958574363273668,7.080377080032012,rMD_DH_DM_profiles_ugc8508.pdf,True,True,82.5,1.19,0.3,1.00499985,1.86,0.7986577181208053,0.5989272050059594,0.35174994749999994,2.6027516778523494,1.00499985,0.4393959731543624,0.11587035940067084,0.7936512093728557,0.5793750311749467,0.08897165446688114,7.080377080032012,18.662722662979455,22.56853027802242,186.39753972966696,20.48183573096847,16.759297771010516,17.70992201293102
UGC_8508,1.3399998000000002,32.310007162344,2.78000652066,6.263147675070678,3.0958574363273668,6.986512153128103,rMD_DH_DM_profiles_ugc8508.pdf,True,True,82.5,1.19,0.3,1.00499985,1.86,0.7986577181208053,0.5989272050059594,0.35174994749999994,2.6027516778523494,1.00499985,0.4393959731543624,0.11578580402995785,0.746268768099816,0.5893033570041788,0.0902125121797236,6.986512153128103,18.635011160624536,22.740693810984194,180.80243299742958,20.486392179171727,16.729903974335716,17.667043543868168
UGC_8508,1.4100009,35.790014993386,2.63001611415,6.154556255869684,2.9902893939107185,6.842542902021119,rMD_DH_DM_profiles_ugc8508.pdf,True,True,82.5,1.19,0.3,1.00499985,1.86,0.7986577181208053,0.5989272050059594,0.35174994749999994,2.6027516778523494,1.00499985,0.4393959731543624,0.11527820401776484,0.7092194054627908,0.5964743808896954,0.09090101079084449,6.842542902021119,18.47689843924362,22.767977489397264,176.2894885817869,20.36432561540639,16.562523554709884,17.49252358467183
UGC_8508,1.4899995,36.560011826806,2.810004601962,5.945855402612701,2.9902893939107185,6.655450933491553,rMD_DH_DM_profiles_ugc8508.pdf,True,True,82.5,1.19,0.3,1.00499985,1.86,0.7986577181208053,0.5989272050059594,0.35174994749999994,2.6027516778523494,1.00499985,0.4393959731543624,0.11427732929895858,0.6711411648124714,0.6031436648156294,0.0912846205718537,6.655450933491553,18.234533039982775,22.737536124956943,171.51917655304558,20.16501596071512,16.30956771790958,17.231987072879974
UGC_8508,1.5600006,38.469981829704,2.610017393282,5.84292497772076,2.9902893939107185,6.563657742037444,rMD_DH_DM_profiles_ugc8508.pdf,True,True,82.5,1.19,0.3,1.00499985,1.86,0.7986577181208053,0.5989272050059594,0.35174994749999994,2.6027516778523494,1.00499985,0.4393959731543624,0.11309005773016084,0.6410253944774124,0.6077953160049031,0.09130720554517334,6.563657742037444,18.155817482129137,22.822368709021138,167.6627197974049,20.108085325755518,16.242794316757887,17.148413761350593
UGC_8508,1.6399992,40.100015820452,2.289991779392,5.839688471508829,2.9902893939107185,6.5607767911740495,rMD_DH_DM_profiles_ugc8508.pdf,True,True,82.5,1.19,0.3,1.00499985,1.86,0.7986577181208053,0.5989272050059594,0.35174994749999994,2.6027516778523494,1.00499985,0.4393959731543624,0.11143820247155058,0.6097563950031195,0.6119155261792913,0.09102080192145737,6.5607767911740495,18.267171140631934,23.09190445365438,163.58388752677976,20.221209780696356,16.39650539205106,17.26949583369339
UGC_8508,1.7100003,41.620010766424,2.700011637188,5.736784217586859,2.9902893939107185,6.469352658380018,rMD_DH_DM_profiles_ugc8508.pdf,True,True,82.5,1.19,0.3,1.00499985,1.86,0.7986577181208053,0.5989272050059594,0.35174994749999994,2.6027516778523494,1.00499985,0.4393959731543624,0.10978017930383331,0.5847952190417745,0.6145903815876127,0.09053177986514609,6.469352658380018,18.174222815459366,23.15459245949786,160.23270032393035,20.145443973770313,16.32246918713066,17.176693561654815
UGC_8508,1.7799995400000002,43.339992921076,2.800005241528,5.841037724114232,2.9902893939107185,6.561977777610992,rMD_DH_DM_profiles_ugc8508.pdf,True,True,82.5,1.19,0.3,1.00499985,1.86,0.7986577181208053,0.5989272050059594,0.35174994749999994,2.6027516778523494,1.00499985,0.4393959731543624,0.10796164158763417,0.5617978979927152,0.6164922123087656,0.08985061945923081,6.561977777610992,18.461862133219395,23.552045979642298,157.1253771618188,20.411042032083177,16.6739064884698,17.48834191800737
UGC_8508,1.86,46.080002,2.289991779392,6.154674888221364,2.9902893939107185,6.842649606624439,rMD_DH_DM_profiles_ugc8508.pdf,True,True,82.5,1.19,0.3,1.00499985,1.86,0.7986577181208053,0.5989272050059594,0.35174994749999994,2.6027516778523494,1.00499985,0.4393959731543624,0.10572755935168243,0.5376344086021505,0.6178223851221756,0.08887066629454518,6.842649606624439,19.15412242412029,24.32612466996987,153.8415158352812,21.04315030602503,17.47452968226689,18.228106397867997
