galaxy,r,velocity_km_s,velocity_error_km_s,v_gas_km_s,v_star_km_s,v_baryon_newton_km_s,figure_file,coordinate_calibration_uses_published_vobs,prospective_name_freeze,inclination_deg,gas_mass_1e7_msun,stellar_mass_kin_1e7_msun,r_median,r_max,gas_fraction,scale_radius_proxy_kpc,tail_inner_radius_proxy_kpc,tail_cutoff_radius_proxy_kpc,compact_support_radius_proxy_kpc,thickness_h_over_rs_proxy,kernel_K_exponential_disk,kernel_K_compact_finite,kernel_K_scale_tail_spiral,kernel_K_thick_flared,v_newton,v_tpg_v6,v_mond,v_K_compact_finite,v_K_scale_tail_spiral,v_K_exponential_disk,v_K_thick_flared,kernel_tail_reference,u_tail_source_normalized,phi_tail_bounded,phi_tail_holographic,phi_radial_bounded,phi_bilinear_bounded,v_v02,distance_mpc,rmax_over_hi_beam,hi_beam_fwhm_kpc,v_capacity_0p01,v_capacity_0p05,v_capacity_0p1
CVnIdwA,0.190000609551,3.969997781346,2.7299960788739996,3.873305652644957,0.5538453052230119,3.9127025571756593,rMD_DH_DM_profiles_cvnidwa.pdf,True,True,66.5,2.91,0.41,1.3900008672430002,2.589998687436,0.8765060240963856,0.8283676205262218,0.48650030353505,3.725073413405693,1.3900008672430002,0.4744277108433735,0.0197004281964886,0.0134420273535889,0.046628865958919,0.0082928470526172,3.9127025571756593,9.334568030058335,10.569678167717948,25.87842793127001,9.636654210798287,8.69889581042734,9.159910699274487,0.6075733666414179,0.07674606643256429,0.07127591994539302,0.07387500202566522,0.1865735830511842,0.013298203769481341,9.35894804211627,3.6,13.5,0.1918518518518518,9.362490205899235,9.361636608185004,9.36063752568587
CVnIdwA,0.370000160705,6.12000610173,2.270000048898,6.5823577414458505,1.179004377503975,6.68711333525503,rMD_DH_DM_profiles_cvnidwa.pdf,True,True,66.5,2.91,0.41,1.3900008672430002,2.589998687436,0.8765060240963856,0.8283676205262218,0.48650030353505,3.725073413405693,1.3900008672430002,0.4744277108433735,0.0492493442799998,0.0509751616590412,0.1442918788746163,0.0247991622603499,6.68711333525503,15.00297973724096,16.458548931169698,49.33844744371884,15.582800341097611,14.015419204706811,14.677524705354587,0.6075733666414179,0.23748881500886385,0.19191188811444956,0.21139428852035924,0.3087534282045334,0.05925345336854115,15.108718855110984,3.6,13.5,0.1918518518518518,15.107200640670083,15.103926468732956,15.100113909387591
CVnIdwA,0.5600007702559999,7.540007284403999,2.0599966928519997,8.33938136202258,1.7400139499778886,8.518974706346254,rMD_DH_DM_profiles_cvnidwa.pdf,True,True,66.5,2.91,0.41,1.3900008672430002,2.589998687436,0.8765060240963856,0.8283676205262218,0.48650030353505,3.725073413405693,1.3900008672430002,0.4744277108433735,0.0798311719529357,0.1167702029611871,0.2536764377218354,0.0449000821791886,8.518974706346254,18.905838261127233,20.637458139712095,73.60767483682207,19.713166911837295,17.63457417036455,18.437500418902157,0.6075733666414179,0.41752395949171356,0.29454455192519396,0.3413242898762432,0.4033517141228557,0.11880504990457547,19.110727906723604,3.6,13.5,0.1918518518518518,19.109554165635675,19.10398470906286,19.097436162628348
CVnIdwA,0.74000032141,9.040010877708,1.7900093599799998,8.2131217001103,1.955691985100155,8.442754242627679,rMD_DH_DM_profiles_cvnidwa.pdf,True,True,66.5,2.91,0.41,1.3900008672430002,2.589998687436,0.8765060240963856,0.8283676205262218,0.48650030353505,3.725073413405693,1.3900008672430002,0.4744277108433735,0.1047215753913934,0.2039006466361649,0.3426589476302731,0.0633853505607364,8.442754242627679,19.611933073568217,21.88646917705081,96.02812035817576,20.657748862454397,17.991444273347508,18.97204030001259,0.6075733666414179,0.5639795396635713,0.360605446145983,0.43105956822732194,0.47182826275856915,0.17014384119633794,19.872459495689075,3.6,13.5,0.1918518518518518,19.86958540017171,19.86309865552633,19.855436238998347
CVnIdwA,0.930000930961,10.20999561159,1.829998677864,8.002939279467693,1.955691985100155,8.238432390414566,rMD_DH_DM_profiles_cvnidwa.pdf,True,True,66.5,2.91,0.41,1.3900008672430002,2.589998687436,0.8765060240963856,0.8283676205262218,0.48650030353505,3.725073413405693,1.3900008672430002,0.4744277108433735,0.1255694959560623,0.3220487018868678,0.4175074271694972,0.0806608793110533,8.238432390414566,19.942141780084455,22.77226735737948,119.81166172901024,21.189690364372783,18.017271908700295,19.138190062209556,0.6075733666414179,0.6871720356628218,0.4072922151017395,0.4970034841584863,0.5288998885781986,0.21541680718607772,20.24160871161931,3.6,13.5,0.1918518518518518,20.23977746470977,20.232871234295402,20.224675968120142
CVnIdwA,1.1100004821149998,12.00999041361,1.610009879778,8.139341534485702,2.0253461862622912,8.387544801025582,rMD_DH_DM_profiles_cvnidwa.pdf,True,True,66.5,2.91,0.41,1.3900008672430002,2.589998687436,0.8765060240963856,0.8283676205262218,0.48650030353505,3.725073413405693,1.3900008672430002,0.4744277108433735,0.140207120117872,0.4587764549313708,0.4725289450533295,0.0942634098504776,8.387544801025582,20.72131559882864,23.959389226221887,142.52055948736356,22.078254601678452,18.649090678631406,19.81554484417389,0.6075733666414179,0.7777314987742214,0.4374853566528363,0.5405529137027346,0.5726468984928674,0.25052463262329266,21.055735691671316,3.6,13.5,0.1918518518518518,21.053198077562687,21.045843413163656,21.037096455827502
CVnIdwA,1.300001091666,13.609991076486,1.6300045387199995,7.719696434870126,1.955266467669284,7.963465326485602,rMD_DH_DM_profiles_cvnidwa.pdf,True,True,66.5,2.91,0.41,1.3900008672430002,2.589998687436,0.8765060240963856,0.8283676205262218,0.48650030353505,3.725073413405693,1.3900008672430002,0.4744277108433735,0.1507895085180535,0.629277524130631,0.5171244823761154,0.1055543065441002,7.963465326485602,20.412960016739348,24.189401289971904,166.39923794121847,21.914524397164655,18.136892590385617,19.379727797212965,0.6075733666414179,0.8511309263516742,0.4597896962529478,0.573068169633268,0.6107969376823801,0.28083813844921224,20.759341339408014,3.6,13.5,0.1918518518518518,20.757419963185633,20.750110302636756,20.741397963768428
CVnIdwA,1.48000064282,17.320010741862,1.680003073506,7.44183834963306,1.885806362694261,7.677058268610931,rMD_DH_DM_profiles_cvnidwa.pdf,True,True,66.5,2.91,0.41,1.3900008672430002,2.589998687436,0.8765060240963856,0.8283676205262218,0.48650030353505,3.725073413405693,1.3900008672430002,0.4744277108433735,0.1568714161943573,0.675675382204291,0.549284134864444,0.1134840078935378,7.677058268610931,20.233051299427487,24.465291005755255,172.31428497069348,21.83772895594135,17.835227327713405,19.10948802278036,0.6075733666414179,0.9040622335057431,0.4748070822460416,0.5950785711377122,0.6411458112296968,0.30442057192424377,20.587691117783166,3.6,13.5,0.1918518518518518,20.58548780410774,20.578193764128322,20.56949024056448
CVnIdwA,1.6699988148719995,21.180002236734,1.6999977324479998,7.370484328573539,1.955035084867748,7.625365658170891,rMD_DH_DM_profiles_cvnidwa.pdf,True,True,66.5,2.91,0.41,1.3900008672430002,2.589998687436,0.8765060240963856,0.8283676205262218,0.48650030353505,3.725073413405693,1.3900008672430002,0.4744277108433735,0.1598800547772093,0.5988028201544844,0.5748647088526012,0.1192343591954509,7.625365658170891,20.4617924909246,25.08803067736578,162.38833359072777,22.12100780339703,18.045864928250808,19.29355503622241,0.6075733666414179,0.9461650895436288,0.48616897642815204,0.6117730119011852,0.6684362994997625,0.3249729915352212,20.82910049879033,3.6,13.5,0.1918518518518518,20.827170062396114,20.819782635271608,20.810957945184477
CVnIdwA,1.8500008035249995,24.059993919965997,2.20000685517,8.003503733249925,2.096500983738266,8.273535422234017,rMD_DH_DM_profiles_cvnidwa.pdf,True,True,66.5,2.91,0.41,1.3900008672430002,2.589998687436,0.8765060240963856,0.8283676205262218,0.48650030353505,3.725073413405693,1.3900008672430002,0.4744277108433735,0.1601564201755385,0.540540305763433,0.5928079111833924,0.1225391689551702,8.273535422234017,22.02172885368234,26.829978415295127,154.6325505634761,23.618126391607007,19.793029532036783,20.9099397308964,0.6075733666414179,0.9756976584743223,0.4938496810426843,0.6230707061051828,0.6907193151294484,0.34111151346669943,22.423341043017786,3.6,13.5,0.1918518518518518,22.421099059988833,22.41313203167734,22.403609460627443
CVnIdwA,2.039998975577,26.45000947224,2.710001419932,8.634077650804732,2.2366206019256354,8.919067697752045,rMD_DH_DM_profiles_cvnidwa.pdf,True,True,66.5,2.91,0.41,1.3900008672430002,2.589998687436,0.8765060240963856,0.8283676205262218,0.48650030353505,3.725073413405693,1.3900008672430002,0.4744277108433735,0.1583583092921361,0.4901963245923478,0.6064575758163253,0.1241405577314725,8.919067697752045,23.573101686186515,28.56520043455365,147.6486429645675,25.10434413611385,21.53009271099723,22.52412916105243,0.6075733666414179,0.9981635290709655,0.49954046030209337,0.6314443381897377,0.7112058055439675,0.35527607547095463,24.00800574015454,3.6,13.5,0.1918518518518518,24.005780446332036,23.99725244144782,23.987053707234264
CVnIdwA,2.2200009642299996,25.919996473674,1.979994282222,8.424523100102565,2.5188068584383556,8.793007304345757,rMD_DH_DM_profiles_cvnidwa.pdf,True,True,66.5,2.91,0.41,1.3900008672430002,2.589998687436,0.8765060240963856,0.8283676205262218,0.48650030353505,3.725073413405693,1.3900008672430002,0.4744277108433735,0.1551734193505906,0.4504502548028608,0.6153526040937427,0.1242014408193322,8.793007304345757,23.594183298554523,28.927813758605375,141.69889359333942,25.145888427696,21.596122160216247,22.545665702032306,0.6075733666414179,1.012803782850666,0.5031805839594887,0.6368007810955064,0.728258707077423,0.36644564150079995,24.03267754148433,3.6,13.5,0.1918518518518518,24.03036979870615,24.021828122391284,24.011610432503375
CVnIdwA,2.409999136282,23.810001246036,2.480003404944,8.423446012389542,2.589600781192633,8.812518081093211,rMD_DH_DM_profiles_cvnidwa.pdf,True,True,66.5,2.91,0.41,1.3900008672430002,2.589998687436,0.8765060240963856,0.8283676205262218,0.48650030353505,3.725073413405693,1.3900008672430002,0.4744277108433735,0.1506931409277122,0.4149379080453693,0.6213023505666713,0.1230508680105047,8.812518081093211,23.890784978427227,29.533310030886692,136.21161690819892,25.43877125061431,21.97916326600788,22.86568017314986,0.6075733666414179,1.022596421566576,0.5055859936578634,0.6403401018993926,0.7442020367876206,0.376258126251475,24.33693374782795,3.6,13.5,0.1918518518518518,24.334682552542517,24.326056961567808,24.315734629224334
CVnIdwA,2.589998687436,23.580003231048,2.0599966928519997,8.215066005567603,2.7979807880145726,8.678479473152604,rMD_DH_DM_profiles_cvnidwa.pdf,True,True,66.5,2.91,0.41,1.3900008672430002,2.589998687436,0.8765060240963856,0.8283676205262218,0.48650030353505,3.725073413405693,1.3900008672430002,0.4744277108433735,0.1457253933410303,0.3861005817690054,0.6242890998618035,0.1210720127505414,8.678479473152604,23.845587079084694,29.80562404111133,131.53583985089085,25.40355461183372,21.9958334462531,22.835335376337365,0.6075733666414179,1.0275122876316778,0.5067847400480652,0.6421038031760552,0.7576714881033235,0.38397634814027354,24.291957440018617,3.6,13.5,0.1918518518518518,24.289654805353486,24.281001677069526,24.270648586604356
DDO_126,0.130000595186,3.2100101536650003,2.9199991108400005,1.4298671782124743,0.7189219427876298,1.6004277263128266,rMD_DH_DM_profiles_ddo126.pdf,True,True,65.0,16.36,2.27,2.0000014255339997,3.859999026674,0.8781535158346753,1.1918959627735397,0.7000004989368999,5.554834884870099,2.0000014255339997,0.4751690821256039,0.0089772969938258,0.0021125148263934,0.0113614849291302,0.0031049197382983,1.6004277263128266,4.620279433747736,6.034697429661245,10.625462460337236,4.76900105141105,4.015374565889075,4.4874899721592145,0.6129827501272768,0.018534754732936868,0.01819746910629156,0.018364042496614497,0.09834400006810443,0.0017896119030284654,4.623357331448274,4.9,24.3,0.1641975308641975,4.62440083709936,4.624282295683709,4.62414248634461
DDO_126,0.270001463543,7.119993591480001,1.7899814331000004,2.8065876959574014,1.4072571931129954,3.139634899581119,rMD_DH_DM_profiles_ddo126.pdf,True,True,65.0,16.36,2.27,2.0000014255339997,3.859999026674,0.8781535158346753,1.1918959627735397,0.7000004989368999,5.554834884870099,2.0000014255339997,0.4751690821256039,0.0278312471549628,0.0091125793039689,0.0456023807579142,0.0116673877408511,3.139634899581119,8.371782023552198,10.213874440848796,21.564167416185224,8.700087220483821,7.341128352728184,8.095807587984401,0.6129827501272768,0.07439423172747608,0.06924295526778892,0.07169434584786372,0.1846924816218518,0.012788653243238813,8.393022986655303,4.9,24.3,0.1641975308641975,8.394002696916571,8.393254349998166,8.392386786690269
DDO_126,0.3999991026919999,8.66999523971,1.480004319815,3.698576898425984,2.099490327047226,4.2529202563574175,rMD_DH_DM_profiles_ddo126.pdf,True,True,65.0,16.36,2.27,2.0000014255339997,3.859999026674,0.8781535158346753,1.1918959627735397,0.7000004989368999,5.554834884870099,2.0000014255339997,0.4751690821256039,0.0486686097047985,0.0199998675035334,0.0912505588858859,0.0226757480544968,4.2529202563574175,11.01631078188207,13.151746427337416,31.434466690681077,11.514091313689104,9.645703609627168,10.60785263134018,0.6129827501272768,0.14886317578584238,0.1295743295836925,0.13831299351892556,0.25127228004505603,0.03255843722980397,11.068672702838851,4.9,24.3,0.1641975308641975,11.068650152294957,11.066925739797577,11.06492306578759
DDO_126,0.5299996978779999,12.5499908779,2.6299880680150003,3.731288524518859,2.8180757417783653,4.675902580209067,rMD_DH_DM_profiles_ddo126.pdf,True,True,65.0,16.36,2.27,2.0000014255339997,3.859999026674,0.8781535158346753,1.1918959627735397,0.7000004989368999,5.554834884870099,2.0000014255339997,0.4751690821256039,0.0704639951357195,0.0351123848879451,0.1433769045427594,0.0354139877869199,4.675902580209067,12.264675135193997,14.777103173157004,40.891862860246896,12.963181178585504,10.460418544090656,11.688795604606854,0.6129827501272768,0.23390039036659566,0.1895618091968535,0.20855935291793692,0.30780012400835943,0.058347148378040475,12.350052840711607,4.9,24.3,0.1641975308641975,12.348782987177247,12.346125565296783,12.343032203719693
DDO_126,0.6700005662349999,12.110002143015,2.9600086396300003,5.206342649453125,3.3097937948192513,6.169338598888751,rMD_DH_DM_profiles_ddo126.pdf,True,True,65.0,16.36,2.27,2.0000014255339997,3.859999026674,0.8781535158346753,1.1918959627735397,0.7000004989368999,5.554834884870099,2.0000014255339997,0.4751690821256039,0.0935997881010114,0.0561124748589559,0.2007151117873255,0.0500892167588572,6.169338598888751,15.480528581818024,18.08050331964751,51.68639867754427,16.257790633485726,13.608177980108012,14.836988096344069,0.6129827501272768,0.3274400653944177,0.24667031976101053,0.27923351116376105,0.35984844259405513,0.08876393040017722,15.62090517331682,4.9,24.3,0.1641975308641975,15.620399590789244,15.616332251271173,15.611568319819296
DDO_126,0.800001161421,14.36001576933,3.039989003275,7.475321175523924,3.804124915648347,8.387597573268101,rMD_DH_DM_profiles_ddo126.pdf,True,True,65.0,16.36,2.27,2.0000014255339997,3.859999026674,0.8781535158346753,1.1918959627735397,0.7000004989368999,5.554834884870099,2.0000014255339997,0.4751690821256039,0.1139941956460924,0.0800000612200357,0.2517092135552443,0.063951862881057,8.387597573268101,19.752129870651533,22.204448512978715,62.10667136476722,20.52030899123938,17.994865641169966,19.11115807844729,0.6129827501272768,0.410630174345005,0.2910969734045793,0.3367678334787527,0.4016277506020775,0.11691262263555396,19.963672187076362,4.9,24.3,0.1641975308641975,19.961891831776718,19.956114866931195,19.94932674396091
DDO_126,0.92999880057,16.760007087705002,2.6900023612000004,8.524938544044376,4.217388891730836,9.511095953875564,rMD_DH_DM_profiles_ddo126.pdf,True,True,65.0,16.36,2.27,2.0000014255339997,3.859999026674,0.8781535158346753,1.1918959627735397,0.7000004989368999,5.554834884870099,2.0000014255339997,0.4751690821256039,0.1329005244580959,0.1081119899565638,0.2988985607747763,0.0775863632737774,9.511095953875564,22.061022051890788,24.600673275271905,71.91740257623137,22.878482706311168,20.232546825680313,21.36510161743069,0.6129827501272768,0.4876133312278599,0.32778230807153974,0.38590972332516127,0.438286957786997,0.14366271062107538,22.327247058831222,4.9,24.3,0.1641975308641975,22.325092569067838,22.318182887742008,22.31003692586892
DDO_126,1.059999395756,19.450009448905,3.120008060855,8.92061384840055,4.514170527379983,9.997754096923057,rMD_DH_DM_profiles_ddo126.pdf,True,True,65.0,16.36,2.27,2.0000014255339997,3.859999026674,0.8781535158346753,1.1918959627735397,0.7000004989368999,5.554834884870099,2.0000014255339997,0.4751690821256039,0.1500850386762109,0.1404495395517808,0.3416528790586352,0.0906830237979556,9.997754096923057,23.298721027632435,26.04465651915408,81.42308744797766,24.183081262424732,21.342405153358325,22.527936353839397,0.6129827501272768,0.5573613270319532,0.3578882545479553,0.42728171193641107,0.4707143214896836,0.16846312690866797,23.60587559540263,4.9,24.3,0.1641975308641975,23.602961477396384,23.595279839356543,23.58620791766523
DDO_126,1.200000264113,19.98998331183,3.0599937676700004,9.215883951005182,4.71106693897198,10.35020138460454,rMD_DH_DM_profiles_ddo126.pdf,True,True,65.0,16.36,2.27,2.0000014255339997,3.859999026674,0.8781535158346753,1.1918959627735397,0.7000004989368999,5.554834884870099,2.0000014255339997,0.4751690821256039,0.1665429470862197,0.1799996943401081,0.3826918681586997,0.1039405496542487,10.35020138460454,24.31917706161311,27.305127044028257,91.60982557542708,25.267712762295005,22.237662396891984,23.472023131143285,0.6129827501272768,0.6243109909361062,0.3843543474247562,0.4643696444227591,0.5016941164186729,0.19282831472293868,24.663660951773114,4.9,24.3,0.1641975308641975,24.661735201451073,24.65348256052142,24.64371013700901
DDO_126,1.330000859299,22.550012745365,2.6799806320350004,10.328206874217392,4.916917488294334,11.438878215250218,rMD_DH_DM_profiles_ddo126.pdf,True,True,65.0,16.36,2.27,2.0000014255339997,3.859999026674,0.8781535158346753,1.1918959627735397,0.7000004989368999,5.554834884870099,2.0000014255339997,0.4751690821256039,0.1799010717886999,0.2211123129119931,0.4163918625939679,0.1153167165880195,11.438878215250218,26.48691947030404,29.509766588805984,101.41133414027249,27.43599374846446,24.431030974431355,25.62497222136121,0.6129827501272768,0.6792880590971121,0.4045095511858393,0.49302219785306656,0.5273811551917424,0.2133307143904812,26.88193032315663,4.9,24.3,0.1641975308641975,26.87929240395077,26.870180027788553,26.859365511271747
DDO_126,1.460001454485,23.889983714415003,2.7899874892400005,10.921770145515683,5.11475514047242,12.060090516180496,rMD_DH_DM_profiles_ddo126.pdf,True,True,65.0,16.36,2.27,2.0000014255339997,3.859999026674,0.8781535158346753,1.1918959627735397,0.7000004989368999,5.554834884870099,2.0000014255339997,0.4751690821256039,0.1914443879295642,0.2664499611366651,0.4461989253021959,0.1257099539479881,12.060090516180496,27.872449018024675,31.023111631815805,111.0155221774135,28.839447223174588,25.79680038371621,26.9797587228538,0.6129827501272768,0.7279143258265414,0.4212676027663271,0.517084855885211,0.5505497478836531,0.2319287724945523,28.30547653360273,4.9,24.3,0.1641975308641975,28.30229748980446,28.292496736068962,28.28085862193433
DDO_126,1.599999366805,25.8699910623,2.51998121081,10.831341596258776,5.217556484999232,12.022514564308215,rMD_DH_DM_profiles_ddo126.pdf,True,True,65.0,16.36,2.27,2.0000014255339997,3.859999026674,0.8781535158346753,1.1918959627735397,0.7000004989368999,5.554834884870099,2.0000014255339997,0.4751690821256039,0.2019328590278246,0.3199990624672473,0.4743849587834997,0.1357573727458455,12.022514564308215,28.198346612034836,31.630212813156565,121.09278872769248,29.21388834197997,26.031618651892845,27.244579059785227,0.6129827501272768,0.7738960985199024,0.4362691248746887,0.5387873666055205,0.5730871604869705,0.2500202339825709,28.652162764230717,4.9,24.3,0.1641975308641975,28.64971121920636,28.63971490029219,28.6278263396228
DDO_126,1.7299999619909998,27.629984695775,1.6600085054350002,11.225959450823153,5.316475184777168,12.42123480101222,rMD_DH_DM_profiles_ddo126.pdf,True,True,65.0,16.36,2.27,2.0000014255339997,3.859999026674,0.8781535158346753,1.1918959627735397,0.7000004989368999,5.554834884870099,2.0000014255339997,0.4751690821256039,0.2099747728702027,0.3741116835971504,0.4973168174405122,0.1440178652816111,12.42123480101222,29.189697478631444,32.776305744079714,130.63506924958324,30.218560701104295,27.015872975130993,28.212429560356444,0.6129827501272768,0.8113063823366183,0.44791228598776217,0.5557227090571933,0.5920813083479048,0.2652004923127351,29.672108441603694,4.9,24.3,0.1641975308641975,29.66925279031636,29.658904311915958,29.646577422698705
DDO_126,1.860000557177,29.679989372075003,1.930014783865,11.42379710300124,5.415419168248229,12.64238525826396,rMD_DH_DM_profiles_ddo126.pdf,True,True,65.0,16.36,2.27,2.0000014255339997,3.859999026674,0.8781535158346753,1.1918959627735397,0.7000004989368999,5.554834884870099,2.0000014255339997,0.4751690821256039,0.2164988041320545,0.4324493343798407,0.5174777421484634,0.1512643805340713,12.64238525826396,29.874616911169905,33.647251949572556,140.1222634137455,30.92076318700633,27.68601555368214,28.87166162590519,0.6129827501272768,0.8441962551817598,0.4577583610257129,0.5700972485030238,0.6094572817321945,0.2789841664009155,30.37929179258597,4.9,24.3,0.1641975308641975,30.376112569081577,30.365387102032805,30.352610479728288
DDO_126,2.0000014255339997,30.720004957005003,2.120002004715,11.640566621961826,5.617922437054742,12.92531793764064,rMD_DH_DM_profiles_ddo126.pdf,True,True,65.0,16.36,2.27,2.0000014255339997,3.859999026674,0.8781535158346753,1.1918959627735397,0.7000004989368999,5.554834884870099,2.0000014255339997,0.4751690821256039,0.2219660659031858,0.4999996436167541,0.5364430946695062,0.1579733878095239,12.92531793764064,30.671962841678734,34.62607327846626,150.36642656144082,31.728553562485388,28.48878221045898,29.65191644053876,0.6129827501272768,0.8751357106837375,0.46670526602292356,0.5831945491126249,0.626587005227782,0.292431454961339,31.200321256204603,4.9,24.3,0.1641975308641975,31.197560202374678,31.186524805392807,31.17336591455619
DDO_126,2.1299990646829996,33.369997789415,2.390008283145,12.62895172914485,5.71658771863562,13.862532125190056,rMD_DH_DM_profiles_ddo126.pdf,True,True,65.0,16.36,2.27,2.0000014255339997,3.859999026674,0.8781535158346753,1.1918959627735397,0.7000004989368999,5.554834884870099,2.0000014255339997,0.4751690821256039,0.2257265232881225,0.4694837742329368,0.5517916586801493,0.1632347066533868,13.862532125190056,32.52037619207654,36.48208451958272,146.30226324907633,33.546879097907606,30.43399617912087,31.527644124545205,0.6129827501272768,0.9001748557615659,0.47373264256819525,0.5935014250919071,0.6411999918955497,0.3037573665753841,33.08908405609721,4.9,24.3,0.1641975308641975,33.08595119217215,33.074271045075974,33.060331579277864
DDO_126,2.259999659869,34.76000001642,2.92998214607,13.321433826532193,5.71658771863562,14.496205515221275,rMD_DH_DM_profiles_ddo126.pdf,True,True,65.0,16.36,2.27,2.0000014255339997,3.859999026674,0.8781535158346753,1.1918959627735397,0.7000004989368999,5.554834884870099,2.0000014255339997,0.4751690821256039,0.2283443147476618,0.4424779426993208,0.5652073975659099,0.1676177018123907,14.496205515221275,33.85337180178379,37.885621254734424,142.556770317985,34.864277993051005,31.830500876897627,32.87492984248323,0.6129827501272768,0.9220608531782549,0.47972510945923813,0.6023014024506899,0.6547126295026544,0.3140820878525065,34.452945401946266,4.9,24.3,0.1641975308641975,34.44969029367274,34.43751241566408,34.422970981206966
DDO_126,2.390000255055,34.23999222395501,2.5599907396,14.551982917739066,5.718425983658937,15.63523592942413,rMD_DH_DM_profiles_ddo126.pdf,True,True,65.0,16.36,2.27,2.0000014255339997,3.859999026674,0.8781535158346753,1.1918959627735397,0.7000004989368999,5.554834884870099,2.0000014255339997,0.4751690821256039,0.2299369873577124,0.4184099971893046,0.5768978371034319,0.171181217245303,15.63523592942413,35.990453577413746,39.97691157972662,139.3865964263291,36.96236823646277,34.081021127225995,35.05188914121434,0.6129827501272768,0.9411322536949819,0.4848367502541462,0.6098142041537663,0.6672444174007629,0.32350461495780697,36.634729219006466,4.9,24.3,0.1641975308641975,36.63111209842118,36.61808438247938,36.6025274151621
DDO_126,2.5300011234119997,36.63998354233001,2.9499869104650003,15.73195595268115,5.8167617534421625,16.77286962309692,rMD_DH_DM_profiles_ddo126.pdf,True,True,65.0,16.36,2.27,2.0000014255339997,3.859999026674,0.8781535158346753,1.1918959627735397,0.7000004989368999,5.554834884870099,2.0000014255339997,0.4751690821256039,0.2306342850491888,0.3952567414876813,0.5877685019776304,0.174170662839003,16.77286962309692,38.118813846591664,42.07347670682438,136.3192004385241,39.05488382404106,36.3158570707557,37.21829813355031,0.6129827501272768,0.9588663006513463,0.48950063632852936,0.6166727824552647,0.6797611714742284,0.3327435259880614,38.80781297384198,4.9,24.3,0.1641975308641975,38.80430949055456,38.79050718533745,38.77401859014733
DDO_126,2.660001718598,36.740007364305,3.3399830813300007,16.523304465033856,5.915680317486252,17.550352248969308,rMD_DH_DM_profiles_ddo126.pdf,True,True,65.0,16.36,2.27,2.0000014255339997,3.859999026674,0.8781535158346753,1.1918959627735397,0.7000004989368999,5.554834884870099,2.0000014255339997,0.4751690821256039,0.2304489222574261,0.3759396067334375,0.5964369618702403,0.176225051535763,17.550352248969308,39.637386227840985,43.61857842365393,133.65562063072915,40.55154460446516,37.90814889183761,38.76183582693529,0.6129827501272768,0.9730077424632243,0.4931596169250008,0.6220554330750733,0.6905691528262135,0.34056081886799777,40.359237476097576,4.9,24.3,0.1641975308641975,40.35548208498525,40.34122226620753,40.32417058152421
DDO_126,2.789999357747,37.97001017008501,3.23001491806,17.038529210237606,6.117177650716474,18.103351625004283,rMD_DH_DM_profiles_ddo126.pdf,True,True,65.0,16.36,2.27,2.0000014255339997,3.859999026674,0.8781535158346753,1.1918959627735397,0.7000004989368999,5.554834884870099,2.0000014255339997,0.4751690821256039,0.2295623702638504,0.3584230215764376,0.6038756629192813,0.1776463011892342,18.103351625004283,40.79578306469359,44.84625331942859,131.14058824062826,41.6955100216308,39.12438053277858,39.93870110727435,0.6129827501272768,0.9851429959389485,0.49625795116738575,0.6266141695384045,0.7006711962940987,0.3477136523149106,41.543440478924154,4.9,24.3,0.1641975308641975,41.539448509888445,41.52465444054668,41.50697167288291
DDO_126,2.9300002261039997,38.740019476585005,3.1400128252500004,17.333530392491703,6.117177650716474,18.381271399929297,rMD_DH_DM_profiles_ddo126.pdf,True,True,65.0,16.36,2.27,2.0000014255339997,3.859999026674,0.8781535158346753,1.1918959627735397,0.7000004989368999,5.554834884870099,2.0000014255339997,0.4751690821256039,0.2279273895170386,0.3412969019902407,0.6106545625241337,0.1785365008765478,18.381271399929297,41.54070271516809,45.72703732676821,128.51834739468748,42.434452820976,39.91243650900187,40.69505087056591,0.6129827501272768,0.9962018709292234,0.4990486610782985,0.6307206483911391,0.710837947353033,0.35474272587017713,42.306332588291156,4.9,24.3,0.1641975308641975,42.3024831140485,42.28742083704348,42.269412379771694
DDO_126,3.0600008212899996,38.50998403301,2.87998958205,17.728927400966377,6.018484352082537,18.722633914195907,rMD_DH_DM_profiles_ddo126.pdf,True,True,65.0,16.36,2.27,2.0000014255339997,3.859999026674,0.8781535158346753,1.1918959627735397,0.7000004989368999,5.554834884870099,2.0000014255339997,0.4751690821256039,0.225866135836955,0.3267972979100154,0.6159210923621155,0.1788292188777697,18.722633914195907,42.35538121070105,46.64652012928943,126.3207075984166,43.2397780652358,40.774383317165274,41.52495011987653,0.6129827501272768,1.0047935153709115,0.5011955134865909,0.6338797748014786,0.7196789989726786,0.36069988543562737,43.139415431058104,4.9,24.3,0.1641975308641975,43.13543250759772,43.12018155384423,43.101932140258164
DDO_126,3.190001416476,37.619984834075005,2.4899934111850004,17.627720664363384,5.91550748645047,18.593809847448572,rMD_DH_DM_profiles_ddo126.pdf,True,True,65.0,16.36,2.27,2.0000014255339997,3.859999026674,0.8781535158346753,1.1918959627735397,0.7000004989368999,5.554834884870099,2.0000014255339997,0.4751690821256039,0.2233596720645483,0.313479484628161,0.6202960780501484,0.1786623143044403,18.593809847448572,42.42404669650004,46.91561236117601,124.03857054534284,43.31324898383848,40.863556229054176,41.59576799455105,0.6129827501272768,1.0119307238602606,0.5029649937044973,0.636483548290808,0.7279954641526387,0.36615623404443454,43.21215010335003,4.9,24.3,0.1641975308641975,43.20807512007899,43.19268286921749,43.17427444437127
DDO_126,3.329999328796,37.67001609203,2.7899874892400005,17.13606361083095,5.8171760757439825,18.09652490315897,rMD_DH_DM_profiles_ddo126.pdf,True,True,65.0,16.36,2.27,2.0000014255339997,3.859999026674,0.8781535158346753,1.1918959627735397,0.7000004989368999,5.554834884870099,2.0000014255339997,0.4751690821256039,0.2202412026882085,0.3003003608296706,0.6241100002734584,0.1780276673895515,18.09652490315897,41.90528055611007,46.68918345186774,121.53458268263913,42.81073568548086,40.34721324663792,41.06954979713005,0.6129827501272768,1.01815263177287,0.5044973386767391,0.6387382924988205,0.736416726633262,0.37152027874351634,42.68614059872663,4.9,24.3,0.1641975308641975,42.682236866023175,42.66703683743611,42.64885418337639
DDO_126,3.4599999239819996,37.100015735545,2.359981789585,17.133859240390205,5.718293990038224,18.062890649782833,rMD_DH_DM_profiles_ddo126.pdf,True,True,65.0,16.36,2.27,2.0000014255339997,3.859999026674,0.8781535158346753,1.1918959627735397,0.7000004989368999,5.554834884870099,2.0000014255339997,0.4751690821256039,0.2170219217849662,0.2890173473903239,0.6268993136806075,0.1770654742753157,18.062890649782833,42.09369151781953,47.05476793869832,119.57211597887697,42.99916556168572,40.565961017107,41.26631843556627,0.6129827501272768,1.0227030263909402,0.5056120513230874,0.6403784413360396,0.7437827518524224,0.3760655229028342,42.87981158815099,4.9,24.3,0.1641975308641975,42.875864093733036,42.86066466311199,42.842474605792525
DDO_126,3.5900005191679996,37.349978555645,2.219987132755,17.33044026742997,5.71658771863562,18.248932434742965,rMD_DH_DM_profiles_ddo126.pdf,True,True,65.0,16.36,2.27,2.0000014255339997,3.859999026674,0.8781535158346753,1.1918959627735397,0.7000004989368999,5.554834884870099,2.0000014255339997,0.4751690821256039,0.2135479516957201,0.2785514917506906,0.6290340769255438,0.1757899331240195,18.248932434742965,42.63226456760773,47.71911529995605,117.8539194496853,43.5295500747452,41.14911613672139,41.82148966055663,0.6129827501272768,1.0261856092931396,0.5064617992480647,0.6416286749428046,0.7507482716795224,0.38022532045718577,43.429793271760765,4.9,24.3,0.1641975308641975,43.42579647311901,43.41039419325773,43.39196453917091
DDO_126,3.720001114354,37.709986926885,2.28000142594,17.03368666401744,5.71658771863562,17.967355301011366,rMD_DH_DM_profiles_ddo126.pdf,True,True,65.0,16.36,2.27,2.0000014255339997,3.859999026674,0.8781535158346753,1.1918959627735397,0.7000004989368999,5.554834884870099,2.0000014255339997,0.4751690821256039,0.2098687477060952,0.2688171237748825,0.630576625548377,0.174241476828139,17.967355301011366,42.39550308809632,47.71073823049518,115.96353300295928,43.299884726744025,40.929931959349304,41.5873640160143,0.6129827501272768,1.0287020726398046,0.5070739989441764,0.6425293694890901,0.7573450860109316,0.38403000134428433,43.18957026032293,4.9,24.3,0.1641975308641975,43.18560197833548,43.17035799848867,43.15210581324396
DDO_126,3.859999026674,37.49001190641,2.079992475925,16.73866670249228,5.71658771863562,17.68791503038104,rMD_DH_DM_profiles_ddo126.pdf,True,True,65.0,16.36,2.27,2.0000014255339997,3.859999026674,0.8781535158346753,1.1918959627735397,0.7000004989368999,5.554834884870099,2.0000014255339997,0.4751690821256039,0.2057274785246272,0.2590674228386161,0.6316378500469658,0.1723110986939349,17.68791503038104,42.16137091306078,47.7163264478886,114.04036543852592,43.07218316793922,40.716969255293414,41.35774744918316,0.6129827501272768,1.0304333195604862,0.5074942918014845,0.6431477040180814,0.7640695293027295,0.3877609246605824,42.95171342479447,4.9,24.3,0.1641975308641975,42.94769066317937,42.93230081140136,42.91389353501825
DDO_133,0.18000063,5.1700105335919995,1.30999503385,1.4257036479941223,1.2113872671798247,1.8708527475429892,rMD_DH_DM_profiles_ddo133.pdf,True,True,43.4,12.85,2.62,1.739999685,3.3000005700000004,0.8306399482870072,1.0369485607866509,0.60899988975,4.670556721405948,1.739999685,0.4537879767291532,0.0162243906151815,0.0061503600585491,0.0277317926786749,0.0064887940286433,1.8708527475429892,5.4097966591380855,7.076809030241178,17.199244093138525,5.716142906691843,4.452547582484418,5.170919749081485,0.607820223535952,0.045624991740727414,0.04363418252348023,0.044599822022770685,0.14791137654945594,0.006453992001658174,5.4184420554879065,3.5,16.5,0.2109090909090909,5.420432128990347,5.420115658854615,5.419744081481464
DDO_133,0.37000038,12.910010733592,1.689990343669,2.915512469364406,2.4784639110305413,3.82661682394516,rMD_DH_DM_profiles_ddo133.pdf,True,True,43.4,12.85,2.62,1.739999685,3.3000005700000004,0.8306399482870072,1.0369485607866509,0.60899988975,4.670556721405948,1.739999685,0.4537879767291532,0.0460066838040309,0.0259870409761204,0.1010753629437814,0.0222689483650432,3.82661682394516,10.093604011667162,12.212670030276843,35.04458947401804,10.691284297660678,8.666618140975299,9.654363320361112,0.607820223535952,0.1662915431733786,0.14258145327960936,0.1532006803628393,0.2629806734799673,0.03749616660922416,10.146408783402054,3.5,16.5,0.2109090909090909,10.147224241251632,10.145507299752,10.143509888086626
DDO_133,0.54999918,20.919982140568003,1.569981640568,4.868176014475347,3.608945078449813,6.0600018388759755,rMD_DH_DM_profiles_ddo133.pdf,True,True,43.4,12.85,2.62,1.739999685,3.3000005700000004,0.8306399482870072,1.0369485607866509,0.60899988975,4.670556721405948,1.739999685,0.4537879767291532,0.0760746417484787,0.0574217699632794,0.1852603855421697,0.0408896720981415,6.0600018388759755,14.859403194285468,17.10128153547557,52.051723747799706,15.60677364314492,13.286655540673848,14.313444147659515,0.607820223535952,0.30479470469809355,0.23359590869018562,0.26272528210816104,0.3465767434328777,0.08095890931308838,14.986974957958097,3.5,16.5,0.2109090909090909,14.985816353440406,14.982069662511286,14.977687286629632
DDO_133,0.72999981,25.570019460724,1.75001404522,7.187080639792292,4.246429787228217,8.34783169815589,rMD_DH_DM_profiles_ddo133.pdf,True,True,43.4,12.85,2.62,1.739999685,3.3000005700000004,0.8306399482870072,1.0369485607866509,0.60899988975,4.670556721405948,1.739999685,0.4537879767291532,0.1042675467335651,0.1011574761276368,0.2661081659004382,0.0603428642590296,8.34783169815589,19.41781980817165,21.68526574790319,69.00055663465174,20.24247720029573,17.78707582650918,18.80285130881582,0.607820223535952,0.43780735749852545,0.3044965344037575,0.3545498879944752,0.4131415620678276,0.1258001738678084,19.635407902776244,3.5,16.5,0.2109090909090909,19.63253402052865,19.626660351262036,19.61975630448223
DDO_133,0.91999956,26.389995081912,1.86998404832,7.940247977053422,4.985791491799678,9.375801551696954,rMD_DH_DM_profiles_ddo133.pdf,True,True,43.4,12.85,2.62,1.739999685,3.3000005700000004,0.8306399482870072,1.0369485607866509,0.60899988975,4.670556721405948,1.739999685,0.4537879767291532,0.1302981891142281,0.1606673868764985,0.3404227067674493,0.0800402778880178,9.375801551696954,21.80590645669729,24.350418156674433,86.24731799453792,22.74505175372601,19.99197518598533,21.078913412180174,0.607820223535952,0.5600713723986738,0.35900368554134865,0.42883170325737585,0.4701195449321263,0.168774649275655,22.094282637898253,3.5,16.5,0.2109090909090909,22.09241704431177,22.085241124277587,22.07676109458752
DDO_133,1.10000019,28.129985826873,1.880007348579,8.57397428625854,5.619491129105908,10.251425052719384,rMD_DH_DM_profiles_ddo133.pdf,True,True,43.4,12.85,2.62,1.739999685,3.3000005700000004,0.8306399482870072,1.0369485607866509,0.60899988975,4.670556721405948,1.739999685,0.4537879767291532,0.1508469143211135,0.2296878440864494,0.3991789146092726,0.0969786575963636,10.251425052719384,23.842843472401416,26.625302807243507,102.58086874740614,24.850401783786698,21.92500210941664,23.03706686710697,0.607820223535952,0.6567384551423395,0.39640442527539177,0.48146017965673793,0.5147527237586158,0.2040502576204766,24.19124557881431,3.5,16.5,0.2109090909090909,24.18856090009099,24.180391858861558,24.17070714888942
DDO_133,1.2800008200000002,31.360004010336,1.639989942377,9.31217539144722,5.938067566843363,11.044331439678556,rMD_DH_DM_profiles_ddo133.pdf,True,True,43.4,12.85,2.62,1.739999685,3.3000005700000004,0.8306399482870072,1.0369485607866509,0.60899988975,4.670556721405948,1.739999685,0.4537879767291532,0.1673543411265176,0.3110090214134987,0.4475792588539451,0.1117838315318455,11.044331439678556,25.696872193949353,28.701485764782756,118.9076533571746,26.745825711930696,23.72653280477145,24.83520996466667,0.607820223535952,0.7363678297016573,0.4240851604744255,0.5211499744711403,0.5524509212909149,0.23428623760990186,26.098790780641572,3.5,16.5,0.2109090909090909,26.095589835976465,26.08653743621573,26.07578481145624
DDO_133,1.47000057,34.789985098966,1.980008151163,10.893263367887382,6.045006081011666,12.45814132692454,rMD_DH_DM_profiles_ddo133.pdf,True,True,43.4,12.85,2.62,1.739999685,3.3000005700000004,0.8306399482870072,1.0369485607866509,0.60899988975,4.670556721405948,1.739999685,0.4537879767291532,0.1806528236610044,0.410192293997503,0.4890864571903329,0.1249158648878322,12.45814132692454,28.538758801662276,31.62285350729052,136.3511179980303,29.573166373463835,26.633469407757666,27.673164451935403,0.607820223535952,0.8046564399340094,0.44587790901820246,0.5527584454943886,0.586370322376159,0.2614495732514111,29.0082521308091,3.5,16.5,0.2109090909090909,29.005570902314545,28.995404330889535,28.98330249763798
DDO_133,1.64999937,38.600000197416,1.939992350129,12.265894061564556,6.255684407676565,13.769013927582916,rMD_DH_DM_profiles_ddo133.pdf,True,True,43.4,12.85,2.62,1.739999685,3.3000005700000004,0.8306399482870072,1.0369485607866509,0.60899988975,4.670556721405948,1.739999685,0.4537879767291532,0.1897261779271158,0.5167970760191947,0.5208524943113846,0.1350057145121373,13.769013927582916,31.134529780680488,34.28123498654712,152.86147115056738,32.14614410380761,29.308023475630375,30.278244071209873,0.607820223535952,0.8569186646692362,0.4614734511389463,0.5755320024592728,0.6140793988207036,0.28338133944711946,31.664793234718363,3.5,16.5,0.2109090909090909,31.661578599892678,31.650441006366822,31.63716280520088
DDO_133,1.83,41.48001557183501,1.439988337209,13.427707794619812,6.361612618584633,14.85844715058168,rMD_DH_DM_profiles_ddo133.pdf,True,True,43.4,12.85,2.62,1.739999685,3.3000005700000004,0.8306399482870072,1.0369485607866509,0.60899988975,4.670556721405948,1.739999685,0.4537879767291532,0.1957979489235263,0.5464480874316939,0.546540585386432,0.1429295179363449,14.85844715058168,33.34520595407034,36.585052160813106,157.46176360555813,34.33767033256247,31.590678793516407,32.499683561313475,0.607820223535952,0.8991813108931619,0.4734573290794905,0.5930973498185761,0.6383093247748657,0.302212228034441,33.927996389684175,3.5,16.5,0.2109090909090909,33.924388143565395,33.912357915343414,33.89800594329196
DDO_133,2.01999975,41.619993475452006,1.450011637468,14.274514672385086,6.4673251901353925,15.671249607070168,rMD_DH_DM_profiles_ddo133.pdf,True,True,43.4,12.85,2.62,1.739999685,3.3000005700000004,0.8306399482870072,1.0369485607866509,0.60899988975,4.670556721405948,1.739999685,0.4537879767291532,0.1994236245308352,0.4950495662190056,0.5681984416134033,0.1491426446614476,15.671249607070168,35.12702301948533,38.51851098617474,150.6275910026419,36.10737403359096,33.43450685481902,34.29014881347801,0.607820223535952,0.934813320800595,0.48315427165540914,0.6073408400123441,0.6607896322199146,0.3192633334726585,35.75364066419222,3.5,16.5,0.2109090909090909,35.75032483365952,35.73763383528194,35.72247925193084
DDO_133,2.20000038,42.279983292506,1.550012440052,14.697263881575076,6.783633324447514,16.18725568727467,rMD_DH_DM_profiles_ddo133.pdf,True,True,43.4,12.85,2.62,1.739999685,3.3000005700000004,0.8306399482870072,1.0369485607866509,0.60899988975,4.670556721405948,1.739999685,0.4537879767291532,0.2006499480250011,0.4545453760330714,0.5844223164383024,0.1532109607305188,16.18725568727467,36.399729263871926,39.97345453801446,144.99761425656246,37.37337297215279,34.75895876428046,35.57052397532126,0.607820223535952,0.9615052178396865,0.4901874382463509,0.617683017688578,0.6796524814708232,0.33315710878995836,37.05858728592022,3.5,16.5,0.2109090909090909,37.05500904120365,37.04188586114187,37.02620162513831
DDO_133,2.38000101,43.170005915504,1.730006144703,15.224888366682473,6.889431538847232,16.71111883466832,rMD_DH_DM_profiles_ddo133.pdf,True,True,43.4,12.85,2.62,1.739999685,3.3000005700000004,0.8306399482870072,1.0369485607866509,0.60899988975,4.670556721405948,1.739999685,0.4537879767291532,0.2001106318350946,0.4201678889203497,0.5971596044044309,0.1557340386376303,16.71111883466832,37.66483989895037,41.40779026766761,140.1004470915433,38.62686065664949,36.08599324099195,36.85077028901342,0.607820223535952,0.9824609009066799,0.49557643253259154,0.6256113690554554,0.6965279881060918,0.34518285550472033,38.354160457209964,3.5,16.5,0.2109090909090909,38.35037073812625,38.33672523409774,38.320414522995726
DDO_133,2.57000076,44.88000415969,1.639989942377,16.281488140821452,6.783915661123599,17.63826430737865,rMD_DH_DM_profiles_ddo133.pdf,True,True,43.4,12.85,2.62,1.739999685,3.3000005700000004,0.8306399482870072,1.0369485607866509,0.60899988975,4.670556721405948,1.739999685,0.4537879767291532,0.1979973158057666,0.3891049432997054,0.607430953270633,0.15695865315762,17.63826430737865,39.56265594512199,43.39590765983299,135.75151476332513,40.49518922380349,38.07876303995279,38.782287771746546,0.607820223535952,0.9993595634856398,0.499839839585121,0.6318848799409219,0.7125136871730431,0.356142727098777,40.2929953793119,3.5,16.5,0.2109090909090909,40.28925915066099,40.27492715303784,40.257788770496745
DDO_133,2.74999956,46.730019007494,1.459996237726,17.335947300900212,6.678500872296772,18.577875086264793,rMD_DH_DM_profiles_ddo133.pdf,True,True,43.4,12.85,2.62,1.739999685,3.3000005700000004,0.8306399482870072,1.0369485607866509,0.60899988975,4.670556721405948,1.739999685,0.4537879767291532,0.19484098501449,0.3636364218181911,0.614630098039188,0.1569681469636024,18.577875086264793,41.436500424394545,45.334086230461146,132.19865010931318,42.33822134603119,40.0450825484696,40.69203815011425,0.607820223535952,1.0112037642703298,0.5027853379327765,0.6362191904430461,0.7261783030259076,0.3651118034863311,42.20598088315983,3.5,16.5,0.2109090909090909,42.20200987228933,42.18705135198383,42.16915385658426
DDO_133,2.9300001900000003,46.13001419199001,1.5899895410850002,17.546409013596634,6.678500872296772,18.77441991577087,rMD_DH_DM_profiles_ddo133.pdf,True,True,43.4,12.85,2.62,1.739999685,3.3000005700000004,0.8306399482870072,1.0369485607866509,0.60899988975,4.670556721405948,1.739999685,0.4537879767291532,0.1908204509708359,0.3412969061957637,0.6197478182414528,0.1560483582491628,18.77441991577087,42.151944362217534,46.256923145816614,128.71721808199803,43.04598504853737,40.81361253892993,41.42466761834072,0.607820223535952,1.0196235568407264,0.50485822141811,0.6392692907753628,0.7386029853345036,0.3728897895100839,42.937967788699375,3.5,16.5,0.2109090909090909,42.93389016704826,42.918607497740815,42.90032657505677
DDO_133,3.11999994,43.9399811354,1.759998645478,17.333923749666297,6.678854051964653,18.57611380258772,rMD_DH_DM_profiles_ddo133.pdf,True,True,43.4,12.85,2.62,1.739999685,3.3000005700000004,0.8306399482870072,1.0369485607866509,0.60899988975,4.670556721405948,1.739999685,0.4537879767291532,0.185877400429723,0.3205128266765287,0.6232356336683902,0.1542550286269462,18.57611380258772,42.25191918736568,46.65414204267862,125.20306400156996,43.14885585965146,40.95199035471999,41.53480322935678,0.607820223535952,1.02536179208181,0.5062610522675411,0.641333320834981,0.7505505395146413,0.37997450591465304,43.042016500143646,3.5,16.5,0.2109090909090909,43.03805217192418,43.022845369718134,43.00464086526919
DDO_133,3.3000005700000004,45.469985674935,2.0800089537470003,16.810439686581443,6.784784137350756,18.127994324983636,rMD_DH_DM_profiles_ddo133.pdf,True,True,43.4,12.85,2.62,1.739999685,3.3000005700000004,0.8306399482870072,1.0369485607866509,0.60899988975,4.670556721405948,1.739999685,0.4537879767291532,0.1807217229014318,0.3030302506887142,0.6249995961309638,0.151932346629556,18.127994324983636,41.89854527440244,46.63605594495303,122.01803143737524,42.80542002807994,40.62424083563864,41.18626011313921,0.607820223535952,1.028263904243054,0.506967511521535,0.642372702835352,0.7609036837841431,0.38575344707561593,42.68313809797941,3.5,16.5,0.2109090909090909,42.67910039620915,42.66385134585448,42.64561028052328
DDO_210,0.0800001499999999,4.1600018,0.72999864,1.034690300762061,0.7374846680440283,1.2706170367546212,rMD_DH_DM_profiles_ddo210.pdf,True,True,66.7,0.14,0.04,0.19999991,0.31,0.7777777777777778,0.1191894576877234,0.0699999685,0.4305555555555555,0.19999991,0.43,0.0113994255395075,0.8000040800078324,0.2498701937072787,0.0066565849977939,1.2706170367546212,3.657240524373613,4.763504855324767,186.23760531663137,6.639716053312801,2.596586273954305,3.2836811889622513,0.5713214256835512,0.4373548452315162,0.3042775739633528,0.35425774780752617,0.40162813175182815,0.1222064335648801,3.6981924222398534,0.9,6.0,0.0516666666666666,3.7002080275267573,3.6991351691495082,3.6978654379056644
DDO_210,0.12000007,5.7799973,0.69999672,2.3344026702646823,0.9709104502937648,2.528260850748696,rMD_DH_DM_profiles_ddo210.pdf,True,True,66.7,0.14,0.04,0.19999991,0.31,0.7777777777777778,0.1191894576877234,0.0699999685,0.4305555555555555,0.19999991,0.43,0.0166542954616255,1.8000045300056344,0.3769632437739443,0.0107645586797016,2.528260850748696,6.4017835416664095,7.522355002919204,279.37553456865624,9.344179383742404,5.593921492888093,6.065464952954137,0.5713214256835512,0.6598093942003502,0.39752118315864093,0.4830501412570414,0.5016944979157593,0.19943419039565294,6.495594676192252,0.9,6.0,0.0516666666666666,6.494187682294508,6.491986346457152,6.489379905067219
DDO_210,0.1599999899999999,7.0200045399999995,0.61000298,3.2452537999762705,1.1409931148879529,3.439990917790647,rMD_DH_DM_profiles_ddo210.pdf,True,True,66.7,0.14,0.04,0.19999991,0.31,0.7777777777777778,0.1191894576877234,0.0699999685,0.4305555555555555,0.19999991,0.43,0.0201932786988142,3.200003920003356,0.4628838760150551,0.0140029069854465,3.439990917790647,8.310736473233224,9.479238466620554,372.4953849968458,11.223159751518358,7.57087753948759,7.975837570834599,0.5713214256835512,0.81019869937705,0.4475744566913381,0.5552303180164556,0.5730875264990738,0.2564993383094058,8.447981530354758,0.9,6.0,0.0516666666666666,8.446491600550788,8.443507584112023,8.439956263777002
DDO_210,0.19999991,7.93000268,0.6799954399999999,3.7447376278202342,1.441092132090349,4.01245640903243,rMD_DH_DM_profiles_ddo210.pdf,True,True,66.7,0.14,0.04,0.19999991,0.31,0.7777777777777778,0.1191894576877234,0.0699999685,0.4305555555555555,0.19999991,0.43,0.0221965807808553,5.000002250001012,0.5179031641479284,0.0162390682206091,4.01245640903243,9.573879203055556,10.84150848701177,465.6015898270258,12.462435964765891,8.873743220320735,9.237628847872603,0.5713214256835512,0.9065005106858873,0.4754787662552278,0.5960646791266049,0.6265870052277821,0.2979288161972638,9.741927203276594,0.9,6.0,0.0516666666666666,9.740536931913224,9.737033160105403,9.732857101770517
DDO_210,0.24000014,9.30999484,0.65999416,4.211867032497891,1.80734822403413,4.583266466436565,rMD_DH_DM_profiles_ddo210.pdf,True,True,66.7,0.14,0.04,0.19999991,0.31,0.7777777777777778,0.1191894576877234,0.0699999685,0.4305555555555555,0.19999991,0.43,0.0230020061938163,4.166664236112529,0.5514793117402008,0.0175698440773521,4.583266466436565,10.80082321683454,12.146459991228935,425.0813125243375,13.580781367065455,10.16234586193834,10.479219792568014,0.5713214256835512,0.9652697885089633,0.49116400921285563,0.6191195712862163,0.6681711874313638,0.32818163925930305,10.996717915978566,0.9,6.0,0.0516666666666666,10.995682857446202,10.991808199117472,10.987178079057662
DDO_210,0.27000008,10.38000322,0.7499999199999999,4.775554698785058,2.0394648308949828,5.192816141319231,rMD_DH_DM_profiles_ddo210.pdf,True,True,66.7,0.14,0.04,0.19999991,0.31,0.7777777777777778,0.1191894576877234,0.0699999685,0.4305555555555555,0.19999991,0.43,0.0230246174046396,3.703702606310339,0.566674778358576,0.0180776822788389,5.192816141319231,11.99669212423686,13.350163004034831,400.8207435387449,14.613968274230563,11.424664374460152,11.699533158988894,0.5713214256835512,0.9918668421730978,0.49795840824931126,0.6291163369271204,0.6937495843391396,0.34545843874113924,12.217313724283049,0.9,6.0,0.0516666666666666,12.21569830044206,12.211443746649183,12.206345316820586
DDO_210,0.31,12.02,0.87999622,5.1428216428608495,2.206325252639095,5.596113434403464,rMD_DH_DM_profiles_ddo210.pdf,True,True,66.7,0.14,0.04,0.19999991,0.31,0.7777777777777778,0.1191894576877234,0.0699999685,0.4305555555555555,0.19999991,0.43,0.0225138701691821,3.2258064516129035,0.5774122043460321,0.018248625060986,5.596113434403464,12.90596595858614,14.349268499804738,374.1237141498485,15.412043758926304,12.388038073963294,12.6275819774284,0.5713214256835512,1.010660861624774,0.5026510839864261,0.6360216392584571,0.7222917395737963,0.36306072585121013,13.14556660755361,0.9,6.0,0.0516666666666666,13.14395455855199,13.13916587407448,13.133448545774566
DDO_216,0.089999990145,3.229998057198,4.019997917884,-0.8346856770382167,0.591599335760398,0.0,rMD_DH_DM_profiles_ddo216.pdf,True,True,63.7,0.49,1.6,0.5600005046475001,1.03000101915,0.2344497607655502,0.3337309324478546,0.196000176626625,1.1507427654139952,0.5600005046475001,0.1855023923444976,0.010038168423384,0.0461232252644832,0.0623417606786312,0.0064684886927096,1e-06,1.3038372461522715e-05,0.0042726131149197,44.709247178159735,2.7680580282932423,0.0,0.0,0.5629174171698862,0.1107476137300202,0.09970547076677191,0.104835352312593,0.212398919564993,0.021177334265581348,1.3086033694027511e-05,1.1,13.0,0.0861538461538461,1.3091992131281329e-05,1.3090385137406904e-05,1.308850177013908e-05
DDO_216,0.170000304795,8.439999541534,2.750001746499,-1.0969352820272429,1.6930316704315145,1.2896081668971926,rMD_DH_DM_profiles_ddo216.pdf,True,True,63.7,0.49,1.6,0.5600005046475001,1.03000101915,0.2344497607655502,0.3337309324478546,0.196000176626625,1.1507427654139952,0.5600005046475001,0.1855023923444976,0.0233299938674499,0.1645637384976691,0.1741297972897152,0.0168810539133448,1.2896081668971926,4.046774569039889,5.761749600698181,84.54786324276687,6.146372439059179,1.673626229436116,3.1306460155891136,0.5629174171698862,0.30933453465548666,0.2362532465676383,0.2660647978069368,0.3374821575995314,0.07973125539154065,4.0819140955442395,1.1,13.0,0.0861538461538461,4.081047241227609,4.080008634651198,4.078796431471622
DDO_216,0.26000029494,9.70000172244,2.5700014349409996,0.1693716575587229,2.9087282224614266,2.9136552010366294,rMD_DH_DM_profiles_ddo216.pdf,True,True,63.7,0.49,1.6,0.5600005046475001,1.03000101915,0.2344497607655502,0.3337309324478546,0.196000176626625,1.1507427654139952,0.5600005046475001,0.1855023923444976,0.0371565977894022,0.384930590688287,0.2948579495003764,0.0288058607202753,2.9136552010366294,7.8852418315518,9.733908746370656,129.40068155083705,9.920519258752757,6.368374506533718,7.138395913735908,0.5629174171698862,0.5238032089729948,0.3437472804155761,0.4077362436671126,0.4379090789680748,0.15053005496456548,7.985062190085078,1.1,13.0,0.0861538461538461,7.984775820670128,7.982248274801234,7.979263185213121
DDO_216,0.340000124475,11.689999140057,2.329996499408,1.8477415187371569,3.905274082862154,4.320337299602883,rMD_DH_DM_profiles_ddo216.pdf,True,True,63.7,0.49,1.6,0.5600005046475001,1.03000101915,0.2344497607655502,0.3337309324478546,0.196000176626625,1.1507427654139952,0.5600005046475001,0.1855023923444976,0.0470683427975544,0.6582530755874316,0.3792817497282585,0.0379788154969255,4.320337299602883,10.89326413920137,12.763610593234931,169.25259517723202,12.85608869681864,9.553788193654718,10.191655841451176,0.5629174171698862,0.6737786718967212,0.4025494428921102,0.49022135245271903,0.5046525924274433,0.20314761993572644,11.054927069328414,1.1,13.0,0.0861538461538461,11.052970041271971,11.049190311638721,11.04471050221257
DDO_216,0.430000599735,12.850007174705,1.919998803163,2.27510445413478,4.751853277424543,5.268416256086291,rMD_DH_DM_profiles_ddo216.pdf,True,True,63.7,0.49,1.6,0.5600005046475001,1.03000101915,0.2344497607655502,0.3337309324478546,0.196000176626625,1.1507427654139952,0.5600005046475001,0.1855023923444976,0.0552607825653791,1.0528654331074292,0.4489812620796722,0.0460794537974104,5.268416256086291,12.981444897126828,14.985287132289653,214.00525556992207,14.956609842640558,11.677436529490825,12.270665380858954,0.5629174171698862,0.7975970335701507,0.4437017967180711,0.5495900151579634,0.5630258560963123,0.2498155839486639,13.193952890743866,1.1,13.0,0.0861538461538461,13.192513623490948,13.187886404569634,13.18238009214094
DDO_216,0.52000058988,12.549997615197,1.989997417617,3.650836534705658,5.438719959617399,6.550441374616087,rMD_DH_DM_profiles_ddo216.pdf,True,True,63.7,0.49,1.6,0.5600005046475001,1.03000101915,0.2344497607655502,0.3337309324478546,0.196000176626625,1.1507427654139952,0.5600005046475001,0.1855023923444976,0.0605838734198575,1.5397223627531482,0.4974485394147373,0.051810060313947,6.550441374616087,15.572516461472974,17.597950391624032,258.78937508572335,17.4253387413333,14.39619594401486,14.91048032460158,0.5629174171698862,0.883697189395384,0.46912911181814043,0.5867477879140972,0.6090914722957911,0.28574254141412797,15.84217542237664,1.1,13.0,0.0861538461538461,15.840833682712804,15.835246204241992,15.82858045037671
DDO_216,0.600000419415,13.110000091196,2.419996655187,5.276772760360546,5.963216376828522,7.9626804733933,rMD_DH_DM_profiles_ddo216.pdf,True,True,63.7,0.49,1.6,0.5600005046475001,1.03000101915,0.2344497607655502,0.3337309324478546,0.196000176626625,1.1507427654139952,0.5600005046475001,0.1855023923444976,0.0632896542697143,1.6666655016258145,0.5270933330057285,0.055121888515729,7.9626804733933,18.23825793907139,20.207869990133876,269.3763380221724,19.935313444463432,17.199034556662912,17.63981851592894,0.5629174171698862,0.9363599649407434,0.4835670959399318,0.607947674601666,0.6425835634821089,0.3107322676917762,18.56388376080743,1.1,13.0,0.0861538461538461,18.561726564216578,18.5551303400578,18.547254293298984
DDO_216,0.6900004095600001,13.460006723833,2.549999893616,5.646532191871053,6.28015938709204,8.44533763215636,rMD_DH_DM_profiles_ddo216.pdf,True,True,63.7,0.49,1.6,0.5600005046475001,1.03000101915,0.2344497607655502,0.3337309324478546,0.196000176626625,1.1507427654139952,0.5600005046475001,0.1855023923444976,0.0645204860554084,1.4492745020799056,0.5491574853057491,0.0571717593053742,8.44533763215636,19.409008914893,21.541370083898883,251.3687765919944,21.07615008010225,18.416464434394648,18.826585306174245,0.5629174171698862,0.9755560381604175,0.493813396996234,0.623017321480177,0.6740053578966286,0.33283287537659667,19.762946460816902,1.1,13.0,0.0861538461538461,19.761156634508225,19.754141375773436,19.745755625413842
DDO_216,0.77000072421,14.239999033673,2.500002820487,5.122046708204903,6.332606601602741,8.144769416729691,rMD_DH_DM_profiles_ddo216.pdf,True,True,63.7,0.49,1.6,0.5600005046475001,1.03000101915,0.2344497607655502,0.3337309324478546,0.196000176626625,1.1507427654139952,0.5600005046475001,0.1855023923444976,0.064373194345765,1.2987000772317103,0.5611883800311498,0.0577954656231423,8.144769416729691,19.239115968739416,21.664082907041756,238.0210253527405,20.95511206190886,18.23967722336981,18.644874012047342,0.5629174171698862,0.9969284355289106,0.4992309277547355,0.6309888562484475,0.6976339942460237,0.3482804661806842,19.593839651207876,1.1,13.0,0.0861538461538461,19.591842191696763,19.584875800347547,19.576545544730976
DDO_216,0.860000714355,14.480003969206,2.509996810966,5.278867354576341,6.385385360496651,8.284901130928283,rMD_DH_DM_profiles_ddo216.pdf,True,True,63.7,0.49,1.6,0.5600005046475001,1.03000101915,0.2344497607655502,0.3337309324478546,0.196000176626625,1.1507427654139952,0.5600005046475001,0.1855023923444976,0.0631855317102942,1.162789731808536,0.5683343744655506,0.0574635621537603,8.284901130928283,19.79307339100949,22.4298995677072,225.35630523162968,21.485278088663215,18.841419229581938,19.219333485509765,0.5629174171698862,1.0096230053120376,0.5023942314768992,0.63564368592236,0.7204305227714463,0.3619401388202615,20.160344429574863,1.1,13.0,0.0861538461538461,20.15846311334115,20.151299827981454,20.142731333688683
DDO_216,0.940001029005,15.259996279045998,2.4100026647079997,5.331314646633709,6.332938068439282,8.278225681877643,rMD_DH_DM_profiles_ddo216.pdf,True,True,63.7,0.49,1.6,0.5600005046475001,1.03000101915,0.2344497607655502,0.3337309324478546,0.196000176626625,1.1507427654139952,0.5600005046475001,0.1855023923444976,0.0614859485711376,1.0638286226755618,0.5703801763588076,0.0564830744078651,8.278225681877643,20.041559136675332,22.887892615219627,215.6537156268448,21.720196896393873,19.1281566775166,19.484943767452656,0.5629174171698862,1.013257289544248,0.5032924975891305,0.636965457028742,0.73798966929652,0.37142466385522205,20.414112016750845,1.1,13.0,0.0861538461538461,20.412184400480125,20.404944401761004,20.396282443683255
DDO_216,1.03000101915,16.560001542602,3.169993433223,5.173464384486043,6.227381906405982,8.095987842491994,rMD_DH_DM_profiles_ddo216.pdf,True,True,63.7,0.49,1.6,0.5600005046475001,1.03000101915,0.2344497607655502,0.3337309324478546,0.196000176626625,1.1507427654139952,0.5600005046475001,0.1855023923444976,0.0590970017822563,0.9708728257620968,0.5690540997277299,0.0548360845705348,8.095987842491994,19.989445548948797,23.104710883319655,206.09673274171547,21.66835969409501,19.10995315252692,19.447838007746952,0.5629174171698862,1.0109015680998048,0.5027106170368414,0.636109240663123,0.7552811371348823,0.3796878464853639,20.360596118603155,1.1,13.0,0.0861538461538461,20.358759361553634,20.351514195169802,20.34284802816808
DDO_46,0.150000306831,14.629973985648,5.320017080208,-1.346769017585948,0.0,0.0,rMD_DH_DM_profiles_ddo46.pdf,True,True,27.9,22.08,,1.849999855431,3.540000562221,1.0,1.1025028935822407,0.64749994940085,5.3100008433315,1.849999855431,0.53,0.0118110855205417,0.0035536054842526,0.0174160841867985,0.0040763233648495,1e-06,1.3222270461892125e-05,0.0048546283670856,12.410009918623452,1.4630558874544597,0.0,0.0,0.6178383959274344,0.028188737219310065,0.027415917135549674,0.027795141757200326,0.11976041800253293,0.003283341696076234,1.3235543093160395e-05,6.1,15.7,0.1859872611464968,1.323961990807156e-05,1.3239117778590481e-05,1.323852627868941e-05
DDO_46,0.309999455472,24.66999908586,2.660008540104,-1.5374869953094443,0.0,0.0,rMD_DH_DM_profiles_ddo46.pdf,True,True,27.9,22.08,,1.849999855431,3.540000562221,1.0,1.1025028935822407,0.64749994940085,5.3100008433315,1.849999855431,0.53,0.0351929995024058,0.0151777284539405,0.067300999865126,0.0147990359966533,1e-06,1.3483606414360678e-05,0.0058206727595114,25.64725631866956,2.8760498984395575,0.0,0.0,0.6178383959274344,0.10892977890132706,0.09822964535161939,0.10320661089569261,0.2194682760560109,0.021558290922913254,1.3532164304189246e-05,6.1,15.7,0.1859872611464968,1.353373130050135e-05,1.353208038054483e-05,1.3530162332592294e-05
DDO_46,0.459999762303,35.460017265096006,2.7300010822200003,3.500004355896321,0.0,3.500004355896321,rMD_DH_DM_profiles_ddo46.pdf,True,True,27.9,22.08,,1.849999855431,3.540000562221,1.0,1.1025028935822407,0.64749994940085,5.3100008433315,1.849999855431,0.53,0.0600967980640711,0.0334195140940084,0.1300159705181291,0.0282016894249324,3.500004355896321,9.726877426138948,12.27613123262416,39.280627005160305,10.516264654690008,7.722872181612705,9.144787384353508,0.6178383959274344,0.210436857558784,0.17385199091111142,0.1897697865481749,0.2943993474637557,0.05118191267950598,9.788959428740688,6.1,15.7,0.1859872611464968,9.788077316511622,9.786114325455426,9.783832023387408
DDO_46,0.620000875353,41.91998587326,4.5700240011840005,7.497013822373312,0.0,7.497013822373312,rMD_DH_DM_profiles_ddo46.pdf,True,True,27.9,22.08,,1.849999855431,3.540000562221,1.0,1.1025028935822407,0.64749994940085,5.3100008433315,1.849999855431,0.53,0.0866202866930259,0.0607112985301619,0.2009239699114633,0.0441745076441867,7.497013822373312,17.574776952573348,19.70816651639628,54.22191885782031,18.263828893596944,16.076995700049725,17.078234953767755,0.6178383959274344,0.32520473191028737,0.2453996156816491,0.27762055562188415,0.3599416654607677,0.08832954637188511,17.733319414509303,6.1,15.7,0.1859872611464968,17.73273624749142,17.728136272935824,17.72274940423652
DDO_46,0.769999217775,49.860015755220005,4.149995763564,8.555124894141974,0.0,8.555124894141974,rMD_DH_DM_profiles_ddo46.pdf,True,True,27.9,22.08,,1.849999855431,3.540000562221,1.0,1.1025028935822407,0.64749994940085,5.3100008433315,1.849999855431,0.53,0.1099471636364854,0.0936408796116453,0.2640832223195272,0.0595519407401934,8.555124894141974,19.9128774998472,22.24568340104181,66.74420487506961,20.71183166026443,18.235847941988673,19.32165259229265,0.6178383959274344,0.42743090112279775,0.29944069501829224,0.3478175344846999,0.41121407185858044,0.1231342274786353,20.132287744413144,6.1,15.7,0.1859872611464968,20.13030231624298,20.12438587966031,20.11742721173869
DDO_46,0.919999524606,53.30001417811201,3.739966460532,7.938320767518008,0.0,7.938320767518008,rMD_DH_DM_profiles_ddo46.pdf,True,True,27.9,22.08,,1.849999855431,3.540000562221,1.0,1.1025028935822407,0.64749994940085,5.3100008433315,1.849999855431,0.53,0.1310389002818645,0.1336780563760338,0.3210464291290191,0.0745623512405877,7.938320767518008,19.393485284041503,22.268955411168648,78.5463514447611,20.385427227764257,17.316402011454407,18.62965500390808,0.6178383959274344,0.5196284841557925,0.3419444223200808,0.4052585371923877,0.4548817921464521,0.15554429163944164,19.637694399005916,6.1,15.7,0.1859872611464968,19.63506266821693,19.628808671779428,19.62143349878067
DDO_46,1.080000637656,62.62996895272801,3.0900357123120004,8.554511525106545,0.0,8.554511525106545,rMD_DH_DM_profiles_ddo46.pdf,True,True,27.9,22.08,,1.849999855431,3.540000562221,1.0,1.1025028935822407,0.64749994940085,5.3100008433315,1.849999855431,0.53,0.1507028767048006,0.184218372184729,0.3741567090407173,0.089628864177183,8.554511525106545,20.931601087179192,24.058174566574248,91.77091780841754,22.002678049733383,18.720049945561183,20.080339910213866,0.6178383959274344,0.6055899269242928,0.37717596303333545,0.4542476223652039,0.49484485234407066,0.18664358373496354,21.222523730583458,6.1,15.7,0.1859872611464968,21.22080175513827,21.213755764437142,21.205416953958828
DDO_46,1.230000944487,67.100003608032,2.8299904281,10.941108860555444,0.0,10.941108860555444,rMD_DH_DM_profiles_ddo46.pdf,True,True,27.9,22.08,,1.849999855431,3.540000562221,1.0,1.1025028935822407,0.64749994940085,5.3100008433315,1.849999855431,0.53,0.1663845392303211,0.2389438221812036,0.4170556121672206,0.1025557433236173,10.941108860555444,25.375834614018743,28.2958641643376,104.87815653329112,26.366482715189974,23.390519732221584,24.57612425590209,0.6178383959274344,0.6750237844010655,0.40299355190495534,0.4908556892289505,0.5273307269261125,0.21251088267257615,25.75284659512284,6.1,15.7,0.1859872611464968,25.75018831477904,25.741458333262656,25.731100432809676
DDO_46,1.379999286909,69.88999829778001,3.15002931984,15.328893851661636,0.0,15.328893851661636,rMD_DH_DM_profiles_ddo46.pdf,True,True,27.9,22.08,,1.849999855431,3.540000562221,1.0,1.1025028935822407,0.64749994940085,5.3100008433315,1.849999855431,0.53,0.1794562632428853,0.3007756268460762,0.4539293602251737,0.1141553712443116,15.328893851661636,32.57064643447414,34.92176631648997,118.72677301374826,33.41612520928255,30.926108836448773,31.88074136569427,0.6178383959274344,0.7347056499196403,0.42353332391214343,0.5203533777800367,0.5558904631600058,0.23543813559321816,33.079408027233704,6.1,15.7,0.1859872611464968,33.07554942778101,33.064077558146614,33.05045278739055
DDO_46,1.540000399959,68.44000681267201,3.569984572536,17.643274304559778,0.0,17.643274304559778,rMD_DH_DM_profiles_ddo46.pdf,True,True,27.9,22.08,,1.849999855431,3.540000562221,1.0,1.1025028935822407,0.64749994940085,5.3100008433315,1.849999855431,0.53,0.190681835785843,0.3745644740273131,0.4874455138875691,0.1249862927899516,17.643274304559778,36.45076054948798,38.6912600599001,132.52080642113754,37.263489894166305,34.89560370037041,35.77672132390753,0.6178383959274344,0.788953093722618,0.44101385133630977,0.5456798229558494,0.5827808819474478,0.25701444123281525,37.0438203073025,6.1,15.7,0.1859872611464968,37.04054194312297,37.02761410004514,37.01222862336307
DDO_46,1.69000070679,71.95999671226801,3.3800048153640003,19.946825751217418,0.0,19.946825751217418,rMD_DH_DM_profiles_ddo46.pdf,True,True,27.9,22.08,,1.849999855431,3.540000562221,1.0,1.1025028935822407,0.64749994940085,5.3100008433315,1.849999855431,0.53,0.1988574679845819,0.4510853151481083,0.5141500239334476,0.1336886999270285,19.946825751217418,40.17586612592211,42.30062031577163,145.47684975946405,40.95475655617715,38.709019091781826,39.522478876475574,0.6178383959274344,0.8321755775013939,0.45420078060218594,0.5648983415026264,0.6051919526852975,0.27487865732382327,40.849242437086275,6.1,15.7,0.1859872611464968,40.84482490505682,40.830454185605376,40.813336677785394
DDO_46,1.849999855431,72.39002388447601,3.3300101424240003,19.526154758896983,0.0,19.526154758896983,rMD_DH_DM_profiles_ddo46.pdf,True,True,27.9,22.08,,1.849999855431,3.540000562221,1.0,1.1025028935822407,0.64749994940085,5.3100008433315,1.849999855431,0.53,0.2053184485715261,0.5405405827813036,0.5383143567523994,0.1414689066046471,19.526154758896983,40.2115359014157,42.63732036750252,158.25058855240653,41.02596025150878,38.697493662646224,39.52041526152648,0.6178383959274344,0.8712866670326277,0.4656083337644151,0.581587155258063,0.6265870052277819,0.2917441314625424,40.902582004830506,6.1,15.7,0.1859872611464968,40.89889871292689,40.884438700096496,40.867198937376706
DDO_46,2.0000001622620003,73.17001376726401,3.860026660512,19.52591841061456,0.0,19.52591841061456,rMD_DH_DM_profiles_ddo46.pdf,True,True,27.9,22.08,,1.849999855431,3.540000562221,1.0,1.1025028935822407,0.64749994940085,5.3100008433315,1.849999855431,0.53,0.2094901170201235,0.4999999594345032,0.5574799013644588,0.1474283997779461,19.52591841061456,40.73137845526992,43.37892452103557,152.73621643299495,41.56395718301323,39.206455568731855,40.02023833073241,0.6178383959274344,0.9023069868094362,0.4743224900428886,0.5943672100129412,0.6446408355648721,0.30576764630845843,41.444572795609105,6.1,15.7,0.1859872611464968,41.440576643722956,41.42596705271794,41.408527140067235
DDO_46,2.150000469093,76.31997010218001,4.289980847796,19.317084643347243,0.0,19.317084643347243,rMD_DH_DM_profiles_ddo46.pdf,True,True,27.9,22.08,,1.849999855431,3.540000562221,1.0,1.1025028935822407,0.64749994940085,5.3100008433315,1.849999855431,0.53,0.2120592269029346,0.4651161775894218,0.5737321843303309,0.1521867790465828,19.317084643347243,40.91766996833734,43.82014588462271,147.75570203106315,41.77045075698547,39.380982187504245,40.18677066083265,0.6178383959274344,0.9286120579623481,0.4814924049284759,0.6048982917409815,0.6610294377450197,0.3182806537083677,41.645051955286704,6.1,15.7,0.1859872611464968,41.640833955329875,41.62603574428346,41.608370173338244
DDO_46,2.3099996177340003,74.17997914557601,4.090002156036,19.940502898805235,0.0,19.940502898805235,rMD_DH_DM_profiles_ddo46.pdf,True,True,27.9,22.08,,1.849999855431,3.540000562221,1.0,1.1025028935822407,0.64749994940085,5.3100008433315,1.849999855431,0.53,0.2132669952736407,0.4329005045381576,0.5882869158788188,0.1560489541842023,19.940502898805235,42.294805476309655,45.31773331641937,143.3532686389234,43.141097200195105,40.80139496525738,41.570025402051265,0.6178383959274344,0.9521695636862192,0.4877494155211948,0.6140971262875703,0.6769224667450888,0.3301685375080825,43.0565263636614,6.1,15.7,0.1859872611464968,43.0526042601905,43.037300531934235,43.01902007221153
DDO_46,2.4599999245650004,73.89001004252401,4.070004286860001,20.379346793121872,0.0,20.379346793121872,rMD_DH_DM_profiles_ddo46.pdf,True,True,27.9,22.08,,1.849999855431,3.540000562221,1.0,1.1025028935822407,0.64749994940085,5.3100008433315,1.849999855431,0.53,0.213167199693503,0.4065040775059491,0.5996675517606846,0.1586406391881341,20.379346793121872,43.36151191573064,46.51592331026382,139.6336103520739,44.20320300290151,41.90682576791183,42.643025861111866,0.6178383959274344,0.9705896488684981,0.4925376774539567,0.6211404218931441,0.6905257483682155,0.34010994832343616,44.150179724285614,6.1,15.7,0.1859872611464968,44.14601587005089,44.13040160661303,44.11173321005743
DDO_46,2.610000231396,72.61999938000001,3.719968591356,21.0017238893303,0.0,21.0017238893303,rMD_DH_DM_profiles_ddo46.pdf,True,True,27.9,22.08,,1.849999855431,3.540000562221,1.0,1.1025028935822407,0.64749994940085,5.3100008433315,1.849999855431,0.53,0.2120570856534783,0.3831417284837305,0.6091381378985461,0.1603416797681887,21.0017238893303,44.67869713460539,47.92604650630807,136.3855509620219,45.50881678164253,43.27578151830673,43.97420077912692,0.6178383959274344,0.9859182302585316,0.4964545947746209,0.6269035188773642,0.7030297735874087,0.3490223613608305,45.49784347370194,6.1,15.7,0.1859872611464968,45.49342235047665,45.477224190626224,45.45786281333667
DDO_46,2.769999380037,70.77997646103601,3.810031987572,21.00361440545325,0.0,21.00361440545325,rMD_DH_DM_profiles_ddo46.pdf,True,True,27.9,22.08,,1.849999855431,3.540000562221,1.0,1.1025028935822407,0.64749994940085,5.3100008433315,1.849999855431,0.53,0.209940971941793,0.3610109111239738,0.6173983179440735,0.1612874545232931,21.00361440545325,45.11219997550477,48.57097636690584,132.96926001212125,45.94553553290329,43.73727481882611,44.41043288220102,0.6178383959274344,0.9992877134437391,0.49982186491932323,0.6318584299039146,0.7152996136134372,0.3575223868523395,45.9449555663314,6.1,15.7,0.1859872611464968,45.940753114486824,45.92443479090392,45.90491822746094
DDO_46,2.9199996868680005,70.470009488808,4.550026132008001,21.211633636940007,0.0,21.211633636940007,rMD_DH_DM_profiles_ddo46.pdf,True,True,27.9,22.08,,1.849999855431,3.540000562221,1.0,1.1025028935822407,0.64749994940085,5.3100008433315,1.849999855431,0.53,0.2072359566296875,0.3424657901496567,0.6236275104394109,0.1614604649092101,21.211633636940007,45.800945400723634,49.41693680815624,130.15268045861347,46.63018175379253,44.465033765641216,45.109147314573384,0.6178383959274344,1.009369949407703,0.5023315640334088,0.6355514717386215,0.7259161749353467,0.3646506075124223,46.65069939551806,6.1,15.7,0.1859872611464968,46.64626231759097,46.62968541710069,46.609856328364906
DDO_46,3.079998835509,61.28996574808801,5.089968599760001,21.000873530211425,0.0,21.000873530211425,rMD_DH_DM_profiles_ddo46.pdf,True,True,27.9,22.08,,1.849999855431,3.540000562221,1.0,1.1025028935822407,0.64749994940085,5.3100008433315,1.849999855431,0.53,0.2037288175315055,0.3246754474291027,0.6288555976891402,0.160986342010217,21.000873530211425,45.87878284311816,49.74003923625813,127.18430524645468,46.713515460019785,44.56810622969568,45.190219798651576,0.6178383959274344,1.0178318502610508,0.5044185669531244,0.638622387833083,0.7364010907840585,0.3714543829160124,46.73355012774838,6.1,15.7,0.1859872611464968,46.72925608280287,46.71261884446683,46.69271759241663
DDO_46,3.22999914234,55.310018985072,4.189991501916,20.581099516387656,0.0,20.581099516387656,rMD_DH_DM_profiles_ddo46.pdf,True,True,27.9,22.08,,1.849999855431,3.540000562221,1.0,1.1025028935822407,0.64749994940085,5.3100008433315,1.849999855431,0.53,0.1999767148157889,0.3095976054270843,0.6325866979050829,0.1600115724372622,20.581099516387656,45.59000439094028,49.72450917342483,124.48285211307952,46.43486712126897,44.2954305562857,44.901240951196016,0.6178383959274344,1.023870808410199,0.5058973152611828,0.6407981558107794,0.7455274378543816,0.37716032926407994,46.44190462199606,6.1,15.7,0.1859872611464968,46.43760747757681,46.42116412496593,46.40148543160652
DDO_46,3.3799994491709997,48.32003385882,2.9899733815080007,20.789480546659057,0.0,20.789480546659057,rMD_DH_DM_profiles_ddo46.pdf,True,True,27.9,22.08,,1.849999855431,3.540000562221,1.0,1.1025028935822407,0.64749994940085,5.3100008433315,1.849999855431,0.53,0.1958758731075215,0.2958580363808243,0.6353171713405589,0.1586011566367827,20.789480546659057,46.234157370315046,50.5162853730053,122.30975169752617,47.071023806042184,44.98466618072416,45.561163569430434,0.6178383959274344,1.0282902058666767,0.5069739048645133,0.6423821088902215,0.754042985529136,0.38228011680940177,47.09994995471683,6.1,15.7,0.1859872611464968,47.095581823676866,47.07894939765506,47.05903686657757
DDO_46,3.540000562221,40.920019429536005,5.400008556912001,26.01533879641976,0.0,26.01533879641976,rMD_DH_DM_profiles_ddo46.pdf,True,True,27.9,22.08,,1.849999855431,3.540000562221,1.0,1.1025028935822407,0.64749994940085,5.3100008433315,1.849999855431,0.53,0.1912129593458755,0.2824858308419586,0.6372551814473352,0.1566936365661211,26.01533879641976,54.242517710535424,57.75860886872567,123.22660382047567,54.95973884657988,53.20701916135639,53.67696018915874,0.6178383959274344,1.031426964798383,0.5077351943591784,0.6435021124953086,0.7625197473565505,0.38715811212678974,55.259816400217154,6.1,15.7,0.1859872611464968,55.25456835148864,55.234779694759986,55.21110961851552
DDO_47,0.22999908,15.360001941958,4.480029780572,-1.0086367754885723,0.0,0.0,rMD_DH_DM_profiles_ddo47.pdf,True,True,45.5,46.8,,3.85999953,7.48999998,1.0,2.3003572884386174,1.3509998355,11.23499997,3.85999953,0.53,0.0150535758624885,0.0009197937247588,0.0095494829021197,0.0047902321387185,1e-06,1.3376148130833292e-05,0.005402123098358,6.3136825807979475,1.0833669590934296,0.0,0.0,0.6198647018733495,0.015405753664080788,0.015172017302924758,0.015287692094465455,0.09089592393735563,0.0013790745307428922,1.3383577044344813e-05,5.2,29.3,0.2631399317406143,1.3385935730434152e-05,1.3385650257323584e-05,1.3385313581504084e-05
DDO_47,0.4499982,19.929968865352,3.930017303314,-0.3348417543777816,0.0,0.0,rMD_DH_DM_profiles_ddo47.pdf,True,True,45.5,46.8,,3.85999953,7.48999998,1.0,2.3003572884386174,1.3509998355,11.23499997,3.85999953,0.53,0.0431607597793487,0.003520949513491,0.0347650626072431,0.0164264291831115,1e-06,1.3617768709416112e-05,0.006389040551502,12.352857223280118,2.067079435270987,0.0,0.0,0.6198647018733495,0.056084920632158024,0.05310644962015588,0.05454115648146596,0.16361455887851972,0.008688988328206136,1.3644260153922813e-05,5.2,29.3,0.2631399317406143,1.3644607052599581e-05,1.3643662463962159e-05,1.3642571866713752e-05
DDO_47,0.68000227,18.660013065504,2.5100175387579995,1.756567445377818,0.0,1.756567445377818,rMD_DH_DM_profiles_ddo47.pdf,True,True,45.5,46.8,,3.85999953,7.48999998,1.0,2.3003572884386174,1.3509998355,11.23499997,3.85999953,0.53,0.0788009031984527,0.0080400540730532,0.0734740214918329,0.033599134952054,1.756567445377818,5.997006568317214,9.470949010228775,19.606348715179234,6.707790180544292,0.0,4.782958126610769,0.6198647018733495,0.1185323527372673,0.10597132255244604,0.11177692125595329,0.2281611519236447,0.024178539024438197,6.02030869720751,5.2,29.3,0.2631399317406143,6.020306979706301,6.019514483012947,6.018596671408337
DDO_47,0.91000135,20.389980459786,1.8100248367939995,-2.2133269142350835,0.0,0.0,rMD_DH_DM_profiles_ddo47.pdf,True,True,45.5,46.8,,3.85999953,7.48999998,1.0,2.3003572884386174,1.3509998355,11.23499997,3.85999953,0.53,0.1170196231123565,0.014398667994552,0.119570257971538,0.054104560959145,1e-06,1.3871281609513284e-05,0.0076189207966417,24.98035936485315,3.833515658553543,0.0,0.0,0.6198647018733495,0.19289734938959074,0.16170490234410942,0.1754333879389821,0.2834578477009616,0.04583652358115544,1.3953611161790096e-05,5.2,29.3,0.2631399317406143,1.395347306097744e-05,1.3950844530659113e-05,1.3947785614698694e-05
DDO_47,1.13000047,20.229993054766,2.619969042208,-4.1719458204400865,0.0,0.0,rMD_DH_DM_profiles_ddo47.pdf,True,True,45.5,46.8,,3.85999953,7.48999998,1.0,2.3003572884386174,1.3509998355,11.23499997,3.85999953,0.53,0.1538872720114375,0.0222021735366875,0.1662891992632833,0.075577581408515,1e-06,1.3949231417572605e-05,0.0080427136318275,31.019534007341264,4.520824828377825,0.0,0.0,0.6198647018733495,0.26826692786462203,0.21152245002264813,0.23529636685017785,0.329411842604527,0.06967800001418449,1.4057628866058545e-05,5.2,29.3,0.2631399317406143,1.4056408100507439e-05,1.40531320157124e-05,1.4049308635990024e-05
DDO_47,1.35999955,20.6900046492,2.179971808402,-4.712612974949595,0.0,0.0,rMD_DH_DM_profiles_ddo47.pdf,True,True,45.5,46.8,,3.85999953,7.48999998,1.0,2.3003572884386174,1.3509998355,11.23499997,3.85999953,0.53,0.1913852309777459,0.0321599802941993,0.2147821224451946,0.0989721317753216,1e-06,1.401592729284899e-05,0.0084239860795277,37.33321658812454,5.1378890688718695,0.0,0.0,0.6198647018733495,0.3464983919814792,0.25733294153554787,0.29284004358733584,0.371548351712105,0.09561163026876028,1.4148542733743814e-05,5.2,29.3,0.2631399317406143,1.4147451643747988e-05,1.4143659311751387e-05,1.4139215608760603e-05
DDO_47,1.5899986300000002,21.860016125911997,1.7200239539699995,-2.7897281443187314,0.0,0.0,rMD_DH_DM_profiles_ddo47.pdf,True,True,45.5,46.8,,3.85999953,7.48999998,1.0,2.3003572884386174,1.3509998355,11.23499997,3.85999953,0.53,0.2269306535048132,0.0439573745012289,0.2609494751765566,0.1225616768536483,1e-06,1.4072176855712148e-05,0.0087595568741014,43.64689916890797,5.663225727524629,0.0,0.0,0.6198647018733495,0.42097811730191675,0.2962593949731255,0.3435955348472567,0.4087026131629985,0.12108198889960528,1.4225575014493631e-05,5.2,29.3,0.2631399317406143,1.422436228848501e-05,1.4220191143303894e-05,1.4215288356039222e-05
DDO_47,1.81999771,23.170000647016,1.949997881186,2.833437785256869,0.0,2.833437785256869,rMD_DH_DM_profiles_ddo47.pdf,True,True,45.5,46.8,,3.85999953,7.48999998,1.0,2.3003572884386174,1.3509998355,11.23499997,3.85999953,0.53,0.2599706112156363,0.0575943561577763,0.303783842580168,0.1457619453053411,2.833437785256869,9.70226131819233,15.38348633212534,50.89394466391749,11.466062081503049,0.0,6.112059430670084,0.6198647018733495,0.490080886461312,0.3288954921267197,0.38742315699267915,0.44170895728394194,0.1452760848826823,9.819744976576667,5.2,29.3,0.2631399317406143,9.819009926473948,9.815964781675753,9.812374430421723
DDO_47,2.04000182,23.789999646469997,2.080027485266,6.529194670398797,0.0,6.529194670398797,rMD_DH_DM_profiles_ddo47.pdf,True,True,45.5,46.8,,3.85999953,7.48999998,1.0,2.3003572884386174,1.3509998355,11.23499997,3.85999953,0.53,0.2889372339311848,0.0723601326602422,0.3412801598237493,0.1671935928396111,6.529194670398797,18.711557784087898,24.273083969013825,59.04329303488773,19.80069704038342,13.490527178669645,16.881878500917644,0.6198647018733495,0.550572018042543,0.3550767146808121,0.42338012094836,0.47000761205075997,0.16688875876195752,18.956287777455028,5.2,29.3,0.2631399317406143,18.95428992850187,18.948171483225693,18.94094402100725
DDO_47,2.2700009,24.499999528748,1.7900104761659998,7.75624647461484,0.0,7.75624647461484,rMD_DH_DM_profiles_ddo47.pdf,True,True,45.5,46.8,,3.85999953,7.48999998,1.0,2.3003572884386174,1.3509998355,11.23499997,3.85999953,0.53,0.316313932717199,0.0895963470640117,0.3768130530778674,0.1885046384319467,7.75624647461484,21.568839319497016,27.236286655258027,65.9408566644155,22.616967660783704,16.76772746352688,19.793667275141544,0.6198647018733495,0.6078956455159753,0.37806909124435184,0.4555045241809862,0.496678992412957,0.18777897530172696,21.869333544492672,5.2,29.3,0.2631399317406143,21.86728308268307,21.86001040204861,21.851403747507803
DDO_47,2.4999999799999997,27.569972985075996,1.870004178676,7.582476783035678,0.0,7.582476783035678,rMD_DH_DM_profiles_ddo47.pdf,True,True,45.5,46.8,,3.85999953,7.48999998,1.0,2.3003572884386174,1.3509998355,11.23499997,3.85999953,0.53,0.3406815835951425,0.108672148917299,0.4087625895469514,0.2084841505040532,7.582476783035678,21.47019428235136,27.547224417844507,71.90736997263046,22.60991846171055,16.20900802428434,19.487466184335457,0.6198647018733495,0.6594384037542269,0.3973864906719935,0.4828583222190077,0.5207945659455384,0.2069567249221416,21.784709111309542,5.2,29.3,0.2631399317406143,21.782854699014575,21.7754953925265,21.76676901688199
DDO_47,2.7199991,30.96999217176,1.80001765648,7.788014784960339,0.0,7.788014784960339,rMD_DH_DM_profiles_ddo47.pdf,True,True,45.5,46.8,,3.85999953,7.48999998,1.0,2.3003572884386174,1.3509998355,11.23499997,3.85999953,0.53,0.3612116818098819,0.1286399211767974,0.4362043046284577,0.2262197492631872,7.788014784960339,22.138150434928008,28.50440685887185,77.87922667786312,23.317581622185052,16.730638339730493,20.049476343502867,0.6198647018733495,0.7037088953608183,0.4130452668745291,0.5052530678666443,0.541794026070318,0.22378545808924008,22.4753257562261,5.2,29.3,0.2631399317406143,22.473029232228573,22.465326566575897,22.456182546630988
DDO_47,2.94999818,35.440014772017996,2.060013124638,11.310142610665668,0.0,11.310142610665668,rMD_DH_DM_profiles_ddo47.pdf,True,True,45.5,46.8,,3.85999953,7.48999998,1.0,2.3003572884386174,1.3509998355,11.23499997,3.85999953,0.53,0.3798640138402899,0.1513149158660978,0.4619116428633075,0.243245502205038,11.310142610665668,29.46521051046056,35.32369272408933,86.17411315730116,30.41332128697877,25.439372709061026,27.81098029333172,0.6198647018733495,0.7451813943709366,0.42699366196231003,0.5253518063799503,0.5618663722358,0.23991337981444266,29.929254230652226,5.2,29.3,0.2631399317406143,29.926425863437046,29.91604137246382,29.90370106222933
DDO_47,3.1800022500000003,39.139994408114,1.82997545742,14.811650018347724,0.0,14.811650018347724,rMD_DH_DM_profiles_ddo47.pdf,True,True,45.5,46.8,,3.85999953,7.48999998,1.0,2.3003572884386174,1.3509998355,11.23499997,3.85999953,0.53,0.395776146363245,0.1758300498229281,0.4848559882927705,0.2586858415473522,14.811650018347724,36.14768846615275,41.48107882176003,94.48220215849048,36.96277653214605,32.807916926358196,34.72597179747914,0.6198647018733495,0.7821964806633498,0.43889463880672075,0.5425997636475882,0.5802543113633013,0.2546705064018386,36.73296828894943,5.2,29.3,0.2631399317406143,36.729715944011524,36.716923446194,36.7017017446178
DDO_47,3.4000013700000005,44.079972043118,1.6799952327139998,16.724676430224385,0.0,16.724676430224385,rMD_DH_DM_profiles_ddo47.pdf,True,True,45.5,46.8,,3.85999953,7.48999998,1.0,2.3003572884386174,1.3509998355,11.23499997,3.85999953,0.53,0.408578538098077,0.20100017183583,0.5044702028120821,0.2719689576151846,16.724676430224385,39.77760489272308,44.96248365561191,101.45603612336126,40.54947611692986,36.66759291900875,38.42293066795752,0.6198647018733495,0.8138392156989691,0.4486832177048027,0.5568465655304253,0.5964539380283999,0.2676188721272834,40.436140402557925,5.2,29.3,0.2631399317406143,40.432140534975545,40.417976191381314,40.40110987557579
DDO_47,3.63000045,48.500022481808,1.849989818048,17.243192648013938,0.0,17.243192648013938,rMD_DH_DM_profiles_ddo47.pdf,True,True,45.5,46.8,,3.85999953,7.48999998,1.0,2.3003572884386174,1.3509998355,11.23499997,3.85999953,0.53,0.419603116065631,0.2291139867218701,0.5227821529156045,0.2843283509119532,17.243192648013938,41.03750832841296,46.403609204053375,107.76623011654536,41.813034947707784,37.94623274133236,39.66518194790378,0.6198647018733495,0.8433810657965471,0.45751856816003045,0.569746653462067,0.6121048021220604,0.2800493126307638,41.730392845054716,5.2,29.3,0.2631399317406143,41.72647079210634,41.7117588666226,41.694230570932234
DDO_47,3.85999953,53.200019009281995,2.179971808402,17.258022321573286,0.0,17.258022321573286,rMD_DH_DM_profiles_ddo47.pdf,True,True,45.5,46.8,,3.85999953,7.48999998,1.0,2.3003572884386174,1.3509998355,11.23499997,3.85999953,0.53,0.4283941496859103,0.2590673890574282,0.5390772997066957,0.2951729490142755,17.258022321573286,41.436005200417526,47.09066576864665,113.77418342938314,42.22793023416606,38.31013770576982,40.0245918414332,0.6198647018733495,0.8696692973119797,0.46514605473936044,0.5809098794371843,0.6265870052277819,0.29145447343265374,42.14738110778161,5.2,29.3,0.2631399317406143,42.14359158038519,42.12874041647825,42.11102997526794
DDO_47,4.07999865,56.89999864537799,2.5599897003259997,17.93183131186419,0.0,17.93183131186419,rMD_DH_DM_profiles_ddo47.pdf,True,True,45.5,46.8,,3.85999953,7.48999998,1.0,2.3003572884386174,1.3509998355,11.23499997,3.85999953,0.53,0.43488184577773,0.245098120314329,0.5529660122757152,0.3041845158787599,17.93183131186419,42.9199509214005,48.68959743313154,111.64378930664196,43.70451637012308,39.86315619673772,41.51671305718227,0.6198647018733495,0.8920753361250388,0.4714798185319644,0.5901956122264779,0.6394625455642599,0.3014936849406253,43.666923625937656,5.2,29.3,0.2631399317406143,43.66270809592437,43.64728256901995,43.62887846710795
DDO_47,4.310002720000001,58.54997233715,2.41000947562,18.808826185680612,0.0,18.808826185680612,rMD_DH_DM_profiles_ddo47.pdf,True,True,45.5,46.8,,3.85999953,7.48999998,1.0,2.3003572884386174,1.3509998355,11.23499997,3.85999953,0.53,0.4398306086144042,0.2320184150603041,0.5658872808055186,0.3122511404298061,18.808826185680612,44.749609156028654,50.59219200871813,109.80839990636622,45.52008544185248,41.7923072652935,43.36935227300841,0.6198647018733495,0.9129206407386954,0.4772391605258444,0.5986496894890887,0.6520072604968504,0.31116339765627243,45.53802188532607,5.2,29.3,0.2631399317406143,45.53377037206157,45.517615689193946,45.49833599467211
DDO_47,4.5400018,60.120016066414,2.1899789887159997,19.689399266358812,0.0,19.689399266358812,rMD_DH_DM_profiles_ddo47.pdf,True,True,45.5,46.8,,3.85999953,7.48999998,1.0,2.3003572884386174,1.3509998355,11.23499997,3.85999953,0.53,0.4430780612257813,0.2202642298511864,0.5773336113365399,0.3190110011964986,19.689399266358812,46.57072515798612,52.478956586499095,108.23483489189456,47.326418813707555,43.71512583353332,45.216949974991806,0.6198647018733495,0.9313864938457175,0.48223724086998726,0.6059929568566857,0.6637081096624566,0.320064767546658,47.39989192724987,5.2,29.3,0.2631399317406143,47.395600292928556,47.378821016892346,47.3587822533617
DDO_47,4.76000092,62.160014830424,2.050005944324,20.395956144823252,0.0,20.395956144823252,rMD_DH_DM_profiles_ddo47.pdf,True,True,45.5,46.8,,3.85999953,7.48999998,1.0,2.3003572884386174,1.3509998355,11.23499997,3.85999953,0.53,0.4447484138079265,0.2100839930089761,0.5870354859383884,0.3243316232912857,20.395956144823252,48.07551562457557,54.071758543817985,106.84570586563169,48.8201299906551,45.30411720083871,46.743158415330534,0.6198647018733495,0.9470380942232314,0.4863993658023682,0.612111787980476,0.6741868867659994,0.3279240741552551,48.938927993213866,5.2,29.3,0.2631399317406143,48.93428544068929,48.916940869504856,48.89622095164748
DDO_47,4.99,63.740002,2.1700283680899997,20.926881731084748,0.0,20.926881731084748,rMD_DH_DM_profiles_ddo47.pdf,True,True,45.5,46.8,,3.85999953,7.48999998,1.0,2.3003572884386174,1.3509998355,11.23499997,3.85999953,0.53,0.4451484639911899,0.2004008016032064,0.5959981611425847,0.328778460429841,20.926881731084748,49.29599850695357,55.42543658864133,105.4285967224016,50.03345801169215,46.59474775779198,47.97948531224592,0.6198647018733495,0.9614971772733057,0.4901853484234381,0.6176799436311446,0.6844657679416304,0.3355150909423842,50.18828328527181,5.2,29.3,0.2631399317406143,50.18362820839279,50.16580008329339,50.14449763220884
DDO_47,5.21999908,63.490013712156,2.260029250914,21.106567174873387,0.0,21.106567174873387,rMD_DH_DM_profiles_ddo47.pdf,True,True,45.5,46.8,,3.85999953,7.48999998,1.0,2.3003572884386174,1.3509998355,11.23499997,3.85999953,0.53,0.4443216408034889,0.1915709149895099,0.6038667099623001,0.3321685966825548,21.106567174873387,49.92688336035189,56.263499501361146,103.89952910478056,50.66470390531168,47.26679434247148,48.61387365689189,0.6198647018733495,0.9741911551622467,0.49346343823639705,0.6225024329302788,0.6941159200789019,0.34252082845675513,50.83668571244505,5.2,29.3,0.2631399317406143,50.831979717919694,50.81391385273695,50.79232141489496
DDO_47,5.449998160000001,62.579997703602,2.310001412482,21.80692071486917,0.0,21.80692071486917,rMD_DH_DM_profiles_ddo47.pdf,True,True,45.5,46.8,,3.85999953,7.48999998,1.0,2.3003572884386174,1.3509998355,11.23499997,3.85999953,0.53,0.4424096685603679,0.1834863004797784,0.6107426352078084,0.3345872811351357,21.80692071486917,51.4134781785876,57.833540293226505,102.93390206675672,52.13836751551551,48.84582326659174,50.130017475273945,0.6198647018733495,0.9852837778341427,0.4962936728919651,0.6266667318032612,0.7031933175526748,0.3489903943213029,52.35579273753693,5.2,29.3,0.2631399317406143,52.35103093563038,52.332458531489664,52.31025231187458
DDO_47,5.67000227,62.530025542034,2.220000529658,21.98580499414261,0.0,21.98580499414261,rMD_DH_DM_profiles_ddo47.pdf,True,True,45.5,46.8,,3.85999953,7.48999998,1.0,2.3003572884386174,1.3509998355,11.23499997,3.85999953,0.53,0.4396868836860091,0.1763667724245902,0.6164741511999786,0.3360683600593908,21.98580499414261,52.01494408783007,58.62172075859056,101.7302627877715,52.73824487087102,49.49451956221274,50.74101317702242,0.6198647018733495,0.9945301762414862,0.49862879393260895,0.6301028097858887,0.7113860081753633,0.3547175472770145,52.97280903285148,5.2,29.3,0.2631399317406143,52.96786444331394,52.94906644610026,52.92658610849095
DDO_47,5.900001350000001,61.710010416303994,2.389995114992,21.81070154701645,0.0,21.81070154701645,rMD_DH_DM_profiles_ddo47.pdf,True,True,45.5,46.8,,3.85999953,7.48999998,1.0,2.3003572884386174,1.3509998355,11.23499997,3.85999953,0.53,0.4360233972558798,0.1694914866417784,0.6216610154697418,0.336822839908743,21.81070154701645,52.0288730757268,58.90982727163958,100.2623070566268,52.75802489929717,49.53068157611768,50.75239660702921,0.6198647018733495,1.0028979123846922,0.5007234298779716,0.6331850980015846,0.7194808922556325,0.3602609401019036,52.991056384403755,5.2,29.3,0.2631399317406143,52.98616444263865,52.967302976279676,52.94474756680843
DDO_47,6.13000043,61.470029308773995,2.340022953424,21.10717471217245,0.0,21.10717471217245,rMD_DH_DM_profiles_ddo47.pdf,True,True,45.5,46.8,,3.85999953,7.48999998,1.0,2.3003572884386174,1.3509998355,11.23499997,3.85999953,0.53,0.4316353030709677,0.1631321255877954,0.626096528681586,0.3368406504959813,21.10717471217245,51.123510140885976,58.39985004675114,98.40494886126336,51.870646765176645,48.605055668875174,49.82377423925619,0.6198647018733495,1.0100535274704348,0.5025008108821577,0.6358005156273685,0.7271340831235017,0.3653854663896139,52.07233725156529,5.2,29.3,0.2631399317406143,52.06759289473882,52.04911433026913,52.027008308332206
DDO_47,6.349999550000001,62.989973396466,2.129999646834,20.755050846589892,0.0,20.755050846589892,rMD_DH_DM_profiles_ddo47.pdf,True,True,45.5,46.8,,3.85999953,7.48999998,1.0,2.3003572884386174,1.3509998355,11.23499997,3.85999953,0.53,0.426854813985679,0.157480326120653,0.6296971191503683,0.3362360606011982,20.755050846589892,50.775908864849995,58.35431154298721,96.96995628147964,51.53237972512777,48.2681340074311,49.46942094652539,0.6198647018733495,1.0158621990368275,0.5039343460689939,0.6379098985295004,0.7340737114777995,0.3699249557600042,51.72099794481094,5.2,29.3,0.2631399317406143,51.716210195618785,51.69785301394939,51.675889820489665
DDO_47,6.57999863,62.610019244544,2.009977223068,20.402854910367264,0.0,20.402854910367264,rMD_DH_DM_profiles_ddo47.pdf,True,True,45.5,46.8,,3.85999953,7.48999998,1.0,2.3003572884386174,1.3509998355,11.23499997,3.85999953,0.53,0.4213378095372072,0.1519757155329377,0.632846618497616,0.3350206729969309,20.402854910367264,50.41812006617477,58.3064435845185,95.54268220299107,51.18366107344679,47.92511793808384,49.10693364089076,0.6198647018733495,1.0209431454719597,0.5051815276245856,0.6397449929835506,0.740961138318533,0.3743198797662084,51.358893687743596,5.2,29.3,0.2631399317406143,51.35416659515828,51.33588368569762,51.314011803747384
DDO_47,6.8100027,64.28000729694399,1.980019422128,20.050502587876583,0.0,20.050502587876583,rMD_DH_DM_profiles_ddo47.pdf,True,True,45.5,46.8,,3.85999953,7.48999998,1.0,2.3003572884386174,1.3509998355,11.23499997,3.85999953,0.53,0.4153739467498575,0.1468428199007909,0.6354209549619239,0.3332720649111138,20.050502587876583,50.038792414874294,58.23478073135697,94.16923829589405,50.81316243182132,47.562391902372696,48.724387709867315,0.6198647018733495,1.0250962073522825,0.5061963000229739,0.6412380517915627,0.7475009449288661,0.37838221258666876,50.974380963144974,5.2,29.3,0.2631399317406143,50.969730688335424,50.951640147496946,50.92999120292285
DDO_47,7.03000182,64.599982106984,2.099978105892,19.69643176055234,0.0,19.69643176055234,rMD_DH_DM_profiles_ddo47.pdf,True,True,45.5,46.8,,3.85999953,7.48999998,1.0,2.3003572884386174,1.3509998355,11.23499997,3.85999953,0.53,0.4093227460069096,0.142247473842048,0.6373895973587971,0.3311561425592497,19.69643176055234,49.626012677024754,58.118181631771826,92.88460522290111,50.40912438419753,47.16526911525835,48.30890736821825,0.6198647018733495,1.0282721300833617,0.5069695110591989,0.6423756446082889,0.7534545817900925,0.38197850093543634,50.55531387714937,5.2,29.3,0.2631399317406143,50.550661290117894,50.532712826871595,50.511235271555485
DDO_47,7.2600009,62.04999958697199,2.03999876401,19.17793078870067,0.0,19.17793078870067,rMD_DH_DM_profiles_ddo47.pdf,True,True,45.5,46.8,,3.85999953,7.48999998,1.0,2.3003572884386174,1.3509998355,11.23499997,3.85999953,0.53,0.4027011509277132,0.1377410297566216,0.6389752617115082,0.3285353028518012,19.17793078870067,48.901934933641805,57.73782419939661,91.4379841220398,49.698418627608525,46.44430772094165,47.575513618270826,0.6198647018733495,1.030830211464539,0.5075905438304232,0.6432893077027624,0.7593858678621006,0.38545708564526154,49.818809214825585,5.2,29.3,0.2631399317406143,49.81426605445916,49.79665222944458,49.7755654778832
DDO_47,7.48999998,61.740031957246,2.19998616903,19.3467336422949,0.0,19.3467336422949,rMD_DH_DM_profiles_ddo47.pdf,True,True,45.5,46.8,,3.85999953,7.48999998,1.0,2.3003572884386174,1.3509998355,11.23499997,3.85999953,0.53,0.3958393473859653,0.1335113488211251,0.6401172906923681,0.3255484477771979,19.3467336422949,49.42624423113979,58.43369412669427,90.71466693862426,50.21580980398228,47.038504171661465,48.12636805649435,0.6198647018733495,1.0326725957419602,0.5080368564545029,0.6439459008396757,0.7650384735341245,0.38866774116102804,50.35377134309797,5.2,29.3,0.2631399317406143,50.34907276767329,50.33108327156833,50.30956150705639
DDO_50,1.150000223624,22.709993138092,3.66999794122,4.07361006080187,6.38222370143377,7.571464739573789,rMD_DH_DM_profiles_ddo50.pdf,True,True,49.7,132.52,9.79,4.790001919692001,8.42000311588,0.9312065209753356,2.854589940221693,1.6765006718922002,12.34038401995005,4.790001919692001,0.4990429344389011,0.148702312657108,0.0120334120242797,0.122931612354976,0.0711245347990999,7.571464739573789,19.34990477820174,22.88168329432309,29.932093927749293,19.73645829853453,16.967358599451607,18.620275868061572,0.6014422921223236,0.2043946925002303,0.16970740054983363,0.18485942218594198,0.28717051597600446,0.04873496178084219,19.470452567236954,3.4,84.4,0.1162322274881516,19.470281939588165,19.466458971040435,19.46200867715184
DDO_50,1.270000379064,23.559993737487996,4.189997235579999,-4.724667310105018,6.8952696827475926,5.02217709829543,rMD_DH_DM_profiles_ddo50.pdf,True,True,49.7,132.52,9.79,4.790001919692001,8.42000311588,0.9312065209753356,2.854589940221693,1.6765006718922002,12.34038401995005,4.790001919692001,0.4990429344389011,0.168870524418174,0.0146757612791998,0.1433476654731705,0.082993754857741,5.02217709829543,14.484237347276617,18.90077604879285,29.08299030701564,15.080164057024447,10.560776794334734,13.32162675321802,0.6014422921223236,0.2383398496426585,0.19246723725432482,0.21206513379646585,0.3079094602743338,0.05926248314347131,14.58661688058426,3.4,84.4,0.1162322274881516,14.586057755580498,14.582902108425317,14.579222184880079
DDO_50,1.3800006189360003,25.950000427051997,4.060005007656,-5.026926998633496,7.41240070173442,5.447356158126853,rMD_DH_DM_profiles_ddo50.pdf,True,True,49.7,132.52,9.79,4.790001919692001,8.42000311588,0.9312065209753356,2.854589940221693,1.6765006718922002,12.34038401995005,4.790001919692001,0.4990429344389011,0.1872626268102449,0.0173281221193314,0.1622244566733277,0.0941427728096365,5.447356158126853,15.555503905003722,20.112564238275304,31.511117805474495,16.183694870088683,11.532931071692346,14.328418932900048,0.6014422921223236,0.26972572231474184,0.21242833595827695,0.23641109898599,0.3258876152622646,0.06922776381957406,15.676903168399356,3.4,84.4,0.1162322274881516,15.675685572379535,15.672020339891178,15.667741810457775
DDO_50,1.5000007743760002,29.669993041884,3.330000739728,-4.668903191860572,7.925976343669467,6.404876578470671,rMD_DH_DM_profiles_ddo50.pdf,True,True,49.7,132.52,9.79,4.790001919692001,8.42000311588,0.9312065209753356,2.854589940221693,1.6765006718922002,12.34038401995005,4.790001919692001,0.4990429344389011,0.2071140480763565,0.0204727368468376,0.1827359237226431,0.1065190969967378,6.404876578470671,17.73894044106052,22.322314894189983,34.668863611324554,18.361079978806647,13.9339001301629,16.52813115691674,0.6014422921223236,0.30382952132916785,0.23302856420940202,0.2620133332868112,0.3444642384754133,0.08027000691341062,17.89086230514746,3.4,84.4,0.1162322274881516,17.88969262438565,17.885213911299616,17.879976431094022
DDO_50,1.6200003455040002,30.980002365572,3.47000405544,-4.748684338193819,8.271852741751072,6.773001169157396,rMD_DH_DM_profiles_ddo50.pdf,True,True,49.7,132.52,9.79,4.790001919692001,8.42000311588,0.9312065209753356,2.854589940221693,1.6765006718922002,12.34038401995005,4.790001919692001,0.4990429344389011,0.226649769324844,0.0238793857883624,0.2030217177686747,0.1190337840649807,6.773001169157396,18.674258188276273,23.40960005565777,37.197143276154726,19.3308148962454,14.725622301484714,17.38856981155108,0.6014422921223236,0.33755810063217734,0.2523689254864035,0.2864894819099799,0.36204439782384834,0.0913687556571766,18.847525485975847,3.4,84.4,0.1162322274881516,18.846500964838985,18.841528632294068,18.8357025736137
DDO_50,1.7300005853760003,31.479994675688,3.789994272688,-5.026926998633496,8.581123866490547,6.954544684051092,rMD_DH_DM_profiles_ddo50.pdf,True,True,49.7,132.52,9.79,4.790001919692001,8.42000311588,0.9312065209753356,2.854589940221693,1.6765006718922002,12.34038401995005,4.790001919692001,0.4990429344389011,0.2442121761722814,0.0272323699156048,0.2212982022031266,0.1305697329016066,6.954544684051092,19.2065910889464,24.110714053639544,39.358688803848814,19.90205786798208,15.059544609323748,17.833511888286704,0.6014422921223236,0.367945861309863,0.26897691766656623,0.3078453469793164,0.37735116707079525,0.10149875379658398,19.3965828880104,3.4,84.4,0.1162322274881516,19.394911454847453,19.389560468414327,19.38328498339551
DDO_50,1.850000740816,31.029997039184,3.3799954133399996,-5.026926998633496,8.683689763342386,7.080711324181135,rMD_DH_DM_profiles_ddo50.pdf,True,True,49.7,132.52,9.79,4.790001919692001,8.42000311588,0.9312065209753356,2.854589940221693,1.6765006718922002,12.34038401995005,4.790001919692001,0.4990429344389011,0.2629332058973949,0.0311413002796589,0.2407710796056492,0.143159999675317,7.080711324181135,19.633736086307845,24.731480671234568,41.65458523111661,20.373406258082596,15.247519798348684,18.15820717628479,0.6014422921223236,0.40032282857268753,0.2858789561980691,0.3298963175020211,0.39323309215243885,0.11241706592707833,19.840221430110436,3.4,84.4,0.1162322274881516,19.838987681303806,19.833309237504753,19.826637991659272
DDO_50,1.960000980688,30.830003153403997,3.4899958483519997,-5.026926998633496,8.786863405855637,7.206869879744921,rMD_DH_DM_profiles_ddo50.pdf,True,True,49.7,132.52,9.79,4.790001919692001,8.42000311588,0.9312065209753356,2.854589940221693,1.6765006718922002,12.34038401995005,4.790001919692001,0.4990429344389011,0.2796481638981607,0.0349546948310489,0.2581499994741394,0.154662846872288,7.206869879744921,20.04135167918299,25.30769415010605,43.77834967419623,20.81787289348533,15.457453573973398,18.47734098020197,0.6014422921223236,0.42921823565682327,0.3003167920395084,0.34898216162860474,0.4070960571490605,0.12225778193493822,20.262827162079542,3.4,84.4,0.1162322274881516,20.2610153580649,20.255031272998703,20.24799479905067
DDO_50,2.080000551816,32.090002612148,3.44000117474,5.3818223869901525,9.005192731489013,10.4908297258306,rMD_DH_DM_profiles_ddo50.pdf,True,True,49.7,132.52,9.79,4.790001919692001,8.42000311588,0.9312065209753356,2.854589940221693,1.6765006718922002,12.34038401995005,4.790001919692001,0.4990429344389011,0.2973554457079501,0.0393658685504329,0.2765134535304558,0.1671190156105081,10.4908297258306,26.58863722211295,31.262584156982488,49.12247876136069,27.220225081850376,23.10690658675453,25.33495816777044,0.6014422921223236,0.45975059810761937,0.3149514709592361,0.3685588915222904,0.4215143192068777,0.13275655486458712,26.89686747790097,3.4,84.4,0.1162322274881516,26.89503218412521,26.88688213383736,26.877284363912192
DDO_50,2.1900007916880004,31.839998861423997,4.039998023411999,12.484976382790103,9.1085681962932,15.454470222733312,rMD_DH_DM_profiles_ddo50.pdf,True,True,49.7,132.52,9.79,4.790001919692001,8.42000311588,0.9312065209753356,2.854589940221693,1.6765006718922002,12.34038401995005,4.790001919692001,0.4990429344389011,0.3130751523645817,0.0436396723563058,0.2927927583695277,0.1784189317796167,15.454470222733312,35.22743293387139,38.93871472298408,55.96655310692262,35.734547309064126,32.539183788126884,34.226817109368426,0.6014422921223236,0.48681770837288973,0.32742259231337945,0.38542094465006504,0.4341285365005117,0.14214349081821112,35.65207643749852,3.4,84.4,0.1162322274881516,35.648815262465774,35.637764207932264,35.62474000626307
DDO_50,2.310000947128,31.5899951107,3.889998811244,12.792726243181257,9.211134093145038,15.763845851024971,rMD_DH_DM_profiles_ddo50.pdf,True,True,49.7,132.52,9.79,4.790001919692001,8.42000311588,0.9312065209753356,2.854589940221693,1.6765006718922002,12.34038401995005,4.790001919692001,0.4990429344389011,0.329639889594479,0.0485531323895355,0.3099017668765651,0.1905777792599461,15.763845851024971,36.008196254245796,39.84288995284301,58.31651390785078,36.53325647950635,33.23819919406311,34.96222405184071,0.6014422921223236,0.5152643419587396,0.34004914369770745,0.40265732898545503,0.44727665705064595,0.1520960442260453,36.459094391053334,3.4,84.4,0.1162322274881516,36.45643585398507,36.44492739822544,36.4313466532358
DDO_50,2.4200006026880003,30.860006034104,3.999999246255999,13.20296206203755,9.213594394641584,16.09995431299647,rMD_DH_DM_profiles_ddo50.pdf,True,True,49.7,132.52,9.79,4.790001919692001,8.42000311588,0.9312065209753356,2.854589940221693,1.6765006718922002,12.34038401995005,4.790001919692001,0.4990429344389011,0.3442716063569891,0.0532873208869799,0.3249952529365856,0.201543190686447,16.09995431299647,36.80030638268501,40.732686962971734,60.528186224898434,37.339071410774075,33.969637475273,35.71775833191089,0.6014422921223236,0.5403598270247462,0.3508010385264775,0.41746139847455555,0.45880350010126525,0.16094874431510667,37.27578754394921,3.4,84.4,0.1162322274881516,37.27233052284046,37.260366141991724,37.24623772202373
DDO_50,2.540000758128,29.849995134752,4.130006665512,12.722917807795598,9.21102022213188,15.70718087616122,rMD_DH_DM_profiles_ddo50.pdf,True,True,49.7,132.52,9.79,4.790001919692001,8.42000311588,0.9312065209753356,2.854589940221693,1.6765006718922002,12.34038401995005,4.790001919692001,0.4990429344389011,0.359616681589475,0.0587030451167992,0.3408017690095783,0.2132791445181595,15.70718087616122,36.440680283315096,40.64023978553987,62.22565350539664,37.0109388049873,33.44649219042618,35.282397148905766,0.6014422921223236,0.5666408456362174,0.36169160737418593,0.43257167980822064,0.47084216396714473,0.1702996591048166,36.92622881938022,3.4,84.4,0.1162322274881516,36.923402414377314,36.911395338733406,36.8972008261374
DDO_50,2.650000998,29.420004482491997,4.290001774136,13.860079947897852,9.108113422679384,16.584919242568308,rMD_DH_DM_profiles_ddo50.pdf,True,True,49.7,132.52,9.79,4.790001919692001,8.42000311588,0.9312065209753356,2.854589940221693,1.6765006718922002,12.34038401995005,4.790001919692001,0.4990429344389011,0.3731090757061596,0.0638976686013025,0.3546996732589886,0.223810060064064,16.584919242568308,38.09131268172724,42.262782261324915,64.96294846188039,38.65931507928292,35.12608359033559,36.929263615598856,0.6014422921223236,0.5897484728041846,0.3709696740666888,0.4455332693415138,0.48141651718376477,0.1785909284699817,38.61196281484716,3.4,84.4,0.1162322274881516,38.608352831262444,38.59564024412649,38.58060267994127
DDO_50,2.77000115344,30.989998262028003,4.070000904112,14.988330898185918,9.108113422679384,17.53875118798106,rMD_DH_DM_profiles_ddo50.pdf,True,True,49.7,132.52,9.79,4.790001919692001,8.42000311588,0.9312065209753356,2.854589940221693,1.6765006718922002,12.34038401995005,4.790001919692001,0.4990429344389011,0.3871963580677698,0.069815658303708,0.3692184022044484,0.2350286433570864,17.53875118798106,39.86753160484039,44.007978284734094,67.93477853779159,40.43264829912859,36.933948514772595,38.70235998468073,0.6014422921223236,0.6138883265118898,0.3803784415732728,0.4587577543500946,0.4924804501008957,0.18732894611468262,40.426377181166195,3.4,84.4,0.1162322274881516,40.42316906139361,40.40973370172473,40.3938261817343
DDO_50,2.880000809,31.369994240675997,4.039998023411999,13.806483705909049,9.108113422679384,16.540154849393776,rMD_DH_DM_profiles_ddo50.pdf,True,True,49.7,132.52,9.79,4.790001919692001,8.42000311588,0.9312065209753356,2.854589940221693,1.6765006718922002,12.34038401995005,4.790001919692001,0.4990429344389011,0.3995286996741438,0.0754706615884664,0.3819543687090141,0.2450506225072383,16.540154849393776,38.50249210925314,43.01524839888905,68.94371601128573,39.10736747939538,35.35480699939187,37.24232497984253,0.6014422921223236,0.6350640347575205,0.3884031580767418,0.4700984448864636,0.5022155782242836,0.19506211661764872,39.05367037978538,3.4,84.4,0.1162322274881516,39.0500052721575,39.03691305931588,39.021402704723194
DDO_50,3.0000009644400003,31.689999649256,3.9299975884,12.603233510675562,9.213594394641584,15.611912650075462,rMD_DH_DM_profiles_ddo50.pdf,True,True,49.7,132.52,9.79,4.790001919692001,8.42000311588,0.9312065209753356,2.854589940221693,1.6765006718922002,12.34038401995005,4.790001919692001,0.4990429344389011,0.4123492825529705,0.0818909154874614,0.3952365867021681,0.2556828354960988,15.611912650075462,37.19998108408124,42.09293381026858,70.23444735082245,37.847263346784096,33.821575580180635,35.83637882483693,0.6014422921223236,0.6571479789149637,0.39655358922456563,0.4816724905640717,0.5124185469647866,0.20320141398412278,37.74376958870358,3.4,84.4,0.1162322274881516,37.7404550012973,37.727683303479495,37.712543390394025
DDO_50,3.1200011198800004,30.900004811259997,3.850000034088,13.21865853376608,9.213594394641584,16.112828898156824,rMD_DH_DM_profiles_ddo50.pdf,True,True,49.7,132.52,9.79,4.790001919692001,8.42000311588,0.9312065209753356,2.854589940221693,1.6765006718922002,12.34038401995005,4.790001919692001,0.4990429344389011,0.4245129839207165,0.0885732208264147,0.4078997680840005,0.265988774946343,16.112828898156824,38.25769841552469,43.203459523945384,72.81684118524262,38.907385068563514,34.88028099027664,36.87878271805507,0.6014422921223236,0.6782026695273373,0.40412441348240247,0.4924716306986361,0.5222116607637569,0.2110384811198246,38.82770471429866,3.4,84.4,0.1162322274881516,38.82450399652081,38.81130969680594,38.79565582787256
DDO_50,3.2300013597520003,31.209999132052,3.739999599075999,15.79219812394146,9.213594394641584,18.283430839281532,rMD_DH_DM_profiles_ddo50.pdf,True,True,49.7,132.52,9.79,4.790001919692001,8.42000311588,0.9312065209753356,2.854589940221693,1.6765006718922002,12.34038401995005,4.790001919692001,0.4990429344389011,0.4350911611460092,0.0949288780221764,0.4189854290469146,0.2751405394626462,18.283430839281532,42.01105309745114,46.62222455207371,76.67473407800733,42.61952833944963,38.88130424610142,40.71556153019072,0.6014422921223236,0.6966344644112585,0.4105978506413251,0.5017406051695275,0.530849353803922,0.2179656036862267,42.6470830056108,3.4,84.4,0.1162322274881516,42.64306835814827,42.628474773847806,42.61115425709007
DDO_50,3.350001515192,31.310003670608,3.639995060519999,17.998603675868743,9.208931811554148,20.217669484657467,rMD_DH_DM_profiles_ddo50.pdf,True,True,49.7,132.52,9.79,4.790001919692001,8.42000311588,0.9312065209753356,2.854589940221693,1.6765006718922002,12.34038401995005,4.790001919692001,0.4990429344389011,0.446014656728093,0.1021134488337159,0.4305239884257547,0.2847936024809411,20.217669484657467,45.29246742768991,49.65258848182597,80.4789614136168,45.87288274803333,42.33058742157513,44.05083372573214,0.6014422921223236,0.7158192798623365,0.41718803854434366,0.5112085093168631,0.5399229811124828,0.22524940945533142,45.989266604738916,3.4,84.4,0.1162322274881516,45.98540210907209,45.96959929929422,45.950831038474625
DDO_50,3.4600011707520006,29.779993476896,3.5900003869079997,20.97450694180262,9.105747968980884,22.86579514310241,rMD_DH_DM_profiles_ddo50.pdf,True,True,49.7,132.52,9.79,4.790001919692001,8.42000311588,0.9312065209753356,2.854589940221693,1.6765006718922002,12.34038401995005,4.790001919692001,0.4990429344389011,0.4554710222591984,0.1089294796624194,0.4406144800557625,0.2933347925596987,22.86579514310241,49.52684270424141,53.50464300084715,84.69805854121773,50.07057110811747,46.77474385140426,48.35958606763329,0.6014422921223236,0.7325964366439144,0.4228315498922376,0.5193406330849719,0.5479374847785635,0.23168525593297434,50.29917250091311,3.4,84.4,0.1162322274881516,50.29443832070085,50.27707021107015,50.25643516121984
DDO_50,3.5800013261920003,28.69999611102,3.44000117474,23.231034927296555,9.003182072129045,24.914619628185743,rMD_DH_DM_profiles_ddo50.pdf,True,True,49.7,132.52,9.79,4.790001919692001,8.42000311588,0.9312065209753356,2.854589940221693,1.6765006718922002,12.34038401995005,4.790001919692001,0.4990429344389011,0.4651902265185245,0.1166163146705484,0.4511094386308993,0.302311618621237,24.914619628185743,52.782704271229065,56.53013706137956,88.54379503421114,53.30532526074965,50.15303511141434,51.655190151001456,0.6014422921223236,0.7500460884435958,0.4285864774628019,0.5276552173965281,0.5563681014019258,0.23845184475251835,53.617097392191965,3.4,84.4,0.1162322274881516,53.61252668922005,53.593956495336904,53.57188048535472
DDO_50,3.690001566064,28.9599957582,3.749995495532,24.168507582542116,8.899816746032181,25.75506740197646,rMD_DH_DM_profiles_ddo50.pdf,True,True,49.7,132.52,9.79,4.790001919692001,8.42000311588,0.9312065209753356,2.854589940221693,1.6765006718922002,12.34038401995005,4.790001919692001,0.4990429344389011,0.4735627813412784,0.1238927915449406,0.4602798959283901,0.3102269116904192,25.75506740197646,54.243842272349,57.96894181124819,91.1687261945074,54.762809963279935,51.641413865893995,53.11832161159794,0.6014422921223236,0.7652935318269515,0.4335219712921781,0.5348026392997465,0.5638245813386477,0.24443034396491756,55.11128636669892,3.4,84.4,0.1162322274881516,55.10610418660872,55.0869436859317,55.06415838716594
DDO_50,3.810001721504,30.299992771256,3.690004925464,23.688447815326576,8.782290757584297,25.26402958457342,rMD_DH_DM_profiles_ddo50.pdf,True,True,49.7,132.52,9.79,4.790001919692001,8.42000311588,0.9312065209753356,2.854589940221693,1.6765006718922002,12.34038401995005,4.790001919692001,0.4990429344389011,0.482123617080461,0.1320818920256558,0.4698120208003295,0.3185166382956694,25.26402958457342,53.822157331948695,57.76518911451128,92.84972330937636,54.35592976890725,51.14962760993437,52.65697774659752,0.6014422921223236,0.7811423090027354,0.4385625477843476,0.5421173310421532,0.5716781934870199,0.25071664504842067,54.692945946890184,3.4,84.4,0.1162322274881516,54.68823026267617,54.66917315542444,54.646499337825134
DDO_50,3.920001377064,31.689999649256,3.899994707699999,24.19487349253351,8.580681736578471,25.671384894160894,rMD_DH_DM_profiles_ddo50.pdf,True,True,49.7,132.52,9.79,4.790001919692001,8.42000311588,0.9312065209753356,2.854589940221693,1.6765006718922002,12.34038401995005,4.790001919692001,0.4990429344389011,0.4894578954143496,0.1398187376416733,0.4781354928512268,0.3258008441903285,25.671384894160894,54.65878834099459,58.65031481422277,95.11642249744686,55.19373718615696,51.9882219879981,53.48531119837589,0.6014422921223236,0.7949814955047787,0.4428911927480437,0.5484104087172892,0.5786328936273881,0.25627141242188584,55.55191208338219,3.4,84.4,0.1162322274881516,55.54669599343744,55.527281440282906,55.50417560203936
DDO_50,4.040001532504,32.750005222220004,3.999999246255999,24.297439389385357,8.580681736578471,25.768074432237004,rMD_DH_DM_profiles_ddo50.pdf,True,True,49.7,132.52,9.79,4.790001919692001,8.42000311588,0.9312065209753356,2.854589940221693,1.6765006718922002,12.34038401995005,4.790001919692001,0.4990429344389011,0.4969133119863754,0.148510102318978,0.4867824273982915,0.3334027141389049,25.768074432237004,55.06560368869595,59.17000609963713,97.30592540146014,55.60619522212203,52.37436970039959,53.87350954786217,0.6014422921223236,0.8093584933652918,0.44731792861012104,0.5548564628201069,0.585966775331916,0.26211344417582483,55.97444189016393,3.4,84.4,0.1162322274881516,55.96957170616646,55.9499782818451,55.926649204836195
DDO_50,4.150001772376,33.460002505904,3.889998811244,24.606478840281696,8.47782598875209,26.02599343757681,rMD_DH_DM_profiles_ddo50.pdf,True,True,49.7,132.52,9.79,4.790001919692001,8.42000311588,0.9312065209753356,2.854589940221693,1.6765006718922002,12.34038401995005,4.790001919692001,0.4990429344389011,0.5032603088576327,0.1567073988720007,0.4943283709757654,0.3400591009100894,26.02599343757681,55.67908023695507,59.85523240011078,99.45673370066524,56.22202105473916,52.984154701509915,54.47661451069077,0.6014422921223236,0.8219049066726206,0.4511239327927829,0.5604065281082179,0.5924687608718522,0.2672768374613768,56.60592737182776,3.4,84.4,0.1162322274881516,56.60062157770846,56.58075990755267,56.55710534171638
DDO_50,4.270001927816001,34.949998731128,3.889998811244,25.13716185008282,8.365003237700247,26.49245524756048,rMD_DH_DM_profiles_ddo50.pdf,True,True,49.7,132.52,9.79,4.790001919692001,8.42000311588,0.9312065209753356,2.854589940221693,1.6765006718922002,12.34038401995005,4.790001919692001,0.4990429344389011,0.5096679234336845,0.1659010290218916,0.5021631113089398,0.3469804488460654,26.49245524756048,56.61287004489935,60.832303220052474,101.95556959158677,57.155364252557376,53.93004021053877,55.4063410788071,0.6014422921223236,0.8349314936549357,0.45502052612976024,0.5660957943939338,0.5993328469764087,0.27270874735805256,57.56346915347657,3.4,84.4,0.1162322274881516,57.55842381673833,57.538202707729354,57.5141108308922
DDO_50,4.380001583376001,34.629993322547996,3.9600004691,25.043541305032537,8.264211994401954,26.371882014473066,rMD_DH_DM_profiles_ddo50.pdf,True,True,49.7,132.52,9.79,4.790001919692001,8.42000311588,0.9312065209753356,2.854589940221693,1.6765006718922002,12.34038401995005,4.790001919692001,0.4990429344389011,0.5150818763161207,0.1745586894252232,0.5089961104145116,0.3530187517214245,26.371882014473066,56.66958514580264,61.02608633223041,103.81027898448066,57.21888064169628,53.9603907345214,55.4430829073432,0.6014422921223236,0.846292515643363,0.45837401629094626,0.5709974927404585,0.6054248631853464,0.27751102610066386,57.628208465611046,3.4,84.4,0.1162322274881516,57.62282078640358,57.602553200586385,57.578399087985396
DDO_50,4.5000017388160005,35.25999305192,3.889998811244,25.351252038046965,8.264211994401954,26.664267846408187,rMD_DH_DM_profiles_ddo50.pdf,True,True,49.7,132.52,9.79,4.790001919692001,8.42000311588,0.9312065209753356,2.854589940221693,1.6765006718922002,12.34038401995005,4.790001919692001,0.4990429344389011,0.5205021437012852,0.1842545837717035,0.5160863428385926,0.3592733324951037,26.664267846408187,57.343694503255655,61.77159451375296,106.17738973387512,57.894120160280785,54.63906311268581,56.110218337796326,0.6014422921223236,0.858081231729592,0.4618103972401941,0.5760251882350725,0.6118628926255767,0.2825646454999518,58.32105487501648,3.4,84.4,0.1162322274881516,58.31575373007111,58.295179037436505,58.27065430193808
DDO_50,4.6200013099440005,35.369993486932,3.650006148308,26.577364283502632,8.060131086882626,27.772684519068967,rMD_DH_DM_profiles_ddo50.pdf,True,True,49.7,132.52,9.79,4.790001919692001,8.42000311588,0.9312065209753356,2.854589940221693,1.6765006718922002,12.34038401995005,4.790001919692001,0.4990429344389011,0.5254317597886256,0.1942124804323163,0.5228131484782421,0.3651886326834962,27.772684519068967,59.19930456315217,63.5497409175055,109.18542906100888,59.73955366438246,56.558086182034025,57.985436616066295,0.6014422921223236,0.8692656890378943,0.46503057009798476,0.5807406970575302,0.6180941746937113,0.28743268643205994,60.21538741029697,3.4,84.4,0.1162322274881516,60.21006817634988,60.188849089350676,60.163545539080815
DDO_50,4.730002134128,36.20000229341599,3.829993049844,26.93083255743436,7.943493054975854,28.07790633489285,rMD_DH_DM_profiles_ddo50.pdf,True,True,49.7,132.52,9.79,4.790001919692001,8.42000311588,0.9312065209753356,2.854589940221693,1.6765006718922002,12.34038401995005,4.790001919692001,0.4990429344389011,0.5295340706738043,0.2035708598224233,0.5286740280625897,0.370315208160154,28.07790633489285,59.866063176522715,64.27215805599121,111.38413260678566,60.406311473621166,57.234761302292995,58.64897131303315,0.6014422921223236,0.8790103971522275,0.4678049671701815,0.584806414799484,0.623633029668712,0.29173862897041264,60.899773015665495,3.4,84.4,0.1162322274881516,60.89409259227279,60.87258784617744,60.84694012614858
DDO_50,4.850001705256001,36.600005256308,3.910005795488,26.838606916735923,7.842288106553159,27.96090670878272,rMD_DH_DM_profiles_ddo50.pdf,True,True,49.7,132.52,9.79,4.790001919692001,8.42000311588,0.9312065209753356,2.854589940221693,1.6765006718922002,12.34038401995005,4.790001919692001,0.4990429344389011,0.5335706171586807,0.2061854945156594,0.5347489139091439,0.375593911324304,27.96090670878272,59.93859867718481,64.48472205327637,111.93046832127284,60.48437148435854,57.2901316895002,58.70550049246147,0.6014422921223236,0.8891109270386737,0.4706504601254005,0.5889789819717894,0.6294949724042507,0.2962720984086869,60.97991067248761,3.4,84.4,0.1162322274881516,60.97449600458389,60.952953925811215,60.92725417561992
DDO_50,4.960001945128,36.519992510664,3.9699963655559993,27.45915493369679,7.842288106553159,28.557077448838317,rMD_DH_DM_profiles_ddo50.pdf,True,True,49.7,132.52,9.79,4.790001919692001,8.42000311588,0.9312065209753356,2.854589940221693,1.6765006718922002,12.34038401995005,4.790001919692001,0.4990429344389011,0.5368826956152216,0.201612824160736,0.5400375729717594,0.3801476724876645,28.557077448838317,61.0219190507019,65.56874424895668,111.6301729990898,61.56336729247731,58.40608645882758,59.79632947481384,0.6014422921223236,0.8979042213112683,0.4731030213373482,0.592577366721359,0.6347102981061238,0.3002833597079361,62.08762386372068,3.4,84.4,0.1162322274881516,62.0818441592644,62.05988663212759,62.03368687152856
DDO_50,5.0800021005680005,36.439994956351995,4.0099951427119995,27.768700998289713,7.740234529481515,28.82727849977854,rMD_DH_DM_profiles_ddo50.pdf,True,True,49.7,132.52,9.79,4.790001919692001,8.42000311588,0.9312065209753356,2.854589940221693,1.6765006718922002,12.34038401995005,4.790001919692001,0.4990429344389011,0.5400880802009571,0.1968503123036482,0.5455147341544972,0.3848139722463591,28.82727849977854,61.649688821011054,66.26431353345377,111.04910794211168,62.19108370753479,59.04587453178152,60.42179199198548,0.6014422921223236,0.9070109323864249,0.47561915717567255,0.5962708038702461,0.6402348191883108,0.3045079450968635,62.732133287647144,3.4,84.4,0.1162322274881516,62.72654263140549,62.70435090720642,62.677865025313345
DDO_50,5.190001756128001,36.279999847728,3.660002044764,27.58088628779146,7.842288106553159,28.6741481332274,rMD_DH_DM_profiles_ddo50.pdf,True,True,49.7,132.52,9.79,4.790001919692001,8.42000311588,0.9312065209753356,2.854589940221693,1.6765006718922002,12.34038401995005,4.790001919692001,0.4990429344389011,0.5426662992575256,0.1926781621642551,0.550278622269921,0.3888183193256849,28.6741481332274,61.639507483378175,66.38774833982411,110.2262850225373,62.18569893337885,59.02253658409543,60.398492874308786,0.6014422921223236,0.9149317057969765,0.47778816499160237,0.599456020011359,0.645154154745108,0.3082470197323734,62.72675201293942,3.4,84.4,0.1162322274881516,62.72092398920989,62.698714380733506,62.67220321738072
DDO_50,5.310001911568,36.20000229341599,3.889998811244,27.89202997956952,7.843798512027035,28.97396264715067,rMD_DH_DM_profiles_ddo50.pdf,True,True,49.7,132.52,9.79,4.790001919692001,8.42000311588,0.9312065209753356,2.854589940221693,1.6765006718922002,12.34038401995005,4.790001919692001,0.4990429344389011,0.5451014228240267,0.1883238493420256,0.5552073312143052,0.3928987798018895,28.97396264715067,62.304560372941154,67.11281847055541,109.7431245031236,62.84979138979311,59.704876055975696,61.064047503226185,0.6014422921223236,0.9231265218399125,0.4800134111596203,0.6027249916399338,0.6503695479161078,0.31218610520955103,63.40869905632009,3.4,84.4,0.1162322274881516,63.40303078895233,63.380576012371414,63.35376622145873
DDO_50,5.42000215144,36.409992075652,3.709996718376,28.40916099855634,7.9472194553491535,29.499808909777276,rMD_DH_DM_profiles_ddo50.pdf,True,True,49.7,132.52,9.79,4.790001919692001,8.42000311588,0.9312065209753356,2.854589940221693,1.6765006718922002,12.34038401995005,4.790001919692001,0.4990429344389011,0.5470010015705721,0.184501771781459,0.5594896366031802,0.3963790096068745,29.499808909777276,63.277824774276795,68.09427239842148,109.5451262539862,63.818864464378954,60.7107219072936,62.0458472205666,0.6014422921223236,0.9302465821432276,0.4819314748431461,0.6055435675339307,0.655017442721042,0.3156735222185377,64.4037318220207,3.4,84.4,0.1162322274881516,64.39775902774599,64.37493533851662,64.34768150044148
DDO_50,5.540001722568001,36.399996179196,3.620003267608,28.51397440541177,7.947769078515358,29.600908258326843,rMD_DH_DM_profiles_ddo50.pdf,True,True,49.7,132.52,9.79,4.790001919692001,8.42000311588,0.9312065209753356,2.854589940221693,1.6765006718922002,12.34038401995005,4.790001919692001,0.4990429344389011,0.5487252274082747,0.1805053590374087,0.5639146938910105,0.3999018822980565,29.600908258326843,63.64850785736961,68.55868119074859,108.96781694609892,64.19065952072354,61.08877064306063,62.412854336920674,0.6014422921223236,0.9376039917331244,0.48389866852744656,0.6084350949536272,0.659948922485998,0.3193484048870975,64.78567430631588,3.4,84.4,0.1162322274881516,64.77986799683698,64.75690711360171,64.72948404996843
DDO_50,5.650002546752001,35.799999330523995,3.709996718376,29.154604170276972,7.947769078515358,30.218503894980245,rMD_DH_DM_profiles_ddo50.pdf,True,True,49.7,132.52,9.79,4.790001919692001,8.42000311588,0.9312065209753356,2.854589940221693,1.6765006718922002,12.34038401995005,4.790001919692001,0.4990429344389011,0.5499997208775972,0.1769910706632985,0.5677546123040219,0.402884486805348,30.218503894980245,64.75083005724669,69.65044233957583,108.91840144631,65.2874425707546,62.23048876102536,63.52747480463509,0.6014422921223236,0.9439885085243555,0.48559366703300066,0.6109270841265162,0.6643472400830482,0.3226028124951807,65.9117793400397,3.4,84.4,0.1162322274881516,65.90567743601741,65.88230362274496,65.85438411879528
DDO_50,5.770002117880001,36.42000316343999,4.0099951427119995,29.264926101332833,7.949292721461636,30.3253549771137,rMD_DH_DM_profiles_ddo50.pdf,True,True,49.7,132.52,9.79,4.790001919692001,8.42000311588,0.9312065209753356,2.854589940221693,1.6765006718922002,12.34038401995005,4.790001919692001,0.4990429344389011,0.5510704568750466,0.1733101616897529,0.5717167840332913,0.4058791292086314,30.3253549771137,65.12582621794293,70.11570113692191,108.4084679246627,65.6630823034762,62.61560455926287,63.90052301434824,0.6014422921223236,0.9505762922255779,0.48733099854350476,0.6134817881821542,0.6690173957224825,0.32603291550041247,66.2977139921086,3.4,84.4,0.1162322274881516,66.29175900226414,66.26824733708936,66.24015848974419
DDO_50,5.880002357752001,37.16999922428,3.9600004691,29.885478063641777,8.052713664783756,30.951381172080332,rMD_DH_DM_profiles_ddo50.pdf,True,True,49.7,132.52,9.79,4.790001919692001,8.42000311588,0.9312065209753356,2.854589940221693,1.6765006718922002,12.34038401995005,4.790001919692001,0.4990429344389011,0.5517714478343125,0.1700679590173349,0.575149904056433,0.4083913078698913,30.951381172080332,66.23553964293572,71.21153328529259,108.43272942212684,66.76702627904167,63.7658177226188,65.02362477625358,0.6014422921223236,0.9562844375756948,0.4888268900000862,0.6156818053332628,0.6731856687937319,0.3290712568690681,67.43108712760879,3.4,84.4,0.1162322274881516,67.42485933101521,67.40095144474823,67.37238477521728
DDO_50,6.000002513192,37.539999306472,3.679993837676,30.60327039747245,8.15532832509875,31.67127308952028,rMD_DH_DM_profiles_ddo50.pdf,True,True,49.7,132.52,9.79,4.790001919692001,8.42000311588,0.9312065209753356,2.854589940221693,1.6765006718922002,12.34038401995005,4.790001919692001,0.4990429344389011,0.5522438077278271,0.166666596855807,0.5786862576223204,0.41088763661192,31.67127308952028,67.49468269974602,72.44867040264447,108.52940596777243,68.01952599362058,65.07065492160044,66.29845322556619,0.6014422921223236,0.9621642262307437,0.49035866283171986,0.6179348847875837,0.6776147569478289,0.33227426613197825,68.71680954491663,3.4,84.4,0.1162322274881516,68.71053766496166,68.68612177960847,68.65694760198905
DDO_50,6.12000208432,38.169999035844,3.73000370262,31.063434225721455,8.158731022439756,32.117002316409355,rMD_DH_DM_profiles_ddo50.pdf,True,True,49.7,132.52,9.79,4.790001919692001,8.42000311588,0.9312065209753356,2.854589940221693,1.6765006718922002,12.34038401995005,4.790001919692001,0.4990429344389011,0.5524250173736299,0.1633986371609399,0.5820142606126348,0.4131350577499424,32.117002316409355,68.35444915704528,73.3345869209459,108.41495115414172,68.87571032730636,65.96122509233987,67.16701586732836,0.6014422921223236,0.9676975966536497,0.49179182731094323,0.6200431542983671,0.6819253808512294,0.335365329138537,69.59579384434207,3.4,84.4,0.1162322274881516,69.58953021791154,69.56485047388486,69.53535349085836
DDO_50,6.230002324192,38.839997542372,3.840004137632,31.47377371643687,8.157333243910248,32.51369738442055,rMD_DH_DM_profiles_ddo50.pdf,True,True,49.7,132.52,9.79,4.790001919692001,8.42000311588,0.9312065209753356,2.854589940221693,1.6765006718922002,12.34038401995005,4.790001919692001,0.4990429344389011,0.55234728207091,0.1605135837777869,0.5848892257744127,0.4149849990815087,32.51369738442055,69.12331532559445,74.12870475430907,108.32575599968592,69.64135857491073,66.75799915127294,67.94401696164907,0.6014422921223236,0.9724777147122466,0.4930234230068935,0.6218550588690179,0.685776768275695,0.3381040097138884,70.38179505212199,3.4,84.4,0.1162322274881516,70.37530525549133,70.35031995585476,70.32045677587747
DDO_50,6.350002479632001,37.16999922428,4.1000037848119995,31.678906695777517,8.054766754239925,32.6868841724779,rMD_DH_DM_profiles_ddo50.pdf,True,True,49.7,132.52,9.79,4.790001919692001,8.42000311588,0.9312065209753356,2.854589940221693,1.6765006718922002,12.34038401995005,4.790001919692001,0.4990429344389011,0.5520091260991438,0.1574802534656573,0.5878415225891235,0.4167799776577274,32.6868841724779,69.58664086603446,74.66446137858537,108.01516994585512,70.10384827590734,67.23908895713492,68.41021951065987,0.6014422921223236,0.9773864097830455,0.4942819496217142,0.6237067087672294,0.6898732925898454,0.34099191605326007,70.85681939125739,3.4,84.4,0.1162322274881516,70.85042800162772,70.82527619829435,70.79521000710811
DDO_50,6.460002135192,36.820006126332,3.920001691943999,32.1907261092633,8.053250050477557,33.18279198345315,rMD_DH_DM_profiles_ddo50.pdf,True,True,49.7,132.52,9.79,4.790001919692001,8.42000311588,0.9312065209753356,2.854589940221693,1.6765006718922002,12.34038401995005,4.790001919692001,0.4990429344389011,0.5514778783972449,0.1547987104450513,0.5903859360266064,0.4182286264883432,33.18279198345315,70.4945468179734,75.57840341636187,108.06592023946828,71.007343349469,68.18053059776453,69.32946275363923,0.6014422921223236,0.9816169294369002,0.49536159832659393,0.6252952623585748,0.6935356999952238,0.3435509528461872,71.78413370035008,3.4,84.4,0.1162322274881516,71.77752414390409,71.75203567369874,71.72156477827808
DDO_50,6.580002290632001,37.999992839432,3.910005795488,32.427571922653215,8.158731022439756,33.43818644447345,rMD_DH_DM_profiles_ddo50.pdf,True,True,49.7,132.52,9.79,4.790001919692001,8.42000311588,0.9312065209753356,2.854589940221693,1.6765006718922002,12.34038401995005,4.790001919692001,0.4990429344389011,0.5506689119714272,0.1519756309847654,0.5929917921192829,0.4196008320211196,33.43818644447345,71.07246039576103,76.21236070470691,107.87821028382292,71.58335406524444,68.78131267413842,69.9131847750268,0.6014422921223236,0.9859496079445607,0.49646255071144996,0.6269152255979416,0.6974336706480642,0.3462496990819872,72.37553526059888,3.4,84.4,0.1162322274881516,72.36899833661487,72.34330179722332,72.31257877184773
DDO_50,6.6900025305040005,37.560006290716,3.9900033498,32.63132250354188,8.160142038100346,33.636158020976936,rMD_DH_DM_profiles_ddo50.pdf,True,True,49.7,132.52,9.79,4.790001919692001,8.42000311588,0.9312065209753356,2.854589940221693,1.6765006718922002,12.34038401995005,4.790001919692001,0.4990429344389011,0.5497274028700668,0.1494767745513339,0.5952313294649698,0.420675167183145,33.636158020976936,71.54851305034146,76.74536949244676,107.69079053361322,72.05794143392217,69.277066303727,70.3941050635764,0.6014422921223236,0.9896732192951763,0.4974049053370478,0.6283018650432795,0.7009207099227094,0.3486413993678816,72.86282879643414,3.4,84.4,0.1162322274881516,72.85612878416464,72.83025298814358,72.79931362963947
DDO_50,6.810002685944001,36.600005256308,4.180001339124,32.63132250354188,8.262707342140557,33.66118745606016,rMD_DH_DM_profiles_ddo50.pdf,True,True,49.7,132.52,9.79,4.790001919692001,8.42000311588,0.9312065209753356,2.854589940221693,1.6765006718922002,12.34038401995005,4.790001919692001,0.4990429344389011,0.5484934403270857,0.1468428202038778,0.5975174798728945,0.4216537043191933,33.66118745606016,71.79060796093354,77.08267579751339,107.32127514815416,72.30027369131035,69.53223432983917,70.63745850152372,0.6014422921223236,0.9934743327816548,0.49836324272877913,0.6297120500025122,0.7046342199159804,0.35116379477499166,73.11193495487952,3.4,84.4,0.1162322274881516,73.10532393137494,73.07936177101212,73.04831616846356
DDO_50,6.920002925816001,37.589993980084,4.2100042198239995,32.326014066601715,8.264211994401954,33.36567675505098,rMD_DH_DM_profiles_ddo50.pdf,True,True,49.7,132.52,9.79,4.790001919692001,8.42000311588,0.9312065209753356,2.854589940221693,1.6765006718922002,12.34038401995005,4.790001919692001,0.4990429344389011,0.5471824089551368,0.1445086094211558,0.5994755600725697,0.422380067835126,33.36567675505098,71.54755307927755,76.98387956114236,106.6857797136987,72.06060778882832,69.28676237091923,70.38841221112412,0.6014422921223236,0.9967299738054439,0.4991811546284538,0.6309156143932682,0.7079581748985058,0.35339937917448894,72.86658759321021,3.4,84.4,0.1162322274881516,72.85989546702467,72.83401530546115,72.80306600882606
DDO_50,7.040002496944,38.630007760136,4.0099951427119995,32.536704767142076,8.260586598503398,33.56895065466807,rMD_DH_DM_profiles_ddo50.pdf,True,True,49.7,132.52,9.79,4.790001919692001,8.42000311588,0.9312065209753356,2.854589940221693,1.6765006718922002,12.34038401995005,4.790001919692001,0.4990429344389011,0.5455665259833191,0.1420454041648551,0.6014664436719425,0.4229932768315009,33.56895065466807,72.0418744805968,77.54050691801562,106.51799383941844,72.5531199362576,69.80383244490076,70.8891320722552,0.6014422921223236,1.0000401560547625,0.5000100388121311,0.6321353311189429,0.7114999977665183,0.35575714149806803,73.37224780396294,3.4,84.4,0.1162322274881516,73.36560648777079,73.3395488653665,73.30838476273233
DDO_50,7.150002736816001,36.42000316343999,3.880002914788,32.836592035091584,8.158731022439756,33.83499177442727,rMD_DH_DM_profiles_ddo50.pdf,True,True,49.7,132.52,9.79,4.790001919692001,8.42000311588,0.9312065209753356,2.854589940221693,1.6765006718922002,12.34038401995005,4.790001919692001,0.4990429344389011,0.5439241991038746,0.1398600863256892,0.6031645085622948,0.4233972538115838,33.83499177442727,72.60950893228079,78.15006164664565,106.45883461678515,73.11821266078469,70.39630513817981,71.46482210979694,0.6014422921223236,1.0028634774483416,0.5007148458895435,0.6331724665363012,0.714672047891217,0.35784690432141514,73.952271992951,3.4,84.4,0.1162322274881516,73.9454878948448,73.91922002571368,73.88780293179879
DDO_50,7.270002892256,35.989997319848,3.770002479776,32.426315405225324,8.158731022439756,33.43696790463624,rMD_DH_DM_profiles_ddo50.pdf,True,True,49.7,132.52,9.79,4.790001919692001,8.42000311588,0.9312065209753356,2.854589940221693,1.6765006718922002,12.34038401995005,4.790001919692001,0.4990429344389011,0.5419667247494638,0.1375515271204636,0.6048825350720993,0.4236725746255567,33.43696790463624,72.22085910601308,77.93251555336776,105.72201950367938,72.73373275336577,70.00350350901098,71.069158289353,0.6014422921223236,1.0057199884258823,0.5014259189864212,0.6342188182434465,0.7180538528853494,0.3600508130647768,73.55834901767253,3.4,84.4,0.1162322274881516,73.55168462078089,73.52555814193742,73.49430815385253
DDO_50,7.380002547816001,33.65000049522799,3.9900033498,32.21677586169016,8.158731022439756,33.233801149114775,rMD_DH_DM_profiles_ddo50.pdf,True,True,49.7,132.52,9.79,4.790001919692001,8.42000311588,0.9312065209753356,2.854589940221693,1.6765006718922002,12.34038401995005,4.790001919692001,0.4990429344389011,0.540028863688084,0.1355013082340919,0.6063400678511691,0.4237788657491989,33.233801149114775,72.09472951167061,77.93423950404488,105.21449182839116,72.60972767049135,69.88143993952788,70.94068924967037,0.6014422921223236,1.0081433843163283,0.5020275903553323,0.6351041776346644,0.7210841620163998,0.3620041443004872,73.43150041473754,3.4,84.4,0.1162322274881516,73.42477603095881,73.39870997713555,73.36752934227778
DDO_50,7.500002703256001,32.540000248652,3.829993049844,32.42696443000451,8.158731022439756,33.43759731262548,rMD_DH_DM_profiles_ddo50.pdf,True,True,49.7,132.52,9.79,4.790001919692001,8.42000311588,0.9312065209753356,2.854589940221693,1.6765006718922002,12.34038401995005,4.790001919692001,0.4990429344389011,0.5377674806189908,0.1333332852754662,0.6078059226238927,0.4237427112498783,33.43759731262548,72.5819829618987,78.48103384542378,105.1029228989721,73.09478053402061,70.3933643100638,71.43591324602248,0.6014422921223236,1.0105806169351903,0.5026312341932648,0.6359924307559863,0.7243165387080887,0.3640641157974403,73.929421594495,3.4,84.4,0.1162322274881516,73.92267583171964,73.89638000767827,73.86492658952692
DDO_50,7.620002858696001,34.169999789588,3.749995495532,32.63132250354188,8.158731022439756,33.63581573600794,rMD_DH_DM_profiles_ddo50.pdf,True,True,49.7,132.52,9.79,4.790001919692001,8.42000311588,0.9312065209753356,2.854589940221693,1.6765006718922002,12.34038401995005,4.790001919692001,0.4990429344389011,0.535361621726432,0.1312335465673471,0.6091478453139532,0.4235535905664145,33.63581573600794,73.05942374105797,79.01830663766937,105.00076084221854,73.57001439234274,70.895421695336,71.92147463388194,0.6014422921223236,1.0128117914096775,0.5031825607004977,0.6368036897862367,0.7274748531974772,0.36605265947712523,74.41722720104092,3.4,84.4,0.1162322274881516,74.41048190200942,74.38406719869856,74.3524661416463
DDO_50,7.730003098568001,34.729997861103996,3.870007018332,32.63132250354188,8.158731022439756,33.63581573600794,rMD_DH_DM_profiles_ddo50.pdf,True,True,49.7,132.52,9.79,4.790001919692001,8.42000311588,0.9312065209753356,2.854589940221693,1.6765006718922002,12.34038401995005,4.790001919692001,0.4990429344389011,0.533037183598424,0.1293660542238659,0.6102735209349055,0.4232527372355801,33.63581573600794,73.226329905574,79.2737445556006,104.73128107944837,73.73670296045721,71.07692569130101,72.0918282106294,0.6014422921223236,1.014683418389849,0.5036441006700656,0.6374828220601387,0.7303070670964499,0.36781484602078474,74.58849512112349,3.4,84.4,0.1162322274881516,74.5816696667183,74.55517260648567,74.5234736352698
DDO_50,7.850002669696001,33.220009842968004,4.170005442668,32.42913887173162,8.158731022439756,33.43970603726318,rMD_DH_DM_profiles_ddo50.pdf,True,True,49.7,132.52,9.79,4.790001919692001,8.42000311588,0.9312065209753356,2.854589940221693,1.6765006718922002,12.34038401995005,4.790001919692001,0.4990429344389011,0.5303798032372365,0.1273884917084653,0.6113912052429001,0.4227900671506729,33.43970603726318,73.11337984022434,79.29449632594996,104.24206124592686,73.62546878117674,70.9714490069384,71.97834974736924,0.6014422921223236,1.0165417584544472,0.5041015164662709,0.638155876680131,0.7333303522847805,0.3696729426575025,74.47469060053471,3.4,84.4,0.1162322274881516,74.46793042112618,74.44147602661131,74.40982642241504
DDO_50,7.960002909568001,33.43999552166,4.089992697024,32.31154524850401,8.158731022439756,33.32567851136182,rMD_DH_DM_profiles_ddo50.pdf,True,True,49.7,132.52,9.79,4.790001919692001,8.42000311588,0.9312065209753356,2.854589940221693,1.6765006718922002,12.34038401995005,4.790001919692001,0.4990429344389011,0.5278394156600613,0.1256280947834818,0.6123192494365137,0.4222495227082188,33.32567851136182,73.10384532115715,79.39505376588099,103.8687636116361,73.61677528975396,70.97204150327914,71.97012763724489,0.6014422921223236,1.0180847896076752,0.504480681312501,0.6387137828909988,0.7360427729577258,0.371319359576856,74.46601182578182,3.4,84.4,0.1162322274881516,74.45920363342566,74.43275030148548,74.40110115284335
DDO_50,8.080003065008,32.919996227300004,3.859995930544,32.20892516733131,8.158731022439756,33.22619075866611,rMD_DH_DM_profiles_ddo50.pdf,True,True,49.7,132.52,9.79,4.790001919692001,8.42000311588,0.9312065209753356,2.854589940221693,1.6765006718922002,12.34038401995005,4.790001919692001,0.4990429344389011,0.524961782921668,0.1237623292905285,0.6132293304638746,0.4215368719068681,33.22619075866611,73.12710373620213,79.53353366705498,103.49522432780124,73.64063116331333,71.00778988864208,71.99568015574728,0.6014422921223236,1.0195979539449376,0.5048519443948377,0.6392600549063747,0.7389395344795707,0.3730550607722275,74.49071569377917,3.4,84.4,0.1162322274881516,74.48394973053091,74.45748904613157,74.42582988823611
DDO_50,8.190002720568001,33.479994298816,3.850000034088,32.10550477337252,8.158731022439756,33.125946456660934,rMD_DH_DM_profiles_ddo50.pdf,True,True,49.7,132.52,9.79,4.790001919692001,8.42000311588,0.9312065209753356,2.854589940221693,1.6765006718922002,12.34038401995005,4.790001919692001,0.4990429344389011,0.522233054453387,0.1221000815407112,0.6139743624008541,0.4207776791322413,33.125946456660934,73.13157328184089,79.64530298210549,103.1497729048051,73.64569122824261,71.02357171565876,72.00227349621572,0.6014422921223236,1.0208366961264204,0.5051554626275246,0.6397066420326458,0.7415395906490961,0.37459277497096943,74.49609604219182,3.4,84.4,0.1162322274881516,74.48929019791866,74.46282499334738,74.43116015112132
DDO_50,8.31000346032,32.149993182215994,3.73000370262,31.80058221357391,8.057632439774961,32.80552498675775,rMD_DH_DM_profiles_ddo50.pdf,True,True,49.7,132.52,9.79,4.790001919692001,8.42000311588,0.9312065209753356,2.854589940221693,1.6765006718922002,12.34038401995005,4.790001919692001,0.4990429344389011,0.5191641052171079,0.1203368933328328,0.6146921638544587,0.4198374255301239,32.80552498675775,72.81176546218799,79.48448329124714,102.5513904895895,73.32872723070675,70.70685746093159,71.67998194372447,0.6014422921223236,1.022030163002638,0.5054475357009324,0.6401363837288523,0.7443176085496144,0.37621350102021384,74.1711138831473,3.4,84.4,0.1162322274881516,74.16438607171767,74.13808792788626,74.1066180078711
DDO_50,8.42000311588,32.579999025808,3.819997153387999,31.356330422396876,8.053250050477557,32.37397556578507,rMD_DH_DM_profiles_ddo50.pdf,True,True,49.7,132.52,9.79,4.790001919692001,8.42000311588,0.9312065209753356,2.854589940221693,1.6765006718922002,12.34038401995005,4.790001919692001,0.4990429344389011,0.5162725052016357,0.1187648016559536,0.6152674809417007,0.4188795194423695,32.37397556578507,72.30055139650833,79.14762863046377,101.85515183425376,72.82162789603066,70.19229880464437,71.1632592963634,0.6014422921223236,1.0229867254106655,0.5056813831553936,0.6404804511489786,0.7468121531289488,0.3776490025515044,73.65098607147479,3.4,84.4,0.1162322274881516,73.64422033578877,73.61800728008049,73.58664576536007
DDO_52,0.6799989,20.519975558952,6.619982600286,6.155057683402046,4.895510250828321,7.864525141543623,rMD_DH_DM_profiles_ddo52.pdf,True,True,43.0,33.43,7.2,3.06000048,5.43,0.8227910411026335,1.8235998092967816,1.071000168,7.663877676593649,3.06000048,0.4502559684961851,0.0858146600608481,0.0161380826938099,0.10856134068046,0.042177245588622,7.864525141543623,18.42706829773549,20.65835052150813,32.23288735244505,18.78562300997424,17.018302895165316,17.975765232716423,0.5969457102471852,0.1818613297941392,0.15387704564783117,0.16628305589957526,0.2716085838656627,0.04179432645783936,18.53112829216919,10.3,15.9,0.3415094339622641,18.53465890754654,18.531329476768896,18.527445165475108
DDO_52,1.01999835,28.539978692772,6.33001148991,7.739596806313238,6.206101557837924,9.920537045467468,rMD_DH_DM_profiles_ddo52.pdf,True,True,43.0,33.43,7.2,3.06000048,5.43,0.8227910411026335,1.8235998092967816,1.071000168,7.663877676593649,3.06000048,0.4502559684961851,0.1423822236822402,0.0363106860610724,0.1989989173426768,0.0778587035389284,9.920537045467468,23.03883319678089,25.70738369180857,45.87420563211533,23.563656262199167,21.1645420270322,22.370977344276273,0.5969457102471852,0.3333618349653182,0.2500160318252916,0.2834891114468985,0.3586998910747095,0.0896807233826632,23.250594683099912,10.3,15.9,0.3415094339622641,23.248745901409592,23.242643769252638,23.235498363671773
DDO_52,1.3599978,32.519970780678,3.450005405496,7.177169491099086,7.32880741924991,10.257835058744902,rMD_DH_DM_profiles_ddo52.pdf,True,True,43.0,33.43,7.2,3.06000048,5.43,0.8227910411026335,1.8235998092967816,1.071000168,7.663877676593649,3.06000048,0.4502559684961851,0.1944622494353063,0.0645523307752398,0.283562681398631,0.114582428186166,10.257835058744902,24.61894568436879,27.972168426367237,58.34124793586365,25.31686986301705,22.202205652386425,23.69516410539417,0.5969457102471852,0.47502256324316733,0.3220442690711957,0.3781289751204314,0.42718897514827797,0.13757376125690038,24.91080734282707,10.3,15.9,0.3415094339622641,24.90832658342619,24.900668333636,24.89164731310544
DDO_52,1.70000268,37.669970989752,3.53997358251,6.623626998893281,8.16759230996395,10.515797580889918,rMD_DH_DM_profiles_ddo52.pdf,True,True,43.0,33.43,7.2,3.06000048,5.43,0.8227910411026335,1.8235998092967816,1.071000168,7.663877676593649,3.06000048,0.4502559684961851,0.239204842326759,0.1008636611750676,0.3555901246828324,0.1492313459481079,10.515797580889918,25.88241390935912,29.85701897314528,71.00134439528796,26.713354932219616,23.037139185347648,24.7340121825693,0.5969457102471852,0.5956825194967704,0.3733089209278488,0.44881375789830136,0.482461539053821,0.1801071965333711,26.23843310432476,10.3,15.9,0.3415094339622641,26.235729105175587,26.227060415768175,26.21680494225937
DDO_52,2.04000213,43.26999286389,3.670014658194,7.332835134259848,8.309081105943903,11.08202598496275,rMD_DH_DM_profiles_ddo52.pdf,True,True,43.0,33.43,7.2,3.06000048,5.43,0.8227910411026335,1.8235998092967816,1.071000168,7.663877676593649,3.06000048,0.4502559684961851,0.2757358160005879,0.1452435174505902,0.4145788290553681,0.180139138297466,11.08202598496275,27.57983698427633,32.039434769232784,83.99583648613081,28.488619240420338,24.49900071799103,26.276992569776525,0.5969457102471852,0.6945000557650342,0.4098554339978943,0.5006759802409886,0.5280052557306933,0.2164058232406725,27.99662361156666,10.3,15.9,0.3415094339622641,27.993765268749627,27.98418420798707,27.972814060248993
DDO_52,2.3800015799999996,47.180023094118,4.149985542264,9.02794491607563,8.591070446770312,12.462354545954229,rMD_DH_DM_profiles_ddo52.pdf,True,True,43.0,33.43,7.2,3.06000048,5.43,0.8227910411026335,1.8235998092967816,1.071000168,7.663877676593649,3.06000048,0.4502559684961851,0.3041863972075623,0.1976924150730178,0.4620443679858008,0.2065446159402,12.462354545954229,30.65936057567266,35.35739516222977,97.50749818916668,31.571889155320648,27.622365384294756,29.317980256872108,0.5969457102471852,0.7740140519553712,0.4363066070994363,0.5388417650118085,0.5661815570952957,0.24702875417852424,31.15282631702975,10.3,15.9,0.3415094339622641,31.149703307194248,31.138848594055826,31.125937807865782
DDO_52,2.7200010299999997,48.870014738028,3.670014658194,12.112073374955765,9.010884100023066,15.096302650131284,rMD_DH_DM_profiles_ddo52.pdf,True,True,43.0,33.43,7.2,3.06000048,5.43,0.8227910411026335,1.8235998092967816,1.071000168,7.663877676593649,3.06000048,0.4502559684961851,0.3251900977552072,0.2582103540423505,0.4998855510850075,0.2282443380609134,15.096302650131284,35.80758766837245,40.41358197346828,111.68107677945304,36.65545004597039,33.05994989856565,34.54386373795187,0.5969457102471852,0.8374053829417976,0.45575428847446864,0.5671678986792694,0.5986443629632259,0.27283473569155653,36.40981840457404,10.3,15.9,0.3415094339622641,36.406231971613146,36.39342523680598,36.37816728291682
DDO_52,3.06000048,50.010013380192,3.409992766824,13.239218192689886,9.00975832221532,16.014138858470634,rMD_DH_DM_profiles_ddo52.pdf,True,True,43.0,33.43,7.2,3.06000048,5.43,0.8227910411026335,1.8235998092967816,1.071000168,7.663877676593649,3.06000048,0.4502559684961851,0.3396078920424317,0.3267973343585881,0.5298317336315319,0.2453783310109909,16.014138858470634,37.983169767927265,42.86808458555808,124.92263852445144,38.83092092126269,35.28609710072071,36.70343865644635,0.5969457102471852,0.887571054681233,0.4702186190448461,0.5883455745096413,0.626587005227782,0.2946328763096534,38.64243987343864,10.3,15.9,0.3415094339622641,38.63868968473169,38.62502964360325,38.608734807003856
DDO_52,3.39999993,54.13999260312001,2.95997110176,14.926113901653268,8.728544894120105,17.290933236057477,rMD_DH_DM_profiles_ddo52.pdf,True,True,43.0,33.43,7.2,3.06000048,5.43,0.8227910411026335,1.8235998092967816,1.071000168,7.663877676593649,3.06000048,0.4502559684961851,0.3483722527567627,0.2941176531141869,0.5533269311428916,0.2582798924642587,17.290933236057477,40.71915453445165,45.774855004771304,120.01958921429684,41.54583575961857,38.14888155820758,39.46448283559605,0.5969457102471852,0.9269300736138436,0.48103980850505956,0.6042331776526838,0.6508921241461199,0.31310502275670093,41.442321149279636,10.3,15.9,0.3415094339622641,41.438346288564986,41.42365346190795,41.40611071123911
DDO_52,3.739999379999999,57.070014485874005,3.27000879147,16.474363773198927,8.44803073922799,18.514153642622453,rMD_DH_DM_profiles_ddo52.pdf,True,True,43.0,33.43,7.2,3.06000048,5.43,0.8227910411026335,1.8235998092967816,1.071000168,7.663877676593649,3.06000048,0.4502559684961851,0.3523994030376851,0.267379723469366,0.5715390233471928,0.2673832862865997,18.514153642622453,43.33038868778262,48.54748260812454,116.04046685232612,44.13352323451819,40.89580499294632,42.11142987505619,0.5969457102471852,0.9574388651030393,0.4891283616424158,0.6161252168439738,0.6722266023754889,0.32880509667237057,44.1129862600467,10.3,15.9,0.3415094339622641,44.10887925882093,44.09323024284715,44.07453188867459
DDO_52,4.070002199999999,58.279974985716,3.759982835208,18.575431706899636,8.44803073922799,20.40627076338627,rMD_DH_DM_profiles_ddo52.pdf,True,True,43.0,33.43,7.2,3.06000048,5.43,0.8227910411026335,1.8235998092967816,1.071000168,7.663877676593649,3.06000048,0.4502559684961851,0.3525857979228396,0.2457001128893739,0.5850539805964408,0.2730377306623177,20.40627076338627,46.97080482990275,52.17236655477578,113.3779499528829,47.73010431792784,44.73357048434982,45.82470897148564,0.5969457102471852,0.9800790432921943,0.4949696561924407,0.6247185658010395,0.6905797496301634,0.3418160212479038,47.82937580228884,10.3,15.9,0.3415094339622641,47.82479118346229,47.807807276216785,47.78750431167384
DDO_52,4.41000165,60.47000409303,4.149985542264,20.684758170703557,8.307706324562961,22.29074258421354,rMD_DH_DM_profiles_ddo52.pdf,True,True,43.0,33.43,7.2,3.06000048,5.43,0.8227910411026335,1.8235998092967816,1.071000168,7.663877676593649,3.06000048,0.4502559684961851,0.3496914426116613,0.2267572847733515,0.595430271390542,0.2760496065720632,22.29074258421354,50.55646843647422,55.74684058254921,111.28029278332924,51.27512219200128,48.50233502526257,49.481620557348016,0.5969457102471852,0.9974613455953714,0.4993645297792053,0.6311854536125789,0.7074564645808294,0.3532786647746649,51.48886158687528,10.3,15.9,0.3415094339622641,51.48403717253591,51.465740856614175,51.443861086349834
DDO_52,4.7500011,61.719977231544,4.339985315958001,20.971028385694176,8.30731739902922,22.55649693373961,rMD_DH_DM_profiles_ddo52.pdf,True,True,43.0,33.43,7.2,3.06000048,5.43,0.8227910411026335,1.8235998092967816,1.071000168,7.663877676593649,3.06000048,0.4502559684961851,0.344331247577428,0.2105262670360223,0.6028134321055562,0.2766555025119559,22.55649693373961,51.55799600037835,57.06718602382009,108.54558561033288,52.27156050538817,49.576869280147186,50.50213082285629,0.5969457102471852,1.0098295737077014,0.5024453749303648,0.6357189426485108,0.7225873863565802,0.3630606902578843,52.51478041629556,10.3,15.9,0.3415094339622641,52.509885862732105,52.491227470798776,52.46890868375954
DDO_52,5.09000055,60.73002598440001,4.689975384342,20.41153600367505,8.027058068575991,21.9331817861799,rMD_DH_DM_profiles_ddo52.pdf,True,True,43.0,33.43,7.2,3.06000048,5.43,0.8227910411026335,1.8235998092967816,1.071000168,7.663877676593649,3.06000048,0.4502559684961851,0.3370844709439127,0.1964636329950887,0.6077073307303483,0.275275604291629,21.9331817861799,51.09550408436598,57.10720452066389,105.47612352701454,51.82124188771245,49.13864405952163,50.03525053490479,0.5969457102471852,1.0180278043688544,0.5044666887963154,0.6386931943230174,0.7362300806345322,0.37140355096994676,52.04755572468085,10.3,15.9,0.3415094339622641,52.04273339331247,52.02427461410971,52.00218809001916
DDO_52,5.43,60.259998,5.06997493173,20.689175936810035,8.30590098539088,22.29416946475909,rMD_DH_DM_profiles_ddo52.pdf,True,True,43.0,33.43,7.2,3.06000048,5.43,0.8227910411026335,1.8235998092967816,1.071000168,7.663877676593649,3.06000048,0.4502559684961851,0.3284409382069664,0.1841620626151013,0.6105249096952553,0.2722854090976682,22.29416946475909,52.18709053720552,58.47653896349389,103.46410716382412,52.90112747228012,50.3227359951352,51.160853256647904,0.5969457102471852,1.0227477963489295,0.5056229937291217,0.640394541217715,0.7485938213796254,0.37850624905308955,53.16173100967982,10.3,15.9,0.3415094339622641,53.15674676861823,53.13782398748934,53.11518477239779
DDO_53,0.22000010784,7.799995595406,2.590010670576,5.811306837764851,1.9496439381755504,6.129632831444081,rMD_DH_DM_profiles_ddo53.pdf,True,True,27.0,7.0,0.96,0.835000628312,1.4499999442279998,0.8793969849246231,0.4976165842145411,0.2922502199091999,2.087562733775487,0.835000628312,0.4757286432160804,0.0292047977470846,0.0831352832065065,0.1419420987938192,0.0146472226971215,6.129632831444081,13.017838613236837,13.954966305777702,61.42012943536998,13.671488095292863,12.34788669081774,12.796827541835084,0.5966588678122764,0.23789489514212278,0.19217697405142792,0.2117144606206014,0.30657049964952504,0.058915790956080065,13.109713882527156,3.6,13.1,0.1106870229007633,13.11119359795519,13.10837517831182,13.105082395618242
DDO_53,0.340000385672,9.430008259224,2.9500138532760003,7.787694039928676,2.865815157558525,8.298257345782476,rMD_DH_DM_profiles_ddo53.pdf,True,True,27.0,7.0,0.96,0.835000628312,1.4499999442279998,0.8793969849246231,0.4976165842145411,0.2922502199091999,2.087562733775487,0.835000628312,0.4757286432160804,0.0484980556677227,0.1985630396642985,0.2564444827911823,0.0273234681016476,8.298257345782476,17.138496222486424,18.189938961155903,94.3354415395843,18.034591486048456,16.294409789395335,16.82513375378599,0.5966588678122764,0.42980084035534033,0.3006018937913929,0.34936133721459417,0.405913917572676,0.12201849233862976,17.328073257791765,3.6,13.1,0.1106870229007633,17.327397685803724,17.322293597972674,17.316288644093085
DDO_53,0.450000439592,12.48000552918,3.200003836302,8.211982885131057,3.9922290862630625,9.130966870101448,rMD_DH_DM_profiles_ddo53.pdf,True,True,27.0,7.0,0.96,0.835000628312,1.4499999442279998,0.8793969849246231,0.4976165842145411,0.2922502199091999,2.087562733775487,0.835000628312,0.4757286432160804,0.0635862594118251,0.3478287445462742,0.3456318253163701,0.038570895145192,9.130966870101448,19.13646489844139,20.41413235843057,124.26029512696402,20.215942743511288,18.143991730903863,18.73980548245561,0.5966588678122764,0.5792787871965633,0.3667995745227875,0.43969768191401293,0.47487584993393805,0.17418425970691556,19.395071114309893,3.6,13.1,0.1106870229007633,19.39292762673179,19.38656807711491,19.3790490296554
DDO_53,0.560000493512,15.949996031844,2.8000072869299997,8.641832352002824,4.2736941709185094,9.640836492061542,rMD_DH_DM_profiles_ddo53.pdf,True,True,27.0,7.0,0.96,0.835000628312,1.4499999442279998,0.8793969849246231,0.4976165842145411,0.2922502199091999,2.087562733775487,0.835000628312,0.4757286432160804,0.0755580089976399,0.5386620910315032,0.4164216763109592,0.0485194390592946,9.640836492061542,20.56959906371799,22.089277676399107,154.16866844223722,21.77817531041805,19.471578732870217,20.10495734165771,0.5966588678122764,0.6979225463250397,0.41104498425774116,0.5023819909170097,0.5294926730152465,0.2176453074441413,20.881355939143987,3.6,13.1,0.1106870229007633,20.879103260622806,20.871946802356447,20.86345355095796
DDO_53,0.670000547432,17.279995562969997,2.26000251288,10.897570554042014,4.415535415064401,11.75814598404066,rMD_DH_DM_profiles_ddo53.pdf,True,True,27.0,7.0,0.96,0.835000628312,1.4499999442279998,0.8793969849246231,0.4976165842145411,0.2922502199091999,2.087562733775487,0.835000628312,0.4757286432160804,0.0844425584127196,0.7710630791199855,0.4711161473797045,0.0567920690742814,11.75814598404066,24.20935541149984,25.66803787914765,184.39875316628036,25.377069471208728,23.17233439636472,23.748083545368917,0.5966588678122764,0.7895904557777045,0.4412129340701983,0.5459692971378283,0.573818702443312,0.25317623332936773,24.603424781263495,3.6,13.1,0.1106870229007633,24.60086353526108,24.59226434306708,24.582032408424592
DDO_53,0.7800006013519999,20.749986065634,2.240005829544,13.147956439428151,4.699286910493225,13.962523267670251,rMD_DH_DM_profiles_ddo53.pdf,True,True,27.0,7.0,0.96,0.835000628312,1.4499999442279998,0.8793969849246231,0.4976165842145411,0.2922502199091999,2.087562733775487,0.835000628312,0.4757286432160804,0.0905411515074944,1.0450317088117207,0.5128357694335582,0.063309056644425,13.962523267670251,27.840476307577337,29.225911547492064,214.62833188083064,28.95034468766243,26.877641949031386,27.39401819730155,0.5966588678122764,0.8595125239886806,0.46222464914891465,0.5766315860314422,0.6105119829036425,0.28219368709884435,28.31541594180822,3.6,13.1,0.1106870229007633,28.312558125160496,28.302578639429324,28.290682111185692
DDO_53,0.890000655272,24.719987975676,3.220000519638,14.750329303331036,5.190144435213876,15.636809579165687,rMD_DH_DM_profiles_ddo53.pdf,True,True,27.0,7.0,0.96,0.835000628312,1.4499999442279998,0.8793969849246231,0.4976165842145411,0.2922502199091999,2.087562733775487,0.835000628312,0.4757286432160804,0.0942584833831781,1.1235946783594022,0.5443167603497692,0.0681552249421416,15.636809579165687,30.681721791155137,32.06550043963703,222.7922961085938,31.753229371055475,29.77449429162012,30.245999803767727,0.5966588678122764,0.9122746509166518,0.47706256550509185,0.5983903375130752,0.6413877184181759,0.30598207043203246,31.222080266313043,3.6,13.1,0.1106870229007633,31.2187304441448,31.207654850605394,31.194436866883187
DDO_53,1.009999728548,27.699996853956,3.360008744316,14.612228384824686,5.4663462722265725,15.601223026998928,rMD_DH_DM_profiles_ddo53.pdf,True,True,27.0,7.0,0.96,0.835000628312,1.4499999442279998,0.8793969849246231,0.4976165842145411,0.2922502199091999,2.087562733775487,0.835000628312,0.4757286432160804,0.0960939013890749,0.9900992760043849,0.5695223148834871,0.0717358747814741,15.601223026998928,31.300026273893536,32.916718205500544,209.49755300912204,32.398905374138785,30.393685230316574,30.85043559729646,0.5966588678122764,0.954519149227952,0.48836520716872656,0.615002773735444,0.6699315469048531,0.327171258693054,31.864451481016744,3.6,13.1,0.1106870229007633,31.861597338848508,31.850287586739242,31.83677524588914
DDO_53,1.119999782468,30.049984441848,3.710013585348,14.890410749600283,5.538528347107796,15.88708999607947,rMD_DH_DM_profiles_ddo53.pdf,True,True,27.0,7.0,0.96,0.835000628312,1.4499999442279998,0.8793969849246231,0.4976165842145411,0.2922502199091999,2.087562733775487,0.835000628312,0.4757286432160804,0.0961679292957339,0.8928573162723552,0.5860427013836647,0.0736750609030173,15.88708999607947,32.23439334432616,34.01553301548045,199.33453579602767,33.33292644414237,31.35438558998211,31.786136948795207,0.5966588678122764,0.9822073097353984,0.49551189974499266,0.6255164153648197,0.6923766385752705,0.34308086351948447,32.824251428099046,3.6,13.1,0.1106870229007633,32.82111828542209,32.809467171469535,32.79553810748443
DDO_53,1.229999836388,31.859998697016003,4.150003501392,15.382395637542498,5.679020864120784,16.397236764924926,rMD_DH_DM_profiles_ddo53.pdf,True,True,27.0,7.0,0.96,0.835000628312,1.4499999442279998,0.8793969849246231,0.4976165842145411,0.2922502199091999,2.087562733775487,0.835000628312,0.4757286432160804,0.0950641959214642,0.813008238225938,0.5975797894891304,0.074545993099041,16.397236764924926,33.439177141873294,35.34355180184219,190.66418390190765,34.51991324667591,32.60156736438544,33.00214710871263,0.5966588678122764,1.0015434643253198,0.5003855685256977,0.6326879296510761,0.7119635016892307,0.35625626156231227,34.05715533574883,3.6,13.1,0.1106870229007633,34.05393426557289,34.04183297882661,34.027360453419774
DDO_53,1.339999890308,32.000006921693995,3.510015310662,16.437225909236073,5.890187789831877,17.460718994094893,rMD_DH_DM_profiles_ddo53.pdf,True,True,27.0,7.0,0.96,0.835000628312,1.4499999442279998,0.8793969849246231,0.4976165842145411,0.2922502199091999,2.087562733775487,0.835000628312,0.4757286432160804,0.0930807773212725,0.7462687178057524,0.6051235574118303,0.0745477830902887,17.460718994094893,35.37064898497193,37.30655468864109,183.2848514383454,36.406810115919775,34.59653966315017,34.95776391944231,0.5966588678122764,1.0141868160454746,0.5035217229932346,0.6373027504714119,0.7292054184789378,0.36717076872851745,36.02845680375876,3.6,13.1,0.1106870229007633,36.025082002641376,36.01230388430436,35.99701574061533
DDO_53,1.4499999442279998,28.649996519046,3.920010201702,17.425692315905916,6.242333331702277,18.510037226129604,rMD_DH_DM_profiles_ddo53.pdf,True,True,27.0,7.0,0.96,0.835000628312,1.4499999442279998,0.8793969849246231,0.4976165842145411,0.2922502199091999,2.087562733775487,0.835000628312,0.4757286432160804,0.0904654611028168,0.6896551989403102,0.609453905962933,0.0738603692481685,18.510037226129604,37.259084768017544,39.222330804009495,176.85288167754734,38.25107363985185,36.54584732256384,36.870985951598854,0.5966588678122764,1.0214444783123249,0.505304246181975,0.6399255553847614,0.7444997118542261,0.3761988656811973,37.95448868132505,3.6,13.1,0.1106870229007633,37.95087605221523,37.937363918588474,37.921198635669526
DDO_70,0.170000151942,10.560012146639998,1.389998687636,0.8567344579808329,2.232563878164701,2.391304121515605,rMD_DH_DM_profiles_ddo70.pdf,True,True,50.0,3.8,1.24,1.079999515916,1.999999020588,0.753968253968254,0.6436230726555424,0.3779998305706,2.7539669053334763,1.079999515916,0.4192857142857143,0.0187913781698672,0.0229418236244436,0.0601584743922083,0.0087228954827546,2.391304121515605,6.446221179112652,7.932444792950486,32.18416798999847,6.996254343994914,5.533476080998558,6.177059209154158,0.5998183331107969,0.1002944909673109,0.09115240673352656,0.09542900917840735,0.20894210834024596,0.01904557604319067,6.467760312816385,1.3,22.9,0.0873362445414847,6.469176896925889,6.468435304129203,6.467572392670051
DDO_70,0.2499995975829999,13.709989569023998,1.7500107465719998,3.1545408204013947,3.2778359215161323,4.549212691879796,rMD_DH_DM_profiles_ddo70.pdf,True,True,50.0,3.8,1.24,1.079999515916,1.999999020588,0.753968253968254,0.6436230726555424,0.3779998305706,2.7539669053334763,1.079999515916,0.4192857142857143,0.0319661047209924,0.0496144220534755,0.1159760431721102,0.0163976584464727,4.549212691879796,10.80980009928705,12.212506058254544,47.61378162967374,11.45014723594454,9.912174346898444,10.51021543540677,0.5998183331107969,0.19335194803171746,0.16202424469212703,0.17580814961164037,0.2797596859491774,0.04532785181122213,10.874086067188736,1.3,22.9,0.0873362445414847,10.87373399177192,10.871688594653495,10.869308844423776
DDO_70,0.3299996032049999,16.929999095252,2.2600084219879997,4.572349289341258,4.358624617164727,6.316960232350198,rMD_DH_DM_profiles_ddo70.pdf,True,True,50.0,3.8,1.24,1.079999515916,1.999999020588,0.753968253968254,0.6436230726555424,0.3779998305706,2.7539669053334763,1.079999515916,0.4192857142857143,0.0453471879135003,0.0864482393996774,0.1765071432857762,0.0249793487247551,6.316960232350198,14.171363682080363,15.545663552598349,62.82813593517424,14.917146082758896,13.207601108542958,13.823808939151911,0.5998183331107969,0.2942676699632858,0.22736229668136052,0.2549229699917054,0.3389399316458276,0.0770621612960187,14.28976824683907,1.3,22.9,0.0873362445414847,14.287748071135539,14.284217815808965,14.280095963468344
DDO_70,0.4199997495249999,18.589995182244,2.9699946826079997,5.642233960248627,5.199877457156804,7.67290881163268,rMD_DH_DM_profiles_ddo70.pdf,True,True,50.0,3.8,1.24,1.079999515916,1.999999020588,0.753968253968254,0.6436230726555424,0.3779998305706,2.7539669053334763,1.079999515916,0.4192857142857143,0.0597263078082662,0.1400320285923706,0.2427576557503798,0.0349714192572549,7.67290881163268,16.81902075776515,18.260678449000675,79.6973894166356,17.683769683921177,15.752004698560954,16.409068628983952,0.5998183331107969,0.40471863287569476,0.28811366447611486,0.3328354973903702,0.3948765866681525,0.11376934040078159,16.997294116477143,1.3,22.9,0.0873362445414847,16.99684271137557,16.99195592662471,16.986212225705845
DDO_70,0.4999997551469999,22.29999653846,3.5799982954719995,7.204897674303977,5.617320089656396,9.135909122076916,rMD_DH_DM_profiles_ddo70.pdf,True,True,50.0,3.8,1.24,1.079999515916,1.999999020588,0.753968253968254,0.6436230726555424,0.3779998305706,2.7539669053334763,1.079999515916,0.4192857142857143,0.0714600357780357,0.1984581327450055,0.296683752981823,0.0437052005464046,9.135909122076916,19.474225318583805,20.90552518709405,94.76363442106332,20.38895575230437,18.375635259379624,19.032119655139763,0.5998183331107969,0.4946226825764932,0.33093481608605185,0.390199047582218,0.43720686837612666,0.14468697457761215,19.711507683238747,1.3,22.9,0.0873362445414847,19.709669208751055,19.703544649879117,19.69632241141403
DDO_70,0.579999760769,23.620009701636,3.630001264196,8.041555911183757,5.931073577496398,9.99220972830186,rMD_DH_DM_profiles_ddo70.pdf,True,True,50.0,3.8,1.24,1.079999515916,1.999999020588,0.753968253968254,0.6436230726555424,0.3779998305706,2.7539669053334763,1.079999515916,0.4192857142857143,0.0819917892048506,0.2670453046741905,0.3448001307354764,0.0520192503002003,9.99220972830186,21.193700631127744,22.708362050736223,109.64737599192054,22.17094447251755,20.03654667767751,20.71015736711873,0.5998183331107969,0.574840933832854,0.36501523517921514,0.4372056167671592,0.4740020739444358,0.17301797849626394,21.478705316001534,1.3,22.9,0.0873362445414847,21.475860773484943,21.468807245523195,21.46047199928662
DDO_70,0.6699999070889999,26.439995478072,3.140009434208,8.358827529738956,6.036693566301188,10.310754913455368,rMD_DH_DM_profiles_ddo70.pdf,True,True,50.0,3.8,1.24,1.079999515916,1.999999020588,0.753968253968254,0.6436230726555424,0.3779998305706,2.7539669053334763,1.079999515916,0.4192857142857143,0.0923009115674307,0.3563516733392208,0.3919185005807101,0.0606604060190083,10.310754913455368,22.158882369075062,23.863411957094954,126.23313617534934,23.220357598421163,20.911901076047045,21.61915519860858,0.5998183331107969,0.653395334797671,0.39518397145932926,0.4797237376838558,0.5100397278519697,0.20155952525457688,22.48167356566812,1.3,22.9,0.0873362445414847,22.480174528719658,22.472585477266133,22.46358881653293
DDO_70,0.7499993527299998,25.929997802655997,2.750000251976,8.254252384895542,5.932118421457774,10.16477798083915,rMD_DH_DM_profiles_ddo70.pdf,True,True,50.0,3.8,1.24,1.079999515916,1.999999020588,0.753968253968254,0.6436230726555424,0.3779998305706,2.7539669053334763,1.079999515916,0.4192857142857143,0.1000894486621883,0.4465304652778104,0.4279956111930339,0.0675989960738565,10.16477798083915,22.34240129417107,24.286065439279582,140.89427099656842,23.490123670365055,20.998628671071938,21.74516055750371,0.5998183331107969,0.7135420636000729,0.416413509045091,0.510094157056438,0.5381653876031124,0.22409933749842353,22.685483574485723,1.3,22.9,0.0873362445414847,22.683294593033878,22.67552199201661,22.666290135349133
DDO_70,0.8299993583519999,25.220011542036,2.459997007192,8.045811946008396,5.931407106645596,9.99583313862818,rMD_DH_DM_profiles_ddo70.pdf,True,True,50.0,3.8,1.24,1.079999515916,1.999999020588,0.753968253968254,0.6436230726555424,0.3779998305706,2.7539669053334763,1.079999515916,0.4192857142857143,0.1066272040108047,0.5468709206649224,0.4591757498994321,0.0737873671767246,9.99583313862818,22.440074476344893,24.624199498299948,155.57694619577583,23.66415363986889,21.012192533926076,21.790263542890017,0.5998183331107969,0.7655247006506791,0.43359614304379157,0.5349101659975317,0.5632374622477172,0.24421759124838335,22.798988338895178,1.3,22.9,0.0873362445414847,22.796370119578153,22.788415788657453,22.778959401049537
DDO_70,0.919999504672,25.010008389272,2.459997007192,7.938077298322976,5.931407106645596,9.909321947485433,rMD_DH_DM_profiles_ddo70.pdf,True,True,50.0,3.8,1.24,1.079999515916,1.999999020588,0.753968253968254,0.6436230726555424,0.3779998305706,2.7539669053334763,1.079999515916,0.4192857142857143,0.1125760581713157,0.6718997887864774,0.4891051153188606,0.0798369394970528,9.909321947485433,22.66237468181653,25.090729013273492,172.14177491282632,23.95197141821034,21.167828734186937,21.965551757416883,0.5998183331107969,0.8154220841871372,0.44916391140644624,0.5575474642756619,0.5883769638606858,0.2642776984691149,23.037965393606147,1.3,22.9,0.0873362445414847,23.036124429973214,23.028044086712917,23.018422024680998
DDO_70,0.999999510294,24.899987884264,2.699997283252,7.832975824204186,5.8274590810874765,9.762929355696278,rMD_DH_DM_profiles_ddo70.pdf,True,True,50.0,3.8,1.24,1.079999515916,1.999999020588,0.753968253968254,0.6436230726555424,0.3779998305706,2.7539669053334763,1.079999515916,0.4192857142857143,0.1167112706587059,0.7938325309800224,0.5117175816565671,0.0844173114427464,9.762929355696278,22.714705923281095,25.370203952270874,186.86776525902215,24.05931774293176,21.167082855560764,21.978989398735113,0.5998183331107969,0.8531209424738339,0.46036981338894994,0.5739169260591741,0.6084118827933499,0.2800944649451942,23.10063529039856,1.3,22.9,0.0873362445414847,23.098440007060717,23.090315217140922,23.08063048994964
DDO_70,1.079999515916,24.240004592368,3.010006373464,7.93820597896799,5.931407106645596,9.9094250302068,rMD_DH_DM_profiles_ddo70.pdf,True,True,50.0,3.8,1.24,1.079999515916,1.999999020588,0.753968253968254,0.6436230726555424,0.3779998305706,2.7539669053334763,1.079999515916,0.4192857142857143,0.1198615364292621,0.9259263409501174,0.5310646283800262,0.0882775738487225,9.9094250302068,23.21970549327985,26.032103558374768,201.66189912054236,24.585066335358004,21.665852489494952,22.467069216576824,0.5998183331107969,0.8853757864081979,0.4696017593897896,0.5874408899605855,0.6265870052277819,0.29424636006574567,23.622194352077745,1.3,22.9,0.0873362445414847,23.619959964779042,23.611627076313518,23.601686135725934
DDO_70,1.159999521538,24.430001899704,2.9900005280359996,8.147357240167768,5.931407106645596,10.07774876962509,rMD_DH_DM_profiles_ddo70.pdf,True,True,50.0,3.8,1.24,1.079999515916,1.999999020588,0.753968253968254,0.6436230726555424,0.3779998305706,2.7539669053334763,1.079999515916,0.4192857142857143,0.1221251369140563,0.8620693210925962,0.5475572128573869,0.0914584639421443,10.07774876962509,23.74793209579633,26.705948925696852,194.74305174208448,25.12492928710932,22.20138657610641,22.985642200138564,0.5998183331107969,0.9128717523814723,0.4772258000281369,0.598630067652101,0.6431498059917978,0.30692768070237675,24.166318838361253,1.3,22.9,0.0873362445414847,24.163839863315214,24.155262472749097,24.14502611373873
DDO_70,1.249999667858,24.480004868428,2.930006281444,8.253431836598443,5.931461723388057,10.163728413205185,rMD_DH_DM_profiles_ddo70.pdf,True,True,50.0,3.8,1.24,1.079999515916,1.999999020588,0.753968253968254,0.6436230726555424,0.3779998305706,2.7539669053334763,1.079999515916,0.4192857142857143,0.1237323621326471,0.8000002125709365,0.5631406538999028,0.0942838619527476,10.163728413205185,24.157037420884272,27.295566617622377,187.7617241969427,25.54947240977649,22.61779221620118,23.38455447210702,0.5998183331107969,0.9388520203764443,0.4842308801855638,0.6089234743517145,0.6601101904379356,0.3196457385352217,24.588934418851977,1.3,22.9,0.0873362445414847,24.58680249879273,24.578074283492423,24.567650561911048
DDO_70,1.329999113499,25.559994465851997,3.129994866648,8.044282039407719,6.03603662198342,10.05704785866422,rMD_DH_DM_profiles_ddo70.pdf,True,True,50.0,3.8,1.24,1.079999515916,1.999999020588,0.753968253968254,0.6436230726555424,0.3779998305706,2.7539669053334763,1.079999515916,0.4192857142857143,0.1244287997191137,0.751880200407932,0.5746896985017391,0.0961818457511048,10.05704785866422,24.19817465522768,27.534521447864744,182.12907375739283,25.61609223138013,22.652780806202173,23.411264224015454,0.5998183331107969,0.9581062578085353,0.48930248498405005,0.6163813266016778,0.673887394876932,0.32973477691271064,24.635379012955756,1.3,22.9,0.0873362445414847,24.633084398046353,24.62437228100762,24.613960093297383
DDO_70,1.409999119121,27.470005396464,3.2800037728199993,8.258816692618879,6.035196598208872,10.228961391134106,rMD_DH_DM_profiles_ddo70.pdf,True,True,50.0,3.8,1.24,1.079999515916,1.999999020588,0.753968253968254,0.6436230726555424,0.3779998305706,2.7539669053334763,1.079999515916,0.4192857142857143,0.1245271066302303,0.7092203012321062,0.5843441032697803,0.0975571615156232,10.228961391134106,24.700283199073684,28.165071518790647,177.05007997742155,26.113657233684215,23.187143171694512,23.918693914896636,0.5998183331107969,0.9742018058021606,0.49346617095526435,0.6225064534995233,0.6865912945268874,0.33880957712140125,25.150391433650597,1.3,22.9,0.0873362445414847,25.14793352614739,25.13898473039755,25.12829011430636
DDO_70,1.499999265441,30.389997110348,3.209994958668,8.56624540384448,5.932729047769008,10.420068822859513,rMD_DH_DM_profiles_ddo70.pdf,True,True,50.0,3.8,1.24,1.079999515916,1.999999020588,0.753968253968254,0.6436230726555424,0.3779998305706,2.7539669053334763,1.079999515916,0.4192857142857143,0.1240233043355403,0.6666669931374932,0.5932210860306574,0.0985439565168692,10.420068822859513,25.25318261854191,28.857524622426386,171.84338378621533,26.657707447777803,23.78142143387038,24.481396782910103,0.5998183331107969,0.9890012580210333,0.49723510934580556,0.6280520143553254,0.6997497827779422,0.34794015975429377,25.716913039436346,1.3,22.9,0.0873362445414847,25.7146208954839,25.705474644986587,25.69453977786102
DDO_70,1.5799992710629998,33.699998006464,2.980009250168,8.78130733009874,5.931407106645596,10.596836730383824,rMD_DH_DM_profiles_ddo70.pdf,True,True,50.0,3.8,1.24,1.079999515916,1.999999020588,0.753968253968254,0.6436230726555424,0.3779998305706,2.7539669053334763,1.079999515916,0.4192857142857143,0.1231111943833869,0.6329116844004713,0.5995624118805917,0.098978179766112,10.596836730383824,25.750127265006338,29.47238686350928,167.6084305281145,27.143296999299732,24.31938670634931,24.990307588236295,0.5998183331107969,0.9995733354316165,0.4998933110977169,0.6319635642159354,0.7105519853793079,0.3552001846783187,26.225534267817846,1.3,22.9,0.0873362445414847,26.223113128739964,26.213829455512702,26.202724118393796
DDO_70,1.6599992766849998,36.950004655988,2.6299884690999997,8.782112438429454,5.931407106645596,10.597503911109598,rMD_DH_DM_profiles_ddo70.pdf,True,True,50.0,3.8,1.24,1.079999515916,1.999999020588,0.753968253968254,0.6436230726555424,0.3779998305706,2.7539669053334763,1.079999515916,0.4192857142857143,0.1218319394680578,0.6024099010434444,0.6046214039741578,0.0990457007091369,10.597503911109598,25.93625108923812,29.81443457169301,163.64687883136182,27.33130835403548,24.53155141162689,25.18152575340965,0.5998183331107969,1.0080075426145296,0.5019939025239177,0.6350546061983171,0.7206039119911333,0.36173876995443077,26.417125045692224,1.3,22.9,0.0873362445414847,26.414622428822064,26.405219383488905,26.39397344971731
DDO_70,1.7499988630239998,40.089990800504,2.590000067936,8.999801891918805,5.931407106645596,10.778591019170882,rMD_DH_DM_profiles_ddo70.pdf,True,True,50.0,3.8,1.24,1.079999515916,1.999999020588,0.753968253968254,0.6436230726555424,0.3779998305706,2.7539669053334763,1.079999515916,0.4192857142857143,0.1200287053192321,0.5714289426862821,0.6089619594001242,0.0987387884422535,10.778591019170882,26.451518947498304,30.457934113175952,159.5763854847312,27.830336479151505,25.09661376682691,25.71424742359898,0.5998183331107969,1.015243992696766,0.5037821704845692,0.6376859829272066,0.7311091350469181,0.36831974691503244,26.943709503531228,1.3,22.9,0.0873362445414847,26.94126832484014,26.931681055018522,26.920212631456756
DDO_70,1.829999428627,41.549998302292,2.750000251976,9.94101575158504,5.931407106645596,11.57606947275403,rMD_DH_DM_profiles_ddo70.pdf,True,True,50.0,3.8,1.24,1.079999515916,1.999999020588,0.753968253968254,0.6436230726555424,0.3779998305706,2.7539669053334763,1.079999515916,0.4192857142857143,0.1181614544052255,0.5464482580468746,0.6117605587191404,0.0981714497686814,11.57606947275403,28.007513563076724,31.972906259690777,156.41845302861535,29.319098777871645,26.751906625677353,27.316322398646182,0.5998183331107969,1.0199097375807242,0.5049283730877426,0.6393725101862605,0.7398054584635159,0.3735487665434146,28.52985362246537,1.3,22.9,0.0873362445414847,28.527234690054,28.51713295976385,28.505044120488428
DDO_70,1.909998874268,42.299996253768,3.1500007120760003,11.195516274898994,5.931407106645596,12.669695139437811,rMD_DH_DM_profiles_ddo70.pdf,True,True,50.0,3.8,1.24,1.079999515916,1.999999020588,0.753968253968254,0.6436230726555424,0.3779998305706,2.7539669053334763,1.079999515916,0.4192857142857143,0.1160948292772322,0.5235605180046226,0.6136785957047037,0.0973671652129921,12.669695139437811,30.03818129978322,33.89347073004624,153.5990917082546,31.26846350963621,28.891842531407544,29.400106647274654,0.5998183331107969,1.0231074340826234,0.5057108766675807,0.6405238456571638,0.7479567899896292,0.378249883975125,30.599269544323242,1.3,22.9,0.0873362445414847,30.596436255986372,30.585569501507443,30.572567040580406
DDO_70,1.999999020588,43.940009785024,3.2800037728199993,12.257748265927107,6.036277664115067,13.66341979846676,rMD_DH_DM_profiles_ddo70.pdf,True,True,50.0,3.8,1.24,1.079999515916,1.999999020588,0.753968253968254,0.6436230726555424,0.3779998305706,2.7539669053334763,1.079999515916,0.4192857142857143,0.1135832573286067,0.5000002448531199,0.6149060701561581,0.0962219585121526,13.66341979846676,31.889888018957553,35.67719329798556,150.61966653432063,33.05359731825374,30.836222717409555,31.29672457658705,0.5998183331107969,1.0251538444433879,0.5062103539719723,0.6412587291907584,0.7565374134599318,0.3829670718605924,32.48615840537532,1.3,22.9,0.0873362445414847,32.483164941654316,32.47159885793315,32.457760449577776
DDO_87,0.2199983352159999,1.52000280788,3.59000451357,-0.6453756012869085,1.1832714000148503,0.9917769604889324,rMD_DH_DM_profiles_ddo87.pdf,True,True,55.5,29.12,6.18,3.810001517752,7.390000982361999,0.824929178470255,2.2705610952038144,1.3335005312132,10.43811470199913,3.810001517752,0.4512181303116148,0.014119239101991,0.0008751114028108,0.0090131425311696,0.0048723309438453,0.9917769604889324,3.391238602844001,5.366824641866261,7.030406600310318,3.5508117449394057,1.8123835640604904,3.098814062109963,0.6109275716699492,0.014753209626032248,0.014538716888088738,0.014644914251132568,0.08833289923899407,0.0012842470139398038,3.3930434078923093,7.7,26.1,0.2831417624521072,3.3937548926462875,3.393684346143426,3.393600873517901
DDO_87,0.450000388358,8.91001434115,3.270010277035,0.8903939531891741,2.128383467089239,2.3071232248960296,rMD_DH_DM_profiles_ddo87.pdf,True,True,55.5,29.12,6.18,3.810001517752,7.390000982361999,0.824929178470255,2.2705610952038144,1.3335005312132,10.43811470199913,3.810001517752,0.4512181303116148,0.0434467721139379,0.0036614265897352,0.0355589052871292,0.0180463598426515,2.3071232248960296,7.08247615384414,9.842542023711411,14.45138859136123,7.384568605717815,4.988032600510713,6.567505102636549,0.6109275716699492,0.05820478062551699,0.05500332420640878,0.056543274005027566,0.16540717461340015,0.009097944451326917,7.096746731572668,7.7,26.1,0.2831417624521072,7.097420984092304,7.096912956282749,7.096324141848203
DDO_87,0.6699987235739999,13.840002266295,2.2899851664999997,2.733782584551516,2.7489615500294033,3.876900414395142,rMD_DH_DM_profiles_ddo87.pdf,True,True,55.5,29.12,6.18,3.810001517752,7.390000982361999,0.824929178470255,2.2705610952038144,1.3335005312132,10.43811470199913,3.810001517752,0.4512181303116148,0.0775858007064387,0.0081165693662812,0.0732065346446332,0.0358043727900635,3.876900414395142,11.012107976478884,14.169110695110236,21.7491933463175,11.413325887171563,8.724709417340579,10.359543783893292,0.6109275716699492,0.11982850020097423,0.10700611761485687,0.11292744356231577,0.2278473368559024,0.024381058925834604,11.055315563973974,7.7,26.1,0.2831417624521072,11.055110582875274,11.05364527470768,11.051949090178093
DDO_87,0.900000776716,17.28999169385,2.769996644195,3.97474582689078,3.243834914805112,5.130406352609349,rMD_DH_DM_profiles_ddo87.pdf,True,True,55.5,29.12,6.18,3.810001517752,7.390000982361999,0.824929178470255,2.2705610952038144,1.3335005312132,10.43811470199913,3.810001517752,0.4512181303116148,0.1158042238572867,0.0146457063589408,0.1198599978864555,0.057786466480095,5.130406352609349,14.086222865740393,17.59606354421634,28.864274278393456,14.5997646404493,11.44713948752658,13.263216940081849,0.6109275716699492,0.19619346620553135,0.16401482849415694,0.17814678152713004,0.2838616034233195,0.04655751220155214,14.17102602317034,7.7,26.1,0.2831417624521072,14.170946511333632,14.16823896377391,14.16508831321422
DDO_87,1.119999111932,18.159984828195,3.060007770905,3.742036176850679,3.614643908705419,5.202738253612268,rMD_DH_DM_profiles_ddo87.pdf,True,True,55.5,29.12,6.18,3.810001517752,7.390000982361999,0.824929178470255,2.2705610952038144,1.3335005312132,10.43811470199913,3.810001517752,0.4512181303116148,0.1526638495551957,0.0226808805092221,0.167176811404001,0.0807021998575936,5.202738253612268,14.639424294422763,18.677666979425343,34.60160013243782,15.325132730730427,11.201786912748007,13.523237361667784,0.6109275716699492,0.2736442405881749,0.21485139402962689,0.23939738132590205,0.33032863111377175,0.07097156688269224,14.754982549290943,7.7,26.1,0.2831417624521072,14.754049969625825,14.750582326224155,14.746531393943023
DDO_87,1.340001240746,20.66999370129,2.95999699518,2.2716616066241064,3.9844401987085103,4.586524844813809,rMD_DH_DM_profiles_ddo87.pdf,True,True,55.5,29.12,6.18,3.810001517752,7.390000982361999,0.824929178470255,2.2705610952038144,1.3335005312132,10.43811470199913,3.810001517752,0.4512181303116148,0.1885266223595454,0.0324664612926091,0.2140712910325266,0.1044542192785852,4.586524844813809,13.614188455761749,18.26919406555705,39.9048574819828,14.548424873602745,8.697437862590665,12.02744950962065,0.6109275716699492,0.350403715529437,0.25948071047187415,0.2955963463870155,0.3711336672971447,0.09630202767029528,13.744082968192535,7.7,26.1,0.2831417624521072,13.742669878437102,13.738957866776861,13.734609986324056
DDO_87,1.5699995002899998,21.76999149691,2.7099901787599996,1.405688100667004,4.354306438408339,4.575581230392607,rMD_DH_DM_profiles_ddo87.pdf,True,True,55.5,29.12,6.18,3.810001517752,7.390000982361999,0.824929178470255,2.2705610952038144,1.3335005312132,10.43811470199913,3.810001517752,0.4512181303116148,0.2240802721129436,0.0445680448316333,0.2607085827808156,0.1293717931885221,4.575581230392607,13.849452918774968,18.96031689985096,46.07954818162795,14.961613041039156,7.836997498753579,11.891802546274944,0.6109275716699492,0.42674221113998473,0.29910253429665645,0.347368228255142,0.40879435729567787,0.12227142827331013,14.001879979885,7.7,26.1,0.2831417624521072,14.000894369342742,13.996773903581506,13.991927443837056
DDO_87,1.790001629104,26.62999200194,2.979999150325,4.232439046598124,4.7240424996692845,6.34272164152346,rMD_DH_DM_profiles_ddo87.pdf,True,True,55.5,29.12,6.18,3.810001517752,7.390000982361999,0.824929178470255,2.2705610952038144,1.3335005312132,10.43811470199913,3.810001517752,0.4512181303116148,0.2557179613579017,0.0579337187219493,0.3020974180397901,0.1527180840754428,6.34272164152346,18.011934199029582,23.170785967054897,53.24656802524677,19.01471029781248,13.252602732207109,16.277089491363515,0.6109275716699492,0.49448974321787015,0.3308753007251535,0.3901179756460096,0.44082600137869643,0.1458584357736431,18.231359669602643,7.7,26.1,0.2831417624521072,18.22936876559274,18.22367954791103,18.216973981424978
DDO_87,2.0199998886479995,28.080007389705,2.5900174936749996,5.098829099196769,4.970228142555798,7.12047933582209,rMD_DH_DM_profiles_ddo87.pdf,True,True,55.5,29.12,6.18,3.810001517752,7.390000982361999,0.824929178470255,2.2705610952038144,1.3335005312132,10.43811470199913,3.810001517752,0.4512181303116148,0.2859997602180573,0.0737780623335149,0.3415931143541607,0.176175504534605,7.12047933582209,19.939267559970467,25.33156019695882,59.95843192762657,20.965640062703063,15.203801821588636,18.13701242970041,0.6109275716699492,0.5591384808847764,0.3586201532063257,0.4282986165829815,0.4708008804094802,0.1688386838621208,20.202674475613794,7.7,26.1,0.2831417624521072,20.201008217230783,20.194449171939077,20.186699059073447
DDO_87,2.2399982238639997,29.810012703715,2.970018195645,7.06905697650986,5.093522368561598,8.712952235389569,rMD_DH_DM_profiles_ddo87.pdf,True,True,55.5,29.12,6.18,3.810001517752,7.390000982361999,0.824929178470255,2.2705610952038144,1.3335005312132,10.43811470199913,3.810001517752,0.4512181303116148,0.3121492993327749,0.0907235220368885,0.3757453926361744,0.1974104478188361,8.712952235389569,23.464090618075826,28.85099595015679,66.95069455013304,24.428359006937875,19.207517759021904,21.76393871155241,0.6109275716699492,0.6150408167192185,0.3808206023972866,0.4593811714279563,0.496612075224173,0.18912010964463616,23.793384953761944,7.7,26.1,0.2831417624521072,23.79109105620953,23.783193648221506,23.773841000747264
DDO_87,2.4600003526779997,32.640015813344995,3.2199847662799996,8.666273657998484,5.21769242225803,10.115760640140085,rMD_DH_DM_profiles_ddo87.pdf,True,True,55.5,29.12,6.18,3.810001517752,7.390000982361999,0.824929178470255,2.2705610952038144,1.3335005312132,10.43811470199913,3.810001517752,0.4512181303116148,0.335509635997739,0.1094195420201733,0.4064985066297151,0.2172733933455013,10.115760640140085,26.50326200752371,31.905705725709502,73.786953414198,27.429615365886033,22.52099179236552,24.855410727471977,0.6109275716699492,0.665379212659474,0.3995361582524607,0.48592145435333745,0.5200229147809727,0.2077679575748366,26.893621367086705,7.7,26.1,0.2831417624521072,26.890758241416396,26.88161754946342,26.87078241717677
DDO_87,2.689998612222,34.210003886195,2.7099901787599996,9.64109104668967,5.464333757028976,11.081948383689852,rMD_DH_DM_profiles_ddo87.pdf,True,True,55.5,29.12,6.18,3.810001517752,7.390000982361999,0.824929178470255,2.2705610952038144,1.3335005312132,10.43811470199913,3.810001517752,0.4512181303116148,0.3569886944635219,0.1308364240919758,0.4352711065974448,0.2364402386330994,11.081948383689852,28.667702358006164,34.19233086842252,80.57361106337275,29.58605028294042,24.781263154895584,27.013698593817654,0.6109275716699492,0.7124757938287946,0.4160501400348696,0.5095715066716997,0.542277237021288,0.22561452040042906,29.10752673299189,7.7,26.1,0.2831417624521072,29.10494384559749,29.09494595503861,29.083072703695386
DDO_87,2.910000741036,35.439995567364996,3.3399976971499994,9.507009413268731,5.707621535090683,11.088740756813246,rMD_DH_DM_profiles_ddo87.pdf,True,True,55.5,29.12,6.18,3.810001517752,7.390000982361999,0.824929178470255,2.2705610952038144,1.3335005312132,10.43811470199913,3.810001517752,0.4512181303116148,0.3748095596569152,0.1531125371821896,0.4598356641492299,0.253177049079773,11.088740756813246,28.990576689978028,34.844972328324275,86.46466969882925,29.94945523537175,24.94709799354639,27.236685467265012,0.6109275716699492,0.7526844186984148,0.42944663093278146,0.5288997764263799,0.5617152797365611,0.24122673442633105,29.44978899972687,7.7,26.1,0.2831417624521072,29.446758472816907,29.43653774902621,29.424388474788106
DDO_87,3.1399990005799996,37.239988301489994,3.4499894275549994,8.537679157556601,5.709564344461392,10.270885570432633,rMD_DH_DM_profiles_ddo87.pdf,True,True,55.5,29.12,6.18,3.810001517752,7.390000982361999,0.824929178470255,2.2705610952038144,1.3335005312132,10.43811470199913,3.810001517752,0.4512181303116148,0.3907249850897172,0.1782721793265334,0.4827179513541246,0.2689780448752098,10.270885570432633,27.69165761107159,34.080604868591905,92.15691812958616,28.742939868250268,23.226517707871285,25.730461706158188,0.6109275716699492,0.7901394105272282,0.4413842887769942,0.5462184710497355,0.5803463865093833,0.25615577705374276,28.14258686054219,7.7,26.1,0.2831417624521072,28.1400495681023,28.130207851307034,28.118498133206657
DDO_87,3.360001129394,38.88998499492,3.5299980481349995,8.658692423430146,5.832829531589681,10.440060096960712,rMD_DH_DM_profiles_ddo87.pdf,True,True,55.5,29.12,6.18,3.810001517752,7.390000982361999,0.824929178470255,2.2705610952038144,1.3335005312132,10.43811470199913,3.810001517752,0.4512181303116148,0.403500209475621,0.2041283855236763,0.5021909499966279,0.2824781165157112,10.440060096960712,28.27832297771676,34.932357017291416,98.215606801772,29.349371033835386,23.767058508486063,26.26087994368686,0.6109275716699492,0.8220138904909898,0.4511567638320674,0.56045443407278,0.5967434503636982,0.26922484390406803,28.749085169681752,7.7,26.1,0.2831417624521072,28.74634849778364,28.73629081092563,28.724308572809875
DDO_87,3.5799994646099997,39.669988554005,3.71001744444,8.646960319833,5.95822628833022,10.500970587317903,rMD_DH_DM_profiles_ddo87.pdf,True,True,55.5,29.12,6.18,3.810001517752,7.390000982361999,0.824929178470255,2.2705610952038144,1.3335005312132,10.43811470199913,3.810001517752,0.4512181303116148,0.4140398009093631,0.2317343837661818,0.5195389287220132,0.2944342532297691,10.500970587317903,28.637421641097426,35.572756142800834,104.22643410012049,29.731399393461796,24.066130018094203,26.55965129953092,0.6109275716699492,0.850410020457698,0.4595792343619873,0.5727602809943977,0.6119070861688386,0.28121979016214943,29.123137049322985,7.7,26.1,0.2831417624521072,29.12023733764653,29.10996054269071,29.097715472139463
DDO_87,3.810001517752,40.290015117714994,3.3500188976149996,8.05628295994441,6.19448521504625,10.162447648579414,rMD_DH_DM_profiles_ddo87.pdf,True,True,55.5,29.12,6.18,3.810001517752,7.390000982361999,0.824929178470255,2.2705610952038144,1.3335005312132,10.43811470199913,3.810001517752,0.4512181303116148,0.4228452226001689,0.2624670870446335,0.5356327856227543,0.3053405063237621,10.162447648579414,28.178172967373428,35.49360433486204,110.3130542047632,29.32305657579207,23.408596497747567,25.982194499832143,0.6109275716699492,0.8767533345378746,0.46716492700611795,0.5838682385175848,0.6265870052277819,0.29271947256021874,28.66405527072286,7.7,26.1,0.2831417624521072,28.661446341907848,28.65132889258996,28.63926193124278
DDO_87,4.029999852968,41.010012211364995,3.990007370685,8.887812292725739,6.4405910267820055,10.976084006830106,rMD_DH_DM_profiles_ddo87.pdf,True,True,55.5,29.12,6.18,3.810001517752,7.390000982361999,0.824929178470255,2.2705610952038144,1.3335005312132,10.43811470199913,3.810001517752,0.4512181303116148,0.4293212909002975,0.2481389668695703,0.5492685654737051,0.314314791476778,10.976084006830106,30.050306148753055,37.448568673667715,107.96768260341749,31.153314865964617,25.55788595881263,27.939045645405244,0.6109275716699492,0.8990731323065002,0.4734273351624642,0.5930533292839739,0.6396255644725338,0.30281622649001866,30.575476451525375,7.7,26.1,0.2831417624521072,30.57249664621417,30.561678331849617,30.548769710092305
DDO_87,4.26000190611,42.669989859475,3.880015640279999,11.68706362773704,6.445389257175549,13.346553821690753,rMD_DH_DM_profiles_ddo87.pdf,True,True,55.5,29.12,6.18,3.810001517752,7.390000982361999,0.824929178470255,2.2705610952038144,1.3335005312132,10.43811470199913,3.810001517752,0.4512181303116148,0.4342360706492824,0.2347416790038822,0.5618715367483192,0.322253849434047,13.346553821690753,34.94313366418054,42.04383628692153,106.74456544960545,35.91767938298677,31.11828066620672,33.09833186771503,0.6109275716699492,0.9197023719398734,0.4790859173708825,0.6013623308137142,0.6523177106250987,0.3125162288120993,35.56117607908711,7.7,26.1,0.2831417624521072,35.55792697970585,35.5453123035999,35.530255356780984
DDO_87,4.480000241326,44.39999517348499,3.1400163914849997,13.792975128978227,6.445389257175549,15.224624973546176,rMD_DH_DM_profiles_ddo87.pdf,True,True,55.5,29.12,6.18,3.810001517752,7.390000982361999,0.824929178470255,2.2705610952038144,1.3335005312132,10.43811470199913,3.810001517752,0.4512181303116148,0.4373261589641883,0.2232142736903107,0.572501132627492,0.3285504719407558,15.224624973546176,38.707494739801845,45.60919594837221,105.698003816159,39.605980442492225,35.26750453564595,37.01748905879034,0.6109275716699492,0.9371014817068744,0.4837647849410288,0.608238280216366,0.663648549800302,0.3210497979705687,39.39886330840526,7.7,26.1,0.2831417624521072,39.39518204286498,39.38125706008363,39.364621323220504
DDO_87,4.699998576542,47.73001191595501,3.060007770905,15.159544345309095,6.445389257175549,16.472851223571073,rMD_DH_DM_profiles_ddo87.pdf,True,True,55.5,29.12,6.18,3.810001517752,7.390000982361999,0.824929178470255,2.2705610952038144,1.3335005312132,10.43811470199913,3.810001517752,0.4512181303116148,0.4389952587177732,0.2127660218858502,0.5818718255357117,0.3336634194701161,16.472851223571073,41.240174704786334,48.09394862010856,104.50711502408822,42.09830468267011,38.01720023489726,39.63312733303727,0.6109275716699492,0.952439949542931,0.48782035512329,0.6142014548615655,0.6742641621149568,0.3289197830098258,41.98301089673681,7.7,26.1,0.2831417624521072,41.97899223434585,41.96406945070468,41.94624508999716
DDO_87,4.930000629684,49.950009662339994,3.230005966745,16.75996453607572,6.567288556672371,18.000713603552377,rMD_DH_DM_profiles_ddo87.pdf,True,True,55.5,29.12,6.18,3.810001517752,7.390000982361999,0.824929178470255,2.2705610952038144,1.3335005312132,10.43811470199913,3.810001517752,0.4512181303116148,0.4393774752790817,0.2028397306845978,0.5904510527003867,0.3378339690216159,18.000713603552377,44.23900692583946,50.98519478654301,103.6719975914061,45.051741536368326,41.24830701915123,42.72584710317023,0.6109275716699492,0.9664829025254326,0.49147790773275385,0.619581342525676,0.6846688936286855,0.3364996353303258,45.041887893104246,7.7,26.1,0.2831417624521072,45.03776860903585,45.02178344257885,45.002678903042685
DDO_87,5.1499989649,50.58001718073,3.610006668715,17.62904909525831,6.690502443120847,18.85593261932259,rMD_DH_DM_profiles_ddo87.pdf,True,True,55.5,29.12,6.18,3.810001517752,7.390000982361999,0.824929178470255,2.2705610952038144,1.3335005312132,10.43811470199913,3.810001517752,0.4512181303116148,0.438580791917547,0.1941747963088022,0.597602001107187,0.3407856259568667,18.85593261932259,46.01297290598168,52.79861468059379,102.6277777033861,46.804297326304024,43.150786220346255,44.54719110177367,0.6109275716699492,0.9781879699317921,0.4944868661624305,0.6240082096220445,0.6940175570559227,0.34318256685028903,46.853208027150586,7.7,26.1,0.2831417624521072,46.84878015744796,46.83214167156762,46.81225204096379
DDO_87,5.380001018042,49.380008609384994,3.33001674247,17.267415477049923,6.6913326782833975,18.51857365642739,rMD_DH_DM_profiles_ddo87.pdf,True,True,55.5,29.12,6.18,3.810001517752,7.390000982361999,0.824929178470255,2.2705610952038144,1.3335005312132,10.43811470199913,3.810001517752,0.4512181303116148,0.4366729538120903,0.1858735707756316,0.6040784183405679,0.3428780554389792,18.51857365642739,45.712364710081104,52.82840637819028,100.7230049993465,46.517360708086294,42.84305199703148,44.22741019004236,0.6109275716699492,0.9887889274490275,0.49718143227864997,0.6279730300416815,0.7032164353946393,0.3496261545513935,46.551700693822326,7.7,26.1,0.2831417624521072,46.547434030708416,46.53087482416749,46.51107926987578
DDO_87,5.599999353257999,52.3299844041,3.3399976971499994,16.774904594531325,6.814089141522408,18.10605520217592,rMD_DH_DM_profiles_ddo87.pdf,True,True,55.5,29.12,6.18,3.810001517752,7.390000982361999,0.824929178470255,2.2705610952038144,1.3335005312132,10.43811470199913,3.810001517752,0.4512181303116148,0.4339427648849565,0.1785714491945814,0.6094044359048323,0.3440125794016209,18.10605520217592,45.23998601947625,52.69078070609789,98.92267654615124,46.06034619660656,42.35742917648925,43.73394499220964,0.6109275716699492,0.997506847234029,0.4993759338623987,0.6312022348970094,0.7115121457903849,0.35531204225851265,46.07434859519171,7.7,26.1,0.2831417624521072,46.07009337400966,46.05377880057714,46.03426226632727
DDO_87,5.820001482072,54.110015228865,3.25000812189,16.527773677510083,6.6913326782833975,17.830906756148394,rMD_DH_DM_profiles_ddo87.pdf,True,True,55.5,29.12,6.18,3.810001517752,7.390000982361999,0.824929178470255,2.2705610952038144,1.3335005312132,10.43811470199913,3.810001517752,0.4512181303116148,0.4304384671108064,0.1718212620873743,0.6139571676678489,0.3443766956943169,17.830906756148394,44.98976641351661,52.73878017712062,97.3168788540389,45.8207135957519,42.11429269945577,43.47342708338435,0.6109275716699492,1.004959010099378,0.5012366861552776,0.6339403607552676,0.7193568341488141,0.3605680357119032,45.82263439308381,7.7,26.1,0.2831417624521072,45.818345131430206,45.802038275806936,45.78253804779783
DDO_87,6.049999741615999,53.5099908203,3.619987623395,16.035075435118344,6.690901311798789,17.375033944547173,rMD_DH_DM_profiles_ddo87.pdf,True,True,55.5,29.12,6.18,3.810001517752,7.390000982361999,0.824929178470255,2.2705610952038144,1.3335005312132,10.43811470199913,3.810001517752,0.4512181303116148,0.4260566862123124,0.1652892632575373,0.6179643407258728,0.3440125005744687,17.375033944547173,44.39808628839215,52.49663829849578,95.57509142078084,45.2453454198296,41.51233941475406,42.862474337293705,0.6109275716699492,1.011518172337007,0.5028630545066429,0.6363335480856485,0.7271144169565809,0.365638976686603,45.222692346120894,7.7,26.1,0.2831417624521072,45.21855077203947,45.20248650737577,45.18326892605298
DDO_87,6.27000187043,51.459991269754994,3.699996243975,15.665345144296133,6.567668148408386,16.986385825052377,rMD_DH_DM_profiles_ddo87.pdf,True,True,55.5,29.12,6.18,3.810001517752,7.390000982361999,0.824929178470255,2.2705610952038144,1.3335005312132,10.43811470199913,3.810001517752,0.4512181303116148,0.4212742181611849,0.1594895855958364,0.6211399541640478,0.3430242857953796,16.986385825052377,43.8937493825136,52.311600220667806,94.01446304368054,44.75491873860947,41.00644261646086,42.344395148920334,0.6109275716699492,1.0167161918493601,0.5041444085977291,0.6382189888743939,0.7341438609679156,0.3701145226133233,44.71108493291727,7.7,26.1,0.2831417624521072,44.706933726851304,44.691048614789246,44.672043583019565
DDO_87,6.500000129974,50.600019335875,3.579983313105,15.29432269300693,6.444327267533632,16.59655568390334,rMD_DH_DM_profiles_ddo87.pdf,True,True,55.5,29.12,6.18,3.810001517752,7.390000982361999,0.824929178470255,2.2705610952038144,1.3335005312132,10.43811470199913,3.810001517752,0.4512181303116148,0.4157492947283391,0.1538461507698462,0.623834514446442,0.3413944594817144,16.59655568390334,43.373275014304056,52.11704152797669,92.4592902465633,44.248318365662584,40.48855336346833,41.81222781080044,0.6109275716699492,1.0211267969805524,0.5052264897511909,0.6398111482841209,0.7411156439241685,0.37443125527950116,44.18266850836105,7.7,26.1,0.2831417624521072,44.178613866218164,44.162891218723196,44.144083006315135
DDO_87,6.719998465189999,50.029978037135,3.279991231715,14.810853263311076,6.323802152835793,16.10440461661166,rMD_DH_DM_profiles_ddo87.pdf,True,True,55.5,29.12,6.18,3.810001517752,7.390000982361999,0.824929178470255,2.2705610952038144,1.3335005312132,10.43811470199913,3.810001517752,0.4512181303116148,0.4100417446075163,0.1488095577967853,0.6258644187239881,0.3393273784338975,16.10440461661166,42.62325342097705,51.70437956590081,90.9172267890452,43.516248819388935,39.725871099432176,41.04349281293507,0.6109275716699492,1.0244494564440914,0.5060385445451023,0.6410059471268736,0.7474505251924101,0.37823877588783955,43.4199410019302,7.7,26.1,0.2831417624521072,43.41595866935865,43.40058136026749,43.382174661764836
DDO_87,6.940000594004,53.2500030492,3.369980806975,15.186855860129352,6.448601227570056,16.499243882934856,rMD_DH_DM_profiles_ddo87.pdf,True,True,55.5,29.12,6.18,3.810001517752,7.390000982361999,0.824929178470255,2.2705610952038144,1.3335005312132,10.43811470199913,3.810001517752,0.4512181303116148,0.4039910491690916,0.1440922066871257,0.6274058029970371,0.3368210232610795,16.499243882934856,43.57287110282494,52.768505594873375,90.24052315409844,44.44892259515216,40.78625998903255,42.0404321051028,0.6109275716699492,1.0269724793759845,0.5066533906233123,0.6419105557007296,0.753482884994487,0.3817546584590921,44.38830711054023,7.7,26.1,0.2831417624521072,44.38420359264006,44.36839860981451,44.34949440779565
DDO_87,7.169998853548,55.32998570957,2.5399919829199997,16.051671382816952,6.698983304335724,17.393462320472985,rMD_DH_DM_profiles_ddo87.pdf,True,True,55.5,29.12,6.18,3.810001517752,7.390000982361999,0.824929178470255,2.2705610952038144,1.3335005312132,10.43811470199913,3.810001517752,0.4512181303116148,0.3973665173987901,0.1394700362476572,0.6285393986097831,0.3337890802223605,17.393462320472985,45.482554085993634,54.67518780614422,90.07275490355192,46.32400754519195,42.865386335346635,44.03006418155796,0.6109275716699492,1.0288280113004111,0.5071045971220433,0.6425743860267821,0.7594887265660532,0.38514022470401205,46.33449356327337,7.7,26.1,0.2831417624521072,46.33029591652525,46.31401770163714,46.294516438410085
DDO_87,7.390000982361999,56.630005056639995,3.0099822601499997,16.99495230407462,7.170608771784639,18.445759240968265,rMD_DH_DM_profiles_ddo87.pdf,True,True,55.5,29.12,6.18,3.810001517752,7.390000982361999,0.824929178470255,2.2705610952038144,1.3335005312132,10.43811470199913,3.810001517752,0.4512181303116148,0.3908023591357566,0.1353179793056508,0.6292053770066981,0.3305461050073429,18.445759240968265,47.661613928282144,56.79929814420909,90.200462789414,48.46609375138396,45.2131357360107,46.29121362097524,0.6109275716699492,1.0299181215324547,0.5073692926860194,0.6429638070512833,0.7649659432884747,0.388120229575167,48.554839986399514,7.7,26.1,0.2831417624521072,48.55029616393265,48.53286413547954,48.51202065719365
F564-V3,0.33999953852,11.969999577035,3.759984302716,1.8494685198155332,0.0,1.8494685198155332,rMD_DH_DM_profiles_f564_v3.pdf,True,True,56.5,4.37,,1.854999737765,3.36999993701,1.0,1.1054825612425507,0.64924990821775,5.0549999055149994,1.854999737765,0.53,0.0400259188137855,0.0181102771878854,0.0786538125742381,0.0172546288588728,1.8494685198155332,5.785032753816012,8.207005159024861,28.60665947526203,6.567616774734125,3.190007196254446,5.171619728973524,0.6101200301338717,0.12891530959404823,0.11419395989979574,0.12095159064015981,0.23521532267736261,0.02686016912563626,5.809259052256528,8.7,7.0,0.53,5.819014623105098,5.818192490903656,5.817201883102334
F564-V3,0.67000059431,17.989999761946997,3.340013543453,2.481711343690482,0.0,2.481711343690482,rMD_DH_DM_profiles_f564_v3.pdf,True,True,56.5,4.37,,1.854999737765,3.36999993701,1.0,1.1054825612425507,0.64924990821775,5.0549999055149994,1.854999737765,0.53,0.0945798731222926,0.0703264699057852,0.221569269633413,0.0492495479608363,2.481711343690482,7.843060277751707,11.2573587073241,55.76168506683304,9.42049236085504,2.5453960584602644,6.506159352321316,0.6101200301338717,0.363156852242331,0.26640870538482386,0.3045226622365552,0.37736240539071075,0.10053262988104233,7.9198995203238916,8.7,7.0,0.53,7.918523971577946,7.916375052271428,7.9138658225117355
F564-V3,1.01000013283,21.389984844243997,2.0700040167769997,2.6927749060369175,0.0,2.6927749060369175,rMD_DH_DM_profiles_f564_v3.pdf,True,True,56.5,4.37,,1.854999737765,3.36999993701,1.0,1.1054825612425507,0.64924990821775,5.0549999055149994,1.854999737765,0.53,0.1425238158303286,0.1598127056130278,0.3502978258844179,0.0831520839019713,2.6927749060369175,8.749183261944491,12.974592127482287,83.6815977911431,10.936257910369145,0.0,6.645234674643469,0.6101200301338717,0.5741457558893059,0.36473481171693983,0.43681423850217616,0.47743247234305275,0.17413624290759644,8.866747899138288,8.7,7.0,0.53,8.864357464698365,8.861415181003697,8.857942140839642
F564-V3,1.34999967135,27.66000243089,2.5199945429329995,5.3289250679182105,0.0,5.3289250679182105,rMD_DH_DM_profiles_f564_v3.pdf,True,True,56.5,4.37,,1.854999737765,3.36999993701,1.0,1.1054825612425507,0.64924990821775,5.0549999055149994,1.854999737765,0.53,0.1772232621311117,0.2855194956960414,0.4446797404681202,0.1119764086482024,5.3289250679182105,15.2592412295973,19.779603703404945,112.2802940988653,16.955766824528304,11.38951228262632,13.75601121253576,0.6101200301338717,0.7288397667759722,0.4215773958827598,0.5175315586042997,0.549790038563888,0.23177905274004595,15.49648511388474,8.7,7.0,0.53,15.493208899500457,15.48779478658234,15.48137060453656
F564-V3,1.68999920987,33.769993921539,2.9800143230339997,7.543115008307844,0.0,7.543115008307844,rMD_DH_DM_profiles_f564_v3.pdf,True,True,56.5,4.37,,1.854999737765,3.36999993701,1.0,1.1054825612425507,0.64924990821775,5.0549999055149994,1.854999737765,0.53,0.1991773392683219,0.4474468401548259,0.5109404607182636,0.1338053397755181,7.543115008307844,20.33147506581414,25.01664191750223,140.73057948440098,21.821234405706495,17.24733864453716,19.006566308583697,0.6101200301338717,0.8374425284909163,0.4557652908897805,0.5671839761667439,0.6045466750432112,0.2755313912075188,20.673428770482293,8.7,7.0,0.53,20.67008359709362,20.66277299942995,20.654065408225584
F564-V3,2.02000026566,39.06000040913899,4.389991437817,8.175303943116617,0.0,8.175303943116617,rMD_DH_DM_profiles_f564_v3.pdf,True,True,56.5,4.37,,1.854999737765,3.36999993701,1.0,1.1054825612425507,0.64924990821775,5.0549999055149994,1.854999737765,0.53,0.2103732374357645,0.4950494398441415,0.5556011321484721,0.1483411079032329,8.175303943116617,22.086222259476376,27.225899150950415,148.13021015927475,23.581510733424725,19.11513293419035,20.736923216684183,0.6101200301338717,0.9106423403712263,0.4766158067000096,0.5977342505026553,0.6463002286471949,0.30803690484708346,22.474831586219068,8.7,7.0,0.53,22.471459629453882,22.46346987215354,22.453937516540012
F564-V3,2.35999980418,39.219992507665,4.5199977669210005,9.124364961753118,0.0,9.124364961753118,rMD_DH_DM_profiles_f564_v3.pdf,True,True,56.5,4.37,,1.854999737765,3.36999993701,1.0,1.1054825612425507,0.64924990821775,5.0549999055149994,1.854999737765,0.53,0.2139289273674627,0.4237288487180436,0.5869844016517838,0.1573246668375328,9.124364961753118,24.4415661728622,29.926477549539303,137.69971800832073,25.875350590441897,21.746453730442813,23.154042588511356,0.6101200301338717,0.9620802016989811,0.4903368378448078,0.6179027805964243,0.6810018217744537,0.333920279855439,24.884109963097654,8.7,7.0,0.53,24.880888449649614,24.872002317222854,24.86138308570818
F564-V3,2.6999993427,34.639989204429,3.889990631819999,9.124374243402633,0.0,9.124374243402633,rMD_DH_DM_profiles_f564_v3.pdf,True,True,56.5,4.37,,1.854999737765,3.36999993701,1.0,1.1054825612425507,0.64924990821775,5.0549999055149994,1.854999737765,0.53,0.2116425309093325,0.3703704605350014,0.6075099293081975,0.1613704111300653,9.124374243402633,24.879776309561915,30.90151904155444,129.11369685543875,26.33760772436921,22.26772957734808,23.58276740431409,0.6101200301338717,0.9957219879748882,0.49892820441652475,0.6305433949978746,0.7095026098804332,0.3539908631764826,25.338219686728316,8.7,7.0,0.53,25.335233095636738,25.326186178331305,25.315391668078128
F564-V3,3.04000058541,30.300008046453,3.959991424609,8.491615293327744,0.0,8.491615293327744,rMD_DH_DM_profiles_f564_v3.pdf,True,True,56.5,4.37,,1.854999737765,3.36999993701,1.0,1.1054825612425507,0.64924990821775,5.0549999055149994,1.854999737765,0.53,0.2053981772556047,0.3289473050759731,0.6200074624768177,0.1616302507119119,8.491615293327744,23.95056512265374,30.622034721149987,121.77746407665528,25.491800577487407,21.309893782843886,22.598053174160608,0.6101200301338717,1.0162057166698437,0.5040188648747139,0.6380342615024361,0.7333284150159384,0.36961135531670636,24.396431076536782,8.7,7.0,0.53,24.393819123204537,24.385415300070516,24.37530695285002
F564-V3,3.36999993701,23.659995982914,4.440001717657999,7.964793901609863,0.0,7.964793901609863,rMD_DH_DM_profiles_f564_v3.pdf,True,True,56.5,4.37,,1.854999737765,3.36999993701,1.0,1.1054825612425507,0.64924990821775,5.0549999055149994,1.854999737765,0.53,0.1969447035719664,0.2967359105909184,0.6263800734564113,0.1592316407085115,7.964793901609863,23.123684815474288,30.364590377952176,115.7360302842772,24.732374640743444,20.496481339783347,21.74124039455065,0.6101200301338717,1.026650564674908,0.5065750270765556,0.6417952628880794,0.7529914234556417,0.3814466507254558,23.556360955834062,8.7,7.0,0.53,23.55353074857752,23.54489295163205,23.53459618771924
HARO_36,0.320000341072,12.89000533061,7.19001513271,3.462904885784677,5.432936654736829,6.4427099067375675,rMD_DH_DM_profiles_haro36.pdf,True,True,70.0,11.16,5.81,1.5799992895,2.83999983429,0.657631113730112,0.9415967160309892,0.5529997513249999,3.7738359612987327,1.5799992895,0.3759340011785504,0.0391128736554394,0.0259615254648719,0.093108467815214,0.0203426935430676,6.4427099067375675,14.295994883406404,15.604383492657146,36.46247485019615,14.690779845490894,13.476509132439638,14.016121641940762,0.5891931622958348,0.1580270678166222,0.13646232649343076,0.14617332956804863,0.25364702562545455,0.03461326322498838,14.367566752200892,9.3,10.0,0.316,14.373634912142451,14.37132160136493,14.368613022890614
HARO_36,0.629999474214,19.40998455417,7.30000119499,6.822165112563195,9.771975181668768,11.917778139159362,rMD_DH_DM_profiles_haro36.pdf,True,True,70.0,11.16,5.81,1.5799992895,2.83999983429,0.657631113730112,0.9415967160309892,0.5529997513249999,3.7738359612987327,1.5799992895,0.3759340011785504,0.0897518585141921,0.1006258817628272,0.2497796824872511,0.0550923575011563,11.917778139159362,24.17911480631625,25.51460277867897,70.32507460472851,24.805823701417285,23.07388969832069,23.731208149636014,0.5891931622958348,0.42393513447095355,0.2977208190234464,0.3455336671630347,0.40086599733726264,0.1193461530459005,24.443994074332906,9.3,10.0,0.316,24.439951255486843,24.43273731180334,24.42426474096439
HARO_36,0.949999815286,25.64998996306,7.36998613053,10.464888202827009,12.71446086362486,16.467282719086235,rMD_DH_DM_profiles_haro36.pdf,True,True,70.0,11.16,5.81,1.5799992895,2.83999983429,0.657631113730112,0.9415967160309892,0.5529997513249999,3.7738359612987327,1.5799992895,0.3759340011785504,0.1317882994229086,0.2288107194771235,0.3803077018413167,0.0890502761659554,16.467282719086235,32.10038842543075,33.4906851596016,104.62683698696422,32.82037241096908,30.882833104305465,31.555481824330776,0.5891931622958348,0.6454720220435342,0.3922716481328644,0.4755850517392245,0.5022211658553741,0.19700712445729626,32.56452791170033,9.3,10.0,0.316,32.560654634361484,32.54966540494197,32.536644893607175
HARO_36,1.259998948428,31.70000705619,6.73998542063,13.405938869421178,12.862305000142436,18.57843068957512,rMD_DH_DM_profiles_haro36.pdf,True,True,70.0,11.16,5.81,1.5799992895,2.83999983429,0.657631113730112,0.9415967160309892,0.5529997513249999,3.7738359612987327,1.5799992895,0.3759340011785504,0.1592538647872714,0.4025035270513089,0.4672882082089684,0.1146979444269211,18.57843068957512,36.47165391882495,38.121590476082154,137.01871274008153,37.250688991000025,35.178320011518224,35.853937852440566,0.5891931622958348,0.7930984914830737,0.4423061506382179,0.5475592625964522,0.5723116959069897,0.25313698318185096,37.066806560344176,9.3,10.0,0.316,37.06181449103141,37.04881614380169,37.03335218908141
HARO_36,1.5799992895,33.92998469067,4.88000117224,15.252259568871487,12.856026179356164,19.947652269891886,rMD_DH_DM_profiles_haro36.pdf,True,True,70.0,11.16,5.81,1.5799992895,2.83999983429,0.657631113730112,0.9415967160309892,0.5529997513249999,3.7738359612987327,1.5799992895,0.3759340011785504,0.1753529882242485,0.6329116770150295,0.5263990725730068,0.1327459567500592,19.947652269891886,39.72347502985491,41.68490052770029,170.3157980878651,40.52964112225781,38.41769512613395,39.067221548703706,0.5891931622958348,0.8934235939226683,0.4718561640355042,0.5907477618841143,0.626587005227782,0.29565894072127563,40.415373346244834,9.3,10.0,0.316,40.41113317853451,40.396828416134646,40.379762868437126
HARO_36,1.890000019004,36.6299926006,6.580014986180001,15.389927602715009,11.737171242153876,19.354871748075553,rMD_DH_DM_profiles_haro36.pdf,True,True,70.0,11.16,5.81,1.5799992895,2.83999983429,0.657631113730112,0.9415967160309892,0.5529997513249999,3.7738359612987327,1.5799992895,0.3759340011785504,0.1816662429013118,0.5291005237804093,0.5628550517960146,0.1429426282623251,19.354871748075553,40.11656144960269,42.62925589694527,156.6519177267827,40.969702023988226,38.776664998941534,39.41649486350438,0.5891931622958348,0.955298003803724,0.4885690068446561,0.6153025138446495,0.6674679327106393,0.32610414498509277,40.84027752885343,9.3,10.0,0.316,40.8358427611256,40.82132965924057,40.80399172091223
HARO_36,2.210000360076,39.51000558086,8.529984733480001,14.68937390521449,10.896505601608354,18.289656641202388,rMD_DH_DM_profiles_haro36.pdf,True,True,70.0,11.16,5.81,1.5799992895,2.83999983429,0.657631113730112,0.9415967160309892,0.5529997513249999,3.7738359612987327,1.5799992895,0.3759340011785504,0.1812984893390867,0.4524886140586922,0.585519952290551,0.1474536389507735,18.289656641202388,39.604498411497,42.78073818999201,145.52919612598117,40.50283837883011,38.24946444579702,38.87262209509163,0.5891931622958348,0.9937656947834036,0.4984365501841796,0.6298199221251649,0.7012318855194216,0.3495196018974481,40.33353891368139,9.3,10.0,0.316,40.32957981302139,40.315245061003566,40.29810454258297
HARO_36,2.519999493218,41.42999151936,8.8200099386,14.269484383399591,10.196689731916855,17.53826291446971,rMD_DH_DM_profiles_haro36.pdf,True,True,70.0,11.16,5.81,1.5799992895,2.83999983429,0.657631113730112,0.9415967160309892,0.5529997513249999,3.7738359612987327,1.5799992895,0.3759340011785504,0.1764559897699746,0.3968254766285748,0.5972195622751412,0.1474770662995004,17.53826291446971,39.28776016586348,43.06872479403255,136.89921602784636,40.21106399459136,37.95854462181942,38.549752627555144,0.5891931622958348,1.0136226970931415,0.5033826339742811,0.6370980883575326,0.7279877088161957,0.36645637036479856,40.018213004876074,9.3,10.0,0.316,40.01427622302689,40.00007547450972,39.98308614674442
HARO_36,2.83999983429,49.80998906382,8.50998417011,13.151005412759517,9.635695510766707,16.30323806311617,rMD_DH_DM_profiles_haro36.pdf,True,True,70.0,11.16,5.81,1.5799992895,2.83999983429,0.657631113730112,0.9415967160309892,0.5529997513249999,3.7738359612987327,1.5799992895,0.3759340011785504,0.1685949638224865,0.3521126966016179,0.6017650214678938,0.1443656471307291,16.30323806311617,38.036088708628114,42.5444212471846,129.25486937366995,38.99620846839792,36.72385142699598,37.28956047573505,0.5891931622958348,1.0213374152596608,0.5052780439076076,0.6398870026517848,0.7510055069330268,0.379466593506961,38.745957477716075,9.3,10.0,0.316,38.74227539860779,38.72848244090727,38.71198109337186
NGC_1569,0.38000058,12.069986267448,5.349980391678,6.901662433860878,6.777324908544873,9.672904282941564,rMD_DH_DM_profiles_ngc1569.pdf,True,True,69.1,20.24,20.69,1.715000115,3.04999965,0.4945028096750549,1.0220501281287246,0.60025004025,3.8041163482164673,1.715000115,0.3025262643537747,0.0479093915294661,0.028627014532179,0.107914560640791,0.0278150279823827,9.672904282941564,19.33609117290661,20.31319385225575,40.18133439165721,19.676069598536596,18.601255171272157,19.05387164048902,0.5765921532185343,0.18715925986576906,0.15765303459531704,0.1706883501943911,0.2710319803676541,0.042729014177339056,19.447971768126738,3.4,31.5,0.0968253968253968,19.44739644958118,19.44380271183517,19.43962421370815
NGC_1569,0.50999911,16.019996066256002,7.490001954348,6.910049911341245,9.252111415137158,11.547742438041231,rMD_DH_DM_profiles_ngc1569.pdf,True,True,69.1,20.24,20.69,1.715000115,3.04999965,0.4945028096750549,1.0220501281287246,0.60025004025,3.8041163482164673,1.715000115,0.3025262643537747,0.0696896610932775,0.0515639734267438,0.1693882598734072,0.0432312090780284,11.547742438041231,22.85011420257628,23.93543280020985,52.505609241037895,23.301211723691996,21.944848869881124,22.478622580613656,0.5765921532185343,0.293774826674076,0.22706797243016918,0.254555673275095,0.33288689247541614,0.07558795172297249,23.04078328185994,3.4,31.5,0.0968253968253968,23.039637284471212,23.03398776698348,23.027382464769808
NGC_1569,0.62999946,17.609978421372002,7.910017637208001,8.024180468924305,10.97582268707361,13.596181664568403,rMD_DH_DM_profiles_ngc1569.pdf,True,True,69.1,20.24,20.69,1.715000115,3.04999965,0.4945028096750549,1.0220501281287246,0.60025004025,3.8041163482164673,1.715000115,0.3025262643537747,0.0891058824564879,0.0786842652767237,0.2252824988397113,0.0578914572605408,13.596181664568403,26.378465784435186,27.48780751613804,64.0772243048173,26.89817680126604,25.376645434915417,25.947520315672612,0.5765921532185343,0.3907137785038967,0.2809447814087375,0.32342622171241175,0.38134415850894643,0.1071366512537949,26.65107172680094,3.4,31.5,0.0968253968253968,26.648760819689507,26.64120261506751,26.632329234525308
NGC_1569,0.76000116,20.490001943844003,8.999999992728,10.00932766056738,12.70156101741389,16.17146537873694,rMD_DH_DM_profiles_ngc1569.pdf,True,True,69.1,20.24,20.69,1.715000115,3.04999965,0.4945028096750549,1.0220501281287246,0.60025004025,3.8041163482164673,1.715000115,0.3025262643537747,0.1086697373204643,0.114508058128716,0.2813762562670956,0.0734823302781693,16.17146537873694,30.520729770778424,31.599650674224673,76.7732752481601,31.08211117537855,29.46662043796706,30.048168084697895,0.5765921532185343,0.48799876081638444,0.32795642957971677,0.386146366280289,0.4264754696247003,0.13986537232144966,30.889240518827968,3.4,31.5,0.0968253968253968,30.886729606105256,30.877153425014992,30.865865553914826
NGC_1569,0.8899996899999999,21.069986260176,8.279994112110002,12.162913389326851,13.77832345446128,18.378755652438063,rMD_DH_DM_profiles_ngc1569.pdf,True,True,69.1,20.24,20.69,1.715000115,3.04999965,0.4945028096750549,1.0220501281287246,0.60025004025,3.8041163482164673,1.715000115,0.3025262643537747,0.1263022455238111,0.1570316703250832,0.3313672552530067,0.088256997705537,18.378755652438063,34.095903849510144,35.17642394192681,89.26402432064386,34.68800249946906,33.000565934875596,33.58799115813612,0.5765921532185343,0.5746995573965349,0.36495822628329866,0.43712604527824306,0.4654688813866891,0.1698766973409572,34.55434028040274,3.4,31.5,0.0968253968253968,34.55139022802071,34.540101241144555,34.52675327019901
NGC_1569,1.02000139,23.480003901828,9.940011754368,14.270308125793058,14.77096365428554,20.538331511622356,rMD_DH_DM_profiles_ngc1569.pdf,True,True,69.1,20.24,20.69,1.715000115,3.04999965,0.4945028096750549,1.0220501281287246,0.60025004025,3.8041163482164673,1.715000115,0.3025262643537747,0.141816734124838,0.2062571757331323,0.3749922233470968,0.1018883741134986,20.538331511622356,37.5288662316938,38.60856180491208,101.72176017295314,38.13796543114368,36.41283914139764,36.99633296259365,0.5765921532185343,0.6503595674236845,0.3940714376800547,0.47814190015070546,0.4994983627713267,0.19683803793613022,38.07400371992227,3.4,31.5,0.0968253968253968,38.07087132245969,38.05804077265421,38.042832235805015
NGC_1569,1.1399985700000002,24.339982336734,11.710007832138,14.041897584033755,15.63367931957614,21.01396718441893,rMD_DH_DM_profiles_ngc1569.pdf,True,True,69.1,20.24,20.69,1.715000115,3.04999965,0.4945028096750549,1.0220501281287246,0.60025004025,3.8041163482164673,1.715000115,0.3025262643537747,0.154219461974065,0.2576416979363788,0.4098930847442075,0.1132899188641054,21.01396718441893,38.8446954035755,40.04778549198372,112.58217073739704,39.48782692675001,37.671905456885256,38.27247221409795,0.5765921532185343,0.710889113658912,0.41550858438663085,0.5087927358398556,0.5272770086014623,0.21908812342361098,39.4398751465182,3.4,31.5,0.0968253968253968,39.43615901081995,39.42261215837442,39.406526965161426
NGC_1569,1.27000027,25.579984296132,9.029994111504,14.901611816172352,16.13219449214244,21.961460193989794,rMD_DH_DM_profiles_ngc1569.pdf,True,True,69.1,20.24,20.69,1.715000115,3.04999965,0.4945028096750549,1.0220501281287246,0.60025004025,3.8041163482164673,1.715000115,0.3025262643537747,0.1656238310149451,0.3197533962877806,0.442427987960115,0.1242798999894356,21.961460193989794,40.73790494191123,42.027992768070185,124.56824152588716,41.39992429937223,39.537361751775215,40.13935592880335,0.5765921532185343,0.7673153120285879,0.43417001301699576,0.5357422159846432,0.5540891557344696,0.24056889595781086,41.3903495040099,3.4,31.5,0.0968253968253968,41.38662178937295,41.37223047748855,41.35511501401989
NGC_1569,1.3999988,27.589982334108,9.930013714776,15.149578079211787,16.378211292740815,22.31043525186806,rMD_DH_DM_profiles_ngc1569.pdf,True,True,69.1,20.24,20.69,1.715000115,3.04999965,0.4945028096750549,1.0220501281287246,0.60025004025,3.8041163482164673,1.715000115,0.3025262643537747,0.1750173463168287,0.3885642729714753,0.4700878402757086,0.1338314299379008,22.31043525186806,41.86691837167027,43.29416134560165,136.3549667775229,42.55132471319649,40.63248686814009,41.2396578052752,0.5765921532185343,0.8152865724094246,0.4491227912997214,0.5574875026833332,0.5780225096780516,0.25960308298067675,42.56072802099079,3.4,31.5,0.0968253968253968,42.55699351241888,42.54208217483545,42.52432534769461
NGC_1569,1.51999915,30.299990173518005,9.150019596606,15.3978373609744,16.37718524146113,22.479003354867658,rMD_DH_DM_profiles_ngc1569.pdf,True,True,69.1,20.24,20.69,1.715000115,3.04999965,0.4945028096750549,1.0220501281287246,0.60025004025,3.8041163482164673,1.715000115,0.3025262643537747,0.1820246350549559,0.4580303220432236,0.4918215299016906,0.1413951123641992,22.479003354867658,42.68073262871126,44.24804156596893,147.21428438463698,43.3830901229377,41.42134281765836,42.03057559266437,0.5765921532185343,0.8529799220408142,0.4603287450094811,0.573856835402679,0.5979424408007208,0.27525009336170175,43.40582527900906,3.4,31.5,0.0968253968253968,43.40176361423442,43.38647608242294,43.36825474443474
NGC_1569,1.65000085,33.859978408242,6.999999994344001,15.88782863543212,16.255159284147297,22.730008845177707,rMD_DH_DM_profiles_ngc1569.pdf,True,True,69.1,20.24,20.69,1.715000115,3.04999965,0.4945028096750549,1.0220501281287246,0.60025004025,3.8041163482164673,1.715000115,0.3025262643537747,0.1879619490795164,0.5397291513148362,0.5117702376626228,0.1482882057802793,22.730008845177707,43.607854375188126,45.31756824172775,159.03697621462666,44.32318061685736,42.33524342494302,42.94047438290058,0.5765921532185343,0.8875775273838259,0.47022043572112476,0.5883482390176853,0.6175035070459319,0.29036276814246076,44.364754522317405,3.4,31.5,0.0968253968253968,44.360714009041956,44.34503939970413,44.326340687853325
NGC_1569,1.7799993799999998,36.95000977214401,7.480003914756001,16.007469168508827,16.255159284147297,22.813795662575764,rMD_DH_DM_profiles_ngc1569.pdf,True,True,69.1,20.24,20.69,1.715000115,3.04999965,0.4945028096750549,1.0220501281287246,0.60025004025,3.8041163482164673,1.715000115,0.3025262643537747,0.1923410467544606,0.5617979484914203,0.528456040021069,0.1539062376588404,22.813795662575764,44.28851828357865,46.158049463454226,162.20055127870776,45.015808394589975,43.00642505185486,43.60646644351862,0.5765921532185343,0.9165161840500782,0.4782199032169142,0.6000901707053965,0.6352490828003698,0.3037887548954264,45.07042496148858,3.4,31.5,0.0968253968253968,45.066384438296716,45.050430224230055,45.031384741296314
NGC_1569,1.89999973,39.849980363802,7.910017637208001,16.49470665265707,16.74081066984411,23.501703968877997,rMD_DH_DM_profiles_ngc1569.pdf,True,True,69.1,20.24,20.69,1.715000115,3.04999965,0.4945028096750549,1.0220501281287246,0.60025004025,3.8041163482164673,1.715000115,0.3025262643537747,0.1951446201204718,0.5263158642659386,0.541334218631968,0.1580433959536382,23.501703968877997,45.669649178076455,47.60952956493632,157.7831372152835,46.392346445178,44.40906714183217,44.99062603247946,0.5765921532185343,0.938851171682173,0.4842306544176948,0.6089231424471667,0.6502283746851453,0.31486051139474197,46.48616383409467,3.4,31.5,0.0968253968253968,46.481856419042515,46.46537564818005,46.445691951921596
NGC_1569,2.03000143,40.829984283810006,9.210007834158,17.235662782746253,16.99218789756197,24.203357641174417,rMD_DH_DM_profiles_ngc1569.pdf,True,True,69.1,20.24,20.69,1.715000115,3.04999965,0.4945028096750549,1.0220501281287246,0.60025004025,3.8041163482164673,1.715000115,0.3025262643537747,0.1969918457895402,0.4926104904270929,0.5528986176980868,0.1614821711792244,24.203357641174417,47.09249931085193,49.10856774504259,153.51469227864945,47.80855333754911,45.85931756892968,46.41986221707019,0.5765921532185343,0.958907634472321,0.48951140809179905,0.6166886265063996,0.665126847085321,0.3255871794763942,47.94371707118727,3.4,31.5,0.0968253968253968,47.939343365958926,47.922332442614355,47.90200627409099
NGC_1569,2.15999996,42.92001564852,12.960007831128,17.855776484288068,17.116993944370137,24.735000213229405,rMD_DH_DM_profiles_ngc1569.pdf,True,True,69.1,20.24,20.69,1.715000115,3.04999965,0.4945028096750549,1.0220501281287246,0.60025004025,3.8041163482164673,1.715000115,0.3025262643537747,0.1977519055308493,0.4629629715363513,0.5622941668799115,0.1639377439805442,24.735000213229405,48.2808024660409,50.38910263488818,149.65029462681,48.991274042615125,47.07406012230128,47.61490857782411,0.5765921532185343,0.975202599864026,0.49372282110764715,0.6228840578156578,0.6788076554980428,0.33514283066196154,49.161075438211775,3.4,31.5,0.0968253968253968,49.15662939372265,49.13917994833789,49.11832212575936
NGC_1569,2.2800003099999997,45.220005844662,13.180013712150002,18.34905548236133,17.363339717136746,25.262094197185487,rMD_DH_DM_profiles_ngc1569.pdf,True,True,69.1,20.24,20.69,1.715000115,3.04999965,0.4945028096750549,1.0220501281287246,0.60025004025,3.8041163482164673,1.715000115,0.3025262643537747,0.1976138318948314,0.4385964315943448,0.5692835698237965,0.1654200429887913,25.262094197185487,49.41018875997028,51.5951903097834,146.45657858980712,50.11322016106136,48.23254446766149,48.75379991634393,0.5765921532185343,0.9873245181122543,0.49681091795219584,0.6274278311736181,0.690480158532066,0.34303808138809344,50.31673914022079,3.4,31.5,0.0968253968253968,50.31211246522938,50.29424479419729,50.27288166814972
NGC_1569,2.40999884,45.009998003232,15.420015670740002,19.089040631275974,17.613540594588162,25.9736074602607,rMD_DH_DM_profiles_ngc1569.pdf,True,True,69.1,20.24,20.69,1.715000115,3.04999965,0.4945028096750549,1.0220501281287246,0.60025004025,3.8041163482164673,1.715000115,0.3025262643537747,0.1966800653943625,0.4149379590572749,0.5752581236041391,0.1662687061336249,25.9736074602607,50.80096010119081,53.0472234210461,143.4000513662694,51.49213468419909,49.66178091750867,50.15947799119686,0.5765921532185343,0.9976863548923642,0.49942091882893186,0.6312684309786929,0.7022040950989161,0.35069541437973933,51.73796908188729,3.4,31.5,0.0968253968253968,51.733251229911836,51.71487591293847,51.69290086531041
NGC_1569,2.54000054,44.05998820200001,13.470005870316,19.45463668764859,18.10694254666411,26.57713786389719,rMD_DH_DM_profiles_ngc1569.pdf,True,True,69.1,20.24,20.69,1.715000115,3.04999965,0.4945028096750549,1.0220501281287246,0.60025004025,3.8041163482164673,1.715000115,0.3025262643537747,0.1950500676730802,0.3937007037014252,0.5797767991729804,0.1664226712842052,26.57713786389719,52.040083295198045,54.357249557360426,140.60801607029325,52.7202809797406,50.937939458964664,51.41348055358772,0.5765921532185343,1.0055232211133458,0.5013770025336032,0.6341468373818278,0.713072546307814,0.3575181758568157,53.003741643756314,3.4,31.5,0.0968253968253968,52.99890940508092,52.980082522531454,52.95756369075219
NGC_1569,2.66999907,43.980003885264,12.779994108474002,19.45463668764859,18.465864932778672,26.82295763639848,rMD_DH_DM_profiles_ngc1569.pdf,True,True,69.1,20.24,20.69,1.715000115,3.04999965,0.4945028096750549,1.0220501281287246,0.60025004025,3.8041163482164673,1.715000115,0.3025262643537747,0.1928350064738316,0.3745319656609469,0.5830217151031362,0.1659694559976738,26.82295763639848,52.80465243588134,55.23511996134538,137.9131199020436,53.478854644613776,51.73126361690347,52.18892187739744,0.5765921532185343,1.0111509701419141,0.5027722856979572,0.6361999844452937,0.7231753767943451,0.3635925371513743,53.78521506126852,3.4,31.5,0.0968253968253968,53.780324496390996,53.76122027268563,53.73836690673471
NGC_1569,2.78999942,44.95000976568,13.01999606868,19.45463668764859,18.956561918271127,27.163102334042215,rMD_DH_DM_profiles_ngc1569.pdf,True,True,69.1,20.24,20.69,1.715000115,3.04999965,0.4945028096750549,1.0220501281287246,0.60025004025,3.8041163482164673,1.715000115,0.3025262643537747,0.1903574107908762,0.3584230135789777,0.5850260072482517,0.1650844224764422,27.163102334042215,53.64539090136244,56.16346320796474,135.68856100127823,54.311424937236744,52.60287022381122,53.04267100640183,0.5765921532185343,1.014627070421683,0.5036302178791386,0.6374623943782128,0.7318896002727895,0.36860171884886067,54.6432813142353,3.4,31.5,0.0968253968253968,54.63829038695403,54.618880012957355,54.59565878564502
NGC_1569,2.92000112,43.420015648116006,10.599980387436,20.189998182874636,19.69775897987023,28.20705116550717,rMD_DH_DM_profiles_ngc1569.pdf,True,True,69.1,20.24,20.69,1.715000115,3.04999965,0.4945028096750549,1.0220501281287246,0.60025004025,3.8041163482164673,1.715000115,0.3025262643537747,0.1872879915855268,0.3424656220679806,0.5862537939064598,0.1636900987943702,28.20705116550717,55.424193717821275,57.945624106640935,133.84254777836946,56.070447338651064,54.432171436285415,54.8459783679072,0.5765921532185343,1.0167564553801058,0.5041543081058212,0.6382335551620114,0.7407313949523392,0.3734429239144563,56.45625550957843,3.4,31.5,0.0968253968253968,56.45111133159707,56.431056612546854,56.407063451685275
NGC_1569,3.04999965,47.410017605292005,10.119976467024,21.70028977987379,20.93642721456696,30.153549725386476,rMD_DH_DM_profiles_ngc1569.pdf,True,True,69.1,20.24,20.69,1.715000115,3.04999965,0.4945028096750549,1.0220501281287246,0.60025004025,3.8041163482164673,1.715000115,0.3025262643537747,0.1838951291949433,0.3278688900833152,0.5866211070489201,0.1619106131901355,30.153549725386476,58.34271618241664,60.7549303306964,132.714945295242,58.95737012310845,57.41834918614626,57.79970383531044,0.5765921532185343,1.0173934969014133,0.504310883555471,0.6384639420176013,0.749008439528851,0.3777331079292994,59.42946472532806,3.4,31.5,0.0968253968253968,59.4240526049806,59.40294133205487,59.37768380249949
NGC_3738,0.229999991262,43.560005486392,3.30998833172,4.732376290564664,8.90579676421989,10.08506823780028,rMD_DH_DM_profiles_ngc3738.pdf,True,True,22.6,12.58,12.48,0.990000013857,1.750000036452,0.5019952114924181,0.589988089306913,0.3465000048499499,2.189245855657231,0.990000013857,0.3058978451715881,0.0294423390960915,0.0545192706157599,0.1164592202112405,0.017206404074101,10.08506823780028,18.209956097048103,18.69566814600406,51.90753583083887,18.598816621229297,17.733315060030595,18.024991873456916,0.5760570947913295,0.20216610690894554,0.16816819717930878,0.1830407858987435,0.28049187142138027,0.047169812340384004,18.322370034267898,4.9,11.7,0.1495726495726495,18.327070450301797,18.3235450355729,18.319423758618623
NGC_3738,0.3799994194109999,60.820045626994,3.4200495200899996,9.219374668458018,13.991600499457295,16.75594681937786,rMD_DH_DM_profiles_ngc3738.pdf,True,True,22.6,12.58,12.48,0.990000013857,1.750000036452,0.5019952114924181,0.589988089306913,0.3465000048499499,2.189245855657231,0.990000013857,0.3058978451715881,0.0539794108556742,0.1488196449643135,0.2379318050390077,0.0352749334911743,16.75594681937786,27.57574756317254,28.007096344011092,84.91206870861944,28.100978293620585,27.000223631832288,27.32547719711195,0.5760570947913295,0.41303510917645403,0.2923035008076901,0.3383609471821968,0.39175702366854864,0.11451194948431787,27.872310278640903,4.9,11.7,0.1495726495726495,27.86933235441186,27.861229377957514,27.851710066466065
NGC_3738,0.530000031333,81.09995513611,3.94997376039,15.189152464276027,16.680363659125955,22.559806833918422,rMD_DH_DM_profiles_ngc3738.pdf,True,True,22.6,12.58,12.48,0.990000013857,1.750000036452,0.5019952114924181,0.589988089306913,0.3465000048499499,2.189245855657231,0.990000013857,0.3058978451715881,0.0749527202715123,0.2894984138061912,0.3412811918964618,0.0525432706027725,22.559806833918422,35.39357015854868,35.857509125496996,117.46984981546407,35.98124711559215,34.77198569751354,35.10325292654979,0.5760570947913295,0.592443344561336,0.372034174141708,0.447025474520375,0.47321933292487134,0.17605376371259446,35.878743937490945,4.9,11.7,0.1495726495726495,35.874464039223284,35.86261936543177,35.84860927000284
NGC_3738,0.679999459482,101.480026149986,4.260008557681999,16.973547978266065,18.174214231754977,24.86771790720301,rMD_DH_DM_profiles_ngc3738.pdf,True,True,22.6,12.58,12.48,0.990000013857,1.750000036452,0.5019952114924181,0.589988089306913,0.3465000048499499,2.189245855657231,0.990000013857,0.3058978451715881,0.0910720476717312,0.476553356727408,0.4198248938319918,0.0671462091441081,24.86771790720301,39.40336009607616,39.93459328953224,149.01606650738694,40.05275989517104,38.72507433651578,39.070068680243615,0.5760570947913295,0.7287904230813594,0.4215608863579767,0.5175077512415003,0.5354378947498044,0.2257196735003766,40.01596180695675,4.9,11.7,0.1495726495726495,40.01061913221621,39.9967609432221,39.98030341155928
NGC_3738,0.839999401935,102.239972450636,5.270009219634,16.973547978266065,19.35627962323895,25.744259395514092,rMD_DH_DM_profiles_ngc3738.pdf,True,True,22.6,12.58,12.48,0.990000013857,1.750000036452,0.5019952114924181,0.589988089306913,0.3465000048499499,2.189245855657231,0.990000013857,0.3058978451715881,0.102999538579985,0.727197457301734,0.4803152268141929,0.0791462200661866,25.744259395514092,41.86338488702019,42.48414704479429,182.39592896043604,42.56261713240413,41.1413316353179,41.49354501883883,0.5760570947913295,0.83379795363545,0.45468365366122826,0.5656036677423241,0.5874173075496477,0.2670890476205152,42.56579739943546,4.9,11.7,0.1495726495726495,42.56189626368724,42.5469322682242,42.52910509464831
NGC_3738,0.990000013857,104.119980601608,4.8999939863519995,16.973547978266065,19.65917242935148,25.97276249414901,rMD_DH_DM_profiles_ngc3738.pdf,True,True,22.6,12.58,12.48,0.990000013857,1.750000036452,0.5019952114924181,0.589988089306913,0.3465000048499499,2.189245855657231,0.990000013857,0.3058978451715881,0.1098731258460306,1.010100995962657,0.5202331186448401,0.0871116856413604,25.97276249414901,43.37925246215881,44.10893270679824,213.67765323484272,44.11007884348658,42.63597173105063,42.98637170347156,0.5760570947913295,0.9030929804506427,0.4745395993404352,0.5946859095422268,0.6265870052277819,0.2973403464127148,44.13916098622592,4.9,11.7,0.1495726495726495,44.13463330215519,44.11901020097107,44.1003671865348
NGC_3738,1.139999442006,112.179953596272,5.319973505148,17.272613704979296,19.958228301933705,26.394583935980997,rMD_DH_DM_profiles_ngc3738.pdf,True,True,22.6,12.58,12.48,0.990000013857,1.750000036452,0.5019952114924181,0.589988089306913,0.3465000048499499,2.189245855657231,0.990000013857,0.3058978451715881,0.1133447079327216,0.8771934118146146,0.5479367142706042,0.0922567353602903,26.394583935980997,44.96458257571545,45.80649429925105,200.09538420655772,45.70730928281437,44.22510789131251,44.56319350401174,0.5760570947913295,0.951184733640141,0.4874908650323465,0.6137168903395095,0.6589639644054762,0.32123891303317,45.773952500382094,4.9,11.7,0.1495726495726495,45.76939799423043,45.75314868655389,45.733737126185936
NGC_3738,1.290000053928,126.870035871718,5.4200185430420005,18.470522947732334,19.95914008274546,27.19425473892166,rMD_DH_DM_profiles_ngc3738.pdf,True,True,22.6,12.58,12.48,0.990000013857,1.750000036452,0.5019952114924181,0.589988089306913,0.3465000048499499,2.189245855657231,0.990000013857,0.3058978451715881,0.1141550377181131,0.7751937660429074,0.5664045235502886,0.0950366927446803,27.19425473892166,46.86638992069023,47.80452375775659,189.18848813160815,47.60328492018601,46.15228561751935,46.46977722664188,0.5760570947913295,0.9832437247482605,0.49577553806356645,0.6259043347165623,0.6861745690099327,0.34018856615643517,47.724459772439545,4.9,11.7,0.1495726495726495,47.71981866279538,47.702872152243245,47.68261229757989
NGC_3738,1.439999482077,132.739965918118,6.440035355469999,19.967495362289274,20.25822559818024,28.444622961639144,rMD_DH_DM_profiles_ngc3738.pdf,True,True,22.6,12.58,12.48,0.990000013857,1.750000036452,0.5019952114924181,0.589988089306913,0.3465000048499499,2.189245855657231,0.990000013857,0.3058978451715881,0.1129650392402727,0.6944446942144996,0.5778562796415487,0.0959164968141843,28.444622961639144,49.19967964791436,50.20587625333577,180.32437699184536,49.916231751368905,48.52706340321264,48.81851565774328,0.5760570947913295,1.003123275221306,0.5007796013505362,0.6332677551341384,0.7093636938354762,0.35523486781147356,50.10964496317614,4.9,11.7,0.1495726495726495,50.10476221347841,50.08694360194825,50.065633515149734
NGC_3738,1.59999942453,128.69996327031,5.010055174722,21.74066651857698,20.553741598117647,29.91843703060315,rMD_DH_DM_profiles_ngc3738.pdf,True,True,22.6,12.58,12.48,0.990000013857,1.750000036452,0.5019952114924181,0.589988089306913,0.3465000048499499,2.189245855657231,0.990000013857,0.3058978451715881,0.1101172684121174,0.6250002247930496,0.5842048893300757,0.0952429322709216,29.91843703060315,51.789379217970186,52.85347198102901,172.5363295477753,52.4780124778731,51.16702334810542,51.429963615493755,0.5760570947913295,1.0141440746280501,0.503511187408642,0.6372872479455736,0.7305975099952788,0.36786401977552,52.75251504242707,4.9,11.7,0.1495726495726495,52.74759999378121,52.72887863812799,52.706480708564065
NGC_3738,1.750000036452,125.570032713426,5.060019460236,32.76465801000137,22.04382359688577,39.4899097654447,rMD_DH_DM_profiles_ngc3738.pdf,True,True,22.6,12.58,12.48,0.990000013857,1.750000036452,0.5019952114924181,0.589988089306913,0.3465000048499499,2.189245855657231,0.990000013857,0.3058978451715881,0.1064427096756016,0.5714285595258778,0.585977050088488,0.0934915089040906,39.4899097654447,62.80498521687706,63.66172349873183,169.43845346376332,63.37575222623219,62.30994154264576,62.514396207243976,0.5760570947913295,1.0172204376733731,0.5042683579225568,0.6384013694522743,0.7478670584639971,0.3771256935160126,63.97475278972165,4.9,11.7,0.1495726495726495,63.96881892440927,63.94606418088831,63.91884242986877
UGC_8508,0.1499996999999999,4.970004695711999,4.000020653612,-0.8938708738489671,1.2029180252703071,0.80498859395938,rMD_DH_DM_profiles_ugc8508.pdf,True,True,82.5,1.19,0.3,1.00499985,1.86,0.7986577181208053,0.5989272050059594,0.3517499474999999,2.6027516778523494,1.00499985,0.4393959731543624,0.0161951640010495,0.0221657683461404,0.0546839858458352,0.007248963076921,0.80498859395938,2.7624863870134067,4.39297537160069,31.11695792441529,3.7884421130481214,0.0,2.192656885901992,0.60226611413654,0.09079704894942466,0.08323917729413888,0.08679697239263906,0.20028616811250266,0.016671655857080313,2.7709142971837677,2.6,25.0,0.0744,2.771409061592833,2.7711171479310366,2.7707777188214995
UGC_8508,0.2200008,6.729984292100001,2.959995008472,0.9585128341927498,1.8203443666113668,2.057279870694786,rMD_DH_DM_profiles_ugc8508.pdf,True,True,82.5,1.19,0.3,1.00499985,1.86,0.7986577181208053,0.5989272050059594,0.3517499474999999,2.6027516778523494,1.00499985,0.4393959731543624,0.027625805264042,0.0476815680735412,0.1059625862247534,0.0136762477897443,2.057279870694786,5.956749441053233,7.80207291853234,45.84687632669898,6.9646427411605325,4.405432847950863,5.491424869997614,0.60226611413654,0.1759398108868708,0.1496163402735557,0.16133153947118128,0.2686448609098416,0.040193660922628896,5.989453991497653,2.6,25.0,0.0744,5.988760446140207,5.987697012636851,5.9864636663326785
UGC_8508,0.2999993999999999,9.740022182744,3.049989252378,2.473221199433662,2.362267148213921,3.42010660372726,rMD_DH_DM_profiles_ugc8508.pdf,True,True,82.5,1.19,0.3,1.00499985,1.86,0.7986577181208053,0.5989272050059594,0.3517499474999999,2.6027516778523494,1.00499985,0.4393959731543624,0.0410269409937893,0.0886630733845618,0.1707675837921482,0.0220253777295863,3.42010660372726,9.039484437068255,10.953914200687228,62.64381243677296,10.134128186726816,7.60521805337627,8.551785937178884,0.60226611413654,0.2835417430664768,0.2209057435008498,0.24688831570718883,0.33373069428511476,0.07372302715010808,9.112857668349305,2.6,25.0,0.0744,9.112942047323306,9.11075877851303,9.108205037483875
UGC_8508,0.3700005,11.5200005,3.460009110174,3.090647540774722,2.6709803188844505,4.084879200804464,rMD_DH_DM_profiles_ugc8508.pdf,True,True,82.5,1.19,0.3,1.00499985,1.86,0.7986577181208053,0.5989272050059594,0.3517499474999999,2.6027516778523494,1.00499985,0.4393959731543624,0.0523448363326515,0.13486729004313,0.2268100408687934,0.0296686697491122,4.084879200804464,10.584913475737704,12.640063626879162,77.18161820822854,11.828634523764192,9.032261578237852,10.02416943591918,0.60226611413654,0.3765943916568635,0.2735696105834021,0.31380565639127267,0.38186595149296954,0.104466919644992,10.691416336604176,2.6,25.0,0.0744,10.689906207720385,10.686914084878243,10.683406064046858
UGC_8508,0.4499991,14.49999422934,3.3500161454,3.7184857648647833,3.088635633331812,4.83392247134654,rMD_DH_DM_profiles_ugc8508.pdf,True,True,82.5,1.19,0.3,1.00499985,1.86,0.7986577181208053,0.5989272050059594,0.3517499474999999,2.6027516778523494,1.00499985,0.4393959731543624,0.0643436046247381,0.1994919151152642,0.2862129487710503,0.0383439680980449,4.83392247134654,12.283679913708951,14.46890192114858,93.79015111996056,13.64059887648703,10.651208944239794,11.65989728257914,0.60226611413654,0.47522671797896116,0.3221380904963644,0.3782559200765656,0.42900926199714606,0.13820022446501515,12.429347639150652,2.6,25.0,0.0744,12.428854856962648,12.4250425556425,12.420549633853668
UGC_8508,0.5200002,17.569982202586,2.899998845868,4.887222056228715,3.201116448041282,5.842267191836476,rMD_DH_DM_profiles_ugc8508.pdf,True,True,82.5,1.19,0.3,1.00499985,1.86,0.7986577181208053,0.5989272050059594,0.3517499474999999,2.6027516778523494,1.00499985,0.4393959731543624,0.07381644797919,0.2663845487049997,0.3328446127548309,0.0456306957329913,5.842267191836476,14.360830223707213,16.552726623148665,108.40189717190653,15.720746743213502,12.778137760394197,13.728057415917604,0.60226611413654,0.5526537272182834,0.35594139087819116,0.4245792273131065,0.464730953655774,0.1654169820283844,14.549117072753125,2.6,25.0,0.0744,14.547766804074703,14.54307932577207,14.537540183396619
UGC_8508,0.58999944,19.609989971128,3.069987973246,5.953989758580721,3.4138651803649176,6.863269593640636,rMD_DH_DM_profiles_ugc8508.pdf,True,True,82.5,1.19,0.3,1.00499985,1.86,0.7986577181208053,0.5989272050059594,0.3517499474999999,2.6027516778523494,1.00499985,0.4393959731543624,0.0822410369689208,0.342929785680381,0.3742495405064527,0.0524777955142795,6.863269593640636,16.39596936955272,18.579749532476132,123.00784677007904,17.74331249661157,14.865161771898029,15.760294179251408,0.60226611413654,0.6214022866669309,0.3832499138411414,0.46280938605575994,0.4962454517091277,0.1901860266115815,16.62754806949228,2.6,25.0,0.0744,16.625465690124365,16.61989478070555,16.6133007895112
UGC_8508,0.6699999000000001,21.22997852144,3.0399898919440003,6.579475918863483,3.5181564544279422,7.461027288834793,rMD_DH_DM_profiles_ugc8508.pdf,True,True,82.5,1.19,0.3,1.00499985,1.86,0.7986577181208053,0.5989272050059594,0.3517499474999999,2.6027516778523494,1.00499985,0.4393959731543624,0.0905602081126595,0.4422333440591505,0.4154830482581594,0.0596462134446846,7.461027288834793,17.719214674968015,20.012414599708737,139.56988207746474,19.105907996139376,16.16400308289238,17.05102391493967,0.60226611413654,0.6898662211036584,0.40823718025034195,0.49835682615249166,0.5280050346129642,0.2155512864883807,17.985922352331276,2.6,25.0,0.0744,17.98468785590662,17.97855802986189,17.97128219750441
UGC_8508,0.73999914,23.219989487811997,2.6800129163200004,6.4724105286883855,3.5181564544279422,7.366785112225635,rMD_DH_DM_profiles_ugc8508.pdf,True,True,82.5,1.19,0.3,1.00499985,1.86,0.7986577181208053,0.5989272050059594,0.3517499474999999,2.6027516778523494,1.00499985,0.4393959731543624,0.0967171497741249,0.5394664482535447,0.4467110318004715,0.0652863718986114,7.366785112225635,17.819522899919516,20.339818892498457,153.93916022042998,19.298669357282364,16.163452446698425,17.091088686524337,0.60226611413654,0.7417170272661189,0.4258539221094674,0.5237045991738414,0.5526809915721738,0.23536136793635967,18.099405284731,2.6,25.0,0.0744,18.097328534877057,18.09105488671544,18.08360071020255
UGC_8508,0.8199995999999999,23.720003589514,2.590018672414,6.372020519230577,3.519004839483143,7.279151087716293,rMD_DH_DM_profiles_ugc8508.pdf,True,True,82.5,1.19,0.3,1.00499985,1.86,0.7986577181208053,0.5989272050059594,0.3517499474999999,2.6027516778523494,1.00499985,0.4393959731543624,0.1025347014648366,0.6624136761055819,0.4774882690869359,0.0709807826767365,7.279151087716293,17.933212583572615,20.69946226472101,170.3810216999404,19.50092428261707,16.184460743729556,17.14502743628416,0.60226611413654,0.7928194163331002,0.44221933849571654,0.5474329800094608,0.5779012681324011,0.2555591165093461,18.22579287238758,2.6,25.0,0.0744,18.224385228366415,18.21802718258382,18.210459430857302
UGC_8508,0.8900007000000001,25.989996648038,2.8500020436980003,6.783638625332214,3.621935537047851,7.690004553550619,rMD_DH_DM_profiles_ugc8508.pdf,True,True,82.5,1.19,0.3,1.00499985,1.86,0.7986577181208053,0.5989272050059594,0.3517499474999999,2.6027516778523494,1.00499985,0.4393959731543624,0.106629532292545,0.7803379091501192,0.5006319350117319,0.075306562263978,7.690004553550619,18.86952382024201,21.725870225473944,184.86434083723125,20.435002993310473,17.14680340444577,18.075558670011365,0.60226611413654,0.831247057174187,0.4539240371295894,0.5644941531487981,0.5977460003319892,0.2713312776487614,19.185596258101253,2.6,25.0,0.0744,19.1835322038724,19.176783528871336,19.168745194315186
UGC_8508,0.9699993,26.8899851671,2.710010997622,6.78947968002769,3.5167361229416803,7.6462060712429,rMD_DH_DM_profiles_ugc8508.pdf,True,True,82.5,1.19,0.3,1.00499985,1.86,0.7986577181208053,0.5989272050059594,0.3517499474999999,2.6027516778523494,1.00499985,0.4393959731543624,0.1102679423233742,0.9269255448442946,0.5233083983746626,0.0795207891049374,7.6462060712429,19.025913685744268,22.099966893967675,201.32972045854603,20.647103229561424,17.25752575836606,18.19370151975448,0.60226611413654,0.868898956941853,0.4649255936038746,0.5805869130175292,0.6182566850040663,0.2874433562750792,19.352395617497702,2.6,25.0,0.0744,19.350805085584852,19.343984989455954,19.335852024335665
UGC_8508,1.0400004,28.760003808264003,2.660014195452,6.686575153502281,3.413831596416271,7.507631680638316,rMD_DH_DM_profiles_ugc8508.pdf,True,True,82.5,1.19,0.3,1.00499985,1.86,0.7986577181208053,0.5989272050059594,0.3517499474999999,2.6027516778523494,1.00499985,0.4393959731543624,0.1126253979793599,0.9615380917161184,0.5402594624133609,0.0825991285177549,7.507631680638316,18.96392823231303,22.24693808170328,205.01551508636703,20.640528898045844,17.149216047277033,18.09577008801187,0.60226611413654,0.8970444289198022,0.47286421722373106,0.5922269172058303,0.634561524757659,0.30006143868482765,19.29495125133031,2.6,25.0,0.0744,19.29297037913281,19.286140976179194,19.277992913367886
UGC_8508,1.12000086,29.729987850364,2.58001931198,6.472200656359979,3.3050246342572738,7.267225685860731,rMD_DH_DM_profiles_ugc8508.pdf,True,True,82.5,1.19,0.3,1.00499985,1.86,0.7986577181208053,0.5989272050059594,0.3517499474999999,2.6027516778523494,1.00499985,0.4393959731543624,0.1144769208279739,0.8928564572709347,0.5567526016071096,0.0854657399577885,7.267225685860731,18.71593842725197,22.25192955511264,197.5992160157029,20.46250981472008,16.842624972757477,17.804383768630757,0.60226611413654,0.9244295645045838,0.48036549716100657,0.6032423208012514,0.6515693604642594,0.31299143977429306,19.047860885520823,2.6,25.0,0.0744,19.046233999922,19.039479695523962,19.031415834811103
UGC_8508,1.1900001000000002,30.230001952066,2.469980267204,6.369298864111878,3.202096671665265,7.128912337451388,rMD_DH_DM_profiles_ugc8508.pdf,True,True,82.5,1.19,0.3,1.00499985,1.86,0.7986577181208053,0.5989272050059594,0.3517499474999999,2.6027516778523494,1.00499985,0.4393959731543624,0.1154423460466052,0.8403360638373054,0.568971828644241,0.0874450046937998,7.128912337451388,18.61090004799783,22.345290095213265,191.74297436038535,20.403317561274974,16.709024492039532,17.672135568709447,0.60226611413654,0.9447183151918941,0.48578671153136876,0.6112109285463059,0.66520316206814,0.3231468566013499,18.944717808544482,2.6,25.0,0.0744,18.942959621801258,18.936262042121328,18.928260105256214
UGC_8508,1.25999934,31.299979598506,2.6800129163200004,6.36768453437976,3.0958574363273668,7.080377080032012,rMD_DH_DM_profiles_ugc8508.pdf,True,True,82.5,1.19,0.3,1.00499985,1.86,0.7986577181208053,0.5989272050059594,0.3517499474999999,2.6027516778523494,1.00499985,0.4393959731543624,0.1158703594006708,0.7936512093728557,0.5793750311749467,0.0889716544668811,7.080377080032012,18.662722662979455,22.56853027802242,186.39753972966696,20.48183573096847,16.759297771010516,17.70992201293102,0.60226611413654,0.9619917467971582,0.4903138600697765,0.6178689807295352,0.6778101821102138,0.33233972678505713,19.000617601962208,2.6,25.0,0.0744,18.998753494763772,18.991996199987895,18.983922754753436
UGC_8508,1.3399998000000002,32.310007162344,2.78000652066,6.263147675070678,3.0958574363273668,6.986512153128103,rMD_DH_DM_profiles_ugc8508.pdf,True,True,82.5,1.19,0.3,1.00499985,1.86,0.7986577181208053,0.5989272050059594,0.3517499474999999,2.6027516778523494,1.00499985,0.4393959731543624,0.1157858040299578,0.746268768099816,0.5893033570041788,0.0902125121797236,6.986512153128103,18.635011160624536,22.74069381098419,180.8024329974296,20.486392179171727,16.729903974335716,17.667043543868168,0.60226611413654,0.9784766952214377,0.49456063727448824,0.624116752290365,0.6911037891268534,0.3417927303733902,18.975353177585543,2.6,25.0,0.0744,18.97368256246427,18.966948291145027,18.958897793689097
UGC_8508,1.4100009,35.790014993386,2.63001611415,6.154556255869684,2.9902893939107185,6.842542902021119,rMD_DH_DM_profiles_ugc8508.pdf,True,True,82.5,1.19,0.3,1.00499985,1.86,0.7986577181208053,0.5989272050059594,0.3517499474999999,2.6027516778523494,1.00499985,0.4393959731543624,0.1152782040177648,0.7092194054627908,0.5964743808896954,0.0909010107908444,6.842542902021119,18.47689843924362,22.767977489397264,176.2894885817869,20.36432561540639,16.562523554709884,17.49252358467183,0.60226611413654,0.9903834316577015,0.49758424226474557,0.6285657559334747,0.7018672776225694,0.349238097506246,18.816434694196086,2.6,25.0,0.0744,18.814632412707603,18.80794739977615,18.79995436373194
UGC_8508,1.4899995,36.560011826806,2.810004601962,5.945855402612701,2.9902893939107185,6.655450933491553,rMD_DH_DM_profiles_ugc8508.pdf,True,True,82.5,1.19,0.3,1.00499985,1.86,0.7986577181208053,0.5989272050059594,0.3517499474999999,2.6027516778523494,1.00499985,0.4393959731543624,0.1142773292989585,0.6711411648124714,0.6031436648156294,0.0912846205718537,6.655450933491553,18.234533039982775,22.737536124956943,171.51917655304558,20.16501596071512,16.30956771790958,17.231987072879974,0.60226611413654,1.00145708127768,0.5003640051268923,0.632656198744518,0.7132847200571114,0.3569019993235904,18.571504661178004,2.6,25.0,0.0744,18.569846698351267,18.563251787139528,18.555364146436087
UGC_8508,1.5600006,38.469981829704,2.610017393282,5.84292497772076,2.9902893939107185,6.563657742037444,rMD_DH_DM_profiles_ugc8508.pdf,True,True,82.5,1.19,0.3,1.00499985,1.86,0.7986577181208053,0.5989272050059594,0.3517499474999999,2.6027516778523494,1.00499985,0.4393959731543624,0.1130900577301608,0.6410253944774124,0.6077953160049031,0.0913072055451733,6.563657742037444,18.155817482129137,22.822368709021134,167.6627197974049,20.10808532575552,16.242794316757887,17.148413761350593,0.60226611413654,1.009180662399196,0.5022846781703129,0.6354824798375227,0.7225811795942356,0.3629414552444157,18.49263422315473,2.6,25.0,0.0744,18.4908927974722,18.484322206583226,18.476462651553952
UGC_8508,1.6399992,40.100015820452,2.289991779392,5.839688471508829,2.9902893939107185,6.5607767911740495,rMD_DH_DM_profiles_ugc8508.pdf,True,True,82.5,1.19,0.3,1.00499985,1.86,0.7986577181208053,0.5989272050059594,0.3517499474999999,2.6027516778523494,1.00499985,0.4393959731543624,0.1114382024715505,0.6097563950031195,0.6119155261792913,0.0910208019214573,6.5607767911740495,18.267171140631937,23.09190445365438,163.58388752677976,20.221209780696356,16.39650539205106,17.26949583369339,0.60226611413654,1.0160218412031792,0.5039736278833212,0.6379676987639136,0.7324935720679192,0.3691574429162823,18.607203698242365,2.6,25.0,0.0744,18.60552274937312,18.598902916256876,18.590983983479685
UGC_8508,1.7100003,41.620010766424,2.700011637188,5.736784217586859,2.9902893939107185,6.469352658380018,rMD_DH_DM_profiles_ugc8508.pdf,True,True,82.5,1.19,0.3,1.00499985,1.86,0.7986577181208053,0.5989272050059594,0.3517499474999999,2.6027516778523494,1.00499985,0.4393959731543624,0.1097801793038333,0.5847952190417745,0.6145903815876127,0.090531779865146,6.469352658380018,18.17422281545937,23.15459245949786,160.23270032393037,20.145443973770313,16.32246918713066,17.176693561654815,0.60226611413654,1.0204631593274043,0.5050639773442384,0.6395720340660547,0.740603720252181,0.3740522605865062,18.513263898983865,2.6,25.0,0.0744,18.51156837757925,18.50501179096083,18.497165505671823
UGC_8508,1.7799995400000002,43.339992921076,2.800005241528,5.841037724114232,2.9902893939107185,6.561977777610992,rMD_DH_DM_profiles_ugc8508.pdf,True,True,82.5,1.19,0.3,1.00499985,1.86,0.7986577181208053,0.5989272050059594,0.3517499474999999,2.6027516778523494,1.00499985,0.4393959731543624,0.1079616415876341,0.5617978979927152,0.6164922123087656,0.0898506194592308,6.561977777610992,18.461862133219395,23.552045979642298,157.1253771618188,20.411042032083177,16.6739064884698,17.48834191800737,0.60226611413654,1.0236209506699898,0.5058363080946976,0.640708395236491,0.7482363816946961,0.37848512889858005,18.806800691304804,2.6,25.0,0.0744,18.805061245873773,18.798379000195926,18.790383578452815
UGC_8508,1.86,46.080002,2.289991779392,6.154674888221364,2.9902893939107185,6.842649606624439,rMD_DH_DM_profiles_ugc8508.pdf,True,True,82.5,1.19,0.3,1.00499985,1.86,0.7986577181208053,0.5989272050059594,0.3517499474999999,2.6027516778523494,1.00499985,0.4393959731543624,0.1057275593516824,0.5376344086021505,0.6178223851221756,0.0888706662945451,6.842649606624439,19.15412242412029,24.32612466996987,153.8415158352812,21.04315030602503,17.47452968226689,18.228106397867997,0.60226611413654,1.025829563743493,0.5063750584466156,0.6415010557096152,0.7564274355960416,0.3830359869105691,19.512379767194176,2.6,25.0,0.0744,19.51058590967406,19.503643632140374,19.495337026705784
