galaxy,curve_type,r03_kpc,v03_km_s,radius_kpc,velocity_km_s,velocity_error_km_s,endpoint_access
CVnIdwA,Data,2.437499,23.774862,0.190000609551,3.9699977813459997,2.7299960788739996,False
CVnIdwA,Data,2.437499,23.774862,0.370000160705,6.12000610173,2.270000048898,False
CVnIdwA,Data,2.437499,23.774862,0.5600007702559999,7.540007284403999,2.0599966928519997,False
CVnIdwA,Data,2.437499,23.774862,0.74000032141,9.040010877708,1.7900093599799998,False
CVnIdwA,Data,2.437499,23.774862,0.930000930961,10.20999561159,1.8299986778639998,False
CVnIdwA,Data,2.437499,23.774862,1.1100004821149998,12.00999041361,1.610009879778,False
CVnIdwA,Data,2.437499,23.774862,1.3000010916659999,13.609991076485999,1.6300045387199997,False
CVnIdwA,Data,2.437499,23.774862,1.48000064282,17.320010741862,1.680003073506,False
CVnIdwA,Data,2.437499,23.774862,1.6699988148719997,21.180002236733998,1.6999977324479998,False
CVnIdwA,Data,2.437499,23.774862,1.8500008035249997,24.059993919965997,2.20000685517,False
CVnIdwA,Data,2.437499,23.774862,2.039998975577,26.450009472239998,2.710001419932,False
CVnIdwA,Data,2.437499,23.774862,2.2200009642299996,25.919996473674,1.9799942822219998,False
CVnIdwA,Data,2.437499,23.774862,2.409999136282,23.810001246036002,2.480003404944,False
CVnIdwA,Data,2.437499,23.774862,2.589998687436,23.580003231048,2.0599966928519997,False
CVnIdwA,Model,2.96,25.6588,0.18999944,2.9941766896,2.7299936848,False
CVnIdwA,Model,2.96,25.6588,0.37,5.7384879848,2.2700083772,False
CVnIdwA,Model,2.96,25.6588,0.55999944,8.459193183999998,2.0599910992,False
CVnIdwA,Model,2.96,25.6588,0.74,10.8232923808,1.7900092056,False
CVnIdwA,Model,2.96,25.6588,0.92999944,13.0723118596,1.8300112748,False
CVnIdwA,Model,2.96,25.6588,1.1099999999999999,14.9707038364,1.6100127236,False
CVnIdwA,Model,2.96,25.6588,1.29999944,16.7447019508,1.6300009288,False
CVnIdwA,Model,2.96,25.6588,1.48,18.228396402,1.6800099300000002,False
CVnIdwA,Model,2.96,25.6588,1.6699994400000002,19.6112004516,1.6999981351999998,False
CVnIdwA,Model,2.96,25.6588,1.85,20.7695926364,2.2000111708,False
CVnIdwA,Model,2.96,25.6588,2.0399994400000003,21.8541901124,2.7100054796,False
CVnIdwA,Model,2.96,25.6588,2.2199999999999998,22.7686954032,1.9800126195999999,False
CVnIdwA,Model,2.96,25.6588,2.40999944,23.631292941599998,2.4799999964,False
CVnIdwA,Model,2.96,25.6588,2.59,24.3643905164,2.0599910992,False
CVnIdwA,Model,2.96,25.6588,2.77999944,25.0614887948,1.9400105503999998,False
CVnIdwA,Model,2.96,25.6588,2.96,25.6588,1.6899912032000002,False
DDO_210,Data,0.31,12.02,0.03999992,2.68000324,0.84000568,False
DDO_210,Data,0.31,12.02,0.08000014999999999,4.1600018,0.72999864,False
DDO_210,Data,0.31,12.02,0.12000007,5.7799973,0.69999672,False
DDO_210,Data,0.31,12.02,0.15999998999999998,7.0200045399999995,0.61000298,False
DDO_210,Data,0.31,12.02,0.19999991,7.93000268,0.6799954399999999,False
DDO_210,Data,0.31,12.02,0.24000014,9.30999484,0.65999416,False
DDO_210,Data,0.31,12.02,0.27000008,10.38000322,0.7499999199999999,False
DDO_210,Data,0.31,12.02,0.31,12.02,0.87999622,False
DDO_210,Model,0.31,11.3116,0.03999992,1.9507759128,0.839999416,False
DDO_210,Model,0.31,11.3116,0.08000014999999999,3.8185133700000002,0.7300054175999999,False
DDO_210,Model,0.31,11.3116,0.12000007,5.5402746292,0.6999957428,False
DDO_210,Model,0.31,11.3116,0.15999998999999998,7.082520796400001,0.6100006532000001,False
DDO_210,Model,0.31,11.3116,0.19999991,8.4379672012,0.679996834,False
DDO_210,Model,0.31,11.3116,0.24000014,9.6166585444,0.6599979252,False
DDO_210,Model,0.31,11.3116,0.27000008,10.395699748,0.7500043264,False
DDO_210,Model,0.31,11.3116,0.31,11.3116,0.8799972336,False
DDO_216,Data,0.485115,13.560367,0.089999990145,3.229998057198,4.019997917884,False
DDO_216,Data,0.485115,13.560367,0.170000304795,8.439999541534,2.750001746499,False
DDO_216,Data,0.485115,13.560367,0.26000029494,9.70000172244,2.5700014349409996,False
DDO_216,Data,0.485115,13.560367,0.340000124475,11.689999140057,2.329996499408,False
DDO_216,Data,0.485115,13.560367,0.430000599735,12.850007174704999,1.9199988031629998,False
DDO_216,Data,0.485115,13.560367,0.52000058988,12.549997615196999,1.9899974176169999,False
DDO_216,Data,0.485115,13.560367,0.600000419415,13.110000091196,2.419996655187,False
DDO_216,Data,0.485115,13.560367,0.6900004095600001,13.460006723832999,2.549999893616,False
DDO_216,Data,0.485115,13.560367,0.77000072421,14.239999033673,2.500002820487,False
DDO_216,Data,0.485115,13.560367,0.860000714355,14.480003969205999,2.5099968109660002,False
DDO_216,Data,0.485115,13.560367,0.940001029005,15.259996279045998,2.4100026647079997,False
DDO_216,Data,0.485115,13.560367,1.03000101915,16.560001542602,3.169993433223,False
DDO_216,Data,0.485115,13.560367,1.1200010092950001,18.909999583335,3.270001139848,False
DDO_216,Model,0.48497,13.137949,0.09000024763,4.3555454042760005,4.020002186816,False
DDO_216,Model,0.48497,13.137949,0.16999992888999998,7.3822135431,2.7499960708330002,False
DDO_216,Model,0.48497,13.137949,0.26000017652,9.766764424549,2.5700061695330003,False
DDO_216,Model,0.48497,13.137949,0.34000034275,11.235298087871001,2.3300021172010004,False
DDO_216,Model,0.48497,13.137949,0.43000010541,12.416504806563001,1.920006142758,False
DDO_216,Model,0.48497,13.137949,0.52000035304,13.2758974645,1.99000513503,False
DDO_216,Model,0.48497,13.137949,0.6000000343,13.860194608326001,2.4199970678510003,False
DDO_216,Model,0.48497,13.137949,0.69000028193,14.378197661498001,2.549997073206,False
DDO_216,Model,0.48497,13.137949,0.77000044816,14.749003134074,2.4999940393120004,False
DDO_216,Model,0.48497,13.137949,0.86000021082,15.092100672209002,2.51000515645,False
DDO_216,Model,0.48497,13.137949,0.94000037705,15.346898055115,2.409999088662,False
DDO_216,Model,0.48497,13.137949,1.03000013971,15.589897559819,3.1700031624140004,False
DDO_216,Model,0.48497,13.137949,1.12000038734,15.796596911436001,3.2699960922530003,False
DDO_53,Data,1.204556,31.441326,0.11000005392,1.939992696852,1.559992830816,False
DDO_53,Data,1.204556,31.441326,0.22000010784,7.799995595406,2.590010670576,False
DDO_53,Data,1.204556,31.441326,0.340000385672,9.430008259224001,2.9500138532760003,False
DDO_53,Data,1.204556,31.441326,0.45000043959200003,12.48000552918,3.2000038363020002,False
DDO_53,Data,1.204556,31.441326,0.560000493512,15.949996031844,2.8000072869299997,False
DDO_53,Data,1.204556,31.441326,0.670000547432,17.279995562969997,2.26000251288,False
DDO_53,Data,1.204556,31.441326,0.7800006013519999,20.749986065633998,2.240005829544,False
DDO_53,Data,1.204556,31.441326,0.890000655272,24.719987975676,3.220000519638,False
DDO_53,Data,1.204556,31.441326,1.009999728548,27.699996853955998,3.360008744316,False
DDO_53,Data,1.204556,31.441326,1.119999782468,30.049984441848,3.7100135853480003,False
DDO_53,Data,1.204556,31.441326,1.229999836388,31.859998697016003,4.150003501392,False
DDO_53,Data,1.204556,31.441326,1.339999890308,32.000006921693995,3.5100153106620002,False
DDO_53,Data,1.204556,31.441326,1.4499999442279998,28.649996519046,3.920010201702,False
DDO_53,Data,1.204556,31.441326,1.559999998148,29.249991343104,5.11000150815,False
DDO_53,Model,1.45,33.137901,0.1099999,3.2582178400229997,1.5599998274759999,False
DDO_53,Model,1.45,33.137901,0.2199998,6.474681924786,2.589992066358,False
DDO_53,Model,1.45,33.137901,0.34000035,9.890801863074,2.950002222822,False
DDO_53,Model,1.45,33.137901,0.45000024999999994,12.902506857557999,3.199994547966,False
DDO_53,Model,1.45,33.137901,0.56000015,15.774204220317001,2.799986944995,False
DDO_53,Model,1.45,33.137901,0.67000005,18.489689517762,2.2600048482,False
DDO_53,Model,1.45,33.137901,0.77999995,21.03991610292,2.239989555996,False
DDO_53,Model,1.45,33.137901,0.88999985,23.422199805810003,3.2200098401700004,False
DDO_53,Model,1.45,33.137901,1.0100003999999998,25.832385621342,3.359984333994,False
DDO_53,Model,1.45,33.137901,1.1200003,27.875105252685,3.709986844356,False
DDO_53,Model,1.45,33.137901,1.2300002,29.767113710279997,4.149991893834001,False
DDO_53,Model,1.45,33.137901,1.3400001,31.517888433813,3.509999611821,False
DDO_53,Model,1.45,33.137901,1.45,33.137901,3.9200148608939998,False
DDO_70,Data,0.559981,23.289692,0.08000000562199999,6.54999297808,1.849993394328,False
DDO_70,Data,0.559981,23.289692,0.170000151942,10.560012146639998,1.389998687636,False
DDO_70,Data,0.559981,23.289692,0.24999959758299997,13.709989569023998,1.7500107465719998,False
DDO_70,Data,0.559981,23.289692,0.32999960320499994,16.929999095252,2.2600084219879997,False
DDO_70,Data,0.559981,23.289692,0.41999974952499997,18.589995182244,2.9699946826079997,False
DDO_70,Data,0.559981,23.289692,0.49999975514699996,22.29999653846,3.5799982954719995,False
DDO_70,Data,0.559981,23.289692,0.579999760769,23.620009701636,3.6300012641959998,False
DDO_70,Data,0.559981,23.289692,0.6699999070889999,26.439995478072,3.140009434208,False
DDO_70,Data,0.559981,23.289692,0.7499993527299998,25.929997802655997,2.750000251976,False
DDO_70,Data,0.559981,23.289692,0.8299993583519999,25.220011542035998,2.459997007192,False
DDO_70,Data,0.559981,23.289692,0.9199995046719999,25.010008389272,2.459997007192,False
DDO_70,Data,0.559981,23.289692,0.9999995102939999,24.899987884264,2.699997283252,False
DDO_70,Data,0.559981,23.289692,1.0799995159159999,24.240004592368,3.010006373464,False
DDO_70,Data,0.559981,23.289692,1.159999521538,24.430001899704,2.9900005280359996,False
DDO_70,Data,0.559981,23.289692,1.2499996678579999,24.480004868428,2.9300062814439998,False
DDO_70,Data,0.559981,23.289692,1.329999113499,25.559994465851997,3.129994866648,False
DDO_70,Data,0.559981,23.289692,1.409999119121,27.470005396464,3.2800037728199993,False
DDO_70,Data,0.559981,23.289692,1.499999265441,30.389997110348,3.209994958668,False
DDO_70,Data,0.559981,23.289692,1.5799992710629998,33.699998006464,2.980009250168,False
DDO_70,Data,0.559981,23.289692,1.6599992766849998,36.950004655987996,2.6299884690999997,False
DDO_70,Data,0.559981,23.289692,1.7499988630239998,40.089990800504,2.590000067936,False
DDO_70,Data,0.559981,23.289692,1.8299994286269998,41.549998302291996,2.750000251976,False
DDO_70,Data,0.559981,23.289692,1.9099988742679999,42.299996253768,3.1500007120760003,False
DDO_70,Data,0.559981,23.289692,1.9999990205879998,43.940009785023996,3.2800037728199993,False
DDO_70,Model,1.277002,31.854853,0.08000034429399999,4.140047824998,1.850002442828,False
DDO_70,Model,1.277002,31.854853,0.16999961424799998,8.555194160504,1.389986510655,False
DDO_70,Model,1.277002,31.854853,0.249999958542,12.110291319862998,1.750010059261,False
DDO_70,Model,1.277002,31.854853,0.33000030283599996,15.251912487281999,2.2600062557909997,False
DDO_70,Model,1.277002,31.854853,0.41999957279,18.291693689659997,2.9699872194549997,False
DDO_70,Model,1.277002,31.854853,0.499999917084,20.593015689792,3.5800076544049997,False
DDO_70,Model,1.277002,31.854853,0.580000261378,22.567984720939,3.6299879187619997,False
DDO_70,Model,1.277002,31.854853,0.669999531332,24.461405328406,3.139996569916,False
DDO_70,Model,1.277002,31.854853,0.7499998756259999,25.901913635919,2.749997604637,False
DDO_70,Model,1.277002,31.854853,0.83000021992,27.153586374847997,2.459991022925,False
DDO_70,Model,1.277002,31.854853,0.920000766876,28.374805874309,2.459991022925,False
DDO_70,Model,1.277002,31.854853,0.999999834168,29.322105492822995,2.699985485427,False
DDO_70,Model,1.277002,31.854853,1.080000178462,30.16081191746,3.009996914823,False
DDO_70,Model,1.277002,31.854853,1.160000522756,30.90748967178,2.989992067139,False
DDO_70,Model,1.277002,31.854853,1.24999979271,31.65448597463,2.93000937894,False
DDO_70,Model,1.277002,31.854853,1.3300001370039998,32.248101160285,3.129994146074,False
DDO_70,Model,1.277002,31.854853,1.410000481298,32.784887288187996,3.279998648851,False
DDO_70,Model,1.277002,31.854853,1.4999997512519998,33.33011495213599,3.21001353681,False
DDO_70,Model,1.277002,31.854853,1.580000095546,33.769616358977,2.9799896432969994,False
DDO_70,Model,1.277002,31.854853,1.66000043984,34.172102426631994,2.630000373386,False
DDO_70,Model,1.277002,31.854853,1.749999709794,34.585992531661,2.589990678018,False
DDO_70,Model,1.277002,31.854853,1.830000054088,34.923399134637,2.749997604637,False
DDO_70,Model,1.277002,31.854853,1.9100003983820002,35.235512984331,3.149998993758,False
DDO_70,Model,1.277002,31.854853,2.000000945338,35.559604258753,3.279998648851,False
IC_10,Data,0.274228,73.275475,0.059999989488000005,1.9500069407,12.709997516125,False
IC_10,Data,0.274228,73.275475,0.08000026021200002,-2.430034577425,10.699977961399998,False
IC_10,Data,0.274228,73.275475,0.10000025670800002,5.0900075953999995,9.849982451399999,False
IC_10,Data,0.274228,73.275475,0.12000025320400001,4.4900280061,9.730030498824998,False
IC_10,Data,0.274228,73.275475,0.14000024970000002,13.4099981288,7.85000163675,False
IC_10,Data,0.274228,73.275475,0.160000246196,12.5500371542,7.829997432074999,False
IC_10,Data,0.274228,73.275475,0.18000024269200002,15.219975636775,9.20002898815,False
IC_10,Data,0.274228,73.275475,0.20000023918800003,15.4400218882,9.229998657425,False
IC_10,Data,0.274228,73.275475,0.220000235684,15.1999714321,8.7499710207,False
IC_10,Data,0.274228,73.275475,0.24000050640800002,19.119989518175004,9.1699860434,False
IC_10,Data,0.274228,73.275475,0.260000502904,20.890031892274997,9.039995350749999,False
IC_10,Data,0.274228,73.275475,0.28000049940000005,23.780016626275,7.93001845545,False
IC_10,Data,0.274228,73.275475,0.30000049589600003,25.50001185095,6.420030742125,False
IC_10,Data,0.274228,73.275475,0.320000492392,26.779987848250002,5.919998900725,False
IC_10,Data,0.274228,73.275475,0.34000048888800005,26.929982745575,6.479970080675,False
IC_10,Data,0.274228,73.275475,0.36000048538400004,26.549976132225,6.130006412075,False
IC_10,Data,0.274228,73.275475,0.38000048188,24.250005522924997,6.870015434100001,False
IC_10,Data,0.274228,73.275475,0.40000075260400003,26.289994746925,7.610024456125,False
IC_10,Data,0.274228,73.275475,0.4200007491,28.090006790300002,8.1400259668,False
IC_10,Data,0.274228,73.275475,0.440000745596,29.799963274899998,8.3100250688,False
IC_10,Data,0.274228,73.275475,0.46000074209200004,31.710035081725,8.160030171475,False
IC_10,Data,0.274228,73.275475,0.480000738588,33.1800143857,7.530007637424999,False
IC_10,Data,0.274228,73.275475,0.500000735084,33.620033613075,7.360008535425,False
IC_10,Data,0.274228,73.275475,0.52000073158,34.92001381505,6.40999200205,False
IC_10,Data,0.274228,73.275475,0.540001002304,35.349994302350005,6.83000702475,False
IC_10,Model,0.53839,36.073753,0.05999979677,5.016885050969001,12.710009689502,False
IC_10,Model,0.53839,36.073753,0.07999990849000001,6.669495823405001,10.700016246095002,False
IC_10,Model,0.53839,36.073753,0.10000002021,8.305693038226002,9.850010404156002,False
IC_10,Model,0.53839,36.073753,0.12000013193,9.921761098873,9.729993027925001,False
IC_10,Model,0.53839,36.073753,0.13999970526,11.514417293823001,7.85000939033,False
IC_10,Model,0.53839,36.073753,0.15999981698000001,13.080595354071002,7.829988457415,False
IC_10,Model,0.53839,36.073753,0.17999992870000003,14.617589748142002,9.199997448849,False
IC_10,Model,0.53839,36.073753,0.20000004042,16.123091755844,9.230010811345002,False
IC_10,Model,0.53839,36.073753,0.22000015214000002,17.595189468268003,8.750013453927,False
IC_10,Model,0.53839,36.073753,0.23999972547,19.032295640282,9.169984086353,False
IC_10,Model,0.53839,36.073753,0.25999983719,20.433111616778003,9.040010354294001,False
IC_10,Model,0.53839,36.073753,0.27999994891,21.796699480178003,7.929984900731,False
IC_10,Model,0.53839,36.073753,0.30000006063,23.122409902928002,6.420009747657001,False
IC_10,Model,0.53839,36.073753,0.31999963396000003,24.409882147498003,5.9199914573240005,False
IC_10,Model,0.53839,36.073753,0.33999974568,25.659188361394,6.480000398896,False
IC_10,Model,0.53839,36.073753,0.35999985740000007,26.870184249604,6.130012847290001,False
IC_10,Model,0.53839,36.073753,0.37999996912,28.043410918423003,6.869993742579001,False
IC_10,Model,0.53839,36.073753,0.40000008084,29.179084810369,7.610010711621001,False
IC_10,Model,0.53839,36.073753,0.41999965417,30.278107769267002,8.140006290697,False
IC_10,Model,0.53839,36.073753,0.43999976589,31.340984827659003,8.309985814833,False
IC_10,Model,0.53839,36.073753,0.45999987761000005,32.368689976876006,8.159991149859,False
IC_10,Model,0.53839,36.073753,0.47999998933000004,33.36208898699,7.529999127467001,False
IC_10,Model,0.53839,36.073753,0.50000010105,34.322083701826,7.359983529578002,False
IC_10,Model,0.53839,36.073753,0.51999967438,35.249612038962,6.410017318076,False
IC_10,Model,0.53839,36.073753,0.5399997861000001,36.145900506000004,6.829987950502001,False
IC_1613,Data,2.0,20.51,0.14,2.9999977000000007,0.8400075600000001,False
IC_1613,Data,2.0,20.51,0.17,4.0099921400000005,2.66000343,False
IC_1613,Data,2.0,20.51,0.19,6.27000955,1.67000624,False
IC_1613,Data,2.0,20.51,0.21,5.340004110000001,1.37999484,False
IC_1613,Data,2.0,20.51,0.24,4.390001420000001,1.9200026300000002,False
IC_1613,Data,2.0,20.51,0.26,4.4799993,1.8699992500000002,False
IC_1613,Data,2.0,20.51,0.29,4.0200010200000005,2.0900100200000002,False
IC_1613,Data,2.0,20.51,0.31,3.70999237,1.7999986200000002,False
IC_1613,Data,2.0,20.51,0.33,3.93999151,1.95000876,False
IC_1613,Data,2.0,20.51,0.36,4.0300099000000005,2.3499947800000003,False
IC_1613,Data,2.0,20.51,0.38,3.68999512,2.80999306,False
IC_1613,Data,2.0,20.51,0.4,4.109998900000001,2.7199951800000006,False
IC_1613,Data,2.0,20.51,0.43,5.139990590000001,2.7100068100000003,False
IC_1613,Data,2.0,20.51,0.45,5.220000100000001,2.5000049200000003,False
IC_1613,Data,2.0,20.51,0.48,4.039998270000001,2.53999942,False
IC_1613,Data,2.0,20.51,0.5,4.49000818,2.34000641,False
IC_1613,Data,2.0,20.51,0.52,5.1800056,2.32000916,False
IC_1613,Data,2.0,20.51,0.55,6.789999580000001,2.34000641,False
IC_1613,Data,2.0,20.51,0.57,6.579997690000001,2.3600036600000003,False
IC_1613,Data,2.0,20.51,0.59,6.019992650000001,2.41000704,False
IC_1613,Data,2.0,20.51,0.62,6.249991790000001,2.0900100200000002,False
IC_1613,Data,2.0,20.51,0.64,6.089993280000001,1.90000538,False
IC_1613,Data,2.0,20.51,0.67,6.130008290000001,1.9999916300000002,False
IC_1613,Data,2.0,20.51,0.69,6.7000017000000005,2.16999902,False
IC_1613,Data,2.0,20.51,0.71,7.039995970000001,2.11000727,False
IC_1613,Data,2.0,20.51,0.74,6.2799979200000005,2.22999077,False
IC_1613,Data,2.0,20.51,0.76,7.1499911,2.0699922600000003,False
IC_1613,Data,2.0,20.51,0.78,7.510003130000001,2.04999501,False
IC_1613,Data,2.0,20.51,0.81,7.610009890000001,2.1800079,False
IC_1613,Data,2.0,20.51,0.83,7.24000949,2.2099935200000003,False
IC_1613,Data,2.0,20.51,0.86,6.949998090000001,2.04999501,False
IC_1613,Data,2.0,20.51,0.88,7.8899919,2.04999501,False
IC_1613,Data,2.0,20.51,0.9,9.010001980000002,2.06000389,False
IC_1613,Data,2.0,20.51,0.93,10.369999570000001,2.1500017700000003,False
IC_1613,Data,2.0,20.51,0.95,10.8100006,2.25000853,False
IC_1613,Data,2.0,20.51,0.97,11.44000627,2.09999839,False
IC_1613,Data,2.0,20.51,1.0,11.23999275,1.9399998800000002,False
IC_1613,Data,2.0,20.51,1.02,11.359996760000001,1.6500089900000003,False
IC_1613,Data,2.0,20.51,1.05,11.05000862,1.6299912300000001,False
IC_1613,Data,2.0,20.51,1.07,10.549995330000002,1.65999736,False
IC_1613,Data,2.0,20.51,1.09,10.31000782,1.7800013700000001,False
IC_1613,Data,2.0,20.51,1.12,10.179994930000001,1.81999587,False
IC_1613,Data,2.0,20.51,1.14,10.52000971,1.9200026300000002,False
IC_1613,Data,2.0,20.51,1.16,11.359996760000001,1.9900032600000002,False
IC_1613,Data,2.0,20.51,1.19,11.390002890000002,1.95000876,False
IC_1613,Data,2.0,20.51,1.21,11.280007760000002,2.0699922600000003,False
IC_1613,Data,2.0,20.51,1.24,10.720002720000002,1.9399998800000002,False
IC_1613,Data,2.0,20.51,1.26,11.129997620000001,1.9900032600000002,False
IC_1613,Data,2.0,20.51,1.28,10.91999573,2.11000727,False
IC_1613,Data,2.0,20.51,1.31,11.189989370000001,2.13000452,False
IC_1613,Data,2.0,20.51,1.33,11.5100069,2.06000389,False
IC_1613,Data,2.0,20.51,1.35,11.44000627,2.0900100200000002,False
IC_1613,Data,2.0,20.51,1.38,11.990002430000002,2.1399928900000003,False
IC_1613,Data,2.0,20.51,1.4,11.76000329,1.9999916300000002,False
IC_1613,Data,2.0,20.51,1.43,12.130003690000002,2.02000939,False
IC_1613,Data,2.0,20.51,1.45,12.520001340000002,1.9900032600000002,False
IC_1613,Data,2.0,20.51,1.47,13.050000250000002,1.95000876,False
IC_1613,Data,2.0,20.51,1.5,13.500010160000002,1.90000538,False
IC_1613,Data,2.0,20.51,1.52,14.109998070000001,1.8699992500000002,False
IC_1613,Data,2.0,20.51,1.54,14.709997610000002,1.9200026300000002,False
IC_1613,Data,2.0,20.51,1.57,14.849998870000002,2.0800011400000002,False
IC_1613,Data,2.0,20.51,1.59,15.140010270000001,2.04000664,False
IC_1613,Data,2.0,20.51,1.62,15.570002420000002,1.90000538,False
IC_1613,Data,2.0,20.51,1.64,16.089992450000004,1.8899965,False
IC_1613,Data,2.0,20.51,1.66,16.509996230000002,1.9399998800000002,False
IC_1613,Data,2.0,20.51,1.69,16.969994510000003,1.9200026300000002,False
IC_1613,Data,2.0,20.51,1.71,17.450010550000002,1.9999916300000002,False
IC_1613,Data,2.0,20.51,1.73,17.74998981,2.0800011400000002,False
IC_1613,Data,2.0,20.51,1.76,18.00000671,2.23999965,False
IC_1613,Data,2.0,20.51,1.78,18.76000476,2.1500017700000003,False
IC_1613,Data,2.0,20.51,1.81,19.22000304,2.1500017700000003,False
IC_1613,Data,2.0,20.51,1.83,18.869999890000003,2.1500017700000003,False
IC_1613,Data,2.0,20.51,1.85,19.31000092,2.0900100200000002,False
IC_1613,Data,2.0,20.51,1.88,19.380001550000003,2.13000452,False
IC_1613,Data,2.0,20.51,1.9,19.15999078,2.11999564,False
IC_1613,Data,2.0,20.51,1.92,19.48999668,2.06000389,False
IC_1613,Data,2.0,20.51,1.95,19.34000705,2.1500017700000003,False
IC_1613,Data,2.0,20.51,1.97,20.100005100000004,2.16999902,False
IC_1613,Data,2.0,20.51,2.0,20.51,2.22999077,False
IC_1613,Data,2.0,20.51,2.02,20.42999049,2.04999501,False
IC_1613,Data,2.0,20.51,2.04,20.179994100000002,2.18999627,False
IC_1613,Data,2.0,20.51,2.07,20.580000630000004,2.2999914,False
IC_1613,Data,2.0,20.51,2.09,20.80999977,2.2999914,False
IC_1613,Data,2.0,20.51,2.11,20.630004010000004,2.39000979,False
IC_1613,Data,2.0,20.51,2.14,20.630004010000004,2.32000916,False
IC_1613,Data,2.0,20.51,2.16,21.00999278,2.2799941500000003,False
IC_1613,Data,2.0,20.51,2.19,21.000004410000003,2.38000091,False
IC_1613,Data,2.0,20.51,2.21,20.739999140000002,2.27000578,False
IC_1613,Data,2.0,20.51,2.23,20.569991750000003,2.31000028,False
IC_1613,Data,2.0,20.51,2.26,21.129996790000003,2.4899960400000003,False
IC_1613,Data,2.0,20.51,2.28,20.70999301,2.39999816,False
IC_1613,Data,2.0,20.51,2.3,20.77999364,2.38000091,False
IC_1613,Data,2.0,20.51,2.33,20.599997880000004,2.25000853,False
IC_1613,Data,2.0,20.51,2.35,19.730004700000002,2.3600036600000003,False
IC_1613,Data,2.0,20.51,2.38,19.78000808,2.5599966700000003,False
IC_1613,Data,2.0,20.51,2.4,19.730004700000002,2.4300042900000003,False
IC_1613,Data,2.0,20.51,2.42,19.349995420000003,2.50999329,False
IC_1613,Data,2.0,20.51,2.45,19.41999605,2.2200024000000003,False
IC_1613,Data,2.0,20.51,2.47,19.430004930000003,2.32999753,False
IC_1613,Data,2.0,20.51,2.49,19.48999668,2.18999627,False
IC_1613,Data,2.0,20.51,2.52,18.99999227,2.2900030300000003,False
IC_1613,Data,2.0,20.51,2.54,18.340000980000003,2.2999914,False
IC_1613,Data,2.0,20.51,2.57,18.020003960000004,2.43999266,False
IC_1613,Data,2.0,20.51,2.59,18.53000562,2.2200024000000003,False
IC_1613,Data,2.0,20.51,2.61,17.930006080000002,2.25000853,False
IC_1613,Data,2.0,20.51,2.64,18.270000350000004,2.2599969,False
IC_1613,Data,2.0,20.51,2.66,16.310003220000002,2.23999965,False
IC_1613,Data,2.0,20.51,2.68,16.759992620000002,2.0800011400000002,False
IC_1613,Data,2.0,20.51,2.71,16.94999726,2.02999776,False
IC_1613,Model,2.71,21.1257,0.14000131,1.5805614968999997,0.8400000833999999,False
IC_1613,Model,2.71,21.1257,0.17000100999999998,1.9177276688999998,2.6600002641,False
IC_1613,Model,2.71,21.1257,0.19000081000000002,2.1420403515,1.6700077106999998,False
IC_1613,Model,2.71,21.1257,0.21000061,2.3659093943999996,1.3799941011,False
IC_1613,Model,2.71,21.1257,0.24000031,2.7007728651000003,1.9200092444999997,False
IC_1613,Model,2.71,21.1257,0.26000011,2.923374366,1.8700047126,False
IC_1613,Model,2.71,21.1257,0.28999980999999997,3.2561463923999994,2.0900077524,False
IC_1613,Model,2.71,21.1257,0.30999961000000004,3.4772057171999995,1.7999941428,False
IC_1613,Model,2.71,21.1257,0.32999941,3.6975678938999996,1.9500077384999999,False
IC_1613,Model,2.71,21.1257,0.35999910999999996,4.0267274256,2.3500017423,False
IC_1613,Model,2.71,21.1257,0.37999891,4.245209415,2.8099927340999997,False
IC_1613,Model,2.71,21.1257,0.39999871000000004,4.4628675021,2.7199972520999998,False
IC_1613,Model,2.71,21.1257,0.43000112,4.787738516699999,2.7100047959999998,False
IC_1613,Model,2.71,21.1257,0.45000092,5.0031784053,2.4999942123,False
IC_1613,Model,2.71,21.1257,0.48000062,5.3245636794,2.5400062881,False
IC_1613,Model,2.71,21.1257,0.50000042,5.5375952382,2.3400092862,False
IC_1613,Model,2.71,21.1257,0.52000022,5.749591637699999,2.3200032483,False
IC_1613,Model,2.71,21.1257,0.54999992,6.065610983999999,2.3400092862,False
IC_1613,Model,2.71,21.1257,0.56999972,6.2749244196,2.3599941984,False
IC_1613,Model,2.71,21.1257,0.58999952,6.4831181931,2.4099987303,False
IC_1613,Model,2.71,21.1257,0.6199992200000001,6.793243469099999,2.0900077524,False
IC_1613,Model,2.71,21.1257,0.63999902,6.998500770299999,1.9000032065999999,False
IC_1613,Model,2.71,21.1257,0.66999872,7.3041262721999995,1.9999911447,False
IC_1613,Model,2.71,21.1257,0.6900012299999999,7.506320346899999,2.1699896526,False
IC_1613,Model,2.71,21.1257,0.7100010299999999,7.7072680053,2.1099926645999996,False
IC_1613,Model,2.71,21.1257,0.74000073,8.006238911699999,2.2300077663,False
IC_1613,Model,2.71,21.1257,0.76000053,8.203933212299999,2.0700017145,False
IC_1613,Model,2.71,21.1257,0.78000033,8.400296593799998,2.0499956766,False
IC_1613,Model,2.71,21.1257,0.8100000300000001,8.692296019199999,2.1800032344,False
IC_1613,Model,2.71,21.1257,0.82999983,8.8852792887,2.2100017284,False
IC_1613,Model,2.71,21.1257,0.85999953,9.172145168999998,2.0499956766,False
IC_1613,Model,2.71,21.1257,0.87999933,9.361642697999999,2.0499956766,False
IC_1613,Model,2.71,21.1257,0.89999913,9.549745930799999,2.0600092584,False
IC_1613,Model,2.71,21.1257,0.92999883,9.8292178161,2.1500047404,False
IC_1613,Model,2.71,21.1257,0.94999863,10.013793056999999,2.2499926785,False
IC_1613,Model,2.71,21.1257,0.9700011399999999,10.1969106246,2.1000002084999996,False
IC_1613,Model,2.71,21.1257,1.00000084,10.4687983836,1.9399941566999999,False
IC_1613,Model,2.71,21.1257,1.02000064,10.648303456499999,1.6500016728,False
IC_1613,Model,2.71,21.1257,1.05000034,10.914804162,1.6299956349,False
IC_1613,Model,2.71,21.1257,1.07000014,11.0905911117,1.6599941288999998,False
IC_1613,Model,2.71,21.1257,1.08999994,11.265004890899998,1.7800092306,False
IC_1613,Model,2.71,21.1257,1.1199996399999999,11.523794715900001,1.8200001807,False
IC_1613,Model,2.71,21.1257,1.13999944,11.6944903719,1.9200092444999997,False
IC_1613,Model,2.71,21.1257,1.1599992399999999,11.8637072289,1.9899986885999998,False
IC_1613,Model,2.71,21.1257,1.18999894,12.114891801899997,1.9500077384999999,False
IC_1613,Model,2.71,21.1257,1.20999874,12.280496164199999,2.0700017145,False
IC_1613,Model,2.71,21.1257,1.2400011499999999,12.526103552399999,1.9399941566999999,False
IC_1613,Model,2.71,21.1257,1.26000095,12.687989791499998,1.9899986885999998,False
IC_1613,Model,2.71,21.1257,1.28000075,12.848502860099998,2.1099926645999996,False
IC_1613,Model,2.71,21.1257,1.31000045,13.086610624799999,2.1299987025,False
IC_1613,Model,2.71,21.1257,1.33000025,13.243490072999998,2.0600092584,False
IC_1613,Model,2.71,21.1257,1.35000005,13.398890722199999,2.0900077524,False
IC_1613,Model,2.71,21.1257,1.37999975,13.629393234899998,2.1399911586,False
IC_1613,Model,2.71,21.1257,1.39999955,13.7813081436,1.9999911447,False
IC_1613,Model,2.71,21.1257,1.42999925,14.0065081056,2.0199971825999996,False
IC_1613,Model,2.71,21.1257,1.4499990499999997,14.154895022399998,1.9899986885999998,False
IC_1613,Model,2.71,21.1257,1.46999885,14.301908768699999,1.9500077384999999,False
IC_1613,Model,2.71,21.1257,1.5000012600000001,14.5197992385,1.9000032065999999,False
IC_1613,Model,2.71,21.1257,1.52000106,14.6633906214,1.8700047126,False
IC_1613,Model,2.71,21.1257,1.5400008600000001,14.805608833799997,1.9200092444999997,False
IC_1613,Model,2.71,21.1257,1.5700005599999998,15.016295439899999,2.0799941706,False
IC_1613,Model,2.71,21.1257,1.5900003600000001,15.155196917399998,2.0400032204999996,False
IC_1613,Model,2.71,21.1257,1.6200000600000002,15.360897858299998,1.9000032065999999,False
IC_1613,Model,2.71,21.1257,1.6399998599999999,15.496503726599999,1.8899896247999999,False
IC_1613,Model,2.71,21.1257,1.65999966,15.630694173,1.9399941566999999,False
IC_1613,Model,2.71,21.1257,1.6899993599999998,15.8295926385,1.9200092444999997,False
IC_1613,Model,2.71,21.1257,1.70999916,15.960593104199999,1.9999911447,False
IC_1613,Model,2.71,21.1257,1.72999896,16.090410530699998,2.0799941706,False
IC_1613,Model,2.71,21.1257,1.75999866,16.2825910236,2.2400002224,False
IC_1613,Model,2.71,21.1257,1.78000117,16.4093029722,2.1500047404,False
IC_1613,Model,2.71,21.1257,1.8100008699999999,16.5968991882,2.1500047404,False
IC_1613,Model,2.71,21.1257,1.83000067,16.7205056589,2.1500047404,False
IC_1613,Model,2.71,21.1257,1.85000047,16.842907964699997,2.0900077524,False
IC_1613,Model,2.71,21.1257,1.88000017,17.0242087221,2.1299987025,False
IC_1613,Model,2.71,21.1257,1.89999997,17.1435900528,2.1200062463999996,False
IC_1613,Model,2.71,21.1257,1.91999977,17.2618939728,2.0600092584,False
IC_1613,Model,2.71,21.1257,1.94999947,17.4370894029,2.1500047404,False
IC_1613,Model,2.71,21.1257,1.9699992700000002,17.552499102,2.1699896526,False
IC_1613,Model,2.71,21.1257,1.9999989699999998,17.7234905178,2.2300077663,False
IC_1613,Model,2.71,21.1257,2.01999877,17.8360904988,2.0499956766,False
IC_1613,Model,2.71,21.1257,2.04000128,17.947697571899997,2.1899956904999995,False
IC_1613,Model,2.71,21.1257,2.07000098,18.1129005459,2.2999972104,False
IC_1613,Model,2.71,21.1257,2.09000078,18.2218035294,2.2999972104,False
IC_1613,Model,2.71,21.1257,2.11000058,18.3296079765,2.3899926924,False
IC_1613,Model,2.71,21.1257,2.14000028,18.489297142799998,2.3200032483,False
IC_1613,Model,2.71,21.1257,2.16000008,18.5945031288,2.2799911724999995,False
IC_1613,Model,2.71,21.1257,2.18999978,18.7504107948,2.3800002363,False
IC_1613,Model,2.71,21.1257,2.20999958,18.8531028225,2.2699987164,False
IC_1613,Model,2.71,21.1257,2.2299993799999998,18.954801942299998,2.3099896665,False
IC_1613,Model,2.71,21.1257,2.25999908,19.105491560399997,2.4900017562,False
IC_1613,Model,2.71,21.1257,2.27999888,19.2048034761,2.4000062742,False
IC_1613,Model,2.71,21.1257,2.29999868,19.3031013582,2.3800002363,False
IC_1613,Model,2.71,21.1257,2.3300010899999997,19.4488053111,2.2499926785,False
IC_1613,Model,2.71,21.1257,2.35000089,19.5448004919,2.3599941984,False
IC_1613,Model,2.71,21.1257,2.38000059,19.6869975786,2.5599912003,False
IC_1613,Model,2.71,21.1257,2.4000003899999998,19.780795686599998,2.4300047682,False
IC_1613,Model,2.71,21.1257,2.42000019,19.873600886699997,2.5100077941,False
IC_1613,Model,2.71,21.1257,2.44999989,20.0111925708,2.2199941845,False
IC_1613,Model,2.71,21.1257,2.46999969,20.101800698099996,2.3299957044,False
IC_1613,Model,2.71,21.1257,2.48999949,20.191606048799997,2.1899956904999995,False
IC_1613,Model,2.71,21.1257,2.51999919,20.324803587299996,2.2900047543,False
IC_1613,Model,2.71,21.1257,2.53999899,20.412496368,2.2999972104,False
IC_1613,Model,2.71,21.1257,2.5699986900000003,20.5425039258,2.4399972243,False
IC_1613,Model,2.71,21.1257,2.5900012,20.6281052622,2.2199941845,False
IC_1613,Model,2.71,21.1257,2.610001,20.7130094505,2.2499926785,False
IC_1613,Model,2.71,21.1257,2.6400007,20.8387918683,2.2600062603,False
IC_1613,Model,2.71,21.1257,2.6600005,20.9217947436,2.2400002224,False
IC_1613,Model,2.71,21.1257,2.6800003,21.0039103395,2.0799941706,False
IC_1613,Model,2.71,21.1257,2.71,21.1257,2.0299896386999996,False
UGC_8508,Data,1.86,46.080002,0.06999924,3.390013587136,3.2199783797559998,False
UGC_8508,Data,1.86,46.080002,0.14999969999999999,4.970004695711999,4.000020653612,False
UGC_8508,Data,1.86,46.080002,0.2200008,6.729984292100001,2.959995008472,False
UGC_8508,Data,1.86,46.080002,0.29999939999999997,9.740022182744001,3.049989252378,False
UGC_8508,Data,1.86,46.080002,0.3700005,11.5200005,3.460009110174,False
UGC_8508,Data,1.86,46.080002,0.44999910000000004,14.49999422934,3.3500161454,False
UGC_8508,Data,1.86,46.080002,0.5200002,17.569982202586,2.899998845868,False
UGC_8508,Data,1.86,46.080002,0.58999944,19.609989971128,3.069987973246,False
UGC_8508,Data,1.86,46.080002,0.6699999000000001,21.22997852144,3.0399898919440003,False
UGC_8508,Data,1.86,46.080002,0.73999914,23.219989487811997,2.6800129163200004,False
UGC_8508,Data,1.86,46.080002,0.8199995999999999,23.720003589514,2.590018672414,False
UGC_8508,Data,1.86,46.080002,0.8900007000000001,25.989996648038,2.8500020436980003,False
UGC_8508,Data,1.86,46.080002,0.9699993,26.8899851671,2.710010997622,False
UGC_8508,Data,1.86,46.080002,1.0400004,28.760003808264003,2.660014195452,False
UGC_8508,Data,1.86,46.080002,1.12000086,29.729987850364,2.58001931198,False
UGC_8508,Data,1.86,46.080002,1.1900001000000002,30.230001952066,2.469980267204,False
UGC_8508,Data,1.86,46.080002,1.25999934,31.299979598506,2.6800129163200004,False
UGC_8508,Data,1.86,46.080002,1.3399998000000002,32.310007162344,2.78000652066,False
UGC_8508,Data,1.86,46.080002,1.4100009,35.790014993386,2.63001611415,False
UGC_8508,Data,1.86,46.080002,1.4899995000000001,36.560011826806,2.810004601962,False
UGC_8508,Data,1.86,46.080002,1.5600006,38.469981829704004,2.610017393282,False
UGC_8508,Data,1.86,46.080002,1.6399991999999999,40.100015820452,2.289991779392,False
UGC_8508,Data,1.86,46.080002,1.7100003000000001,41.620010766424,2.700011637188,False
UGC_8508,Data,1.86,46.080002,1.7799995400000002,43.339992921075996,2.800005241528,False
UGC_8508,Data,1.86,46.080002,1.86,46.080002,2.289991779392,False
UGC_8508,Model,1.86,43.538399,0.06999924,2.1636407383050003,3.220012913242,False
UGC_8508,Model,1.86,43.538399,0.14999969999999999,4.6266950465329995,4.000003331327,False
UGC_8508,Model,1.86,43.538399,0.2200008,6.765170590215999,2.960001594414,False
UGC_8508,Model,1.86,43.538399,0.29999939999999997,9.180550351538999,3.049995465147,False
UGC_8508,Model,1.86,43.538399,0.3700005,11.261816438936,3.45999656853,False
UGC_8508,Model,1.86,43.538399,0.44999910000000004,13.595605240533,3.350018572656,False
UGC_8508,Model,1.86,43.538399,0.5200002,15.592798679461,2.900005680592,False
UGC_8508,Model,1.86,43.538399,0.58999944,17.543493108257,3.0699795902880003,False
UGC_8508,Model,1.86,43.538399,0.6699999000000001,19.711400609664,3.039981633377,False
UGC_8508,Model,1.86,43.538399,0.73999914,21.551420428202,2.6800061504449997,False
UGC_8508,Model,1.86,43.538399,0.8199995999999999,23.586318120664,2.590012279712,False
UGC_8508,Model,1.86,43.538399,0.8900007000000001,25.305997804366,2.849980060141,False
UGC_8508,Model,1.86,43.538399,0.9699993,27.200788928846002,2.7100041073559997,False
UGC_8508,Model,1.86,43.538399,1.0400004,28.796819559388,2.6599784869049996,False
UGC_8508,Model,1.86,43.538399,1.12000086,30.550502732708996,2.5799984479419997,False
UGC_8508,Model,1.86,43.538399,1.1900001000000002,32.024190462061,2.470020452068,False
UGC_8508,Model,1.86,43.538399,1.25999934,33.44227965589,2.6800061504449997,False
UGC_8508,Model,1.86,43.538399,1.3399998000000002,34.996513423391995,2.780013852948,False
UGC_8508,Model,1.86,43.538399,1.4100009,36.300009551053,2.629980529994,False
UGC_8508,Model,1.86,43.538399,1.4899995000000001,37.727285347070996,2.810011809859,False
UGC_8508,Model,1.86,43.538399,1.5600006,38.923589936393995,2.6099964048529998,False
UGC_8508,Model,1.86,43.538399,1.6399991999999999,40.233007286319,2.2899891722029997,False
UGC_8508,Model,1.86,43.538399,1.7100003000000001,41.330392633113995,2.699990275586,False
UGC_8508,Model,1.86,43.538399,1.7799995400000002,42.384413734504996,2.7999979780889994,False
UGC_8508,Model,1.86,43.538399,1.86,43.538399,2.2899891722029997,False
WLM,Data,1.669855,32.606522,0.010000761595000001,0.490010812616,4.079988884815999,False
WLM,Data,1.669855,32.606522,0.03999970667,1.0900034239379999,3.4499982732539998,False
WLM,Data,1.669855,32.606522,0.059999560005,2.0500046446619997,4.339993291243999,False
WLM,Data,1.669855,32.606522,0.07999941334,2.210004848116,4.29998508875,False
WLM,Data,1.669855,32.606522,0.11000002827000001,3.2899980697999998,3.460008475508,False
WLM,Data,1.669855,32.606522,0.129999881605,4.6500161024199995,2.5600032552639997,False
WLM,Data,1.669855,32.606522,0.160000496535,4.640005900166,2.8699934599179997,False
WLM,Data,1.669855,32.606522,0.18000034987000002,4.759997901126,3.1199876640919997,False
WLM,Data,1.669855,32.606522,0.20999929494500003,4.919998104579999,3.650006679202,False
WLM,Data,1.669855,32.606522,0.230000818135,6.590006341854,3.1599958665859997,False
WLM,Data,1.669855,32.606522,0.25000067147000005,7.750015968526,2.860015864186,False
WLM,Data,1.669855,32.606522,0.279999616545,8.900015392943999,2.920011864666,False
WLM,Data,1.669855,32.606522,0.29999946988000004,10.710003429163999,2.48999705253,False
WLM,Data,1.669855,32.606522,0.33000008481,10.680005428924,2.4700092545439998,False
WLM,Data,1.669855,32.606522,0.349999938145,11.840015055596,2.2599906463419996,False
WLM,Data,1.669855,32.606522,0.380000553075,12.370001464183998,2.1500088476359998,False
WLM,Data,1.669855,32.606522,0.40000040641,13.200000481694,1.999986239914,False
WLM,Data,1.669855,32.606522,0.420000259745,14.059997499443998,1.8199982384739999,False
WLM,Data,1.669855,32.606522,0.44999920482000005,14.870008718968,2.0200066444219997,False
WLM,Data,1.669855,32.606522,0.47000072801000004,15.499999330529999,1.849996238714,False
WLM,Data,1.669855,32.606522,0.49999967308500004,15.659999533984,2.0900128471559998,False
WLM,Data,1.669855,32.606522,0.51999952642,15.760003736958,2.0800026449019997,False
WLM,Data,1.669855,32.606522,0.55000014135,16.910003161375997,2.2700008485959997,False
WLM,Data,1.669855,32.606522,0.5699999946850001,17.01000736435,2.4100132540640002,False
WLM,Data,1.669855,32.606522,0.58999984802,17.330007771258,2.40000305181,False
WLM,Data,1.669855,32.606522,0.62000046295,18.030004585554,2.299998848836,False
WLM,Data,1.669855,32.606522,0.6400003162850001,18.649984994862,2.289988646582,False
WLM,Data,1.669855,32.606522,0.66999926136,19.470006416639997,2.1500088476359998,False
WLM,Data,1.669855,32.606522,0.69000078455,20.040001027722,2.110000645142,False
WLM,Data,1.669855,32.606522,0.719999729625,20.069999027961998,2.1500088476359998,False
WLM,Data,1.669855,32.606522,0.73999958296,21.0100124507,2.25001305061,False
WLM,Data,1.669855,32.606522,0.759999436295,21.749984860968,2.6499972559839997,False
WLM,Data,1.669855,32.606522,0.790000051225,22.369997876798,3.1299978663459997,False
WLM,Data,1.669855,32.606522,0.80999990456,22.500000080012,3.1199876640919997,False
WLM,Data,1.669855,32.606522,0.84000051949,21.569996859528,3.089989663852,False
WLM,Data,1.669855,32.606522,0.8600003728250001,22.830010689174,3.85001508515,False
WLM,Data,1.669855,32.606522,0.8800002261600001,22.980000690374,3.94000908587,False
WLM,Data,1.669855,32.606522,0.9100008410900001,22.960012892387997,4.170015492058,False
WLM,Data,1.669855,32.606522,0.930000694425,23.579993301696,4.109986885055999,False
WLM,Data,1.669855,32.606522,0.9599996395,24.149987912778,3.780008882416,False
WLM,Data,1.669855,32.606522,0.979999492835,24.710004928128,3.699992477428,False
WLM,Data,1.669855,32.606522,1.010000107765,25.200015740743996,3.7299904776679997,False
WLM,Data,1.669855,32.606522,1.0299999611000001,26.250010962188,3.870002883136,False
WLM,Data,1.669855,32.606522,1.0499998144350002,26.589999167082,3.85001508515,False
WLM,Data,1.669855,32.606522,1.080000429365,26.929987371975997,3.740000679922,False
WLM,Data,1.669855,32.606522,1.1000002827,26.90999957399,3.400012475028,False
WLM,Data,1.669855,32.606522,1.1299992277750002,27.490004387326,3.360004272534,False
WLM,Data,1.669855,32.606522,1.150000750965,27.690012793273997,3.089989663852,False
WLM,Data,1.669855,32.606522,1.17999969604,28.559987406755997,3.17000606884,False
WLM,Data,1.669855,32.606522,1.199999549375,29.079996219612,3.530014678242,False
WLM,Data,1.669855,32.606522,1.21999940271,28.889998015918,3.8199844783879997,False
WLM,Data,1.669855,32.606522,1.2500000176400001,28.629993609489997,3.4399880709999997,False
WLM,Data,1.669855,32.606522,1.2699998709750002,28.260007404355996,3.2799878675459997,False
WLM,Data,1.669855,32.606522,1.300000485905,28.040011200422,3.210014271334,False
WLM,Data,1.669855,32.606522,1.32000033924,28.230009404116,3.2499898673059997,False
WLM,Data,1.669855,32.606522,1.349999284315,28.849989813424,3.4399880709999997,False
WLM,Data,1.669855,32.606522,1.370000807505,28.889998015918,3.560012678482,False
WLM,Data,1.669855,32.606522,1.3900006608400002,29.450015031268,3.210014271334,False
WLM,Data,1.669855,32.606522,1.4199996059150002,29.51998862748,3.180016271094,False
WLM,Data,1.669855,32.606522,1.43999945925,29.419984424505998,3.2899980697999998,False
WLM,Data,1.669855,32.606522,1.4700000741800001,29.660001032948,3.2799878675459997,False
WLM,Data,1.669855,32.606522,1.489999927515,29.320012828053997,3.5399922739739997,False
WLM,Data,1.669855,32.606522,1.520000542445,30.19999764379,3.23000206932,False
WLM,Data,1.669855,32.606522,1.54000039578,30.679998254151997,3.210014271334,False
WLM,Data,1.669855,32.606522,1.560000249115,30.989988458806,3.2899980697999998,False
WLM,Data,1.669855,32.606522,1.58999919419,31.100002864034,3.599988274454,False
WLM,Data,1.669855,32.606522,1.6100007173800002,31.450001271182,3.4699860712399997,False
WLM,Data,1.669855,32.606522,1.6399996624550002,32.00998568001,3.3499940702799997,False
WLM,Data,1.669855,32.606522,1.65999951579,32.369994289412,3.4699860712399997,False
WLM,Data,1.669855,32.606522,1.6799993691250001,32.849994899773996,3.330006272294,False
WLM,Data,1.669855,32.606522,1.709999984055,32.77998869704,3.6299862746939997,False
WLM,Data,1.669855,32.606522,1.7299998373900003,32.990007305241996,3.680004679442,False
WLM,Data,1.669855,32.606522,1.7600004523200001,33.380013914883996,3.40999007076,False
WLM,Data,1.669855,32.606522,1.780000305655,33.679993917283994,3.360004272534,False
WLM,Data,1.669855,32.606522,1.80999925073,34.070000526926,3.3199960700399997,False
WLM,Data,1.669855,32.606522,1.8300007739200002,33.619997916804,3.6099984767080002,False
WLM,Data,1.669855,32.606522,1.850000627255,33.880002323232,3.680004679442,False
WLM,Data,1.669855,32.606522,1.87999957233,33.649995917044,3.580000476468,False
WLM,Data,1.669855,32.606522,1.8999994256650001,34.089988324912,3.490006475748,False
WLM,Data,1.669855,32.606522,1.930000040595,34.279986528605995,3.460008475508,False
WLM,Data,1.669855,32.606522,1.9499998939300003,35.05999974789,3.490006475748,False
WLM,Data,1.669855,32.606522,1.9800005088600001,35.230010153598,3.5699902742139997,False
WLM,Data,1.669855,32.606522,2.0000003621949998,35.070009950144,4.079988884815999,False
WLM,Data,1.669855,32.606522,2.02000021553,34.950017949183994,3.9499866816019997,False
WLM,Data,1.669855,32.606522,2.049999160605,34.699991138487995,3.769998680162,False
WLM,Data,1.669855,32.606522,2.0700006837950005,34.989993545156004,3.750010882176,False
WLM,Data,1.669855,32.606522,2.0999996288700005,34.82001574597,3.650006679202,False
WLM,Data,1.669855,32.606522,2.1199994822050003,34.590009339782,3.6299862746939997,False
WLM,Data,1.669855,32.606522,2.150000097135,34.799995341462,3.530014678242,False
WLM,Data,1.669855,32.606522,2.1699999504700003,35.14999374861,3.6099984767080002,False
WLM,Data,1.669855,32.606522,2.189999803805,35.580008560746,3.699992477428,False
WLM,Data,1.669855,32.606522,2.220000418735,36.209999172307995,3.9799846818419997,False
WLM,Data,1.669855,32.606522,2.24000027207,35.970015170387995,4.079988884815999,False
WLM,Data,1.669855,32.606522,2.269999217145,36.44000557849599,3.900000883376,False
WLM,Data,1.669855,32.606522,2.2900007403350005,36.310003375281994,3.8899906811219997,False
WLM,Data,1.669855,32.606522,2.31000059367,36.290015577295996,3.94000908587,False
WLM,Data,1.669855,32.606522,2.339999538745,35.510002358011995,4.03000308659,False
WLM,Data,1.669855,32.606522,2.35999939208,35.26998574957,3.85001508515,False
WLM,Data,1.669855,32.606522,2.3900000070100003,34.609997137768,4.0100152886039995,False
WLM,Data,1.669855,32.606522,2.409999860345,35.260008153838,4.06000108683,False
WLM,Data,1.669855,32.606522,2.440000475275,35.749986359931995,4.019992884335999,False
WLM,Data,1.669855,32.606522,2.46000032861,36.419985173987996,4.100009289323999,False
WLM,Data,1.669855,32.606522,2.480000181945,36.199988970053994,4.03000308659,False
WLM,Data,1.669855,32.606522,2.50999912702,36.359989173508,3.9100110856299994,False
WLM,Data,1.669855,32.606522,2.53000065021,35.11999574837,4.279997290763999,False
WLM,Data,1.669855,32.606522,2.559999595285,34.82999334170199,3.8199844783879997,False
WLM,Data,1.669855,32.606522,2.57999944862,35.170014153118,3.9499866816019997,False
WLM,Data,1.669855,32.606522,2.6100000635500002,35.03000174765,4.170015492058,False
WLM,Data,1.669855,32.606522,2.629999916885,35.019991545395996,4.190003290044,False
WLM,Data,1.669855,32.606522,2.64999977022,34.82999334170199,4.290007493018,False
WLM,Data,1.669855,32.606522,2.68000038515,33.890012525486,4.520013899206,False
WLM,Data,1.669855,32.606522,2.7000002384850004,33.229991307161995,4.629995697912,False
WLM,Data,1.669855,32.606522,2.730000853415,35.29000615407799,4.399989291724,False
WLM,Data,1.669855,32.606522,2.75000070675,37.289992393992,3.9799846818419997,False
WLM,Data,1.669855,32.606522,2.779999651825,37.229996393511996,3.97000708611,False
WLM,Data,1.669855,32.606522,2.79999950516,37.270004596006,3.94000908587,False
WLM,Data,1.669855,32.606522,2.819999358495,37.170000393032,4.049990884575999,False
WLM,Data,1.669855,32.606522,2.849999973425,37.359998596726,3.959996883856,False
WLM,Data,1.669855,32.606522,2.86999982676,37.010000189577994,3.9100110856299994,False
WLM,Data,1.669855,32.606522,2.90000044169,35.279995951824,4.249999290524,False
WLM,Data,1.669855,32.606522,2.9200002950250004,34.699991138487995,4.490015898965999,False
WLM,Data,1.669855,32.606522,2.950000909955,36.679989580416,4.190003290044,False
WLM,Data,1.669855,32.606522,2.97000076329,38.52998581913,3.9199886813619997,False
WLM,Data,1.669855,32.606522,2.990000616625,37.240006595766,3.8899906811219997,False
WLM,Data,1.669855,32.606522,3.0199995617,37.980011612556,3.769998680162,False
WLM,Data,1.669855,32.606522,3.039999415035,37.34998839447199,4.08999908707,False
WLM,Data,1.669855,32.606522,3.070000029965,35.409998155038,3.6099984767080002,False
WLM,Data,1.669855,32.606522,3.0899998833,31.240015269502,4.339993291243999,False
WLM,Data,1.669855,32.606522,3.109999736635,31.919991679289996,4.249999290524,False
WLM,Data,1.669855,32.606522,3.1400003515650003,36.610015984204,4.260009492777999,False
WLM,Data,1.669855,32.606522,3.1600002049,29.410006828773998,6.590006341854,False
WLM,Data,1.669855,32.606522,3.1900008198300003,16.35999634828,5.050000307793999,False
WLM,Data,1.669855,32.606522,3.210000673165,16.470010753507996,3.97000708611,False
WLM,Data,1.669855,32.606522,3.23999961824,17.019984960082,3.370014474788,False
WLM,Data,1.669855,32.606522,3.259999471575,17.449999772218,3.8199844783879997,False
WLM,Data,1.669855,32.606522,3.2799993249100003,16.169998144586,3.97000708611,False
WLM,Data,1.669855,32.606522,3.30999993984,16.110002144105998,3.8599926808819998,False
WLM,Data,1.669855,32.606522,3.3299997931750003,15.610013735758,3.8599926808819998,False
WLM,Data,1.669855,32.606522,3.360000408105,15.359986925062,4.309995291003999,False
WLM,Data,1.669855,32.606522,3.38000026144,15.290013328849998,3.750010882176,False
WLM,Model,2.02809,34.056847,0.01000051179,0.34990004607799996,4.0800102706,False
WLM,Model,2.02809,34.056847,0.040000019070000004,1.3985444220549998,3.449992657947,False
WLM,Model,2.02809,34.056847,0.05999901456,2.095619966451,4.340000240597999,False
WLM,Model,2.02809,34.056847,0.08000003814000001,2.790141247322,4.299983445373,False
WLM,Model,2.02809,34.056847,0.10999954542000001,3.825299111887,3.460005370965,False
WLM,Model,2.02809,34.056847,0.130000569,4.50980767974,2.559985075296,False
WLM,Model,2.02809,34.056847,0.16000007628000001,5.526302392149,2.8700045535369996,False
WLM,Model,2.02809,34.056847,0.17999907177000002,6.196098402098,3.1200158673639997,False
WLM,Model,2.02809,34.056847,0.21000060714000002,7.187322934032999,3.650008520378,False
WLM,Model,2.02809,34.056847,0.22999960263,7.838353621284999,3.1599986057419995,False
WLM,Model,2.02809,34.056847,0.25000062621,8.480870096787,2.8599918405189997,False
WLM,Model,2.02809,34.056847,0.28000013349,9.427684500234,2.9200000049329997,False
WLM,Model,2.02809,34.056847,0.29999912898000003,10.047008262929,2.489998254711,False
WLM,Model,2.02809,34.056847,0.33000066435000003,10.957313726392,2.4700068855219994,False
WLM,Model,2.02809,34.056847,0.34999965984000003,11.551197024377998,2.26001236692,False
WLM,Model,2.02809,34.056847,0.37999916712000004,12.422098715861999,2.15000875111,False
WLM,Model,2.02809,34.056847,0.40000019070000004,12.989213332105999,1.9999883400749998,False
WLM,Model,2.02809,34.056847,0.41999918619000004,13.545191359380999,1.81999790368,False
WLM,Model,2.02809,34.056847,0.45000072156000004,14.358502922587999,2.0200137661109996,False
WLM,Model,2.02809,34.056847,0.46999971705000004,14.886792733252,1.8500019858869998,False
WLM,Model,2.02809,34.056847,0.49999922433000005,15.658486829424998,2.0900005866959996,False
WLM,Model,2.02809,34.056847,0.52000024791,16.158986252936998,2.0799878736779998,False
WLM,Model,2.02809,34.056847,0.5499997551900001,16.889301280005,2.269991023091,False
WLM,Model,2.02809,34.056847,0.57000077877,17.362589282764,2.4099987211079994,False
WLM,Model,2.02809,34.056847,0.58999977426,17.825115321871,2.39998600809,False
WLM,Model,2.02809,34.056847,0.6199992815400001,18.499202494541997,2.2999951052979997,False
WLM,Model,2.02809,34.056847,0.6400003051200001,18.935606932,2.2900164491269996,False
WLM,Model,2.02809,34.056847,0.6699998124000001,19.571209867561,2.15000875111,False
WLM,Model,2.02809,34.056847,0.6900008359800001,19.982616579321,2.109991955885,False
WLM,Model,2.02809,34.056847,0.7200003432600001,20.581506233815997,2.15000875111,False
WLM,Model,2.02809,34.056847,0.7399993387500001,20.969005038981997,2.249999653902,False
WLM,Model,2.02809,34.056847,0.76000036233,21.347410665998996,2.649997321917,False
WLM,Model,2.02809,34.056847,0.7899998696100001,21.898109881988997,3.1299945235349997,False
WLM,Model,2.02809,34.056847,0.81000089319,22.254412615302996,3.1200158673639997,False
WLM,Model,2.02809,34.056847,0.8400004004700001,22.773098395113,3.090011785157,False
WLM,Model,2.02809,34.056847,0.8599993959600001,23.108694565451,3.8499903259619996,False
WLM,Model,2.02809,34.056847,0.8800004195400001,23.436389547284996,3.940002572583,False
WLM,Model,2.02809,34.056847,0.9099999268200001,23.913491916907997,4.169988460373999,False
WLM,Model,2.02809,34.056847,0.92999892231,24.222183178115998,4.110014352806999,False
WLM,Model,2.02809,34.056847,0.9600004576800001,24.671903842750996,3.780003505377,False
WLM,Model,2.02809,34.056847,0.97999945317,24.96298771406,3.7000039717739996,False
WLM,Model,2.02809,34.056847,1.00999896045,25.387097629750997,3.7300080539809994,False
WLM,Model,2.02809,34.056847,1.02999998403,25.661697987112,3.870015751998,False
WLM,Model,2.02809,34.056847,1.04999897952,25.930099998318997,3.8499903259619996,False
WLM,Model,2.02809,34.056847,1.08000051489,26.321208829267,3.7399867101519995,False
WLM,Model,2.02809,34.056847,1.0999995103800002,26.574591770947,3.399997206551,False
WLM,Model,2.02809,34.056847,1.1299990176599999,26.944108560897,3.3600144681729995,False
WLM,Model,2.02809,34.056847,1.15000004124,27.183596309000997,3.090011785157,False
WLM,Model,2.02809,34.056847,1.17999954852,27.532985502373997,3.17001131876,False
WLM,Model,2.02809,34.056847,1.2000005721000002,27.759599762312,3.52999219155,False
WLM,Model,2.02809,34.056847,1.21999956759,27.981207665740996,3.819986243755,False
WLM,Model,2.02809,34.056847,1.24999907487,28.304713655394,3.440014001776,False
WLM,Model,2.02809,34.056847,1.2700000984500002,28.514708173996,3.28001493457,False
WLM,Model,2.02809,34.056847,1.2999996057300003,28.821185740148998,3.209994057138,False
WLM,Model,2.02809,34.056847,1.32000062931,29.020213954016995,3.250010852363,False
WLM,Model,2.02809,34.056847,1.35000013659,29.310991313703,3.440014001776,False
WLM,Model,2.02809,34.056847,1.36999913208,29.499802473470996,3.5599962737569997,False
WLM,Model,2.02809,34.056847,1.3900001556600001,29.684799266375,3.209994057138,False
WLM,Model,2.02809,34.056847,1.41999966294,29.955210631554998,3.179989974931,False
WLM,Model,2.02809,34.056847,1.4400006865200001,30.131012075769,3.2899935907409996,False
WLM,Model,2.02809,34.056847,1.4700001938000002,30.388107213771995,3.28001493457,False
WLM,Model,2.02809,34.056847,1.4899991892900002,30.555190105154,3.5400049045679998,False
WLM,Model,2.02809,34.056847,1.52000072466,30.799786380307996,3.2299854263269996,False
WLM,Model,2.02809,34.056847,1.5399997201500002,30.958899969491995,3.209994057138,False
WLM,Model,2.02809,34.056847,1.56000074373,31.114914385598997,3.2899935907409996,False
WLM,Model,2.02809,34.056847,1.5900002510100002,31.343401772121997,3.6000130689819994,False
WLM,Model,2.02809,34.056847,1.6099992465,31.492093966123996,3.469984027136,False
WLM,Model,2.02809,34.056847,1.6400007818700002,31.709989673229998,3.3500017551549996,False
WLM,Model,2.02809,34.056847,1.6599997773600002,31.851904554679,3.469984027136,False
WLM,Model,2.02809,34.056847,1.6800008009400003,31.991094888367996,3.3300103859659997,False
WLM,Model,2.02809,34.056847,1.7100003082200002,32.195197572439,3.6300171511889996,False
WLM,Model,2.02809,34.056847,1.72999930371,32.328189559974,3.6800126025849997,False
WLM,Model,2.02809,34.056847,1.7600008390800002,32.523301236437,3.4100099195689997,False
WLM,Model,2.02809,34.056847,1.7799998345700003,32.650401389440994,3.3600144681729995,False
WLM,Model,2.02809,34.056847,1.80999934185,32.836896683613,3.319997672948,False
WLM,Model,2.02809,34.056847,1.83000036543,32.958615854791,3.609991725153,False
WLM,Model,2.02809,34.056847,1.84999936092,33.078087274067,3.6800126025849997,False
WLM,Model,2.02809,34.056847,1.8799988682000002,33.253514092964,3.579987642946,False
WLM,Model,2.02809,34.056847,1.89999989178,33.368013212578,3.4900094531719996,False
WLM,Model,2.02809,34.056847,1.9299993990600002,33.536083752523,3.460005370965,False
WLM,Model,2.02809,34.056847,1.9500004226400003,33.645814913557,3.4900094531719996,False
WLM,Model,2.02809,34.056847,1.9799999299200002,33.807005970408,3.570008986775,False
WLM,Model,2.02809,34.056847,1.9999989254100003,33.912309741331995,4.0800102706,False
WLM,Model,2.02809,34.056847,2.0199999489900002,34.015808499365,3.950015285601,False
WLM,Model,2.02809,34.056847,2.04999945627,34.16800854860799,3.7699907923589997,False
WLM,Model,2.02809,34.056847,2.07000047985,34.267386428154,3.74999942317,False
WLM,Model,2.02809,34.056847,2.0999999871300004,34.413592472325,3.650008520378,False
WLM,Model,2.02809,34.056847,2.1199989826200003,34.509087871313,3.6300171511889996,False
WLM,Model,2.02809,34.056847,2.15000051799,34.64960642203499,3.52999219155,False
WLM,Model,2.02809,34.056847,2.16999951348,34.741491795241,3.609991725153,False
WLM,Model,2.02809,34.056847,2.19000053706,34.831912724026,3.7000039717739996,False
WLM,Model,2.02809,34.056847,2.2200000443400003,34.965006882102,3.9799853109609997,False
WLM,Model,2.02809,34.056847,2.2399990398300003,35.052090239881,4.0800102706,False
WLM,Model,2.02809,34.056847,2.2700005752,35.180212098295,3.899985777358,False
WLM,Model,2.02809,34.056847,2.28999957069,35.26409411245599,3.8900071211869998,False
WLM,Model,2.02809,34.056847,2.3100005942700004,35.346613852737,3.940002572583,False
WLM,Model,2.02809,34.056847,2.34000010155,35.468298967068,4.030014819204,False
WLM,Model,2.02809,34.056847,2.35999909704,35.547889818507,3.8499903259619996,False
WLM,Model,2.02809,34.056847,2.3900006324100005,35.665181599575,4.0099893931679995,False
WLM,Model,2.02809,34.056847,2.4099996279,35.742013846407,4.059984844564,False
WLM,Model,2.02809,34.056847,2.43999913518,35.855082578447,4.020002106186,False
WLM,Model,2.02809,34.056847,2.46000015876,35.929190277519,4.100001639788999,False
WLM,Model,2.02809,34.056847,2.47999915425,36.002310328027995,4.030014819204,False
WLM,Model,2.02809,34.056847,2.50999866153,36.109998078242,3.9099984903759997,False
WLM,Model,2.02809,34.056847,2.5299996851100004,36.180597922073,4.279992076184,False
WLM,Model,2.02809,34.056847,2.55999919239,36.284607532810995,3.819986243755,False
WLM,Model,2.02809,34.056847,2.58000021597,36.352789340505,3.950015285601,False
WLM,Model,2.02809,34.056847,2.6099997232500005,36.453393266542996,4.169988460373999,False
WLM,Model,2.02809,34.056847,2.63000074683,36.519293265487995,4.19001388641,False
WLM,Model,2.02809,34.056847,2.6499997423200004,36.584409956952,4.2900047892019995,False
WLM,Model,2.02809,34.056847,2.6799992496000002,36.680416208645,4.519990676992999,False
WLM,Model,2.02809,34.056847,2.70000027318,36.74331920505399,4.629994292803,False
WLM,Model,2.02809,34.056847,2.72999978046,36.836192226823,4.400008405012,False
WLM,Model,2.02809,34.056847,2.7499987759500004,36.89718803979999,3.9799853109609997,False
WLM,Model,2.02809,34.056847,2.7800003113200003,36.987098115879995,3.9700066547899997,False
WLM,Model,2.02809,34.056847,2.79999930681,37.046186745425,3.940002572583,False
WLM,Model,2.02809,34.056847,2.82000033039,37.10438989694799,4.050006188393,False
WLM,Model,2.02809,34.056847,2.84999983767,37.190485606163996,3.959993941772,False
WLM,Model,2.02809,34.056847,2.8699988331600004,37.246985915337,3.9099984903759997,False
WLM,Model,2.02809,34.056847,2.9000003685300006,37.33039113364,4.249987993976999,False
WLM,Model,2.02809,34.056847,2.91999936402,37.385086429922,4.489986594786,False
WLM,Model,2.02809,34.056847,2.9499988713,37.466005498394,4.19001388641,False
WLM,Model,2.02809,34.056847,2.9699998948800004,37.519202293408,3.9200112033939996,False
WLM,Model,2.02809,34.056847,2.9899988903700003,37.571615780940995,3.8900071211869998,False
WLM,Model,2.02809,34.056847,3.02000042574,37.649197278406994,3.7699907923589997,False
WLM,Model,2.02809,34.056847,3.03999942123,37.70011226467199,4.0899889267709995,False
DDO_50,Data,0.584312,15.191332,0.12000015544,0.009995896455999999,0.0,False
DDO_50,Data,0.584312,15.191332,0.22999981100000003,5.650005771436,4.929997399964,False
DDO_50,Data,0.584312,15.191332,0.3499999664400001,10.720006487112,5.449996694324,False
DDO_50,Data,0.584312,15.191332,0.46000020631200006,10.439999855687999,5.299997482156,False
DDO_50,Data,0.584312,15.191332,0.5800003617520001,15.100001712015999,4.690004737028,False
DDO_50,Data,0.584312,15.191332,0.6900000173120001,17.43000264018,3.9399934848559997,False
DDO_50,Data,0.584312,15.191332,0.8100001727520001,18.580001663912,3.430005278284,False
DDO_50,Data,0.584312,15.191332,0.9200004126240001,18.510000006056,3.330000739728,False
DDO_50,Data,0.584312,15.191332,1.040000568064,21.549998217903997,3.8599959305439997,False
DDO_50,Data,0.584312,15.191332,1.1500002236240001,22.709993138092,3.6699979412199997,False
DDO_50,Data,0.584312,15.191332,1.270000379064,23.559993737487996,4.189997235579999,False
DDO_50,Data,0.584312,15.191332,1.3800006189360003,25.950000427051997,4.060005007656,False
DDO_50,Data,0.584312,15.191332,1.5000007743760002,29.669993041884,3.330000739728,False
DDO_50,Data,0.584312,15.191332,1.6200003455040002,30.980002365572002,3.47000405544,False
DDO_50,Data,0.584312,15.191332,1.7300005853760003,31.479994675687998,3.789994272688,False
DDO_50,Data,0.584312,15.191332,1.8500007408160002,31.029997039184,3.3799954133399996,False
DDO_50,Data,0.584312,15.191332,1.960000980688,30.830003153403997,3.4899958483519997,False
DDO_50,Data,0.584312,15.191332,2.080000551816,32.090002612148,3.44000117474,False
DDO_50,Data,0.584312,15.191332,2.1900007916880004,31.839998861423997,4.039998023411999,False
DDO_50,Data,0.584312,15.191332,2.310000947128,31.5899951107,3.889998811244,False
DDO_50,Data,0.584312,15.191332,2.4200006026880003,30.860006034104,3.9999992462559995,False
DDO_50,Data,0.584312,15.191332,2.540000758128,29.849995134752,4.130006665512,False
DDO_50,Data,0.584312,15.191332,2.650000998,29.420004482491997,4.290001774136,False
DDO_50,Data,0.584312,15.191332,2.77000115344,30.989998262028003,4.070000904112,False
DDO_50,Data,0.584312,15.191332,2.880000809,31.369994240675997,4.039998023411999,False
DDO_50,Data,0.584312,15.191332,3.0000009644400003,31.689999649256,3.9299975883999996,False
DDO_50,Data,0.584312,15.191332,3.1200011198800004,30.900004811259997,3.8500000340879996,False
DDO_50,Data,0.584312,15.191332,3.2300013597520003,31.209999132051998,3.7399995990759995,False
DDO_50,Data,0.584312,15.191332,3.350001515192,31.310003670607998,3.6399950605199995,False
DDO_50,Data,0.584312,15.191332,3.4600011707520006,29.779993476896,3.5900003869079997,False
DDO_50,Data,0.584312,15.191332,3.5800013261920003,28.69999611102,3.44000117474,False
DDO_50,Data,0.584312,15.191332,3.690001566064,28.959995758199998,3.7499954955319996,False
DDO_50,Data,0.584312,15.191332,3.8100017215040003,30.299992771256,3.6900049254639997,False
DDO_50,Data,0.584312,15.191332,3.920001377064,31.689999649256,3.8999947076999995,False
DDO_50,Data,0.584312,15.191332,4.040001532504,32.750005222220004,3.9999992462559995,False
DDO_50,Data,0.584312,15.191332,4.150001772376,33.460002505904,3.889998811244,False
DDO_50,Data,0.584312,15.191332,4.270001927816001,34.949998731128,3.889998811244,False
DDO_50,Data,0.584312,15.191332,4.380001583376001,34.629993322547996,3.9600004690999997,False
DDO_50,Data,0.584312,15.191332,4.5000017388160005,35.25999305192,3.889998811244,False
DDO_50,Data,0.584312,15.191332,4.6200013099440005,35.369993486932,3.650006148308,False
DDO_50,Data,0.584312,15.191332,4.730002134128,36.20000229341599,3.8299930498439996,False
DDO_50,Data,0.584312,15.191332,4.850001705256001,36.600005256308,3.910005795488,False
DDO_50,Data,0.584312,15.191332,4.960001945128,36.519992510664004,3.9699963655559993,False
DDO_50,Data,0.584312,15.191332,5.0800021005680005,36.439994956351995,4.0099951427119995,False
DDO_50,Data,0.584312,15.191332,5.190001756128001,36.279999847728,3.660002044764,False
DDO_50,Data,0.584312,15.191332,5.310001911568,36.20000229341599,3.889998811244,False
DDO_50,Data,0.584312,15.191332,5.42000215144,36.409992075652,3.709996718376,False
DDO_50,Data,0.584312,15.191332,5.540001722568001,36.399996179196,3.620003267608,False
DDO_50,Data,0.584312,15.191332,5.650002546752001,35.799999330523995,3.709996718376,False
DDO_50,Data,0.584312,15.191332,5.770002117880001,36.42000316343999,4.0099951427119995,False
DDO_50,Data,0.584312,15.191332,5.880002357752001,37.16999922428,3.9600004690999997,False
DDO_50,Data,0.584312,15.191332,6.000002513192,37.539999306472,3.679993837676,False
DDO_50,Data,0.584312,15.191332,6.12000208432,38.169999035844,3.73000370262,False
DDO_50,Data,0.584312,15.191332,6.230002324192,38.839997542372,3.840004137632,False
DDO_50,Data,0.584312,15.191332,6.350002479632001,37.16999922428,4.1000037848119995,False
DDO_50,Data,0.584312,15.191332,6.460002135192,36.820006126332004,3.9200016919439995,False
DDO_50,Data,0.584312,15.191332,6.580002290632001,37.999992839432,3.910005795488,False
DDO_50,Data,0.584312,15.191332,6.6900025305040005,37.560006290716,3.9900033498,False
DDO_50,Data,0.584312,15.191332,6.810002685944001,36.600005256308,4.180001339124,False
DDO_50,Data,0.584312,15.191332,6.920002925816001,37.589993980083996,4.2100042198239995,False
DDO_50,Data,0.584312,15.191332,7.040002496944,38.630007760135996,4.0099951427119995,False
DDO_50,Data,0.584312,15.191332,7.150002736816001,36.42000316343999,3.8800029147879997,False
DDO_50,Data,0.584312,15.191332,7.2700028922560005,35.989997319848,3.7700024797759997,False
DDO_50,Data,0.584312,15.191332,7.380002547816001,33.65000049522799,3.9900033498,False
DDO_50,Data,0.584312,15.191332,7.500002703256001,32.540000248652,3.8299930498439996,False
DDO_50,Data,0.584312,15.191332,7.620002858696001,34.169999789588,3.7499954955319996,False
DDO_50,Data,0.584312,15.191332,7.730003098568001,34.729997861103996,3.8700070183319997,False
DDO_50,Data,0.584312,15.191332,7.850002669696001,33.220009842968004,4.170005442668,False
DDO_50,Data,0.584312,15.191332,7.960002909568001,33.43999552166,4.089992697024,False
DDO_50,Data,0.584312,15.191332,8.080003065008,32.919996227300004,3.8599959305439997,False
DDO_50,Data,0.584312,15.191332,8.190002720568001,33.479994298816,3.8500000340879996,False
DDO_50,Data,0.584312,15.191332,8.31000346032,32.149993182215994,3.73000370262,False
DDO_50,Data,0.584312,15.191332,8.42000311588,32.579999025808,3.8199971533879995,False
DDO_50,Data,0.584312,15.191332,8.54000327132,32.970006092244,3.679993837676,False
DDO_50,Data,0.584312,15.191332,8.650002926880001,32.890008537932,3.9600004690999997,False
DDO_50,Data,0.584312,15.191332,8.770003666632002,32.39999693294,4.390006312692,False
DDO_50,Data,0.584312,15.191332,8.880003322192001,30.559992418436,3.6699979412199997,False
DDO_50,Data,0.584312,15.191332,9.000003477632001,31.259993805663996,3.4899958483519997,False
DDO_50,Data,0.584312,15.191332,9.120003633072,32.020000954292,3.3900065011279996,False
DDO_50,Data,0.584312,15.191332,9.23000270432,32.849994569444,3.679993837676,False
DDO_50,Data,0.584312,15.191332,9.350004028384001,36.179995309172,3.9299975883999996,False
DDO_50,Data,0.584312,15.191332,9.460003683944,35.080006150384,3.9999992462559995,False
DDO_50,Data,0.584312,15.191332,9.580003839384002,33.299992205947994,3.9800074533439997,False
DDO_50,Data,0.584312,15.191332,9.690002910632002,34.750004845347995,3.14999864686,False
DDO_50,Data,0.584312,15.191332,9.810003650384001,35.790003434068,3.3099937554839998,False
DDO_50,Model,1.737445,28.021318,0.120000113815,4.07738198218,0.0,False
DDO_50,Model,1.737445,28.021318,0.22999949421,7.606498856371999,4.929986624966,False
DDO_50,Model,1.737445,28.021318,0.349999608025,11.072904020880001,5.45000624441,False
DDO_50,Model,1.737445,28.021318,0.460000725865,13.842306921456,5.300008129156001,False
DDO_50,Model,1.737445,28.021318,0.5800008396799999,16.426488910052,4.690012057614,False
DDO_50,Model,1.737445,28.021318,0.690000220075,18.435701474606,3.9399934600260003,False
DDO_50,Model,1.737445,28.021318,0.8100003338899999,20.293795071186,3.430005472426,False
DDO_50,Model,1.737445,28.021318,0.9199997142849999,21.741796678836,3.329997388484,False
DDO_50,Model,1.737445,28.021318,1.0399998281,23.093012654114002,3.8599925971360003,False
DDO_50,Model,1.737445,28.021318,1.149999208495,24.159111718742,3.6700080610960004,False
DDO_50,Model,1.737445,28.021318,1.26999932231,25.167795102788002,4.189999659222,False
DDO_50,Model,1.737445,28.021318,1.38000044015,25.975089274368003,4.06000876502,False
DDO_50,Model,1.737445,28.021318,1.5000005539649999,26.749486418616,3.329997388484,False
DDO_50,Model,1.737445,28.021318,1.6200006677799998,27.431301128192,3.469991893212,False
DDO_50,Model,1.737445,28.021318,1.730000048175,27.987608354446003,3.7899953447720005,False
DDO_50,Model,1.737445,28.021318,1.8500001619899997,28.531109838373997,3.379987419796,False
DDO_50,Model,1.737445,28.021318,1.9599995423849998,28.97950696901,3.489999114264,False
DDO_50,Model,1.737445,28.021318,2.0799996562,29.421795452322,3.4400090829520003,False
DDO_50,Model,1.737445,28.021318,2.19000077404,29.790107656114003,4.040001543968,False
DDO_50,Model,1.737445,28.021318,2.310000887855,30.156486388964,3.890003428714,False
DDO_50,Model,1.737445,28.021318,2.42000026825,30.463992332696,3.9999871018640003,False
DDO_50,Model,1.737445,28.021318,2.5400003820649997,30.772198809378,4.130006017384,False
DDO_50,Model,1.737445,28.021318,2.64999976246,31.032488832280006,4.290007743164001,False
DDO_50,Model,1.737445,28.021318,2.769999876275,31.295104624576002,4.070012375546,False
DDO_50,Model,1.737445,28.021318,2.880000994115,31.518210358492002,4.040001543968,False
DDO_50,Model,1.737445,28.021318,2.999999370485,31.74451052266,3.9299898495000005,False
DDO_50,Model,1.737445,28.021318,3.1199994842999996,31.95481051425,3.8499889866099997,False
DDO_50,Model,1.737445,28.021318,3.2300006021399996,32.134791439764,3.74000531346,False
DDO_50,Model,1.737445,28.021318,3.350000715955,32.31861128584401,3.639997229518,False
DDO_50,Model,1.737445,28.021318,3.46000009635,32.476707562,3.5900071982060004,False
DDO_50,Model,1.737445,28.021318,3.5800002101649993,32.63881088663,3.4400090829520003,False
DDO_50,Model,1.737445,28.021318,3.68999959056,32.778693306086005,3.750008923986,False
DDO_50,Model,1.737445,28.021318,3.8099997043749996,32.922610795334,3.68998726083,False
DDO_50,Model,1.737445,28.021318,3.920000822215,33.047305660434,3.90000703924,False
DDO_50,Model,1.737445,28.021318,4.039999198585,33.175895488735996,3.9999871018640003,False
DDO_50,Model,1.737445,28.021318,4.1500003164249994,33.287700547556,3.890003428714,False
DDO_50,Model,1.737445,28.021318,4.27000043024,33.403400569578004,3.890003428714,False
DDO_50,Model,1.737445,28.021318,4.379999810635,33.504109186470004,3.960000681078,False
DDO_50,Model,1.737445,28.021318,4.49999992445,33.608712766564,3.890003428714,False
DDO_50,Model,1.737445,28.021318,4.620000038264999,33.70810438151,3.6500008400440005,False
DDO_50,Model,1.737445,28.021318,4.730001156105,33.794998488627996,3.830009786876,False
DDO_50,Model,1.737445,28.021318,4.85000126992,33.885395260496,3.910010649766,False
DDO_50,Model,1.737445,28.021318,4.960000650314999,33.964695590436,3.970004291604,False
DDO_50,Model,1.737445,28.021318,5.080000764129999,34.047414521172,4.0099907123900005,False
DDO_50,Model,1.737445,28.021318,5.1900001445249995,34.119989734792,3.6600044505700002,False
DDO_50,Model,1.737445,28.021318,5.31000025834,34.195899485254,3.890003428714,False
DDO_50,Model,1.737445,28.021318,5.42000137618,34.262590222094005,3.7099944818819997,False
DDO_50,Model,1.737445,28.021318,5.53999975255,34.332503410504,3.619990008466,False
DDO_50,Model,1.737445,28.021318,5.6500008703899995,34.394010203514,3.7099944818819997,False
DDO_50,Model,1.737445,28.021318,5.770000984205,34.458599341504,4.0099907123900005,False
DDO_50,Model,1.737445,28.021318,5.8800003646,34.515510638362,3.960000681078,False
DDO_50,Model,1.737445,28.021318,6.000000478414999,34.575308130974,3.680011671622,False
DDO_50,Model,1.737445,28.021318,6.120000592229999,34.632891939464,3.7300017029340005,False
DDO_50,Model,1.737445,28.021318,6.2299999726249995,34.683694588997994,3.840013397402,False
DDO_50,Model,1.737445,28.021318,6.35000008644,34.737299370331996,4.099995185806,False
DDO_50,Model,1.737445,28.021318,6.460001204279999,34.784711440388,3.919986238974,False
DDO_50,Model,1.737445,28.021318,6.57999958065,34.834589386428,3.910010649766,False
DDO_50,Model,1.737445,28.021318,6.69000069849,34.878891090186,3.990011512656,False
DDO_50,Model,1.737445,28.021318,6.810000812305,34.92549054202001,4.179996048696,False
DDO_50,Model,1.737445,28.021318,6.9200001927,34.966990113978,4.210006880273999,False
DDO_50,Model,1.737445,28.021318,7.040000306515,35.010703370058,4.0099907123900005,False
DDO_50,Model,1.737445,28.021318,7.150001424355,35.049596959442,3.879999818188,False
DDO_50,Model,1.737445,28.021318,7.2699998007249995,35.090592147676,3.7699881237199997,False
DDO_50,Model,1.737445,28.021318,7.380000918565,35.12710392503,3.990011512656,False
DDO_50,Model,1.737445,28.021318,7.50000103238,35.165801365188,3.830009786876,False
DDO_50,Model,1.737445,28.021318,7.6200011461949995,35.203209824717995,3.750008923986,False
DDO_50,Model,1.737445,28.021318,7.730000526589999,35.236611235774,3.8699962076620005,False
DDO_50,Model,1.737445,28.021318,7.850000640405,35.27189007513601,4.16999243817,False
DDO_50,Model,1.737445,28.021318,7.960000020799999,35.303301972614,4.08999157528,False
DDO_50,Model,1.737445,28.021318,8.080000134615,35.336703383670006,3.8599925971360003,False
DDO_50,Model,1.737445,28.021318,8.190001252455,35.366490044704,3.8499889866099997,False
DDO_50,Model,1.737445,28.021318,8.31000136627,35.397986006136,3.7300017029340005,False
DDO_50,Model,1.737445,28.021318,8.420000746665,35.426203473362,3.82000617635,False
DDO_50,Model,1.737445,28.021318,8.54000086048,35.456102219668,3.680011671622,False
DDO_50,Model,1.737445,28.021318,8.650000240875,35.482890599676,3.960000681078,False
DDO_50,Model,1.737445,28.021318,8.77000035469,35.511304216128,4.389987805788,False
DDO_50,Model,1.737445,28.021318,8.880001472530001,35.536607466282,3.6700080610960004,False
DDO_50,Model,1.737445,28.021318,8.9999998489,35.563591995516,3.489999114264,False
DDO_50,Model,1.737445,28.021318,9.119999962715,35.589904013118,3.389991030322,False
DDO_50,Model,1.737445,28.021318,9.22999934311,35.613385877602,3.680011671622,False
DDO_50,Model,1.737445,28.021318,9.350001194369998,35.638408914576004,3.9299898495000005,False
DDO_50,Model,1.737445,28.021318,9.460000574765,35.660797947658004,3.9999871018640003,False
DDO_50,Model,1.737445,28.021318,9.580000688579998,35.684700131912,3.98000790213,False
DDO_50,Model,1.737445,28.021318,9.690000068975,35.706108418864005,3.1499884416520003,False
DDO_50,Model,1.737445,28.021318,9.810001920234999,35.728805686444005,3.3099901674320003,False
F564-V3,Data,1.70419,33.997471,0.33999953852,11.969999577034999,3.7599843027159996,False
F564-V3,Data,1.70419,33.997471,0.67000059431,17.989999761946997,3.340013543453,False
F564-V3,Data,1.70419,33.997471,1.0100001328300001,21.389984844243997,2.0700040167769997,False
F564-V3,Data,1.70419,33.997471,1.34999967135,27.66000243089,2.5199945429329995,False
F564-V3,Data,1.70419,33.997471,1.68999920987,33.769993921539,2.9800143230339997,False
F564-V3,Data,1.70419,33.997471,2.0200002656600002,39.06000040913899,4.389991437817,False
F564-V3,Data,1.70419,33.997471,2.35999980418,39.219992507665,4.5199977669210005,False
F564-V3,Data,1.70419,33.997471,2.6999993427,34.639989204429,3.8899906318199995,False
F564-V3,Data,1.70419,33.997471,3.04000058541,30.300008046452998,3.9599914246089996,False
F564-V3,Data,1.70419,33.997471,3.3699999370100002,23.659995982914,4.440001717657999,False
F564-V3,Data,1.70419,33.997471,3.70999947553,28.870006421250995,4.630013583077,False
F564-V3,Model,1.679222,29.036623,0.34000047445,11.429598801621,3.760010385516,False
F564-V3,Model,1.679222,29.036623,0.669999502668,19.067595371901998,3.339995633821,False
F564-V3,Model,1.679222,29.036623,1.0099999771180002,23.927600146527,2.069991817047,False
F564-V3,Model,1.679222,29.036623,1.350000451568,27.015296563100996,2.520001400301,False
F564-V3,Model,1.679222,29.036623,1.690000926018,29.102797463816998,2.9799995818669998,False
F564-V3,Model,1.679222,29.036623,2.0199999542360003,30.556196591459,4.3899889581239995,False
F564-V3,Model,1.679222,29.036623,2.360000428686,31.678491107032,4.519985919294999,False
F564-V3,Model,1.679222,29.036623,2.700000903136,32.545292376827994,3.8900073466869998,False
F564-V3,Model,1.679222,29.036623,3.040001377586,33.234012037765,3.959985608117,False
F564-V3,Model,1.679222,29.036623,3.3700004058040003,33.779000414852,4.439990022929999,False
F564-V3,Model,1.679222,29.036623,3.7100008802539994,34.245299543609,4.6300056838420005,False
DDO_126,Data,2.956037,38.693935,0.130000595186,3.2100101536650003,2.9199991108400005,False
DDO_126,Data,2.956037,38.693935,0.270001463543,7.119993591480001,1.7899814331000004,False
DDO_126,Data,2.956037,38.693935,0.39999910269199995,8.66999523971,1.4800043198150001,False
DDO_126,Data,2.956037,38.693935,0.5299996978779999,12.549990877900001,2.6299880680150003,False
DDO_126,Data,2.956037,38.693935,0.6700005662349999,12.110002143015,2.9600086396300003,False
DDO_126,Data,2.956037,38.693935,0.800001161421,14.360015769330001,3.039989003275,False
DDO_126,Data,2.956037,38.693935,0.92999880057,16.760007087705002,2.6900023612000004,False
DDO_126,Data,2.956037,38.693935,1.0599993957559999,19.450009448905,3.120008060855,False
DDO_126,Data,2.956037,38.693935,1.2000002641129999,19.989983311830002,3.0599937676700004,False
DDO_126,Data,2.956037,38.693935,1.330000859299,22.550012745365002,2.6799806320350004,False
DDO_126,Data,2.956037,38.693935,1.460001454485,23.889983714415003,2.7899874892400005,False
DDO_126,Data,2.956037,38.693935,1.5999993668049999,25.8699910623,2.51998121081,False
DDO_126,Data,2.956037,38.693935,1.7299999619909998,27.629984695775,1.6600085054350002,False
DDO_126,Data,2.956037,38.693935,1.860000557177,29.679989372075003,1.9300147838650001,False
DDO_126,Data,2.956037,38.693935,2.0000014255339997,30.720004957005003,2.120002004715,False
DDO_126,Data,2.956037,38.693935,2.1299990646829996,33.369997789415,2.3900082831450002,False
DDO_126,Data,2.956037,38.693935,2.259999659869,34.76000001642,2.92998214607,False
DDO_126,Data,2.956037,38.693935,2.390000255055,34.23999222395501,2.5599907396,False
DDO_126,Data,2.956037,38.693935,2.5300011234119997,36.63998354233001,2.9499869104650003,False
DDO_126,Data,2.956037,38.693935,2.660001718598,36.740007364305,3.3399830813300007,False
DDO_126,Data,2.956037,38.693935,2.789999357747,37.970010170085004,3.23001491806,False
DDO_126,Data,2.956037,38.693935,2.9300002261039997,38.740019476585005,3.1400128252500004,False
DDO_126,Data,2.956037,38.693935,3.0600008212899996,38.50998403301,2.87998958205,False
DDO_126,Data,2.956037,38.693935,3.190001416476,37.619984834075005,2.4899934111850004,False
DDO_126,Data,2.956037,38.693935,3.329999328796,37.670016092030004,2.7899874892400005,False
DDO_126,Data,2.956037,38.693935,3.4599999239819996,37.100015735545,2.359981789585,False
DDO_126,Data,2.956037,38.693935,3.5900005191679996,37.349978555645,2.219987132755,False
DDO_126,Data,2.956037,38.693935,3.720001114354,37.709986926885,2.28000142594,False
DDO_126,Data,2.956037,38.693935,3.8599990266739996,37.490011906410004,2.079992475925,False
DDO_126,Data,2.956037,38.693935,3.9899996218599996,37.22000562798,2.0700094406950003,False
DDO_126,Model,3.189209,36.89679,0.129998537258,2.8837055192400003,2.9200119606,False
DDO_126,Model,3.189209,36.89679,0.26999843394,5.935180742610001,1.7900108700600001,False
DDO_126,Model,3.189209,36.89679,0.40000016040700004,8.673439115670002,1.4800040404800001,False
DDO_126,Model,3.189209,36.89679,0.529998697665,11.285399776560002,2.6300031912,False
DDO_126,Model,3.189209,36.89679,0.6699985943469999,13.930087890180001,2.9600080809600002,False
DDO_126,Model,3.189209,36.89679,0.8000003208140001,16.21591782426,3.0400003216800005,False
DDO_126,Model,3.189209,36.89679,0.9299988580719999,18.33331391199,2.68999737174,False
DDO_126,Model,3.189209,36.89679,1.0600005845390001,20.28471134151,3.1199925624000002,False
DDO_126,Model,3.189209,36.89679,1.2000004812210001,22.208399281740004,3.05999838186,False
DDO_126,Model,3.189209,36.89679,1.329999018479,23.84001223233,2.6799983416500006,False
DDO_126,Model,3.189209,36.89679,1.460000744946,25.33418464017,2.78998767264,False
DDO_126,Model,3.189209,36.89679,1.6000006416280002,26.80300895328,2.52001386021,False
DDO_126,Model,3.189209,36.89679,1.7299991788859999,28.048792170840002,1.6599865821000002,False
DDO_126,Model,3.189209,36.89679,1.860000905353,29.192002312200003,1.92999729132,False
DDO_126,Model,3.189209,36.89679,2.0000008020349997,30.320010976080003,2.1200157598200002,False
DDO_126,Model,3.189209,36.89679,2.129999339293,31.28120925237,2.38998957225,False
DDO_126,Model,3.189209,36.89679,2.26000106576,32.1680973936,2.93001099069,False
DDO_126,Model,3.189209,36.89679,2.389999603018,32.98779648024,2.5600099805700003,False
DDO_126,Model,3.189209,36.89679,2.5299994997,33.80321553924,2.95000905087,False
DDO_126,Model,3.189209,36.89679,2.660001226167,34.50388558134,3.3400081211700003,False
DDO_126,Model,3.189209,36.89679,2.789999763425,35.155704273480005,3.22998189339,False
DDO_126,Model,3.189209,36.89679,2.9299996601069997,35.80811331426,3.13999062258,False
DDO_126,Model,3.189209,36.89679,3.059998197365,36.37219143978,2.8800158402400005,False
DDO_126,Model,3.189209,36.89679,3.189999923832,36.90000002073,2.4900167699400004,False
DDO_126,Model,3.189209,36.89679,3.3299998205140002,37.43138759031,2.78998767264,False
DDO_126,Model,3.189209,36.89679,3.4599983577719997,37.89351988506001,2.3599924819800004,False
DDO_126,Model,3.189209,36.89679,3.590000084239,38.32820096805,2.2200060607200003,False
DDO_126,Model,3.189209,36.89679,3.719998621497,38.73760774989,2.2800002412600002,False
DDO_126,Model,3.189209,36.89679,3.859998518179,39.15258594702,2.07998274267,False
DDO_126,Model,3.189209,36.89679,3.9900002446459997,39.51598243173,2.06998371258,False
HARO_29,Data,0.635209,27.880409,0.16000025417400002,10.93999368751,7.189995035782999,False
HARO_29,Data,0.635209,27.880409,0.310000413061,18.860009352549,5.110005002747,False
HARO_29,Data,0.635209,27.880409,0.470000032026,24.820004384479,5.829988684762999,False
HARO_29,Data,0.635209,27.880409,0.6300002862,27.800001900444002,3.989993212399,False
HARO_29,Data,0.635209,27.880409,0.790000540374,30.270010974981002,4.000002279229999,False
HARO_29,Data,0.635209,27.880409,0.940000064052,33.120002143779004,3.4900138378020005,False
HARO_29,Data,0.635209,27.880409,1.100000318226,30.200003267982,3.4299873172249997,False
HARO_29,Data,0.635209,27.880409,1.2600005724,29.770003719974998,3.980012025977,False
HARO_29,Data,0.635209,27.880409,1.4200001913650002,31.379985818089,4.119999559566,False
HARO_29,Data,0.635209,27.880409,1.570000350252,31.100010750911004,3.55001247797,False
HARO_29,Data,0.635209,27.880409,1.7300006044260001,33.590010078701006,4.199988452987,False
HARO_29,Data,0.635209,27.880409,1.8900008586,35.860005099072,3.989993212399,False
HARO_29,Data,0.635209,27.880409,2.0500004775650003,33.710007359037,4.220006586649,False
HARO_29,Data,0.635209,27.880409,2.200000636452,31.999990353431,4.340003866985,False
HARO_29,Data,0.635209,27.880409,2.360000890626,33.789996252458,4.410011573984001,False
HARO_29,Data,0.635209,27.880409,2.5200011448,34.209986733634,4.269996159986,False
HARO_29,Data,0.635209,27.880409,2.670000668478,34.339993080801,4.620006814572,False
HARO_29,Data,0.635209,27.880409,2.830000922652,35.160011670309004,4.119999559566,False
HARO_29,Data,0.635209,27.880409,2.990001176826,32.580014382267,4.410011573984001,False
HARO_29,Data,0.635209,27.880409,3.1500014309999997,33.610000331954,4.29999548007,False
HARO_29,Data,0.635209,27.880409,3.300000954678,35.38999716415,4.269996159986,False
HARO_29,Data,0.635209,27.880409,3.4600012088520002,38.720005334701,3.9100043189780003,False
HARO_29,Data,0.635209,27.880409,3.6200014630260005,43.490008749693,4.370003187069,False
HARO_29,Data,0.635209,27.880409,3.780001081991,39.760000351219,5.630002511006,False
HARO_29,Data,0.635209,27.880409,3.930001240878,34.080008266876,4.479991400574,False
HARO_29,Data,0.635209,27.880409,4.090001495052,34.630005095219005,3.690000011559,False
HARO_29,Data,0.635209,27.880409,4.2500011140169995,33.550001691786,4.470010214152,False
HARO_29,Data,0.635209,27.880409,4.410001368191001,33.620009398785,4.569989360826,False
HARO_29,Data,0.635209,27.880409,4.560001527078,35.490004191233,5.480005910586001,False
HARO_29,Data,0.635209,27.880409,4.720001146043001,32.230003727681,5.020007042495,False
HARO_29,Data,0.635209,27.880409,4.880002035426,33.890003279541,4.470010214152,False
HARO_29,Data,0.635209,27.880409,5.030001559104001,30.549986042159,4.6299880009939995,False
HARO_29,Model,0.581219,27.033062,0.16000029119599998,13.56600150346,7.20998796602,False
HARO_29,Model,0.581219,27.033062,0.310000128278,20.851898307576,5.230005405954,False
HARO_29,Model,0.581219,27.033062,0.470000419474,25.053403836678,5.1799942412540005,False
HARO_29,Model,0.581219,27.033062,0.630000129451,27.519900413558,3.5700132007820002,False
HARO_29,Model,0.581219,27.033062,0.790000420647,29.116689319774004,3.7199926287580003,False
HARO_29,Model,0.581219,27.033062,0.9400002577290001,30.168707960566003,3.5700132007820002,False
HARO_29,Model,0.581219,27.033062,1.100000548925,30.999406922764003,3.290004744586,False
HARO_29,Model,0.581219,27.033062,1.260000840121,31.632791565424004,3.6299995653600003,False
HARO_29,Model,0.581219,27.033062,1.420000550098,32.131308261766,3.699988162878,False
HARO_29,Model,0.581219,27.033062,1.570000968399,32.510798386122005,3.4999975702020003,False
HARO_29,Model,0.581219,27.033062,1.730000678376,32.846089454108,4.020005550834,False
HARO_29,Model,0.581219,27.033062,1.8900009695720001,33.126800769915995,3.979996619074,False
HARO_29,Model,0.581219,27.033062,2.050000679549,33.365097211446,4.2600050752700005,False
HARO_29,Model,0.581219,27.033062,2.20000109785,33.558113274126,4.390007070428,False
HARO_29,Model,0.581219,27.033062,2.360000807827,33.737585772744,4.19999167763,False
HARO_29,Model,0.581219,27.033062,2.520001099023,33.89499929277,3.989998852014,False
HARO_29,Model,0.581219,27.033062,2.670001517324,34.025812279788006,4.160009778932,False
HARO_29,Model,0.581219,27.033062,2.8300012273010005,34.150299530298,3.979996619074,False
HARO_29,Model,0.581219,27.033062,2.9900015184970004,34.261892010234,4.620004361924,False
HARO_29,Model,0.581219,27.033062,3.1500018096930003,34.362292802502,4.559990964284,False
HARO_29,Model,0.581219,27.033062,3.300001646775,34.447798377608,4.130003080112,False
HARO_29,Model,0.581219,27.033062,3.460001937971,34.530898010196005,3.989998852014,False
HARO_29,Model,0.581219,27.033062,3.620001647948,34.606887947478,4.4800001338260005,False
HARO_29,Model,0.581219,27.033062,3.7800019391440003,34.676498082128006,5.010010347398,False
HARO_29,Model,0.581219,27.033062,3.930001776226,34.736700711202005,3.9699943861339997,False
HARO_29,Model,0.581219,27.033062,4.090002067422001,34.796092348416,4.050012249654,False
HARO_29,Model,0.581219,27.033062,4.2500023586180005,34.851104629586004,3.9000057886160002,False
HARO_29,Model,0.581219,27.033062,4.410002068595,34.902088984518,4.050012249654,False
HARO_29,Model,0.581219,27.033062,4.560001905677001,34.946801669066,4.819994954599999,False
HARO_29,Model,0.581219,27.033062,4.720002196873001,34.991298089118004,4.29001177409,False
HARO_29,Model,0.581219,27.033062,4.8800024880690005,35.033010103784,4.329993672788,False
HARO_29,Model,0.581219,27.033062,5.030002325151001,35.069693968917996,3.800010492278,False
DDO_101,Data,1.140152,57.449184,0.26000026208,30.590024453664004,2.820008095008,False
DDO_101,Data,1.140152,57.449184,0.52000052416,41.909984016576004,2.180024185248,False
DDO_101,Data,1.140152,57.449184,0.770000513048,49.39997882976,2.2000165012800004,False
DDO_101,Data,1.140152,57.449184,1.0299996349760001,55.529979110112,2.04002052384,False
DDO_101,Data,1.140152,57.449184,1.2899998970560003,60.06001961606401,2.230004975328,False
DDO_101,Data,1.140152,57.449184,1.550000159136,61.209979932192006,2.220008817312,False
DDO_101,Data,1.140152,57.449184,1.8000001480240002,62.32001306544001,2.129985945984,False
DDO_101,Data,1.140152,57.449184,2.060000410104,63.650019124224,2.5000161401280003,False
DDO_101,Data,1.140152,57.449184,2.320000672184,64.919990785728,2.099997471936,False
DDO_101,Model,1.497756,60.489796,0.219999387816,18.076528677456,3.699979351932,False
DDO_101,Model,1.497756,60.489796,0.42999975657600004,31.800574573528,5.779981477188,False
DDO_101,Model,1.497756,60.489796,0.650000642148,42.038593526119996,3.8400132296719995,False
DDO_101,Model,1.497756,60.489796,0.870000029964,49.16701353574,3.810010290856,False
DDO_101,Model,1.497756,60.489796,1.08999941778,54.259407501796,3.31998245346,False
DDO_101,Model,1.497756,60.489796,1.2999997865400001,57.8751245679,3.289979514644,False
DDO_101,Model,1.497756,60.489796,1.5200006721120003,60.78389738815199,3.78998816838,False
DDO_101,Model,1.497756,60.489796,1.740000059928,63.065693472864,4.319999760931999,False
DDO_101,Model,1.497756,60.489796,1.9500004286880002,64.823405965032,5.130018619167999,False
DDO_133,Data,1.83,38.700001,0.18000063000000002,5.1700105335919995,1.30999503385,False
DDO_133,Data,1.83,38.700001,0.37000038,12.910010733592,1.689990343669,False
DDO_133,Data,1.83,38.700001,0.54999918,20.919982140568003,1.569981640568,False
DDO_133,Data,1.83,38.700001,0.72999981,25.570019460723998,1.7500140452200001,False
DDO_133,Data,1.83,38.700001,0.9199995599999999,26.389995081911998,1.86998404832,False
DDO_133,Data,1.83,38.700001,1.10000019,28.129985826873,1.8800073485789999,False
DDO_133,Data,1.83,38.700001,1.2800008200000002,31.360004010336,1.639989942377,False
DDO_133,Data,1.83,38.700001,1.47000057,34.789985098966,1.980008151163,False
DDO_133,Data,1.83,38.700001,1.64999937,38.600000197416,1.939992350129,False
DDO_133,Data,1.83,38.700001,1.83,41.480015571835004,1.4399883372089999,False
DDO_133,Data,1.83,38.700001,2.01999975,41.619993475452006,1.450011637468,False
DDO_133,Data,1.83,38.700001,2.20000038,42.279983292505996,1.550012440052,False
DDO_133,Data,1.83,38.700001,2.38000101,43.170005915504,1.730006144703,False
DDO_133,Data,1.83,38.700001,2.57000076,44.88000415969,1.639989942377,False
DDO_133,Data,1.83,38.700001,2.74999956,46.730019007494,1.459996237726,False
DDO_133,Data,1.83,38.700001,2.9300001900000003,46.13001419199001,1.5899895410850002,False
DDO_133,Data,1.83,38.700001,3.11999994,43.9399811354,1.759998645478,False
DDO_133,Data,1.83,38.700001,3.3000005700000004,45.469985674935,2.0800089537470003,False
DDO_133,Data,1.83,38.700001,3.4799993700000003,46.11999089173101,2.1399939552969998,False
DDO_133,Model,2.327028,42.877571,0.180000269856,6.733622382553,1.3099955491920001,False
DDO_133,Model,2.327028,42.877571,0.36999977902799996,13.347787852300002,1.690019460965,False
DDO_133,Model,2.327028,42.877571,0.550000048884,18.852581927564003,1.5700051397360002,False
DDO_133,Model,2.327028,42.877571,0.73000031874,23.535713109755,1.7500051827940002,False
DDO_133,Model,2.327028,42.877571,0.9199998279119999,27.648786985501005,1.870019504023,False
DDO_133,Model,2.327028,42.877571,1.100000097768,30.874209386405003,1.8800099780660002,False
DDO_133,Model,2.327028,42.877571,1.280000367624,33.565291497507005,1.639981335608,False
DDO_133,Model,2.327028,42.877571,1.4699998767959999,35.940108644913,1.980000473638,False
DDO_133,Model,2.327028,42.877571,1.6500001466519998,37.836712242956004,1.939995699895,False
DDO_133,Model,2.327028,42.877571,1.830000416508,39.457613059469004,1.4400003444640002,False
DDO_133,Model,2.327028,42.877571,2.01999992568,40.926898784926,1.449990818507,False
DDO_133,Model,2.327028,42.877571,2.200000195536,42.132187305736004,1.5499813140790002,False
DDO_133,Model,2.327028,42.877571,2.380000465392,43.188390512179005,1.7299813571370002,False
DDO_133,Model,2.327028,42.877571,2.569999974564,44.169000560949,1.639981335608,False
DDO_133,Model,2.327028,42.877571,2.75000024442,44.99169251572601,1.45998129255,False
DDO_133,Model,2.327028,42.877571,2.9300005142759997,45.72691422566301,1.589986087822,False
DDO_133,Model,2.327028,42.877571,3.1200000234479996,46.422517059996004,1.759995656837,False
DDO_133,Model,2.327028,42.877571,3.3000002933039996,47.016114152920004,2.0799909692100003,False
DDO_133,Model,2.327028,42.877571,3.48000056316,47.55491371010601,2.14001956861,False
NGC_1569,Data,3.17,49.009998,0.24999888,7.6400215582260005,5.4800039163720005,False
NGC_1569,Data,3.17,49.009998,0.38000058,12.069986267448,5.349980391678,False
NGC_1569,Data,3.17,49.009998,0.50999911,16.019996066256002,7.490001954348,False
NGC_1569,Data,3.17,49.009998,0.62999946,17.609978421372002,7.910017637208001,False
NGC_1569,Data,3.17,49.009998,0.76000116,20.490001943844003,8.999999992728,False
NGC_1569,Data,3.17,49.009998,0.8899996899999999,21.069986260176,8.279994112110002,False
NGC_1569,Data,3.17,49.009998,1.02000139,23.480003901828002,9.940011754368001,False
NGC_1569,Data,3.17,49.009998,1.1399985700000002,24.339982336734,11.710007832138,False
NGC_1569,Data,3.17,49.009998,1.27000027,25.579984296132,9.029994111504001,False
NGC_1569,Data,3.17,49.009998,1.3999987999999999,27.589982334108,9.930013714776,False
NGC_1569,Data,3.17,49.009998,1.51999915,30.299990173518005,9.150019596606,False
NGC_1569,Data,3.17,49.009998,1.6500008499999999,33.859978408242,6.999999994344001,False
NGC_1569,Data,3.17,49.009998,1.7799993799999998,36.95000977214401,7.480003914756001,False
NGC_1569,Data,3.17,49.009998,1.89999973,39.849980363802004,7.910017637208001,False
NGC_1569,Data,3.17,49.009998,2.03000143,40.829984283810006,9.210007834158,False
NGC_1569,Data,3.17,49.009998,2.15999996,42.92001564852,12.960007831128001,False
NGC_1569,Data,3.17,49.009998,2.2800003099999997,45.220005844662,13.180013712150002,False
NGC_1569,Data,3.17,49.009998,2.40999884,45.009998003232,15.420015670740002,False
NGC_1569,Data,3.17,49.009998,2.54000054,44.05998820200001,13.470005870316,False
NGC_1569,Data,3.17,49.009998,2.66999907,43.980003885264004,12.779994108474002,False
NGC_1569,Data,3.17,49.009998,2.78999942,44.95000976568,13.019996068680001,False
NGC_1569,Data,3.17,49.009998,2.92000112,43.420015648116006,10.599980387436,False
NGC_1569,Data,3.17,49.009998,3.04999965,47.410017605292005,10.119976467024001,False
NGC_1569,Data,3.17,49.009998,3.17,49.009998,9.609978427836001,False
NGC_1569,Model,3.05,46.919601,0.24999934999999998,6.841065504204,5.480021718396,False
NGC_1569,Model,3.05,46.919601,0.3799995,10.279803061494,5.350007504025,False
NGC_1569,Model,3.05,46.919601,0.50999965,13.582802213091,7.490010505635,False
NGC_1569,Model,3.05,46.919601,0.6299988499999999,16.485107972148,7.909987854186,False
NGC_1569,Model,3.05,46.919601,0.759999,19.452209700186,8.999977105016999,False
NGC_1569,Model,3.05,46.919601,0.8899991499999999,22.225111199685003,8.279995827672,False
NGC_1569,Model,3.05,46.919601,1.0199993,24.801794927802,9.940011311052,False
NGC_1569,Model,3.05,46.919601,1.14000155,27.009315235251,11.710006339176,False
NGC_1569,Model,3.05,46.919601,1.26999865,29.223310447638,9.030005649657,False
NGC_1569,Model,3.05,46.919601,1.3999987999999999,31.263187020714,9.930017436039,False
NGC_1569,Model,3.05,46.919601,1.5200010499999999,33.00230895138,9.149979069414,False
NGC_1569,Model,3.05,46.919601,1.6500012,34.742416193667,6.999982192790999,False
NGC_1569,Model,3.05,46.919601,1.7800013499999998,36.345095924625,7.480016630622001,False
NGC_1569,Model,3.05,46.919601,1.90000055,37.713318409386,7.909987854186,False
NGC_1569,Model,3.05,46.919601,2.0300007,39.085622899434,9.209989239093,False
NGC_1569,Model,3.05,46.919601,2.16000085,40.354000473267,12.959991429417,False
NGC_1569,Model,3.05,46.919601,2.28000005,41.440986869633996,13.179997438506,False
NGC_1569,Model,3.05,46.919601,2.4100002,42.536278035378,15.419986109847,False
NGC_1569,Model,3.05,46.919601,2.54000035,43.553494985058,13.470007492287,False
NGC_1569,Model,3.05,46.919601,2.6700005,44.500097935233,12.780007839981,False
NGC_1569,Model,3.05,46.919601,2.7899996999999996,45.316686671037,13.020001599096002,False
NGC_1569,Model,3.05,46.919601,2.91999985,46.144911467888996,10.599982418718,False
NGC_1569,Model,3.05,46.919601,3.05,46.919601,10.119994900487999,False
DDO_43,Data,3.26,37.84,0.4700007199999999,8.56001344,2.8899921600000003,False
DDO_43,Data,3.26,37.84,0.9299997599999998,18.99999376,2.39001224,False
DDO_43,Data,3.26,37.84,1.4000004799999999,25.630015840000002,2.25000424,False
DDO_43,Data,3.26,37.84,1.8599995199999997,30.209980240000004,2.06999936,False
DDO_43,Data,3.26,37.84,2.33000024,34.57001856,2.26998376,False
DDO_43,Data,3.26,37.84,2.78999928,35.629992640000005,2.5100028800000005,False
DDO_43,Data,3.26,37.84,3.26,37.84,2.6699904,False
DDO_43,Data,3.26,37.84,3.7199990399999994,38.259986160000004,2.8199881600000003,False
DDO_43,Data,3.26,37.84,4.18999976,33.22000088,2.8199881600000003,False
HARO_36,Data,1.596362,34.07251,0.320000341072,12.89000533061,7.19001513271,False
HARO_36,Data,1.596362,34.07251,0.629999474214,19.409984554170002,7.30000119499,False
HARO_36,Data,1.596362,34.07251,0.9499998152860001,25.64998996306,7.36998613053,False
HARO_36,Data,1.596362,34.07251,1.259998948428,31.70000705619,6.73998542063,False
HARO_36,Data,1.596362,34.07251,1.5799992895000001,33.92998469067,4.88000117224,False
HARO_36,Data,1.596362,34.07251,1.890000019004,36.6299926006,6.580014986180001,False
HARO_36,Data,1.596362,34.07251,2.210000360076,39.51000558086,8.529984733480001,False
HARO_36,Data,1.596362,34.07251,2.519999493218,41.42999151936,8.8200099386,False
HARO_36,Data,1.596362,34.07251,2.83999983429,49.80998906382,8.50998417011,False
HARO_36,Data,1.596362,34.07251,3.160000175362,58.22000448959,6.58999823161,False
HARO_36,Model,3.16,52.607399,0.32000056,8.429125719573001,7.190011043527,False
HARO_36,Model,3.16,52.607399,0.62999972,16.179195132853998,7.300013114836,False
HARO_36,Model,3.16,52.607399,0.95000028,23.444224327355002,7.369980955506,False
HARO_36,Model,3.16,52.607399,1.25999944,29.637219945034,6.740007352481,False
HARO_36,Model,3.16,52.607399,1.58,35.155788707533006,4.880020153437,False
HARO_36,Model,3.16,52.607399,1.8899991600000001,39.728423828613,6.579975644723,False
HARO_36,Model,3.16,52.607399,2.20999972,43.756888014437,8.529974103456,False
HARO_36,Model,3.16,52.607399,2.51999888,47.094406621795,8.819998694143,False
HARO_36,Model,3.16,52.607399,2.83999944,50.054677570924,8.509983291835999,False
HARO_36,Model,3.16,52.607399,3.16,52.607399,6.590023657932,False
DDO_168,Data,2.732018,60.90984,0.12000115863199999,3.33000186264,2.5099726867200003,False
DDO_168,Data,2.732018,60.90984,0.23999958524599999,4.92998153976,3.66001137576,False
DDO_168,Data,2.732018,60.90984,0.360000743878,7.62000371352,2.0700209124,False
DDO_168,Data,2.732018,60.90984,0.47999917049199997,12.779980809120001,2.12002789104,False
DDO_168,Data,2.732018,60.90984,0.600000329124,19.46002387176,2.9800139220000004,False
DDO_168,Data,2.732018,60.90984,0.730000673636,25.670025699120004,2.93999615712,False
DDO_168,Data,2.732018,60.90984,0.84999910025,28.349997749280003,2.33997332328,False
DDO_168,Data,2.732018,60.90984,0.970000258882,31.220008500240002,2.5700297889600003,False
DDO_168,Data,2.732018,60.90984,1.090001417514,34.26001861464,3.2500272427200003,False
DDO_168,Data,2.732018,60.90984,1.209999844128,37.9099798668,3.72000756816,False
DDO_168,Data,2.732018,60.90984,1.33000100276,40.62996968184,4.79001072744,False
DDO_168,Data,2.732018,60.90984,1.449999429374,44.63996899824001,4.2900018508799995,False
DDO_168,Data,2.732018,60.90984,1.5700005880060002,48.01997783952,3.9500031240000006,False
DDO_168,Data,2.732018,60.90984,1.68999901462,50.87001016296001,4.21002723096,False
DDO_168,Data,2.732018,60.90984,1.8100001732520001,53.21997270000001,4.00001010264,False
DDO_168,Data,2.732018,60.90984,1.9300013318840001,55.780013275200005,4.40000502192,False
DDO_168,Data,2.732018,60.90984,2.060001676396,59.01000118056,5.070013261920001,False
DDO_168,Data,2.732018,60.90984,2.1800001030100002,60.3899745156,4.28001263712,False
DDO_168,Data,2.732018,60.90984,2.300001261642,61.20001447776,4.07998472256,False
DDO_168,Data,2.732018,60.90984,2.419999688256,61.92002969640001,4.11001327368,False
DDO_168,Data,2.732018,60.90984,2.540000846888,61.650016375679996,4.55002595784,False
DDO_168,Data,2.732018,60.90984,2.659999273502,61.56998084592,4.57999359912,False
DDO_168,Data,2.732018,60.90984,2.780000432134,60.47001004536,4.07998472256,False
DDO_168,Data,2.732018,60.90984,2.900001590766,61.42002081984,4.0099993164,False
DDO_168,Data,2.732018,60.90984,3.02000001738,61.3700138412,4.92998153976,False
DDO_168,Data,2.732018,60.90984,3.1400011760120004,60.350017660560006,5.4100119888,False
DDO_168,Data,2.732018,60.90984,3.2599996026260003,58.7499770736,5.219973288,False
DDO_168,Data,2.732018,60.90984,3.3899999471380005,58.8200233896,4.98997773216,False
DDO_168,Data,2.732018,60.90984,3.51000110577,56.06001580968,4.79001072744,False
DDO_168,Data,2.732018,60.90984,3.630002264402,51.61999302288,4.63998979152,False
DDO_168,Data,2.732018,60.90984,3.750000691016,50.8600209492,4.33001961576,False
DDO_168,Data,2.732018,60.90984,3.8699991176300004,48.57998290848,4.63000057776,False
DDO_168,Data,2.732018,60.90984,3.990000276262,47.26000576584,5.00002785576,False
DDO_168,Model,3.14,67.414101,0.12000138,4.218976682883,2.5100292225330003,False
DDO_168,Model,3.14,67.414101,0.23999962000000002,8.401280094822,3.659978957391,False
DDO_168,Model,3.14,67.414101,0.360001,12.512191973802,2.070017385306,False
DDO_168,Model,3.14,67.414101,0.47999924000000005,16.520567005161002,2.119971234147,False
DDO_168,Model,3.14,67.414101,0.60000062,20.400518174115003,2.979972920604,False
DDO_168,Model,3.14,67.414101,0.72999976,24.434915048460002,2.939996358711,False
DDO_168,Model,3.14,67.414101,0.8500011400000002,27.987503342958004,2.340010859811,False
DDO_168,Model,3.14,67.414101,0.9699993800000001,31.366230670977,2.570027772423,False
DDO_168,Model,3.14,67.414101,1.0900007600000001,34.566917358255,3.2499663951090003,False
DDO_168,Model,3.14,67.414101,1.209999,37.589495990691,3.7199775072810004,False
DDO_168,Model,3.14,67.414101,1.3300003800000002,40.436932788728996,4.789974118353,False
DDO_168,Model,3.14,67.414101,1.4499986200000001,43.114620880449,4.290031145337,False
DDO_168,Model,3.14,67.414101,1.57,45.629571332355,3.949994419893,False
DDO_168,Model,3.14,67.414101,1.69000138,47.990076078870004,4.21001060745,False
DDO_168,Model,3.14,67.414101,1.80999962,50.204696710821,4.000015682835,False
DDO_168,Model,3.14,67.414101,1.930001,52.28239930364101,4.399983544068,False
DDO_168,Model,3.14,67.414101,2.06000014,54.389089959891,5.070012293907,False
DDO_168,Model,3.14,67.414101,2.1800015200000002,56.210079656103,4.279986444288,False
DDO_168,Model,3.14,67.414101,2.29999976,57.920914711281,4.079968806621,False
DDO_168,Model,3.14,67.414101,2.42000114,59.529415161141,4.1099680815660005,False
DDO_168,Model,3.14,67.414101,2.5399993800000003,61.04313138499501,4.549979918793,False
DDO_168,Model,3.14,67.414101,2.6600007600000004,62.468804792943004,4.579979193738,False
DDO_168,Model,3.14,67.414101,2.779999,63.812974552782,4.079968806621,False
DDO_168,Model,3.14,67.414101,2.9000003800000003,65.081707933602,4.009992969783,False
DDO_168,Model,3.14,67.414101,3.0199986200000004,66.280398063483,4.92999320613,False
DDO_168,Model,3.14,67.414101,3.14,67.414101,5.4099816052500005,False
NGC_2366,Data,2.787214,50.433895,0.120000711556,5.460023906595,2.170019200165,False
NGC_2366,Data,2.787214,50.433895,0.23000089928,9.109975321639999,2.399997761365,False
NGC_2366,Data,2.787214,50.433895,0.34999882362199997,11.099995950550001,1.9799842838050001,False
NGC_2366,Data,2.787214,50.433895,0.45999901134599996,12.81000759442,2.4200200176799997,False
NGC_2366,Data,2.787214,50.433895,0.579999722902,14.350006578244999,3.0099957213899997,False
NGC_2366,Data,2.787214,50.433895,0.689999910626,16.81002067466,3.600021858995,False
NGC_2366,Data,2.787214,50.433895,0.8100006221820001,18.729988623415,3.1700224702249997,False
NGC_2366,Data,2.787214,50.433895,0.9200008099060001,22.440006807405,2.890013485185,False
NGC_2366,Data,2.787214,50.433895,1.0399987342480002,25.440016617584998,2.540002253885,False
NGC_2366,Data,2.787214,50.433895,1.1499989219720002,27.870022546475,2.610004500145,False
NGC_2366,Data,2.787214,50.433895,1.269999633528,30.689983351505003,4.119995316445,False
NGC_2366,Data,2.787214,50.433895,1.379999821252,32.299984581589996,4.610011040265,False
NGC_2366,Data,2.787214,50.433895,1.500000532808,33.530016846745,4.22999164144,False
NGC_2366,Data,2.787214,50.433895,1.6200012443640002,34.65998826422,3.7900063414600003,False
NGC_2366,Data,2.787214,50.433895,1.7300014320880002,38.279981945635,3.699981838885,False
NGC_2366,Data,2.787214,50.433895,1.8499993564300001,40.73999604205,3.600021858995,False
NGC_2366,Data,2.787214,50.433895,1.9599995441540001,41.53997848454,3.85002267651,False
NGC_2366,Data,2.787214,50.433895,2.08000025571,42.639992168385,3.629979592625,False
NGC_2366,Data,2.787214,50.433895,2.190000443434,43.560007280975,3.58998551389,False
NGC_2366,Data,2.787214,50.433895,2.31000115499,44.209999319735,4.119995316445,False
NGC_2366,Data,2.787214,50.433895,2.420001342714,45.579985643515,3.57999960268,False
NGC_2366,Data,2.787214,50.433895,2.539999267056,47.25998911986,3.2999906176400002,False
NGC_2366,Data,2.787214,50.433895,2.64999945478,48.990023020045,3.43000919895,False
NGC_2366,Data,2.787214,50.433895,2.770000166336,50.339987087509996,3.29000470643,False
NGC_2366,Data,2.787214,50.433895,2.8800003540600003,50.939999136325,3.35002104148,False
NGC_2366,Data,2.787214,50.433895,3.000001065616,51.39002078141,3.329998785165,False
NGC_2366,Data,2.787214,50.433895,3.119998989958,51.070017717635,3.5700136914700002,False
NGC_2366,Data,2.787214,50.433895,3.229999177682,51.449986682565,3.57999960268,False
NGC_2366,Data,2.787214,50.433895,3.3499998892379996,51.830006081389996,3.43000919895,False
NGC_2366,Data,2.787214,50.433895,3.460000076962,53.01000792270501,3.51998326763,False
NGC_2366,Data,2.787214,50.433895,3.5800007885180003,53.159998326434994,3.5700136914700002,False
NGC_2366,Data,2.787214,50.433895,3.690000976242,53.989988936450004,3.8300004201949998,False
NGC_2366,Data,2.787214,50.433895,3.8099989005840005,55.41999159528,4.210019819019999,False
NGC_2366,Data,2.787214,50.433895,3.9199990883080003,55.290023447865,3.9300108339799995,False
NGC_2366,Data,2.787214,50.433895,4.039999799864,55.520002009064996,3.970004912715,False
NGC_2366,Data,2.787214,50.433895,4.149999987588,55.2099848565,3.42002328774,False
NGC_2366,Data,2.787214,50.433895,4.270000699144,54.709983221470004,3.15000021391,False
NGC_2366,Data,2.787214,50.433895,4.380000886868,54.55000690653,3.15998612512,False
NGC_2366,Data,2.787214,50.433895,4.500001598424,55.459985674015,3.470003277685,False
NGC_2366,Data,2.787214,50.433895,4.619999522766,55.27000119155,3.29000470643,False
NGC_2366,Data,2.787214,50.433895,4.7299997104900005,55.73999465905501,3.5599773463649997,False
NGC_2366,Data,2.787214,50.433895,4.8500004220460005,54.98000629530001,3.3099765288499996,False
NGC_2366,Data,2.787214,50.433895,4.96000060977,54.800007724044995,3.269982450115,False
NGC_2366,Data,2.787214,50.433895,5.080001321326,55.92997914152,3.3099765288499996,False
NGC_2366,Data,2.787214,50.433895,5.19000150905,56.779992007850005,3.5700136914700002,False
NGC_2366,Data,2.787214,50.433895,5.309999433392,57.150025495465,3.36000695269,False
NGC_2366,Data,2.787214,50.433895,5.419999621116,58.150028765525,3.42002328774,False
NGC_2366,Data,2.787214,50.433895,5.540000332672,58.85998670544001,3.07001205644,False
NGC_2366,Data,2.787214,50.433895,5.650000520396,58.459995484195,3.58998551389,False
NGC_2366,Data,2.787214,50.433895,5.7700012319519995,58.99999119796,3.5700136914700002,False
NGC_2366,Data,2.787214,50.433895,5.880001419676,58.33002733678,3.5499914351549995,False
NGC_2366,Data,2.787214,50.433895,5.999999344018,58.730018558025,3.73997591762,False
NGC_2366,Data,2.787214,50.433895,6.120000055574,58.89998078417499,3.3900151202149997,False
NGC_2366,Data,2.787214,50.433895,6.230000243298,58.120020598,3.57999960268,False
NGC_2366,Data,2.787214,50.433895,6.350000954854001,59.06000753301,3.35002104148,False
NGC_2366,Data,2.787214,50.433895,6.460001142578,58.649979966660005,3.85002267651,False
NGC_2366,Data,2.787214,50.433895,6.57999906692,58.27999691294,3.9399967451899998,False
NGC_2366,Data,2.787214,50.433895,6.689999254644,57.099995071624996,3.8600085877200003,False
NGC_2366,Data,2.787214,50.433895,6.8099999661999995,57.20999139662,4.23997755265,False
NGC_2366,Data,2.787214,50.433895,6.920000153924,58.499989562930004,3.85002267651,False
NGC_2366,Data,2.787214,50.433895,7.04000086548,58.889994872965,4.3500243115399995,False
NGC_2366,Data,2.787214,50.433895,7.150001053204,58.249988745414996,3.87998041014,False
NGC_2366,Data,2.787214,50.433895,7.270001764760001,58.959997119224994,3.6199936814149996,False
NGC_2366,Data,2.787214,50.433895,7.37999916527,58.91001712928,4.309979798910001,False
NGC_2366,Data,2.787214,50.433895,7.499999876826,57.35998180035,4.0400071589749995,False
NGC_2366,Data,2.787214,50.433895,7.620000588382,57.859983435379995,3.970004912715,False
NGC_2366,Data,2.787214,50.433895,7.7300007761059994,59.77001590682,3.80997816388,False
NGC_2366,Data,2.787214,50.433895,7.850001487662,58.21998057789,3.36000695269,False
NGC_2366,Data,2.787214,50.433895,7.960001675386001,57.55001671671,3.57999960268,False
NGC_2366,Data,2.787214,50.433895,8.079999599728,58.240002834205,3.07001205644,False
NGC_2366,Model,3.2879,50.27964,0.11999848630000001,3.6750897265200004,2.1700189827600003,False
NGC_2366,Model,3.2879,50.27964,0.2299984687,6.996914702400001,2.39999805612,False
NGC_2366,Model,3.2879,50.27964,0.35000024290000004,10.52242249992,1.9800122232,False
NGC_2366,Model,3.2879,50.27964,0.4600002253,13.629302014799999,2.42000935284,False
NGC_2366,Model,3.2879,50.27964,0.5799987116,16.85288057412,3.0099906486,False
NGC_2366,Model,3.2879,50.27964,0.689998694,19.638875426520002,3.600022224,False
NGC_2366,Model,3.2879,50.27964,0.8100004682,22.483798016999998,3.1699804630800004,False
NGC_2366,Model,3.2879,50.27964,0.9200004506,24.91170127332,2.89002342756,False
NGC_2366,Model,3.2879,50.27964,1.0399989369,27.36781140768,2.53997657388,False
NGC_2366,Model,3.2879,50.27964,1.1499989193,29.44999185936,2.6100161124,False
NGC_2366,Model,3.2879,50.27964,1.2700006935,31.54740704196,4.12001426088,False
NGC_2366,Model,3.2879,50.27964,1.3800006759,33.32122246152,4.60998935268,False
NGC_2366,Model,3.2879,50.27964,1.4999991622,35.10660219828,4.22997583356,False
NGC_2366,Model,3.2879,50.27964,1.6200009364,36.748886079600005,3.78997870392,False
NGC_2366,Model,3.2879,50.27964,1.7300009187999998,38.13972148128,3.69997814832,False
NGC_2366,Model,3.2879,50.27964,1.8499994051,39.543177072599995,3.600022224,False
NGC_2366,Model,3.2879,50.27964,1.9599993875000001,40.734703981319996,3.8500125940800003,False
NGC_2366,Model,3.2879,50.27964,2.0800011617000003,41.940510307800004,3.62998888944,False
NGC_2366,Model,3.2879,50.27964,2.1900011441,42.96752223444,3.5900165756400004,False
NGC_2366,Model,3.2879,50.27964,2.3099996304,44.01022140876,4.12001426088,False
NGC_2366,Model,3.2879,50.27964,2.4199996128000003,44.90117662956,3.58001092728,False
NGC_2366,Model,3.2879,50.27964,2.540001387,45.80897552976,3.30000361212,False
NGC_2366,Model,3.2879,50.27964,2.6500013694,46.58720379768,3.4299764815200002,False
NGC_2366,Model,3.2879,50.27964,2.7699998557,47.38267798212,3.2899979637600003,False
NGC_2366,Model,3.2879,50.27964,2.8799998381000003,48.06698388252,3.3499815742800005,False
NGC_2366,Model,3.2879,50.27964,2.9999983244,48.76868653836,3.3300205571999997,False
NGC_2366,Model,3.2879,50.27964,3.1200000986000003,49.427400102,3.57000527892,False
NGC_2366,Model,3.2879,50.27964,3.230000081,49.99671646572,3.58001092728,False
NGC_2366,Model,3.2879,50.27964,3.3499985673000006,50.5830776274,3.4299764815200002,False
NGC_2366,Model,3.2879,50.27964,3.4599985497000003,51.091203669239995,3.51997703712,False
NGC_2366,Model,3.2879,50.27964,3.5800003239,51.61602255155999,3.57000527892,False
NGC_2366,Model,3.2879,50.27964,3.6900003063000004,52.07200860672,3.8300012973600004,False
NGC_2366,Model,3.2879,50.27964,3.8099987926000005,52.54408414668,4.21001481648,False
NGC_2366,Model,3.2879,50.27964,3.9199987750000003,52.955321322239996,3.93000750132,False
NGC_2366,Model,3.2879,50.27964,4.0400005492,53.38209490656,3.96997981512,False
NGC_2366,Model,3.2879,50.27964,4.150000531600001,53.75461675932,3.4200211127999998,False
NGC_2366,Model,3.2879,50.27964,4.2699990179,54.14202138552,3.150019446,False
NGC_2366,Model,3.2879,50.27964,4.3799990003,54.48090615912,3.1600250943600003,False
NGC_2366,Model,3.2879,50.27964,4.5000007745,54.834120630120005,3.4699990749600005,False
NGC_2366,Model,3.2879,50.27964,4.6199992608,55.1710947774,3.2899979637600003,False
NGC_2366,Model,3.2879,50.27964,4.7299992432,55.466789340240005,3.55999963056,False
NGC_2366,Model,3.2879,50.27964,4.8500010174,55.7757074484,3.31000926048,False
NGC_2366,Model,3.2879,50.27964,4.9600009998,56.047318063679995,3.26998666704,False
NGC_2366,Model,3.2879,50.27964,5.0799994861,56.331498588959995,3.31000926048,False
NGC_2366,Model,3.2879,50.27964,5.1899994685,56.58158951832,3.57000527892,False
NGC_2366,Model,3.2879,50.27964,5.3100012427,56.8438984002,3.35998722264,False
NGC_2366,Model,3.2879,50.27964,5.4199979372,57.07508418492,3.4200211127999998,False
NGC_2366,Model,3.2879,50.27964,5.5399997114,57.317784007200004,3.0700245387600003,False
NGC_2366,Model,3.2879,50.27964,5.6499996938,57.53212611252,3.5900165756400004,False
NGC_2366,Model,3.2879,50.27964,5.7699981801,57.757378899719996,3.57000527892,False
NGC_2366,Model,3.2879,50.27964,5.879998162500001,57.956486274119996,3.5499939822,False
NGC_2366,Model,3.2879,50.27964,5.9999999367,58.16610209328,3.7400007417600003,False
NGC_2366,Model,3.2879,50.27964,6.119998423,58.36807540716,3.39000416772,False
NGC_2366,Model,3.2879,50.27964,6.2299984054,58.54712120520001,3.58001092728,False
NGC_2366,Model,3.2879,50.27964,6.3500001796,58.735720134839994,3.3499815742800005,False
NGC_2366,Model,3.2879,50.27964,6.460000162,58.90300049712,3.8500125940800003,False
NGC_2366,Model,3.2879,50.27964,6.5799986483,59.0795825928,3.94001314968,False
NGC_2366,Model,3.2879,50.27964,6.689998630700001,59.23630423068,3.8600182424400002,False
NGC_2366,Model,3.2879,50.27964,6.8100004049,59.40177452592,4.23998148192,False
NGC_2366,Model,3.2879,50.27964,6.920000387300001,59.54889275255999,3.8500125940800003,False
NGC_2366,Model,3.2879,50.27964,7.0399988736,59.70450823836,4.34999333424,False
NGC_2366,Model,3.2879,50.27964,7.149998856000001,59.84277724836,3.8799792595200002,False
NGC_2366,Model,3.2879,50.27964,7.2700006302,59.989292119320005,3.6199832410800004,False
NGC_2366,Model,3.2879,50.27964,7.380000612600001,60.119616946200004,4.310021020440001,False
NGC_2366,Model,3.2879,50.27964,7.4999990989,60.25768483764,4.04001935364,False
NGC_2366,Model,3.2879,50.27964,7.6200008730999995,60.39168007824001,3.96997981512,False
NGC_2366,Model,3.2879,50.27964,7.7300008555,60.51109422324001,3.80999000064,False
NGC_2366,Model,3.2879,50.27964,7.849999341799999,60.63779891604,3.35998722264,False
NGC_2366,Model,3.2879,50.27964,7.9599993242,60.75067670784,3.58001092728,False
NGC_2366,Model,3.2879,50.27964,8.0799978105,60.87059364924001,3.0700245387600003,False
DDO_154,Data,2.728005,40.681252,0.1400012166,6.199985529808001,2.590012589832,False
DDO_154,Data,2.728005,40.681252,0.290000571525,11.440015556172,2.4300132257160003,False
DDO_154,Data,2.728005,40.681252,0.42999906011999994,15.169998189548,2.1500041682,False
DDO_154,Data,2.728005,40.681252,0.57000027672,16.649982137308,3.0899851769119997,False
DDO_154,Data,2.728005,40.681252,0.719999631645,19.66999556078,2.619994672556,False
DDO_154,Data,2.728005,40.681252,0.860000848245,22.270015738604002,2.609987084564,False
DDO_154,Data,2.728005,40.681252,0.99999933684,24.77000071776,2.3399856150400002,False
DDO_154,Data,2.728005,40.681252,1.149998691765,25.459995432932,2.970016164764,False
DDO_154,Data,2.728005,40.681252,1.289999908365,27.350005719600002,5.3899811212360005,False
DDO_154,Data,2.728005,40.681252,1.43999926329,30.219986685696,6.269997964500001,False
DDO_154,Data,2.728005,40.681252,1.58000047989,32.45001087658,6.340010399192001,False
DDO_154,Data,2.728005,40.681252,1.719998968485,34.449982587404,7.090009961064,False
DDO_154,Data,2.728005,40.681252,1.8700010514149998,35.15999247856,7.31001417188,False
DDO_154,Data,2.728005,40.681252,2.00999954001,35.89998445244,6.569981516748,False
DDO_154,Data,2.728005,40.681252,2.15000075661,36.929993071828,6.350017987184001,False
DDO_154,Data,2.728005,40.681252,2.300000111535,37.039995177236,5.53000599062,False
DDO_154,Data,2.728005,40.681252,2.43999860013,38.209987984756,5.239989345112,False
DDO_154,Data,2.728005,40.681252,2.57999981673,39.289993862852,4.959980287596,False
DDO_154,Data,2.728005,40.681252,2.7299991716550003,40.700006057172004,4.850018863440001,False
DDO_154,Data,2.728005,40.681252,2.8700003882550003,41.400008360336,4.809988511472,False
DDO_154,Data,2.728005,40.681252,3.00999887685,42.069987899524,4.329990419124,False
DDO_154,Data,2.728005,40.681252,3.159998231775,42.960012330779996,4.130001384292,False
DDO_154,Data,2.728005,40.681252,3.2999994483750004,43.770016739351995,3.779979892084,False
DDO_154,Data,2.728005,40.681252,3.4400006649750003,44.190009984999996,3.369994234428,False
DDO_154,Data,2.728005,40.681252,3.5900000198999997,44.930001958880005,3.4099839051439997,False
DDO_154,Data,2.728005,40.681252,3.729998508495,45.490020073912,3.369994234428,False
DDO_154,Data,2.728005,40.681252,3.869999725095,46.0999947664,3.429999081128,False
DDO_154,Data,2.728005,40.681252,4.01999908002,46.89999158698,3.710008138644,False
DDO_154,Data,2.728005,40.681252,4.16000029662,47.369982091336,3.650003291944,False
DDO_154,Data,2.728005,40.681252,4.309999651545,48.00001264106,4.179998643,False
DDO_154,Data,2.728005,40.681252,4.44999814014,48.360001040008,4.720001582048,False
DDO_154,Data,2.728005,40.681252,4.58999935674,48.029994723784,4.5499946299400005,False
DDO_154,Data,2.728005,40.681252,4.739998711665,48.330018957284004,4.530020135208,False
DDO_154,Data,2.728005,40.681252,4.879999928265,47.959982289092004,4.630014652624,False
DDO_154,Data,2.728005,40.681252,5.01999841686,46.980011609664004,4.6800119113320005,False
DDO_154,Data,2.728005,40.681252,5.1700004997899995,48.61999492154,4.809988511472,False
DDO_154,Data,2.728005,40.681252,5.309998988385,48.530007992116005,4.709993994056,False
DDO_154,Data,2.728005,40.681252,5.450000204985,47.310017925888,5.019985134296,False
DDO_154,Data,2.728005,40.681252,5.5999995599100005,45.97001816626,5.16001000368,False
DDO_154,Data,2.728005,40.681252,5.739998048505,46.000000248983994,4.969987875588,False
DDO_154,Data,2.728005,40.681252,5.879999265105,46.419993494631996,5.490016319904,False
DDO_154,Data,2.728005,40.681252,6.02999862003,47.649991148851996,5.249996933104,False
DDO_154,Data,2.728005,40.681252,6.16999983663,46.450016258608,4.780006428748,False
DDO_154,Data,2.728005,40.681252,6.309998325224999,46.45998316534801,5.740002613444,False
DDO_154,Data,2.728005,40.681252,6.460000408155,47.319984832628,5.769984696168,False
DDO_154,Data,2.728005,40.681252,6.599998896750001,45.66999393276,6.180011035075999,False
DDO_154,Data,2.728005,40.681252,6.740000113350001,45.260008275104,5.949999236268,False
DDO_154,Data,2.728005,40.681252,6.889999468275,46.880017092248,5.40999629722,False
DDO_154,Data,2.728005,40.681252,7.02999795687,47.259979985928,5.5800032493280005,False
DDO_154,Data,2.728005,40.681252,7.179997311795001,45.750013955444004,4.759991252764,False
DDO_154,Data,2.728005,40.681252,7.319998528395001,47.859987771676,5.65998259076,False
DDO_154,Data,2.728005,40.681252,7.459999744995,50.749983913756004,6.539999434024,False
DDO_154,Data,2.728005,40.681252,7.6099990999200005,51.129987488688,5.120020332964,False
DDO_154,Data,2.728005,40.681252,7.75000031652,48.569997662832,6.920003008956,False
DDO_154,Data,2.728005,40.681252,7.889998805115,50.510005208208,5.609985332052,False
DDO_154,Model,2.676453,40.704559,0.139999903524,4.471558624386,2.5899903846110006,False
DDO_154,Model,2.676453,40.704559,0.28999903545600003,9.087129978514001,2.4299807631820003,False
DDO_154,Model,2.676453,40.704559,0.42999893897999997,13.101902041802001,2.15001480638,False
DDO_154,Model,2.676453,40.704559,0.569998842504,16.758718213244002,3.090005187367,False
DDO_154,Model,2.676453,40.704559,0.720000650889,20.250803034413,2.6199896445940003,False
DDO_154,Model,2.676453,40.704559,0.860000554413,23.122306149068002,2.610017027639,False
DDO_154,Model,2.676453,40.704559,1.0000004579369999,25.648878830757003,2.3399829832330004,False
DDO_154,Model,2.676453,40.704559,1.149999589869,28.016215277638,2.970008147435,False
DDO_154,Model,2.676453,40.704559,1.289999493393,29.949885352933002,5.390016293662001,False
DDO_154,Model,2.676453,40.704559,1.439998625325,31.768483639935003,6.270008154683,False
DDO_154,Model,2.676453,40.704559,1.579998528849,33.263887728477,6.340019996163001,False
DDO_154,Model,2.676453,40.704559,1.719998432373,34.59268805703201,7.090001495738001,False
DDO_154,Model,2.676453,40.704559,1.870000240758,35.85839631913701,7.310009637133001,False
DDO_154,Model,2.676453,40.704559,2.010000144282,36.913295670181,6.570000754513,False
DDO_154,Model,2.676453,40.704559,2.150000047806,37.863299372682,6.349992613118,False
DDO_154,Model,2.676453,40.704559,2.299999179738,38.780495200629005,5.529999272063001,False
DDO_154,Model,2.676453,40.704559,2.4399990832619998,39.554980844722,5.240019993747,False
DDO_154,Model,2.676453,40.704559,2.579998986786,40.261001420577,4.9600133323860005,False
DDO_154,Model,2.676453,40.704559,2.730000795171,40.95082158195001,4.849988909409,False
DDO_154,Model,2.676453,40.704559,2.8700006986949997,41.539775846121,4.810017032471,False
DDO_154,Model,2.676453,40.704559,3.010000602219,42.082286208473,4.329988168184,False
DDO_154,Model,2.676453,40.704559,3.1599997341509996,42.617510454764,4.130006669817,False
DDO_154,Model,2.676453,40.704559,3.2999996376749996,43.079018744706005,3.7799881669760005,False
DDO_154,Model,2.676453,40.704559,3.4399995411989996,43.50751563729901,3.3700118487280006,False
DDO_154,Model,2.676453,40.704559,3.589998673131,43.933895892824005,3.409983725666,False
DDO_154,Model,2.676453,40.704559,3.729998576655,44.304388788842004,3.3700118487280006,False
DDO_154,Model,2.676453,40.704559,3.869998480179,44.65078458593201,3.430010368694,False
DDO_154,Model,2.676453,40.704559,4.020000288564,44.997994474202,3.7100170300550004,False
DDO_154,Model,2.676453,40.704559,4.160000192088,45.301487666106006,3.650018510089,False
DDO_154,Model,2.676453,40.704559,4.3099993240200005,45.606893972283,4.179991868269001,False
DDO_154,Model,2.676453,40.704559,4.449999227544,45.874892788739004,4.720019252522,False
DDO_154,Model,2.676453,40.704559,4.589999131068,46.127912327483,4.549996309579001,False
DDO_154,Model,2.676453,40.704559,4.7399982629999995,46.383821889916,4.53001037111,False
DDO_154,Model,2.676453,40.704559,4.8799981665239995,46.609487965012,4.629980768014001,False
DDO_154,Model,2.676453,40.704559,5.019998070048,46.823593945352,4.680006671025001,False
DDO_154,Model,2.676453,40.704559,5.169999878433,47.040996994971,4.810017032471,False
DDO_154,Model,2.676453,40.704559,5.309999781957,47.233488854482005,4.710005931008,False
DDO_154,Model,2.676453,40.704559,5.449999685481,47.416903597336,5.020011852352,False
DDO_154,Model,2.676453,40.704559,5.599998817413,47.603818932264005,5.159994830753,False
DDO_154,Model,2.676453,40.704559,5.739998720937001,47.770015646661,4.969985949341001,False
DDO_154,Model,2.676453,40.704559,5.879998624461001,47.928682017643006,5.489986690566,False
DDO_154,Model,2.676453,40.704559,6.030000432845999,48.091093208053,5.249992610702001,False
DDO_154,Model,2.676453,40.704559,6.170000336369999,48.236001438093005,4.780017772488,False
DDO_154,Model,2.676453,40.704559,6.310000239893999,48.374681870606004,5.739994091944,False
DDO_154,Model,2.676453,40.704559,6.459999371825999,48.517107122547,5.769993351927,False
DDO_154,Model,2.676453,40.704559,6.599999275349999,48.64439027854,6.180010374734,False
DDO_154,Model,2.676453,40.704559,6.739999178873999,48.766707478335,5.949988911825001,False
DDO_154,Model,2.676453,40.704559,6.889998310806,48.892484565645006,5.410002232131,False
DDO_154,Model,2.676453,40.704559,7.030000890783,49.005317603193,5.579984470515001,False
DDO_154,Model,2.676453,40.704559,7.180000022715,49.121488414579005,4.75999112946,False
DDO_154,Model,2.676453,40.704559,7.319999926239,49.22589560841401,5.660009633509,False
DDO_87,Data,3.793598,40.245785,0.21999833521599998,1.52000280788,3.59000451357,False
DDO_87,Data,3.793598,40.245785,0.450000388358,8.91001434115,3.270010277035,False
DDO_87,Data,3.793598,40.245785,0.6699987235739999,13.840002266294999,2.2899851664999997,False
DDO_87,Data,3.793598,40.245785,0.900000776716,17.28999169385,2.769996644195,False
DDO_87,Data,3.793598,40.245785,1.1199991119319999,18.159984828195,3.060007770905,False
DDO_87,Data,3.793598,40.245785,1.340001240746,20.66999370129,2.95999699518,False
DDO_87,Data,3.793598,40.245785,1.5699995002899998,21.76999149691,2.7099901787599996,False
DDO_87,Data,3.793598,40.245785,1.790001629104,26.62999200194,2.979999150325,False
DDO_87,Data,3.793598,40.245785,2.0199998886479995,28.080007389705,2.5900174936749996,False
DDO_87,Data,3.793598,40.245785,2.2399982238639997,29.810012703715,2.970018195645,False
DDO_87,Data,3.793598,40.245785,2.4600003526779997,32.640015813344995,3.2199847662799996,False
DDO_87,Data,3.793598,40.245785,2.689998612222,34.210003886195,2.7099901787599996,False
DDO_87,Data,3.793598,40.245785,2.910000741036,35.439995567364996,3.3399976971499994,False
DDO_87,Data,3.793598,40.245785,3.1399990005799996,37.239988301489994,3.4499894275549994,False
DDO_87,Data,3.793598,40.245785,3.360001129394,38.88998499492,3.5299980481349995,False
DDO_87,Data,3.793598,40.245785,3.5799994646099997,39.669988554005,3.71001744444,False
DDO_87,Data,3.793598,40.245785,3.8100015177519997,40.290015117714994,3.3500188976149996,False
DDO_87,Data,3.793598,40.245785,4.029999852968,41.010012211364995,3.990007370685,False
DDO_87,Data,3.793598,40.245785,4.26000190611,42.669989859475,3.8800156402799995,False
DDO_87,Data,3.793598,40.245785,4.480000241326,44.399995173484996,3.1400163914849997,False
DDO_87,Data,3.793598,40.245785,4.699998576542,47.730011915955004,3.060007770905,False
DDO_87,Data,3.793598,40.245785,4.930000629684,49.950009662339994,3.230005966745,False
DDO_87,Data,3.793598,40.245785,5.1499989649,50.580017180729996,3.6100066687149996,False
DDO_87,Data,3.793598,40.245785,5.380001018042,49.380008609384994,3.33001674247,False
DDO_87,Data,3.793598,40.245785,5.599999353257999,52.329984404099996,3.3399976971499994,False
DDO_87,Data,3.793598,40.245785,5.820001482072,54.110015228865,3.25000812189,False
DDO_87,Data,3.793598,40.245785,6.049999741615999,53.5099908203,3.6199876233949997,False
DDO_87,Data,3.793598,40.245785,6.27000187043,51.459991269754994,3.699996243975,False
DDO_87,Data,3.793598,40.245785,6.500000129974,50.600019335875,3.579983313105,False
DDO_87,Data,3.793598,40.245785,6.719998465189999,50.029978037135,3.279991231715,False
DDO_87,Data,3.793598,40.245785,6.940000594004,53.250003049200004,3.369980806975,False
DDO_87,Data,3.793598,40.245785,7.169998853548,55.32998570957,2.5399919829199997,False
DDO_87,Data,3.793598,40.245785,7.390000982361999,56.630005056639995,3.0099822601499997,False
DDO_87,Model,4.751783,47.079933,0.21999804933399997,3.5830653808979993,3.5899861310489998,False
DDO_87,Model,4.751783,47.079933,0.44999860188299995,7.278981361196999,3.269983826448,False
DDO_87,Model,4.751783,47.079933,0.6700014029999999,10.722313500951,2.2900150210529997,False
DDO_87,Model,4.751783,47.079933,0.9000019555489999,14.186784530621999,2.769994937988,False
DDO_87,Model,4.751783,47.079933,1.1200000048829999,17.343211558674,3.060007325268,False
DDO_87,Model,4.751783,47.079933,1.3399980542169998,20.327184792146998,2.9600095475759995,False
DDO_87,Model,4.751783,47.079933,1.5699986067659997,23.251790230106998,2.710015103346,False
DDO_87,Model,4.751783,47.079933,1.790001407883,25.860018518306997,2.9800185191010002,False
DDO_87,Model,4.751783,47.079933,2.020001960432,28.392118554845997,2.590008354129,False
DDO_87,Model,4.751783,47.079933,2.2400000097659998,30.634724083368,2.969990493372,False
DDO_87,Model,4.751783,47.079933,2.4599980591,32.711419927998,3.2199849376019998,False
DDO_87,Model,4.751783,47.079933,2.689998611649,34.71660135440099,2.710015103346,False
DDO_87,Model,4.751783,47.079933,2.910001412766,36.487795513794,3.3399916868190003,False
DDO_87,Model,4.751783,47.079933,3.1400019653149998,38.19830363955,3.4500174902399996,False
DDO_87,Model,4.751783,47.079933,3.360000014649,39.710793567108,3.530006296407,False
DDO_87,Model,4.751783,47.079933,3.5799980639829996,41.112975211647,3.709992880266,False
DDO_87,Model,4.751783,47.079933,3.8099986165319994,42.471419598429,3.350019712548,False
DDO_87,Model,4.751783,47.079933,4.030001417649,43.677089602626,3.989977241817,False
DDO_87,Model,4.751783,47.079933,4.260001970198,44.848579575464996,3.879998518329,False
DDO_87,Model,4.751783,47.079933,4.4800000195319996,45.891682571013,3.139996131435,False
DDO_87,Model,4.751783,47.079933,4.699998068866,46.865813464716,3.060007325268,False
DDO_87,Model,4.751783,47.079933,4.929998621414999,47.81687519124899,3.2300129633309997,False
DDO_87,Model,4.751783,47.079933,5.150001422531999,48.667892060156994,3.6099951025739996,False
DDO_87,Model,4.751783,47.079933,5.380001975080999,49.501583513720995,3.330010741023,False
DDO_87,Model,4.751783,47.079933,5.6000000244149994,50.24991904875599,3.3399916868190003,False
DDO_87,Model,4.751783,47.079933,5.819998073749,50.95418776650299,3.2500219348559996,False
DDO_87,Model,4.751783,47.079933,6.049998626298,51.647298540129,3.620023128303,False
DDO_87,Model,4.751783,47.079933,6.270001427414999,52.272190490838,3.7000119344699995,False
DDO_87,Model,4.751783,47.079933,6.500001979963999,52.888984693070995,3.5800051852529995,False
DDO_87,Model,4.751783,47.079933,6.720000029298,53.44669357938899,3.2800118521769996,False
DDO_87,Model,4.751783,47.079933,6.939998078632,53.97530706711299,3.36998160414,False
DDO_87,Model,4.751783,47.079933,7.169998631181,54.499024241805,2.5400094652829996,False
DDO_87,Model,4.751783,47.079933,7.390001432298,54.97429616544,3.010008436422,False
DDO_52,Data,5.43,60.259998,0.33999945,13.099981225218,8.529983496894001,False
DDO_52,Data,5.43,60.259998,0.6799989,20.519975558952,6.619982600286,False
DDO_52,Data,5.43,60.259998,1.01999835,28.539978692772,6.33001148991,False
DDO_52,Data,5.43,60.259998,1.3599978,32.519970780678,3.450005405496,False
DDO_52,Data,5.43,60.259998,1.70000268,37.669970989752,3.53997358251,False
DDO_52,Data,5.43,60.259998,2.04000213,43.26999286389,3.6700146581940003,False
DDO_52,Data,5.43,60.259998,2.3800015799999996,47.180023094118,4.149985542264,False
DDO_52,Data,5.43,60.259998,2.7200010299999997,48.870014738028004,3.6700146581940003,False
DDO_52,Data,5.43,60.259998,3.0600004800000002,50.010013380192,3.409992766824,False
DDO_52,Data,5.43,60.259998,3.39999993,54.13999260312001,2.95997110176,False
DDO_52,Data,5.43,60.259998,3.7399993799999995,57.070014485874005,3.27000879147,False
DDO_52,Data,5.43,60.259998,4.070002199999999,58.279974985716,3.759982835208,False
DDO_52,Data,5.43,60.259998,4.41000165,60.47000409303,4.149985542264,False
DDO_52,Data,5.43,60.259998,4.7500011,61.719977231544,4.339985315958001,False
DDO_52,Data,5.43,60.259998,5.09000055,60.73002598440001,4.689975384342,False
DDO_52,Data,5.43,60.259998,5.43,60.259998,5.06997493173,False
DDO_52,Model,3.934435,55.782291,0.33999813496000003,10.065412370331,8.530004810556,False
DDO_52,Model,3.934435,55.782291,0.680000204355,19.241989715867998,6.620019166716,False
DDO_52,Model,3.934435,55.782291,1.019998339315,27.050004334011,6.330007035807,False
DDO_52,Model,3.934435,55.782291,1.36000040871,33.443212705521006,3.450023133768,False
DDO_52,Model,3.934435,55.782291,1.6999985436700003,38.605305914661,3.5399999691510002,False
DDO_52,Model,3.934435,55.782291,2.040000613065,42.776426724186,3.669972707181,False
DDO_52,Model,3.934435,55.782291,2.379998748025,46.174181851286995,4.1499793212360006,False
DDO_52,Model,3.934435,55.782291,2.72000081742,48.973225649085,3.669972707181,False
DDO_52,Model,3.934435,55.782291,3.05999895238,51.306822010779,3.410027231121,False
DDO_52,Model,3.934435,55.782291,3.400001021775,53.275100148713996,2.959975707333,False
DDO_52,Model,3.934435,55.782291,3.739999156735,54.953700849486,3.270013680711,False
DDO_52,Model,3.934435,55.782291,4.06999989236,56.360028187886996,3.7600053248550003,False
DDO_52,Model,3.934435,55.782291,4.40999802732,57.622102521762,4.1499793212360006,False
DDO_52,Model,3.934435,55.782291,4.7500000967150005,58.727986440837,4.339973804382,False
DDO_52,Model,3.934435,55.782291,5.0899982316750005,59.704511227083,4.690007680407,False
DDO_52,Model,3.934435,55.782291,5.430000301070001,60.572372110461004,5.069996646699,False
DDO_46,Data,1.964409,72.984924,0.150000306831,14.629973985648,5.320017080208,False
DDO_46,Data,1.964409,72.984924,0.30999945547200003,24.669999085860002,2.660008540104,False
DDO_46,Data,1.964409,72.984924,0.459999762303,35.460017265096006,2.7300010822200003,False
DDO_46,Data,1.964409,72.984924,0.620000875353,41.91998587326,4.5700240011840005,False
DDO_46,Data,1.964409,72.984924,0.769999217775,49.860015755220005,4.149995763564,False
DDO_46,Data,1.964409,72.984924,0.919999524606,53.30001417811201,3.739966460532,False
DDO_46,Data,1.964409,72.984924,1.080000637656,62.62996895272801,3.0900357123120004,False
DDO_46,Data,1.964409,72.984924,1.2300009444870001,67.100003608032,2.8299904281,False
DDO_46,Data,1.964409,72.984924,1.379999286909,69.88999829778001,3.1500293198400002,False
DDO_46,Data,1.964409,72.984924,1.540000399959,68.44000681267201,3.569984572536,False
DDO_46,Data,1.964409,72.984924,1.69000070679,71.95999671226801,3.3800048153640003,False
DDO_46,Data,1.964409,72.984924,1.849999855431,72.39002388447601,3.3300101424240003,False
DDO_46,Data,1.964409,72.984924,2.0000001622620003,73.17001376726401,3.860026660512,False
DDO_46,Data,1.964409,72.984924,2.150000469093,76.31997010218001,4.289980847796,False
DDO_46,Data,1.964409,72.984924,2.3099996177340003,74.17997914557601,4.090002156036,False
DDO_46,Data,1.964409,72.984924,2.4599999245650004,73.89001004252401,4.070004286860001,False
DDO_46,Data,1.964409,72.984924,2.610000231396,72.61999938000001,3.7199685913560003,False
DDO_46,Data,1.964409,72.984924,2.769999380037,70.77997646103601,3.810031987572,False
DDO_46,Data,1.964409,72.984924,2.9199996868680005,70.470009488808,4.550026132008001,False
DDO_46,Data,1.964409,72.984924,3.079998835509,61.28996574808801,5.089968599760001,False
DDO_46,Data,1.964409,72.984924,3.22999914234,55.310018985072,4.189991501916,False
DDO_46,Data,1.964409,72.984924,3.3799994491709997,48.320033858820004,2.9899733815080007,False
DDO_46,Data,1.964409,72.984924,3.540000562221,40.920019429536005,5.400008556912001,False
DDO_46,Model,1.470362,66.665848,0.150000449792,13.992228173327998,5.320001336248,False
DDO_46,Model,1.470362,66.665848,0.30999936118399996,27.122400266168,2.6599673351999997,False
DDO_46,Model,1.470362,66.665848,0.459999810976,37.05321164764,2.730033141448,False
DDO_46,Model,1.470362,66.665848,0.62000019273,45.28517722452799,4.570010546248,False
DDO_46,Model,1.470362,66.665848,0.770000642522,51.249170652455994,4.150015703848,False
DDO_46,Model,1.470362,66.665848,0.919999621952,55.945179651424,3.7400207386479996,False
DDO_46,Model,1.470362,66.665848,1.080000003706,59.922197479712,3.090028720648,False
DDO_46,Model,1.470362,66.665848,1.2300004534979998,62.932027185216,2.830031913448,False
DDO_46,Model,1.470362,66.665848,1.379999432928,65.417996657136,3.150027983848,False
DDO_46,Model,1.470362,66.665848,1.539999814682,67.62750285739999,3.570022826248,False
DDO_46,Model,1.470362,66.665848,1.690000264474,69.375881387048,3.380025159448,False
DDO_46,Model,1.470362,66.665848,1.8499991758659997,70.969528483488,3.330025773448,False
DDO_46,Model,1.470362,66.665848,1.999999625658,72.259379310592,3.860019265048,False
DDO_46,Model,1.470362,66.665848,2.15000007545,73.388365446472,4.2900139846480005,False
DDO_46,Model,1.470362,66.665848,2.309998986842,74.446819115168,4.090016440648,False
DDO_46,Model,1.470362,66.665848,2.459999436634,75.325008330872,4.070016686248,False
DDO_46,Model,1.470362,66.665848,2.609999886426,76.110465352008,3.720020984248,False
DDO_46,Model,1.470362,66.665848,2.77000026818,76.861589461424,3.8100198790479998,False
DDO_46,Model,1.470362,66.665848,2.91999924761,77.49631500023199,4.550010791848,False
DDO_47,Data,4.99,63.740002,0.22999908000000002,15.360001941958,4.480029780572,False
DDO_47,Data,4.99,63.740002,0.4499982,19.929968865352,3.9300173033139996,False
DDO_47,Data,4.99,63.740002,0.68000227,18.660013065504,2.5100175387579995,False
DDO_47,Data,4.99,63.740002,0.91000135,20.389980459786,1.8100248367939997,False
DDO_47,Data,4.99,63.740002,1.13000047,20.229993054766002,2.619969042208,False
DDO_47,Data,4.99,63.740002,1.35999955,20.6900046492,2.179971808402,False
DDO_47,Data,4.99,63.740002,1.5899986300000002,21.860016125911997,1.7200239539699997,False
DDO_47,Data,4.99,63.740002,1.8199977100000002,23.170000647016,1.949997881186,False
DDO_47,Data,4.99,63.740002,2.04000182,23.789999646469997,2.080027485266,False
DDO_47,Data,4.99,63.740002,2.2700009,24.499999528748,1.7900104761659998,False
DDO_47,Data,4.99,63.740002,2.4999999799999997,27.569972985075996,1.8700041786759998,False
DDO_47,Data,4.99,63.740002,2.7199991,30.969992171759998,1.80001765648,False
DDO_47,Data,4.99,63.740002,2.94999818,35.440014772017996,2.060013124638,False
DDO_47,Data,4.99,63.740002,3.1800022500000003,39.139994408114,1.8299754574199998,False
DDO_47,Data,4.99,63.740002,3.4000013700000005,44.079972043118,1.6799952327139998,False
DDO_47,Data,4.99,63.740002,3.63000045,48.500022481808,1.849989818048,False
DDO_47,Data,4.99,63.740002,3.85999953,53.200019009281995,2.179971808402,False
DDO_47,Data,4.99,63.740002,4.07999865,56.89999864537799,2.5599897003259997,False
DDO_47,Data,4.99,63.740002,4.310002720000001,58.54997233715,2.41000947562,False
DDO_47,Data,4.99,63.740002,4.5400018,60.120016066413996,2.1899789887159997,False
DDO_47,Data,4.99,63.740002,4.76000092,62.160014830424,2.050005944324,False
DDO_47,Data,4.99,63.740002,4.99,63.740002,2.1700283680899997,False
DDO_47,Data,4.99,63.740002,5.21999908,63.490013712156,2.260029250914,False
DDO_47,Data,4.99,63.740002,5.449998160000001,62.579997703602,2.310001412482,False
DDO_47,Data,4.99,63.740002,5.67000227,62.530025542034,2.220000529658,False
DDO_47,Data,4.99,63.740002,5.900001350000001,61.710010416303994,2.389995114992,False
DDO_47,Data,4.99,63.740002,6.13000043,61.470029308773995,2.340022953424,False
DDO_47,Data,4.99,63.740002,6.349999550000001,62.989973396466,2.129999646834,False
DDO_47,Data,4.99,63.740002,6.57999863,62.610019244544,2.0099772230679998,False
DDO_47,Data,4.99,63.740002,6.8100027,64.28000729694399,1.980019422128,False
DDO_47,Data,4.99,63.740002,7.03000182,64.599982106984,2.099978105892,False
DDO_47,Data,4.99,63.740002,7.2600009,62.04999958697199,2.03999876401,False
DDO_47,Data,4.99,63.740002,7.48999998,61.740031957245996,2.1999861690299998,False
DDO_47,Data,4.99,63.740002,7.709999100000001,64.69999017012199,2.109985286206,False
DDO_47,Model,4.99,63.740002,0.22999908000000002,3.553568851502,4.480029780572,False
DDO_47,Model,4.99,63.740002,0.4499982,6.9317889575019995,3.9300173033139996,False
DDO_47,Model,4.99,63.740002,0.68000227,10.420597966971998,2.5100175387579995,False
DDO_47,Model,4.99,63.740002,0.91000135,13.845730714443999,1.8100248367939997,False
DDO_47,Model,4.99,63.740002,1.13000047,17.045797514854,2.619969042208,False
DDO_47,Model,4.99,63.740002,1.35999955,20.297302496878,2.179971808402,False
DDO_47,Model,4.99,63.740002,1.5899986300000002,23.440513215504,1.7200239539699997,False
DDO_47,Model,4.99,63.740002,1.8199977100000002,26.466314850446,1.949997881186,False
DDO_47,Model,4.99,63.740002,2.04000182,29.244805277628,2.080027485266,False
DDO_47,Model,4.99,63.740002,2.2700009,32.025271644872,1.7900104761659998,False
DDO_47,Model,4.99,63.740002,2.4999999799999997,34.67711068808,1.8700041786759998,False
DDO_47,Model,4.99,63.740002,2.7199991,37.093812863909996,1.80001765648,False
DDO_47,Model,4.99,63.740002,2.94999818,39.49712963932,2.060013124638,False
DDO_47,Model,4.99,63.740002,3.1800022500000003,41.777619430875994,1.8299754574199998,False
DDO_47,Model,4.99,63.740002,3.4000013700000005,43.847894695836,1.6799952327139998,False
DDO_47,Model,4.99,63.740002,3.63000045,45.90089642025399,1.849989818048,False
DDO_47,Model,4.99,63.740002,3.85999953,47.845093961257994,2.179971808402,False
DDO_47,Model,4.99,63.740002,4.07999865,49.608078676576,2.5599897003259997,False
DDO_47,Model,4.99,63.740002,4.310002720000001,51.355510831405994,2.41000947562,False
DDO_47,Model,4.99,63.740002,4.5400018,53.010328763329994,2.1899789887159997,False
DDO_47,Model,4.99,63.740002,4.76000092,54.51172451044,2.050005944324,False
DDO_47,Model,4.99,63.740002,4.99,56.001009657169995,2.1700283680899997,False
DDO_47,Model,4.99,63.740002,5.21999908,57.413296881484,2.260029250914,False
DDO_47,Model,4.99,63.740002,5.449998160000001,58.753302943529995,2.310001412482,False
DDO_47,Model,4.99,63.740002,5.67000227,59.97150186175399,2.220000529658,False
DDO_47,Model,4.99,63.740002,5.900001350000001,61.182816859762,2.389995114992,False
DDO_47,Model,4.99,63.740002,6.13000043,62.334407475896,2.340022953424,False
DDO_47,Model,4.99,63.740002,6.349999550000001,63.383567908816,2.129999646834,False
DDO_47,Model,4.99,63.740002,6.57999863,64.42903142162,2.0099772230679998,False
DDO_47,Model,4.99,63.740002,6.8100027,65.425223912878,1.980019422128,False
DDO_47,Model,4.99,63.740002,7.03000182,66.334793741418,2.099978105892,False
DDO_47,Model,4.99,63.740002,7.2600009,67.243216249922,2.03999876401,False
DDO_47,Model,4.99,63.740002,7.48999998,68.11071767714199,2.1999861690299998,False
DDO_47,Model,4.99,63.740002,7.709999100000001,68.90453566205,2.109985286206,False
NGC_3738,Data,1.183773,116.466866,0.080000563113,22.080021390012,3.13004702375,False
NGC_3738,Data,1.183773,116.466866,0.229999991262,43.560005486392,3.30998833172,False
NGC_3738,Data,1.183773,116.466866,0.37999941941099996,60.820045626994,3.4200495200899996,False
NGC_3738,Data,1.183773,116.466866,0.530000031333,81.09995513611,3.94997376039,False
NGC_3738,Data,1.183773,116.466866,0.679999459482,101.480026149986,4.260008557681999,False
NGC_3738,Data,1.183773,116.466866,0.839999401935,102.239972450636,5.270009219634,False
NGC_3738,Data,1.183773,116.466866,0.990000013857,104.11998060160799,4.8999939863519995,False
NGC_3738,Data,1.183773,116.466866,1.139999442006,112.179953596272,5.319973505148,False
NGC_3738,Data,1.183773,116.466866,1.290000053928,126.870035871718,5.4200185430420005,False
NGC_3738,Data,1.183773,116.466866,1.439999482077,132.739965918118,6.440035355469999,False
NGC_3738,Data,1.183773,116.466866,1.59999942453,128.69996327031,5.010055174722,False
NGC_3738,Data,1.183773,116.466866,1.7500000364519999,125.57003271342599,5.060019460236,False
NGC_3738,Model,1.228868,118.875824,0.08000053566800001,16.072962411391998,3.13000044592,False
NGC_3738,Model,1.228868,118.875824,0.22999985035200002,43.529711480672,3.309978443456,False
NGC_3738,Model,1.228868,118.875824,0.38000039390400003,65.374095147264,3.42005745648,False
NGC_3738,Model,1.228868,118.875824,0.529999708588,81.75149854392,3.9500058798719997,False
NGC_3738,Model,1.228868,118.875824,0.68000025214,93.939123523696,4.260034028864,False
NGC_3738,Model,1.228868,118.875824,0.8400000946080001,103.680997300496,5.2700030295680005,False
NGC_3738,Model,1.228868,118.875824,0.989999409292,110.681951203328,4.899942589456,False
NGC_3738,Model,1.228868,118.875824,1.1399999528440001,116.223942118208,5.320049751472,False
NGC_3738,Model,1.228868,118.875824,1.289999267528,120.69997351928,5.420024319456,False
NGC_3738,Model,1.228868,118.875824,1.43999981108,124.38203329185599,6.4399788893759995,False
NGC_3738,Model,1.228868,118.875824,1.5999996535480001,127.646957798016,5.01002160248,False
NGC_3738,Model,1.228868,118.875824,1.7500001971,130.225968799696,5.059949448559999,False
