split,dominant_intake_family,n_galaxies,beats_old_l2_proxy_fraction,beats_tpg_v6_fraction,beats_mond_fraction,median_intake_minus_old_l2_proxy,median_intake_minus_tpg_v6,median_intake_minus_mond
holdout,K_compact_finite,4,0.25,0.0,0.5,4.257252472046256,3.627947894072347,2.662210111773998
holdout,K_exponential_disk,15,0.4,0.4666666666666667,0.5333333333333333,2.2749778878826916,0.9105399065789905,-0.6133493179067209
holdout,K_scale_tail_spiral,16,0.375,0.5625,0.3125,0.8672452221881022,-0.1093086983974878,1.3542119618877067
holdout,K_thick_flared,9,0.5555555555555556,0.5555555555555556,0.4444444444444444,-2.963971292806608,-0.14269800070575478,0.09652354244086947
train,K_compact_finite,19,0.42105263157894735,0.42105263157894735,0.3157894736842105,1.4615135146284306,1.7500798473788954,1.8693212618570563
train,K_exponential_disk,28,0.5714285714285714,0.4642857142857143,0.5,-0.1869522200011824,0.33334986090584184,-0.006534762455026932
train,K_scale_tail_spiral,60,0.5333333333333333,0.43333333333333335,0.55,-0.10326639190407327,0.09948264169590715,-0.8087918929756492
train,K_thick_flared,24,0.5833333333333334,0.5,0.5416666666666666,-2.3173098191706014,-0.10199231055746494,-0.11008960111753874
