panel_x,panel_y,source_x,source_y,palette_class,robust_side_class,endpoint_access
89,18,626,560,purple,robust_approaching,False
90,18,627,560,purple,robust_approaching,False
91,18,628,560,purple,robust_approaching,False
92,18,629,560,purple,robust_approaching,False
93,18,630,560,purple,robust_approaching,False
94,18,631,560,purple,robust_approaching,False
95,18,632,560,purple,robust_approaching,False
96,18,633,560,purple,robust_approaching,False
97,18,634,560,purple,robust_approaching,False
98,18,635,560,purple,robust_approaching,False
89,19,626,561,purple,robust_approaching,False
90,19,627,561,purple,robust_approaching,False
91,19,628,561,purple,robust_approaching,False
92,19,629,561,purple,robust_approaching,False
93,19,630,561,purple,robust_approaching,False
94,19,631,561,purple,robust_approaching,False
95,19,632,561,purple,robust_approaching,False
96,19,633,561,purple,robust_approaching,False
97,19,634,561,purple,robust_approaching,False
98,19,635,561,purple,robust_approaching,False
86,20,623,562,purple,robust_approaching,False
87,20,624,562,purple,robust_approaching,False
88,20,625,562,purple,robust_approaching,False
89,20,626,562,purple,robust_approaching,False
90,20,627,562,purple,robust_approaching,False
91,20,628,562,purple,robust_approaching,False
92,20,629,562,purple,robust_approaching,False
93,20,630,562,purple,robust_approaching,False
94,20,631,562,purple,robust_approaching,False
95,20,632,562,purple,robust_approaching,False
96,20,633,562,purple,robust_approaching,False
97,20,634,562,purple,robust_approaching,False
98,20,635,562,purple,robust_approaching,False
86,21,623,563,purple,robust_approaching,False
87,21,624,563,purple,robust_approaching,False
88,21,625,563,purple,robust_approaching,False
89,21,626,563,purple,robust_approaching,False
90,21,627,563,purple,robust_approaching,False
91,21,628,563,purple,robust_approaching,False
92,21,629,563,purple,robust_approaching,False
93,21,630,563,purple,robust_approaching,False
94,21,631,563,purple,robust_approaching,False
95,21,632,563,purple,robust_approaching,False
96,21,633,563,purple,robust_approaching,False
97,21,634,563,purple,robust_approaching,False
98,21,635,563,purple,robust_approaching,False
86,22,623,564,purple,robust_approaching,False
87,22,624,564,purple,robust_approaching,False
88,22,625,564,purple,robust_approaching,False
89,22,626,564,purple,robust_approaching,False
90,22,627,564,purple,robust_approaching,False
91,22,628,564,purple,robust_approaching,False
92,22,629,564,purple,robust_approaching,False
93,22,630,564,purple,robust_approaching,False
94,22,631,564,purple,robust_approaching,False
95,22,632,564,purple,robust_approaching,False
96,22,633,564,purple,robust_approaching,False
97,22,634,564,purple,robust_approaching,False
98,22,635,564,purple,robust_approaching,False
89,23,626,565,purple,robust_approaching,False
90,23,627,565,purple,robust_approaching,False
91,23,628,565,purple,robust_approaching,False
92,23,629,565,purple,robust_approaching,False
93,23,630,565,purple,robust_approaching,False
94,23,631,565,purple,robust_approaching,False
95,23,632,565,purple,robust_approaching,False
96,23,633,565,purple,robust_approaching,False
97,23,634,565,purple,robust_approaching,False
98,23,635,565,purple,robust_approaching,False
89,24,626,566,purple,robust_approaching,False
90,24,627,566,purple,robust_approaching,False
91,24,628,566,purple,robust_approaching,False
92,24,629,566,purple,robust_approaching,False
93,24,630,566,purple,robust_approaching,False
94,24,631,566,purple,robust_approaching,False
95,24,632,566,purple,robust_approaching,False
96,24,633,566,purple,robust_approaching,False
97,24,634,566,purple,robust_approaching,False
98,24,635,566,purple,robust_approaching,False
89,25,626,567,purple,robust_approaching,False
90,25,627,567,purple,robust_approaching,False
91,25,628,567,purple,robust_approaching,False
92,25,629,567,purple,robust_approaching,False
93,25,630,567,purple,robust_approaching,False
94,25,631,567,purple,robust_approaching,False
95,25,632,567,purple,robust_approaching,False
96,25,633,567,purple,robust_approaching,False
97,25,634,567,purple,robust_approaching,False
98,25,635,567,purple,robust_approaching,False
89,26,626,568,purple,robust_approaching,False
90,26,627,568,purple,robust_approaching,False
91,26,628,568,purple,robust_approaching,False
92,26,629,568,purple,robust_approaching,False
93,26,630,568,purple,robust_approaching,False
94,26,631,568,purple,robust_approaching,False
95,26,632,568,purple,robust_approaching,False
96,26,633,568,purple,robust_approaching,False
97,26,634,568,purple,robust_approaching,False
98,26,635,568,purple,robust_approaching,False
100,26,637,568,blue,robust_approaching,False
101,26,638,568,blue,robust_approaching,False
89,27,626,569,purple,robust_approaching,False
90,27,627,569,purple,robust_approaching,False
91,27,628,569,purple,robust_approaching,False
92,27,629,569,purple,robust_approaching,False
93,27,630,569,purple,robust_approaching,False
94,27,631,569,purple,robust_approaching,False
95,27,632,569,purple,robust_approaching,False
96,27,633,569,purple,robust_approaching,False
97,27,634,569,purple,robust_approaching,False
98,27,635,569,purple,robust_approaching,False
100,27,637,569,blue,robust_approaching,False
101,27,638,569,blue,robust_approaching,False
89,28,626,570,purple,robust_approaching,False
90,28,627,570,purple,robust_approaching,False
91,28,628,570,purple,robust_approaching,False
92,28,629,570,purple,robust_approaching,False
93,28,630,570,purple,robust_approaching,False
94,28,631,570,purple,robust_approaching,False
95,28,632,570,purple,robust_approaching,False
96,28,633,570,purple,robust_approaching,False
100,28,637,570,blue,robust_approaching,False
101,28,638,570,blue,robust_approaching,False
89,29,626,571,purple,robust_approaching,False
90,29,627,571,purple,robust_approaching,False
91,29,628,571,purple,robust_approaching,False
92,29,629,571,purple,robust_approaching,False
93,29,630,571,purple,robust_approaching,False
94,29,631,571,purple,robust_approaching,False
95,29,632,571,purple,robust_approaching,False
96,29,633,571,purple,robust_approaching,False
97,29,634,571,blue,robust_approaching,False
98,29,635,571,blue,robust_approaching,False
99,29,636,571,blue,robust_approaching,False
100,29,637,571,blue,robust_approaching,False
101,29,638,571,blue,robust_approaching,False
102,29,639,571,blue,robust_approaching,False
103,29,640,571,blue,robust_approaching,False
104,29,641,571,blue,robust_approaching,False
89,30,626,572,purple,robust_approaching,False
90,30,627,572,purple,robust_approaching,False
91,30,628,572,purple,robust_approaching,False
92,30,629,572,purple,robust_approaching,False
93,30,630,572,purple,robust_approaching,False
94,30,631,572,purple,robust_approaching,False
95,30,632,572,purple,robust_approaching,False
96,30,633,572,purple,robust_approaching,False
97,30,634,572,blue,robust_approaching,False
98,30,635,572,blue,robust_approaching,False
99,30,636,572,blue,robust_approaching,False
100,30,637,572,blue,robust_approaching,False
101,30,638,572,blue,robust_approaching,False
102,30,639,572,blue,robust_approaching,False
103,30,640,572,blue,robust_approaching,False
104,30,641,572,blue,robust_approaching,False
89,31,626,573,purple,robust_approaching,False
90,31,627,573,purple,robust_approaching,False
91,31,628,573,purple,robust_approaching,False
92,31,629,573,purple,robust_approaching,False
93,31,630,573,purple,robust_approaching,False
94,31,631,573,purple,robust_approaching,False
95,31,632,573,purple,robust_approaching,False
96,31,633,573,purple,robust_approaching,False
97,31,634,573,blue,robust_approaching,False
98,31,635,573,blue,robust_approaching,False
99,31,636,573,blue,robust_approaching,False
100,31,637,573,blue,robust_approaching,False
101,31,638,573,blue,robust_approaching,False
102,31,639,573,blue,robust_approaching,False
103,31,640,573,blue,robust_approaching,False
104,31,641,573,blue,robust_approaching,False
89,32,626,574,purple,robust_approaching,False
90,32,627,574,purple,robust_approaching,False
91,32,628,574,purple,robust_approaching,False
92,32,629,574,purple,robust_approaching,False
93,32,630,574,purple,robust_approaching,False
94,32,631,574,purple,robust_approaching,False
95,32,632,574,purple,robust_approaching,False
96,32,633,574,purple,robust_approaching,False
97,32,634,574,blue,robust_approaching,False
98,32,635,574,blue,robust_approaching,False
99,32,636,574,blue,robust_approaching,False
100,32,637,574,blue,robust_approaching,False
101,32,638,574,blue,robust_approaching,False
102,32,639,574,blue,robust_approaching,False
103,32,640,574,blue,robust_approaching,False
104,32,641,574,blue,robust_approaching,False
89,33,626,575,purple,robust_approaching,False
90,33,627,575,purple,robust_approaching,False
91,33,628,575,purple,robust_approaching,False
92,33,629,575,purple,robust_approaching,False
93,33,630,575,purple,robust_approaching,False
94,33,631,575,purple,robust_approaching,False
95,33,632,575,purple,robust_approaching,False
96,33,633,575,purple,robust_approaching,False
97,33,634,575,blue,robust_approaching,False
98,33,635,575,blue,robust_approaching,False
99,33,636,575,blue,robust_approaching,False
100,33,637,575,blue,robust_approaching,False
101,33,638,575,blue,robust_approaching,False
102,33,639,575,blue,robust_approaching,False
103,33,640,575,blue,robust_approaching,False
104,33,641,575,blue,robust_approaching,False
89,34,626,576,purple,robust_approaching,False
90,34,627,576,purple,robust_approaching,False
91,34,628,576,purple,robust_approaching,False
92,34,629,576,purple,robust_approaching,False
93,34,630,576,purple,robust_approaching,False
94,34,631,576,purple,robust_approaching,False
95,34,632,576,purple,robust_approaching,False
96,34,633,576,purple,robust_approaching,False
100,34,637,576,blue,robust_approaching,False
101,34,638,576,blue,robust_approaching,False
102,34,639,576,blue,robust_approaching,False
103,34,640,576,blue,robust_approaching,False
104,34,641,576,blue,robust_approaching,False
86,35,623,577,purple,robust_approaching,False
87,35,624,577,purple,robust_approaching,False
88,35,625,577,purple,robust_approaching,False
89,35,626,577,purple,robust_approaching,False
90,35,627,577,purple,robust_approaching,False
91,35,628,577,purple,robust_approaching,False
92,35,629,577,purple,robust_approaching,False
93,35,630,577,purple,robust_approaching,False
94,35,631,577,purple,robust_approaching,False
95,35,632,577,purple,robust_approaching,False
96,35,633,577,purple,robust_approaching,False
97,35,634,577,purple,robust_approaching,False
98,35,635,577,purple,robust_approaching,False
100,35,637,577,blue,robust_approaching,False
101,35,638,577,blue,robust_approaching,False
102,35,639,577,blue,robust_approaching,False
103,35,640,577,blue,robust_approaching,False
104,35,641,577,blue,robust_approaching,False
86,36,623,578,purple,robust_approaching,False
87,36,624,578,purple,robust_approaching,False
88,36,625,578,purple,robust_approaching,False
89,36,626,578,purple,robust_approaching,False
90,36,627,578,purple,robust_approaching,False
91,36,628,578,purple,robust_approaching,False
92,36,629,578,purple,robust_approaching,False
93,36,630,578,purple,robust_approaching,False
94,36,631,578,purple,robust_approaching,False
95,36,632,578,purple,robust_approaching,False
96,36,633,578,purple,robust_approaching,False
97,36,634,578,purple,robust_approaching,False
98,36,635,578,purple,robust_approaching,False
100,36,637,578,blue,robust_approaching,False
101,36,638,578,blue,robust_approaching,False
102,36,639,578,blue,robust_approaching,False
103,36,640,578,blue,robust_approaching,False
104,36,641,578,blue,robust_approaching,False
88,37,625,579,purple,robust_approaching,False
89,37,626,579,purple,robust_approaching,False
90,37,627,579,purple,robust_approaching,False
91,37,628,579,purple,robust_approaching,False
92,37,629,579,purple,robust_approaching,False
93,37,630,579,purple,robust_approaching,False
94,37,631,579,purple,robust_approaching,False
95,37,632,579,purple,robust_approaching,False
96,37,633,579,purple,robust_approaching,False
97,37,634,579,purple,robust_approaching,False
98,37,635,579,purple,robust_approaching,False
100,37,637,579,blue,robust_approaching,False
101,37,638,579,blue,robust_approaching,False
102,37,639,579,blue,robust_approaching,False
103,37,640,579,blue,robust_approaching,False
104,37,641,579,blue,robust_approaching,False
80,38,617,580,blue,robust_approaching,False
81,38,618,580,blue,robust_approaching,False
82,38,619,580,blue,robust_approaching,False
83,38,620,580,blue,robust_approaching,False
84,38,621,580,blue,robust_approaching,False
85,38,622,580,blue,robust_approaching,False
86,38,623,580,blue,robust_approaching,False
87,38,624,580,blue,robust_approaching,False
89,38,626,580,purple,robust_approaching,False
90,38,627,580,purple,robust_approaching,False
91,38,628,580,purple,robust_approaching,False
92,38,629,580,purple,robust_approaching,False
93,38,630,580,purple,robust_approaching,False
94,38,631,580,purple,robust_approaching,False
95,38,632,580,purple,robust_approaching,False
96,38,633,580,purple,robust_approaching,False
97,38,634,580,purple,robust_approaching,False
98,38,635,580,purple,robust_approaching,False
100,38,637,580,blue,robust_approaching,False
101,38,638,580,blue,robust_approaching,False
102,38,639,580,blue,robust_approaching,False
103,38,640,580,blue,robust_approaching,False
104,38,641,580,blue,robust_approaching,False
80,39,617,581,blue,robust_approaching,False
81,39,618,581,blue,robust_approaching,False
82,39,619,581,blue,robust_approaching,False
83,39,620,581,blue,robust_approaching,False
84,39,621,581,blue,robust_approaching,False
85,39,622,581,blue,robust_approaching,False
86,39,623,581,blue,robust_approaching,False
87,39,624,581,blue,robust_approaching,False
89,39,626,581,purple,robust_approaching,False
90,39,627,581,purple,robust_approaching,False
91,39,628,581,purple,robust_approaching,False
92,39,629,581,purple,robust_approaching,False
93,39,630,581,purple,robust_approaching,False
94,39,631,581,purple,robust_approaching,False
95,39,632,581,purple,robust_approaching,False
96,39,633,581,purple,robust_approaching,False
97,39,634,581,purple,robust_approaching,False
98,39,635,581,purple,robust_approaching,False
100,39,637,581,blue,robust_approaching,False
101,39,638,581,blue,robust_approaching,False
102,39,639,581,blue,robust_approaching,False
103,39,640,581,blue,robust_approaching,False
104,39,641,581,blue,robust_approaching,False
80,40,617,582,blue,robust_approaching,False
81,40,618,582,blue,robust_approaching,False
82,40,619,582,blue,robust_approaching,False
83,40,620,582,blue,robust_approaching,False
84,40,621,582,blue,robust_approaching,False
85,40,622,582,blue,robust_approaching,False
86,40,623,582,blue,robust_approaching,False
87,40,624,582,blue,robust_approaching,False
89,40,626,582,purple,robust_approaching,False
90,40,627,582,purple,robust_approaching,False
91,40,628,582,purple,robust_approaching,False
92,40,629,582,purple,robust_approaching,False
93,40,630,582,purple,robust_approaching,False
94,40,631,582,purple,robust_approaching,False
95,40,632,582,purple,robust_approaching,False
96,40,633,582,purple,robust_approaching,False
97,40,634,582,purple,robust_approaching,False
98,40,635,582,purple,robust_approaching,False
99,40,636,582,purple,robust_approaching,False
74,41,611,583,blue,robust_approaching,False
75,41,612,583,blue,robust_approaching,False
76,41,613,583,blue,robust_approaching,False
77,41,614,583,blue,robust_approaching,False
78,41,615,583,blue,robust_approaching,False
79,41,616,583,blue,robust_approaching,False
80,41,617,583,blue,robust_approaching,False
81,41,618,583,blue,robust_approaching,False
82,41,619,583,blue,robust_approaching,False
83,41,620,583,blue,robust_approaching,False
84,41,621,583,blue,robust_approaching,False
85,41,622,583,blue,robust_approaching,False
86,41,623,583,blue,robust_approaching,False
87,41,624,583,blue,robust_approaching,False
89,41,626,583,purple,robust_approaching,False
90,41,627,583,purple,robust_approaching,False
91,41,628,583,purple,robust_approaching,False
92,41,629,583,purple,robust_approaching,False
93,41,630,583,purple,robust_approaching,False
94,41,631,583,purple,robust_approaching,False
95,41,632,583,purple,robust_approaching,False
96,41,633,583,purple,robust_approaching,False
97,41,634,583,purple,robust_approaching,False
98,41,635,583,purple,robust_approaching,False
99,41,636,583,purple,robust_approaching,False
100,41,637,583,purple,robust_approaching,False
101,41,638,583,purple,robust_approaching,False
102,41,639,583,purple,robust_approaching,False
103,41,640,583,purple,robust_approaching,False
104,41,641,583,purple,robust_approaching,False
106,41,643,583,blue,robust_approaching,False
107,41,644,583,blue,robust_approaching,False
74,42,611,584,blue,robust_approaching,False
75,42,612,584,blue,robust_approaching,False
76,42,613,584,blue,robust_approaching,False
77,42,614,584,blue,robust_approaching,False
78,42,615,584,blue,robust_approaching,False
79,42,616,584,blue,robust_approaching,False
80,42,617,584,blue,robust_approaching,False
81,42,618,584,blue,robust_approaching,False
82,42,619,584,blue,robust_approaching,False
83,42,620,584,blue,robust_approaching,False
84,42,621,584,blue,robust_approaching,False
85,42,622,584,blue,robust_approaching,False
86,42,623,584,blue,robust_approaching,False
87,42,624,584,blue,robust_approaching,False
89,42,626,584,purple,robust_approaching,False
90,42,627,584,purple,robust_approaching,False
91,42,628,584,purple,robust_approaching,False
92,42,629,584,purple,robust_approaching,False
93,42,630,584,purple,robust_approaching,False
94,42,631,584,purple,robust_approaching,False
95,42,632,584,purple,robust_approaching,False
96,42,633,584,purple,robust_approaching,False
97,42,634,584,purple,robust_approaching,False
98,42,635,584,purple,robust_approaching,False
99,42,636,584,purple,robust_approaching,False
100,42,637,584,purple,robust_approaching,False
101,42,638,584,purple,robust_approaching,False
102,42,639,584,purple,robust_approaching,False
103,42,640,584,purple,robust_approaching,False
104,42,641,584,purple,robust_approaching,False
106,42,643,584,blue,robust_approaching,False
107,42,644,584,blue,robust_approaching,False
74,43,611,585,blue,robust_approaching,False
75,43,612,585,blue,robust_approaching,False
76,43,613,585,blue,robust_approaching,False
77,43,614,585,blue,robust_approaching,False
78,43,615,585,blue,robust_approaching,False
79,43,616,585,blue,robust_approaching,False
80,43,617,585,blue,robust_approaching,False
81,43,618,585,blue,robust_approaching,False
82,43,619,585,blue,robust_approaching,False
83,43,620,585,blue,robust_approaching,False
84,43,621,585,blue,robust_approaching,False
85,43,622,585,blue,robust_approaching,False
86,43,623,585,blue,robust_approaching,False
87,43,624,585,blue,robust_approaching,False
91,43,628,585,purple,robust_approaching,False
92,43,629,585,purple,robust_approaching,False
93,43,630,585,purple,robust_approaching,False
97,43,634,585,purple,robust_approaching,False
98,43,635,585,purple,robust_approaching,False
99,43,636,585,purple,robust_approaching,False
100,43,637,585,purple,robust_approaching,False
101,43,638,585,purple,robust_approaching,False
102,43,639,585,purple,robust_approaching,False
103,43,640,585,purple,robust_approaching,False
104,43,641,585,purple,robust_approaching,False
106,43,643,585,blue,robust_approaching,False
107,43,644,585,blue,robust_approaching,False
74,44,611,586,blue,robust_approaching,False
75,44,612,586,blue,robust_approaching,False
76,44,613,586,blue,robust_approaching,False
77,44,614,586,blue,robust_approaching,False
78,44,615,586,blue,robust_approaching,False
79,44,616,586,blue,robust_approaching,False
80,44,617,586,blue,robust_approaching,False
81,44,618,586,blue,robust_approaching,False
82,44,619,586,blue,robust_approaching,False
83,44,620,586,blue,robust_approaching,False
84,44,621,586,blue,robust_approaching,False
85,44,622,586,blue,robust_approaching,False
86,44,623,586,blue,robust_approaching,False
87,44,624,586,blue,robust_approaching,False
88,44,625,586,blue,robust_approaching,False
89,44,626,586,blue,robust_approaching,False
90,44,627,586,blue,robust_approaching,False
91,44,628,586,purple,robust_approaching,False
92,44,629,586,purple,robust_approaching,False
94,44,631,586,blue,robust_approaching,False
95,44,632,586,blue,robust_approaching,False
96,44,633,586,blue,robust_approaching,False
97,44,634,586,purple,robust_approaching,False
98,44,635,586,purple,robust_approaching,False
99,44,636,586,purple,robust_approaching,False
100,44,637,586,purple,robust_approaching,False
101,44,638,586,purple,robust_approaching,False
102,44,639,586,purple,robust_approaching,False
103,44,640,586,purple,robust_approaching,False
104,44,641,586,purple,robust_approaching,False
106,44,643,586,blue,robust_approaching,False
107,44,644,586,blue,robust_approaching,False
108,44,645,586,blue,robust_approaching,False
109,44,646,586,blue,robust_approaching,False
110,44,647,586,blue,robust_approaching,False
74,45,611,587,blue,robust_approaching,False
75,45,612,587,blue,robust_approaching,False
76,45,613,587,blue,robust_approaching,False
77,45,614,587,blue,robust_approaching,False
78,45,615,587,blue,robust_approaching,False
79,45,616,587,blue,robust_approaching,False
80,45,617,587,blue,robust_approaching,False
81,45,618,587,blue,robust_approaching,False
82,45,619,587,blue,robust_approaching,False
83,45,620,587,blue,robust_approaching,False
84,45,621,587,blue,robust_approaching,False
85,45,622,587,blue,robust_approaching,False
86,45,623,587,blue,robust_approaching,False
87,45,624,587,blue,robust_approaching,False
88,45,625,587,blue,robust_approaching,False
89,45,626,587,blue,robust_approaching,False
90,45,627,587,blue,robust_approaching,False
91,45,628,587,purple,robust_approaching,False
92,45,629,587,purple,robust_approaching,False
94,45,631,587,blue,robust_approaching,False
95,45,632,587,blue,robust_approaching,False
96,45,633,587,blue,robust_approaching,False
97,45,634,587,purple,robust_approaching,False
98,45,635,587,purple,robust_approaching,False
99,45,636,587,purple,robust_approaching,False
100,45,637,587,purple,robust_approaching,False
101,45,638,587,purple,robust_approaching,False
102,45,639,587,purple,robust_approaching,False
103,45,640,587,purple,robust_approaching,False
104,45,641,587,purple,robust_approaching,False
106,45,643,587,blue,robust_approaching,False
107,45,644,587,blue,robust_approaching,False
108,45,645,587,blue,robust_approaching,False
109,45,646,587,blue,robust_approaching,False
110,45,647,587,blue,robust_approaching,False
77,46,614,588,blue,robust_approaching,False
78,46,615,588,blue,robust_approaching,False
79,46,616,588,blue,robust_approaching,False
80,46,617,588,blue,robust_approaching,False
81,46,618,588,blue,robust_approaching,False
82,46,619,588,blue,robust_approaching,False
83,46,620,588,blue,robust_approaching,False
84,46,621,588,blue,robust_approaching,False
85,46,622,588,blue,robust_approaching,False
86,46,623,588,blue,robust_approaching,False
87,46,624,588,blue,robust_approaching,False
88,46,625,588,blue,robust_approaching,False
89,46,626,588,blue,robust_approaching,False
90,46,627,588,blue,robust_approaching,False
94,46,631,588,blue,robust_approaching,False
95,46,632,588,blue,robust_approaching,False
96,46,633,588,blue,robust_approaching,False
103,46,640,588,purple,robust_approaching,False
104,46,641,588,purple,robust_approaching,False
106,46,643,588,blue,robust_approaching,False
107,46,644,588,blue,robust_approaching,False
108,46,645,588,blue,robust_approaching,False
109,46,646,588,blue,robust_approaching,False
110,46,647,588,blue,robust_approaching,False
77,47,614,589,blue,robust_approaching,False
78,47,615,589,blue,robust_approaching,False
79,47,616,589,blue,robust_approaching,False
80,47,617,589,blue,robust_approaching,False
81,47,618,589,blue,robust_approaching,False
82,47,619,589,blue,robust_approaching,False
83,47,620,589,blue,robust_approaching,False
84,47,621,589,blue,robust_approaching,False
85,47,622,589,blue,robust_approaching,False
86,47,623,589,blue,robust_approaching,False
87,47,624,589,blue,robust_approaching,False
88,47,625,589,blue,robust_approaching,False
89,47,626,589,blue,robust_approaching,False
90,47,627,589,blue,robust_approaching,False
91,47,628,589,blue,robust_approaching,False
92,47,629,589,blue,robust_approaching,False
93,47,630,589,blue,robust_approaching,False
94,47,631,589,blue,robust_approaching,False
95,47,632,589,blue,robust_approaching,False
96,47,633,589,blue,robust_approaching,False
97,47,634,589,blue,robust_approaching,False
98,47,635,589,blue,robust_approaching,False
99,47,636,589,blue,robust_approaching,False
100,47,637,589,blue,robust_approaching,False
101,47,638,589,blue,robust_approaching,False
103,47,640,589,purple,robust_approaching,False
104,47,641,589,purple,robust_approaching,False
106,47,643,589,blue,robust_approaching,False
107,47,644,589,blue,robust_approaching,False
108,47,645,589,blue,robust_approaching,False
109,47,646,589,blue,robust_approaching,False
110,47,647,589,blue,robust_approaching,False
77,48,614,590,blue,robust_approaching,False
78,48,615,590,blue,robust_approaching,False
79,48,616,590,blue,robust_approaching,False
80,48,617,590,blue,robust_approaching,False
81,48,618,590,blue,robust_approaching,False
82,48,619,590,blue,robust_approaching,False
83,48,620,590,blue,robust_approaching,False
84,48,621,590,blue,robust_approaching,False
85,48,622,590,blue,robust_approaching,False
86,48,623,590,blue,robust_approaching,False
87,48,624,590,blue,robust_approaching,False
88,48,625,590,blue,robust_approaching,False
89,48,626,590,blue,robust_approaching,False
90,48,627,590,blue,robust_approaching,False
91,48,628,590,blue,robust_approaching,False
92,48,629,590,blue,robust_approaching,False
93,48,630,590,blue,robust_approaching,False
94,48,631,590,blue,robust_approaching,False
95,48,632,590,blue,robust_approaching,False
96,48,633,590,blue,robust_approaching,False
97,48,634,590,blue,robust_approaching,False
98,48,635,590,blue,robust_approaching,False
99,48,636,590,blue,robust_approaching,False
100,48,637,590,blue,robust_approaching,False
101,48,638,590,blue,robust_approaching,False
103,48,640,590,purple,robust_approaching,False
104,48,641,590,purple,robust_approaching,False
106,48,643,590,blue,robust_approaching,False
107,48,644,590,blue,robust_approaching,False
108,48,645,590,blue,robust_approaching,False
109,48,646,590,blue,robust_approaching,False
110,48,647,590,blue,robust_approaching,False
68,49,605,591,blue,robust_approaching,False
69,49,606,591,blue,robust_approaching,False
71,49,608,591,light_blue,robust_approaching,False
72,49,609,591,light_blue,robust_approaching,False
73,49,610,591,light_blue,robust_approaching,False
74,49,611,591,light_blue,robust_approaching,False
75,49,612,591,light_blue,robust_approaching,False
77,49,614,591,blue,robust_approaching,False
78,49,615,591,blue,robust_approaching,False
79,49,616,591,blue,robust_approaching,False
80,49,617,591,blue,robust_approaching,False
81,49,618,591,blue,robust_approaching,False
82,49,619,591,blue,robust_approaching,False
83,49,620,591,blue,robust_approaching,False
84,49,621,591,blue,robust_approaching,False
86,49,623,591,purple,robust_approaching,False
87,49,624,591,purple,robust_approaching,False
89,49,626,591,blue,robust_approaching,False
90,49,627,591,blue,robust_approaching,False
91,49,628,591,blue,robust_approaching,False
92,49,629,591,blue,robust_approaching,False
93,49,630,591,blue,robust_approaching,False
94,49,631,591,blue,robust_approaching,False
95,49,632,591,blue,robust_approaching,False
96,49,633,591,blue,robust_approaching,False
97,49,634,591,blue,robust_approaching,False
98,49,635,591,blue,robust_approaching,False
99,49,636,591,blue,robust_approaching,False
100,49,637,591,blue,robust_approaching,False
101,49,638,591,blue,robust_approaching,False
102,49,639,591,blue,robust_approaching,False
103,49,640,591,blue,robust_approaching,False
104,49,641,591,blue,robust_approaching,False
105,49,642,591,blue,robust_approaching,False
106,49,643,591,blue,robust_approaching,False
107,49,644,591,blue,robust_approaching,False
108,49,645,591,blue,robust_approaching,False
109,49,646,591,blue,robust_approaching,False
110,49,647,591,blue,robust_approaching,False
111,49,648,591,blue,robust_approaching,False
112,49,649,591,blue,robust_approaching,False
113,49,650,591,blue,robust_approaching,False
68,50,605,592,blue,robust_approaching,False
69,50,606,592,blue,robust_approaching,False
71,50,608,592,light_blue,robust_approaching,False
72,50,609,592,light_blue,robust_approaching,False
73,50,610,592,light_blue,robust_approaching,False
74,50,611,592,light_blue,robust_approaching,False
75,50,612,592,light_blue,robust_approaching,False
77,50,614,592,blue,robust_approaching,False
78,50,615,592,blue,robust_approaching,False
79,50,616,592,blue,robust_approaching,False
80,50,617,592,blue,robust_approaching,False
81,50,618,592,blue,robust_approaching,False
82,50,619,592,blue,robust_approaching,False
83,50,620,592,blue,robust_approaching,False
84,50,621,592,blue,robust_approaching,False
86,50,623,592,purple,robust_approaching,False
87,50,624,592,purple,robust_approaching,False
89,50,626,592,blue,robust_approaching,False
90,50,627,592,blue,robust_approaching,False
91,50,628,592,blue,robust_approaching,False
92,50,629,592,blue,robust_approaching,False
93,50,630,592,blue,robust_approaching,False
94,50,631,592,blue,robust_approaching,False
95,50,632,592,blue,robust_approaching,False
96,50,633,592,blue,robust_approaching,False
97,50,634,592,blue,robust_approaching,False
98,50,635,592,blue,robust_approaching,False
99,50,636,592,blue,robust_approaching,False
100,50,637,592,blue,robust_approaching,False
101,50,638,592,blue,robust_approaching,False
102,50,639,592,blue,robust_approaching,False
103,50,640,592,blue,robust_approaching,False
104,50,641,592,blue,robust_approaching,False
105,50,642,592,blue,robust_approaching,False
106,50,643,592,blue,robust_approaching,False
107,50,644,592,blue,robust_approaching,False
108,50,645,592,blue,robust_approaching,False
109,50,646,592,blue,robust_approaching,False
110,50,647,592,blue,robust_approaching,False
111,50,648,592,blue,robust_approaching,False
112,50,649,592,blue,robust_approaching,False
113,50,650,592,blue,robust_approaching,False
68,51,605,593,blue,robust_approaching,False
69,51,606,593,blue,robust_approaching,False
71,51,608,593,light_blue,robust_approaching,False
72,51,609,593,light_blue,robust_approaching,False
73,51,610,593,light_blue,robust_approaching,False
74,51,611,593,light_blue,robust_approaching,False
75,51,612,593,light_blue,robust_approaching,False
77,51,614,593,blue,robust_approaching,False
78,51,615,593,blue,robust_approaching,False
79,51,616,593,blue,robust_approaching,False
80,51,617,593,blue,robust_approaching,False
81,51,618,593,blue,robust_approaching,False
82,51,619,593,blue,robust_approaching,False
83,51,620,593,blue,robust_approaching,False
84,51,621,593,blue,robust_approaching,False
86,51,623,593,purple,robust_approaching,False
87,51,624,593,purple,robust_approaching,False
89,51,626,593,blue,robust_approaching,False
90,51,627,593,blue,robust_approaching,False
91,51,628,593,blue,robust_approaching,False
92,51,629,593,blue,robust_approaching,False
93,51,630,593,blue,robust_approaching,False
94,51,631,593,blue,robust_approaching,False
95,51,632,593,blue,robust_approaching,False
96,51,633,593,blue,robust_approaching,False
97,51,634,593,blue,robust_approaching,False
98,51,635,593,blue,robust_approaching,False
99,51,636,593,blue,robust_approaching,False
100,51,637,593,blue,robust_approaching,False
101,51,638,593,blue,robust_approaching,False
102,51,639,593,blue,robust_approaching,False
103,51,640,593,blue,robust_approaching,False
104,51,641,593,blue,robust_approaching,False
105,51,642,593,blue,robust_approaching,False
106,51,643,593,blue,robust_approaching,False
107,51,644,593,blue,robust_approaching,False
108,51,645,593,blue,robust_approaching,False
109,51,646,593,blue,robust_approaching,False
110,51,647,593,blue,robust_approaching,False
111,51,648,593,blue,robust_approaching,False
112,51,649,593,blue,robust_approaching,False
113,51,650,593,blue,robust_approaching,False
68,52,605,594,light_blue,robust_approaching,False
69,52,606,594,light_blue,robust_approaching,False
70,52,607,594,light_blue,robust_approaching,False
71,52,608,594,light_blue,robust_approaching,False
72,52,609,594,light_blue,robust_approaching,False
74,52,611,594,blue,robust_approaching,False
75,52,612,594,blue,robust_approaching,False
76,52,613,594,blue,robust_approaching,False
77,52,614,594,blue,robust_approaching,False
78,52,615,594,blue,robust_approaching,False
79,52,616,594,blue,robust_approaching,False
80,52,617,594,blue,robust_approaching,False
81,52,618,594,blue,robust_approaching,False
83,52,620,594,purple,robust_approaching,False
84,52,621,594,purple,robust_approaching,False
85,52,622,594,purple,robust_approaching,False
86,52,623,594,purple,robust_approaching,False
87,52,624,594,purple,robust_approaching,False
88,52,625,594,purple,robust_approaching,False
89,52,626,594,purple,robust_approaching,False
90,52,627,594,purple,robust_approaching,False
91,52,628,594,blue,robust_approaching,False
92,52,629,594,blue,robust_approaching,False
93,52,630,594,blue,robust_approaching,False
94,52,631,594,blue,robust_approaching,False
95,52,632,594,blue,robust_approaching,False
96,52,633,594,blue,robust_approaching,False
97,52,634,594,blue,robust_approaching,False
98,52,635,594,blue,robust_approaching,False
99,52,636,594,blue,robust_approaching,False
100,52,637,594,blue,robust_approaching,False
101,52,638,594,blue,robust_approaching,False
102,52,639,594,blue,robust_approaching,False
103,52,640,594,blue,robust_approaching,False
104,52,641,594,blue,robust_approaching,False
105,52,642,594,blue,robust_approaching,False
106,52,643,594,blue,robust_approaching,False
107,52,644,594,blue,robust_approaching,False
108,52,645,594,blue,robust_approaching,False
109,52,646,594,blue,robust_approaching,False
110,52,647,594,blue,robust_approaching,False
112,52,649,594,light_blue,robust_approaching,False
113,52,650,594,light_blue,robust_approaching,False
68,53,605,595,light_blue,robust_approaching,False
69,53,606,595,light_blue,robust_approaching,False
70,53,607,595,light_blue,robust_approaching,False
71,53,608,595,light_blue,robust_approaching,False
72,53,609,595,light_blue,robust_approaching,False
74,53,611,595,blue,robust_approaching,False
75,53,612,595,blue,robust_approaching,False
76,53,613,595,blue,robust_approaching,False
77,53,614,595,blue,robust_approaching,False
78,53,615,595,blue,robust_approaching,False
79,53,616,595,blue,robust_approaching,False
80,53,617,595,blue,robust_approaching,False
81,53,618,595,blue,robust_approaching,False
83,53,620,595,purple,robust_approaching,False
84,53,621,595,purple,robust_approaching,False
85,53,622,595,purple,robust_approaching,False
86,53,623,595,purple,robust_approaching,False
87,53,624,595,purple,robust_approaching,False
88,53,625,595,purple,robust_approaching,False
89,53,626,595,purple,robust_approaching,False
90,53,627,595,purple,robust_approaching,False
91,53,628,595,blue,robust_approaching,False
92,53,629,595,blue,robust_approaching,False
93,53,630,595,blue,robust_approaching,False
94,53,631,595,blue,robust_approaching,False
95,53,632,595,blue,robust_approaching,False
96,53,633,595,blue,robust_approaching,False
97,53,634,595,blue,robust_approaching,False
98,53,635,595,blue,robust_approaching,False
99,53,636,595,blue,robust_approaching,False
100,53,637,595,blue,robust_approaching,False
101,53,638,595,blue,robust_approaching,False
102,53,639,595,blue,robust_approaching,False
103,53,640,595,blue,robust_approaching,False
104,53,641,595,blue,robust_approaching,False
105,53,642,595,blue,robust_approaching,False
106,53,643,595,blue,robust_approaching,False
107,53,644,595,blue,robust_approaching,False
108,53,645,595,blue,robust_approaching,False
109,53,646,595,blue,robust_approaching,False
110,53,647,595,blue,robust_approaching,False
112,53,649,595,light_blue,robust_approaching,False
113,53,650,595,light_blue,robust_approaching,False
68,54,605,596,light_blue,robust_approaching,False
69,54,606,596,light_blue,robust_approaching,False
70,54,607,596,light_blue,robust_approaching,False
71,54,608,596,light_blue,robust_approaching,False
72,54,609,596,light_blue,robust_approaching,False
74,54,611,596,blue,robust_approaching,False
75,54,612,596,blue,robust_approaching,False
76,54,613,596,blue,robust_approaching,False
77,54,614,596,blue,robust_approaching,False
78,54,615,596,blue,robust_approaching,False
79,54,616,596,blue,robust_approaching,False
80,54,617,596,blue,robust_approaching,False
81,54,618,596,blue,robust_approaching,False
83,54,620,596,purple,robust_approaching,False
84,54,621,596,purple,robust_approaching,False
85,54,622,596,purple,robust_approaching,False
86,54,623,596,purple,robust_approaching,False
87,54,624,596,purple,robust_approaching,False
88,54,625,596,purple,robust_approaching,False
89,54,626,596,purple,robust_approaching,False
90,54,627,596,purple,robust_approaching,False
91,54,628,596,blue,robust_approaching,False
92,54,629,596,blue,robust_approaching,False
93,54,630,596,blue,robust_approaching,False
94,54,631,596,blue,robust_approaching,False
95,54,632,596,blue,robust_approaching,False
96,54,633,596,blue,robust_approaching,False
97,54,634,596,blue,robust_approaching,False
98,54,635,596,blue,robust_approaching,False
99,54,636,596,blue,robust_approaching,False
100,54,637,596,blue,robust_approaching,False
101,54,638,596,blue,robust_approaching,False
102,54,639,596,blue,robust_approaching,False
103,54,640,596,blue,robust_approaching,False
104,54,641,596,blue,robust_approaching,False
105,54,642,596,blue,robust_approaching,False
106,54,643,596,blue,robust_approaching,False
107,54,644,596,blue,robust_approaching,False
108,54,645,596,blue,robust_approaching,False
109,54,646,596,blue,robust_approaching,False
110,54,647,596,blue,robust_approaching,False
112,54,649,596,light_blue,robust_approaching,False
113,54,650,596,light_blue,robust_approaching,False
68,55,605,597,light_blue,robust_approaching,False
69,55,606,597,light_blue,robust_approaching,False
71,55,608,597,blue,robust_approaching,False
72,55,609,597,blue,robust_approaching,False
73,55,610,597,blue,robust_approaching,False
74,55,611,597,blue,robust_approaching,False
75,55,612,597,blue,robust_approaching,False
76,55,613,597,blue,robust_approaching,False
77,55,614,597,blue,robust_approaching,False
78,55,615,597,blue,robust_approaching,False
79,55,616,597,blue,robust_approaching,False
80,55,617,597,blue,robust_approaching,False
81,55,618,597,blue,robust_approaching,False
83,55,620,597,purple,robust_approaching,False
84,55,621,597,purple,robust_approaching,False
85,55,622,597,purple,robust_approaching,False
86,55,623,597,purple,robust_approaching,False
87,55,624,597,purple,robust_approaching,False
89,55,626,597,blue,robust_approaching,False
90,55,627,597,blue,robust_approaching,False
91,55,628,597,blue,robust_approaching,False
92,55,629,597,blue,robust_approaching,False
93,55,630,597,blue,robust_approaching,False
94,55,631,597,blue,robust_approaching,False
95,55,632,597,blue,robust_approaching,False
96,55,633,597,blue,robust_approaching,False
97,55,634,597,blue,robust_approaching,False
98,55,635,597,blue,robust_approaching,False
99,55,636,597,blue,robust_approaching,False
100,55,637,597,blue,robust_approaching,False
101,55,638,597,blue,robust_approaching,False
102,55,639,597,blue,robust_approaching,False
103,55,640,597,blue,robust_approaching,False
104,55,641,597,blue,robust_approaching,False
105,55,642,597,blue,robust_approaching,False
106,55,643,597,blue,robust_approaching,False
107,55,644,597,blue,robust_approaching,False
109,55,646,597,light_blue,robust_approaching,False
110,55,647,597,light_blue,robust_approaching,False
111,55,648,597,light_blue,robust_approaching,False
112,55,649,597,light_blue,robust_approaching,False
113,55,650,597,light_blue,robust_approaching,False
68,56,605,598,light_blue,robust_approaching,False
69,56,606,598,light_blue,robust_approaching,False
71,56,608,598,blue,robust_approaching,False
72,56,609,598,blue,robust_approaching,False
73,56,610,598,blue,robust_approaching,False
74,56,611,598,blue,robust_approaching,False
75,56,612,598,blue,robust_approaching,False
76,56,613,598,blue,robust_approaching,False
77,56,614,598,blue,robust_approaching,False
78,56,615,598,blue,robust_approaching,False
79,56,616,598,blue,robust_approaching,False
80,56,617,598,blue,robust_approaching,False
81,56,618,598,blue,robust_approaching,False
83,56,620,598,purple,robust_approaching,False
84,56,621,598,purple,robust_approaching,False
85,56,622,598,purple,robust_approaching,False
86,56,623,598,purple,robust_approaching,False
87,56,624,598,purple,robust_approaching,False
89,56,626,598,blue,robust_approaching,False
90,56,627,598,blue,robust_approaching,False
91,56,628,598,blue,robust_approaching,False
92,56,629,598,blue,robust_approaching,False
93,56,630,598,blue,robust_approaching,False
94,56,631,598,blue,robust_approaching,False
95,56,632,598,blue,robust_approaching,False
96,56,633,598,blue,robust_approaching,False
97,56,634,598,blue,robust_approaching,False
98,56,635,598,blue,robust_approaching,False
99,56,636,598,blue,robust_approaching,False
100,56,637,598,blue,robust_approaching,False
101,56,638,598,blue,robust_approaching,False
102,56,639,598,blue,robust_approaching,False
103,56,640,598,blue,robust_approaching,False
104,56,641,598,blue,robust_approaching,False
105,56,642,598,blue,robust_approaching,False
106,56,643,598,blue,robust_approaching,False
107,56,644,598,blue,robust_approaching,False
109,56,646,598,light_blue,robust_approaching,False
110,56,647,598,light_blue,robust_approaching,False
111,56,648,598,light_blue,robust_approaching,False
112,56,649,598,light_blue,robust_approaching,False
113,56,650,598,light_blue,robust_approaching,False
68,57,605,599,light_blue,robust_approaching,False
69,57,606,599,light_blue,robust_approaching,False
71,57,608,599,blue,robust_approaching,False
72,57,609,599,blue,robust_approaching,False
73,57,610,599,blue,robust_approaching,False
74,57,611,599,blue,robust_approaching,False
75,57,612,599,blue,robust_approaching,False
76,57,613,599,blue,robust_approaching,False
77,57,614,599,blue,robust_approaching,False
78,57,615,599,blue,robust_approaching,False
79,57,616,599,blue,robust_approaching,False
80,57,617,599,blue,robust_approaching,False
81,57,618,599,blue,robust_approaching,False
86,57,623,599,purple,robust_approaching,False
87,57,624,599,purple,robust_approaching,False
89,57,626,599,blue,robust_approaching,False
90,57,627,599,blue,robust_approaching,False
91,57,628,599,blue,robust_approaching,False
92,57,629,599,blue,robust_approaching,False
93,57,630,599,blue,robust_approaching,False
94,57,631,599,blue,robust_approaching,False
95,57,632,599,blue,robust_approaching,False
96,57,633,599,blue,robust_approaching,False
97,57,634,599,blue,robust_approaching,False
98,57,635,599,blue,robust_approaching,False
99,57,636,599,blue,robust_approaching,False
100,57,637,599,blue,robust_approaching,False
101,57,638,599,blue,robust_approaching,False
102,57,639,599,blue,robust_approaching,False
103,57,640,599,blue,robust_approaching,False
104,57,641,599,blue,robust_approaching,False
105,57,642,599,blue,robust_approaching,False
106,57,643,599,blue,robust_approaching,False
107,57,644,599,blue,robust_approaching,False
68,58,605,600,light_blue,robust_approaching,False
69,58,606,600,light_blue,robust_approaching,False
71,58,608,600,blue,robust_approaching,False
72,58,609,600,blue,robust_approaching,False
73,58,610,600,blue,robust_approaching,False
74,58,611,600,blue,robust_approaching,False
75,58,612,600,blue,robust_approaching,False
76,58,613,600,blue,robust_approaching,False
77,58,614,600,blue,robust_approaching,False
78,58,615,600,blue,robust_approaching,False
79,58,616,600,blue,robust_approaching,False
80,58,617,600,blue,robust_approaching,False
81,58,618,600,blue,robust_approaching,False
82,58,619,600,blue,robust_approaching,False
83,58,620,600,blue,robust_approaching,False
84,58,621,600,blue,robust_approaching,False
86,58,623,600,purple,robust_approaching,False
87,58,624,600,purple,robust_approaching,False
89,58,626,600,blue,robust_approaching,False
90,58,627,600,blue,robust_approaching,False
91,58,628,600,blue,robust_approaching,False
92,58,629,600,blue,robust_approaching,False
93,58,630,600,blue,robust_approaching,False
94,58,631,600,blue,robust_approaching,False
95,58,632,600,blue,robust_approaching,False
96,58,633,600,blue,robust_approaching,False
97,58,634,600,blue,robust_approaching,False
98,58,635,600,blue,robust_approaching,False
99,58,636,600,blue,robust_approaching,False
100,58,637,600,blue,robust_approaching,False
101,58,638,600,blue,robust_approaching,False
102,58,639,600,blue,robust_approaching,False
103,58,640,600,blue,robust_approaching,False
104,58,641,600,blue,robust_approaching,False
105,58,642,600,blue,robust_approaching,False
106,58,643,600,blue,robust_approaching,False
107,58,644,600,blue,robust_approaching,False
68,59,605,601,light_blue,robust_approaching,False
69,59,606,601,light_blue,robust_approaching,False
71,59,608,601,blue,robust_approaching,False
72,59,609,601,blue,robust_approaching,False
73,59,610,601,blue,robust_approaching,False
74,59,611,601,blue,robust_approaching,False
75,59,612,601,blue,robust_approaching,False
76,59,613,601,blue,robust_approaching,False
77,59,614,601,blue,robust_approaching,False
78,59,615,601,blue,robust_approaching,False
79,59,616,601,blue,robust_approaching,False
80,59,617,601,blue,robust_approaching,False
81,59,618,601,blue,robust_approaching,False
82,59,619,601,blue,robust_approaching,False
83,59,620,601,blue,robust_approaching,False
84,59,621,601,blue,robust_approaching,False
86,59,623,601,purple,robust_approaching,False
87,59,624,601,purple,robust_approaching,False
89,59,626,601,blue,robust_approaching,False
90,59,627,601,blue,robust_approaching,False
91,59,628,601,blue,robust_approaching,False
92,59,629,601,blue,robust_approaching,False
93,59,630,601,blue,robust_approaching,False
94,59,631,601,blue,robust_approaching,False
95,59,632,601,blue,robust_approaching,False
96,59,633,601,blue,robust_approaching,False
97,59,634,601,blue,robust_approaching,False
98,59,635,601,blue,robust_approaching,False
99,59,636,601,blue,robust_approaching,False
100,59,637,601,blue,robust_approaching,False
101,59,638,601,blue,robust_approaching,False
102,59,639,601,blue,robust_approaching,False
103,59,640,601,blue,robust_approaching,False
104,59,641,601,blue,robust_approaching,False
105,59,642,601,blue,robust_approaching,False
106,59,643,601,blue,robust_approaching,False
107,59,644,601,blue,robust_approaching,False
68,60,605,602,light_blue,robust_approaching,False
69,60,606,602,light_blue,robust_approaching,False
71,60,608,602,blue,robust_approaching,False
72,60,609,602,blue,robust_approaching,False
73,60,610,602,blue,robust_approaching,False
74,60,611,602,blue,robust_approaching,False
75,60,612,602,blue,robust_approaching,False
76,60,613,602,blue,robust_approaching,False
77,60,614,602,blue,robust_approaching,False
78,60,615,602,blue,robust_approaching,False
79,60,616,602,blue,robust_approaching,False
80,60,617,602,blue,robust_approaching,False
81,60,618,602,blue,robust_approaching,False
82,60,619,602,blue,robust_approaching,False
83,60,620,602,blue,robust_approaching,False
84,60,621,602,blue,robust_approaching,False
88,60,625,602,blue,robust_approaching,False
89,60,626,602,blue,robust_approaching,False
90,60,627,602,blue,robust_approaching,False
91,60,628,602,blue,robust_approaching,False
92,60,629,602,blue,robust_approaching,False
93,60,630,602,blue,robust_approaching,False
94,60,631,602,blue,robust_approaching,False
95,60,632,602,blue,robust_approaching,False
96,60,633,602,blue,robust_approaching,False
97,60,634,602,blue,robust_approaching,False
98,60,635,602,blue,robust_approaching,False
68,61,605,603,light_blue,robust_approaching,False
69,61,606,603,light_blue,robust_approaching,False
71,61,608,603,blue,robust_approaching,False
72,61,609,603,blue,robust_approaching,False
73,61,610,603,blue,robust_approaching,False
74,61,611,603,blue,robust_approaching,False
75,61,612,603,blue,robust_approaching,False
76,61,613,603,blue,robust_approaching,False
77,61,614,603,blue,robust_approaching,False
78,61,615,603,blue,robust_approaching,False
79,61,616,603,blue,robust_approaching,False
80,61,617,603,blue,robust_approaching,False
81,61,618,603,blue,robust_approaching,False
82,61,619,603,blue,robust_approaching,False
83,61,620,603,blue,robust_approaching,False
84,61,621,603,blue,robust_approaching,False
85,61,622,603,blue,robust_approaching,False
86,61,623,603,blue,robust_approaching,False
87,61,624,603,blue,robust_approaching,False
88,61,625,603,blue,robust_approaching,False
89,61,626,603,blue,robust_approaching,False
90,61,627,603,blue,robust_approaching,False
91,61,628,603,blue,robust_approaching,False
92,61,629,603,blue,robust_approaching,False
93,61,630,603,blue,robust_approaching,False
94,61,631,603,blue,robust_approaching,False
95,61,632,603,blue,robust_approaching,False
96,61,633,603,blue,robust_approaching,False
97,61,634,603,blue,robust_approaching,False
98,61,635,603,blue,robust_approaching,False
100,61,637,603,light_blue,robust_approaching,False
101,61,638,603,light_blue,robust_approaching,False
102,61,639,603,light_blue,robust_approaching,False
103,61,640,603,light_blue,robust_approaching,False
104,61,641,603,light_blue,robust_approaching,False
105,61,642,603,light_blue,robust_approaching,False
106,61,643,603,light_blue,robust_approaching,False
107,61,644,603,light_blue,robust_approaching,False
68,62,605,604,light_blue,robust_approaching,False
69,62,606,604,light_blue,robust_approaching,False
71,62,608,604,blue,robust_approaching,False
72,62,609,604,blue,robust_approaching,False
73,62,610,604,blue,robust_approaching,False
74,62,611,604,blue,robust_approaching,False
75,62,612,604,blue,robust_approaching,False
76,62,613,604,blue,robust_approaching,False
77,62,614,604,blue,robust_approaching,False
78,62,615,604,blue,robust_approaching,False
79,62,616,604,blue,robust_approaching,False
80,62,617,604,blue,robust_approaching,False
81,62,618,604,blue,robust_approaching,False
82,62,619,604,blue,robust_approaching,False
83,62,620,604,blue,robust_approaching,False
84,62,621,604,blue,robust_approaching,False
85,62,622,604,blue,robust_approaching,False
86,62,623,604,blue,robust_approaching,False
87,62,624,604,blue,robust_approaching,False
88,62,625,604,blue,robust_approaching,False
89,62,626,604,blue,robust_approaching,False
90,62,627,604,blue,robust_approaching,False
91,62,628,604,blue,robust_approaching,False
92,62,629,604,blue,robust_approaching,False
93,62,630,604,blue,robust_approaching,False
94,62,631,604,blue,robust_approaching,False
95,62,632,604,blue,robust_approaching,False
96,62,633,604,blue,robust_approaching,False
97,62,634,604,blue,robust_approaching,False
98,62,635,604,blue,robust_approaching,False
100,62,637,604,light_blue,robust_approaching,False
101,62,638,604,light_blue,robust_approaching,False
102,62,639,604,light_blue,robust_approaching,False
103,62,640,604,light_blue,robust_approaching,False
104,62,641,604,light_blue,robust_approaching,False
105,62,642,604,light_blue,robust_approaching,False
106,62,643,604,light_blue,robust_approaching,False
107,62,644,604,light_blue,robust_approaching,False
68,63,605,605,light_blue,robust_approaching,False
69,63,606,605,light_blue,robust_approaching,False
74,63,611,605,blue,robust_approaching,False
75,63,612,605,blue,robust_approaching,False
76,63,613,605,blue,robust_approaching,False
77,63,614,605,blue,robust_approaching,False
78,63,615,605,blue,robust_approaching,False
79,63,616,605,blue,robust_approaching,False
80,63,617,605,blue,robust_approaching,False
81,63,618,605,blue,robust_approaching,False
82,63,619,605,blue,robust_approaching,False
83,63,620,605,blue,robust_approaching,False
84,63,621,605,blue,robust_approaching,False
85,63,622,605,blue,robust_approaching,False
86,63,623,605,blue,robust_approaching,False
87,63,624,605,blue,robust_approaching,False
88,63,625,605,blue,robust_approaching,False
89,63,626,605,blue,robust_approaching,False
90,63,627,605,blue,robust_approaching,False
91,63,628,605,blue,robust_approaching,False
92,63,629,605,blue,robust_approaching,False
93,63,630,605,blue,robust_approaching,False
94,63,631,605,blue,robust_approaching,False
95,63,632,605,blue,robust_approaching,False
96,63,633,605,blue,robust_approaching,False
100,63,637,605,light_blue,robust_approaching,False
101,63,638,605,light_blue,robust_approaching,False
102,63,639,605,light_blue,robust_approaching,False
103,63,640,605,light_blue,robust_approaching,False
104,63,641,605,light_blue,robust_approaching,False
105,63,642,605,light_blue,robust_approaching,False
106,63,643,605,light_blue,robust_approaching,False
107,63,644,605,light_blue,robust_approaching,False
65,64,602,606,light_blue,robust_approaching,False
66,64,603,606,light_blue,robust_approaching,False
67,64,604,606,light_blue,robust_approaching,False
68,64,605,606,light_blue,robust_approaching,False
69,64,606,606,light_blue,robust_approaching,False
70,64,607,606,light_blue,robust_approaching,False
71,64,608,606,light_blue,robust_approaching,False
72,64,609,606,light_blue,robust_approaching,False
74,64,611,606,blue,robust_approaching,False
75,64,612,606,blue,robust_approaching,False
76,64,613,606,blue,robust_approaching,False
77,64,614,606,blue,robust_approaching,False
78,64,615,606,blue,robust_approaching,False
79,64,616,606,blue,robust_approaching,False
80,64,617,606,blue,robust_approaching,False
81,64,618,606,blue,robust_approaching,False
82,64,619,606,blue,robust_approaching,False
83,64,620,606,blue,robust_approaching,False
84,64,621,606,blue,robust_approaching,False
85,64,622,606,blue,robust_approaching,False
86,64,623,606,blue,robust_approaching,False
87,64,624,606,blue,robust_approaching,False
88,64,625,606,blue,robust_approaching,False
89,64,626,606,blue,robust_approaching,False
90,64,627,606,blue,robust_approaching,False
91,64,628,606,blue,robust_approaching,False
92,64,629,606,blue,robust_approaching,False
93,64,630,606,blue,robust_approaching,False
94,64,631,606,blue,robust_approaching,False
95,64,632,606,blue,robust_approaching,False
96,64,633,606,blue,robust_approaching,False
97,64,634,606,light_blue,robust_approaching,False
98,64,635,606,light_blue,robust_approaching,False
99,64,636,606,light_blue,robust_approaching,False
100,64,637,606,light_blue,robust_approaching,False
101,64,638,606,light_blue,robust_approaching,False
102,64,639,606,light_blue,robust_approaching,False
103,64,640,606,light_blue,robust_approaching,False
104,64,641,606,light_blue,robust_approaching,False
105,64,642,606,light_blue,robust_approaching,False
106,64,643,606,light_blue,robust_approaching,False
107,64,644,606,light_blue,robust_approaching,False
108,64,645,606,light_blue,robust_approaching,False
109,64,646,606,light_blue,robust_approaching,False
110,64,647,606,light_blue,robust_approaching,False
65,65,602,607,light_blue,robust_approaching,False
66,65,603,607,light_blue,robust_approaching,False
67,65,604,607,light_blue,robust_approaching,False
68,65,605,607,light_blue,robust_approaching,False
69,65,606,607,light_blue,robust_approaching,False
70,65,607,607,light_blue,robust_approaching,False
71,65,608,607,light_blue,robust_approaching,False
72,65,609,607,light_blue,robust_approaching,False
74,65,611,607,blue,robust_approaching,False
75,65,612,607,blue,robust_approaching,False
76,65,613,607,blue,robust_approaching,False
77,65,614,607,blue,robust_approaching,False
78,65,615,607,blue,robust_approaching,False
79,65,616,607,blue,robust_approaching,False
80,65,617,607,blue,robust_approaching,False
81,65,618,607,blue,robust_approaching,False
82,65,619,607,blue,robust_approaching,False
83,65,620,607,blue,robust_approaching,False
84,65,621,607,blue,robust_approaching,False
85,65,622,607,blue,robust_approaching,False
86,65,623,607,blue,robust_approaching,False
87,65,624,607,blue,robust_approaching,False
88,65,625,607,blue,robust_approaching,False
89,65,626,607,blue,robust_approaching,False
90,65,627,607,blue,robust_approaching,False
91,65,628,607,blue,robust_approaching,False
92,65,629,607,blue,robust_approaching,False
93,65,630,607,blue,robust_approaching,False
94,65,631,607,blue,robust_approaching,False
95,65,632,607,blue,robust_approaching,False
96,65,633,607,blue,robust_approaching,False
97,65,634,607,light_blue,robust_approaching,False
98,65,635,607,light_blue,robust_approaching,False
99,65,636,607,light_blue,robust_approaching,False
100,65,637,607,light_blue,robust_approaching,False
101,65,638,607,light_blue,robust_approaching,False
102,65,639,607,light_blue,robust_approaching,False
103,65,640,607,light_blue,robust_approaching,False
104,65,641,607,light_blue,robust_approaching,False
105,65,642,607,light_blue,robust_approaching,False
106,65,643,607,light_blue,robust_approaching,False
107,65,644,607,light_blue,robust_approaching,False
108,65,645,607,light_blue,robust_approaching,False
109,65,646,607,light_blue,robust_approaching,False
110,65,647,607,light_blue,robust_approaching,False
68,66,605,608,light_blue,robust_approaching,False
69,66,606,608,light_blue,robust_approaching,False
70,66,607,608,light_blue,robust_approaching,False
71,66,608,608,light_blue,robust_approaching,False
72,66,609,608,light_blue,robust_approaching,False
77,66,614,608,blue,robust_approaching,False
78,66,615,608,blue,robust_approaching,False
79,66,616,608,blue,robust_approaching,False
80,66,617,608,blue,robust_approaching,False
81,66,618,608,blue,robust_approaching,False
82,66,619,608,blue,robust_approaching,False
83,66,620,608,blue,robust_approaching,False
84,66,621,608,blue,robust_approaching,False
85,66,622,608,blue,robust_approaching,False
86,66,623,608,blue,robust_approaching,False
87,66,624,608,blue,robust_approaching,False
88,66,625,608,blue,robust_approaching,False
89,66,626,608,blue,robust_approaching,False
90,66,627,608,blue,robust_approaching,False
91,66,628,608,blue,robust_approaching,False
92,66,629,608,blue,robust_approaching,False
93,66,630,608,blue,robust_approaching,False
94,66,631,608,blue,robust_approaching,False
95,66,632,608,blue,robust_approaching,False
96,66,633,608,blue,robust_approaching,False
97,66,634,608,light_blue,robust_approaching,False
98,66,635,608,light_blue,robust_approaching,False
99,66,636,608,light_blue,robust_approaching,False
100,66,637,608,light_blue,robust_approaching,False
101,66,638,608,light_blue,robust_approaching,False
102,66,639,608,light_blue,robust_approaching,False
103,66,640,608,light_blue,robust_approaching,False
104,66,641,608,light_blue,robust_approaching,False
105,66,642,608,light_blue,robust_approaching,False
106,66,643,608,light_blue,robust_approaching,False
107,66,644,608,light_blue,robust_approaching,False
62,67,599,609,light_blue,robust_approaching,False
63,67,600,609,light_blue,robust_approaching,False
64,67,601,609,light_blue,robust_approaching,False
65,67,602,609,blue,robust_approaching,False
66,67,603,609,blue,robust_approaching,False
67,67,604,609,blue,robust_approaching,False
68,67,605,609,light_blue,robust_approaching,False
69,67,606,609,light_blue,robust_approaching,False
70,67,607,609,light_blue,robust_approaching,False
71,67,608,609,light_blue,robust_approaching,False
72,67,609,609,light_blue,robust_approaching,False
73,67,610,609,light_blue,robust_approaching,False
74,67,611,609,light_blue,robust_approaching,False
75,67,612,609,light_blue,robust_approaching,False
77,67,614,609,blue,robust_approaching,False
78,67,615,609,blue,robust_approaching,False
79,67,616,609,blue,robust_approaching,False
80,67,617,609,blue,robust_approaching,False
81,67,618,609,blue,robust_approaching,False
82,67,619,609,blue,robust_approaching,False
83,67,620,609,blue,robust_approaching,False
84,67,621,609,blue,robust_approaching,False
85,67,622,609,blue,robust_approaching,False
86,67,623,609,blue,robust_approaching,False
87,67,624,609,blue,robust_approaching,False
88,67,625,609,blue,robust_approaching,False
89,67,626,609,blue,robust_approaching,False
90,67,627,609,blue,robust_approaching,False
91,67,628,609,blue,robust_approaching,False
92,67,629,609,blue,robust_approaching,False
93,67,630,609,blue,robust_approaching,False
94,67,631,609,blue,robust_approaching,False
95,67,632,609,blue,robust_approaching,False
96,67,633,609,blue,robust_approaching,False
97,67,634,609,light_blue,robust_approaching,False
98,67,635,609,light_blue,robust_approaching,False
99,67,636,609,light_blue,robust_approaching,False
100,67,637,609,light_blue,robust_approaching,False
101,67,638,609,light_blue,robust_approaching,False
102,67,639,609,light_blue,robust_approaching,False
103,67,640,609,light_blue,robust_approaching,False
104,67,641,609,light_blue,robust_approaching,False
105,67,642,609,light_blue,robust_approaching,False
106,67,643,609,light_blue,robust_approaching,False
107,67,644,609,light_blue,robust_approaching,False
109,67,646,609,dark_green,systemic_ambiguous,False
110,67,647,609,dark_green,systemic_ambiguous,False
62,68,599,610,light_blue,robust_approaching,False
63,68,600,610,light_blue,robust_approaching,False
64,68,601,610,light_blue,robust_approaching,False
65,68,602,610,blue,robust_approaching,False
66,68,603,610,blue,robust_approaching,False
67,68,604,610,blue,robust_approaching,False
68,68,605,610,light_blue,robust_approaching,False
69,68,606,610,light_blue,robust_approaching,False
70,68,607,610,light_blue,robust_approaching,False
71,68,608,610,light_blue,robust_approaching,False
72,68,609,610,light_blue,robust_approaching,False
73,68,610,610,light_blue,robust_approaching,False
74,68,611,610,light_blue,robust_approaching,False
75,68,612,610,light_blue,robust_approaching,False
77,68,614,610,blue,robust_approaching,False
78,68,615,610,blue,robust_approaching,False
79,68,616,610,blue,robust_approaching,False
80,68,617,610,blue,robust_approaching,False
81,68,618,610,blue,robust_approaching,False
82,68,619,610,blue,robust_approaching,False
83,68,620,610,blue,robust_approaching,False
84,68,621,610,blue,robust_approaching,False
85,68,622,610,blue,robust_approaching,False
86,68,623,610,blue,robust_approaching,False
87,68,624,610,blue,robust_approaching,False
88,68,625,610,blue,robust_approaching,False
89,68,626,610,blue,robust_approaching,False
90,68,627,610,blue,robust_approaching,False
91,68,628,610,blue,robust_approaching,False
92,68,629,610,blue,robust_approaching,False
93,68,630,610,blue,robust_approaching,False
94,68,631,610,blue,robust_approaching,False
95,68,632,610,blue,robust_approaching,False
96,68,633,610,blue,robust_approaching,False
97,68,634,610,light_blue,robust_approaching,False
98,68,635,610,light_blue,robust_approaching,False
99,68,636,610,light_blue,robust_approaching,False
100,68,637,610,light_blue,robust_approaching,False
101,68,638,610,light_blue,robust_approaching,False
102,68,639,610,light_blue,robust_approaching,False
103,68,640,610,light_blue,robust_approaching,False
104,68,641,610,light_blue,robust_approaching,False
105,68,642,610,light_blue,robust_approaching,False
106,68,643,610,light_blue,robust_approaching,False
107,68,644,610,light_blue,robust_approaching,False
109,68,646,610,dark_green,systemic_ambiguous,False
110,68,647,610,dark_green,systemic_ambiguous,False
68,69,605,611,light_blue,robust_approaching,False
69,69,606,611,light_blue,robust_approaching,False
70,69,607,611,light_blue,robust_approaching,False
71,69,608,611,light_blue,robust_approaching,False
72,69,609,611,light_blue,robust_approaching,False
74,69,611,611,light_blue,robust_approaching,False
75,69,612,611,light_blue,robust_approaching,False
80,69,617,611,blue,robust_approaching,False
81,69,618,611,blue,robust_approaching,False
82,69,619,611,blue,robust_approaching,False
83,69,620,611,blue,robust_approaching,False
84,69,621,611,blue,robust_approaching,False
85,69,622,611,blue,robust_approaching,False
86,69,623,611,blue,robust_approaching,False
87,69,624,611,blue,robust_approaching,False
88,69,625,611,blue,robust_approaching,False
89,69,626,611,blue,robust_approaching,False
90,69,627,611,blue,robust_approaching,False
91,69,628,611,blue,robust_approaching,False
92,69,629,611,blue,robust_approaching,False
97,69,634,611,light_blue,robust_approaching,False
98,69,635,611,light_blue,robust_approaching,False
99,69,636,611,light_blue,robust_approaching,False
100,69,637,611,light_blue,robust_approaching,False
101,69,638,611,light_blue,robust_approaching,False
102,69,639,611,light_blue,robust_approaching,False
103,69,640,611,light_blue,robust_approaching,False
104,69,641,611,light_blue,robust_approaching,False
108,69,645,611,dark_green,systemic_ambiguous,False
109,69,646,611,dark_green,systemic_ambiguous,False
110,69,647,611,dark_green,systemic_ambiguous,False
62,70,599,612,blue,robust_approaching,False
63,70,600,612,blue,robust_approaching,False
64,70,601,612,blue,robust_approaching,False
65,70,602,612,light_blue,robust_approaching,False
66,70,603,612,light_blue,robust_approaching,False
67,70,604,612,light_blue,robust_approaching,False
68,70,605,612,light_blue,robust_approaching,False
69,70,606,612,light_blue,robust_approaching,False
70,70,607,612,light_blue,robust_approaching,False
71,70,608,612,light_blue,robust_approaching,False
72,70,609,612,light_blue,robust_approaching,False
73,70,610,612,light_blue,robust_approaching,False
74,70,611,612,light_blue,robust_approaching,False
75,70,612,612,light_blue,robust_approaching,False
76,70,613,612,light_blue,robust_approaching,False
77,70,614,612,light_blue,robust_approaching,False
78,70,615,612,light_blue,robust_approaching,False
80,70,617,612,blue,robust_approaching,False
81,70,618,612,blue,robust_approaching,False
82,70,619,612,blue,robust_approaching,False
83,70,620,612,blue,robust_approaching,False
84,70,621,612,blue,robust_approaching,False
85,70,622,612,blue,robust_approaching,False
86,70,623,612,blue,robust_approaching,False
87,70,624,612,blue,robust_approaching,False
88,70,625,612,blue,robust_approaching,False
89,70,626,612,blue,robust_approaching,False
90,70,627,612,blue,robust_approaching,False
91,70,628,612,blue,robust_approaching,False
92,70,629,612,blue,robust_approaching,False
94,70,631,612,light_blue,robust_approaching,False
95,70,632,612,light_blue,robust_approaching,False
96,70,633,612,light_blue,robust_approaching,False
97,70,634,612,light_blue,robust_approaching,False
98,70,635,612,light_blue,robust_approaching,False
99,70,636,612,light_blue,robust_approaching,False
100,70,637,612,light_blue,robust_approaching,False
101,70,638,612,light_blue,robust_approaching,False
102,70,639,612,light_blue,robust_approaching,False
103,70,640,612,light_blue,robust_approaching,False
104,70,641,612,light_blue,robust_approaching,False
106,70,643,612,dark_green,systemic_ambiguous,False
107,70,644,612,dark_green,systemic_ambiguous,False
108,70,645,612,dark_green,systemic_ambiguous,False
109,70,646,612,dark_green,systemic_ambiguous,False
110,70,647,612,dark_green,systemic_ambiguous,False
111,70,648,612,dark_green,systemic_ambiguous,False
112,70,649,612,dark_green,systemic_ambiguous,False
113,70,650,612,dark_green,systemic_ambiguous,False
62,71,599,613,blue,robust_approaching,False
63,71,600,613,blue,robust_approaching,False
64,71,601,613,blue,robust_approaching,False
65,71,602,613,light_blue,robust_approaching,False
66,71,603,613,light_blue,robust_approaching,False
67,71,604,613,light_blue,robust_approaching,False
68,71,605,613,light_blue,robust_approaching,False
69,71,606,613,light_blue,robust_approaching,False
70,71,607,613,light_blue,robust_approaching,False
71,71,608,613,light_blue,robust_approaching,False
72,71,609,613,light_blue,robust_approaching,False
73,71,610,613,light_blue,robust_approaching,False
74,71,611,613,light_blue,robust_approaching,False
75,71,612,613,light_blue,robust_approaching,False
76,71,613,613,light_blue,robust_approaching,False
77,71,614,613,light_blue,robust_approaching,False
78,71,615,613,light_blue,robust_approaching,False
80,71,617,613,blue,robust_approaching,False
81,71,618,613,blue,robust_approaching,False
82,71,619,613,blue,robust_approaching,False
83,71,620,613,blue,robust_approaching,False
84,71,621,613,blue,robust_approaching,False
85,71,622,613,blue,robust_approaching,False
86,71,623,613,blue,robust_approaching,False
87,71,624,613,blue,robust_approaching,False
88,71,625,613,blue,robust_approaching,False
89,71,626,613,blue,robust_approaching,False
90,71,627,613,blue,robust_approaching,False
91,71,628,613,blue,robust_approaching,False
92,71,629,613,blue,robust_approaching,False
94,71,631,613,light_blue,robust_approaching,False
95,71,632,613,light_blue,robust_approaching,False
96,71,633,613,light_blue,robust_approaching,False
97,71,634,613,light_blue,robust_approaching,False
98,71,635,613,light_blue,robust_approaching,False
99,71,636,613,light_blue,robust_approaching,False
100,71,637,613,light_blue,robust_approaching,False
101,71,638,613,light_blue,robust_approaching,False
102,71,639,613,light_blue,robust_approaching,False
103,71,640,613,light_blue,robust_approaching,False
104,71,641,613,light_blue,robust_approaching,False
106,71,643,613,dark_green,systemic_ambiguous,False
107,71,644,613,dark_green,systemic_ambiguous,False
108,71,645,613,dark_green,systemic_ambiguous,False
109,71,646,613,dark_green,systemic_ambiguous,False
110,71,647,613,dark_green,systemic_ambiguous,False
111,71,648,613,dark_green,systemic_ambiguous,False
112,71,649,613,dark_green,systemic_ambiguous,False
113,71,650,613,dark_green,systemic_ambiguous,False
65,72,602,614,light_blue,robust_approaching,False
66,72,603,614,light_blue,robust_approaching,False
67,72,604,614,light_blue,robust_approaching,False
68,72,605,614,light_blue,robust_approaching,False
69,72,606,614,light_blue,robust_approaching,False
70,72,607,614,light_blue,robust_approaching,False
71,72,608,614,light_blue,robust_approaching,False
72,72,609,614,light_blue,robust_approaching,False
73,72,610,614,light_blue,robust_approaching,False
74,72,611,614,light_blue,robust_approaching,False
75,72,612,614,light_blue,robust_approaching,False
77,72,614,614,light_blue,robust_approaching,False
78,72,615,614,light_blue,robust_approaching,False
83,72,620,614,blue,robust_approaching,False
84,72,621,614,blue,robust_approaching,False
85,72,622,614,blue,robust_approaching,False
86,72,623,614,blue,robust_approaching,False
87,72,624,614,blue,robust_approaching,False
88,72,625,614,blue,robust_approaching,False
89,72,626,614,blue,robust_approaching,False
90,72,627,614,blue,robust_approaching,False
94,72,631,614,light_blue,robust_approaching,False
95,72,632,614,light_blue,robust_approaching,False
96,72,633,614,light_blue,robust_approaching,False
97,72,634,614,light_blue,robust_approaching,False
98,72,635,614,light_blue,robust_approaching,False
106,72,643,614,dark_green,systemic_ambiguous,False
107,72,644,614,dark_green,systemic_ambiguous,False
108,72,645,614,dark_green,systemic_ambiguous,False
109,72,646,614,dark_green,systemic_ambiguous,False
110,72,647,614,dark_green,systemic_ambiguous,False
111,72,648,614,dark_green,systemic_ambiguous,False
112,72,649,614,dark_green,systemic_ambiguous,False
113,72,650,614,dark_green,systemic_ambiguous,False
114,72,651,614,dark_green,systemic_ambiguous,False
115,72,652,614,dark_green,systemic_ambiguous,False
116,72,653,614,dark_green,systemic_ambiguous,False
65,73,602,615,light_blue,robust_approaching,False
66,73,603,615,light_blue,robust_approaching,False
67,73,604,615,light_blue,robust_approaching,False
68,73,605,615,light_blue,robust_approaching,False
69,73,606,615,light_blue,robust_approaching,False
70,73,607,615,light_blue,robust_approaching,False
71,73,608,615,light_blue,robust_approaching,False
72,73,609,615,light_blue,robust_approaching,False
73,73,610,615,light_blue,robust_approaching,False
74,73,611,615,light_blue,robust_approaching,False
75,73,612,615,light_blue,robust_approaching,False
76,73,613,615,light_blue,robust_approaching,False
77,73,614,615,light_blue,robust_approaching,False
78,73,615,615,light_blue,robust_approaching,False
79,73,616,615,light_blue,robust_approaching,False
80,73,617,615,light_blue,robust_approaching,False
81,73,618,615,light_blue,robust_approaching,False
83,73,620,615,blue,robust_approaching,False
84,73,621,615,blue,robust_approaching,False
85,73,622,615,blue,robust_approaching,False
86,73,623,615,blue,robust_approaching,False
87,73,624,615,blue,robust_approaching,False
88,73,625,615,blue,robust_approaching,False
89,73,626,615,blue,robust_approaching,False
90,73,627,615,blue,robust_approaching,False
91,73,628,615,light_blue,robust_approaching,False
92,73,629,615,light_blue,robust_approaching,False
93,73,630,615,light_blue,robust_approaching,False
94,73,631,615,light_blue,robust_approaching,False
95,73,632,615,light_blue,robust_approaching,False
96,73,633,615,light_blue,robust_approaching,False
97,73,634,615,light_blue,robust_approaching,False
98,73,635,615,light_blue,robust_approaching,False
100,73,637,615,dark_green,systemic_ambiguous,False
101,73,638,615,dark_green,systemic_ambiguous,False
102,73,639,615,dark_green,systemic_ambiguous,False
103,73,640,615,dark_green,systemic_ambiguous,False
104,73,641,615,dark_green,systemic_ambiguous,False
105,73,642,615,dark_green,systemic_ambiguous,False
106,73,643,615,dark_green,systemic_ambiguous,False
107,73,644,615,dark_green,systemic_ambiguous,False
108,73,645,615,dark_green,systemic_ambiguous,False
109,73,646,615,dark_green,systemic_ambiguous,False
110,73,647,615,dark_green,systemic_ambiguous,False
111,73,648,615,dark_green,systemic_ambiguous,False
112,73,649,615,dark_green,systemic_ambiguous,False
113,73,650,615,dark_green,systemic_ambiguous,False
115,73,652,615,bright_green,systemic_ambiguous,False
116,73,653,615,bright_green,systemic_ambiguous,False
65,74,602,616,light_blue,robust_approaching,False
66,74,603,616,light_blue,robust_approaching,False
67,74,604,616,light_blue,robust_approaching,False
68,74,605,616,light_blue,robust_approaching,False
69,74,606,616,light_blue,robust_approaching,False
70,74,607,616,light_blue,robust_approaching,False
71,74,608,616,light_blue,robust_approaching,False
72,74,609,616,light_blue,robust_approaching,False
73,74,610,616,light_blue,robust_approaching,False
74,74,611,616,light_blue,robust_approaching,False
75,74,612,616,light_blue,robust_approaching,False
76,74,613,616,light_blue,robust_approaching,False
77,74,614,616,light_blue,robust_approaching,False
78,74,615,616,light_blue,robust_approaching,False
79,74,616,616,light_blue,robust_approaching,False
80,74,617,616,light_blue,robust_approaching,False
81,74,618,616,light_blue,robust_approaching,False
83,74,620,616,blue,robust_approaching,False
84,74,621,616,blue,robust_approaching,False
85,74,622,616,blue,robust_approaching,False
86,74,623,616,blue,robust_approaching,False
87,74,624,616,blue,robust_approaching,False
88,74,625,616,blue,robust_approaching,False
89,74,626,616,blue,robust_approaching,False
90,74,627,616,blue,robust_approaching,False
91,74,628,616,light_blue,robust_approaching,False
92,74,629,616,light_blue,robust_approaching,False
93,74,630,616,light_blue,robust_approaching,False
94,74,631,616,light_blue,robust_approaching,False
95,74,632,616,light_blue,robust_approaching,False
96,74,633,616,light_blue,robust_approaching,False
97,74,634,616,light_blue,robust_approaching,False
98,74,635,616,light_blue,robust_approaching,False
100,74,637,616,dark_green,systemic_ambiguous,False
101,74,638,616,dark_green,systemic_ambiguous,False
102,74,639,616,dark_green,systemic_ambiguous,False
103,74,640,616,dark_green,systemic_ambiguous,False
104,74,641,616,dark_green,systemic_ambiguous,False
105,74,642,616,dark_green,systemic_ambiguous,False
106,74,643,616,dark_green,systemic_ambiguous,False
107,74,644,616,dark_green,systemic_ambiguous,False
108,74,645,616,dark_green,systemic_ambiguous,False
109,74,646,616,dark_green,systemic_ambiguous,False
110,74,647,616,dark_green,systemic_ambiguous,False
111,74,648,616,dark_green,systemic_ambiguous,False
112,74,649,616,dark_green,systemic_ambiguous,False
113,74,650,616,dark_green,systemic_ambiguous,False
115,74,652,616,bright_green,systemic_ambiguous,False
116,74,653,616,bright_green,systemic_ambiguous,False
60,75,597,617,light_blue,robust_approaching,False
61,75,598,617,light_blue,robust_approaching,False
62,75,599,617,dark_green,systemic_ambiguous,False
63,75,600,617,dark_green,systemic_ambiguous,False
64,75,601,617,dark_green,systemic_ambiguous,False
65,75,602,617,light_blue,robust_approaching,False
66,75,603,617,light_blue,robust_approaching,False
67,75,604,617,light_blue,robust_approaching,False
68,75,605,617,dark_green,systemic_ambiguous,False
69,75,606,617,dark_green,systemic_ambiguous,False
70,75,607,617,dark_green,systemic_ambiguous,False
71,75,608,617,dark_green,systemic_ambiguous,False
72,75,609,617,dark_green,systemic_ambiguous,False
74,75,611,617,light_blue,robust_approaching,False
75,75,612,617,light_blue,robust_approaching,False
76,75,613,617,light_blue,robust_approaching,False
77,75,614,617,light_blue,robust_approaching,False
78,75,615,617,light_blue,robust_approaching,False
79,75,616,617,light_blue,robust_approaching,False
80,75,617,617,light_blue,robust_approaching,False
81,75,618,617,light_blue,robust_approaching,False
82,75,619,617,light_blue,robust_approaching,False
83,75,620,617,light_blue,robust_approaching,False
84,75,621,617,light_blue,robust_approaching,False
85,75,622,617,light_blue,robust_approaching,False
86,75,623,617,light_blue,robust_approaching,False
87,75,624,617,light_blue,robust_approaching,False
88,75,625,617,light_blue,robust_approaching,False
89,75,626,617,light_blue,robust_approaching,False
90,75,627,617,light_blue,robust_approaching,False
91,75,628,617,light_blue,robust_approaching,False
92,75,629,617,light_blue,robust_approaching,False
94,75,631,617,dark_green,systemic_ambiguous,False
95,75,632,617,dark_green,systemic_ambiguous,False
96,75,633,617,dark_green,systemic_ambiguous,False
97,75,634,617,dark_green,systemic_ambiguous,False
98,75,635,617,dark_green,systemic_ambiguous,False
99,75,636,617,dark_green,systemic_ambiguous,False
100,75,637,617,dark_green,systemic_ambiguous,False
101,75,638,617,dark_green,systemic_ambiguous,False
102,75,639,617,dark_green,systemic_ambiguous,False
103,75,640,617,dark_green,systemic_ambiguous,False
104,75,641,617,dark_green,systemic_ambiguous,False
105,75,642,617,dark_green,systemic_ambiguous,False
106,75,643,617,dark_green,systemic_ambiguous,False
107,75,644,617,dark_green,systemic_ambiguous,False
108,75,645,617,dark_green,systemic_ambiguous,False
109,75,646,617,dark_green,systemic_ambiguous,False
110,75,647,617,dark_green,systemic_ambiguous,False
112,75,649,617,bright_green,systemic_ambiguous,False
113,75,650,617,bright_green,systemic_ambiguous,False
114,75,651,617,bright_green,systemic_ambiguous,False
115,75,652,617,bright_green,systemic_ambiguous,False
116,75,653,617,bright_green,systemic_ambiguous,False
117,75,654,617,bright_green,systemic_ambiguous,False
118,75,655,617,bright_green,systemic_ambiguous,False
119,75,656,617,bright_green,systemic_ambiguous,False
60,76,597,618,light_blue,robust_approaching,False
61,76,598,618,light_blue,robust_approaching,False
62,76,599,618,dark_green,systemic_ambiguous,False
63,76,600,618,dark_green,systemic_ambiguous,False
64,76,601,618,dark_green,systemic_ambiguous,False
65,76,602,618,light_blue,robust_approaching,False
66,76,603,618,light_blue,robust_approaching,False
67,76,604,618,light_blue,robust_approaching,False
68,76,605,618,dark_green,systemic_ambiguous,False
69,76,606,618,dark_green,systemic_ambiguous,False
70,76,607,618,dark_green,systemic_ambiguous,False
71,76,608,618,dark_green,systemic_ambiguous,False
72,76,609,618,dark_green,systemic_ambiguous,False
74,76,611,618,light_blue,robust_approaching,False
75,76,612,618,light_blue,robust_approaching,False
76,76,613,618,light_blue,robust_approaching,False
77,76,614,618,light_blue,robust_approaching,False
78,76,615,618,light_blue,robust_approaching,False
79,76,616,618,light_blue,robust_approaching,False
80,76,617,618,light_blue,robust_approaching,False
81,76,618,618,light_blue,robust_approaching,False
82,76,619,618,light_blue,robust_approaching,False
83,76,620,618,light_blue,robust_approaching,False
84,76,621,618,light_blue,robust_approaching,False
85,76,622,618,light_blue,robust_approaching,False
86,76,623,618,light_blue,robust_approaching,False
87,76,624,618,light_blue,robust_approaching,False
88,76,625,618,light_blue,robust_approaching,False
89,76,626,618,light_blue,robust_approaching,False
90,76,627,618,light_blue,robust_approaching,False
91,76,628,618,light_blue,robust_approaching,False
92,76,629,618,light_blue,robust_approaching,False
94,76,631,618,dark_green,systemic_ambiguous,False
95,76,632,618,dark_green,systemic_ambiguous,False
96,76,633,618,dark_green,systemic_ambiguous,False
97,76,634,618,dark_green,systemic_ambiguous,False
98,76,635,618,dark_green,systemic_ambiguous,False
99,76,636,618,dark_green,systemic_ambiguous,False
100,76,637,618,dark_green,systemic_ambiguous,False
101,76,638,618,dark_green,systemic_ambiguous,False
102,76,639,618,dark_green,systemic_ambiguous,False
103,76,640,618,dark_green,systemic_ambiguous,False
104,76,641,618,dark_green,systemic_ambiguous,False
105,76,642,618,dark_green,systemic_ambiguous,False
106,76,643,618,dark_green,systemic_ambiguous,False
107,76,644,618,dark_green,systemic_ambiguous,False
108,76,645,618,dark_green,systemic_ambiguous,False
109,76,646,618,dark_green,systemic_ambiguous,False
110,76,647,618,dark_green,systemic_ambiguous,False
112,76,649,618,bright_green,systemic_ambiguous,False
113,76,650,618,bright_green,systemic_ambiguous,False
114,76,651,618,bright_green,systemic_ambiguous,False
115,76,652,618,bright_green,systemic_ambiguous,False
116,76,653,618,bright_green,systemic_ambiguous,False
117,76,654,618,bright_green,systemic_ambiguous,False
118,76,655,618,bright_green,systemic_ambiguous,False
119,76,656,618,bright_green,systemic_ambiguous,False
68,77,605,619,dark_green,systemic_ambiguous,False
69,77,606,619,dark_green,systemic_ambiguous,False
70,77,607,619,dark_green,systemic_ambiguous,False
71,77,608,619,dark_green,systemic_ambiguous,False
72,77,609,619,dark_green,systemic_ambiguous,False
94,77,631,619,dark_green,systemic_ambiguous,False
95,77,632,619,dark_green,systemic_ambiguous,False
96,77,633,619,dark_green,systemic_ambiguous,False
111,77,648,619,bright_green,systemic_ambiguous,False
112,77,649,619,bright_green,systemic_ambiguous,False
113,77,650,619,bright_green,systemic_ambiguous,False
114,77,651,619,bright_green,systemic_ambiguous,False
115,77,652,619,bright_green,systemic_ambiguous,False
116,77,653,619,bright_green,systemic_ambiguous,False
65,78,602,620,dark_green,systemic_ambiguous,False
66,78,603,620,dark_green,systemic_ambiguous,False
67,78,604,620,dark_green,systemic_ambiguous,False
68,78,605,620,dark_green,systemic_ambiguous,False
69,78,606,620,dark_green,systemic_ambiguous,False
70,78,607,620,dark_green,systemic_ambiguous,False
71,78,608,620,dark_green,systemic_ambiguous,False
72,78,609,620,dark_green,systemic_ambiguous,False
73,78,610,620,dark_green,systemic_ambiguous,False
74,78,611,620,dark_green,systemic_ambiguous,False
75,78,612,620,dark_green,systemic_ambiguous,False
76,78,613,620,dark_green,systemic_ambiguous,False
77,78,614,620,dark_green,systemic_ambiguous,False
78,78,615,620,dark_green,systemic_ambiguous,False
79,78,616,620,dark_green,systemic_ambiguous,False
80,78,617,620,dark_green,systemic_ambiguous,False
81,78,618,620,dark_green,systemic_ambiguous,False
82,78,619,620,dark_green,systemic_ambiguous,False
83,78,620,620,dark_green,systemic_ambiguous,False
84,78,621,620,dark_green,systemic_ambiguous,False
85,78,622,620,dark_green,systemic_ambiguous,False
86,78,623,620,dark_green,systemic_ambiguous,False
87,78,624,620,dark_green,systemic_ambiguous,False
88,78,625,620,dark_green,systemic_ambiguous,False
89,78,626,620,dark_green,systemic_ambiguous,False
90,78,627,620,dark_green,systemic_ambiguous,False
91,78,628,620,dark_green,systemic_ambiguous,False
92,78,629,620,dark_green,systemic_ambiguous,False
93,78,630,620,dark_green,systemic_ambiguous,False
94,78,631,620,dark_green,systemic_ambiguous,False
95,78,632,620,dark_green,systemic_ambiguous,False
96,78,633,620,dark_green,systemic_ambiguous,False
97,78,634,620,bright_green,systemic_ambiguous,False
98,78,635,620,bright_green,systemic_ambiguous,False
99,78,636,620,bright_green,systemic_ambiguous,False
100,78,637,620,bright_green,systemic_ambiguous,False
101,78,638,620,bright_green,systemic_ambiguous,False
102,78,639,620,bright_green,systemic_ambiguous,False
103,78,640,620,bright_green,systemic_ambiguous,False
104,78,641,620,bright_green,systemic_ambiguous,False
105,78,642,620,bright_green,systemic_ambiguous,False
106,78,643,620,bright_green,systemic_ambiguous,False
107,78,644,620,bright_green,systemic_ambiguous,False
108,78,645,620,bright_green,systemic_ambiguous,False
109,78,646,620,bright_green,systemic_ambiguous,False
110,78,647,620,bright_green,systemic_ambiguous,False
111,78,648,620,bright_green,systemic_ambiguous,False
112,78,649,620,bright_green,systemic_ambiguous,False
113,78,650,620,bright_green,systemic_ambiguous,False
114,78,651,620,bright_green,systemic_ambiguous,False
115,78,652,620,bright_green,systemic_ambiguous,False
116,78,653,620,bright_green,systemic_ambiguous,False
65,79,602,621,dark_green,systemic_ambiguous,False
66,79,603,621,dark_green,systemic_ambiguous,False
67,79,604,621,dark_green,systemic_ambiguous,False
68,79,605,621,dark_green,systemic_ambiguous,False
69,79,606,621,dark_green,systemic_ambiguous,False
70,79,607,621,dark_green,systemic_ambiguous,False
71,79,608,621,dark_green,systemic_ambiguous,False
72,79,609,621,dark_green,systemic_ambiguous,False
73,79,610,621,dark_green,systemic_ambiguous,False
74,79,611,621,dark_green,systemic_ambiguous,False
75,79,612,621,dark_green,systemic_ambiguous,False
76,79,613,621,dark_green,systemic_ambiguous,False
77,79,614,621,dark_green,systemic_ambiguous,False
78,79,615,621,dark_green,systemic_ambiguous,False
79,79,616,621,dark_green,systemic_ambiguous,False
80,79,617,621,dark_green,systemic_ambiguous,False
81,79,618,621,dark_green,systemic_ambiguous,False
82,79,619,621,dark_green,systemic_ambiguous,False
83,79,620,621,dark_green,systemic_ambiguous,False
84,79,621,621,dark_green,systemic_ambiguous,False
85,79,622,621,dark_green,systemic_ambiguous,False
86,79,623,621,dark_green,systemic_ambiguous,False
87,79,624,621,dark_green,systemic_ambiguous,False
88,79,625,621,dark_green,systemic_ambiguous,False
89,79,626,621,dark_green,systemic_ambiguous,False
90,79,627,621,dark_green,systemic_ambiguous,False
91,79,628,621,dark_green,systemic_ambiguous,False
92,79,629,621,dark_green,systemic_ambiguous,False
93,79,630,621,dark_green,systemic_ambiguous,False
94,79,631,621,dark_green,systemic_ambiguous,False
95,79,632,621,dark_green,systemic_ambiguous,False
96,79,633,621,dark_green,systemic_ambiguous,False
97,79,634,621,bright_green,systemic_ambiguous,False
98,79,635,621,bright_green,systemic_ambiguous,False
99,79,636,621,bright_green,systemic_ambiguous,False
100,79,637,621,bright_green,systemic_ambiguous,False
101,79,638,621,bright_green,systemic_ambiguous,False
102,79,639,621,bright_green,systemic_ambiguous,False
103,79,640,621,bright_green,systemic_ambiguous,False
104,79,641,621,bright_green,systemic_ambiguous,False
105,79,642,621,bright_green,systemic_ambiguous,False
106,79,643,621,bright_green,systemic_ambiguous,False
107,79,644,621,bright_green,systemic_ambiguous,False
108,79,645,621,bright_green,systemic_ambiguous,False
109,79,646,621,bright_green,systemic_ambiguous,False
110,79,647,621,bright_green,systemic_ambiguous,False
111,79,648,621,bright_green,systemic_ambiguous,False
112,79,649,621,bright_green,systemic_ambiguous,False
113,79,650,621,bright_green,systemic_ambiguous,False
114,79,651,621,bright_green,systemic_ambiguous,False
115,79,652,621,bright_green,systemic_ambiguous,False
116,79,653,621,bright_green,systemic_ambiguous,False
65,80,602,622,dark_green,systemic_ambiguous,False
66,80,603,622,dark_green,systemic_ambiguous,False
67,80,604,622,dark_green,systemic_ambiguous,False
68,80,605,622,dark_green,systemic_ambiguous,False
69,80,606,622,dark_green,systemic_ambiguous,False
70,80,607,622,dark_green,systemic_ambiguous,False
71,80,608,622,dark_green,systemic_ambiguous,False
72,80,609,622,dark_green,systemic_ambiguous,False
73,80,610,622,dark_green,systemic_ambiguous,False
74,80,611,622,dark_green,systemic_ambiguous,False
75,80,612,622,dark_green,systemic_ambiguous,False
76,80,613,622,dark_green,systemic_ambiguous,False
77,80,614,622,dark_green,systemic_ambiguous,False
78,80,615,622,dark_green,systemic_ambiguous,False
79,80,616,622,dark_green,systemic_ambiguous,False
80,80,617,622,dark_green,systemic_ambiguous,False
81,80,618,622,dark_green,systemic_ambiguous,False
82,80,619,622,dark_green,systemic_ambiguous,False
83,80,620,622,dark_green,systemic_ambiguous,False
84,80,621,622,dark_green,systemic_ambiguous,False
85,80,622,622,dark_green,systemic_ambiguous,False
86,80,623,622,dark_green,systemic_ambiguous,False
87,80,624,622,dark_green,systemic_ambiguous,False
88,80,625,622,dark_green,systemic_ambiguous,False
89,80,626,622,dark_green,systemic_ambiguous,False
90,80,627,622,dark_green,systemic_ambiguous,False
91,80,628,622,dark_green,systemic_ambiguous,False
92,80,629,622,dark_green,systemic_ambiguous,False
93,80,630,622,dark_green,systemic_ambiguous,False
94,80,631,622,dark_green,systemic_ambiguous,False
95,80,632,622,dark_green,systemic_ambiguous,False
96,80,633,622,dark_green,systemic_ambiguous,False
97,80,634,622,bright_green,systemic_ambiguous,False
98,80,635,622,bright_green,systemic_ambiguous,False
99,80,636,622,bright_green,systemic_ambiguous,False
100,80,637,622,bright_green,systemic_ambiguous,False
101,80,638,622,bright_green,systemic_ambiguous,False
102,80,639,622,bright_green,systemic_ambiguous,False
103,80,640,622,bright_green,systemic_ambiguous,False
104,80,641,622,bright_green,systemic_ambiguous,False
105,80,642,622,bright_green,systemic_ambiguous,False
106,80,643,622,bright_green,systemic_ambiguous,False
107,80,644,622,bright_green,systemic_ambiguous,False
108,80,645,622,bright_green,systemic_ambiguous,False
109,80,646,622,bright_green,systemic_ambiguous,False
110,80,647,622,bright_green,systemic_ambiguous,False
111,80,648,622,bright_green,systemic_ambiguous,False
112,80,649,622,bright_green,systemic_ambiguous,False
113,80,650,622,bright_green,systemic_ambiguous,False
114,80,651,622,bright_green,systemic_ambiguous,False
115,80,652,622,bright_green,systemic_ambiguous,False
116,80,653,622,bright_green,systemic_ambiguous,False
65,81,602,623,dark_green,systemic_ambiguous,False
66,81,603,623,dark_green,systemic_ambiguous,False
67,81,604,623,dark_green,systemic_ambiguous,False
68,81,605,623,dark_green,systemic_ambiguous,False
69,81,606,623,dark_green,systemic_ambiguous,False
70,81,607,623,dark_green,systemic_ambiguous,False
71,81,608,623,dark_green,systemic_ambiguous,False
72,81,609,623,dark_green,systemic_ambiguous,False
73,81,610,623,dark_green,systemic_ambiguous,False
74,81,611,623,dark_green,systemic_ambiguous,False
75,81,612,623,dark_green,systemic_ambiguous,False
76,81,613,623,dark_green,systemic_ambiguous,False
77,81,614,623,dark_green,systemic_ambiguous,False
78,81,615,623,dark_green,systemic_ambiguous,False
79,81,616,623,dark_green,systemic_ambiguous,False
80,81,617,623,dark_green,systemic_ambiguous,False
81,81,618,623,dark_green,systemic_ambiguous,False
82,81,619,623,dark_green,systemic_ambiguous,False
83,81,620,623,dark_green,systemic_ambiguous,False
84,81,621,623,dark_green,systemic_ambiguous,False
85,81,622,623,dark_green,systemic_ambiguous,False
86,81,623,623,dark_green,systemic_ambiguous,False
87,81,624,623,dark_green,systemic_ambiguous,False
89,81,626,623,bright_green,systemic_ambiguous,False
90,81,627,623,bright_green,systemic_ambiguous,False
91,81,628,623,bright_green,systemic_ambiguous,False
92,81,629,623,bright_green,systemic_ambiguous,False
93,81,630,623,bright_green,systemic_ambiguous,False
94,81,631,623,bright_green,systemic_ambiguous,False
95,81,632,623,bright_green,systemic_ambiguous,False
96,81,633,623,bright_green,systemic_ambiguous,False
97,81,634,623,bright_green,systemic_ambiguous,False
98,81,635,623,bright_green,systemic_ambiguous,False
99,81,636,623,bright_green,systemic_ambiguous,False
100,81,637,623,bright_green,systemic_ambiguous,False
101,81,638,623,bright_green,systemic_ambiguous,False
102,81,639,623,bright_green,systemic_ambiguous,False
103,81,640,623,bright_green,systemic_ambiguous,False
104,81,641,623,bright_green,systemic_ambiguous,False
105,81,642,623,bright_green,systemic_ambiguous,False
106,81,643,623,bright_green,systemic_ambiguous,False
107,81,644,623,bright_green,systemic_ambiguous,False
108,81,645,623,bright_green,systemic_ambiguous,False
109,81,646,623,bright_green,systemic_ambiguous,False
110,81,647,623,bright_green,systemic_ambiguous,False
111,81,648,623,bright_green,systemic_ambiguous,False
112,81,649,623,bright_green,systemic_ambiguous,False
113,81,650,623,bright_green,systemic_ambiguous,False
114,81,651,623,bright_green,systemic_ambiguous,False
115,81,652,623,bright_green,systemic_ambiguous,False
116,81,653,623,bright_green,systemic_ambiguous,False
65,82,602,624,dark_green,systemic_ambiguous,False
66,82,603,624,dark_green,systemic_ambiguous,False
67,82,604,624,dark_green,systemic_ambiguous,False
68,82,605,624,dark_green,systemic_ambiguous,False
69,82,606,624,dark_green,systemic_ambiguous,False
70,82,607,624,dark_green,systemic_ambiguous,False
71,82,608,624,dark_green,systemic_ambiguous,False
72,82,609,624,dark_green,systemic_ambiguous,False
73,82,610,624,dark_green,systemic_ambiguous,False
74,82,611,624,dark_green,systemic_ambiguous,False
75,82,612,624,dark_green,systemic_ambiguous,False
76,82,613,624,dark_green,systemic_ambiguous,False
77,82,614,624,dark_green,systemic_ambiguous,False
78,82,615,624,dark_green,systemic_ambiguous,False
79,82,616,624,dark_green,systemic_ambiguous,False
80,82,617,624,dark_green,systemic_ambiguous,False
81,82,618,624,dark_green,systemic_ambiguous,False
82,82,619,624,dark_green,systemic_ambiguous,False
83,82,620,624,dark_green,systemic_ambiguous,False
84,82,621,624,dark_green,systemic_ambiguous,False
85,82,622,624,dark_green,systemic_ambiguous,False
86,82,623,624,dark_green,systemic_ambiguous,False
87,82,624,624,dark_green,systemic_ambiguous,False
89,82,626,624,bright_green,systemic_ambiguous,False
90,82,627,624,bright_green,systemic_ambiguous,False
91,82,628,624,bright_green,systemic_ambiguous,False
92,82,629,624,bright_green,systemic_ambiguous,False
93,82,630,624,bright_green,systemic_ambiguous,False
94,82,631,624,bright_green,systemic_ambiguous,False
95,82,632,624,bright_green,systemic_ambiguous,False
96,82,633,624,bright_green,systemic_ambiguous,False
97,82,634,624,bright_green,systemic_ambiguous,False
98,82,635,624,bright_green,systemic_ambiguous,False
99,82,636,624,bright_green,systemic_ambiguous,False
100,82,637,624,bright_green,systemic_ambiguous,False
101,82,638,624,bright_green,systemic_ambiguous,False
102,82,639,624,bright_green,systemic_ambiguous,False
103,82,640,624,bright_green,systemic_ambiguous,False
104,82,641,624,bright_green,systemic_ambiguous,False
105,82,642,624,bright_green,systemic_ambiguous,False
106,82,643,624,bright_green,systemic_ambiguous,False
107,82,644,624,bright_green,systemic_ambiguous,False
108,82,645,624,bright_green,systemic_ambiguous,False
109,82,646,624,bright_green,systemic_ambiguous,False
110,82,647,624,bright_green,systemic_ambiguous,False
111,82,648,624,bright_green,systemic_ambiguous,False
112,82,649,624,bright_green,systemic_ambiguous,False
113,82,650,624,bright_green,systemic_ambiguous,False
114,82,651,624,bright_green,systemic_ambiguous,False
115,82,652,624,bright_green,systemic_ambiguous,False
116,82,653,624,bright_green,systemic_ambiguous,False
65,83,602,625,dark_green,systemic_ambiguous,False
66,83,603,625,dark_green,systemic_ambiguous,False
67,83,604,625,dark_green,systemic_ambiguous,False
74,83,611,625,dark_green,systemic_ambiguous,False
75,83,612,625,dark_green,systemic_ambiguous,False
76,83,613,625,dark_green,systemic_ambiguous,False
88,83,625,625,bright_green,systemic_ambiguous,False
89,83,626,625,bright_green,systemic_ambiguous,False
90,83,627,625,bright_green,systemic_ambiguous,False
108,83,645,625,bright_green,systemic_ambiguous,False
109,83,646,625,bright_green,systemic_ambiguous,False
110,83,647,625,bright_green,systemic_ambiguous,False
111,83,648,625,bright_green,systemic_ambiguous,False
112,83,649,625,bright_green,systemic_ambiguous,False
113,83,650,625,bright_green,systemic_ambiguous,False
115,83,652,625,dark_green,systemic_ambiguous,False
116,83,653,625,dark_green,systemic_ambiguous,False
65,84,602,626,dark_green,systemic_ambiguous,False
66,84,603,626,dark_green,systemic_ambiguous,False
67,84,604,626,dark_green,systemic_ambiguous,False
68,84,605,626,bright_green,systemic_ambiguous,False
69,84,606,626,bright_green,systemic_ambiguous,False
70,84,607,626,bright_green,systemic_ambiguous,False
71,84,608,626,bright_green,systemic_ambiguous,False
72,84,609,626,bright_green,systemic_ambiguous,False
74,84,611,626,dark_green,systemic_ambiguous,False
75,84,612,626,dark_green,systemic_ambiguous,False
77,84,614,626,bright_green,systemic_ambiguous,False
78,84,615,626,bright_green,systemic_ambiguous,False
79,84,616,626,bright_green,systemic_ambiguous,False
80,84,617,626,bright_green,systemic_ambiguous,False
81,84,618,626,bright_green,systemic_ambiguous,False
82,84,619,626,bright_green,systemic_ambiguous,False
83,84,620,626,bright_green,systemic_ambiguous,False
84,84,621,626,bright_green,systemic_ambiguous,False
85,84,622,626,bright_green,systemic_ambiguous,False
86,84,623,626,bright_green,systemic_ambiguous,False
87,84,624,626,bright_green,systemic_ambiguous,False
88,84,625,626,bright_green,systemic_ambiguous,False
89,84,626,626,bright_green,systemic_ambiguous,False
90,84,627,626,bright_green,systemic_ambiguous,False
91,84,628,626,yellow,robust_receding,False
92,84,629,626,yellow,robust_receding,False
93,84,630,626,yellow,robust_receding,False
94,84,631,626,yellow,robust_receding,False
95,84,632,626,yellow,robust_receding,False
96,84,633,626,yellow,robust_receding,False
97,84,634,626,yellow,robust_receding,False
98,84,635,626,yellow,robust_receding,False
99,84,636,626,yellow,robust_receding,False
100,84,637,626,yellow,robust_receding,False
101,84,638,626,yellow,robust_receding,False
102,84,639,626,yellow,robust_receding,False
103,84,640,626,yellow,robust_receding,False
104,84,641,626,yellow,robust_receding,False
105,84,642,626,yellow,robust_receding,False
106,84,643,626,yellow,robust_receding,False
107,84,644,626,yellow,robust_receding,False
109,84,646,626,bright_green,systemic_ambiguous,False
110,84,647,626,bright_green,systemic_ambiguous,False
111,84,648,626,bright_green,systemic_ambiguous,False
112,84,649,626,bright_green,systemic_ambiguous,False
113,84,650,626,bright_green,systemic_ambiguous,False
65,85,602,627,dark_green,systemic_ambiguous,False
66,85,603,627,dark_green,systemic_ambiguous,False
67,85,604,627,dark_green,systemic_ambiguous,False
68,85,605,627,bright_green,systemic_ambiguous,False
69,85,606,627,bright_green,systemic_ambiguous,False
70,85,607,627,bright_green,systemic_ambiguous,False
71,85,608,627,bright_green,systemic_ambiguous,False
72,85,609,627,bright_green,systemic_ambiguous,False
74,85,611,627,dark_green,systemic_ambiguous,False
75,85,612,627,dark_green,systemic_ambiguous,False
77,85,614,627,bright_green,systemic_ambiguous,False
78,85,615,627,bright_green,systemic_ambiguous,False
79,85,616,627,bright_green,systemic_ambiguous,False
80,85,617,627,bright_green,systemic_ambiguous,False
81,85,618,627,bright_green,systemic_ambiguous,False
82,85,619,627,bright_green,systemic_ambiguous,False
83,85,620,627,bright_green,systemic_ambiguous,False
84,85,621,627,bright_green,systemic_ambiguous,False
85,85,622,627,bright_green,systemic_ambiguous,False
86,85,623,627,bright_green,systemic_ambiguous,False
87,85,624,627,bright_green,systemic_ambiguous,False
88,85,625,627,bright_green,systemic_ambiguous,False
89,85,626,627,bright_green,systemic_ambiguous,False
90,85,627,627,bright_green,systemic_ambiguous,False
91,85,628,627,yellow,robust_receding,False
92,85,629,627,yellow,robust_receding,False
93,85,630,627,yellow,robust_receding,False
94,85,631,627,yellow,robust_receding,False
95,85,632,627,yellow,robust_receding,False
96,85,633,627,yellow,robust_receding,False
97,85,634,627,yellow,robust_receding,False
98,85,635,627,yellow,robust_receding,False
99,85,636,627,yellow,robust_receding,False
100,85,637,627,yellow,robust_receding,False
101,85,638,627,yellow,robust_receding,False
102,85,639,627,yellow,robust_receding,False
103,85,640,627,yellow,robust_receding,False
104,85,641,627,yellow,robust_receding,False
105,85,642,627,yellow,robust_receding,False
106,85,643,627,yellow,robust_receding,False
107,85,644,627,yellow,robust_receding,False
109,85,646,627,bright_green,systemic_ambiguous,False
110,85,647,627,bright_green,systemic_ambiguous,False
111,85,648,627,bright_green,systemic_ambiguous,False
112,85,649,627,bright_green,systemic_ambiguous,False
113,85,650,627,bright_green,systemic_ambiguous,False
68,86,605,628,bright_green,systemic_ambiguous,False
69,86,606,628,bright_green,systemic_ambiguous,False
70,86,607,628,bright_green,systemic_ambiguous,False
71,86,608,628,bright_green,systemic_ambiguous,False
72,86,609,628,bright_green,systemic_ambiguous,False
77,86,614,628,bright_green,systemic_ambiguous,False
78,86,615,628,bright_green,systemic_ambiguous,False
79,86,616,628,bright_green,systemic_ambiguous,False
80,86,617,628,bright_green,systemic_ambiguous,False
81,86,618,628,bright_green,systemic_ambiguous,False
82,86,619,628,bright_green,systemic_ambiguous,False
83,86,620,628,bright_green,systemic_ambiguous,False
84,86,621,628,bright_green,systemic_ambiguous,False
85,86,622,628,bright_green,systemic_ambiguous,False
86,86,623,628,bright_green,systemic_ambiguous,False
87,86,624,628,bright_green,systemic_ambiguous,False
91,86,628,628,yellow,robust_receding,False
92,86,629,628,yellow,robust_receding,False
93,86,630,628,yellow,robust_receding,False
94,86,631,628,yellow,robust_receding,False
95,86,632,628,yellow,robust_receding,False
96,86,633,628,yellow,robust_receding,False
97,86,634,628,yellow,robust_receding,False
98,86,635,628,yellow,robust_receding,False
99,86,636,628,yellow,robust_receding,False
100,86,637,628,yellow,robust_receding,False
101,86,638,628,yellow,robust_receding,False
102,86,639,628,yellow,robust_receding,False
103,86,640,628,yellow,robust_receding,False
104,86,641,628,yellow,robust_receding,False
105,86,642,628,yellow,robust_receding,False
106,86,643,628,yellow,robust_receding,False
107,86,644,628,yellow,robust_receding,False
65,87,602,629,bright_green,systemic_ambiguous,False
66,87,603,629,bright_green,systemic_ambiguous,False
67,87,604,629,bright_green,systemic_ambiguous,False
68,87,605,629,bright_green,systemic_ambiguous,False
69,87,606,629,bright_green,systemic_ambiguous,False
70,87,607,629,bright_green,systemic_ambiguous,False
71,87,608,629,bright_green,systemic_ambiguous,False
72,87,609,629,bright_green,systemic_ambiguous,False
73,87,610,629,bright_green,systemic_ambiguous,False
74,87,611,629,bright_green,systemic_ambiguous,False
75,87,612,629,bright_green,systemic_ambiguous,False
76,87,613,629,bright_green,systemic_ambiguous,False
77,87,614,629,bright_green,systemic_ambiguous,False
78,87,615,629,bright_green,systemic_ambiguous,False
79,87,616,629,bright_green,systemic_ambiguous,False
80,87,617,629,bright_green,systemic_ambiguous,False
81,87,618,629,bright_green,systemic_ambiguous,False
82,87,619,629,bright_green,systemic_ambiguous,False
83,87,620,629,bright_green,systemic_ambiguous,False
84,87,621,629,bright_green,systemic_ambiguous,False
85,87,622,629,bright_green,systemic_ambiguous,False
86,87,623,629,bright_green,systemic_ambiguous,False
87,87,624,629,bright_green,systemic_ambiguous,False
89,87,626,629,yellow,robust_receding,False
90,87,627,629,yellow,robust_receding,False
91,87,628,629,yellow,robust_receding,False
92,87,629,629,yellow,robust_receding,False
93,87,630,629,yellow,robust_receding,False
94,87,631,629,yellow,robust_receding,False
95,87,632,629,yellow,robust_receding,False
96,87,633,629,yellow,robust_receding,False
97,87,634,629,yellow,robust_receding,False
98,87,635,629,yellow,robust_receding,False
99,87,636,629,yellow,robust_receding,False
100,87,637,629,yellow,robust_receding,False
101,87,638,629,yellow,robust_receding,False
102,87,639,629,yellow,robust_receding,False
103,87,640,629,yellow,robust_receding,False
104,87,641,629,yellow,robust_receding,False
105,87,642,629,yellow,robust_receding,False
106,87,643,629,yellow,robust_receding,False
107,87,644,629,yellow,robust_receding,False
108,87,645,629,yellow,robust_receding,False
109,87,646,629,yellow,robust_receding,False
110,87,647,629,yellow,robust_receding,False
111,87,648,629,yellow,robust_receding,False
112,87,649,629,yellow,robust_receding,False
113,87,650,629,yellow,robust_receding,False
65,88,602,630,bright_green,systemic_ambiguous,False
66,88,603,630,bright_green,systemic_ambiguous,False
67,88,604,630,bright_green,systemic_ambiguous,False
68,88,605,630,bright_green,systemic_ambiguous,False
69,88,606,630,bright_green,systemic_ambiguous,False
70,88,607,630,bright_green,systemic_ambiguous,False
71,88,608,630,bright_green,systemic_ambiguous,False
72,88,609,630,bright_green,systemic_ambiguous,False
73,88,610,630,bright_green,systemic_ambiguous,False
74,88,611,630,bright_green,systemic_ambiguous,False
75,88,612,630,bright_green,systemic_ambiguous,False
76,88,613,630,bright_green,systemic_ambiguous,False
77,88,614,630,bright_green,systemic_ambiguous,False
78,88,615,630,bright_green,systemic_ambiguous,False
79,88,616,630,bright_green,systemic_ambiguous,False
80,88,617,630,bright_green,systemic_ambiguous,False
81,88,618,630,bright_green,systemic_ambiguous,False
82,88,619,630,bright_green,systemic_ambiguous,False
83,88,620,630,bright_green,systemic_ambiguous,False
84,88,621,630,bright_green,systemic_ambiguous,False
85,88,622,630,bright_green,systemic_ambiguous,False
86,88,623,630,bright_green,systemic_ambiguous,False
87,88,624,630,bright_green,systemic_ambiguous,False
89,88,626,630,yellow,robust_receding,False
90,88,627,630,yellow,robust_receding,False
91,88,628,630,yellow,robust_receding,False
92,88,629,630,yellow,robust_receding,False
93,88,630,630,yellow,robust_receding,False
94,88,631,630,yellow,robust_receding,False
95,88,632,630,yellow,robust_receding,False
96,88,633,630,yellow,robust_receding,False
97,88,634,630,yellow,robust_receding,False
98,88,635,630,yellow,robust_receding,False
99,88,636,630,yellow,robust_receding,False
100,88,637,630,yellow,robust_receding,False
101,88,638,630,yellow,robust_receding,False
102,88,639,630,yellow,robust_receding,False
103,88,640,630,yellow,robust_receding,False
104,88,641,630,yellow,robust_receding,False
105,88,642,630,yellow,robust_receding,False
106,88,643,630,yellow,robust_receding,False
107,88,644,630,yellow,robust_receding,False
108,88,645,630,yellow,robust_receding,False
109,88,646,630,yellow,robust_receding,False
110,88,647,630,yellow,robust_receding,False
111,88,648,630,yellow,robust_receding,False
112,88,649,630,yellow,robust_receding,False
113,88,650,630,yellow,robust_receding,False
65,89,602,631,dark_green,systemic_ambiguous,False
66,89,603,631,dark_green,systemic_ambiguous,False
67,89,604,631,dark_green,systemic_ambiguous,False
68,89,605,631,bright_green,systemic_ambiguous,False
69,89,606,631,bright_green,systemic_ambiguous,False
70,89,607,631,bright_green,systemic_ambiguous,False
71,89,608,631,bright_green,systemic_ambiguous,False
72,89,609,631,bright_green,systemic_ambiguous,False
73,89,610,631,bright_green,systemic_ambiguous,False
74,89,611,631,bright_green,systemic_ambiguous,False
75,89,612,631,bright_green,systemic_ambiguous,False
76,89,613,631,bright_green,systemic_ambiguous,False
77,89,614,631,bright_green,systemic_ambiguous,False
78,89,615,631,bright_green,systemic_ambiguous,False
79,89,616,631,bright_green,systemic_ambiguous,False
80,89,617,631,bright_green,systemic_ambiguous,False
81,89,618,631,bright_green,systemic_ambiguous,False
89,89,626,631,yellow,robust_receding,False
90,89,627,631,yellow,robust_receding,False
92,89,629,631,yellow,robust_receding,False
94,89,631,631,yellow,robust_receding,False
96,89,633,631,yellow,robust_receding,False
98,89,635,631,yellow,robust_receding,False
100,89,637,631,yellow,robust_receding,False
102,89,639,631,yellow,robust_receding,False
103,89,640,631,yellow,robust_receding,False
104,89,641,631,yellow,robust_receding,False
105,89,642,631,yellow,robust_receding,False
106,89,643,631,yellow,robust_receding,False
107,89,644,631,yellow,robust_receding,False
108,89,645,631,yellow,robust_receding,False
109,89,646,631,yellow,robust_receding,False
110,89,647,631,yellow,robust_receding,False
111,89,648,631,yellow,robust_receding,False
112,89,649,631,yellow,robust_receding,False
113,89,650,631,yellow,robust_receding,False
68,90,605,632,bright_green,systemic_ambiguous,False
69,90,606,632,bright_green,systemic_ambiguous,False
70,90,607,632,bright_green,systemic_ambiguous,False
71,90,608,632,bright_green,systemic_ambiguous,False
72,90,609,632,bright_green,systemic_ambiguous,False
73,90,610,632,bright_green,systemic_ambiguous,False
74,90,611,632,bright_green,systemic_ambiguous,False
75,90,612,632,bright_green,systemic_ambiguous,False
76,90,613,632,bright_green,systemic_ambiguous,False
77,90,614,632,bright_green,systemic_ambiguous,False
78,90,615,632,bright_green,systemic_ambiguous,False
79,90,616,632,bright_green,systemic_ambiguous,False
80,90,617,632,bright_green,systemic_ambiguous,False
81,90,618,632,bright_green,systemic_ambiguous,False
83,90,620,632,yellow,robust_receding,False
84,90,621,632,yellow,robust_receding,False
85,90,622,632,yellow,robust_receding,False
86,90,623,632,yellow,robust_receding,False
87,90,624,632,yellow,robust_receding,False
88,90,625,632,yellow,robust_receding,False
89,90,626,632,yellow,robust_receding,False
90,90,627,632,yellow,robust_receding,False
92,90,629,632,orange,robust_receding,False
93,90,630,632,orange,robust_receding,False
94,90,631,632,orange,robust_receding,False
95,90,632,632,orange,robust_receding,False
96,90,633,632,orange,robust_receding,False
97,90,634,632,orange,robust_receding,False
98,90,635,632,orange,robust_receding,False
99,90,636,632,orange,robust_receding,False
100,90,637,632,orange,robust_receding,False
101,90,638,632,orange,robust_receding,False
103,90,640,632,yellow,robust_receding,False
104,90,641,632,yellow,robust_receding,False
105,90,642,632,yellow,robust_receding,False
106,90,643,632,yellow,robust_receding,False
107,90,644,632,yellow,robust_receding,False
108,90,645,632,yellow,robust_receding,False
109,90,646,632,yellow,robust_receding,False
110,90,647,632,yellow,robust_receding,False
111,90,648,632,yellow,robust_receding,False
112,90,649,632,yellow,robust_receding,False
113,90,650,632,yellow,robust_receding,False
114,90,651,632,yellow,robust_receding,False
115,90,652,632,yellow,robust_receding,False
116,90,653,632,yellow,robust_receding,False
68,91,605,633,bright_green,systemic_ambiguous,False
69,91,606,633,bright_green,systemic_ambiguous,False
70,91,607,633,bright_green,systemic_ambiguous,False
71,91,608,633,bright_green,systemic_ambiguous,False
72,91,609,633,bright_green,systemic_ambiguous,False
73,91,610,633,bright_green,systemic_ambiguous,False
74,91,611,633,bright_green,systemic_ambiguous,False
75,91,612,633,bright_green,systemic_ambiguous,False
76,91,613,633,bright_green,systemic_ambiguous,False
77,91,614,633,bright_green,systemic_ambiguous,False
78,91,615,633,bright_green,systemic_ambiguous,False
79,91,616,633,bright_green,systemic_ambiguous,False
80,91,617,633,bright_green,systemic_ambiguous,False
81,91,618,633,bright_green,systemic_ambiguous,False
83,91,620,633,yellow,robust_receding,False
84,91,621,633,yellow,robust_receding,False
85,91,622,633,yellow,robust_receding,False
86,91,623,633,yellow,robust_receding,False
87,91,624,633,yellow,robust_receding,False
88,91,625,633,yellow,robust_receding,False
89,91,626,633,yellow,robust_receding,False
90,91,627,633,yellow,robust_receding,False
91,91,628,633,orange,robust_receding,False
92,91,629,633,orange,robust_receding,False
93,91,630,633,orange,robust_receding,False
94,91,631,633,orange,robust_receding,False
95,91,632,633,orange,robust_receding,False
96,91,633,633,orange,robust_receding,False
97,91,634,633,orange,robust_receding,False
98,91,635,633,orange,robust_receding,False
99,91,636,633,orange,robust_receding,False
100,91,637,633,orange,robust_receding,False
103,91,640,633,yellow,robust_receding,False
104,91,641,633,yellow,robust_receding,False
105,91,642,633,yellow,robust_receding,False
106,91,643,633,yellow,robust_receding,False
107,91,644,633,yellow,robust_receding,False
108,91,645,633,yellow,robust_receding,False
109,91,646,633,yellow,robust_receding,False
110,91,647,633,yellow,robust_receding,False
111,91,648,633,yellow,robust_receding,False
112,91,649,633,yellow,robust_receding,False
113,91,650,633,yellow,robust_receding,False
114,91,651,633,yellow,robust_receding,False
115,91,652,633,yellow,robust_receding,False
116,91,653,633,yellow,robust_receding,False
74,92,611,634,bright_green,systemic_ambiguous,False
75,92,612,634,bright_green,systemic_ambiguous,False
76,92,613,634,bright_green,systemic_ambiguous,False
77,92,614,634,bright_green,systemic_ambiguous,False
78,92,615,634,bright_green,systemic_ambiguous,False
83,92,620,634,yellow,robust_receding,False
84,92,621,634,yellow,robust_receding,False
85,92,622,634,yellow,robust_receding,False
86,92,623,634,yellow,robust_receding,False
87,92,624,634,yellow,robust_receding,False
91,92,628,634,orange,robust_receding,False
92,92,629,634,orange,robust_receding,False
93,92,630,634,orange,robust_receding,False
94,92,631,634,orange,robust_receding,False
95,92,632,634,orange,robust_receding,False
96,92,633,634,orange,robust_receding,False
97,92,634,634,orange,robust_receding,False
98,92,635,634,orange,robust_receding,False
99,92,636,634,orange,robust_receding,False
100,92,637,634,orange,robust_receding,False
101,92,638,634,orange,robust_receding,False
106,92,643,634,yellow,robust_receding,False
107,92,644,634,yellow,robust_receding,False
108,92,645,634,yellow,robust_receding,False
109,92,646,634,yellow,robust_receding,False
110,92,647,634,yellow,robust_receding,False
111,92,648,634,yellow,robust_receding,False
112,92,649,634,yellow,robust_receding,False
113,92,650,634,yellow,robust_receding,False
114,92,651,634,yellow,robust_receding,False
115,92,652,634,yellow,robust_receding,False
116,92,653,634,yellow,robust_receding,False
68,93,605,635,yellow,robust_receding,False
69,93,606,635,yellow,robust_receding,False
70,93,607,635,yellow,robust_receding,False
71,93,608,635,yellow,robust_receding,False
72,93,609,635,yellow,robust_receding,False
74,93,611,635,bright_green,systemic_ambiguous,False
75,93,612,635,bright_green,systemic_ambiguous,False
76,93,613,635,bright_green,systemic_ambiguous,False
77,93,614,635,bright_green,systemic_ambiguous,False
78,93,615,635,bright_green,systemic_ambiguous,False
80,93,617,635,yellow,robust_receding,False
81,93,618,635,yellow,robust_receding,False
82,93,619,635,yellow,robust_receding,False
83,93,620,635,yellow,robust_receding,False
84,93,621,635,yellow,robust_receding,False
85,93,622,635,yellow,robust_receding,False
86,93,623,635,yellow,robust_receding,False
87,93,624,635,yellow,robust_receding,False
89,93,626,635,orange,robust_receding,False
90,93,627,635,orange,robust_receding,False
91,93,628,635,orange,robust_receding,False
92,93,629,635,orange,robust_receding,False
93,93,630,635,orange,robust_receding,False
94,93,631,635,orange,robust_receding,False
95,93,632,635,orange,robust_receding,False
96,93,633,635,orange,robust_receding,False
97,93,634,635,orange,robust_receding,False
98,93,635,635,orange,robust_receding,False
99,93,636,635,orange,robust_receding,False
100,93,637,635,orange,robust_receding,False
101,93,638,635,orange,robust_receding,False
102,93,639,635,orange,robust_receding,False
103,93,640,635,orange,robust_receding,False
104,93,641,635,orange,robust_receding,False
106,93,643,635,yellow,robust_receding,False
107,93,644,635,yellow,robust_receding,False
108,93,645,635,yellow,robust_receding,False
109,93,646,635,yellow,robust_receding,False
110,93,647,635,yellow,robust_receding,False
111,93,648,635,yellow,robust_receding,False
112,93,649,635,yellow,robust_receding,False
113,93,650,635,yellow,robust_receding,False
114,93,651,635,yellow,robust_receding,False
115,93,652,635,yellow,robust_receding,False
116,93,653,635,yellow,robust_receding,False
68,94,605,636,yellow,robust_receding,False
69,94,606,636,yellow,robust_receding,False
70,94,607,636,yellow,robust_receding,False
71,94,608,636,yellow,robust_receding,False
72,94,609,636,yellow,robust_receding,False
74,94,611,636,bright_green,systemic_ambiguous,False
75,94,612,636,bright_green,systemic_ambiguous,False
76,94,613,636,bright_green,systemic_ambiguous,False
77,94,614,636,bright_green,systemic_ambiguous,False
78,94,615,636,bright_green,systemic_ambiguous,False
80,94,617,636,yellow,robust_receding,False
81,94,618,636,yellow,robust_receding,False
82,94,619,636,yellow,robust_receding,False
83,94,620,636,yellow,robust_receding,False
84,94,621,636,yellow,robust_receding,False
85,94,622,636,yellow,robust_receding,False
86,94,623,636,yellow,robust_receding,False
87,94,624,636,yellow,robust_receding,False
89,94,626,636,orange,robust_receding,False
90,94,627,636,orange,robust_receding,False
91,94,628,636,orange,robust_receding,False
92,94,629,636,orange,robust_receding,False
93,94,630,636,orange,robust_receding,False
95,94,632,636,orange,robust_receding,False
96,94,633,636,orange,robust_receding,False
98,94,635,636,orange,robust_receding,False
99,94,636,636,orange,robust_receding,False
100,94,637,636,orange,robust_receding,False
101,94,638,636,orange,robust_receding,False
102,94,639,636,orange,robust_receding,False
103,94,640,636,orange,robust_receding,False
104,94,641,636,orange,robust_receding,False
106,94,643,636,yellow,robust_receding,False
107,94,644,636,yellow,robust_receding,False
108,94,645,636,yellow,robust_receding,False
109,94,646,636,yellow,robust_receding,False
110,94,647,636,yellow,robust_receding,False
111,94,648,636,yellow,robust_receding,False
112,94,649,636,yellow,robust_receding,False
113,94,650,636,yellow,robust_receding,False
114,94,651,636,yellow,robust_receding,False
115,94,652,636,yellow,robust_receding,False
116,94,653,636,yellow,robust_receding,False
71,95,608,637,yellow,robust_receding,False
72,95,609,637,yellow,robust_receding,False
80,95,617,637,yellow,robust_receding,False
81,95,618,637,yellow,robust_receding,False
82,95,619,637,yellow,robust_receding,False
83,95,620,637,yellow,robust_receding,False
84,95,621,637,yellow,robust_receding,False
85,95,622,637,yellow,robust_receding,False
86,95,623,637,yellow,robust_receding,False
87,95,624,637,yellow,robust_receding,False
89,95,626,637,orange,robust_receding,False
91,95,628,637,orange,robust_receding,False
92,95,629,637,orange,robust_receding,False
93,95,630,637,orange,robust_receding,False
94,95,631,637,orange,robust_receding,False
95,95,632,637,orange,robust_receding,False
96,95,633,637,orange,robust_receding,False
97,95,634,637,orange,robust_receding,False
98,95,635,637,orange,robust_receding,False
99,95,636,637,orange,robust_receding,False
100,95,637,637,orange,robust_receding,False
101,95,638,637,orange,robust_receding,False
102,95,639,637,orange,robust_receding,False
103,95,640,637,orange,robust_receding,False
104,95,641,637,orange,robust_receding,False
108,95,645,637,yellow,robust_receding,False
109,95,646,637,yellow,robust_receding,False
110,95,647,637,yellow,robust_receding,False
111,95,648,637,yellow,robust_receding,False
112,95,649,637,yellow,robust_receding,False
113,95,650,637,yellow,robust_receding,False
114,95,651,637,yellow,robust_receding,False
115,95,652,637,yellow,robust_receding,False
116,95,653,637,yellow,robust_receding,False
68,96,605,638,bright_green,systemic_ambiguous,False
69,96,606,638,bright_green,systemic_ambiguous,False
71,96,608,638,yellow,robust_receding,False
72,96,609,638,yellow,robust_receding,False
73,96,610,638,yellow,robust_receding,False
74,96,611,638,yellow,robust_receding,False
75,96,612,638,yellow,robust_receding,False
76,96,613,638,yellow,robust_receding,False
77,96,614,638,yellow,robust_receding,False
78,96,615,638,yellow,robust_receding,False
79,96,616,638,yellow,robust_receding,False
80,96,617,638,yellow,robust_receding,False
81,96,618,638,yellow,robust_receding,False
82,96,619,638,yellow,robust_receding,False
83,96,620,638,yellow,robust_receding,False
84,96,621,638,yellow,robust_receding,False
85,96,622,638,yellow,robust_receding,False
86,96,623,638,yellow,robust_receding,False
87,96,624,638,yellow,robust_receding,False
89,96,626,638,orange,robust_receding,False
90,96,627,638,orange,robust_receding,False
91,96,628,638,orange,robust_receding,False
92,96,629,638,orange,robust_receding,False
93,96,630,638,orange,robust_receding,False
94,96,631,638,orange,robust_receding,False
95,96,632,638,orange,robust_receding,False
96,96,633,638,orange,robust_receding,False
97,96,634,638,orange,robust_receding,False
98,96,635,638,orange,robust_receding,False
99,96,636,638,orange,robust_receding,False
101,96,638,638,orange,robust_receding,False
102,96,639,638,orange,robust_receding,False
103,96,640,638,orange,robust_receding,False
104,96,641,638,orange,robust_receding,False
105,96,642,638,orange,robust_receding,False
106,96,643,638,orange,robust_receding,False
107,96,644,638,orange,robust_receding,False
109,96,646,638,yellow,robust_receding,False
110,96,647,638,yellow,robust_receding,False
111,96,648,638,yellow,robust_receding,False
112,96,649,638,yellow,robust_receding,False
113,96,650,638,yellow,robust_receding,False
114,96,651,638,yellow,robust_receding,False
115,96,652,638,yellow,robust_receding,False
116,96,653,638,yellow,robust_receding,False
68,97,605,639,bright_green,systemic_ambiguous,False
69,97,606,639,bright_green,systemic_ambiguous,False
71,97,608,639,yellow,robust_receding,False
72,97,609,639,yellow,robust_receding,False
73,97,610,639,yellow,robust_receding,False
74,97,611,639,yellow,robust_receding,False
75,97,612,639,yellow,robust_receding,False
76,97,613,639,yellow,robust_receding,False
77,97,614,639,yellow,robust_receding,False
78,97,615,639,yellow,robust_receding,False
79,97,616,639,yellow,robust_receding,False
80,97,617,639,yellow,robust_receding,False
81,97,618,639,yellow,robust_receding,False
82,97,619,639,yellow,robust_receding,False
83,97,620,639,yellow,robust_receding,False
84,97,621,639,yellow,robust_receding,False
85,97,622,639,yellow,robust_receding,False
86,97,623,639,yellow,robust_receding,False
87,97,624,639,yellow,robust_receding,False
89,97,626,639,orange,robust_receding,False
90,97,627,639,orange,robust_receding,False
91,97,628,639,orange,robust_receding,False
92,97,629,639,orange,robust_receding,False
93,97,630,639,orange,robust_receding,False
94,97,631,639,orange,robust_receding,False
95,97,632,639,orange,robust_receding,False
96,97,633,639,orange,robust_receding,False
97,97,634,639,orange,robust_receding,False
98,97,635,639,orange,robust_receding,False
99,97,636,639,orange,robust_receding,False
100,97,637,639,orange,robust_receding,False
101,97,638,639,orange,robust_receding,False
102,97,639,639,orange,robust_receding,False
103,97,640,639,orange,robust_receding,False
104,97,641,639,orange,robust_receding,False
105,97,642,639,orange,robust_receding,False
106,97,643,639,orange,robust_receding,False
107,97,644,639,orange,robust_receding,False
108,97,645,639,yellow,robust_receding,False
109,97,646,639,yellow,robust_receding,False
110,97,647,639,yellow,robust_receding,False
111,97,648,639,yellow,robust_receding,False
112,97,649,639,yellow,robust_receding,False
113,97,650,639,yellow,robust_receding,False
114,97,651,639,yellow,robust_receding,False
115,97,652,639,yellow,robust_receding,False
116,97,653,639,yellow,robust_receding,False
68,98,605,640,bright_green,systemic_ambiguous,False
69,98,606,640,bright_green,systemic_ambiguous,False
71,98,608,640,yellow,robust_receding,False
72,98,609,640,yellow,robust_receding,False
73,98,610,640,yellow,robust_receding,False
74,98,611,640,yellow,robust_receding,False
75,98,612,640,yellow,robust_receding,False
76,98,613,640,yellow,robust_receding,False
77,98,614,640,yellow,robust_receding,False
78,98,615,640,yellow,robust_receding,False
79,98,616,640,yellow,robust_receding,False
80,98,617,640,yellow,robust_receding,False
81,98,618,640,yellow,robust_receding,False
82,98,619,640,yellow,robust_receding,False
83,98,620,640,yellow,robust_receding,False
84,98,621,640,yellow,robust_receding,False
85,98,622,640,yellow,robust_receding,False
86,98,623,640,yellow,robust_receding,False
87,98,624,640,yellow,robust_receding,False
90,98,627,640,orange,robust_receding,False
91,98,628,640,orange,robust_receding,False
92,98,629,640,orange,robust_receding,False
94,98,631,640,orange,robust_receding,False
95,98,632,640,orange,robust_receding,False
97,98,634,640,orange,robust_receding,False
98,98,635,640,orange,robust_receding,False
99,98,636,640,orange,robust_receding,False
100,98,637,640,orange,robust_receding,False
101,98,638,640,orange,robust_receding,False
102,98,639,640,orange,robust_receding,False
103,98,640,640,orange,robust_receding,False
104,98,641,640,orange,robust_receding,False
105,98,642,640,orange,robust_receding,False
106,98,643,640,orange,robust_receding,False
107,98,644,640,orange,robust_receding,False
109,98,646,640,yellow,robust_receding,False
110,98,647,640,yellow,robust_receding,False
111,98,648,640,yellow,robust_receding,False
112,98,649,640,yellow,robust_receding,False
113,98,650,640,yellow,robust_receding,False
114,98,651,640,yellow,robust_receding,False
115,98,652,640,yellow,robust_receding,False
116,98,653,640,yellow,robust_receding,False
65,99,602,641,dark_green,systemic_ambiguous,False
66,99,603,641,dark_green,systemic_ambiguous,False
67,99,604,641,dark_green,systemic_ambiguous,False
68,99,605,641,bright_green,systemic_ambiguous,False
69,99,606,641,bright_green,systemic_ambiguous,False
71,99,608,641,yellow,robust_receding,False
72,99,609,641,yellow,robust_receding,False
73,99,610,641,yellow,robust_receding,False
74,99,611,641,yellow,robust_receding,False
75,99,612,641,yellow,robust_receding,False
76,99,613,641,yellow,robust_receding,False
77,99,614,641,yellow,robust_receding,False
78,99,615,641,yellow,robust_receding,False
79,99,616,641,yellow,robust_receding,False
80,99,617,641,yellow,robust_receding,False
81,99,618,641,yellow,robust_receding,False
82,99,619,641,yellow,robust_receding,False
83,99,620,641,yellow,robust_receding,False
84,99,621,641,yellow,robust_receding,False
85,99,622,641,yellow,robust_receding,False
86,99,623,641,yellow,robust_receding,False
87,99,624,641,yellow,robust_receding,False
89,99,626,641,orange,robust_receding,False
90,99,627,641,orange,robust_receding,False
91,99,628,641,orange,robust_receding,False
92,99,629,641,orange,robust_receding,False
93,99,630,641,orange,robust_receding,False
94,99,631,641,orange,robust_receding,False
95,99,632,641,orange,robust_receding,False
96,99,633,641,orange,robust_receding,False
97,99,634,641,orange,robust_receding,False
98,99,635,641,orange,robust_receding,False
99,99,636,641,orange,robust_receding,False
100,99,637,641,orange,robust_receding,False
101,99,638,641,orange,robust_receding,False
102,99,639,641,orange,robust_receding,False
103,99,640,641,orange,robust_receding,False
104,99,641,641,orange,robust_receding,False
105,99,642,641,orange,robust_receding,False
106,99,643,641,orange,robust_receding,False
107,99,644,641,orange,robust_receding,False
108,99,645,641,yellow,robust_receding,False
109,99,646,641,yellow,robust_receding,False
110,99,647,641,yellow,robust_receding,False
111,99,648,641,yellow,robust_receding,False
112,99,649,641,yellow,robust_receding,False
113,99,650,641,yellow,robust_receding,False
114,99,651,641,yellow,robust_receding,False
115,99,652,641,yellow,robust_receding,False
116,99,653,641,yellow,robust_receding,False
117,99,654,641,yellow,robust_receding,False
118,99,655,641,yellow,robust_receding,False
119,99,656,641,yellow,robust_receding,False
65,100,602,642,dark_green,systemic_ambiguous,False
66,100,603,642,dark_green,systemic_ambiguous,False
67,100,604,642,dark_green,systemic_ambiguous,False
68,100,605,642,bright_green,systemic_ambiguous,False
69,100,606,642,bright_green,systemic_ambiguous,False
71,100,608,642,yellow,robust_receding,False
72,100,609,642,yellow,robust_receding,False
73,100,610,642,yellow,robust_receding,False
74,100,611,642,yellow,robust_receding,False
75,100,612,642,yellow,robust_receding,False
76,100,613,642,yellow,robust_receding,False
77,100,614,642,yellow,robust_receding,False
78,100,615,642,yellow,robust_receding,False
79,100,616,642,yellow,robust_receding,False
80,100,617,642,yellow,robust_receding,False
81,100,618,642,yellow,robust_receding,False
82,100,619,642,yellow,robust_receding,False
83,100,620,642,yellow,robust_receding,False
84,100,621,642,yellow,robust_receding,False
85,100,622,642,yellow,robust_receding,False
86,100,623,642,yellow,robust_receding,False
87,100,624,642,yellow,robust_receding,False
89,100,626,642,orange,robust_receding,False
90,100,627,642,orange,robust_receding,False
91,100,628,642,orange,robust_receding,False
92,100,629,642,orange,robust_receding,False
93,100,630,642,orange,robust_receding,False
94,100,631,642,orange,robust_receding,False
95,100,632,642,orange,robust_receding,False
96,100,633,642,orange,robust_receding,False
97,100,634,642,orange,robust_receding,False
98,100,635,642,orange,robust_receding,False
100,100,637,642,orange,robust_receding,False
101,100,638,642,orange,robust_receding,False
103,100,640,642,orange,robust_receding,False
104,100,641,642,orange,robust_receding,False
105,100,642,642,orange,robust_receding,False
106,100,643,642,orange,robust_receding,False
107,100,644,642,orange,robust_receding,False
109,100,646,642,yellow,robust_receding,False
110,100,647,642,yellow,robust_receding,False
111,100,648,642,yellow,robust_receding,False
112,100,649,642,yellow,robust_receding,False
113,100,650,642,yellow,robust_receding,False
114,100,651,642,yellow,robust_receding,False
115,100,652,642,yellow,robust_receding,False
116,100,653,642,yellow,robust_receding,False
117,100,654,642,yellow,robust_receding,False
118,100,655,642,yellow,robust_receding,False
119,100,656,642,yellow,robust_receding,False
62,101,599,643,bright_green,systemic_ambiguous,False
63,101,600,643,bright_green,systemic_ambiguous,False
64,101,601,643,bright_green,systemic_ambiguous,False
65,101,602,643,bright_green,systemic_ambiguous,False
66,101,603,643,bright_green,systemic_ambiguous,False
67,101,604,643,bright_green,systemic_ambiguous,False
68,101,605,643,bright_green,systemic_ambiguous,False
69,101,606,643,bright_green,systemic_ambiguous,False
71,101,608,643,yellow,robust_receding,False
72,101,609,643,yellow,robust_receding,False
73,101,610,643,yellow,robust_receding,False
74,101,611,643,yellow,robust_receding,False
75,101,612,643,yellow,robust_receding,False
76,101,613,643,yellow,robust_receding,False
77,101,614,643,yellow,robust_receding,False
78,101,615,643,yellow,robust_receding,False
79,101,616,643,yellow,robust_receding,False
80,101,617,643,yellow,robust_receding,False
81,101,618,643,yellow,robust_receding,False
82,101,619,643,yellow,robust_receding,False
83,101,620,643,yellow,robust_receding,False
84,101,621,643,yellow,robust_receding,False
85,101,622,643,yellow,robust_receding,False
86,101,623,643,yellow,robust_receding,False
87,101,624,643,yellow,robust_receding,False
89,101,626,643,orange,robust_receding,False
90,101,627,643,orange,robust_receding,False
91,101,628,643,orange,robust_receding,False
92,101,629,643,orange,robust_receding,False
93,101,630,643,orange,robust_receding,False
94,101,631,643,orange,robust_receding,False
95,101,632,643,orange,robust_receding,False
96,101,633,643,orange,robust_receding,False
97,101,634,643,orange,robust_receding,False
98,101,635,643,orange,robust_receding,False
99,101,636,643,orange,robust_receding,False
100,101,637,643,orange,robust_receding,False
101,101,638,643,orange,robust_receding,False
102,101,639,643,orange,robust_receding,False
103,101,640,643,orange,robust_receding,False
104,101,641,643,orange,robust_receding,False
105,101,642,643,orange,robust_receding,False
106,101,643,643,orange,robust_receding,False
107,101,644,643,orange,robust_receding,False
109,101,646,643,orange,robust_receding,False
110,101,647,643,orange,robust_receding,False
111,101,648,643,yellow,robust_receding,False
112,101,649,643,yellow,robust_receding,False
113,101,650,643,yellow,robust_receding,False
114,101,651,643,yellow,robust_receding,False
115,101,652,643,yellow,robust_receding,False
116,101,653,643,yellow,robust_receding,False
117,101,654,643,yellow,robust_receding,False
118,101,655,643,yellow,robust_receding,False
119,101,656,643,yellow,robust_receding,False
62,102,599,644,bright_green,systemic_ambiguous,False
63,102,600,644,bright_green,systemic_ambiguous,False
64,102,601,644,bright_green,systemic_ambiguous,False
65,102,602,644,bright_green,systemic_ambiguous,False
66,102,603,644,bright_green,systemic_ambiguous,False
67,102,604,644,bright_green,systemic_ambiguous,False
68,102,605,644,bright_green,systemic_ambiguous,False
69,102,606,644,bright_green,systemic_ambiguous,False
71,102,608,644,yellow,robust_receding,False
72,102,609,644,yellow,robust_receding,False
73,102,610,644,yellow,robust_receding,False
74,102,611,644,yellow,robust_receding,False
75,102,612,644,yellow,robust_receding,False
76,102,613,644,yellow,robust_receding,False
77,102,614,644,yellow,robust_receding,False
78,102,615,644,yellow,robust_receding,False
79,102,616,644,yellow,robust_receding,False
80,102,617,644,yellow,robust_receding,False
81,102,618,644,yellow,robust_receding,False
82,102,619,644,yellow,robust_receding,False
83,102,620,644,yellow,robust_receding,False
84,102,621,644,yellow,robust_receding,False
85,102,622,644,yellow,robust_receding,False
86,102,623,644,yellow,robust_receding,False
87,102,624,644,yellow,robust_receding,False
90,102,627,644,orange,robust_receding,False
91,102,628,644,orange,robust_receding,False
93,102,630,644,orange,robust_receding,False
94,102,631,644,orange,robust_receding,False
96,102,633,644,orange,robust_receding,False
97,102,634,644,orange,robust_receding,False
98,102,635,644,orange,robust_receding,False
99,102,636,644,orange,robust_receding,False
100,102,637,644,orange,robust_receding,False
101,102,638,644,orange,robust_receding,False
102,102,639,644,orange,robust_receding,False
103,102,640,644,orange,robust_receding,False
104,102,641,644,orange,robust_receding,False
106,102,643,644,orange,robust_receding,False
107,102,644,644,orange,robust_receding,False
108,102,645,644,orange,robust_receding,False
109,102,646,644,orange,robust_receding,False
110,102,647,644,orange,robust_receding,False
111,102,648,644,yellow,robust_receding,False
112,102,649,644,yellow,robust_receding,False
113,102,650,644,yellow,robust_receding,False
114,102,651,644,yellow,robust_receding,False
115,102,652,644,yellow,robust_receding,False
116,102,653,644,yellow,robust_receding,False
117,102,654,644,yellow,robust_receding,False
118,102,655,644,yellow,robust_receding,False
119,102,656,644,yellow,robust_receding,False
62,103,599,645,bright_green,systemic_ambiguous,False
63,103,600,645,bright_green,systemic_ambiguous,False
64,103,601,645,bright_green,systemic_ambiguous,False
65,103,602,645,bright_green,systemic_ambiguous,False
66,103,603,645,bright_green,systemic_ambiguous,False
67,103,604,645,bright_green,systemic_ambiguous,False
68,103,605,645,bright_green,systemic_ambiguous,False
69,103,606,645,bright_green,systemic_ambiguous,False
71,103,608,645,yellow,robust_receding,False
72,103,609,645,yellow,robust_receding,False
73,103,610,645,yellow,robust_receding,False
74,103,611,645,yellow,robust_receding,False
75,103,612,645,yellow,robust_receding,False
76,103,613,645,yellow,robust_receding,False
77,103,614,645,yellow,robust_receding,False
78,103,615,645,yellow,robust_receding,False
79,103,616,645,yellow,robust_receding,False
80,103,617,645,yellow,robust_receding,False
81,103,618,645,yellow,robust_receding,False
82,103,619,645,yellow,robust_receding,False
83,103,620,645,yellow,robust_receding,False
84,103,621,645,yellow,robust_receding,False
85,103,622,645,yellow,robust_receding,False
86,103,623,645,yellow,robust_receding,False
87,103,624,645,yellow,robust_receding,False
89,103,626,645,orange,robust_receding,False
90,103,627,645,orange,robust_receding,False
91,103,628,645,orange,robust_receding,False
92,103,629,645,orange,robust_receding,False
93,103,630,645,orange,robust_receding,False
94,103,631,645,orange,robust_receding,False
95,103,632,645,orange,robust_receding,False
96,103,633,645,orange,robust_receding,False
97,103,634,645,orange,robust_receding,False
98,103,635,645,orange,robust_receding,False
99,103,636,645,orange,robust_receding,False
100,103,637,645,orange,robust_receding,False
101,103,638,645,orange,robust_receding,False
102,103,639,645,orange,robust_receding,False
103,103,640,645,orange,robust_receding,False
104,103,641,645,orange,robust_receding,False
105,103,642,645,orange,robust_receding,False
106,103,643,645,orange,robust_receding,False
107,103,644,645,orange,robust_receding,False
108,103,645,645,orange,robust_receding,False
109,103,646,645,orange,robust_receding,False
110,103,647,645,orange,robust_receding,False
112,103,649,645,yellow,robust_receding,False
113,103,650,645,yellow,robust_receding,False
114,103,651,645,yellow,robust_receding,False
115,103,652,645,yellow,robust_receding,False
116,103,653,645,yellow,robust_receding,False
117,103,654,645,yellow,robust_receding,False
118,103,655,645,yellow,robust_receding,False
119,103,656,645,yellow,robust_receding,False
65,104,602,646,yellow,robust_receding,False
66,104,603,646,yellow,robust_receding,False
67,104,604,646,yellow,robust_receding,False
68,104,605,646,yellow,robust_receding,False
69,104,606,646,yellow,robust_receding,False
70,104,607,646,yellow,robust_receding,False
71,104,608,646,yellow,robust_receding,False
72,104,609,646,yellow,robust_receding,False
73,104,610,646,yellow,robust_receding,False
74,104,611,646,yellow,robust_receding,False
75,104,612,646,yellow,robust_receding,False
76,104,613,646,yellow,robust_receding,False
77,104,614,646,yellow,robust_receding,False
78,104,615,646,yellow,robust_receding,False
79,104,616,646,yellow,robust_receding,False
80,104,617,646,yellow,robust_receding,False
81,104,618,646,yellow,robust_receding,False
82,104,619,646,yellow,robust_receding,False
83,104,620,646,yellow,robust_receding,False
84,104,621,646,yellow,robust_receding,False
86,104,623,646,orange,robust_receding,False
87,104,624,646,orange,robust_receding,False
88,104,625,646,orange,robust_receding,False
89,104,626,646,orange,robust_receding,False
90,104,627,646,orange,robust_receding,False
91,104,628,646,orange,robust_receding,False
92,104,629,646,orange,robust_receding,False
93,104,630,646,orange,robust_receding,False
94,104,631,646,orange,robust_receding,False
95,104,632,646,orange,robust_receding,False
96,104,633,646,orange,robust_receding,False
97,104,634,646,orange,robust_receding,False
98,104,635,646,orange,robust_receding,False
100,104,637,646,orange,robust_receding,False
101,104,638,646,orange,robust_receding,False
103,104,640,646,orange,robust_receding,False
104,104,641,646,orange,robust_receding,False
105,104,642,646,orange,robust_receding,False
106,104,643,646,orange,robust_receding,False
107,104,644,646,orange,robust_receding,False
108,104,645,646,yellow,robust_receding,False
109,104,646,646,yellow,robust_receding,False
110,104,647,646,yellow,robust_receding,False
111,104,648,646,yellow,robust_receding,False
112,104,649,646,yellow,robust_receding,False
113,104,650,646,yellow,robust_receding,False
114,104,651,646,yellow,robust_receding,False
115,104,652,646,yellow,robust_receding,False
116,104,653,646,yellow,robust_receding,False
117,104,654,646,yellow,robust_receding,False
118,104,655,646,yellow,robust_receding,False
119,104,656,646,yellow,robust_receding,False
120,104,657,646,yellow,robust_receding,False
121,104,658,646,yellow,robust_receding,False
122,104,659,646,yellow,robust_receding,False
65,105,602,647,yellow,robust_receding,False
66,105,603,647,yellow,robust_receding,False
67,105,604,647,yellow,robust_receding,False
68,105,605,647,yellow,robust_receding,False
69,105,606,647,yellow,robust_receding,False
70,105,607,647,yellow,robust_receding,False
71,105,608,647,yellow,robust_receding,False
72,105,609,647,yellow,robust_receding,False
73,105,610,647,yellow,robust_receding,False
74,105,611,647,yellow,robust_receding,False
75,105,612,647,yellow,robust_receding,False
76,105,613,647,yellow,robust_receding,False
77,105,614,647,yellow,robust_receding,False
78,105,615,647,yellow,robust_receding,False
79,105,616,647,yellow,robust_receding,False
80,105,617,647,yellow,robust_receding,False
81,105,618,647,yellow,robust_receding,False
82,105,619,647,yellow,robust_receding,False
83,105,620,647,yellow,robust_receding,False
84,105,621,647,yellow,robust_receding,False
86,105,623,647,orange,robust_receding,False
87,105,624,647,orange,robust_receding,False
88,105,625,647,orange,robust_receding,False
89,105,626,647,orange,robust_receding,False
90,105,627,647,orange,robust_receding,False
91,105,628,647,orange,robust_receding,False
92,105,629,647,orange,robust_receding,False
93,105,630,647,orange,robust_receding,False
94,105,631,647,orange,robust_receding,False
95,105,632,647,orange,robust_receding,False
96,105,633,647,orange,robust_receding,False
97,105,634,647,orange,robust_receding,False
98,105,635,647,orange,robust_receding,False
99,105,636,647,orange,robust_receding,False
100,105,637,647,orange,robust_receding,False
101,105,638,647,orange,robust_receding,False
102,105,639,647,orange,robust_receding,False
103,105,640,647,orange,robust_receding,False
104,105,641,647,orange,robust_receding,False
105,105,642,647,orange,robust_receding,False
106,105,643,647,orange,robust_receding,False
107,105,644,647,orange,robust_receding,False
109,105,646,647,yellow,robust_receding,False
110,105,647,647,yellow,robust_receding,False
111,105,648,647,yellow,robust_receding,False
112,105,649,647,yellow,robust_receding,False
113,105,650,647,yellow,robust_receding,False
114,105,651,647,yellow,robust_receding,False
115,105,652,647,yellow,robust_receding,False
116,105,653,647,yellow,robust_receding,False
117,105,654,647,yellow,robust_receding,False
118,105,655,647,yellow,robust_receding,False
119,105,656,647,yellow,robust_receding,False
120,105,657,647,yellow,robust_receding,False
121,105,658,647,yellow,robust_receding,False
122,105,659,647,yellow,robust_receding,False
65,106,602,648,yellow,robust_receding,False
66,106,603,648,yellow,robust_receding,False
67,106,604,648,yellow,robust_receding,False
68,106,605,648,yellow,robust_receding,False
69,106,606,648,yellow,robust_receding,False
70,106,607,648,yellow,robust_receding,False
71,106,608,648,yellow,robust_receding,False
72,106,609,648,yellow,robust_receding,False
73,106,610,648,yellow,robust_receding,False
74,106,611,648,yellow,robust_receding,False
75,106,612,648,yellow,robust_receding,False
76,106,613,648,yellow,robust_receding,False
77,106,614,648,yellow,robust_receding,False
78,106,615,648,yellow,robust_receding,False
79,106,616,648,yellow,robust_receding,False
80,106,617,648,yellow,robust_receding,False
81,106,618,648,yellow,robust_receding,False
82,106,619,648,yellow,robust_receding,False
83,106,620,648,yellow,robust_receding,False
84,106,621,648,yellow,robust_receding,False
86,106,623,648,orange,robust_receding,False
87,106,624,648,orange,robust_receding,False
89,106,626,648,orange,robust_receding,False
90,106,627,648,orange,robust_receding,False
91,106,628,648,orange,robust_receding,False
93,106,630,648,orange,robust_receding,False
94,106,631,648,orange,robust_receding,False
96,106,633,648,orange,robust_receding,False
97,106,634,648,orange,robust_receding,False
98,106,635,648,orange,robust_receding,False
99,106,636,648,orange,robust_receding,False
100,106,637,648,orange,robust_receding,False
101,106,638,648,orange,robust_receding,False
102,106,639,648,orange,robust_receding,False
103,106,640,648,orange,robust_receding,False
104,106,641,648,orange,robust_receding,False
105,106,642,648,orange,robust_receding,False
106,106,643,648,orange,robust_receding,False
109,106,646,648,yellow,robust_receding,False
110,106,647,648,yellow,robust_receding,False
111,106,648,648,yellow,robust_receding,False
112,106,649,648,yellow,robust_receding,False
113,106,650,648,yellow,robust_receding,False
114,106,651,648,yellow,robust_receding,False
115,106,652,648,yellow,robust_receding,False
116,106,653,648,yellow,robust_receding,False
117,106,654,648,yellow,robust_receding,False
118,106,655,648,yellow,robust_receding,False
119,106,656,648,yellow,robust_receding,False
120,106,657,648,yellow,robust_receding,False
121,106,658,648,yellow,robust_receding,False
122,106,659,648,yellow,robust_receding,False
71,107,608,649,yellow,robust_receding,False
72,107,609,649,yellow,robust_receding,False
73,107,610,649,yellow,robust_receding,False
74,107,611,649,yellow,robust_receding,False
75,107,612,649,yellow,robust_receding,False
76,107,613,649,yellow,robust_receding,False
77,107,614,649,orange,robust_receding,False
78,107,615,649,orange,robust_receding,False
79,107,616,649,orange,robust_receding,False
80,107,617,649,orange,robust_receding,False
81,107,618,649,orange,robust_receding,False
82,107,619,649,orange,robust_receding,False
83,107,620,649,orange,robust_receding,False
84,107,621,649,orange,robust_receding,False
85,107,622,649,orange,robust_receding,False
86,107,623,649,orange,robust_receding,False
87,107,624,649,orange,robust_receding,False
88,107,625,649,orange,robust_receding,False
89,107,626,649,orange,robust_receding,False
90,107,627,649,orange,robust_receding,False
91,107,628,649,orange,robust_receding,False
92,107,629,649,orange,robust_receding,False
93,107,630,649,orange,robust_receding,False
94,107,631,649,orange,robust_receding,False
95,107,632,649,orange,robust_receding,False
96,107,633,649,orange,robust_receding,False
97,107,634,649,orange,robust_receding,False
98,107,635,649,orange,robust_receding,False
99,107,636,649,orange,robust_receding,False
100,107,637,649,orange,robust_receding,False
101,107,638,649,orange,robust_receding,False
102,107,639,649,orange,robust_receding,False
103,107,640,649,orange,robust_receding,False
104,107,641,649,orange,robust_receding,False
105,107,642,649,orange,robust_receding,False
106,107,643,649,orange,robust_receding,False
107,107,644,649,orange,robust_receding,False
108,107,645,649,yellow,robust_receding,False
109,107,646,649,yellow,robust_receding,False
110,107,647,649,yellow,robust_receding,False
111,107,648,649,yellow,robust_receding,False
112,107,649,649,yellow,robust_receding,False
113,107,650,649,yellow,robust_receding,False
114,107,651,649,yellow,robust_receding,False
115,107,652,649,yellow,robust_receding,False
116,107,653,649,yellow,robust_receding,False
117,107,654,649,yellow,robust_receding,False
118,107,655,649,yellow,robust_receding,False
119,107,656,649,yellow,robust_receding,False
120,107,657,649,yellow,robust_receding,False
121,107,658,649,yellow,robust_receding,False
122,107,659,649,yellow,robust_receding,False
71,108,608,650,yellow,robust_receding,False
72,108,609,650,yellow,robust_receding,False
73,108,610,650,yellow,robust_receding,False
74,108,611,650,yellow,robust_receding,False
75,108,612,650,yellow,robust_receding,False
77,108,614,650,orange,robust_receding,False
78,108,615,650,orange,robust_receding,False
79,108,616,650,orange,robust_receding,False
80,108,617,650,orange,robust_receding,False
81,108,618,650,orange,robust_receding,False
82,108,619,650,orange,robust_receding,False
83,108,620,650,orange,robust_receding,False
84,108,621,650,orange,robust_receding,False
85,108,622,650,orange,robust_receding,False
86,108,623,650,orange,robust_receding,False
87,108,624,650,orange,robust_receding,False
88,108,625,650,orange,robust_receding,False
89,108,626,650,orange,robust_receding,False
90,108,627,650,orange,robust_receding,False
91,108,628,650,orange,robust_receding,False
92,108,629,650,orange,robust_receding,False
93,108,630,650,orange,robust_receding,False
94,108,631,650,orange,robust_receding,False
95,108,632,650,orange,robust_receding,False
96,108,633,650,orange,robust_receding,False
97,108,634,650,orange,robust_receding,False
98,108,635,650,orange,robust_receding,False
99,108,636,650,orange,robust_receding,False
100,108,637,650,orange,robust_receding,False
102,108,639,650,orange,robust_receding,False
103,108,640,650,orange,robust_receding,False
104,108,641,650,orange,robust_receding,False
105,108,642,650,orange,robust_receding,False
106,108,643,650,orange,robust_receding,False
107,108,644,650,orange,robust_receding,False
109,108,646,650,yellow,robust_receding,False
110,108,647,650,yellow,robust_receding,False
111,108,648,650,yellow,robust_receding,False
112,108,649,650,yellow,robust_receding,False
113,108,650,650,yellow,robust_receding,False
114,108,651,650,yellow,robust_receding,False
115,108,652,650,yellow,robust_receding,False
116,108,653,650,yellow,robust_receding,False
117,108,654,650,yellow,robust_receding,False
118,108,655,650,yellow,robust_receding,False
119,108,656,650,yellow,robust_receding,False
120,108,657,650,yellow,robust_receding,False
121,108,658,650,yellow,robust_receding,False
122,108,659,650,yellow,robust_receding,False
71,109,608,651,yellow,robust_receding,False
72,109,609,651,yellow,robust_receding,False
74,109,611,651,yellow,robust_receding,False
75,109,612,651,yellow,robust_receding,False
77,109,614,651,orange,robust_receding,False
78,109,615,651,orange,robust_receding,False
80,109,617,651,orange,robust_receding,False
81,109,618,651,orange,robust_receding,False
83,109,620,651,orange,robust_receding,False
84,109,621,651,orange,robust_receding,False
86,109,623,651,orange,robust_receding,False
87,109,624,651,orange,robust_receding,False
88,109,625,651,orange,robust_receding,False
89,109,626,651,orange,robust_receding,False
90,109,627,651,orange,robust_receding,False
91,109,628,651,orange,robust_receding,False
92,109,629,651,orange,robust_receding,False
93,109,630,651,orange,robust_receding,False
94,109,631,651,orange,robust_receding,False
95,109,632,651,orange,robust_receding,False
96,109,633,651,orange,robust_receding,False
97,109,634,651,orange,robust_receding,False
99,109,636,651,orange,robust_receding,False
100,109,637,651,orange,robust_receding,False
101,109,638,651,orange,robust_receding,False
102,109,639,651,orange,robust_receding,False
103,109,640,651,orange,robust_receding,False
105,109,642,651,orange,robust_receding,False
106,109,643,651,orange,robust_receding,False
107,109,644,651,orange,robust_receding,False
108,109,645,651,yellow,robust_receding,False
109,109,646,651,yellow,robust_receding,False
110,109,647,651,yellow,robust_receding,False
111,109,648,651,yellow,robust_receding,False
112,109,649,651,yellow,robust_receding,False
113,109,650,651,yellow,robust_receding,False
117,109,654,651,yellow,robust_receding,False
118,109,655,651,yellow,robust_receding,False
119,109,656,651,yellow,robust_receding,False
120,109,657,651,yellow,robust_receding,False
121,109,658,651,yellow,robust_receding,False
122,109,659,651,yellow,robust_receding,False
71,110,608,652,orange,robust_receding,False
72,110,609,652,orange,robust_receding,False
74,110,611,652,orange,robust_receding,False
75,110,612,652,orange,robust_receding,False
76,110,613,652,orange,robust_receding,False
78,110,615,652,orange,robust_receding,False
79,110,616,652,orange,robust_receding,False
80,110,617,652,orange,robust_receding,False
81,110,618,652,orange,robust_receding,False
82,110,619,652,orange,robust_receding,False
83,110,620,652,orange,robust_receding,False
84,110,621,652,orange,robust_receding,False
85,110,622,652,orange,robust_receding,False
86,110,623,652,orange,robust_receding,False
87,110,624,652,orange,robust_receding,False
89,110,626,652,orange,robust_receding,False
90,110,627,652,orange,robust_receding,False
92,110,629,652,orange,robust_receding,False
93,110,630,652,orange,robust_receding,False
94,110,631,652,orange,robust_receding,False
95,110,632,652,orange,robust_receding,False
96,110,633,652,orange,robust_receding,False
97,110,634,652,orange,robust_receding,False
98,110,635,652,orange,robust_receding,False
99,110,636,652,orange,robust_receding,False
100,110,637,652,orange,robust_receding,False
101,110,638,652,orange,robust_receding,False
102,110,639,652,orange,robust_receding,False
103,110,640,652,orange,robust_receding,False
104,110,641,652,orange,robust_receding,False
105,110,642,652,orange,robust_receding,False
106,110,643,652,orange,robust_receding,False
107,110,644,652,orange,robust_receding,False
109,110,646,652,yellow,robust_receding,False
110,110,647,652,yellow,robust_receding,False
111,110,648,652,yellow,robust_receding,False
112,110,649,652,yellow,robust_receding,False
113,110,650,652,yellow,robust_receding,False
117,110,654,652,yellow,robust_receding,False
118,110,655,652,yellow,robust_receding,False
119,110,656,652,yellow,robust_receding,False
120,110,657,652,yellow,robust_receding,False
121,110,658,652,yellow,robust_receding,False
122,110,659,652,yellow,robust_receding,False
71,111,608,653,orange,robust_receding,False
72,111,609,653,orange,robust_receding,False
73,111,610,653,orange,robust_receding,False
74,111,611,653,orange,robust_receding,False
75,111,612,653,orange,robust_receding,False
76,111,613,653,orange,robust_receding,False
77,111,614,653,orange,robust_receding,False
78,111,615,653,orange,robust_receding,False
79,111,616,653,orange,robust_receding,False
80,111,617,653,orange,robust_receding,False
81,111,618,653,orange,robust_receding,False
82,111,619,653,orange,robust_receding,False
83,111,620,653,orange,robust_receding,False
84,111,621,653,orange,robust_receding,False
85,111,622,653,orange,robust_receding,False
86,111,623,653,orange,robust_receding,False
87,111,624,653,orange,robust_receding,False
88,111,625,653,orange,robust_receding,False
89,111,626,653,orange,robust_receding,False
90,111,627,653,orange,robust_receding,False
91,111,628,653,orange,robust_receding,False
92,111,629,653,orange,robust_receding,False
93,111,630,653,orange,robust_receding,False
94,111,631,653,orange,robust_receding,False
96,111,633,653,orange,robust_receding,False
97,111,634,653,orange,robust_receding,False
98,111,635,653,orange,robust_receding,False
99,111,636,653,orange,robust_receding,False
100,111,637,653,orange,robust_receding,False
101,111,638,653,orange,robust_receding,False
102,111,639,653,orange,robust_receding,False
103,111,640,653,orange,robust_receding,False
104,111,641,653,orange,robust_receding,False
105,111,642,653,orange,robust_receding,False
106,111,643,653,orange,robust_receding,False
107,111,644,653,orange,robust_receding,False
108,111,645,653,yellow,robust_receding,False
109,111,646,653,yellow,robust_receding,False
110,111,647,653,yellow,robust_receding,False
111,111,648,653,yellow,robust_receding,False
112,111,649,653,yellow,robust_receding,False
113,111,650,653,yellow,robust_receding,False
117,111,654,653,yellow,robust_receding,False
118,111,655,653,yellow,robust_receding,False
119,111,656,653,yellow,robust_receding,False
120,111,657,653,yellow,robust_receding,False
121,111,658,653,yellow,robust_receding,False
122,111,659,653,yellow,robust_receding,False
72,112,609,654,orange,robust_receding,False
73,112,610,654,orange,robust_receding,False
74,112,611,654,orange,robust_receding,False
75,112,612,654,orange,robust_receding,False
76,112,613,654,orange,robust_receding,False
77,112,614,654,orange,robust_receding,False
78,112,615,654,orange,robust_receding,False
79,112,616,654,orange,robust_receding,False
80,112,617,654,orange,robust_receding,False
81,112,618,654,orange,robust_receding,False
82,112,619,654,orange,robust_receding,False
83,112,620,654,orange,robust_receding,False
84,112,621,654,orange,robust_receding,False
85,112,622,654,orange,robust_receding,False
86,112,623,654,orange,robust_receding,False
87,112,624,654,orange,robust_receding,False
88,112,625,654,orange,robust_receding,False
89,112,626,654,orange,robust_receding,False
90,112,627,654,orange,robust_receding,False
91,112,628,654,orange,robust_receding,False
92,112,629,654,orange,robust_receding,False
93,112,630,654,orange,robust_receding,False
94,112,631,654,orange,robust_receding,False
95,112,632,654,orange,robust_receding,False
96,112,633,654,orange,robust_receding,False
97,112,634,654,orange,robust_receding,False
98,112,635,654,orange,robust_receding,False
99,112,636,654,orange,robust_receding,False
100,112,637,654,orange,robust_receding,False
101,112,638,654,orange,robust_receding,False
102,112,639,654,orange,robust_receding,False
103,112,640,654,orange,robust_receding,False
104,112,641,654,orange,robust_receding,False
105,112,642,654,orange,robust_receding,False
106,112,643,654,orange,robust_receding,False
107,112,644,654,orange,robust_receding,False
110,112,647,654,yellow,robust_receding,False
111,112,648,654,yellow,robust_receding,False
112,112,649,654,yellow,robust_receding,False
113,112,650,654,yellow,robust_receding,False
71,113,608,655,orange,robust_receding,False
72,113,609,655,orange,robust_receding,False
73,113,610,655,orange,robust_receding,False
74,113,611,655,orange,robust_receding,False
75,113,612,655,orange,robust_receding,False
76,113,613,655,orange,robust_receding,False
77,113,614,655,orange,robust_receding,False
78,113,615,655,orange,robust_receding,False
79,113,616,655,orange,robust_receding,False
80,113,617,655,orange,robust_receding,False
81,113,618,655,orange,robust_receding,False
82,113,619,655,orange,robust_receding,False
83,113,620,655,orange,robust_receding,False
84,113,621,655,orange,robust_receding,False
85,113,622,655,orange,robust_receding,False
86,113,623,655,orange,robust_receding,False
87,113,624,655,orange,robust_receding,False
88,113,625,655,orange,robust_receding,False
89,113,626,655,orange,robust_receding,False
90,113,627,655,orange,robust_receding,False
91,113,628,655,orange,robust_receding,False
92,113,629,655,orange,robust_receding,False
93,113,630,655,orange,robust_receding,False
94,113,631,655,orange,robust_receding,False
95,113,632,655,orange,robust_receding,False
96,113,633,655,orange,robust_receding,False
97,113,634,655,orange,robust_receding,False
98,113,635,655,orange,robust_receding,False
99,113,636,655,orange,robust_receding,False
101,113,638,655,orange,robust_receding,False
102,113,639,655,orange,robust_receding,False
104,113,641,655,orange,robust_receding,False
105,113,642,655,orange,robust_receding,False
106,113,643,655,orange,robust_receding,False
107,113,644,655,orange,robust_receding,False
108,113,645,655,orange,robust_receding,False
109,113,646,655,orange,robust_receding,False
110,113,647,655,orange,robust_receding,False
111,113,648,655,yellow,robust_receding,False
112,113,649,655,yellow,robust_receding,False
113,113,650,655,yellow,robust_receding,False
71,114,608,656,orange,robust_receding,False
72,114,609,656,orange,robust_receding,False
73,114,610,656,orange,robust_receding,False
74,114,611,656,orange,robust_receding,False
75,114,612,656,orange,robust_receding,False
76,114,613,656,orange,robust_receding,False
77,114,614,656,orange,robust_receding,False
78,114,615,656,orange,robust_receding,False
79,114,616,656,orange,robust_receding,False
80,114,617,656,orange,robust_receding,False
81,114,618,656,orange,robust_receding,False
82,114,619,656,orange,robust_receding,False
83,114,620,656,orange,robust_receding,False
84,114,621,656,orange,robust_receding,False
85,114,622,656,orange,robust_receding,False
86,114,623,656,orange,robust_receding,False
87,114,624,656,orange,robust_receding,False
88,114,625,656,orange,robust_receding,False
89,114,626,656,orange,robust_receding,False
91,114,628,656,orange,robust_receding,False
92,114,629,656,orange,robust_receding,False
94,114,631,656,orange,robust_receding,False
95,114,632,656,orange,robust_receding,False
96,114,633,656,orange,robust_receding,False
97,114,634,656,orange,robust_receding,False
98,114,635,656,orange,robust_receding,False
99,114,636,656,orange,robust_receding,False
100,114,637,656,orange,robust_receding,False
101,114,638,656,orange,robust_receding,False
102,114,639,656,orange,robust_receding,False
103,114,640,656,orange,robust_receding,False
104,114,641,656,orange,robust_receding,False
105,114,642,656,orange,robust_receding,False
106,114,643,656,orange,robust_receding,False
107,114,644,656,orange,robust_receding,False
108,114,645,656,orange,robust_receding,False
109,114,646,656,orange,robust_receding,False
110,114,647,656,orange,robust_receding,False
112,114,649,656,yellow,robust_receding,False
113,114,650,656,yellow,robust_receding,False
74,115,611,657,orange,robust_receding,False
75,115,612,657,orange,robust_receding,False
76,115,613,657,orange,robust_receding,False
77,115,614,657,orange,robust_receding,False
78,115,615,657,orange,robust_receding,False
79,115,616,657,orange,robust_receding,False
80,115,617,657,orange,robust_receding,False
82,115,619,657,orange,robust_receding,False
83,115,620,657,orange,robust_receding,False
85,115,622,657,orange,robust_receding,False
86,115,623,657,orange,robust_receding,False
88,115,625,657,orange,robust_receding,False
89,115,626,657,orange,robust_receding,False
90,115,627,657,orange,robust_receding,False
91,115,628,657,orange,robust_receding,False
92,115,629,657,orange,robust_receding,False
93,115,630,657,orange,robust_receding,False
103,115,640,657,orange,robust_receding,False
104,115,641,657,orange,robust_receding,False
105,115,642,657,orange,robust_receding,False
107,115,644,657,orange,robust_receding,False
108,115,645,657,orange,robust_receding,False
109,115,646,657,orange,robust_receding,False
112,115,649,657,yellow,robust_receding,False
71,116,608,658,yellow,robust_receding,False
72,116,609,658,yellow,robust_receding,False
73,116,610,658,yellow,robust_receding,False
74,116,611,658,orange,robust_receding,False
75,116,612,658,orange,robust_receding,False
76,116,613,658,orange,robust_receding,False
78,116,615,658,orange,robust_receding,False
79,116,616,658,orange,robust_receding,False
80,116,617,658,orange,robust_receding,False
81,116,618,658,orange,robust_receding,False
82,116,619,658,orange,robust_receding,False
83,116,620,658,orange,robust_receding,False
84,116,621,658,orange,robust_receding,False
85,116,622,658,orange,robust_receding,False
86,116,623,658,orange,robust_receding,False
87,116,624,658,orange,robust_receding,False
88,116,625,658,orange,robust_receding,False
89,116,626,658,orange,robust_receding,False
90,116,627,658,orange,robust_receding,False
91,116,628,658,orange,robust_receding,False
92,116,629,658,orange,robust_receding,False
94,116,631,658,red,robust_receding,False
95,116,632,658,red,robust_receding,False
96,116,633,658,red,robust_receding,False
104,116,641,658,orange,robust_receding,False
105,116,642,658,orange,robust_receding,False
106,116,643,658,orange,robust_receding,False
107,116,644,658,orange,robust_receding,False
108,116,645,658,orange,robust_receding,False
109,116,646,658,orange,robust_receding,False
110,116,647,658,orange,robust_receding,False
111,116,648,658,orange,robust_receding,False
112,116,649,658,orange,robust_receding,False
113,116,650,658,orange,robust_receding,False
71,117,608,659,yellow,robust_receding,False
72,117,609,659,yellow,robust_receding,False
74,117,611,659,orange,robust_receding,False
75,117,612,659,orange,robust_receding,False
76,117,613,659,orange,robust_receding,False
77,117,614,659,orange,robust_receding,False
78,117,615,659,orange,robust_receding,False
79,117,616,659,orange,robust_receding,False
80,117,617,659,orange,robust_receding,False
81,117,618,659,orange,robust_receding,False
82,117,619,659,orange,robust_receding,False
83,117,620,659,orange,robust_receding,False
84,117,621,659,orange,robust_receding,False
85,117,622,659,orange,robust_receding,False
86,117,623,659,orange,robust_receding,False
87,117,624,659,orange,robust_receding,False
88,117,625,659,orange,robust_receding,False
89,117,626,659,orange,robust_receding,False
90,117,627,659,orange,robust_receding,False
91,117,628,659,orange,robust_receding,False
92,117,629,659,orange,robust_receding,False
94,117,631,659,red,robust_receding,False
95,117,632,659,red,robust_receding,False
96,117,633,659,red,robust_receding,False
103,117,640,659,orange,robust_receding,False
104,117,641,659,orange,robust_receding,False
105,117,642,659,orange,robust_receding,False
106,117,643,659,orange,robust_receding,False
107,117,644,659,orange,robust_receding,False
108,117,645,659,orange,robust_receding,False
109,117,646,659,orange,robust_receding,False
110,117,647,659,orange,robust_receding,False
111,117,648,659,orange,robust_receding,False
112,117,649,659,orange,robust_receding,False
113,117,650,659,orange,robust_receding,False
75,118,612,660,orange,robust_receding,False
76,118,613,660,orange,robust_receding,False
77,118,614,660,orange,robust_receding,False
78,118,615,660,orange,robust_receding,False
79,118,616,660,orange,robust_receding,False
80,118,617,660,orange,robust_receding,False
81,118,618,660,orange,robust_receding,False
82,118,619,660,orange,robust_receding,False
83,118,620,660,orange,robust_receding,False
84,118,621,660,orange,robust_receding,False
85,118,622,660,orange,robust_receding,False
86,118,623,660,orange,robust_receding,False
87,118,624,660,orange,robust_receding,False
88,118,625,660,orange,robust_receding,False
89,118,626,660,orange,robust_receding,False
90,118,627,660,orange,robust_receding,False
104,118,641,660,orange,robust_receding,False
105,118,642,660,orange,robust_receding,False
106,118,643,660,orange,robust_receding,False
107,118,644,660,orange,robust_receding,False
71,119,608,661,orange,robust_receding,False
73,119,610,661,orange,robust_receding,False
74,119,611,661,orange,robust_receding,False
75,119,612,661,orange,robust_receding,False
76,119,613,661,orange,robust_receding,False
77,119,614,661,orange,robust_receding,False
78,119,615,661,orange,robust_receding,False
79,119,616,661,orange,robust_receding,False
80,119,617,661,orange,robust_receding,False
82,119,619,661,orange,robust_receding,False
83,119,620,661,orange,robust_receding,False
85,119,622,661,orange,robust_receding,False
86,119,623,661,orange,robust_receding,False
87,119,624,661,orange,robust_receding,False
88,119,625,661,orange,robust_receding,False
89,119,626,661,orange,robust_receding,False
90,119,627,661,orange,robust_receding,False
91,119,628,661,red,robust_receding,False
92,119,629,661,red,robust_receding,False
103,119,640,661,orange,robust_receding,False
104,119,641,661,orange,robust_receding,False
105,119,642,661,orange,robust_receding,False
106,119,643,661,orange,robust_receding,False
72,120,609,662,orange,robust_receding,False
73,120,610,662,orange,robust_receding,False
74,120,611,662,orange,robust_receding,False
75,120,612,662,orange,robust_receding,False
76,120,613,662,orange,robust_receding,False
77,120,614,662,orange,robust_receding,False
78,120,615,662,orange,robust_receding,False
79,120,616,662,orange,robust_receding,False
80,120,617,662,orange,robust_receding,False
81,120,618,662,orange,robust_receding,False
82,120,619,662,orange,robust_receding,False
83,120,620,662,orange,robust_receding,False
84,120,621,662,orange,robust_receding,False
85,120,622,662,orange,robust_receding,False
86,120,623,662,orange,robust_receding,False
88,120,625,662,orange,robust_receding,False
89,120,626,662,orange,robust_receding,False
90,120,627,662,orange,robust_receding,False
91,120,628,662,red,robust_receding,False
92,120,629,662,red,robust_receding,False
103,120,640,662,orange,robust_receding,False
104,120,641,662,orange,robust_receding,False
105,120,642,662,orange,robust_receding,False
106,120,643,662,orange,robust_receding,False
107,120,644,662,orange,robust_receding,False
71,121,608,663,orange,robust_receding,False
72,121,609,663,orange,robust_receding,False
73,121,610,663,orange,robust_receding,False
74,121,611,663,orange,robust_receding,False
75,121,612,663,orange,robust_receding,False
76,121,613,663,orange,robust_receding,False
77,121,614,663,orange,robust_receding,False
79,121,616,663,orange,robust_receding,False
80,121,617,663,orange,robust_receding,False
81,121,618,663,orange,robust_receding,False
82,121,619,663,orange,robust_receding,False
83,121,620,663,orange,robust_receding,False
84,121,621,663,orange,robust_receding,False
85,121,622,663,orange,robust_receding,False
86,121,623,663,orange,robust_receding,False
87,121,624,663,orange,robust_receding,False
91,121,628,663,red,robust_receding,False
92,121,629,663,red,robust_receding,False
71,122,608,664,orange,robust_receding,False
72,122,609,664,orange,robust_receding,False
73,122,610,664,orange,robust_receding,False
74,122,611,664,orange,robust_receding,False
75,122,612,664,orange,robust_receding,False
76,122,613,664,orange,robust_receding,False
77,122,614,664,orange,robust_receding,False
78,122,615,664,orange,robust_receding,False
79,122,616,664,orange,robust_receding,False
80,122,617,664,orange,robust_receding,False
81,122,618,664,orange,robust_receding,False
82,122,619,664,orange,robust_receding,False
83,122,620,664,orange,robust_receding,False
84,122,621,664,orange,robust_receding,False
85,122,622,664,orange,robust_receding,False
86,122,623,664,orange,robust_receding,False
87,122,624,664,orange,robust_receding,False
89,122,626,664,red,robust_receding,False
90,122,627,664,red,robust_receding,False
91,122,628,664,red,robust_receding,False
92,122,629,664,red,robust_receding,False
71,123,608,665,orange,robust_receding,False
72,123,609,665,orange,robust_receding,False
73,123,610,665,orange,robust_receding,False
74,123,611,665,orange,robust_receding,False
75,123,612,665,orange,robust_receding,False
76,123,613,665,orange,robust_receding,False
77,123,614,665,orange,robust_receding,False
78,123,615,665,orange,robust_receding,False
79,123,616,665,orange,robust_receding,False
80,123,617,665,orange,robust_receding,False
81,123,618,665,orange,robust_receding,False
82,123,619,665,orange,robust_receding,False
84,123,621,665,orange,robust_receding,False
85,123,622,665,orange,robust_receding,False
86,123,623,665,orange,robust_receding,False
87,123,624,665,orange,robust_receding,False
89,123,626,665,red,robust_receding,False
90,123,627,665,red,robust_receding,False
91,123,628,665,red,robust_receding,False
92,123,629,665,red,robust_receding,False
74,124,611,666,orange,robust_receding,False
76,124,613,666,orange,robust_receding,False
77,124,614,666,orange,robust_receding,False
78,124,615,666,orange,robust_receding,False
79,124,616,666,orange,robust_receding,False
81,124,618,666,orange,robust_receding,False
82,124,619,666,orange,robust_receding,False
83,124,620,666,orange,robust_receding,False
84,124,621,666,orange,robust_receding,False
85,124,622,666,orange,robust_receding,False
86,124,623,666,orange,robust_receding,False
87,124,624,666,orange,robust_receding,False
89,124,626,666,red,robust_receding,False
90,124,627,666,red,robust_receding,False
91,124,628,666,red,robust_receding,False
92,124,629,666,red,robust_receding,False
93,124,630,666,red,robust_receding,False
74,125,611,667,orange,robust_receding,False
75,125,612,667,orange,robust_receding,False
76,125,613,667,orange,robust_receding,False
77,125,614,667,orange,robust_receding,False
78,125,615,667,orange,robust_receding,False
79,125,616,667,orange,robust_receding,False
80,125,617,667,orange,robust_receding,False
81,125,618,667,orange,robust_receding,False
82,125,619,667,orange,robust_receding,False
83,125,620,667,orange,robust_receding,False
84,125,621,667,orange,robust_receding,False
85,125,622,667,orange,robust_receding,False
86,125,623,667,orange,robust_receding,False
87,125,624,667,orange,robust_receding,False
89,125,626,667,red,robust_receding,False
90,125,627,667,red,robust_receding,False
91,125,628,667,red,robust_receding,False
92,125,629,667,red,robust_receding,False
93,125,630,667,red,robust_receding,False
94,125,631,667,red,robust_receding,False
95,125,632,667,red,robust_receding,False
96,125,633,667,red,robust_receding,False
97,125,634,667,red,robust_receding,False
98,125,635,667,red,robust_receding,False
74,126,611,668,orange,robust_receding,False
75,126,612,668,orange,robust_receding,False
76,126,613,668,orange,robust_receding,False
77,126,614,668,orange,robust_receding,False
78,126,615,668,orange,robust_receding,False
79,126,616,668,orange,robust_receding,False
80,126,617,668,orange,robust_receding,False
81,126,618,668,orange,robust_receding,False
82,126,619,668,orange,robust_receding,False
83,126,620,668,orange,robust_receding,False
84,126,621,668,orange,robust_receding,False
85,126,622,668,orange,robust_receding,False
86,126,623,668,orange,robust_receding,False
87,126,624,668,orange,robust_receding,False
89,126,626,668,red,robust_receding,False
90,126,627,668,red,robust_receding,False
91,126,628,668,red,robust_receding,False
92,126,629,668,red,robust_receding,False
93,126,630,668,red,robust_receding,False
94,126,631,668,red,robust_receding,False
95,126,632,668,red,robust_receding,False
96,126,633,668,red,robust_receding,False
97,126,634,668,red,robust_receding,False
98,126,635,668,red,robust_receding,False
74,127,611,669,orange,robust_receding,False
75,127,612,669,orange,robust_receding,False
76,127,613,669,orange,robust_receding,False
77,127,614,669,orange,robust_receding,False
79,127,616,669,orange,robust_receding,False
80,127,617,669,orange,robust_receding,False
81,127,618,669,orange,robust_receding,False
82,127,619,669,orange,robust_receding,False
83,127,620,669,orange,robust_receding,False
84,127,621,669,orange,robust_receding,False
85,127,622,669,orange,robust_receding,False
86,127,623,669,orange,robust_receding,False
87,127,624,669,orange,robust_receding,False
89,127,626,669,red,robust_receding,False
90,127,627,669,red,robust_receding,False
91,127,628,669,red,robust_receding,False
92,127,629,669,red,robust_receding,False
93,127,630,669,red,robust_receding,False
94,127,631,669,red,robust_receding,False
95,127,632,669,red,robust_receding,False
96,127,633,669,red,robust_receding,False
97,127,634,669,red,robust_receding,False
98,127,635,669,red,robust_receding,False
75,128,612,670,orange,robust_receding,False
76,128,613,670,orange,robust_receding,False
77,128,614,670,orange,robust_receding,False
78,128,615,670,orange,robust_receding,False
79,128,616,670,orange,robust_receding,False
80,128,617,670,orange,robust_receding,False
82,128,619,670,orange,robust_receding,False
83,128,620,670,orange,robust_receding,False
84,128,621,670,orange,robust_receding,False
85,128,622,670,orange,robust_receding,False
86,128,623,670,orange,robust_receding,False
87,128,624,670,orange,robust_receding,False
89,128,626,670,red,robust_receding,False
90,128,627,670,red,robust_receding,False
91,128,628,670,red,robust_receding,False
92,128,629,670,red,robust_receding,False
93,128,630,670,red,robust_receding,False
94,128,631,670,red,robust_receding,False
95,128,632,670,red,robust_receding,False
96,128,633,670,red,robust_receding,False
97,128,634,670,red,robust_receding,False
98,128,635,670,red,robust_receding,False
99,128,636,670,red,robust_receding,False
100,128,637,670,red,robust_receding,False
101,128,638,670,red,robust_receding,False
102,128,639,670,red,robust_receding,False
103,128,640,670,red,robust_receding,False
104,128,641,670,red,robust_receding,False
74,129,611,671,orange,robust_receding,False
75,129,612,671,orange,robust_receding,False
76,129,613,671,orange,robust_receding,False
77,129,614,671,orange,robust_receding,False
78,129,615,671,orange,robust_receding,False
79,129,616,671,orange,robust_receding,False
80,129,617,671,orange,robust_receding,False
81,129,618,671,orange,robust_receding,False
82,129,619,671,orange,robust_receding,False
83,129,620,671,orange,robust_receding,False
84,129,621,671,orange,robust_receding,False
85,129,622,671,orange,robust_receding,False
86,129,623,671,orange,robust_receding,False
87,129,624,671,orange,robust_receding,False
89,129,626,671,red,robust_receding,False
90,129,627,671,red,robust_receding,False
91,129,628,671,red,robust_receding,False
92,129,629,671,red,robust_receding,False
93,129,630,671,red,robust_receding,False
94,129,631,671,red,robust_receding,False
95,129,632,671,red,robust_receding,False
96,129,633,671,red,robust_receding,False
97,129,634,671,red,robust_receding,False
98,129,635,671,red,robust_receding,False
99,129,636,671,red,robust_receding,False
100,129,637,671,red,robust_receding,False
101,129,638,671,red,robust_receding,False
102,129,639,671,red,robust_receding,False
103,129,640,671,red,robust_receding,False
104,129,641,671,red,robust_receding,False
77,130,614,672,orange,robust_receding,False
78,130,615,672,orange,robust_receding,False
79,130,616,672,orange,robust_receding,False
80,130,617,672,orange,robust_receding,False
81,130,618,672,orange,robust_receding,False
82,130,619,672,orange,robust_receding,False
83,130,620,672,orange,robust_receding,False
86,130,623,672,red,robust_receding,False
87,130,624,672,red,robust_receding,False
88,130,625,672,red,robust_receding,False
89,130,626,672,red,robust_receding,False
90,130,627,672,red,robust_receding,False
91,130,628,672,red,robust_receding,False
92,130,629,672,red,robust_receding,False
93,130,630,672,red,robust_receding,False
94,130,631,672,red,robust_receding,False
95,130,632,672,red,robust_receding,False
96,130,633,672,red,robust_receding,False
97,130,634,672,red,robust_receding,False
98,130,635,672,red,robust_receding,False
99,130,636,672,red,robust_receding,False
100,130,637,672,red,robust_receding,False
101,130,638,672,red,robust_receding,False
77,131,614,673,orange,robust_receding,False
78,131,615,673,orange,robust_receding,False
79,131,616,673,orange,robust_receding,False
80,131,617,673,orange,robust_receding,False
81,131,618,673,orange,robust_receding,False
82,131,619,673,orange,robust_receding,False
83,131,620,673,orange,robust_receding,False
84,131,621,673,orange,robust_receding,False
86,131,623,673,red,robust_receding,False
87,131,624,673,red,robust_receding,False
88,131,625,673,red,robust_receding,False
89,131,626,673,red,robust_receding,False
90,131,627,673,red,robust_receding,False
91,131,628,673,red,robust_receding,False
92,131,629,673,red,robust_receding,False
93,131,630,673,red,robust_receding,False
94,131,631,673,red,robust_receding,False
95,131,632,673,red,robust_receding,False
96,131,633,673,red,robust_receding,False
97,131,634,673,red,robust_receding,False
98,131,635,673,red,robust_receding,False
99,131,636,673,red,robust_receding,False
100,131,637,673,red,robust_receding,False
101,131,638,673,red,robust_receding,False
78,132,615,674,orange,robust_receding,False
79,132,616,674,orange,robust_receding,False
81,132,618,674,orange,robust_receding,False
82,132,619,674,orange,robust_receding,False
83,132,620,674,orange,robust_receding,False
84,132,621,674,orange,robust_receding,False
86,132,623,674,red,robust_receding,False
87,132,624,674,red,robust_receding,False
88,132,625,674,red,robust_receding,False
89,132,626,674,red,robust_receding,False
90,132,627,674,red,robust_receding,False
91,132,628,674,red,robust_receding,False
92,132,629,674,red,robust_receding,False
93,132,630,674,red,robust_receding,False
94,132,631,674,red,robust_receding,False
95,132,632,674,red,robust_receding,False
96,132,633,674,red,robust_receding,False
97,132,634,674,red,robust_receding,False
98,132,635,674,red,robust_receding,False
99,132,636,674,red,robust_receding,False
100,132,637,674,red,robust_receding,False
101,132,638,674,red,robust_receding,False
83,133,620,675,orange,robust_receding,False
86,133,623,675,red,robust_receding,False
87,133,624,675,red,robust_receding,False
88,133,625,675,red,robust_receding,False
89,133,626,675,red,robust_receding,False
90,133,627,675,red,robust_receding,False
91,133,628,675,red,robust_receding,False
92,133,629,675,red,robust_receding,False
93,133,630,675,red,robust_receding,False
94,133,631,675,red,robust_receding,False
95,133,632,675,red,robust_receding,False
96,133,633,675,red,robust_receding,False
97,133,634,675,red,robust_receding,False
98,133,635,675,red,robust_receding,False
99,133,636,675,red,robust_receding,False
100,133,637,675,red,robust_receding,False
101,133,638,675,red,robust_receding,False
83,134,620,676,orange,robust_receding,False
84,134,621,676,orange,robust_receding,False
86,134,623,676,red,robust_receding,False
87,134,624,676,red,robust_receding,False
88,134,625,676,red,robust_receding,False
89,134,626,676,red,robust_receding,False
90,134,627,676,red,robust_receding,False
91,134,628,676,red,robust_receding,False
92,134,629,676,red,robust_receding,False
93,134,630,676,red,robust_receding,False
94,134,631,676,red,robust_receding,False
95,134,632,676,red,robust_receding,False
96,134,633,676,red,robust_receding,False
97,134,634,676,red,robust_receding,False
98,134,635,676,red,robust_receding,False
99,134,636,676,red,robust_receding,False
100,134,637,676,red,robust_receding,False
101,134,638,676,red,robust_receding,False
83,135,620,677,orange,robust_receding,False
86,135,623,677,red,robust_receding,False
87,135,624,677,red,robust_receding,False
88,135,625,677,red,robust_receding,False
89,135,626,677,red,robust_receding,False
90,135,627,677,red,robust_receding,False
91,135,628,677,red,robust_receding,False
92,135,629,677,red,robust_receding,False
93,135,630,677,red,robust_receding,False
94,135,631,677,red,robust_receding,False
95,135,632,677,red,robust_receding,False
96,135,633,677,red,robust_receding,False
97,135,634,677,red,robust_receding,False
98,135,635,677,red,robust_receding,False
99,135,636,677,red,robust_receding,False
100,135,637,677,red,robust_receding,False
101,135,638,677,red,robust_receding,False
83,136,620,678,red,robust_receding,False
84,136,621,678,red,robust_receding,False
85,136,622,678,red,robust_receding,False
86,136,623,678,red,robust_receding,False
87,136,624,678,red,robust_receding,False
88,136,625,678,red,robust_receding,False
89,136,626,678,red,robust_receding,False
90,136,627,678,red,robust_receding,False
91,136,628,678,red,robust_receding,False
92,136,629,678,red,robust_receding,False
93,136,630,678,red,robust_receding,False
94,136,631,678,red,robust_receding,False
95,136,632,678,red,robust_receding,False
96,136,633,678,red,robust_receding,False
97,136,634,678,red,robust_receding,False
98,136,635,678,red,robust_receding,False
99,136,636,678,red,robust_receding,False
100,136,637,678,red,robust_receding,False
101,136,638,678,red,robust_receding,False
83,137,620,679,red,robust_receding,False
84,137,621,679,red,robust_receding,False
85,137,622,679,red,robust_receding,False
86,137,623,679,red,robust_receding,False
87,137,624,679,red,robust_receding,False
88,137,625,679,red,robust_receding,False
89,137,626,679,red,robust_receding,False
90,137,627,679,red,robust_receding,False
91,137,628,679,red,robust_receding,False
92,137,629,679,red,robust_receding,False
93,137,630,679,red,robust_receding,False
94,137,631,679,red,robust_receding,False
95,137,632,679,red,robust_receding,False
96,137,633,679,red,robust_receding,False
97,137,634,679,red,robust_receding,False
98,137,635,679,red,robust_receding,False
99,137,636,679,red,robust_receding,False
100,137,637,679,red,robust_receding,False
101,137,638,679,red,robust_receding,False
83,138,620,680,red,robust_receding,False
84,138,621,680,red,robust_receding,False
85,138,622,680,red,robust_receding,False
86,138,623,680,red,robust_receding,False
87,138,624,680,red,robust_receding,False
88,138,625,680,red,robust_receding,False
89,138,626,680,red,robust_receding,False
90,138,627,680,red,robust_receding,False
91,138,628,680,red,robust_receding,False
92,138,629,680,red,robust_receding,False
93,138,630,680,red,robust_receding,False
94,138,631,680,red,robust_receding,False
95,138,632,680,red,robust_receding,False
96,138,633,680,red,robust_receding,False
97,138,634,680,red,robust_receding,False
98,138,635,680,red,robust_receding,False
99,138,636,680,red,robust_receding,False
100,138,637,680,red,robust_receding,False
101,138,638,680,red,robust_receding,False
83,139,620,681,red,robust_receding,False
84,139,621,681,red,robust_receding,False
85,139,622,681,red,robust_receding,False
86,139,623,681,red,robust_receding,False
87,139,624,681,red,robust_receding,False
88,139,625,681,red,robust_receding,False
89,139,626,681,red,robust_receding,False
90,139,627,681,red,robust_receding,False
91,139,628,681,red,robust_receding,False
92,139,629,681,red,robust_receding,False
93,139,630,681,red,robust_receding,False
94,139,631,681,red,robust_receding,False
95,139,632,681,red,robust_receding,False
96,139,633,681,red,robust_receding,False
97,139,634,681,red,robust_receding,False
98,139,635,681,red,robust_receding,False
99,139,636,681,red,robust_receding,False
100,139,637,681,red,robust_receding,False
101,139,638,681,red,robust_receding,False
83,140,620,682,red,robust_receding,False
84,140,621,682,red,robust_receding,False
85,140,622,682,red,robust_receding,False
86,140,623,682,red,robust_receding,False
87,140,624,682,red,robust_receding,False
88,140,625,682,red,robust_receding,False
89,140,626,682,red,robust_receding,False
90,140,627,682,red,robust_receding,False
91,140,628,682,red,robust_receding,False
92,140,629,682,red,robust_receding,False
93,140,630,682,red,robust_receding,False
94,140,631,682,red,robust_receding,False
95,140,632,682,red,robust_receding,False
96,140,633,682,red,robust_receding,False
97,140,634,682,red,robust_receding,False
98,140,635,682,red,robust_receding,False
99,140,636,682,red,robust_receding,False
100,140,637,682,red,robust_receding,False
101,140,638,682,red,robust_receding,False
83,141,620,683,red,robust_receding,False
84,141,621,683,red,robust_receding,False
85,141,622,683,red,robust_receding,False
86,141,623,683,red,robust_receding,False
87,141,624,683,red,robust_receding,False
88,141,625,683,red,robust_receding,False
89,141,626,683,red,robust_receding,False
90,141,627,683,red,robust_receding,False
91,141,628,683,red,robust_receding,False
92,141,629,683,red,robust_receding,False
93,141,630,683,red,robust_receding,False
94,141,631,683,red,robust_receding,False
95,141,632,683,red,robust_receding,False
96,141,633,683,red,robust_receding,False
97,141,634,683,red,robust_receding,False
98,141,635,683,red,robust_receding,False
80,142,617,684,red,robust_receding,False
81,142,618,684,red,robust_receding,False
82,142,619,684,red,robust_receding,False
83,142,620,684,red,robust_receding,False
84,142,621,684,red,robust_receding,False
85,142,622,684,red,robust_receding,False
86,142,623,684,red,robust_receding,False
87,142,624,684,red,robust_receding,False
88,142,625,684,red,robust_receding,False
89,142,626,684,red,robust_receding,False
90,142,627,684,red,robust_receding,False
91,142,628,684,red,robust_receding,False
92,142,629,684,red,robust_receding,False
93,142,630,684,red,robust_receding,False
94,142,631,684,red,robust_receding,False
95,142,632,684,red,robust_receding,False
96,142,633,684,red,robust_receding,False
97,142,634,684,red,robust_receding,False
98,142,635,684,red,robust_receding,False
80,143,617,685,red,robust_receding,False
81,143,618,685,red,robust_receding,False
82,143,619,685,red,robust_receding,False
83,143,620,685,red,robust_receding,False
84,143,621,685,red,robust_receding,False
85,143,622,685,red,robust_receding,False
86,143,623,685,red,robust_receding,False
87,143,624,685,red,robust_receding,False
88,143,625,685,red,robust_receding,False
89,143,626,685,red,robust_receding,False
90,143,627,685,red,robust_receding,False
91,143,628,685,red,robust_receding,False
92,143,629,685,red,robust_receding,False
93,143,630,685,red,robust_receding,False
94,143,631,685,red,robust_receding,False
95,143,632,685,red,robust_receding,False
96,143,633,685,red,robust_receding,False
97,143,634,685,red,robust_receding,False
98,143,635,685,red,robust_receding,False
80,144,617,686,red,robust_receding,False
81,144,618,686,red,robust_receding,False
82,144,619,686,red,robust_receding,False
83,144,620,686,red,robust_receding,False
84,144,621,686,red,robust_receding,False
85,144,622,686,red,robust_receding,False
86,144,623,686,red,robust_receding,False
87,144,624,686,red,robust_receding,False
88,144,625,686,red,robust_receding,False
89,144,626,686,red,robust_receding,False
90,144,627,686,red,robust_receding,False
91,144,628,686,red,robust_receding,False
92,144,629,686,red,robust_receding,False
93,144,630,686,red,robust_receding,False
94,144,631,686,red,robust_receding,False
95,144,632,686,red,robust_receding,False
96,144,633,686,red,robust_receding,False
97,144,634,686,red,robust_receding,False
98,144,635,686,red,robust_receding,False
77,145,614,687,red,robust_receding,False
78,145,615,687,red,robust_receding,False
79,145,616,687,red,robust_receding,False
80,145,617,687,red,robust_receding,False
81,145,618,687,red,robust_receding,False
82,145,619,687,red,robust_receding,False
83,145,620,687,red,robust_receding,False
84,145,621,687,red,robust_receding,False
85,145,622,687,red,robust_receding,False
86,145,623,687,red,robust_receding,False
87,145,624,687,red,robust_receding,False
88,145,625,687,red,robust_receding,False
89,145,626,687,red,robust_receding,False
90,145,627,687,red,robust_receding,False
91,145,628,687,red,robust_receding,False
92,145,629,687,red,robust_receding,False
93,145,630,687,red,robust_receding,False
94,145,631,687,red,robust_receding,False
95,145,632,687,red,robust_receding,False
96,145,633,687,red,robust_receding,False
97,145,634,687,red,robust_receding,False
98,145,635,687,red,robust_receding,False
77,146,614,688,red,robust_receding,False
78,146,615,688,red,robust_receding,False
79,146,616,688,red,robust_receding,False
80,146,617,688,red,robust_receding,False
81,146,618,688,red,robust_receding,False
82,146,619,688,red,robust_receding,False
83,146,620,688,red,robust_receding,False
84,146,621,688,red,robust_receding,False
85,146,622,688,red,robust_receding,False
86,146,623,688,red,robust_receding,False
87,146,624,688,red,robust_receding,False
88,146,625,688,red,robust_receding,False
89,146,626,688,red,robust_receding,False
90,146,627,688,red,robust_receding,False
91,146,628,688,red,robust_receding,False
92,146,629,688,red,robust_receding,False
93,146,630,688,red,robust_receding,False
94,146,631,688,red,robust_receding,False
95,146,632,688,red,robust_receding,False
96,146,633,688,red,robust_receding,False
97,146,634,688,red,robust_receding,False
98,146,635,688,red,robust_receding,False
94,147,631,689,red,robust_receding,False
95,147,632,689,red,robust_receding,False
96,147,633,689,red,robust_receding,False
97,147,634,689,red,robust_receding,False
98,147,635,689,red,robust_receding,False
94,148,631,690,red,robust_receding,False
95,148,632,690,red,robust_receding,False
96,148,633,690,red,robust_receding,False
97,148,634,690,red,robust_receding,False
98,148,635,690,red,robust_receding,False
94,149,631,691,red,robust_receding,False
95,149,632,691,red,robust_receding,False
96,149,633,691,red,robust_receding,False
97,149,634,691,red,robust_receding,False
98,149,635,691,red,robust_receding,False
