radius_kpc,vstar_total_primary_km_s,v2_star_primary_km2_s2,v2_h2_alpha3.20_h0.1_km2_s2,vbar_alpha3.20_h0.1_km_s,v2_h2_alpha3.20_h0.3_km2_s2,vbar_alpha3.20_h0.3_km_s,v2_h2_alpha3.20_h0.5_km2_s2,vbar_alpha3.20_h0.5_km_s,v2_h2_alpha4.35_h0.1_km2_s2,vbar_alpha4.35_h0.1_km_s,v2_h2_alpha4.35_h0.3_km2_s2,vbar_alpha4.35_h0.3_km_s,v2_h2_alpha4.35_h0.5_km2_s2,vbar_alpha4.35_h0.5_km_s,v2_h2_alpha5.50_h0.1_km2_s2,vbar_alpha5.50_h0.1_km_s,v2_h2_alpha5.50_h0.3_km2_s2,vbar_alpha5.50_h0.3_km_s,v2_h2_alpha5.50_h0.5_km2_s2,vbar_alpha5.50_h0.5_km_s,uses_halpha_endpoint_or_dark_discrepancy
0.1,249.04465762021783,62023.24148917152,-13.145770342551202,249.01716407903072,-2.74214489442143,249.0386860167045,1.5727552988537334,249.04764010025167,-17.870031559405543,249.00767808392183,-3.7276032158541312,249.03670748426885,2.137964234379295,249.04877483826337,-22.594292776259874,248.9981917274284,-4.713061537286832,249.03472893611416,2.7031731699048533,249.0499095711049,False
0.15,249.62191373563303,62311.099817039816,-30.64062648779669,249.55799875022873,-5.430861709611204,249.61003068503584,3.8577749526057006,249.6292660534774,-41.652101631848616,249.5359358190221,-7.38257763650273,249.60612112417763,5.2441628261983775,249.63204293173462,-52.66357677590057,249.5138709369302,-9.334293563394258,249.60221150208335,6.63055069979105,249.63481977910251,False
0.2,246.14473434308584,60587.2302448283,-57.21792693189484,246.02374182724597,-7.633101251171186,246.12753395324705,7.6226294799935,246.15958639635517,-77.78061942304458,245.9819482201656,-10.376247013310829,246.12196127965632,10.362011949366163,246.16515057435325,-98.34331191419427,245.9401475109281,-13.119392775450475,246.1163884798867,13.10139441873883,246.17071462658467,False
0.25,241.2723795870869,58212.36115161535,-95.03755002390216,241.06744233441597,-7.402295075955792,241.2546049026609,13.35364951824604,241.299129846057,-129.191669563742,240.99659257781454,-10.062494868877403,241.24909157745256,18.15261731386571,241.30907366334134,-163.34578910358186,240.92572198621156,-12.72269466179902,241.24357812624396,22.951585109485382,241.31901707087968,False
0.3,235.9911412199484,55691.81873429362,-146.15021444405892,235.6690438470076,-1.8261023447020894,235.98422345092644,21.536626786668627,236.03554907486932,-198.67294775989254,235.55758424310383,-2.4823578748294,235.9828329819918,29.276352038127666,236.05194375883988,-251.19568107572624,235.44607187449768,-3.138613404956717,235.9814425048642,37.016077289586704,236.06833730421783,False
0.3500000000000001,230.7209579543005,53232.1604393501,-208.0534082396075,230.2519723589942,12.828267744856626,230.74546214403344,32.52383028130142,230.78993157228965,-282.8226018257167,230.08955122217287,17.43842646566448,230.75545163394162,44.212081788644106,230.81525245669854,-357.59179541182556,229.92701535059948,22.04858518647232,230.7654406914198,55.900333295986805,230.84057056366157,False
0.4000000000000001,225.65127679335052,50918.49871846929,-253.10623798101878,225.06729483858837,40.122284253509136,225.7372448392819,46.37606201796733,225.7522553176728,-344.06629225544754,224.8651310267682,54.541230157114,225.76918003468393,63.04245930567433,225.7891653253172,-435.02634652987615,224.66278529701177,68.96017606071884,225.80111071347088,79.70885659338133,225.82606930022746,False
0.45,220.86671149792883,48782.10424790933,-161.4088018927765,220.48247261093624,81.2726632505764,221.04881798506412,62.72657101335585,221.00664671377902,-219.41509007299302,220.35088935707077,110.48002660625231,221.11487352946136,85.26893247128065,221.05764011480593,-277.42137825320975,220.2192274808715,139.68738996192818,221.1809093464112,107.81129392920542,221.10862175542812,False
0.5000000000000001,216.40074729837485,46829.283431295094,254.19249582147472,216.99447089508357,132.73242695268326,216.70705840212568,80.73333049445995,216.5848637368662,345.5429240073174,217.20485912433708,180.43314288880387,216.8170885268005,109.74687114090649,216.6518329960846,436.8933521931597,217.4150437651658,228.13385882492435,216.92706284180994,138.76041178735306,216.71878156082778,False
0.5500000000000002,212.26089176021415,45054.68617084135,687.9576753747748,213.90998956917397,186.0842325612205,212.7002438777203,99.17015746489014,212.49156317813353,935.1924649625847,214.48710550303934,252.95825363790908,212.85738833011737,134.80943280383505,212.57540708469938,1182.427254550394,215.0626727646147,319.8322747145976,213.01441685434128,170.4487081427799,212.65921793462093,False
0.6000000000000002,208.4412469027799,43447.75341038565,790.4745096454558,210.36864611475727,231.6250060168403,208.9984767015727,116.64843068666859,208.71735325739027,1074.5512865492913,211.0427540690744,314.86524255414224,209.1975226911522,158.5689604646901,208.8177532695634,1358.6280634531265,211.71471564811844,398.10547909144424,209.3963794736013,200.4894902427116,208.9181050323937,False
0.6500000000000001,204.92909404538784,41995.93358626342,728.5673837566886,206.7321774281278,262.8861781375697,205.5715045860074,131.8926980840985,205.2460650173393,990.3962872942486,207.36446679147437,357.3608984057588,205.80116184808836,179.29163645807154,205.36150112296085,1252.2251908318085,207.99483404943027,451.8356186739478,206.03056311695903,226.69057483204443,205.4768723770386,False
0.7000000000000002,201.70845565353312,40686.30108213334,634.421540074205,203.29848496685835,278.2829422702653,202.39731349291947,143.96719463638536,202.0589481702245,862.4167810383725,203.8584539105114,378.29087464864216,202.64422133761798,195.70540520883642,202.18693515217527,1090.4120220025397,204.41688891025683,478.2988070270186,202.89082870821906,247.44361578128743,202.31484116792416,False
0.7500000000000002,198.76205976358509,39506.35640146297,544.2492168988911,200.13986149700514,279.7076798224148,199.4615083258894,152.38568906541752,199.13701531849165,739.8387792219298,200.62789866407775,380.22762725859513,199.71332767513294,207.149296073302,199.27447020871753,935.4283415449687,201.11475153425837,480.74757469477544,199.96482990393886,261.91290308118636,199.41183035109262,False
0.8000000000000002,196.07243017723556,38444.39787560691,463.7425722009958,197.25465400895195,270.35778164207886,196.75337409226807,157.10193079973752,196.46221044177435,630.400059085729,197.67664509262616,367.51760941970076,197.00012701637937,213.56043718089316,196.60584588981374,797.0575459704615,198.0977372459383,464.67743719732294,197.2465712559973,270.0189435620489,196.74937647786928,False
0.8500000000000002,193.62248542895273,37489.66686368501,391.5068902609388,194.62362344803995,253.3184493032227,194.26290476829146,158.42511222774098,194.01786962415608,532.2046789484637,194.98474964143216,344.35476702156836,194.49707577938702,215.35913693458534,194.16453784922436,672.9024676359885,195.34520823767215,435.39108473991405,194.73096519159702,272.2931616414297,194.3110953674795,False
0.9000000000000002,191.39585655489185,36632.37390638074,324.91320934886494,192.22461218366135,231.03701801782555,191.97963173121101,156.91448178491663,191.7888139209262,441.6788939586133,192.5280946089914,314.06594636798155,192.19575418827952,213.30562367637103,191.93577125457128,558.4445785683616,192.83109940665304,397.09487471813765,192.41163389034384,269.69676556782537,192.08261615507678,False
0.9500000000000004,189.37704211446413,35863.66408002352,261.3628015735273,190.03594916176695,205.31391952908453,189.89260020812398,153.29080865058296,189.76129527028957,355.2900583890137,190.28291891451832,279.09860935984943,190.08678098077513,208.37969300938624,189.90639290718158,449.21731520450004,190.5295685384414,352.88329919061385,190.2807635928129,263.46857736818936,190.05137976709253,False
1.0000000000000004,187.5514687683894,35175.55343718015,198.42339057025436,188.03692870079914,177.49864429204456,187.9908338686682,148.37968239545296,187.92291309762948,269.7317965564396,188.22644596659524,241.2872195844981,188.16041611861317,201.70363075631892,188.06473676758242,341.0402025426246,188.4157726072894,305.07579487695153,188.32984566770642,255.02757911718467,188.2064535658141,False
1.0500000000000005,185.90549747066348,34560.85398981487,133.68722975953438,186.20748011224418,148.74596691006985,186.26396799350184,143.08436724073007,186.26254481093628,181.73107795436707,186.33644167995334,202.20154876837626,186.4074069197428,194.50531171786747,186.4005272093488,229.77492614919967,186.46531405637208,255.65713062668252,186.5507355557755,245.92625619500475,186.53840754225473,False
1.1000000000000003,184.4263990439935,34013.096664334334,64.5517613513237,184.52755392366706,120.29744778203023,184.70298280979955,138.37596873284946,184.7702864036381,87.75005058695571,184.59040182600904,163.5293430786973,184.8199766100347,188.1048324962172,184.90480686408836,110.94833982258757,184.65322833766842,206.76123837536434,184.9368963982862,237.833696259585,185.03922953041385,False
1.1500000000000004,183.102313333926,33526.45714823521,-12.032038161522806,182.9763563442104,93.80194673844896,183.3010868039395,135.283258761147,183.43737003797978,-16.356051875820047,182.96454019095933,127.51202134757918,183.3930164922168,183.90067987843435,183.56983997260554,-20.680065590117376,182.95272327455217,161.22209595670915,183.4849001218455,232.51810099572154,183.70221438155093,False
1.2000000000000004,181.9222004223131,33095.68700649626,-99.79021680542533,181.5315997340692,71.69259252526169,182.05480330785582,134.86113989289737,182.25600572649228,-135.65232596987497,181.43279635403812,97.45711796402759,182.1255499179092,183.3268620419073,182.38891782541006,-171.5144351343248,181.33393913904098,123.22164340279345,182.19626905713412,231.79258419091727,182.52173313792852,False
1.2500000000000004,180.8757889306748,32716.051021294017,-203.06531851742236,180.16959899768023,57.58477925623224,180.9651496304985,138.11577553528653,181.21908472880372,-276.041917359621,179.96696309084814,78.27930930144078,181.0223188196249,187.75113236828017,181.35598150261916,-349.01851620181964,179.76409876641247,98.97383934664923,181.07946995968132,237.3864892012737,181.49277501766105,False
1.3000000000000005,179.95352434528422,32383.2709242888,-325.2205759863369,178.87005839039415,56.50123848023454,180.0383050485713,145.8700439992537,180.3196955626777,-442.0967204814266,178.54305263461785,76.80637105906884,180.09468736567786,198.2920910614855,180.46499564979078,-558.9728649765167,178.21544686023384,97.11150363790301,180.15105203667304,250.71413812371725,180.6101788436666,False
1.3500000000000003,179.14651901487449,32093.475275146786,-460.0663126147231,177.64250364657312,74.42138040554545,179.2841962050803,158.5718905544519,179.55046032653203,-625.4026437106388,177.17652996581356,101.16656398878848,179.35876948865635,215.55866372245808,179.70908317788937,-790.7389748065549,176.70932753997712,127.91174757203133,179.4333117792463,272.54543689046426,179.86756614188553,False
1.4000000000000006,178.44650469129687,31843.155036541033,-554.2894105419871,176.643385863873,116.36134346786876,178.7105075676918,176.08375914764233,178.90281014197055,-753.4871674555138,176.07864155694637,158.17870127663417,178.82746677429276,239.3638600913265,179.07957889619252,-952.6849243690406,175.5120800846086,199.99605908539954,178.9443495356016,302.64396103501053,179.25617333464788,False
1.4500000000000006,177.84578801145844,31629.124313416614,-391.4351288159882,176.5383117629934,182.68322105194991,178.3111453134011,197.53308148107797,178.36645105533927,-532.1071282342338,176.13944339843252,248.3350036174945,178.49514370296575,268.52153263834043,178.56533625884393,-672.7791276524797,175.7396697427515,313.98678618303904,178.6789526164398,339.50998379560286,178.76400019128926,False
1.5000000000000004,177.33720903804527,31448.485709403365,342.7825971283292,178.28586369678163,265.55209563939,178.0551109077455,221.3211216615247,177.9293287224727,465.97009297132274,178.6310070786995,360.984880009796,178.3228961876179,300.85839975863513,178.1526965771971,589.157588814316,178.9754848737485,456.41766438020164,178.5902799401758,380.39567785574553,178.37578472377905,False
1.5500000000000005,176.91410281427034,31298.599774578215,1087.9184168034174,180.13445743022436,349.73924249130187,177.88885565591454,245.3457744801821,177.57827144278772,1478.8890978421464,181.216427055386,475.42678276161354,178.24178103587585,333.51691218399753,177.82635807526458,1869.8597788808745,182.29197490772535,601.1143230319251,178.5940089899754,421.688049887813,178.07409908242138,False
1.6000000000000003,176.5702637988971,31177.058058012106,1258.0242067283214,180.30859496868536,419.2498569542129,177.75671950127605,267.3952966579882,177.3001813904648,1710.1266560213123,181.55795732733506,569.9177742971332,178.18001920865947,363.49048139445273,177.57097033532304,2162.229105314302,182.79878095372356,720.5856916400534,178.60231566959365,459.58566613091716,177.8413469656723,False
1.6500000000000006,176.29991300368368,31081.659325106437,1155.6397971105428,179.72848663694128,464.51176162193775,177.62314514724676,285.57509133908945,177.0833433459281,1570.9478491971443,180.8801729347133,631.4456759548216,178.09243556741194,388.2036397890748,177.3728813517496,1986.2559012837455,182.02457255265946,798.3795902877052,178.56049260871134,490.8321882390601,177.66194749431241,False
1.7000000000000006,176.09766763832695,31010.388547658666,1004.5764132532154,179.06486744781841,484.229425134214,177.4784510306266,298.61312591461825,176.91836439830527,1365.5960617660896,180.07011524019651,658.2493747918221,177.9680323257189,405.9272180401842,177.22139191840554,1726.6157102789637,181.06978226951765,832.2693244494302,178.45627049657216,513.2413101657501,177.52390218115042,False
1.7500000000000009,175.95851306675485,30961.398320663335,863.3318530180549,178.49061334927953,482.4416934491731,177.32982118725977,305.9636046491769,176.79848759066047,1173.5917376964185,179.35762860408354,655.8191770324698,177.81800517914044,415.91927506997473,177.10917786711596,1483.8516223747822,180.2204728191521,829.1966606157665,178.30485256849323,525.8749454907729,177.41932407487784,False
1.8000000000000007,175.87777688622305,30932.992402440053,740.1572614633541,178.027061871456,464.82191532265045,177.18992748359625,307.7310051050635,176.71934357614685,1006.1512773017466,178.77256158152912,631.8672911417276,177.6606759456385,418.3218350646957,177.03196667253027,1272.1452931401393,179.51496536573214,798.9126669608049,178.130180354931,528.9126650243278,177.34403867596876,False
1.8500000000000008,175.85110495278707,30923.611113116134,632.3167186178393,177.66218862468313,436.49048698815403,177.07016489703466,304.497911816703,176.67839836981395,859.5555393711254,178.300566705958,593.354255749522,177.51255466987234,413.9268488758308,176.98781140966122,1086.7943601244112,178.93666731114408,750.2180245108904,177.95384467379677,523.3557859349584,177.29668447165315,False
1.9000000000000008,175.87443919071964,30931.81836065014,535.5071258433253,177.37918752512965,401.3197132700625,176.9784604908342,297.14138954883407,176.6743617619722,727.9549991932709,177.9208364425737,545.5439852264911,177.38545529344336,403.9265764179463,176.9763127960048,920.4028725432155,178.46084140162236,689.7682571829199,177.7915184186766,510.71176328705855,177.27774952807374,False
1.9500000000000008,175.94399703777705,30956.2900936293,445.78031836321725,177.16238693134727,362.0190012561557,176.91948911007185,286.6894119655398,176.70671852451633,605.9826202749983,177.61394552546878,492.11957983258674,177.28679083774196,389.7184193906558,176.99800388458553,766.1849221867797,178.06435900268187,622.2201584090177,177.65333316355677,492.7474268157718,177.28881066371017,False
2.0000000000000004,176.05625239201433,30995.80400632065,359.7120052680987,176.9978029534736,320.4812968970637,176.89570945468338,274.23273505072723,176.77543185676245,488.9835071613218,177.3626052815246,435.65426296944617,177.2209496350478,372.78512420958225,177.05396267043483,618.2550090545444,177.72665881668715,550.8272290418284,177.54559401917166,471.3375133684372,177.33205600359622,False
2.0500000000000007,176.20791793866636,31049.230344279775,274.1851104607978,176.87248239312527,278.1662023732623,176.90853160021078,260.8839582631821,176.88079398904324,372.7203845326472,177.15081230967658,378.13218135115335,177.19084212204837,354.6391307640132,177.14561934943575,471.2556586044965,177.4287056145372,478.09816032904473,177.47270356564292,448.39430326484415,177.41004939742288,False
2.100000000000001,176.395928747257,31115.523678607366,186.09988889999212,176.77359453705324,236.46784911337394,176.95945585313606,247.76458700812933,177.02336369781872,252.9795364734269,176.96266095740063,321.4484823884925,177.19940645812875,336.80498546417584,177.27467865813844,319.85918404686146,177.15152559517335,406.4291156636111,177.43903257848382,425.845383920222,177.52563784367118,False
2.150000000000001,176.61742703954,31193.715534067233,92.07536068372167,176.68747526433535,197.08492932031544,177.05123592709964,235.9971962799225,177.20391787630254,125.16494342943442,176.78108919799888,267.9123257948041,177.2511425627152,320.80868869301975,177.44306129889802,158.2545261751467,176.87465358489482,338.7397222692922,177.45082399431814,405.620181106117,177.68188285679992,False
2.2000000000000006,176.86974803816122,31282.907771082635,-11.80468795174305,176.59880077151058,162.416811755815,177.1891361057068,226.67889192366937,177.42334084768396,-16.046997684400488,176.5867892119992,220.78535348056116,177.35376651092426,308.141618708738,177.65276413368443,-20.289307417058343,176.57477683539733,279.15389520530687,177.518244237983,389.6043454938067,177.8818915210977,False
2.250000000000001,177.15040681415698,31382.266634421318,-129.93763103004406,176.49076353849497,135.9552891149679,177.38217076102183,220.81363624330695,177.68237966502426,-176.63396718146583,176.35842275958788,184.81422114065975,177.51983955580286,300.1685367682457,177.90554500619356,-223.33030333288818,176.22598259648916,233.67315316635126,177.65740166945955,379.5234372931842,178.12843075847186,False
2.3000000000000007,177.45708605868018,31491.01739243782,-265.62653647130867,176.35027132863618,122.48538320982532,177.64369951620597,219.1883750864753,177.98121862054745,-361.0860730156848,176.07941009992967,166.5035678008565,177.76755092647002,297.9591973831774,178.2023709268533,-456.5456095600619,175.8081315656214,210.5217523918873,177.89131610898306,376.7300196798793,178.42324911918993,False
2.350000000000001,177.78762471078906,31608.439500304372,-412.71015544365997,176.19568837391492,127.61443791847721,177.9897908208461,222.1974321219255,178.31889137049666,-561.0278675562251,175.77429530350898,173.47587654543017,178.11857588436843,302.04963429074263,178.54265378830854,-709.3455796687907,175.35188957445712,219.3373151723828,178.24726789968608,381.9018364595595,178.7661361218635,False
2.400000000000001,178.14000737885215,31733.862228937498,-519.2304768285679,176.19746855212694,155.88834602393888,178.432948599283,229.65398267667072,178.69266191425646,-705.828929438834,175.667155357988,211.91072037629195,178.589863990616,312.1858827010994,178.92344542297187,-892.427382049101,175.13523637166003,267.933094728645,178.7466416314977,394.717782725528,179.1539316399493,False
2.450000000000001,178.51235449821678,31866.660708497016,-376.4098480229282,177.04412745966548,207.26188153851908,178.97054977173204,240.66577686711614,179.09762885700948,-511.68213715616764,176.66168452389735,281.7466202164243,179.1785211019276,327.15504042873596,179.33892473683656,-646.9544262894079,176.27841186511694,356.2313588943296,179.386251320863,413.6443039903559,179.5798963952434,False
2.500000000000001,178.90291317234562,32006.252341551837,314.6061978516673,179.69628163557974,273.8263078326391,179.57438664902728,253.66536193749317,179.52684419475185,427.6678002046103,180.01059756582816,372.23263720999387,179.84817672067655,344.82635138378004,179.78055728018253,540.7294025575532,180.32436562583405,470.63896658734853,180.1215506238192,435.98734083006656,180.0339128203886,False
2.5500000000000007,179.31004864871858,32152.093546405824,1011.3571290780262,182.34463528981692,340.77984971964395,180.19429099211618,266.6417258542727,179.97208909707663,1374.8135973404424,183.33854610320975,463.24760821264096,180.53379258367238,362.46609608315197,180.23811257388093,1738.2700656028576,184.3270977244018,585.7153667056381,180.8726569250793,458.2904663120313,180.5037439900454,False
2.600000000000001,179.73223638449653,32303.67679577254,1156.6931619292466,183.21995989786544,392.87632495936305,180.77941692522975,277.5257094979453,180.42513777091827,1572.3797669975693,184.35086197260847,534.0662542416339,181.16949940072232,377.26151134876966,180.7013174869117,1988.0663720658924,185.47486868875814,675.2561835239051,181.5587437783997,476.99731319959363,180.9770757398751,False
2.650000000000001,180.1680546602944,32460.527920074826,1042.6688581969981,183.27975937675595,421.19765376165867,181.3000428199504,284.59514783533615,180.8790647566644,1417.3779791115444,184.29915712806746,572.565560582255,181.71701470510803,386.87152908866,181.1615644900952,1792.0871000260909,185.31294730544505,723.9334674028511,182.1330319852965,489.1479103419842,181.4436243844138,False
2.700000000000001,180.6161777034684,32622.203648210874,882.2209107419588,183.20384663591804,424.73144144352534,181.75223226333128,286.75615610594485,181.3291314113286,1199.2690505398502,184.06710070513654,577.3693032122919,182.17165475032795,389.80914970651867,181.61306916625645,1516.317190337742,184.92632506431517,730.0071649810588,182.59011379656195,492.86214330709265,181.89656369922997,False
2.750000000000001,181.07536928511595,32788.28936174112,730.1757528063115,183.1657863108918,407.4471480880506,182.14807182294018,283.63137893641914,181.77303803076776,992.5826639710791,183.88070096138978,553.8734669321939,182.5495724116031,385.56140574169467,182.0531993175078,1254.9895751358474,184.59284682028397,700.2997857763371,182.950191873371,487.49143254697026,182.33293012658325,False
2.800000000000001,181.5444767575531,32958.39704117374,593.7171675063709,183.18733790700102,374.76513998015525,182.50420312374118,275.48290155303664,182.2106433741468,807.084274578973,183.76878917957308,509.44636216052334,182.8728120306902,374.4845692986593,182.48210933284975,1020.4513816515752,184.34840651223155,644.127584340892,183.2406794415272,473.48623704428195,182.7531720499312,False
2.850000000000001,182.02242550139903,33132.16338541236,469.67852074942675,183.25724104515703,331.52575742781846,182.83532541894553,263.0522460201654,182.64342533071778,638.4692391437522,183.7171932995851,450.66782650344044,183.1608535963057,357.5866469336625,182.90203721514686,807.2599575380775,184.17599689501193,569.809895579063,183.48580424436915,452.1210478471592,183.1602839546949,False
2.900000000000001,182.5082137535765,33309.24808752118,353.38137478976137,183.35940487591466,281.38968234960925,183.15233173481582,247.39752566446677,183.07394246936767,480.3778063548319,183.70538312203774,382.51409944400024,183.42819040974703,336.3060114501347,183.31660289527244,607.3742379199025,184.05071099992995,483.63851653839106,183.70363484179836,425.21449723580236,183.55894253031823,False
2.950000000000001,183.00090778956047,33489.332251803215,240.37167764922518,183.4784575602819,226.97871283564174,183.46281302554678,229.77420505924644,183.50544357062634,326.7552493044155,183.71371195519228,308.54918776095025,183.6849864255978,312.3493100024132,183.7302994200888,413.138820959606,183.94866548037402,390.11966268625923,183.9068914236151,394.92441494557966,183.95488041891863,False
3.000000000000001,183.4996374350762,33672.11693880442,126.4967178968995,183.5999816204351,170.27195056952732,183.77236858991589,211.5707325754056,183.9416574462472,171.9564758910979,183.7237410053973,231.46343280545153,183.93878041180938,287.6039645946919,184.1482190413251,217.41623388529626,183.84741708006808,292.6549150413753,184.10504181477418,363.6371966139783,184.354549192883,False
3.050000000000001,184.00359188418977,33857.32182628347,7.6018029741335145,183.70951542892618,113.06114756424587,184.08610038095165,194.28702492535703,184.3867205104775,10.333700917962837,183.71695065255872,153.69249747014678,184.1964269560398,264.10892450790743,184.57595889007726,13.065598861792001,183.7243855752919,194.32384737604738,184.30668748929762,333.93082409045735,184.76500344971728,False
3.100000000000001,184.51201580234644,34044.68397544534,-120.87155675971401,183.7912195954399,57.436516260249824,184.41020693056177,179.53163448979822,184.84516101865987,-164.30977247023606,183.6730088626761,78.07776429127725,184.46616401986475,244.0508156345695,185.01960094314077,-207.74798818075803,183.55472200125547,98.71901232230475,184.52210413995033,308.5699967793409,185.1938765572551,False
3.1500000000000012,185.02420569441847,34233.95669285048,-264.32759900282105,183.82639181460098,6.339858855242118,184.75379892146103,169.00687923640737,185.32183832619526,-359.3203298944596,183.56783377455747,8.618245631344866,184.75996482649524,229.74372646199149,185.48563450527925,-454.3130607860987,183.3089110376032,10.896632407447445,184.76613052576454,290.48057368757526,185.64928616897944,False
3.200000000000001,185.5395065192193,34424.90847939542,-429.4003688346312,183.7921510893583,-35.785708715589784,185.13102419975198,164.4468059776256,185.82172215125405,-583.7161263845769,183.37186001266272,-48.64619778525468,185.09628746190313,223.5448768758348,185.98067236720075,-738.0318839345226,182.95060340691316,-61.50668685491988,185.06154420383996,282.642947774044,186.1394868507332,False
3.2500000000000013,186.05730853324616,34617.32205863555,-623.7662098272334,183.66201155350856,-62.326448628635035,185.56322534376193,167.47250343046986,186.34939772940774,-847.9321914838948,183.05072659299785,-84.72501610455035,185.50286259921663,227.65793435079507,186.51081326570136,-1072.098173140557,182.43739343831842,-107.12358358046619,185.44248020620284,287.84336527112004,186.6720892258766,False
3.300000000000001,186.5770443476226,34810.99347749473,-853.0571473083593,183.4162203293557,-64.18021447873812,186.07986294891768,179.34118516795314,186.9082253792792,-1159.6245596223002,182.57859257753304,-87.24497905703477,186.01787717988208,243.79192358768645,187.08055872498124,-1466.191971936243,181.7371042337774,-110.30974363533134,185.955870748765,308.2426620074195,187.25273346808825,False
3.350000000000001,187.0981861833436,35005.73127309711,-1104.8246231101114,183.09610295997814,-30.712388077846793,186.71511727092275,200.6012508071146,187.49920477841246,-1501.870972040307,182.00861674712195,-41.749652543322995,186.68555850153209,272.69232531592144,187.69135000592289,-1898.9173209705039,180.91459372109958,-52.7869170087992,186.65599505122645,344.78339982472835,187.88329872970257,False
3.4000000000000012,187.62024331097484,35201.3557000694,-1279.3677274469396,183.03958321831266,46.617348007562384,187.49561045631626,230.729475143148,188.11980597850737,-1739.1405044981827,181.77930643415482,63.37045744778008,187.54028113935126,313.64788027271686,188.34006426281377,-2198.9132815494277,180.5102309306348,80.12356688799797,187.58494118469937,396.5662854022858,188.5600652621079,False
3.450000000000001,188.14275966193753,35397.698013209585,-979.3801670466228,184.58873608228308,167.55637341251773,188.41826049162788,267.89710550231894,188.7632551526631,-1331.344914579003,183.63288578280955,227.77194510764127,188.57798508411864,364.172627792215,189.01809971036977,-1683.309662111383,182.6720339663135,287.9875168027649,188.7375745051345,460.4481500821109,189.272601135001,False
3.5000000000000013,188.66531159941988,35594.599800906195,360.187906588872,189.56464154963177,316.94716749515527,189.43086466137188,309.0331943943423,189.41881757590667,489.6304355192478,189.90575519128103,430.85005581372667,189.73127147276898,420.09199862980887,189.71174780727227,619.0729644496233,190.24625721338418,544.7529441322982,190.03120339300105,531.1508028652756,190.0042264275338,False
3.550000000000001,189.1875058378044,35791.91236512927,1707.1405224600687,194.4373915662776,466.7269527491868,190.44006242596598,350.26832635766067,190.073321560678,2320.644147719155,196.00868058419516,634.4569513934258,190.87992921061672,476.1460061424448,190.40416289801462,2934.147772978243,197.567473258166,802.1869500376654,191.3187846869572,602.023685927229,190.7344303702886,False
3.6000000000000014,189.70546950380137,35988.165159657714,2009.3751723162895,195.90184008668135,588.2317759166034,191.349012853744,387.66229735707833,190.7100826588336,2731.494374867454,197.7363147019253,799.6275703866329,191.90060061024383,526.9784354697783,191.07498990148304,3453.6135774186223,199.55392593093728,1011.0233648566623,192.45060745303545,666.2945735824782,191.4392015862074,False
3.6500000000000017,189.5611768623364,35933.43977343398,1822.696121903683,195.16767542718958,664.9400157023127,191.4541314035393,417.95906265049877,190.664438213922,2477.7275407128186,196.83864699408485,903.9028338453312,192.07719086249338,568.1631007905218,191.05792848654698,3132.758959521955,198.49555251760953,1142.8656519883496,192.69823576714379,718.367138930545,191.4506100165537,False
3.7000000000000015,189.42576243890616,35882.11947556091,1549.9784799989152,194.16384408960644,695.2963845725501,191.41730897518144,439.09933035055917,190.59766596040788,2107.001996248525,195.593000559587,945.1685227783098,192.06888949933,596.9006521952916,191.0111818491262,2664.0255124981354,197.01178996230712,1195.0406609840702,192.71826704210372,754.7019740400239,191.423804458183,False
3.7500000000000018,189.29858298483535,35833.95352006659,1294.7109598582388,193.21854402719094,687.0753607891563,191.26306323800566,450.36517594347936,190.50675174473494,1759.9977110572943,194.41885841447217,933.9930685727595,191.90747006557342,612.2151610481669,190.93106726102684,2225.2844622563484,195.61180756382174,1180.9107763563625,192.54972026661727,774.0651461528552,191.35444188870935,False
3.800000000000001,189.17903024392987,35788.70548403374,1070.5902939213986,192.37623033470553,650.6859484393859,191.02434853559603,452.2137785840956,190.39254475027371,1455.333680799401,193.37362122241407,884.5262111597901,191.6354403448623,614.7281052627552,190.81885499908975,1840.0770676774032,194.36589405435225,1118.3664738801947,192.2445896739091,777.2424319414147,191.24421494477238,False
3.8500000000000014,189.0665290193572,35746.15239542744,871.9829744420355,191.61936108617468,595.3538405557535,190.73031951019888,445.957954075448,190.25872337715202,1185.351855882142,192.43530971345643,809.3091270054772,191.2903815326643,606.2240938213118,190.67943769806308,1498.7207373222489,193.24781319837493,1023.2644134552014,191.84880857946968,766.4902335671765,191.09922579800104,False
3.9000000000000017,188.96053535812257,35706.08392282829,690.5816129863392,190.92129640085864,528.0043692317672,190.4027727100133,433.44401674080547,190.1107543041943,938.7593801533051,191.57014168849875,717.7559394244336,190.9004123249964,589.2129602570325,190.51999329630988,1186.9371473202707,192.21679675230894,907.5075096170997,191.39675806043923,744.9819037732591,190.9283551208206,False
3.9500000000000015,188.86053484501775,35668.301621946164,518.6882611257226,190.25692714598935,453.51992699931924,190.05698921406992,416.8129697289242,189.9551222708302,705.0918549677791,190.74617144487164,616.5036507646997,190.48528256241337,566.6051307252563,190.34899694488118,891.495448809836,191.2341640887381,779.4873745300796,190.91261507990467,716.3972917215888,190.74205828531555,False
4.000000000000001,188.76604099857644,35632.61823427624,349.402978234311,189.60337267725626,375.44798036571063,189.70402685184624,398.36537058558076,189.79889554619618,474.96967353726603,189.93421394233707,510.37459830963786,190.05931816606608,541.5279256397739,190.17566433592413,600.5363688402218,190.26447992517265,645.3012162535654,190.41394654723655,684.6904806939671,190.55168816010072,False
4.050000000000002,188.67659376215553,35598.85703368947,176.13088866648332,188.93841272955675,296.7811907800006,189.35326115461385,380.50839211656694,189.64955654640005,239.42792678100105,189.105845607371,403.4369312165634,189.6346836692169,517.2535955334586,190.0097352812826,302.72496489551844,189.27313037246827,510.0926716531264,189.91568916432502,653.9987989503499,190.36923255894052,False
4.100000000000001,188.59175808380056,35566.851217138756,-8.056343141967199,188.2383716144278,220.74210141218018,189.0149691275819,365.7438684299542,189.51496237572675,-10.951591458611713,188.2306810797187,300.07129410718204,189.22470173578222,497.1830711469686,189.86142358833754,-13.846839775255475,188.2229902307848,379.40048680218445,189.43420213807946,628.6222738639839,190.2072537252645,False
4.150000000000001,188.5111225790367,35536.443336008604,-211.09538275820296,187.47580056475752,151.62493758311442,188.7031335987949,356.64785301814135,189.40327183560086,-286.95778593693217,187.27336541595554,206.11514952704624,188.84745918849043,484.818175196536,189.74132313286137,-362.82018911566104,187.07071120578786,260.60536147097827,188.99167456237984,612.988497374931,190.07877321360033,False
4.200000000000001,188.43429827117168,35507.484764948895,-442.5034849333778,186.61740407796822,95.7427423817051,188.43862303328686,355.78823420362465,189.32266102686978,-601.5281748313105,186.1908451425626,130.15029042513032,188.5298973604044,483.6496308705522,189.66004158747296,-760.5528647292432,185.7633067239163,164.5578384685557,188.6211275196075,611.5110275374798,189.9968230566735,False
4.250000000000001,188.36091740409788,35479.83520531338,-713.1331491073709,185.62461208680597,62.37848168618417,188.25238628257173,365.52869224291373,189.28065507035072,-969.4153745678319,184.9329997239993,84.79574854215669,188.31191732850732,496.89056601771074,189.62734048031123,-1225.6976000282932,184.23879114197496,107.21301539812916,188.3714295608401,628.2524397925075,189.97339321971032,False
4.300000000000001,188.2906323229529,35453.36222057743,-1030.8655262518923,184.4679545594263,64.22687601518292,188.18688913935236,387.68570200495986,189.28296629468477,-1401.3328247486652,183.46105570622282,87.30840958313945,188.24820524380797,527.0102511629923,189.65064165056972,-1771.8001232454392,182.4486000558651,110.38994315109578,188.30950138291695,666.3348003210248,190.01760557282802,False
4.350000000000001,188.2231144183304,35427.9408013359,-1378.2516205256147,183.20414708183,116.0485247776069,188.291417513246,423.056328263045,189.33190299850565,-1873.560796652006,181.8473269857284,157.75346336955937,188.4021306878971,575.092196232577,189.7329843780598,-2368.869972778399,180.4803068363084,199.45840196151198,188.5127788409354,727.1280642021087,190.13321968812977,False
4.400000000000001,188.15805313004637,35403.452957689355,-1616.2584252620886,182.31275892264057,229.60904513240212,188.60475718425582,470.9238077619517,189.4247144032964,-2197.1012968406512,180.71275326995132,312.124795726859,188.82338357080286,640.1620511764031,189.87090527562367,-2777.9441684192143,179.09845427258085,394.64054632131587,189.041757116572,809.4002945908546,190.31605006829906,False
4.450000000000001,188.0951550067455,35379.787337011614,-1192.2740124276863,183.70808474550293,404.3820830463176,189.12380906552963,528.7451082502656,189.55256104478832,-1620.747485643886,182.53817936980934,549.7068941410877,189.50762508814702,718.7628815277046,190.05312723529607,-2049.220958860086,181.36072743135017,695.0317052358586,189.890665325193,908.7806548051437,190.55237848211993,False
4.500000000000001,188.03414281789463,35356.8388652604,676.9783712046354,189.9601823408369,619.138901288772,189.77598538602513,592.2523873478552,189.70088298702916,920.2674733563011,190.5994752802737,841.641943939424,190.36130823223365,805.0930890509908,190.26104621745793,1163.5565755079672,191.23663111252336,1064.1449865900763,190.94483683655372,1017.9337907541258,190.81956505941625,False
4.550000000000001,187.9747547149495,35334.508410145434,2555.019359285427,196.04230385609756,834.8529643049485,190.43029920819154,656.0797353205422,189.8515214679656,3473.2294415286265,198.3703480448872,1134.878248352039,191.21643271583238,891.8583902013618,190.47146468324914,4391.439523771827,200.67138576711153,1434.90353239913,191.99934745882743,1127.6370450821817,191.08939665366847,False
4.600000000000001,187.91674343869911,35312.70246460586,2983.8861419256227,197.35928745495036,1011.850839017481,190.95533993229262,714.7768786241811,189.98611023745224,4056.220224180143,200.05754778808085,1375.484734289388,191.90512172406793,971.6498193797458,190.66094257585354,5128.554306434662,202.71989667823624,1739.1186295612952,192.85022592468292,1228.5227601353113,191.33339479732356,False
4.650000000000001,187.85987556999908,35291.33284917554,2736.9283169254177,196.50854605715048,1127.4373113488848,191.277027078433,763.851632685515,190.08953176737683,3720.511930820488,198.9954579566838,1532.6100951148906,192.33323652382498,1038.3608131818712,190.8102179340428,4704.095544715562,201.45167137873386,1937.7828788808954,193.38367732436885,1312.8699936782284,191.5281923073814,False
4.700000000000001,187.80393082128964,35270.31643192774,2372.875297897105,195.27613046337783,1179.688820084057,191.38980501512455,800.4688657584566,190.15220913494616,3225.627358078877,197.4475099588038,1603.6394898017634,192.49417688191272,1088.1373643904017,190.9071269951236,4078.3794182606484,199.59526860402704,2027.5901595194716,193.59224881994325,1375.8058630223475,191.65907136413918,False
4.750000000000001,187.74870136646837,35249.57486479532,2035.0034534338226,194.1210455897547,1179.5531460950144,191.32994895571457,823.6359918631629,190.17069058343466,2766.332819511599,195.99568798046909,1603.4550579729096,192.43453764663514,1119.6301764389864,190.94733761316564,3497.6621855893814,197.85256903314442,2027.3569698508063,193.53282199966014,1415.624361014811,191.72083852865887,False
4.800000000000002,187.69399120684793,35229.034335156306,1742.322263130012,193.1065706718268,1141.5499913858223,191.14505057870414,833.9580508550844,190.14682004364764,2368.4693264423595,194.721068967756,1551.7945195401014,192.21517861212118,1133.66172538113,190.93327852220358,2994.6163897547076,196.32229054098246,1962.039047694382,193.2793817690959,1433.3653999071764,191.71651082200356,False
4.850000000000001,187.63961557107916,35208.62533166238,1487.2373684294848,192.20970534855635,1078.4935203079551,190.87693918685255,833.1826388941635,190.0862285688758,2021.7132977088293,193.59505871653386,1466.0771291686265,191.889524263838,1132.6076497467532,190.87220673107828,2556.1892269881755,194.97056877574508,1853.660738029298,192.8967939885543,1432.0326605993425,191.65496161916622,False
4.900000000000001,187.58540034705428,35188.28242336463,1258.6021350972676,191.39503459451757,999.955687688885,190.55680103977187,823.7429184981899,189.99683143006106,1710.9122773978468,192.5730235773878,1359.3147629520774,191.49739814883753,1119.7755298334755,190.77428695921873,2163.2224196984266,193.74385035927654,1718.6738382152712,192.4333977589067,1415.8081411687629,191.548586985479,False
4.950000000000001,187.53118154393408,35167.94405126396,1046.2699729990943,190.62967836543723,912.6155258389545,190.20638999646914,808.4166752884694,189.88771399430686,1422.2732445456425,191.61335429780618,1240.5867304373278,191.06659048637283,1098.9414179702621,190.65117012141698,1798.2765160921922,192.59200610825764,1568.5579350357023,191.922935587922,1389.466160652056,191.41158118396928,False
5.000000000000001,187.47680478256436,35147.55233147975,841.3889335567286,189.8844271422914,821.2077958764656,189.84116688513947,790.129002817904,189.76849227704008,1143.7630815536768,190.67897057398102,1116.32934751957,190.61686755362047,1074.0816132055877,190.5151785855623,1446.137229550626,191.4702169193686,1411.450899162674,191.38942433582267,1358.0342235932724,191.25894980856813,False
5.050000000000002,187.42212481265025,35127.05286928865,635.780960871025,189.13177999059502,729.5402738068581,189.4736708298998,771.8699125416499,189.6490502022501,864.264743684049,189.7348517938227,991.7188097061967,190.16427233751494,1049.260662361305,190.3789720332454,1092.7485264970728,190.33601279851612,1253.8973456055367,190.85237491201386,1326.6514121809603,191.1061059784718,False
5.100000000000001,187.36700505516563,35106.394583342466,421.1512999347563,188.343310203932,641.4755892023252,189.1168053789842,756.6733424135225,189.5394742225016,572.5025483488083,188.74467872496064,872.0058790719103,189.7253182013992,1028.602824843382,190.25546449700784,723.8537967628611,189.14519553877824,1102.5361689414963,190.33188554861678,1300.5323072732417,190.9687703615491,False
5.150000000000001,187.3113171685688,35085.52953942418,188.27831138076382,187.48684835855337,561.9372135100778,188.78724843343952,747.595798407369,189.44997774742725,255.94082953322516,187.6672076458102,763.883399615261,189.32134416693324,1016.2630384600167,190.157727448961,323.60334768568714,187.84739376346988,965.8295857204449,189.85393739208985,1284.930278512665,190.86285272049662,False
5.200000000000001,187.25494063747877,35064.4127931457,-73.6611396895096,186.52399323081744,498.0014484768765,188.50918831940407,747.6307043406097,189.39059914988383,-100.13311176542796,186.45301842205214,676.9707190232538,188.98328855056715,1016.3104887130158,190.09860291628758,-126.60508384134555,186.38201658587718,855.939989569631,189.45620238443848,1284.9902730854233,190.803979557809,False
5.250000000000002,187.19776238255872,35043.00224103692,-376.84390650328646,185.41065417809756,459.9709395497575,188.31800013895028,759.4987081591881,189.37047071921168,-512.2721854029058,185.04508208501642,625.2729959504508,188.75638064111732,1032.443556403896,190.08976834290823,-647.7004643025253,184.6787863425327,790.5750523511443,189.19374537530322,1305.388404648604,190.80635439341435,False
5.300000000000002,187.13967639042096,35021.25847951148,-730.0523650834282,184.11323670453626,461.8684117113465,188.2618722324163,785.2763049411673,189.39653284802736,-992.4149337852858,183.39934940211415,627.8523721701117,188.70218996321535,1067.4849770293986,190.14009394901996,-1254.7775024871435,182.682672392367,793.8363326288768,189.14148264559037,1349.6936491176307,190.88075858773814,False
5.350000000000001,187.08058336244557,34999.14467123294,-1113.997805772194,182.69584416167115,519.94602413025,188.39646044515038,825.8825996994497,189.47176768860322,-1514.3407672215765,181.5968846442478,706.8016265520581,188.89172006915211,1122.6841589664386,190.253389747229,-1914.6837286709583,180.4912340005654,893.6572289738667,189.3856845516702,1419.4857182334292,191.03181376299082,False
5.400000000000001,187.02039038146847,34976.62641843686,-1375.2019595978566,181.70138074434138,647.0981588682363,188.76530673012473,880.5427963793431,189.59336739116202,-1869.4151638283358,180.33629296447688,879.649059711508,189.3802838886914,1196.987863828169,190.4260749639318,-2363.628368058817,178.96079278975927,1112.1999605547803,189.993270477153,1513.4329312769955,191.255157037968,False
5.450000000000001,186.95901059536016,34953.67164279599,-904.5752504666236,183.29356675825468,842.6294437328564,189.36454311604777,946.4534813348268,189.75161347555144,-1229.656981103067,182.40463229952886,1145.449400074351,190.1624309528331,1286.5852011895297,190.6457619157315,-1554.7387117395103,181.51134442147102,1448.269356415847,190.95698495271785,1626.7169210442332,191.53573623813514,False
5.500000000000002,186.8963629165719,34930.250471442945,1159.4118189822987,190.3495430396825,1083.048644592822,190.11214868673744,1018.9037871083375,189.93033042770048,1576.075441429062,191.44088423809242,1472.2692512433675,191.1330680048293,1385.0723356003957,190.89185148891912,1992.739063875826,192.52603922667046,1861.4898578939137,192.14856307448477,1751.2408840924545,191.84855358683217,False
5.550000000000002,186.83237173678285,34906.33512879141,3232.9406860694125,197.18168383908008,1325.3566724172933,190.86093820958192,1091.9721736016256,190.10930049861193,4394.778745125608,200.1061081043533,1801.6567265672577,192.10465321899886,1484.3996734897091,191.13862413431673,5556.616804181805,202.98840498838183,2277.956780717222,193.34036785560787,1876.8271733777935,192.16243424729947,False
5.600000000000001,186.76696665583273,34881.899833820935,3712.871111613136,198.6719972771142,1525.9766659108875,191.4639670769293,1159.6433359720154,190.2680819288236,5047.184167349106,202.00216721068526,2074.3745302226116,192.8907684497814,1576.3901598369578,191.36010510223508,6381.497223085078,205.27831988193398,2622.7723945343378,194.3070930703738,1993.1369837019004,192.44593175383937,False
5.650000000000001,186.70008222417076,34856.92070251212,3451.9196556028605,197.7451261908594,1660.1101468791521,191.83909126105303,1216.9494087689823,190.38987088224656,4692.453281835138,200.85733384288258,2256.7122309138463,193.38779439225559,1654.2906025453353,191.5349684217868,5932.986908067417,203.92204928526846,2853.3143149485422,194.92419322376588,2091.6317963216893,192.67326052701557,False
5.700000000000001,186.63165769809828,34831.375655140124,3064.9070207494597,196.39667422095263,1725.8219573810863,191.98102164675086,1260.726903975929,190.4640327270779,4166.357981331295,199.1810849594731,2346.0392233149137,193.5895915034278,1713.800635092278,191.64973648241147,5267.808941913133,201.92710458532972,2966.256489248741,195.18490516532748,2166.874366208627,192.8281494618825,False
5.750000000000002,186.561636807124,34805.24432815324,2709.4630271909523,195.13943673919138,1735.286064769424,191.9310965461112,1289.805104726238,190.486706362826,3683.176302587701,197.61860501047371,2358.904494295936,193.54886786266454,1753.3288142372292,191.699527934913,4656.88957798445,200.06705456341973,2982.5229238224474,195.1532287215502,2216.852523748221,192.9047244625685,False
5.800000000000002,186.48996753278976,34778.50799038098,2406.7427840115233,194.04509529134663,1704.5379990232698,191.7430438848459,1304.7197600153772,190.45982201923175,3271.665972015665,196.26110718792947,2317.106342422257,193.3338129288949,1773.6034237709034,191.68679523470826,4136.5891600198065,198.4523756034079,2929.674685821245,194.9115993598737,2242.4870875264296,192.9059644777955,False
5.850000000000001,186.41660189835983,34751.149463331574,2148.8495294839486,193.08946709298945,1647.6700556184044,191.46389677860216,1307.195313980053,190.38936109728226,2921.092329142242,195.0789201885046,2239.8014818562683,193.0040289628304,1776.9686299416348,191.61910691523673,3693.3351288005365,197.04828824826478,2831.9329080941316,194.53196812380978,2246.741945903216,192.84101081189786,False
5.900000000000001,186.34149576880716,34723.153045356376,1924.1862165057566,192.23497967490937,1575.131736605494,191.12853980482774,1299.6243074959157,190.28362405208497,2615.6906380625114,194.0252350395937,2141.1947044480926,192.60369076362016,1766.6767930022606,191.50694522105866,3307.195059619268,195.79912219855922,2707.2576722906933,194.06762909772158,2233.7292785086056,192.72250141954856,False
5.950000000000002,186.26460866055444,34694.50443946949,1722.4988833700243,191.44750138760247,1494.0795487953576,190.76099337247413,1284.6731054256559,190.15193259925854,2341.521919581126,193.05742364324442,2031.0143866436886,192.16318958193176,1746.3525026880009,191.3620570241011,2960.544955792229,194.6540311937522,2567.9492244920207,193.55522795354761,2208.031899950346,192.56457687165013,False
6.000000000000002,186.1859035604638,34665.19068462633,1535.2757305421815,190.69784084776703,1409.3500678985527,190.37775128589263,1265.0448812464563,190.0038627185654,2087.0154462057776,192.1390283614026,1915.8352485495955,191.70334729817378,1719.670385444402,191.1964783989846,2638.755161869374,193.56948606463644,2422.3204292006367,193.01983977294995,2174.295889642347,192.3817009394899,False
6.050000000000002,186.10534675359744,34635.20009027674,1355.182699530948,189.95989916875794,1324.4579598132732,189.9912385671136,1243.3714539834225,189.84890630364978,1842.201482174882,191.2375017480845,1800.4350391211685,191.23976524659764,1690.2080702587145,191.02210301681657,2329.2202648188163,192.5066254898583,2276.4121184290625,192.48019350281646,2137.044686534007,192.18813818038453,False
6.100000000000001,186.0229076592937,34604.522174018115,1175.3645185261641,189.20821916014356,1242.482999982952,189.61298024667323,1222.1822660947262,189.69637923883485,1597.761142371504,190.32116756051664,1689.000328101825,190.78679096348407,1661.4040179725184,190.85056470495874,2020.1577662168445,191.42764545760778,2135.5176562206984,191.95342386699707,2100.6257698503105,191.9978119669061,False
6.150000000000001,185.93855867513523,34573.147602186706,988.7752906414094,188.41549210619468,1166.8870300736944,189.25665124170942,1203.8950639213733,189.55537649021673,1344.1164107156653,189.35611631445593,1586.237056506428,190.36131451967535,1636.5448525181168,190.6931843169665,1699.4575307899215,190.2920910226382,2005.5870829391617,191.45960433493926,2069.1946411148597,191.82424334150596,False
6.200000000000002,185.85227502840183,34541.068133232715,787.6399091067675,187.55043315563074,1102.3211619282574,188.9412162845768,1190.7761025658297,189.43457991012946,1070.6980014420121,188.30353971500367,1498.4678294962248,189.98665710692208,1618.7112644254241,190.56073894584586,1353.756093777256,189.05364625294908,1894.6144970641924,191.02637657200944,2046.6464262850197,191.68028169179638,False
6.250000000000002,185.76403463463055,34508.27656373622,563.5372449996861,186.5780763088118,1055.3766456816156,188.6939187521448,1184.824953589721,189.34174614928293,766.0584424214481,187.12001431305674,1434.6526277234454,189.69625973140023,1610.6214212860266,190.462839689415,968.5796398432095,187.66038727962896,1813.9286097652764,190.69333218055814,2036.4178889823322,191.5773728033979,False
6.300000000000002,185.67381796292045,34474.76667692772,310.37044742776305,185.47205794662833,1034.9372130793367,188.55164322897338,1187.5565210725408,189.2827690219182,421.9098269721153,185.77250511984224,1406.8677740297233,189.53536009224362,1614.3346458329847,190.40678762419495,533.4492065164678,186.07246716816047,1778.7983349801116,190.5139976123719,2041.1127705934296,191.52420969194918,False
6.350000000000001,185.58160790764157,34440.53319358561,40.018118388697786,184.28077768888573,1051.2512180240935,188.55692887138153,1199.6916067924408,189.26036844181408,54.39962968463575,184.31979420810038,1429.0446245015023,189.55608360557738,1630.830777983474,190.39597221034444,68.7811409805733,184.3588024701083,1806.838030978911,190.54999931346643,2061.9699491745073,191.52484278837898,False
6.400000000000002,185.4873896662287,34405.57172519137,-150.29541346971257,183.41565088485453,1112.3929478425691,188.74309776729024,1220.8312351478864,189.27272135723146,-204.30782768539078,183.26835126474828,1512.1591634734918,189.79916535755314,1659.5674602791576,190.42819978958852,-258.3202419010693,183.12093315916528,1911.9253791044152,190.8493892734654,2098.3036854104294,191.57670917999067,False
6.450000000000002,185.3911506227512,34369.878729227625,125.86942842393049,184.51706086812612,1217.7798503121724,189.10731119484467,1249.257786039858,189.3126283827592,171.1037542637807,184.63959509609958,1655.4194840181096,190.26091238362585,1698.209802897932,190.49468045603467,216.33808010363052,184.76204805936598,2093.0591177240467,191.4075610177291,2147.161819756007,191.6694427886324,False
6.500000000000002,185.29288023697495,34333.45146651394,1414.6340266519471,189.80080215271997,1352.3593454458876,189.5869268944714,1282.023959059159,189.3678781770363,1923.01812997999,191.1353672169125,1838.3634852155026,190.86436804458617,1742.751319346044,190.5804833805386,2431.402233308034,192.46067833319105,2324.367624985119,192.13331603037736,2203.4786796329295,191.7854217761262,False
6.550000000000002,185.19256993864127,34296.28796047854,2709.7412557601774,194.96239156366747,1488.737521133683,190.0691578507288,1315.4047091617833,189.4231094921897,3683.554519548991,197.4440360912773,2023.7525677911003,191.47140729817252,1788.1282765167991,190.66682453181284,4657.367783337806,199.8948740008168,2558.767614448518,192.86346170127737,2260.851843871815,191.9024792554805,False
6.600000000000001,185.09021302670465,34258.38695827091,2994.5601366819924,196.02041242458924,1599.2131917169095,190.44103056536224,1345.6125399610737,189.46274811484702,4070.7301858020837,198.74650219872083,2173.9304324901736,191.94401101250983,1829.1920465095836,190.73466499244043,5146.900234922177,201.43570236019792,2748.6476732634383,193.43531374685378,2312.771553058096,191.99815607533054,False
6.650000000000002,184.98580457328785,34219.74789362664,2810.5763481437984,195.21086671264572,1668.0399132332384,190.63907360339408,1369.5248076008636,189.47397935585505,3820.6272232579754,197.78102375560835,2267.4917570514335,192.20486005348172,1861.6977853324233,190.76834598715413,4830.678098372154,200.31820744238576,2866.943600869629,193.75799356928914,2353.870763063984,192.05398930614825,False
6.700000000000002,184.8793413321191,34180.370851398206,2547.4515770234366,194.07742641542956,1693.9799044695833,190.658857328236,1385.1647990113415,189.44870171725725,3462.941987516235,196.42183650126398,2302.7539326383394,192.24872926986384,1882.9583986560417,190.75797278750636,4378.432398009034,198.73859279219545,2911.5279608070964,193.82556057972891,2380.751998300744,192.0583186994089,False
6.750000000000002,184.7708216512355,34140.256533672684,2304.856357943204,193.01630653066618,1684.7282875707772,190.53190613394753,1391.8213670254358,189.3840016535828,3133.1641115790417,195.15020456145038,2290.1775159165245,192.11417564401944,1892.0071708002013,190.69998921368352,3961.4718652148817,197.26102020929468,2895.626744262273,193.6835194633939,2392.192974574968,192.0069573996572,False
6.800000000000002,184.6602453897424,34099.406227399886,2095.975578120181,192.0821316028102,1650.412914064735,190.29936972564087,1389.868161986109,189.2814084487382,2849.216801507121,194.03295210985743,2243.5300550567486,191.85141974707454,1889.352032699867,190.59626296192644,3602.458024894062,195.9643532070391,2836.6471960487643,193.3910142689163,2388.8359034136256,191.9021087058857,False
6.850000000000002,184.54761383843444,34057.82177345992,1915.6009578231963,191.25561470013693,1599.923841102571,189.9973039483612,1380.4374947660076,189.14556479517918,2604.0200520409066,193.04696125177662,2174.8964714988065,191.50443372946273,1876.5322194475418,190.45245970154562,3292.439146258618,194.82183743811333,2749.8691018950444,192.99979473677794,2372.626944129075,191.7504475380707,False
6.900000000000002,184.4329296440907,34015.505537102115,1756.1770958648012,190.50730938778844,1539.8487556171951,189.65245241149742,1365.0938425870122,188.9829020429568,2387.3032396912135,192.15660559554271,2093.2319021671237,191.10582370049642,1855.6744422667193,190.2764248777486,3018.4293835176272,193.79186571635913,2646.615048717054,192.5482251250194,2346.255041946427,191.56121335995243,False
6.950000000000002,184.31619673726584,33972.460379690485,1610.977228418952,189.81052390956793,1474.7082159898366,189.28323243575878,1345.5884481742835,188.80064844163294,2189.922169882013,191.32950616224284,2004.6814811111842,190.6780410704149,1829.1592967369165,190.0769730939119,2768.8671113450746,192.83652369235136,2534.654746232533,192.0627205148677,2312.7301452995507,191.34478448368105,False
7.000000000000002,184.1974202634116,33928.689631695874,1474.335443208805,189.14241104544834,1407.5885400312307,188.90231347296958,1323.713930007257,188.60624484503558,2004.1747431119688,190.537899001717,1913.4406716049534,190.23652690010346,1799.4236236036152,189.86317517660413,2534.0140430151346,191.923240530926,2419.2928031786773,191.56144784007952,2275.133317199974,191.11183893662428,False
7.050000000000002,184.0766065171692,33884.19706687674,1341.264309424511,188.48249394953035,1340.796972534976,188.5192974159088,1301.2399317450036,188.40708899002775,1823.281170623945,189.75686387225676,1822.645884539733,189.79297776839013,1768.8730322158638,189.64404626079642,2305.298031823379,191.02273228030643,2304.4947965444903,191.05816737893565,2236.506132686725,190.87298756670089,False
7.100000000000002,183.95376287968017,33838.9868775936,1206.9800718862782,187.81073671535557,1276.457792554005,188.14318741285288,1279.8955747445889,188.2104671188175,1640.7385352204096,188.9619837133881,1735.1848117531006,189.3583533649017,1739.8580469184249,189.42846250037854,2074.496998554541,190.10625910851246,2193.911830952196,190.56577082011887,2199.820519092262,190.63867623709297,False
7.150000000000002,183.82889775877476,33793.06365120607,1066.4389847444731,187.10558778047763,1217.0800951806677,187.78477964769252,1261.36134630643,188.02351761282992,1449.6904948870183,188.12695843185412,1654.4682543862193,188.9457901794533,1714.6630801353026,189.22511701497513,1832.9420050295632,189.1428137650572,2091.856413591772,190.099710114833,2167.9648139641768,190.41913413089532,False
7.200000000000002,183.70202053190008,33746.43234750264,913.9612464199678,186.3423236991239,1166.1367318774005,187.4591401049057,1247.234263131634,187.85307436929213,1242.416069352143,187.22157040395012,1585.217119895841,188.57361850717376,1695.4590764445645,189.04232955427662,1570.8708922843202,188.09670716802415,2004.2975079142825,189.6815488783966,2143.683889757496,190.2241498249385,False
7.250000000000002,183.5731414916595,33699.098277116835,743.3202225267997,185.49333372596897,1128.6123384518066,187.18797031997832,1238.9344042582354,187.70525395972265,1010.4509274973689,186.21199628848908,1534.2073975829248,188.26824291856607,1684.176455788539,188.88754436334406,1277.5816324679377,186.9278959029787,1939.8024567140437,189.34235223735686,2129.4185073188423,190.06248042984333,False
7.300000000000003,183.44227179384177,33651.06708088572,550.0273160863778,184.53796254834094,1111.2546120056718,187.00068511200837,1237.533338601574,187.58470322187955,747.6933828049196,185.07275782300167,1510.6117381952106,188.06544966726358,1682.2718821615144,188.7664149852949,945.3594495234622,185.60601217344757,1909.9688643847496,189.12421972010773,2127.010425721456,189.94077490091615,False
7.350000000000002,183.3094234078219,33602.344710108126,343.27772554550404,183.5151484651643,1121.8540692077902,186.93123580601392,1243.5139050183668,187.49354920072042,466.6431581634193,183.85095906415393,1525.02037532934,188.0065244242474,1690.401714634342,188.68152745167967,590.0085907813351,184.1861574099072,1928.1866814508899,189.07569788898488,2137.289524250318,189.86207259775432,False
7.400000000000002,183.1746090692245,33552.937407663216,197.27888046237618,182.75205387322845,1166.5388627466243,187.00626089457674,1256.519063792635,187.43030305584801,268.17597812854166,182.9459217707505,1585.7637665461923,188.1238063552034,1708.0806023431132,188.6310686025966,339.0730757947092,183.13958444371255,2004.9886703457612,189.23475215025815,2159.642140893592,189.8242386543615,False
7.450000000000002,183.0378422347436,33502.85168995089,406.37500856833304,183.5515583818563,1244.8355086296644,187.22358641892265,1275.1988135557463,187.38919162620218,552.4160272725778,183.9489483609848,1692.1982695434506,188.41452723311326,1733.4733871773424,188.60801603310267,698.4570459768231,184.34548169623383,2139.5610304572365,189.5979874191479,2191.74796079894,189.8190145521905,False
7.500000000000002,182.8991370390201,33452.09432961825,1386.595773323803,187.69207778539786,1345.2533797905974,187.53328515970387,1297.2773804159617,187.3604454858035,1884.9036293620447,189.01487750819533,1828.7038131528438,188.81785793762478,1763.4864390029475,188.60049202275624,2383.211485400287,190.32848387846818,2312.1542465150906,190.0937503168247,2229.6954975899334,189.83243834975286,False
7.550000000000003,182.75850825348064,33400.67233903755,2371.019918828443,191.75805731505358,1446.9260788897807,187.84525683049262,1319.8970694950513,187.33178409222958,3223.1052021574133,193.96710501673306,1966.9151384907948,189.22428378333146,1794.2350788448346,188.5935718430708,4075.1904854863856,196.1512760904229,2486.9041980918096,190.59333312819672,2268.5730881946192,189.84697350728902,False
7.600000000000002,182.61597124704937,33348.59295450316,2585.814828921641,192.5355280286096,1528.7848206483786,188.06908136390257,1340.1620529061192,187.29076175764587,3515.0920330653557,194.9338522612202,2078.19186556889,189.52410508951814,1821.7827906692555,188.57213520963907,4444.36923720907,197.3030257283019,2627.598910489401,190.96804302003838,2303.4035284323922,189.8448601234322,False
7.650000000000002,182.4715419486447,33295.863621116005,2443.962646981925,191.8114307207531,1578.8824384668549,188.15383569105725,1355.6903044702026,187.22714466658414,3322.2617232410535,194.08741337706934,2146.2933147908816,189.65567948675147,1842.8915076391818,188.52375156242513,4200.560799500182,196.33701410498358,2713.7041911149076,191.14572356687822,2330.092710808161,189.81150151226342,False
7.700000000000002,182.32523681138196,33242.49197832651,2241.9092097413254,190.8271428102503,1596.315987787701,188.09585981732258,1364.9773551964208,187.1344755344031,3047.595331992113,192.92662997983055,2169.992045898906,189.61468439582697,1855.516092220134,188.44057596642986,3853.281454242903,195.00351452634195,2743.6681040101116,191.121439395585,2346.0548292438484,189.73768578641284,False
7.750000000000002,182.1770727784017,33188.485846107076,2055.437601348024,189.90108673558998,1586.9691045082072,187.9203347484976,1367.4848744061567,187.01045663292246,2794.1104893324696,191.83611659784637,2157.286126440844,189.4317007100977,1858.9247511458689,188.31980980978574,3532.783377316917,193.7518219767932,2727.603148373482,190.93110342700234,2350.3646278855817,189.620121937345,False
7.800000000000003,182.02706725025232,33133.85321172788,1894.552655455123,189.07676839692266,1558.5632683044876,187.66019218050982,1363.5011995857658,186.85635725606005,2575.407516009307,190.86874864151469,2118.6719428514134,189.14665316566612,1853.5094431869002,188.16297853351887,3256.2623765634926,192.6440605586684,2678.780617398339,190.6215231245405,2343.517686788034,189.46058886799287,False
7.850000000000002,181.87523805375343,33078.60221710948,1755.279839839026,188.33835699015012,1517.8689446695937,187.34430689655855,1353.8920995675076,186.67595381831046,2386.0835322811754,190.00563256438318,2063.3530966602284,188.79452714139398,1840.4470728495803,187.9746437880866,3016.8872247233257,191.65840471691695,2608.8372486508633,190.2336921539746,2327.002046131654,189.26442264868516,False
7.900000000000002,181.72160341227791,33022.74114672922,1631.8648296124068,187.66192490297396,1469.9005214489116,186.99411295492934,1339.8520446393904,186.4744740985633,2218.316252754365,189.21799460260485,1998.1460213446132,188.4012839120174,1821.3613731816713,187.76112169157395,2804.7676758963244,190.761371625844,2526.391521240316,189.79802232792701,2302.870701723953,189.03901223668177,False
7.950000000000002,181.56618191738252,32966.27841605604,1519.1842735985422,187.02576740791483,1418.0990107762566,186.6244027731381,1322.7176909025095,186.25780858009446,2065.1411219230176,188.47969260067234,1927.7283427739737,187.98483194776165,1798.0693610705982,187.52952548126174,2611.097970247494,189.92248779743912,2437.35767477169,189.3354863051982,2273.4210312386876,188.79267622817176,False
8.000000000000004,181.40899250173376,32909.2225604941,1412.9193194237228,186.41122782868092,1364.8161398049028,186.24541289116567,1303.8576802998577,186.03204822987058,1920.6871998416232,187.7682447620318,1855.2969400472898,187.5575501632583,1772.4315341576194,187.28720410764495,2428.455080259524,189.11552453839477,2345.7777402896772,188.86057138398567,2241.0053880153814,188.53400403194226,False
8.050000000000002,181.2500544132635,32851.58222481098,1309.2624584676628,185.80146825865495,1311.8149380940956,185.86500332576645,1284.624082653156,185.80328458948657,1779.778654479478,187.0633630700672,1783.2484314716608,187.12892067947365,1746.2858623566335,187.04149898871432,2250.2948504912947,188.31680222193555,2254.6819248492266,188.3843582892229,2207.947642060112,188.2715701417734,False
8.100000000000003,181.0893871905072,32793.366153033436,1204.554177187219,185.17987186480295,1260.7256166173097,185.4906842756775,1266.3392433435656,185.57755716318508,1637.4408346138757,186.34503374464128,1713.7988850891552,186.70797310648229,1721.4299089201597,186.79967983974655,2070.327492040533,187.50295533329108,2166.8721535610002,187.9173767643715,2176.520574496754,188.01385867485516,False
8.150000000000002,180.92701063906404,32734.58317878799,1094.9279914667866,184.52841763870828,1213.4805914174196,185.13160404832908,1250.2894342720278,185.36082053828784,1488.4177384001634,185.59155870669045,1649.5751789580543,186.30567732908176,1699.612199713538,186.56890565168908,1881.90748533354,186.64864427611656,2085.6697664986905,187.4723979485742,2148.9349651550488,187.76921824812067,False
8.200000000000003,180.7629448091371,32675.24221607115,976.0228615452277,183.82630674428935,1172.7587412970315,184.8006297859775,1237.6976194318352,185.15880481829387,1326.7810774130437,184.7778917162802,1594.2189139506524,185.93744362539658,1682.4952014151509,186.3560586182332,1677.5392932808602,185.7246011786839,2015.679086604274,187.06734914089404,2127.292783398467,187.54566954666183,False
8.250000000000002,180.59720997409897,32615.352250428794,843.0548403585449,183.05024905951785,1142.4059062689457,184.51634659669398,1229.6509081681445,184.9766554624227,1146.027673612397,183.87595414845674,1552.9580288343484,185.62552163955448,1671.556703291072,186.16731415902944,1449.0005068662492,184.6979679023546,1963.5101513997506,186.72810823901716,2113.4624984139987,187.3504060745791,False
8.300000000000002,180.42982661004348,32554.922330530353,692.5835739831152,182.1829257414179,1127.6260437899516,184.3039636672133,1226.9678581308851,184.81828258133618,941.4807958832971,182.8647468857876,1532.8666532769655,185.40008530993856,1667.9094321466719,186.00736316159748,1190.378017783479,183.54403524904686,1938.10726276398,186.48976444410968,2108.851006162459,187.18889049392385,False
8.350000000000003,180.260815376274,32493.96156011914,531.7312164025676,181.2579926544938,1134.4224807495887,184.19258740995915,1230.013112579076,184.68545624058902,722.8221222972404,181.7843524812606,1542.1055597689724,185.2959587681146,1672.0490749121811,185.87833039148921,913.9130281919131,182.30919261772257,1949.7886387883557,186.39279872037494,2114.085037245287,187.06359793252327,False
8.400000000000002,180.09019709669306,32432.479090325753,417.740455579513,180.55504632992154,1167.5088969864235,184.20507918717817,1238.504042657248,184.5768633656451,567.8659318034005,180.97030207032313,1587.0824068409195,185.34045621021082,1683.5914329871964,185.7786475357972,717.991408027288,181.38460714087037,2006.6559166954153,186.46892024695046,2128.6788233171455,186.97270728788178,False
8.450000000000003,179.91799274204885,32370.484112327944,577.404161931198,181.1859506031667,1226.5013481893618,184.33964978313955,1251.3934735330029,184.48753169783868,784.9087826252223,181.75767746278885,1667.2752701949137,185.53134614985171,1701.1130030839258,185.70236638640864,992.4134033192468,182.3276115605127,2108.0491922004658,186.71543676456332,2150.832532634849,186.90930530891947,False
8.500000000000002,179.74422341300692,32307.985850344947,1332.1897674250217,184.6811259970543,1302.5216105892478,184.55361895553273,1266.922524083613,184.4090734345812,1810.9454650933887,185.97277757028905,1770.615314394759,185.81746950539792,1722.2228061761612,185.63945336887124,2289.7011627617567,187.25551979815327,2238.7090182002707,187.07278176473187,2177.523088268709,186.86173211544912,False
8.550000000000002,179.56891032400205,32244.993554949488,2089.9564123711975,188.12327126159607,1379.475328132894,184.76985889135346,1282.8866128283378,184.33095452907435,2841.0344980670966,190.1090299692783,1875.2242741806524,186.1065546959011,1743.9239893135216,185.57731050450337,3592.112583762995,192.0742600182436,2370.9732202284117,187.4337180093971,2204.9613657987056,186.81535148528357,False
8.600000000000003,179.39207478784758,32181.5164966887,2253.763158569954,188.74198338249423,1441.1306230080522,184.91090948026792,1297.0550243453695,184.24250167935983,3063.7092936810304,190.87556791341524,1959.0369406515708,186.30606743330543,1763.1841737194861,185.50317672331929,3873.655428792107,192.98556568142573,2476.9432582950903,187.69085507852236,2229.3133230936037,186.75534188830352,False
8.650000000000002,179.21373820105964,32117.563959997944,2143.043050180391,188.071822025673,1478.2991480172464,184.93312993185896,1307.5959923717953,184.1349361328948,2913.199146338969,190.1083015973132,2009.562904335944,186.36396192051865,1777.5133021304096,185.4065587146902,3683.3552424975464,192.12319597688762,2540.826660654642,187.78389190511314,2247.4306118890236,186.66951900131548,False
8.700000000000003,179.03392202987175,32053.145237398196,1986.0267239800203,187.17916236006621,1490.305474405194,184.833402650456,1313.3561683459848,184.00271137970182,2699.7550779103403,189.0760883235803,2025.8840042695604,186.27658270756945,1785.3435413453226,185.28082784811056,3413.483431840659,190.95417128116543,2561.4625341339274,187.70866734137326,2257.330914344661,186.55018772727226,False
8.750000000000002,178.85264779690385,31988.269623963337,1841.0304626821967,186.33756941218306,1481.697694739471,184.6333546858012,1313.9278795418554,183.84383784482165,2502.650785208611,188.1045190764075,2014.182803786469,186.0697739332745,1786.12071125221,185.12360612634856,3164.2711077350255,189.85502474122976,2546.6679128334663,187.49518895328188,2258.3135429625645,186.39458784238823,False
8.800000000000002,178.66993706846708,31922.946412049987,1715.7347143369948,185.5844132224288,1458.4327840645083,184.36126329758542,1309.5409194362487,183.659370837277,2332.3268773018526,187.23826156551993,1982.5570658376912,185.77728517355075,1780.1571873586508,184.93615321041702,2948.91904026671,188.87762905395365,2506.6813476108737,187.1825952598905,2250.7734552810525,186.2041810276806,False
8.850000000000003,178.48581144246458,31857.18488627502,1607.0595482044434,184.90618205642366,1425.730290531792,184.04191662464368,1300.8702265258664,183.4524971830754,2184.596573340415,186.46134502308854,1938.1021136916552,185.42868952250123,1768.3704641835996,184.72227521434448,2762.133598476387,188.00364414807294,2450.473936851518,186.80516781179267,2235.8707018413324,185.98338419875512,False
8.900000000000002,178.30029253687263,31790.99431873436,1510.556682989828,184.28251373735026,1387.4552727449366,183.69370079292543,1288.8444003983304,183.22762470332245,2053.4129909392973,185.74956575267183,1886.0720113876475,185.04591984057234,1752.0228567914799,184.487237799298,2596.2692988887666,187.20512141834055,2384.688750030359,186.38832900234456,2215.2013131846293,185.738308830483,False
8.950000000000003,178.1134019787738,31724.38396445226,1422.262806969926,183.69505600125126,1346.2618030609958,183.32927254849892,1274.5024509099303,182.9897000597852,1933.3885032247429,185.08106141784918,1830.0746385360414,184.64407655984212,1732.5267692056857,184.23695244512135,2444.514199479561,186.45676440347364,2313.8874740110864,185.94958414611173,2190.5510875014434,185.47581773525536,False
9.000000000000002,177.92516139391554,31657.363057050894,1338.8303120165276,183.12818678860987,1303.9683434661608,182.95732731135726,1258.9094621070208,182.7438062422244,1819.972455397467,184.43718426571397,1772.581966899313,184.2335399441379,1711.3300500517316,183.9774967430538,2301.114598778407,185.7369566974916,2241.195590332465,185.500972676106,2163.7506379964425,185.2029694572554,False
9.050000000000002,177.73559239677888,31589.940804633923,1257.2986184503127,182.5679897304767,1261.9460975604227,182.58443312302785,1243.1196845209947,182.49498575765668,1709.1403094558946,183.80128553748756,1715.4579763712,183.82216160645103,1689.8658211457268,183.71490403152393,2160.9820004614758,185.0263609765879,2168.969855181977,185.05161165598903,2136.611957770459,184.92677496765245,False
9.100000000000003,177.54471658112524,31522.12638587209,1174.8109731485804,182.00093453844113,1221.4738476260666,182.21671216670347,1228.1666472077247,182.24819304780792,1597.0086666238515,183.1571398180841,1660.4410116166837,183.41727660401534,1669.539036048001,183.45510692818377,2019.206360099123,184.30609203120898,2099.408175607302,184.61003364071112,2110.911424888277,184.65413249334986,False
9.150000000000002,177.35255551101363,31453.92894628717,1088.3371349247282,181.4125547413193,1184.0782153019193,181.86146007844417,1215.0580089842608,182.00827043155746,1479.4582927883025,182.48735894750558,1609.6063239260468,183.02764482582316,1651.7194809629793,183.20390819375461,1870.5794506518766,183.55586978764617,2035.1344325501739,184.18644597014134,2088.380952941698,184.39179333539875,False
9.200000000000005,177.15913071225438,31385.357594721634,994.4487008316659,180.78634338642397,1151.8826296332709,181.52881391163567,1204.75350810974,181.77984447700211,1351.8287026930457,181.7720604408042,1565.8404496577275,182.66545404150645,1637.711800086678,182.9668553319426,1709.208704554426,182.75246088290237,1979.7982696821844,183.79506500505983,2070.6700920636163,184.14621484580385,False
9.250000000000004,176.96446366429376,31316.421399991148,889.3789251004714,180.10396510203145,1127.9381843599335,181.2333406266991,1198.1068711405962,181.56705114963074,1208.9994763084537,180.989112370556,1533.2909693642846,182.34822878141014,1628.676527956748,182.7489089433608,1528.6200275164354,181.8699517454429,1938.643754368636,183.45634174026756,2059.2461847728996,183.92317248461362,False
9.300000000000002,176.76857579250202,31247.12938770953,770.4264234943942,179.3518614741362,1116.3728372636765,180.99476311804796,1195.7600905650597,181.37303362717583,1047.2984194376918,180.12207585462988,1517.5693256553106,182.09970006716082,1625.4863731118785,182.55383756489883,1324.1704153809899,180.88901073897316,1918.7658140469443,183.1979728406992,2055.2126556586977,183.72705269561772,False
9.350000000000003,176.57148846085107,31177.490537280464,643.2632091801519,178.55629839483848,1121.9460608310371,180.8358457845586,1197.9961466292966,181.19924060938527,874.4359249792698,179.20246765116184,1525.145426442191,181.9472519337069,1628.5260118241997,182.38337276904602,1105.6086407783866,179.8463153029965,1928.344792053345,183.0519102654735,2059.0558770191037,183.55986633196184,False
9.400000000000002,176.37322296496723,31107.51377905004,553.2225246463839,177.93470783055187,1148.3910374044776,180.77448609578528,1204.5856833455632,181.04469327252113,752.0368694411782,178.49250571253307,1561.094066471712,181.9123905957549,1637.483663297875,182.23632717461567,950.8512142359718,179.0485658706415,1973.7970955389467,183.0432213476635,2070.3816432501876,183.42021950168385,False
9.450000000000005,176.17380052553824,31037.207991612137,679.7638772628421,178.3515567377693,1195.3969244988336,180.8093356929864,1214.694289726191,180.90553775008908,924.0540206541764,179.0351025195257,1624.9926942406018,181.99343846271162,1651.225050096541,182.10805679326563,1168.34416404551,179.7160484697135,2054.58846398237,183.16988675331592,2087.755810466891,183.30268713084817,False
9.500000000000004,175.9732422820652,30966.58199926242,1279.0533945721702,181.01401618917103,1255.921825437007,180.9070724941871,1226.9247691024634,180.77523738082746,1738.713208246544,182.2792743857838,1707.268731453431,182.15025606469374,1667.8508579986608,181.99069355049647,2198.3730219209174,183.53581035940158,2158.6156374698558,183.38501217506823,2108.7769468948586,183.1980857647997,False
9.550000000000002,175.7715692869401,30895.64456959358,1880.6370867886283,183.6476047521907,1317.2135352608302,181.0073719906817,1239.528231837675,180.6455666111752,2556.4910398532907,185.47856125245718,1790.587149495191,182.31029134200674,1684.9836901543392,181.87434177087545,3232.344992917955,187.29161923947953,2263.960763729552,183.60396494477382,2130.439148471004,183.0948706351597,False
9.600000000000003,175.56880249983865,30824.40441122735,2010.5284284838147,184.06421690739484,1366.4227929203048,181.04956243142544,1250.7364725844338,180.5081822386762,2733.0620824701846,186.01658420613703,1857.4809841260394,182.40066405530536,1700.2198924194647,181.74896774107458,3455.595736456556,187.9486718593809,2348.5391753317745,183.74183094500307,2149.7033122544954,182.98133974474337,False
9.650000000000002,175.36496278241313,30752.870171677143,1923.4988320057194,183.4705434918063,1396.2891083438496,180.99940053740198,1259.0981772852474,180.3562162460684,2614.756224757774,185.3448076476135,1898.0805066549199,182.38030154928998,1711.5865847471334,181.6063136183885,3306.01361750983,187.2003074641783,2399.8719049659912,183.75082528119708,2164.0749922090195,182.84786450358772,False
9.700000000000005,175.16007089327155,30681.050435335917,1800.0520786537052,182.70360832552177,1406.296911095879,180.85439080108674,1263.6993112383457,180.18532407502423,2446.94579441988,184.46544991117398,1911.6848635209603,182.24625819055186,1717.8412512146263,181.44115561800686,3093.8395101860556,186.21062248619978,2417.0728159460427,183.6275757528873,2171.9831911909073,182.68835456036618,False
9.750000000000004,174.95414748323668,30608.95372158613,1686.2946349382096,181.97804104990098,1400.0641965667032,180.63145528501752,1264.2151796227108,179.99393941391506,2292.306769369128,183.63556180323667,1903.2122672078617,182.0188745955332,1718.542509799622,181.25160842297933,2898.3189038000464,185.27825477702794,2406.3603378490207,183.39579815160872,2172.8698399765344,182.50061064581112,False
9.800000000000002,174.74721309086453,30536.588483024017,1588.3187725615187,181.32308077494886,1382.3194162292584,180.35274861344564,1260.8235022218034,179.78287279656416,2159.120831450815,182.89029958039853,1879.090456436648,181.72475057798846,1713.9319483327643,181.03864172351862,2729.9228903401104,184.44420223877253,2375.861496644038,183.0864714085656,2167.0403944437244,182.2857598475742,False
9.850000000000003,174.53928813821886,30463.963103796188,1503.7129960977852,180.7280859067647,1357.2019513181365,180.0376965932426,1254.0509703772773,179.55459477817521,2044.1098540704263,182.2170076954826,1844.9464025730908,181.3872008876465,1704.7255378566113,180.80521860121746,2584.506712043068,183.6938614964262,2332.6908538280472,182.72673886738738,2155.4001053359457,182.04725112155188,False
9.900000000000002,174.3303929268877,30391.085898043057,1428.994580910373,180.17711804073355,1327.7735895822434,179.70070197380818,1244.6205476944074,179.31252039149985,1942.5395084250385,181.5966376147397,1804.942223338362,181.02350931201048,1691.9060570220847,180.55543602583592,2456.0844359397033,183.00514670493223,2282.1108570944807,182.3367202660826,2139.1915663497625,181.78985391876907,False
9.950000000000005,174.1205476342301,30317.96510844419,1361.0785744855318,179.65588953689334,1296.1309283340595,179.3516628680946,1233.3369871248633,179.0604718432662,1850.2161871912697,181.01208870679926,1761.9279807041123,180.64555357362303,1676.5674668728607,180.2938796977899,2339.353799897008,182.3582020933084,2227.7250330741654,181.9302423410983,2119.7979466208585,181.51890682854258,False
10.000000000000004,173.90977230984765,30244.608904863053,1297.3850117615625,179.1523284127618,1263.6993314330448,178.9973473798692,1221.019014888596,178.8023600136564,1763.6327503633738,180.44889723773838,1717.8412786667946,180.26145543699386,1659.8227233641853,180.0252417160682,2229.880488965185,181.7362161290855,2171.9832259005457,181.51676028261707,2098.626431839775,181.2398724436882,False
10.050000000000002,173.69808687226902,30171.025383086315,1235.6639286912202,178.65578642567357,1231.534373019606,178.6428130913262,1208.4692184074045,178.54204312916636,1679.730653064627,179.89429326065152,1674.1170383235267,179.87728409803842,1642.7628437725655,179.75415096765434,2123.7973774380353,181.124331529816,2116.6997036274474,181.10334066435757,2077.0564691377267,180.95813995360206,False
10.100000000000003,173.48551110583517,30097.22256365286,1173.7800242351889,178.15602869062658,1200.5928959821024,178.2926961180603,1196.4658303579101,178.2832881457856,1595.6072204447094,179.33599124276444,1632.0559679756702,179.4986032286618,1626.445738142784,179.48512679288527,2017.434416654231,180.5082406740324,2063.5190399692383,180.69646270205217,2056.425645927658,180.67897123805795,False
10.150000000000002,173.27206465778448,30023.208390771448,1109.5047057774343,177.64223367733504,1171.9874530616346,177.95243646485778,1185.759405646552,178.02975389603398,1508.2329594162,178.76098970276394,1593.1704440056592,179.13194197217666,1611.8916920507818,179.22255873267366,1906.9612130549663,179.8727875281596,2014.3534349496842,180.30373159107742,2038.0239784550115,180.40747724274314,False
10.200000000000005,173.05776703552223,29948.990731321086,1040.348878581198,177.10216672241594,1147.2422123262818,177.62952552943,1177.0581916766364,177.7849179153016,1414.2242568213162,178.15457568082425,1559.532382381039,178.7862928466978,1600.0634793104275,178.97061861038623,1788.0996350614337,179.20080416743295,1971.822552435797,179.93562371003677,2023.0687669442193,180.1485154349547,False
10.250000000000004,172.84263760407063,29874.57737393209,963.60045466896,176.52233161025273,1128.5327030725311,177.33468638856462,1170.9881094928962,177.55187818649011,1309.8943680656175,177.50049991624445,1534.0991432392218,178.47452881769223,1591.8119613419062,178.73302240884095,1656.1882814622752,178.47330720282335,1939.6655834059127,179.60713759999615,2012.6358131909158,179.90641220158955,False
10.300000000000002,172.62669558368904,29799.976028143647,877.317733125953,175.89281353447055,1118.7942977377475,177.08241672199694,1168.0188796464133,177.332987785922,1192.6037934680924,176.78678659168554,1520.8609984872505,178.21405391509526,1587.7756645193433,178.51259155016177,1507.889853810232,177.67626170582355,1922.9276992367536,179.3385505506331,2007.5324493922735,179.68445154444447,False
10.350000000000003,172.40996004766072,29725.194323635966,785.5068324696788,175.23287998195732,1121.407079227389,176.8894472642936,1168.3605313299508,177.12934239190292,1067.7983503884698,176.03651253274091,1524.4127483247312,178.0249483150175,1588.2400972766518,178.31063765837044,1350.0898683072608,176.8364930171616,1927.418417422074,179.1532525288391,2008.1196632233532,179.48415826496046,False
10.400000000000004,172.19244992023567,29650.23980953287,720.2243975904154,174.70103162312677,1139.019418668743,176.7689498630637,1171.8555041263387,176.94024380370269,979.0550404744708,175.44024935307402,1548.354522252822,177.9230078974454,1592.9910759217419,178.12631879963484,1237.8856833585264,176.17636542951172,1957.6896258369022,179.06962847690977,2014.1266477171448,179.30454824377588,False
10.450000000000005,171.9741839747253,29575.11995377266,808.5150822625509,174.92794471903068,1171.407131663749,176.719988909223,1177.9136497325342,176.7628719771822,1099.075189950655,175.75649618524022,1592.3815696054085,177.90707944884474,1601.2263676051634,177.95624638515594,1389.635297638759,176.5811599775029,2013.3560075470682,179.08630141906224,2024.5390854777934,179.1416711582399,False
10.500000000000004,171.7551808317396,29499.842142543574,1234.0303315930262,176.8116423214643,1213.5696828517225,176.71815591137494,1185.542856770314,176.59242581261483,1677.5099820092694,178.0613279486303,1649.69628762656,177.94783851874084,1611.5973209221456,177.79465492116375,2120.9896324255137,179.30230383697224,2085.8228924013974,179.16908170291742,2037.6517850739774,178.9888090990259,False
10.550000000000002,171.53545895756585,29424.41367978276,1661.4240534347614,178.68375291142047,1256.4593574036364,176.71917261033667,1193.4991582711905,176.42285202828785,2258.498322637878,180.346771037667,1707.9994389705685,177.9921516518324,1622.4129182748993,177.6342773166228,2855.5725918409967,181.99459358155613,2159.5395205375003,179.25609091803778,2051.3266782786086,178.83749673321466,False
10.600000000000003,171.31503666267443,29348.841786733483,1752.9578610728354,178.91881753554262,1290.967144984027,176.67844771778104,1200.5224080734743,176.24799786528877,2382.9270923958848,180.67072950436614,1754.9084627126615,177.98655905908547,1631.9601484748785,177.46772802942016,3012.8963237189355,182.40581605574667,2218.849780441297,179.28512633071924,2063.3978888762836,178.67913205611237,False
10.650000000000004,171.09393210036006,29273.13360156262,1691.446969624484,178.41207328912031,1311.954964349392,176.57078670987002,1205.5740750570146,176.06277942471968,2299.310724333283,180.10755578273566,1783.4387796624546,177.90088963986514,1638.827258280629,177.288904001297,2907.1744790420817,181.78722563684178,2254.9225949755173,179.22112138352594,2072.080441504244,178.5066067830676,False
10.700000000000005,170.87216326549515,29197.29617903003,1604.6726481969,177.78007414866408,1319.0709322165237,176.39435007422745,1207.9922766459,175.8639490632408,2181.35188114266,179.39463201904974,1793.1120484818362,177.7329678320103,1642.1145010655202,177.09390391692702,2758.0311140884223,180.99478785367282,2267.15316474715,179.06157871145817,2076.2367254851406,178.31537518945862,False
10.750000000000004,170.6497479934033,29121.336490212056,1525.2505101634176,177.1807610400964,1314.8925177045028,176.16160081524666,1207.526893624963,175.6502779816317,2073.387412253395,178.72089688908156,1787.4320162545587,177.49774393028315,1641.4818710214336,176.8812458470964,2621.524314343373,180.24787346020952,2259.971514804615,178.82390388001943,2075.436848417905,178.10370605301125,False
10.800000000000002,170.42670395884537,29045.26142227592,1457.5518791053717,176.63580316699344,1302.7793978760603,175.88885642385205,1204.275665029238,175.42225416974216,1981.3595856588643,178.1123652838352,1770.965743987769,177.21477410250577,1637.06223214912,176.6515038857963,2505.1672922123576,179.57678684494786,2239.1520900994783,178.53084469164946,2069.8487992690025,177.87225863589123,False
10.850000000000003,170.2030486751097,28969.077778301762,1399.953208968418,176.13762534003766,1285.6654775335016,175.59040943639334,1198.5726857371528,175.18154589843334,1903.061393441443,177.56004968714245,1747.701508522104,176.90118121999313,1629.3097446739416,176.4066639396077,2406.169577914469,178.9711692686102,2209.7375395107065,178.202311848128,2060.0468036107313,177.62333219833053,False
10.900000000000004,169.9787994932059,28892.792277151497,1350.1028650950987,175.674900702507,1265.7081708333958,175.27681488186428,1190.8769938705336,174.93046369410987,1835.2960822386492,177.05045595529893,1720.572044726647,176.56960584716887,1618.8484135427561,176.14947785306805,2320.489299382201,178.41540620451698,2175.435918619899,177.8529999266749,2046.8198332149793,177.36011380121727,False
10.950000000000005,169.75397360115377,28816.41155338121,1305.9718694507535,175.23769669239016,1244.3603977657992,174.95523905937696,1181.6878649130736,174.67155141509048,1775.3055100346173,176.57175307120332,1691.552415712883,176.2286233625821,1606.3569413662094,175.8829723145698,2244.6391506184823,177.89580552453128,2138.7444336599674,177.49287228003809,2031.0260178193457,177.08610624964587,False
11.000000000000004,169.52858802336678,28739.94215719642,1265.9444150094191,174.81793909854846,1222.5657938549434,174.63041991167435,1171.4930567278652,174.40733748699898,1720.8931891534282,176.11433957746826,1661.9253760215634,175.8838910778765,1592.4983739894415,175.6101497253662,2175.841963297439,177.40126656524134,2101.284958188184,177.12849212608612,2013.5036912510182,176.80477935798882,False
11.050000000000002,169.30265962012533,28663.390554448015,1228.7150524288725,174.4089068599992,1200.9507836390308,174.30562911280836,1160.7443112609592,174.14021833007536,1670.284524395498,175.67024865943154,1632.5424715093072,175.53929482677714,1577.8867981203662,175.33384763617582,2111.853996362125,176.92259814967994,2064.1341593795837,176.7643508068085,1995.0292849797738,176.51940577105148,False
11.100000000000003,169.07620508713296,28586.763126666247,1193.1660150282728,174.004603705242,1179.9826694680978,173.983490744397,1149.8502227747272,173.87242426264538,1621.9600516790583,175.2324060990692,1604.038941308195,175.19792043128186,1563.0776465843942,175.0566975090614,2050.7540883298443,176.45166529086623,2028.0952131482934,176.40398973743726,1976.305070394062,176.23301270360412,False
11.150000000000004,168.8492409551573,28510.066171132774,1158.2583555507097,173.59917506516385,1160.099153988448,173.666688597494,1139.1766344843127,173.6060167808281,1574.507452076746,174.79394348727143,1577.0097874530463,174.86288731999008,1548.5682375021124,174.78112216576184,1990.7565486027822,175.9806005682373,1993.9204209176455,176.05095851868614,1957.9598405199122,175.94837955645048,False
11.200000000000005,168.62178358974535,28433.305900986914,1122.9480295130472,173.18644461291933,1141.820974079884,173.3586205571263,1129.0462434981787,173.3428718450506,1526.5074776192985,174.34765282552567,1552.1628866398423,174.53811398668674,1534.7972372553363,174.50931841379358,1930.0669257255504,175.50117804127777,1962.5047991998013,175.70968996213503,1940.5482310124946,175.66801987557085,False
11.250000000000004,168.39384919101616,28356.488445366693,1086.176332199715,172.75991001912692,1125.8476611888493,173.06398200756308,1119.7310015702556,173.08461225702786,1476.5209515839877,173.8859716285391,1530.4491644285918,174.22899693091807,1522.1343302595658,174.2431815849762,1866.8655709682607,175.00478778760706,1935.0506676683344,175.38627333629506,1924.5376589488765,175.39409812631752,False
11.300000000000002,168.16545379352343,28279.61984958166,1047.170686612619,172.31478990525568,1113.1039330028439,172.7890470856997,1111.433599581047,172.83246705200594,1423.4976521140286,173.4033269161633,1513.1256589257407,173.94273919513586,1510.8550494304855,173.98414616605777,1799.824617615439,174.48507314694635,1913.1473848486382,175.08882958267196,1910.2764992799243,175.12825176704527,False
11.350000000000003,167.9366132661831,28202.706075315542,1007.0750272754722,171.85899357882718,1104.6464564145094,172.54103175783953,1104.258946438894,172.58706474549035,1368.9926152025948,172.90873680023944,1501.6287766884736,173.68762178213436,1501.1020053153713,173.7329501745151,1730.9102031297182,173.95214528651724,1898.6110969624378,174.82669212854117,1897.945064191849,174.87132708142016,False
11.400000000000004,167.7073433122725,28125.753000860437,975.919595901763,171.46010983604017,1101.2935832472672,172.32560483209792,1098.183551225485,172.34821320588344,1326.6407006789584,172.47982597905226,1497.070964726753,173.47014573761058,1492.8432649471436,173.4893838509501,1677.3618054561548,173.49354879805,1892.84834620624,174.6071843988882,1887.5029786688026,174.62309704819683,False
11.450000000000005,167.47765946948866,28048.766421378004,993.9241778086296,171.3891436657251,1102.9466870050012,172.14232134374555,1093.0379026807225,172.1147671019406,1351.1156792086051,172.4280431596628,1499.3181526474234,173.28978695599972,1485.8483989566068,173.25213866163713,1708.3071806085818,173.4607205371594,1895.6896182898458,174.42970426191232,1878.658895232492,174.3820921055457,False
11.500000000000004,167.24757711005685,27971.75204918441,1120.387932056387,172.04393819744521,1107.9865523908456,171.98054042908586,1088.5187118956765,171.88469649267364,1523.0273451391506,173.21015005931122,1506.1692196563051,173.1343090018437,1479.7051239831853,173.01888712064368,1925.666758221915,174.36856223715293,1904.3518869217662,174.2804395817596,1870.8915360706944,174.1456910536507,False
11.550000000000004,167.0171114409153,27894.71551406712,1247.7900174018894,172.70132419769095,1113.5075312125045,171.82095036282018,1084.2386973630798,171.6554094036493,1696.2145549056931,173.99474680903373,1513.6743002419976,172.98151852903885,1473.8869792279363,172.78665417039392,2144.6390924094976,175.2786252075351,1913.841069271492,174.13435192873837,1863.535261092793,173.91054062725513,False
11.600000000000003,166.78627750393244,27817.66236361876,1267.867552796531,172.64112855831615,1116.5871603563246,171.64404899548126,1079.8032006349213,171.42425812065542,1723.5074545827842,173.95573911680896,1517.8606711093787,172.80900748027062,1467.857475863096,172.55239942534928,2179.147356369038,175.26048919668563,1919.134181862433,173.96616503524265,1855.911751091271,173.6732127378124,False
11.650000000000004,166.55509017618903,27740.59806359846,1239.707212004466,172.25805346750255,1115.569053888925,171.43874690261768,1074.8871710576962,171.18905243565874,1685.226991318571,173.54641097910113,1516.4766826302578,172.60403114725082,1461.1747481565558,172.31360727150243,2130.7467706326765,174.82527432565686,1917.3843113715905,173.7615009057601,1847.4623252554154,173.43087045856754,False
11.700000000000005,166.32356417030678,27663.52799831416,1203.789655789615,171.82150375566533,1110.3214540397717,171.20413624574013,1069.285630612906,170.9483986849176,1636.4015633390072,173.0758245983751,1509.343226585314,172.36553611495393,1453.560154114419,172.06867680213924,2069.0134708884,174.3211202578646,1908.3649991308573,173.51916266724268,1837.8346776159326,173.18170821406216,False
11.750000000000004,166.09171403481977,27586.457471024347,1170.358673444573,171.40004286032732,1101.646054369429,170.9455688896571,1062.9259290385892,170.7017841795941,1590.9563217137163,172.62262986292146,1497.5501051584426,172.0996559374757,1444.9149347868322,171.81701931952193,2011.5539699828605,173.83661866551688,1893.4541559474567,173.24605514870035,1826.9039405350752,172.9250621905142,False
11.800000000000004,165.8595541545938,27509.391704360638,1140.7383071007084,171.00286503634567,1090.5954124368486,170.6701014403953,1055.848558989648,170.44945030673026,1550.6911362150252,172.19736548435625,1482.5281387813409,171.81448207883793,1435.2941348765523,171.55891316324377,1960.6439653293426,173.3836367967499,1874.4608651258336,172.9512907681345,1814.7397107634577,172.66124713334003,False
11.850000000000003,165.62709875128783,27432.33584076885,1114.3498276309977,170.62641879974285,1078.0900236502425,170.38392630977654,1048.172976767665,170.19216325341813,1514.8192969358872,171.79593784990996,1465.5286258995484,171.51711560944779,1424.8601402935442,171.2952410208877,1915.2887662407775,172.9575489275765,1852.9672281488545,172.64286706734796,1801.5473038194243,172.3912606831619,False
11.900000000000004,165.39436188385494,27355.29494296757,1090.3751423552837,170.26551684230645,1064.8090063291636,170.09162490550642,1040.063637314612,169.9309840487186,1482.2287091392134,171.41236767620262,1447.4747429787064,171.21281085142266,1413.836506974551,171.02722651503706,1874.082275923144,172.551596223117,1830.1404796282502,172.32670233105077,1787.60937663449,172.1164869473164,False
11.950000000000005,165.16135744907953,27278.27399442262,1068.0853919606952,169.91556186466428,1051.21654649263,169.79632702267187,1031.704685860528,169.66709501518488,1451.9285796965694,171.0413439830278,1428.9974928884192,170.90515971376033,1402.4735573416547,170.756235617833,1835.7717674324447,172.15976457714012,1806.7784392842082,172.00684452422732,1773.2424288227817,171.83847320624687,False
12.000000000000004,164.9280991821597,27201.277899840312,1046.8630189065564,169.57272369548565,1037.6296335617071,169.50014476115007,1023.2851694990904,169.4016960320367,1423.0794163260991,170.67842575710927,1410.527783122946,170.59659206330022,1391.028277287826,170.4836582383171,1799.2958137456433,171.77701073294006,1783.4259326841845,171.6860372108731,1758.771385076562,171.55879701754742,False
12.050000000000004,164.69460065731067,27124.311485671038,1026.159823993605,169.23368836412627,1024.288147766696,169.20461721100241,1014.9926691101174,169.13595773910205,1394.9360107413065,170.31975065762018,1392.3917008703522,170.28888994478035,1379.755659571566,170.21085509092762,1763.7121974890094,171.3989313001152,1760.4952539740093,171.3663023809791,1744.5186500330142,171.27900683167863,False
12.100000000000003,164.46087528841238,27047.37950063073,1005.4452571291857,168.89534558529886,1011.4191884539783,168.91110684505398,1007.0116544788041,168.87100852437996,1366.7771464099872,169.9616711192801,1374.8979593046267,169.98364858559745,1368.906467807124,169.9391430288194,1728.1090356907885,171.02134819647264,1738.376730155275,171.04946523541818,1730.8012811354452,171.0006056910263,False
12.150000000000004,164.2269363296841,26970.486616234113,984.1556866562588,168.5544874859675,999.2991865816114,168.621166591964,999.5225186838256,168.60793047483543,1337.836636548352,169.60040153711097,1358.4223317593776,169.68270674412474,1358.7259238358254,169.66978995731367,1691.517586440445,170.6399049209808,1717.545476937145,170.73764702955938,1717.9293289878256,170.7250451143913,False
12.200000000000005,163.9927968763886,26893.637427340454,961.653347952794,168.20756470752082,988.3179845751336,168.33690454318315,992.6973459343666,168.34774086089286,1307.2475198733289,169.23173164851602,1343.494760281822,169.38857755730592,1349.4479546295292,169.40399187050315,1652.8416917938648,170.24973764642303,1698.6715359885116,170.43376127573475,1706.1985633246925,170.45369773154425,False
12.250000000000004,163.7584698655678,26816.83645271208,937.2382114707459,167.85072385621035,979.0396966477915,168.06132423982154,986.6889125761147,168.0913389213529,1274.0581937180448,168.85107485977423,1330.8820876305917,169.10485237338764,1341.2802405331554,169.14280814841098,1610.878175965344,169.8455341289502,1682.7244786133917,170.1419803787649,1695.871568490197,170.18778121912044,False
12.300000000000004,163.5239680767975,26740.08813558149,910.4088601821052,167.48115461265914,972.2297110174351,167.79848346695127,981.6108156078081,167.8394056296353,1237.5870443100491,168.4550840269221,1321.624763414325,168.83638857250415,1334.3772024668642,168.88704055956546,1564.7652284379935,169.42341490669267,1671.0198158112169,169.86795212341409,1687.1435893259204,169.92821677351694,False
12.350000000000003,163.2893041329769,26663.396844231826,882.2046929010629,167.1041345149867,968.7708663627013,167.5530683783792,977.5099072002452,167.592261742748,1199.2470044123825,168.05009397056014,1316.922896461797,168.58879782805533,1328.802530100333,168.63706241200316,1516.2893159237017,168.99075831247524,1665.074926560893,169.61820298307612,1680.0951530004206,169.67542969401887,False
12.400000000000004,163.05449050113285,26586.766872584023,860.8876455900562,166.76300088441602,969.3539899530423,167.32877615823156,974.337681984509,167.34971851057756,1170.2691432239822,167.68804358572993,1317.7155800924172,168.366507716799,1324.490286447692,168.3926390613103,1479.6506408579091,168.60801125463638,1666.077170231792,169.39788225031123,1674.6428909108752,169.4291400394156,False
12.450000000000005,162.81953949325776,26510.202440796525,879.5733221408983,166.63232528639875,973.9161352250356,167.12535781110682,971.9330269929985,167.11098624283315,1195.6699847852835,167.5781265350481,1323.917246321533,168.16921934345473,1321.2214585686072,168.15281786109912,1511.7666474296693,168.51861961113073,1673.9183574180302,169.2066412576158,1670.5098901442161,169.188234183715,False
12.500000000000004,162.58446326715563,26433.707695869078,988.2752567471181,166.97548908129448,981.142156726095,166.9359745566315,970.0301233540829,166.874713936185,1343.4366771406137,168.03563721523776,1333.7401192995353,167.98874237205823,1318.6346989344565,167.91597519850205,1698.59809753411,169.0891386066074,1686.338081872976,169.03495356380938,1667.2392745148302,168.9508191825193,False
12.550000000000004,162.34927382732053,26357.286712258305,1097.5757273385427,167.3214456813691,988.6576487340718,166.74817925991843,968.297681116945,166.6391938478819,1492.0170043508313,168.49601616036992,1343.9564912478788,167.8101729008456,1316.279660268347,167.6800611445003,1886.4582813631205,169.66245530148365,1699.255333761686,168.8654878047184,1664.261639419749,168.71450703651647,False
12.600000000000003,162.11398302582248,26280.94349249666,1117.438888189734,167.1984664591747,994.0751655639607,166.54939893137012,966.400529067779,166.40268528613223,1519.0184886329191,168.3950913380285,1351.320928188509,167.61845974422155,1313.7007192015117,167.442986895747,1920.5980890761052,169.58327272224153,1708.5666908130577,168.68074522496565,1661.0009093352453,168.4768650310868,False
12.650000000000004,161.8786025632233,26204.681967822005,1097.7119825644643,166.86770952574514,996.0506231246588,166.3325017691609,964.0616258962759,166.1637430196332,1492.202226298568,168.0455971636941,1354.0063158100832,167.40506813556553,1310.5212727027495,167.20301773921776,1886.6924700326724,169.21528586341324,1711.9620084955075,168.4708061658125,1656.9809195092241,168.23587247643601,False
12.700000000000005,161.64314398950197,26128.505998810866,1071.701921282009,166.50345730073275,994.4951091124137,166.09694354583831,961.1022418975623,165.92143286747287,1456.8447992427311,167.6560293310612,1351.8917889496868,167.16934926925651,1306.4983600794985,166.95903091170973,1841.9876772034531,168.80073177868152,1709.2884687869603,168.23491913079147,1651.8944782614349,167.99022031403845,False
12.750000000000004,161.407618704993,26052.41937601641,1047.8017119038518,166.14977025735863,990.0866079463699,165.84622821878307,957.4506107090984,165.6753822145718,1424.3554521192987,167.27910777137862,1345.8989826770962,166.91549894820255,1301.5344239326803,166.71057580480021,1800.9091923347457,168.4008718415791,1701.7113574078235,167.97796332810483,1645.6182371562631,167.73938088115034,False
12.800000000000004,161.1720379613502,25976.425820614913,1027.1458478383593,165.81268014775242,983.7065088909932,165.58495565823307,953.1245690589878,165.4256932270951,1396.2763869052694,166.92206396054345,1337.2260355236936,166.6490236004151,1295.6537110645615,166.457769784623,1765.40692597218,168.02412319638708,1690.7455621563945,167.70634035004284,1638.1828530701355,167.4834865402441,False
12.850000000000003,160.93641286250855,25900.528985051806,1009.3249188006303,165.49007470238882,976.1226098109146,165.31715266770294,948.2016759401733,165.17278907174418,1372.0510614946068,166.58238492618662,1326.9166727117115,166.37474276180683,1288.9616532311727,166.20111379599683,1734.7772041885833,167.6675791868845,1677.710735612509,167.42565243103635,1629.7216305221732,167.22311504191305,False
12.900000000000004,160.70075436567814,25824.73245369802,993.7476255351921,165.17884533427724,967.8964774390843,165.0457802988099,942.7893003917268,164.91725883266767,1350.8756784619015,166.25636528834556,1315.7342740187548,166.09619920703392,1281.6042052200035,165.94130638785924,1708.0037313886116,167.3269465800966,1663.5720705984259,167.1400167153347,1620.4191100482801,166.95907304048393,False
12.950000000000005,160.4650732823342,25749.039743504887,979.9161882565458,164.87634021270622,959.4007920668361,164.7728219191044,937.0016501878001,164.6597381568567,1332.0735684112412,165.94084772017632,1304.1854517158552,165.8157637344348,1273.7366182240405,165.67910048621354,1684.2309485659378,166.99856982095818,1648.9701113648744,166.85218656788086,1610.4715862602816,166.69222929086132,False
13.000000000000004,160.22938027922498,25673.45430466449,967.452966318912,164.5805055731567,950.8677406407218,164.49953913808747,930.9454195864785,164.4008347987515,1315.1313760897708,165.63339404989176,1292.5858349334812,165.53494033265585,1265.5039297503688,165.4152139093931,1662.8097858606304,166.67963173182733,1634.3039292262408,166.5639053493544,1600.0624399142598,166.4234103209466,False
13.050000000000004,159.99368587939406,25597.97952127422,956.0780408940768,164.28976334549768,942.4347490748364,164.22671917446254,924.7126969011969,164.14109198424745,1299.6685868403856,165.3321411161966,1281.1222370236055,165.25466038437935,1257.031322350064,165.15028520480988,1643.2591327866946,166.36798800253686,1619.8097249723758,166.27624685055085,1589.349947798932,166.1533488337774,False
13.100000000000003,159.75800046320018,25522.61871199987,945.5834899426695,164.00286572410366,934.1786380257723,163.9548677720091,918.3788172632652,163.88097706763813,1285.4025566408163,165.0356295846946,1269.8990860662843,164.97551064984614,1248.4212047172514,164.88485992381993,1625.221623338963,166.06197065889188,1605.6195341067964,165.98987789084615,1578.4635921712372,165.882667628513,False
13.150000000000004,159.52233426935535,25447.375130743945,935.813117891228,163.71877363922232,926.13870935974,163.68435164248822,912.0030538298608,163.6208835528426,1272.1209571333882,164.7426619949219,1258.9698080358962,164.6978994137384,1239.7541512999671,164.61939324418307,1608.4287963755485,165.7602259904807,1591.8009067120531,165.70524786491842,1567.5052487700734,165.61188281507185,False
13.200000000000005,159.28669739597802,25372.251967317872,926.6478720027627,163.4365660336813,918.3315921115275,163.41550551017923,905.6306412665199,163.36113723586612,1259.6619510037556,164.45219729721723,1248.3570080266077,164.4221787261758,1231.0916529716756,164.354258145935,1592.6760300047483,165.46159456165,1578.3824239416879,165.42272598702263,1556.5526646768312,165.34141399663244,False
13.250000000000004,159.0510998016329,25297.252348108985,917.9956118228631,163.15540099526015,910.7605374406063,163.1487125406566,899.2952106139421,163.10200009100052,1247.9002848217044,164.16330146205937,1238.0651055833243,164.1487342985517,1222.4794269283273,164.08975181283904,1577.8049578205457,165.16505144830677,1565.3696737260423,165.14270053489872,1545.6636432427129,165.07159315373892,False
13.300000000000004,158.81555130639683,25222.379336754762,909.7839473341668,162.87464428901794,903.4211486146692,162.8844479497785,893.0211460845693,162.84366830801548,1236.7375534073833,163.87526768352612,1228.0881238980658,163.87803501136904,1213.950620458711,163.82609615804532,1563.6911594805995,164.8698182337221,1552.7550991814628,164.86563418272132,1534.8800948328535,164.80266762634412,False
13.350000000000003,158.58006159292043,25147.635934814436,901.9551880134395,162.59467205828955,896.3048756770161,162.62324355215193,886.8256469802169,162.58626415399394,1226.0953337057692,163.5884089030609,1218.4144403734435,163.61060145393682,1205.5286138637327,163.5634319107905,1550.235479398099,164.57614551667984,1540.5240050698712,164.59203648055208,1524.231580747248,164.534796396748,False
13.400000000000004,158.34464020750332,25073.025082443677,894.4627395874003,162.3203528465332,889.4011251933101,162.36550467989036,880.720431237678,162.32982545487144,1215.910286626622,163.30751512181632,1209.029654559656,163.3468262297185,1197.2293362137182,163.3018099629795,1537.357833665844,164.2887459392806,1528.658183926002,164.32228749834331,1513.7382411897588,164.26804327732498,False
13.450000000000005,158.1092965611637,24998.549659066008,887.2684998952075,162.07219871253884,882.6985170348372,162.11116379048505,874.7130936115107,162.07430049485916,1206.1306170450478,163.05293530834248,1199.9182965942316,163.08663098201785,1189.0631116281475,163.04118773768346,1524.992734194888,164.02780809916456,1517.1380761536263,164.0562982168751,1503.413129644784,164.00237472954828,False
13.500000000000004,157.87403993072067,24924.212484046784,880.340951205181,161.88238005256554,876.185617609703,161.85936835115734,868.8081634885881,161.81955723386642,1196.7134805445428,162.85661638638643,1191.0648239381899,162.82915687727467,1181.0360972422989,162.78143947366445,1513.0860098839048,163.82505922526624,1505.944030266677,163.79320356990584,1493.2640309960107,163.73767120266487,False
13.550000000000004,157.63887945988543,24850.01631736829,873.6537432107185,161.6942393731773,869.8513527688058,161.60859813318777,863.0079157934791,161.5654111123633,1187.6230571770702,162.66221552787457,1182.4541826700954,162.57288156539352,1173.1513855317608,162.52238472790526,1501.5923711434225,163.62446539073267,1495.0570125713848,163.5314790808692,1483.2948552700425,163.47375632615632,False
13.600000000000003,157.4038241603323,24775.96386029681,867.1846294758658,161.45045798839297,863.685225699397,161.3573184054977,857.3129857673364,161.31166622753565,1178.8291056937549,162.41272998407402,1174.072103685118,162.316268688628,1165.4098400274725,162.26382996639765,1490.4735819116445,163.36933413923686,1484.4589816708387,163.2695867544982,1473.5066942876097,163.21043891131518,False
13.650000000000004,157.1688829128082,24702.05775606001,860.914658376855,161.18293640966968,857.6774171310284,161.104644520584,851.7228313388706,161.05815642325376,1170.3058637310367,162.13984764701672,1165.905238912491,162.05842868510481,1157.810723851277,162.0056099120326,1479.6970690852193,163.09114445717762,1474.1330606939553,163.0066321646658,1463.8986163636837,162.94755455508403,False
13.700000000000005,156.93406446821498,24628.300590513856,854.8275486181789,160.9124117647729,851.8188156019374,160.8504800749566,846.2360787575786,160.80477244482728,1162.0311989028364,161.86416499719908,1157.9412024588835,161.79925626281772,1150.3521695610832,161.74761491853965,1469.2348491874948,162.81035458632581,1464.06358931583,162.7425012529238,1454.468260364588,162.68499323121262,False
13.750000000000004,156.69937744870091,24554.694892810436,848.9092041337167,160.6440128735083,846.101007260665,160.59521472100917,840.85077966676,160.55146903158217,1153.985949369271,161.59076587893088,1150.1685567449665,161.53913006071113,1143.0315286095017,161.48979830670987,1459.0626946048258,162.53200411788137,1454.236106229268,162.47756180548637,1445.212277552244,162.42270686724984,False
13.800000000000004,156.46483034876792,24481.243136068726,843.1473329753507,160.37839866138202,840.5162433462265,160.33937180801982,835.5646014235532,160.2982553320823,1146.1534057633671,161.32029267881086,1142.5767682987769,161.27856235948707,1135.8456300601424,161.23216704847096,1449.159478551384,162.2567191297951,1444.6372932513273,162.21231519738419,1436.1266586967322,162.1607002938216,False
13.850000000000003,156.23043153636092,24407.947738037557,837.5311448603841,160.11527769018457,835.0573964396673,160.0834087595702,830.3749673207526,160.0451770847177,1138.5189000445846,161.05244457936402,1135.1561482851723,161.01800058356562,1128.7909712016478,160.9747642084297,1439.5066552287853,161.98418953766236,1435.254900130678,161.9471989994722,1427.2069750825435,161.8990139433852,False
13.900000000000004,155.99618925397047,24334.81106176057,832.0511090123979,159.8542488434559,829.7179121850319,159.82765774464553,825.2791593205411,159.7922984500228,1131.0694763137285,160.786813018378,1127.8977868765273,160.75776825656374,1121.8638572013606,160.7176509964664,1430.0878436150592,161.713999418443,1426.0776615680236,161.6825282135412,1418.4485550821805,161.6377061198989,False
13.950000000000005,155.76211161972688,24261.835416236256,826.6987586522827,159.59497249339879,824.491760439022,159.5723355874011,820.2743927953313,159.5396879578205,1123.7936250429464,160.5230516516534,1120.7934868467953,160.4980747897804,1115.060502706153,160.46089287919833,1420.8884914336106,161.4457957890203,1417.0952132545688,161.4185049417622,1409.8466126169753,161.3768392722462,False
14.000000000000004,155.52820662850854,24189.02305708005,821.4665319037679,159.33718686994183,819.3733881050749,159.31757353235076,815.3578704009319,159.287409708543,1116.6810668066848,160.26089246765625,1113.835699455336,160.2390450158333,1108.3771050762666,160.20455089145432,1411.8956017096014,161.17930446999887,1408.2980108055979,161.1552476928273,1401.3963397516018,161.11647141434023,False
14.050000000000004,155.29448215302978,24116.376187177684,816.3476413652899,159.0806936108329,814.3576748534607,159.06344566377643,810.5268204182278,159.03551903750073,1109.7225749809406,160.00013129156906,1107.0174642539228,159.98074739115836,1101.8098965060285,159.94867736750768,1403.0975085965918,160.91431554381663,1399.6772536543854,160.8928193712637,1393.092972593829,160.85665192245816,False
14.100000000000003,155.06094594494587,24043.896957341425,811.3359664308489,158.82534111392198,809.4398922831718,158.80999032297785,805.7785235556415,158.78406122142172,1102.909829366935,159.74061112594305,1100.332353572437,159.7232152433502,1095.35518045845,159.69331468433802,1394.4836923030214,160.65066668341544,1391.2248148617016,160.63124835773036,1384.9318373612593,160.59742031481645,False
14.150000000000004,154.8276056359443,23971.587466959492,806.4259638019686,158.57101122972134,804.6156666926618,158.55722481042503,801.1103311980005,158.53307191041227,1096.2352945433013,159.48220882956738,1093.7744219103367,159.46646134783745,1089.009356472282,159.43849571112438,1386.0446252846332,160.38822981721282,1382.9331771280124,160.37054296228783,1376.908381746564,160.33880671846262,False
14.200000000000005,154.5944687388448,23899.449764645662,801.6125926512808,158.31760956539574,799.8809453993324,158.30515511845255,796.5196773344967,158.28257832549033,1089.6921181353346,159.22482540101947,1087.3381601522174,159.21048756859645,1082.7689363765815,159.18424501315155,1377.7716436193891,160.12690139220578,1374.7953749051023,160.1107009746166,1369.018195418666,160.08083307957,False
14.250000000000004,154.36154264869415,23827.485848884626,796.8912516677426,158.06505911611686,795.2319664216712,158.05378225843765,792.0040858354766,158.03260061908895,1083.2740452358375,158.96837958207163,1081.0184543544594,158.95529111712642,1076.630554182601,158.93058021280737,1369.6568388039327,159.86659594961577,1366.8049422872475,159.85171585586187,1361.2570225297254,159.823514525012,False
14.300000000000004,154.12883464385595,23755.697668673092,792.2577257997262,157.8132987852269,790.6652312746713,157.80310601238406,787.5611743268636,157.78315307400555,1076.9753460090024,158.7128063317027,1074.8105487640062,158.70086825422555,1070.59097135058,158.6775131863327,1361.6929662182793,159.6072445532904,1358.955866253341,159.59358039136285,1353.6207683742966,159.566860557017,False
14.350000000000003,153.89635188710022,23684.087124158177,787.7081409623034,157.5622960021266,786.1774806042596,157.5531259685447,783.1886555960131,157.53424502222802,1070.7907541206312,158.458069326305,1068.710012696415,158.44721529440733,1064.6470787008302,158.42505097940852,1353.8733672789592,159.3488071740056,1351.242544788571,159.33628766431212,1346.1055018056475,159.31087596561952,False
14.400000000000004,153.66410142669676,23612.65606727415,783.2389253232338,157.312111917033,781.7656723844192,157.30383893388574,778.8843372268987,157.28588152605894,1064.7154141112708,158.2042257481928,1062.7127108975692,158.19432601029348,1058.7958959178152,158.17319648448773,1346.191902899308,159.09133707833746,1343.65974941072,159.0798284521459,1338.7074546087324,159.05556150229793,False
14.450000000000005,153.4320901974873,23541.406302369876,778.8467760533513,157.06312297686793,777.4269624116871,157.05523269294315,774.6461199856118,157.03806398261133,1058.7448361975244,157.95164658651368,1056.814777028387,157.94218540608844,1053.034569355441,157.9219490405832,1338.6428963416977,158.83519987564182,1336.202591645087,158.82418501433565,1331.4230187252706,158.80091447515784,False
14.500000000000004,153.20032502198418,23470.339586841594,774.528630639846,156.8159617401204,773.1586868497405,156.8072801777221,770.4719953444525,156.79079085107654,1052.8748572760405,157.70095777488194,1051.0125899363659,157.690763901445,1047.3603686713648,157.67130515421294,1331.2210839122354,158.58101497263567,1328.8664930229916,158.56932528994344,1324.2487419982774,158.546929463676,False
14.550000000000004,152.96881261143773,23399.45763175315,770.2816420288057,156.5694755012849,768.9583465978465,156.5599419373859,766.360042433123,156.54405861510574,1047.1016071329077,157.45101023445847,1045.302752406447,157.44001977021676,1041.7706826825263,157.42125945354098,1323.92157223701,158.32763684510564,1321.6471582150484,158.31520530591763,1317.18132293193,158.29359926474748,False
14.600000000000003,152.73755956691764,23328.762102457713,766.1031569968006,156.3224996405079,764.8235932789426,156.31317906841704,762.3084246305875,156.29786290441427,1041.4214790425258,157.20064317903513,1039.682072113562,157.18991198327464,1036.2630147322047,157.17180580049558,1316.7398010882516,158.07390846672973,1314.5405509481825,158.06178193397747,1310.2176048338224,158.04091599547982,False
14.650000000000004,152.5065723803841,23258.254619213338,761.9906972578568,156.07567027012524,760.7522166645635,156.06696630886887,758.31538595478,156.05219953366176,1035.8311040848987,156.95048664179382,1034.1475445283907,156.94041321698322,1030.8349777822787,156.9229383204421,1309.6715109119414,157.820453883275,1307.5428723922187,157.80902581468928,1303.3545696097779,157.78887211381158,False
14.700000000000005,152.27585743575634,23187.93675779479,757.9419428977596,155.8293839399705,756.7421333739885,155.8212947256306,754.3792473649169,155.80706520489392,1030.3273286266422,156.70093262274995,1028.6963375552655,156.69151251472783,1025.4842893866837,156.67465209721652,1302.7127143555244,157.56766061146084,1300.6505417365427,157.55692399362962,1296.589331408451,157.5374611062575,False
14.750000000000004,152.04542100997708,23117.81005010118,753.9547177968147,155.58372919868,752.7913767035728,155.57616570975597,750.4984030593157,155.5624577680831,1024.9071945050446,156.45206699841464,1023.3257777064193,156.44320930597243,1020.2087666587571,156.4269434287012,1295.8596712132753,157.31561189146058,1293.860178709266,157.30547396373447,1289.919130258199,157.28667773859783,False
14.800000000000004,151.81526927407467,23047.875984759798,750.0269767583134,155.33870965068147,748.8980874590023,155.33158397848783,746.6713168276556,155.31837611828402,1019.5679215308321,156.20389131104014,1018.0333376395813,156.1955064380746,1015.0063213125943,156.17980972105735,1289.108866303351,157.06430722950316,1287.1685878201606,157.05467672637826,1283.3413257975333,157.03651794722978,False
14.850000000000003,151.58540829421898,22978.136007725072,746.1567941058007,155.0943118284504,745.0605056782582,155.0875535860754,742.8965184986981,155.07481990470143,1014.3068919875728,155.95639024875635,1012.8166249063822,155.9484062007109,1009.874954834168,155.93324919596543,1282.4569898693449,156.8137294923635,1280.572744134506,156.80453282915659,1276.8533911696375,156.7869785446053,False
14.900000000000004,151.35584403277372,22908.591522873325,742.3423535497608,154.85052120828664,741.2769631464164,154.84407669972725,739.1726005110472,154.83178921374352,1009.121636856706,155.7095475614292,1007.6733717771596,155.70190910076138,1004.8127538197049,155.68726057207687,1275.900920163651,156.56386072491927,1274.069780407903,156.5550411396979,1270.4529071283625,156.53805689910175,False
14.950000000000005,151.1265823493438,22839.243892592996,738.5819391552955,154.60732538293001,737.5458766152257,154.60115374148347,735.498214624567,154.58928431898116,1004.0098235392294,155.463349206323,1002.6014260238226,155.4560139962633,999.8178855052707,155.44184281310967,1269.4377079231638,156.3146852692704,1267.6569754324196,156.30619897180983,1264.1375563859742,156.28975068127852,False
15.000000000000004,150.89762900181918,22770.094438370663,734.8739272679412,154.36471426022186,733.8657416507904,154.35878392343272,731.8720687826798,154.34730552421598,998.9692448798575,155.21778353736357,997.5987425565429,155.21071862222257,994.888593501455,155.196994968667,1263.0645624917736,156.06618994472754,1261.331743462296,156.05800260202133,1257.9051182202309,156.04205770247722,False
