scenario,draw,harmonic,beam_mode,q_shape_proxy,delta_uv,determinant_norm,minimum_role_pixels,phase_anchor_rad,phase_anchor_deg,phase_amplitude,flux_phase_anchor_deg,phase_estimator_difference_deg,phase_delta_from_baseline_deg,star_clipped_fraction,h2_clipped_fraction,hi_clipped_fraction
star_only,0,1,0,0.1138959947,0.8896842432,0.6786345476,3,0.8131794555,46.59175079,0.2805515509,62.81239417,16.22064339,43.26748444,0.01821286283,0,0
star_only,0,1,1,0.06506971719,0.9994673886,0.01264332184,3,0.8131794555,46.59175079,0.2805515509,62.81239417,16.22064339,43.26748444,0.01821286283,0,0
star_only,0,2,0,0.1375243726,0.4154808679,0.1612244025,4,1.417073572,81.19233493,0.5701117522,82.56687593,1.374540996,3.504957601,0.01821286283,0,0
star_only,0,2,1,-0.07142175995,0.9443540795,0.004107563761,4,1.417073572,81.19233493,0.5701117522,82.56687593,1.374540996,3.504957601,0.01821286283,0,0
co_independent_only,0,1,0,-0.01968778682,0.9994083952,0.2668767912,3,0.05801939305,3.324266351,0.3059391657,24.25103506,20.92676871,0,0,0,0
co_independent_only,0,1,1,-0.07293358576,0.9825181207,0.01093197731,3,0.05801939305,3.324266351,0.3059391657,24.25103506,20.92676871,0,0,0,0
co_independent_only,0,2,0,0.1172244172,0.9790048247,0.2436816581,3,1.478246622,84.69729254,0.5406907208,84.33190025,0.3653922809,0,0,0,0
co_independent_only,0,2,1,0.1469766079,0.9783568095,0.0150861345,3,1.478246622,84.69729254,0.5406907208,84.33190025,0.3653922809,0,0,0,0
star_plus_co_independent,0,1,0,0.1171320201,0.8896842432,0.6786345476,3,0.8131794555,46.59175079,0.2805515509,62.81239417,16.22064339,43.26748444,0.01821286283,0,0
star_plus_co_independent,0,1,1,0.07268646639,0.9994673886,0.01264332184,3,0.8131794555,46.59175079,0.2805515509,62.81239417,16.22064339,43.26748444,0.01821286283,0,0
star_plus_co_independent,0,2,0,0.1479740761,0.4154808679,0.1612244025,4,1.417073572,81.19233493,0.5701117522,82.56687593,1.374540996,3.504957601,0.01821286283,0,0
star_plus_co_independent,0,2,1,-0.06320596421,0.9443540795,0.004107563761,4,1.417073572,81.19233493,0.5701117522,82.56687593,1.374540996,3.504957601,0.01821286283,0,0
star_co_plus_hi_ctl49,0,1,0,0.09202684651,0.8896842432,0.6786345476,3,0.8131794555,46.59175079,0.2805515509,62.81239417,16.22064339,43.26748444,0.01821286283,0,0
star_co_plus_hi_ctl49,0,1,1,0.06407382119,0.9994673886,0.01264332184,3,0.8131794555,46.59175079,0.2805515509,62.81239417,16.22064339,43.26748444,0.01821286283,0,0
star_co_plus_hi_ctl49,0,2,0,0.1268210393,0.4154808679,0.1612244025,4,1.417073572,81.19233493,0.5701117522,82.56687593,1.374540996,3.504957601,0.01821286283,0,0
star_co_plus_hi_ctl49,0,2,1,-0.06332205804,0.9443540795,0.004107563761,4,1.417073572,81.19233493,0.5701117522,82.56687593,1.374540996,3.504957601,0.01821286283,0,0
star_only,1,1,0,0.08884094935,0.9859968262,0.418494357,3,0.2428351289,13.91342801,0.2652961706,38.57985088,24.66642287,10.58916165,0.0375640296,0,0
star_only,1,1,1,-0.02147663132,0.9998490803,0.0106715284,3,0.2428351289,13.91342801,0.2652961706,38.57985088,24.66642287,10.58916165,0.0375640296,0,0
star_only,1,2,0,0.1234734191,0.8733570496,0.2112303134,4,1.463780569,83.86844874,0.5118113129,83.58766448,0.2807842553,0.8288437999,0.0375640296,0,0
star_only,1,2,1,0.1453384373,0.9907320537,0.01449868543,4,1.463780569,83.86844874,0.5118113129,83.58766448,0.2807842553,0.8288437999,0.0375640296,0,0
co_independent_only,1,1,0,-0.004068003371,0.9994083952,0.2668767912,3,0.05801939305,3.324266351,0.3059391657,24.25103506,20.92676871,0,0,0,0
co_independent_only,1,1,1,-0.06673366424,0.9825181207,0.01093197731,3,0.05801939305,3.324266351,0.3059391657,24.25103506,20.92676871,0,0,0,0
co_independent_only,1,2,0,0.09892450639,0.9790048247,0.2436816581,3,1.478246622,84.69729254,0.5406907208,84.33190025,0.3653922809,0,0,0,0
co_independent_only,1,2,1,0.139921724,0.9783568095,0.0150861345,3,1.478246622,84.69729254,0.5406907208,84.33190025,0.3653922809,0,0,0,0
star_plus_co_independent,1,1,0,0.08927692807,0.9859968262,0.418494357,3,0.2428351289,13.91342801,0.2652961706,38.57985088,24.66642287,10.58916165,0.0375640296,0,0
star_plus_co_independent,1,1,1,-0.01759421551,0.9998490803,0.0106715284,3,0.2428351289,13.91342801,0.2652961706,38.57985088,24.66642287,10.58916165,0.0375640296,0,0
star_plus_co_independent,1,2,0,0.1196284603,0.8733570496,0.2112303134,4,1.463780569,83.86844874,0.5118113129,83.58766448,0.2807842553,0.8288437999,0.0375640296,0,0
star_plus_co_independent,1,2,1,0.1456058642,0.9907320537,0.01449868543,4,1.463780569,83.86844874,0.5118113129,83.58766448,0.2807842553,0.8288437999,0.0375640296,0,0
star_co_plus_hi_ctl49,1,1,0,0.09259225694,0.9859968262,0.418494357,3,0.2428351289,13.91342801,0.2652961706,38.57985088,24.66642287,10.58916165,0.0375640296,0,0
star_co_plus_hi_ctl49,1,1,1,-0.01735775122,0.9998490803,0.0106715284,3,0.2428351289,13.91342801,0.2652961706,38.57985088,24.66642287,10.58916165,0.0375640296,0,0
star_co_plus_hi_ctl49,1,2,0,0.1325377264,0.8733570496,0.2112303134,4,1.463780569,83.86844874,0.5118113129,83.58766448,0.2807842553,0.8288437999,0.0375640296,0,0
star_co_plus_hi_ctl49,1,2,1,0.1555122615,0.9907320537,0.01449868543,4,1.463780569,83.86844874,0.5118113129,83.58766448,0.2807842553,0.8288437999,0.0375640296,0,0
star_only,2,1,0,-0.01511139769,0.9931982048,0.3159903752,3,0.07645200344,4.380377132,0.3654458484,18.22897001,13.84859288,1.056110781,0.001138303927,0,0
star_only,2,1,1,-0.009210998475,0.9999114652,0.01189450329,3,0.07645200344,4.380377132,0.3654458484,18.22897001,13.84859288,1.056110781,0.001138303927,0,0
star_only,2,2,0,0.09486985067,0.9978253756,0.2733734934,3,1.525475676,87.40331796,0.5489067681,86.80776457,0.5955533916,2.706025422,0.001138303927,0,0
star_only,2,2,1,0.20784487,0.9979893446,0.01031012652,3,1.525475676,87.40331796,0.5489067681,86.80776457,0.5955533916,2.706025422,0.001138303927,0,0
co_independent_only,2,1,0,-0.01875364288,0.9994083952,0.2668767912,3,0.05801939305,3.324266351,0.3059391657,24.25103506,20.92676871,0,0,0.003984063745,0
co_independent_only,2,1,1,-0.06899351802,0.9825181207,0.01093197731,3,0.05801939305,3.324266351,0.3059391657,24.25103506,20.92676871,0,0,0.003984063745,0
co_independent_only,2,2,0,0.1089244998,0.9790048247,0.2436816581,3,1.478246622,84.69729254,0.5406907208,84.33190025,0.3653922809,0,0,0.003984063745,0
co_independent_only,2,2,1,0.1428150699,0.9783568095,0.0150861345,3,1.478246622,84.69729254,0.5406907208,84.33190025,0.3653922809,0,0,0.003984063745,0
star_plus_co_independent,2,1,0,-0.0285326897,0.9931982048,0.3159903752,3,0.07645200344,4.380377132,0.3654458484,18.22897001,13.84859288,1.056110781,0.001138303927,0.003984063745,0
star_plus_co_independent,2,1,1,-0.01167222287,0.9999114652,0.01189450329,3,0.07645200344,4.380377132,0.3654458484,18.22897001,13.84859288,1.056110781,0.001138303927,0.003984063745,0
star_plus_co_independent,2,2,0,0.09911479308,0.9978253756,0.2733734934,3,1.525475676,87.40331796,0.5489067681,86.80776457,0.5955533916,2.706025422,0.001138303927,0.003984063745,0
star_plus_co_independent,2,2,1,0.2133507882,0.9979893446,0.01031012652,3,1.525475676,87.40331796,0.5489067681,86.80776457,0.5955533916,2.706025422,0.001138303927,0.003984063745,0
star_co_plus_hi_ctl49,2,1,0,-0.03294367372,0.9931982048,0.3159903752,3,0.07645200344,4.380377132,0.3654458484,18.22897001,13.84859288,1.056110781,0.001138303927,0.003984063745,0
star_co_plus_hi_ctl49,2,1,1,-0.009085514699,0.9999114652,0.01189450329,3,0.07645200344,4.380377132,0.3654458484,18.22897001,13.84859288,1.056110781,0.001138303927,0.003984063745,0
star_co_plus_hi_ctl49,2,2,0,0.1045118068,0.9978253756,0.2733734934,3,1.525475676,87.40331796,0.5489067681,86.80776457,0.5955533916,2.706025422,0.001138303927,0.003984063745,0
star_co_plus_hi_ctl49,2,2,1,0.2098065608,0.9979893446,0.01031012652,3,1.525475676,87.40331796,0.5489067681,86.80776457,0.5955533916,2.706025422,0.001138303927,0.003984063745,0
star_only,3,1,0,0.1094913805,0.9896894295,0.5693520765,4,0.4381997274,25.10699497,0.2134419529,47.72796561,22.62097065,21.78272861,0,0,0
star_only,3,1,1,0.09049316272,0.8927688195,0.01672534005,4,0.4381997274,25.10699497,0.2134419529,47.72796561,22.62097065,21.78272861,0,0,0
star_only,3,2,0,0.120342938,0.6829340476,0.1530803821,4,1.40963941,80.76638884,0.5186745465,80.84776979,0.08138095039,3.930903699,0,0,0
star_only,3,2,1,0.1299660435,0.6431268388,0.004183901746,4,1.40963941,80.76638884,0.5186745465,80.84776979,0.08138095039,3.930903699,0,0,0
co_independent_only,3,1,0,-0.009126898254,0.9994083952,0.2668767912,3,0.05801939305,3.324266351,0.3059391657,24.25103506,20.92676871,0,0,0,0
co_independent_only,3,1,1,-0.06745617261,0.9825181207,0.01093197731,3,0.05801939305,3.324266351,0.3059391657,24.25103506,20.92676871,0,0,0,0
co_independent_only,3,2,0,0.09957454931,0.9790048247,0.2436816581,3,1.478246622,84.69729254,0.5406907208,84.33190025,0.3653922809,0,0,0,0
co_independent_only,3,2,1,0.1330725397,0.9783568095,0.0150861345,3,1.478246622,84.69729254,0.5406907208,84.33190025,0.3653922809,0,0,0,0
star_plus_co_independent,3,1,0,0.1021945118,0.9896894295,0.5693520765,4,0.4381997274,25.10699497,0.2134419529,47.72796561,22.62097065,21.78272861,0,0,0
star_plus_co_independent,3,1,1,0.08934174674,0.8927688195,0.01672534005,4,0.4381997274,25.10699497,0.2134419529,47.72796561,22.62097065,21.78272861,0,0,0
star_plus_co_independent,3,2,0,0.1150614033,0.6829340476,0.1530803821,4,1.40963941,80.76638884,0.5186745465,80.84776979,0.08138095039,3.930903699,0,0,0
star_plus_co_independent,3,2,1,0.1226291187,0.6431268388,0.004183901746,4,1.40963941,80.76638884,0.5186745465,80.84776979,0.08138095039,3.930903699,0,0,0
star_co_plus_hi_ctl49,3,1,0,0.09776125772,0.9896894295,0.5693520765,4,0.4381997274,25.10699497,0.2134419529,47.72796561,22.62097065,21.78272861,0,0,0
star_co_plus_hi_ctl49,3,1,1,0.08375881433,0.8927688195,0.01672534005,4,0.4381997274,25.10699497,0.2134419529,47.72796561,22.62097065,21.78272861,0,0,0
star_co_plus_hi_ctl49,3,2,0,0.09886940726,0.6829340476,0.1530803821,4,1.40963941,80.76638884,0.5186745465,80.84776979,0.08138095039,3.930903699,0,0,0
star_co_plus_hi_ctl49,3,2,1,0.1130841575,0.6431268388,0.004183901746,4,1.40963941,80.76638884,0.5186745465,80.84776979,0.08138095039,3.930903699,0,0,0
star_only,4,1,0,0.05838130945,0.9982204892,0.2775488815,3,0.1571173763,9.002162549,0.2059579937,34.07235229,25.07018974,5.677896198,0,0,0
star_only,4,1,1,0.1291985703,0.9999912087,0.01145424939,3,0.1571173763,9.002162549,0.2059579937,34.07235229,25.07018974,5.677896198,0,0,0
star_only,4,2,0,0.1112653726,0.8990332029,0.1741025612,4,1.465566193,83.97075748,0.5480107705,83.58381276,0.3869447223,0.7265350506,0,0,0
star_only,4,2,1,0.1487306007,0.9051985901,0.006840895256,4,1.465566193,83.97075748,0.5480107705,83.58381276,0.3869447223,0.7265350506,0,0,0
co_independent_only,4,1,0,-0.007290192854,0.9994083952,0.2668767912,3,0.05801939305,3.324266351,0.3059391657,24.25103506,20.92676871,0,0,0.001707455891,0
co_independent_only,4,1,1,-0.0710381038,0.9825181207,0.01093197731,3,0.05801939305,3.324266351,0.3059391657,24.25103506,20.92676871,0,0,0.001707455891,0
co_independent_only,4,2,0,0.1065531788,0.9790048247,0.2436816581,3,1.478246622,84.69729254,0.5406907208,84.33190025,0.3653922809,0,0,0.001707455891,0
co_independent_only,4,2,1,0.1392366196,0.9783568095,0.0150861345,3,1.478246622,84.69729254,0.5406907208,84.33190025,0.3653922809,0,0,0.001707455891,0
star_plus_co_independent,4,1,0,0.05701403446,0.9982204892,0.2775488815,3,0.1571173763,9.002162549,0.2059579937,34.07235229,25.07018974,5.677896198,0,0.001707455891,0
star_plus_co_independent,4,1,1,0.1248241427,0.9999912087,0.01145424939,3,0.1571173763,9.002162549,0.2059579937,34.07235229,25.07018974,5.677896198,0,0.001707455891,0
star_plus_co_independent,4,2,0,0.1153170558,0.8990332029,0.1741025612,4,1.465566193,83.97075748,0.5480107705,83.58381276,0.3869447223,0.7265350506,0,0.001707455891,0
star_plus_co_independent,4,2,1,0.1460881634,0.9051985901,0.006840895256,4,1.465566193,83.97075748,0.5480107705,83.58381276,0.3869447223,0.7265350506,0,0.001707455891,0
star_co_plus_hi_ctl49,4,1,0,0.03470751981,0.9982204892,0.2775488815,3,0.1571173763,9.002162549,0.2059579937,34.07235229,25.07018974,5.677896198,0,0.001707455891,0
star_co_plus_hi_ctl49,4,1,1,0.1200670944,0.9999912087,0.01145424939,3,0.1571173763,9.002162549,0.2059579937,34.07235229,25.07018974,5.677896198,0,0.001707455891,0
star_co_plus_hi_ctl49,4,2,0,0.1305981796,0.8990332029,0.1741025612,4,1.465566193,83.97075748,0.5480107705,83.58381276,0.3869447223,0.7265350506,0,0.001707455891,0
star_co_plus_hi_ctl49,4,2,1,0.1581443562,0.9051985901,0.006840895256,4,1.465566193,83.97075748,0.5480107705,83.58381276,0.3869447223,0.7265350506,0,0.001707455891,0
star_only,5,1,0,0.1206809215,0.9743177352,0.6885096205,3,0.7097397875,40.66509438,0.1709788431,61.70288498,21.0377906,37.34082803,0,0,0
star_only,5,1,1,0.1153214516,0.9716669389,0.01660507061,3,0.7097397875,40.66509438,0.1709788431,61.70288498,21.0377906,37.34082803,0,0,0
star_only,5,2,0,0.1221540383,0.5055362941,0.1113929408,4,1.466472199,84.0226678,0.5935656189,83.66026383,0.3624039724,0.6746247363,0,0,0
star_only,5,2,1,0.05838768877,0.9330864337,0.00682456731,4,1.466472199,84.0226678,0.5935656189,83.66026383,0.3624039724,0.6746247363,0,0,0
co_independent_only,5,1,0,-0.007039974717,0.9994083952,0.2668767912,3,0.05801939305,3.324266351,0.3059391657,24.25103506,20.92676871,0,0,0,0
co_independent_only,5,1,1,-0.06378670098,0.9825181207,0.01093197731,3,0.05801939305,3.324266351,0.3059391657,24.25103506,20.92676871,0,0,0,0
co_independent_only,5,2,0,0.09709687147,0.9790048247,0.2436816581,3,1.478246622,84.69729254,0.5406907208,84.33190025,0.3653922809,0,0,0,0
co_independent_only,5,2,1,0.1332734339,0.9783568095,0.0150861345,3,1.478246622,84.69729254,0.5406907208,84.33190025,0.3653922809,0,0,0,0
star_plus_co_independent,5,1,0,0.106721753,0.9743177352,0.6885096205,3,0.7097397875,40.66509438,0.1709788431,61.70288498,21.0377906,37.34082803,0,0,0
star_plus_co_independent,5,1,1,0.1099648723,0.9716669389,0.01660507061,3,0.7097397875,40.66509438,0.1709788431,61.70288498,21.0377906,37.34082803,0,0,0
star_plus_co_independent,5,2,0,0.1159994548,0.5055362941,0.1113929408,4,1.466472199,84.0226678,0.5935656189,83.66026383,0.3624039724,0.6746247363,0,0,0
star_plus_co_independent,5,2,1,0.05650493484,0.9330864337,0.00682456731,4,1.466472199,84.0226678,0.5935656189,83.66026383,0.3624039724,0.6746247363,0,0,0
star_co_plus_hi_ctl49,5,1,0,0.1078901572,0.9743177352,0.6885096205,3,0.7097397875,40.66509438,0.1709788431,61.70288498,21.0377906,37.34082803,0,0,0
star_co_plus_hi_ctl49,5,1,1,0.1026141446,0.9716669389,0.01660507061,3,0.7097397875,40.66509438,0.1709788431,61.70288498,21.0377906,37.34082803,0,0,0
star_co_plus_hi_ctl49,5,2,0,0.1168298746,0.5055362941,0.1113929408,4,1.466472199,84.0226678,0.5935656189,83.66026383,0.3624039724,0.6746247363,0,0,0
star_co_plus_hi_ctl49,5,2,1,0.05897730121,0.9330864337,0.00682456731,4,1.466472199,84.0226678,0.5935656189,83.66026383,0.3624039724,0.6746247363,0,0,0
star_only,6,1,0,0.02205964949,0.999999801,0.2447327207,3,0.1036561739,5.939061286,0.2443609484,30.75197193,24.81291064,2.614794935,0.01081388731,0,0
star_only,6,1,1,0.03808682559,0.9932956804,0.01109529419,3,0.1036561739,5.939061286,0.2443609484,30.75197193,24.81291064,2.614794935,0.01081388731,0,0
star_only,6,2,0,0.1129297795,0.9516946582,0.1889642198,4,1.466400789,84.0185763,0.512360717,83.26773736,0.7508389429,0.678716231,0.01081388731,0,0
star_only,6,2,1,0.1448190879,0.9796234468,0.01274007397,4,1.466400789,84.0185763,0.512360717,83.26773736,0.7508389429,0.678716231,0.01081388731,0,0
co_independent_only,6,1,0,-0.004254596262,0.9994083952,0.2668767912,3,0.05801939305,3.324266351,0.3059391657,24.25103506,20.92676871,0,0,0.007398975526,0
co_independent_only,6,1,1,-0.06292011651,0.9825181207,0.01093197731,3,0.05801939305,3.324266351,0.3059391657,24.25103506,20.92676871,0,0,0.007398975526,0
co_independent_only,6,2,0,0.09662685743,0.9790048247,0.2436816581,3,1.478246622,84.69729254,0.5406907208,84.33190025,0.3653922809,0,0,0.007398975526,0
co_independent_only,6,2,1,0.1382529576,0.9783568095,0.0150861345,3,1.478246622,84.69729254,0.5406907208,84.33190025,0.3653922809,0,0,0.007398975526,0
star_plus_co_independent,6,1,0,0.02117373996,0.999999801,0.2447327207,3,0.1036561739,5.939061286,0.2443609484,30.75197193,24.81291064,2.614794935,0.01081388731,0.007398975526,0
star_plus_co_independent,6,1,1,0.03379254973,0.9932956804,0.01109529419,3,0.1036561739,5.939061286,0.2443609484,30.75197193,24.81291064,2.614794935,0.01081388731,0.007398975526,0
star_plus_co_independent,6,2,0,0.1066060961,0.9516946582,0.1889642198,4,1.466400789,84.0185763,0.512360717,83.26773736,0.7508389429,0.678716231,0.01081388731,0.007398975526,0
star_plus_co_independent,6,2,1,0.1419379912,0.9796234468,0.01274007397,4,1.466400789,84.0185763,0.512360717,83.26773736,0.7508389429,0.678716231,0.01081388731,0.007398975526,0
star_co_plus_hi_ctl49,6,1,0,0.008532228571,0.999999801,0.2447327207,3,0.1036561739,5.939061286,0.2443609484,30.75197193,24.81291064,2.614794935,0.01081388731,0.007398975526,0
star_co_plus_hi_ctl49,6,1,1,0.02920456739,0.9932956804,0.01109529419,3,0.1036561739,5.939061286,0.2443609484,30.75197193,24.81291064,2.614794935,0.01081388731,0.007398975526,0
star_co_plus_hi_ctl49,6,2,0,0.1116200294,0.9516946582,0.1889642198,4,1.466400789,84.0185763,0.512360717,83.26773736,0.7508389429,0.678716231,0.01081388731,0.007398975526,0
star_co_plus_hi_ctl49,6,2,1,0.1397835445,0.9796234468,0.01274007397,4,1.466400789,84.0185763,0.512360717,83.26773736,0.7508389429,0.678716231,0.01081388731,0.007398975526,0
star_only,7,1,0,0.03767499455,0.9999674616,0.3618108413,3,0.1157285885,6.630759691,0.2816837399,27.96341159,21.3326519,3.306493339,0.02048947069,0,0
star_only,7,1,1,0.1115317257,0.9964144325,0.01233305883,3,0.1157285885,6.630759691,0.2816837399,27.96341159,21.3326519,3.306493339,0.02048947069,0,0
star_only,7,2,0,0.09784984486,0.9027454729,0.2386216617,4,1.452408161,83.21685774,0.5942366511,82.78729783,0.4295599161,1.480434791,0.02048947069,0,0
star_only,7,2,1,0.1451759696,0.9960497621,0.007867229275,4,1.452408161,83.21685774,0.5942366511,82.78729783,0.4295599161,1.480434791,0.02048947069,0,0
co_independent_only,7,1,0,-0.002195760621,0.9994083952,0.2668767912,3,0.05801939305,3.324266351,0.3059391657,24.25103506,20.92676871,0,0,0.001707455891,0
co_independent_only,7,1,1,-0.06420663541,0.9825181207,0.01093197731,3,0.05801939305,3.324266351,0.3059391657,24.25103506,20.92676871,0,0,0.001707455891,0
co_independent_only,7,2,0,0.08612498239,0.9790048247,0.2436816581,3,1.478246622,84.69729254,0.5406907208,84.33190025,0.3653922809,0,0,0.001707455891,0
co_independent_only,7,2,1,0.1340647933,0.9783568095,0.0150861345,3,1.478246622,84.69729254,0.5406907208,84.33190025,0.3653922809,0,0,0.001707455891,0
star_plus_co_independent,7,1,0,0.03778680093,0.9999674616,0.3618108413,3,0.1157285885,6.630759691,0.2816837399,27.96341159,21.3326519,3.306493339,0.02048947069,0.001707455891,0
star_plus_co_independent,7,1,1,0.105912022,0.9964144325,0.01233305883,3,0.1157285885,6.630759691,0.2816837399,27.96341159,21.3326519,3.306493339,0.02048947069,0.001707455891,0
star_plus_co_independent,7,2,0,0.08108283696,0.9027454729,0.2386216617,4,1.452408161,83.21685774,0.5942366511,82.78729783,0.4295599161,1.480434791,0.02048947069,0.001707455891,0
star_plus_co_independent,7,2,1,0.1380036834,0.9960497621,0.007867229275,4,1.452408161,83.21685774,0.5942366511,82.78729783,0.4295599161,1.480434791,0.02048947069,0.001707455891,0
star_co_plus_hi_ctl49,7,1,0,0.04655937705,0.9999674616,0.3618108413,3,0.1157285885,6.630759691,0.2816837399,27.96341159,21.3326519,3.306493339,0.02048947069,0.001707455891,0
star_co_plus_hi_ctl49,7,1,1,0.1016674537,0.9964144325,0.01233305883,3,0.1157285885,6.630759691,0.2816837399,27.96341159,21.3326519,3.306493339,0.02048947069,0.001707455891,0
star_co_plus_hi_ctl49,7,2,0,0.07309753516,0.9027454729,0.2386216617,4,1.452408161,83.21685774,0.5942366511,82.78729783,0.4295599161,1.480434791,0.02048947069,0.001707455891,0
star_co_plus_hi_ctl49,7,2,1,0.132679315,0.9960497621,0.007867229275,4,1.452408161,83.21685774,0.5942366511,82.78729783,0.4295599161,1.480434791,0.02048947069,0.001707455891,0
star_only,8,1,0,0.08343202286,0.9906049065,0.484962252,4,0.3814042372,21.85285308,0.2293697205,44.7555093,22.90265622,18.52858673,0,0,0
star_only,8,1,1,0.1336093095,0.9503111066,0.01639880318,4,0.3814042372,21.85285308,0.2293697205,44.7555093,22.90265622,18.52858673,0,0,0
star_only,8,2,0,0.1119783715,0.7589527605,0.1797649934,4,1.453312281,83.26866,0.5447635009,82.86203707,0.406622933,1.428632533,0,0,0
star_only,8,2,1,0.1569523421,0.982116639,0.007227299172,4,1.453312281,83.26866,0.5447635009,82.86203707,0.406622933,1.428632533,0,0,0
co_independent_only,8,1,0,-0.02121863996,0.9994083952,0.2668767912,3,0.05801939305,3.324266351,0.3059391657,24.25103506,20.92676871,0,0,0,0
co_independent_only,8,1,1,-0.07112095873,0.9825181207,0.01093197731,3,0.05801939305,3.324266351,0.3059391657,24.25103506,20.92676871,0,0,0,0
co_independent_only,8,2,0,0.1184418184,0.9790048247,0.2436816581,3,1.478246622,84.69729254,0.5406907208,84.33190025,0.3653922809,0,0,0,0
co_independent_only,8,2,1,0.144544547,0.9783568095,0.0150861345,3,1.478246622,84.69729254,0.5406907208,84.33190025,0.3653922809,0,0,0,0
star_plus_co_independent,8,1,0,0.08318472907,0.9906049065,0.484962252,4,0.3814042372,21.85285308,0.2293697205,44.7555093,22.90265622,18.52858673,0,0,0
star_plus_co_independent,8,1,1,0.1376771741,0.9503111066,0.01639880318,4,0.3814042372,21.85285308,0.2293697205,44.7555093,22.90265622,18.52858673,0,0,0
star_plus_co_independent,8,2,0,0.1257072489,0.7589527605,0.1797649934,4,1.453312281,83.26866,0.5447635009,82.86203707,0.406622933,1.428632533,0,0,0
star_plus_co_independent,8,2,1,0.1636425873,0.982116639,0.007227299172,4,1.453312281,83.26866,0.5447635009,82.86203707,0.406622933,1.428632533,0,0,0
star_co_plus_hi_ctl49,8,1,0,0.090070172,0.9906049065,0.484962252,4,0.3814042372,21.85285308,0.2293697205,44.7555093,22.90265622,18.52858673,0,0,0
star_co_plus_hi_ctl49,8,1,1,0.1381462632,0.9503111066,0.01639880318,4,0.3814042372,21.85285308,0.2293697205,44.7555093,22.90265622,18.52858673,0,0,0
star_co_plus_hi_ctl49,8,2,0,0.1120768393,0.7589527605,0.1797649934,4,1.453312281,83.26866,0.5447635009,82.86203707,0.406622933,1.428632533,0,0,0
star_co_plus_hi_ctl49,8,2,1,0.1498472258,0.982116639,0.007227299172,4,1.453312281,83.26866,0.5447635009,82.86203707,0.406622933,1.428632533,0,0,0
star_only,9,1,0,0.03304151399,0.9985581988,0.2230470688,3,0.08571393112,4.911046498,0.2220191235,33.37356632,28.46251983,1.586780147,0.004553215709,0,0
star_only,9,1,1,0.0856253365,0.9682251446,0.01078034089,3,0.08571393112,4.911046498,0.2220191235,33.37356632,28.46251983,1.586780147,0.004553215709,0,0
star_only,9,2,0,0.09952843344,0.8931030062,0.1172710635,3,1.481229385,84.86819225,0.5554583142,84.28762816,0.5805640901,0.1708997162,0.004553215709,0,0
star_only,9,2,1,0.09513430532,0.8384338167,0.006048982521,3,1.481229385,84.86819225,0.5554583142,84.28762816,0.5805640901,0.1708997162,0.004553215709,0,0
co_independent_only,9,1,0,-0.0191284084,0.9994083952,0.2668767912,3,0.05801939305,3.324266351,0.3059391657,24.25103506,20.92676871,0,0,0,0
co_independent_only,9,1,1,-0.07937717753,0.9825181207,0.01093197731,3,0.05801939305,3.324266351,0.3059391657,24.25103506,20.92676871,0,0,0,0
co_independent_only,9,2,0,0.1115735981,0.9790048247,0.2436816581,3,1.478246622,84.69729254,0.5406907208,84.33190025,0.3653922809,0,0,0,0
co_independent_only,9,2,1,0.1440676702,0.9783568095,0.0150861345,3,1.478246622,84.69729254,0.5406907208,84.33190025,0.3653922809,0,0,0,0
star_plus_co_independent,9,1,0,0.02313077679,0.9985581988,0.2230470688,3,0.08571393112,4.911046498,0.2220191235,33.37356632,28.46251983,1.586780147,0.004553215709,0,0
star_plus_co_independent,9,1,1,0.076369173,0.9682251446,0.01078034089,3,0.08571393112,4.911046498,0.2220191235,33.37356632,28.46251983,1.586780147,0.004553215709,0,0
star_plus_co_independent,9,2,0,0.1089608778,0.8931030062,0.1172710635,3,1.481229385,84.86819225,0.5554583142,84.28762816,0.5805640901,0.1708997162,0.004553215709,0,0
star_plus_co_independent,9,2,1,0.1009978013,0.8384338167,0.006048982521,3,1.481229385,84.86819225,0.5554583142,84.28762816,0.5805640901,0.1708997162,0.004553215709,0,0
star_co_plus_hi_ctl49,9,1,0,0.02760297972,0.9985581988,0.2230470688,3,0.08571393112,4.911046498,0.2220191235,33.37356632,28.46251983,1.586780147,0.004553215709,0,0
star_co_plus_hi_ctl49,9,1,1,0.08189055716,0.9682251446,0.01078034089,3,0.08571393112,4.911046498,0.2220191235,33.37356632,28.46251983,1.586780147,0.004553215709,0,0
star_co_plus_hi_ctl49,9,2,0,0.1114620386,0.8931030062,0.1172710635,3,1.481229385,84.86819225,0.5554583142,84.28762816,0.5805640901,0.1708997162,0.004553215709,0,0
star_co_plus_hi_ctl49,9,2,1,0.1042148347,0.8384338167,0.006048982521,3,1.481229385,84.86819225,0.5554583142,84.28762816,0.5805640901,0.1708997162,0.004553215709,0,0
star_only,10,1,0,-0.1235942231,0.9999995389,0.3169966804,4,-0.1873644445,-10.7351919,0.3481191523,7.799275787,18.53446769,14.05945825,0,0,0
star_only,10,1,1,-0.181819055,0.9869017591,0.01641488235,4,-0.1873644445,-10.7351919,0.3481191523,7.799275787,18.53446769,14.05945825,0,0,0
star_only,10,2,0,0.1017766946,0.9989693038,0.2786704239,4,1.452661706,83.23138479,0.5309404452,82.74967082,0.4817139722,1.465907741,0,0,0
star_only,10,2,1,0.1566173134,0.9923072085,0.01721896681,4,1.452661706,83.23138479,0.5309404452,82.74967082,0.4817139722,1.465907741,0,0,0
co_independent_only,10,1,0,-0.004003477737,0.9994083952,0.2668767912,3,0.05801939305,3.324266351,0.3059391657,24.25103506,20.92676871,0,0,0.003414911781,0
co_independent_only,10,1,1,-0.06393956495,0.9825181207,0.01093197731,3,0.05801939305,3.324266351,0.3059391657,24.25103506,20.92676871,0,0,0.003414911781,0
co_independent_only,10,2,0,0.1020147014,0.9790048247,0.2436816581,3,1.478246622,84.69729254,0.5406907208,84.33190025,0.3653922809,0,0,0.003414911781,0
co_independent_only,10,2,1,0.1371473686,0.9783568095,0.0150861345,3,1.478246622,84.69729254,0.5406907208,84.33190025,0.3653922809,0,0,0.003414911781,0
star_plus_co_independent,10,1,0,-0.1274809017,0.9999995389,0.3169966804,4,-0.1873644445,-10.7351919,0.3481191523,7.799275787,18.53446769,14.05945825,0,0.003414911781,0
star_plus_co_independent,10,1,1,-0.1836769308,0.9869017591,0.01641488235,4,-0.1873644445,-10.7351919,0.3481191523,7.799275787,18.53446769,14.05945825,0,0.003414911781,0
star_plus_co_independent,10,2,0,0.1040684002,0.9989693038,0.2786704239,4,1.452661706,83.23138479,0.5309404452,82.74967082,0.4817139722,1.465907741,0,0.003414911781,0
star_plus_co_independent,10,2,1,0.1530299772,0.9923072085,0.01721896681,4,1.452661706,83.23138479,0.5309404452,82.74967082,0.4817139722,1.465907741,0,0.003414911781,0
star_co_plus_hi_ctl49,10,1,0,-0.1338398997,0.9999995389,0.3169966804,4,-0.1873644445,-10.7351919,0.3481191523,7.799275787,18.53446769,14.05945825,0,0.003414911781,0
star_co_plus_hi_ctl49,10,1,1,-0.1851060729,0.9869017591,0.01641488235,4,-0.1873644445,-10.7351919,0.3481191523,7.799275787,18.53446769,14.05945825,0,0.003414911781,0
star_co_plus_hi_ctl49,10,2,0,0.1131025875,0.9989693038,0.2786704239,4,1.452661706,83.23138479,0.5309404452,82.74967082,0.4817139722,1.465907741,0,0.003414911781,0
star_co_plus_hi_ctl49,10,2,1,0.1553677779,0.9923072085,0.01721896681,4,1.452661706,83.23138479,0.5309404452,82.74967082,0.4817139722,1.465907741,0,0.003414911781,0
star_only,11,1,0,-0.05603529924,0.9942730387,0.3857523575,3,-0.03853323908,-2.20779197,0.3969888663,14.23469559,16.44248756,5.532058321,0,0,0
star_only,11,1,1,-0.07587282574,0.9727959288,0.01609761584,3,-0.03853323908,-2.20779197,0.3969888663,14.23469559,16.44248756,5.532058321,0,0,0
star_only,11,2,0,0.1023990784,0.9977043358,0.3706012041,4,1.443864112,82.72731981,0.5314765188,82.89390919,0.1665893743,1.969972722,0,0,0
star_only,11,2,1,0.1320576047,0.9999966806,0.01991492505,4,1.443864112,82.72731981,0.5314765188,82.89390919,0.1665893743,1.969972722,0,0,0
co_independent_only,11,1,0,0.007276414713,0.9994083952,0.2668767912,3,0.05801939305,3.324266351,0.3059391657,24.25103506,20.92676871,0,0,0,0
co_independent_only,11,1,1,-0.06637561826,0.9825181207,0.01093197731,3,0.05801939305,3.324266351,0.3059391657,24.25103506,20.92676871,0,0,0,0
co_independent_only,11,2,0,0.09392801976,0.9790048247,0.2436816581,3,1.478246622,84.69729254,0.5406907208,84.33190025,0.3653922809,0,0,0,0
co_independent_only,11,2,1,0.1388226319,0.9783568095,0.0150861345,3,1.478246622,84.69729254,0.5406907208,84.33190025,0.3653922809,0,0,0,0
star_plus_co_independent,11,1,0,-0.0468348255,0.9942730387,0.3857523575,3,-0.03853323908,-2.20779197,0.3969888663,14.23469559,16.44248756,5.532058321,0,0,0
star_plus_co_independent,11,1,1,-0.07499522968,0.9727959288,0.01609761584,3,-0.03853323908,-2.20779197,0.3969888663,14.23469559,16.44248756,5.532058321,0,0,0
star_plus_co_independent,11,2,0,0.09703337187,0.9977043358,0.3706012041,4,1.443864112,82.72731981,0.5314765188,82.89390919,0.1665893743,1.969972722,0,0,0
star_plus_co_independent,11,2,1,0.1308029548,0.9999966806,0.01991492505,4,1.443864112,82.72731981,0.5314765188,82.89390919,0.1665893743,1.969972722,0,0,0
star_co_plus_hi_ctl49,11,1,0,-0.04178228571,0.9942730387,0.3857523575,3,-0.03853323908,-2.20779197,0.3969888663,14.23469559,16.44248756,5.532058321,0,0,0
star_co_plus_hi_ctl49,11,1,1,-0.07499457423,0.9727959288,0.01609761584,3,-0.03853323908,-2.20779197,0.3969888663,14.23469559,16.44248756,5.532058321,0,0,0
star_co_plus_hi_ctl49,11,2,0,0.1009755641,0.9977043358,0.3706012041,4,1.443864112,82.72731981,0.5314765188,82.89390919,0.1665893743,1.969972722,0,0,0
star_co_plus_hi_ctl49,11,2,1,0.1301764617,0.9999966806,0.01991492505,4,1.443864112,82.72731981,0.5314765188,82.89390919,0.1665893743,1.969972722,0,0,0
star_only,12,1,0,0.007763264453,0.9999513177,0.1609006104,4,0.004959274327,0.2841454884,0.2231956304,31.49466291,31.21051742,3.040120863,0,0,0
star_only,12,1,1,0.09521894506,0.8933323454,0.009190113324,4,0.004959274327,0.2841454884,0.2231956304,31.49466291,31.21051742,3.040120863,0,0,0
star_only,12,2,0,0.1092205632,0.9277436164,0.1436547345,4,1.406796534,80.60350405,0.4974412958,81.34331089,0.7398068437,4.093788487,0,0,0
star_only,12,2,1,0.07791072285,0.9990740371,0.009873641632,4,1.406796534,80.60350405,0.4974412958,81.34331089,0.7398068437,4.093788487,0,0,0
co_independent_only,12,1,0,-0.01414358712,0.9994083952,0.2668767912,3,0.05801939305,3.324266351,0.3059391657,24.25103506,20.92676871,0,0,0.005691519636,0
co_independent_only,12,1,1,-0.06680425115,0.9825181207,0.01093197731,3,0.05801939305,3.324266351,0.3059391657,24.25103506,20.92676871,0,0,0.005691519636,0
co_independent_only,12,2,0,0.1137395157,0.9790048247,0.2436816581,3,1.478246622,84.69729254,0.5406907208,84.33190025,0.3653922809,0,0,0.005691519636,0
co_independent_only,12,2,1,0.1429509703,0.9783568095,0.0150861345,3,1.478246622,84.69729254,0.5406907208,84.33190025,0.3653922809,0,0,0.005691519636,0
star_plus_co_independent,12,1,0,2.852728288e-05,0.9999513177,0.1609006104,4,0.004959274327,0.2841454884,0.2231956304,31.49466291,31.21051742,3.040120863,0,0.005691519636,0
star_plus_co_independent,12,1,1,0.09324616691,0.8933323454,0.009190113324,4,0.004959274327,0.2841454884,0.2231956304,31.49466291,31.21051742,3.040120863,0,0.005691519636,0
star_plus_co_independent,12,2,0,0.1178672079,0.9277436164,0.1436547345,4,1.406796534,80.60350405,0.4974412958,81.34331089,0.7398068437,4.093788487,0,0.005691519636,0
star_plus_co_independent,12,2,1,0.08033461052,0.9990740371,0.009873641632,4,1.406796534,80.60350405,0.4974412958,81.34331089,0.7398068437,4.093788487,0,0.005691519636,0
star_co_plus_hi_ctl49,12,1,0,0.0009102600724,0.9999513177,0.1609006104,4,0.004959274327,0.2841454884,0.2231956304,31.49466291,31.21051742,3.040120863,0,0.005691519636,0
star_co_plus_hi_ctl49,12,1,1,0.1023814171,0.8933323454,0.009190113324,4,0.004959274327,0.2841454884,0.2231956304,31.49466291,31.21051742,3.040120863,0,0.005691519636,0
star_co_plus_hi_ctl49,12,2,0,0.117175936,0.9277436164,0.1436547345,4,1.406796534,80.60350405,0.4974412958,81.34331089,0.7398068437,4.093788487,0,0.005691519636,0
star_co_plus_hi_ctl49,12,2,1,0.08198030214,0.9990740371,0.009873641632,4,1.406796534,80.60350405,0.4974412958,81.34331089,0.7398068437,4.093788487,0,0.005691519636,0
star_only,13,1,0,0.09841009721,0.9892130723,0.7007372851,4,0.4534483606,25.98067729,0.2358500594,46.42606202,20.44538473,22.65641094,0,0,0
star_only,13,1,1,0.07676470828,0.8903560679,0.01976058592,4,0.4534483606,25.98067729,0.2358500594,46.42606202,20.44538473,22.65641094,0,0,0
star_only,13,2,0,0.09923889238,0.7018632159,0.1447307618,3,1.525657297,87.41372408,0.5766658328,86.60476492,0.808959154,2.716431543,0,0,0
star_only,13,2,1,0.2370201129,0.9324321104,0.004679427201,3,1.525657297,87.41372408,0.5766658328,86.60476492,0.808959154,2.716431543,0,0,0
co_independent_only,13,1,0,-0.03080107628,0.9994083952,0.2668767912,3,0.05801939305,3.324266351,0.3059391657,24.25103506,20.92676871,0,0,0,0
co_independent_only,13,1,1,-0.06980978878,0.9825181207,0.01093197731,3,0.05801939305,3.324266351,0.3059391657,24.25103506,20.92676871,0,0,0,0
co_independent_only,13,2,0,0.1138517438,0.9790048247,0.2436816581,3,1.478246622,84.69729254,0.5406907208,84.33190025,0.3653922809,0,0,0,0
co_independent_only,13,2,1,0.1456296923,0.9783568095,0.0150861345,3,1.478246622,84.69729254,0.5406907208,84.33190025,0.3653922809,0,0,0,0
star_plus_co_independent,13,1,0,0.07100351041,0.9892130723,0.7007372851,4,0.4534483606,25.98067729,0.2358500594,46.42606202,20.44538473,22.65641094,0,0,0
star_plus_co_independent,13,1,1,0.06917415896,0.8903560679,0.01976058592,4,0.4534483606,25.98067729,0.2358500594,46.42606202,20.44538473,22.65641094,0,0,0
star_plus_co_independent,13,2,0,0.1117986357,0.7018632159,0.1447307618,3,1.525657297,87.41372408,0.5766658328,86.60476492,0.808959154,2.716431543,0,0,0
star_plus_co_independent,13,2,1,0.245694105,0.9324321104,0.004679427201,3,1.525657297,87.41372408,0.5766658328,86.60476492,0.808959154,2.716431543,0,0,0
star_co_plus_hi_ctl49,13,1,0,0.09855565984,0.9892130723,0.7007372851,4,0.4534483606,25.98067729,0.2358500594,46.42606202,20.44538473,22.65641094,0,0,0
star_co_plus_hi_ctl49,13,1,1,0.0746599122,0.8903560679,0.01976058592,4,0.4534483606,25.98067729,0.2358500594,46.42606202,20.44538473,22.65641094,0,0,0
star_co_plus_hi_ctl49,13,2,0,0.1122660519,0.7018632159,0.1447307618,3,1.525657297,87.41372408,0.5766658328,86.60476492,0.808959154,2.716431543,0,0,0
star_co_plus_hi_ctl49,13,2,1,0.2549167928,0.9324321104,0.004679427201,3,1.525657297,87.41372408,0.5766658328,86.60476492,0.808959154,2.716431543,0,0,0
star_only,14,1,0,-0.1137011243,0.9940127005,0.2801695426,4,-0.1471197613,-8.429341406,0.3175420887,9.245643061,17.67498447,11.75360776,0.01422879909,0,0
star_only,14,1,1,-0.1627207909,0.996476434,0.01180236253,4,-0.1471197613,-8.429341406,0.3175420887,9.245643061,17.67498447,11.75360776,0.01422879909,0,0
star_only,14,2,0,0.1029047557,0.9897728469,0.2778055216,4,1.459956855,83.64936604,0.5208392027,83.21449005,0.4348759902,1.047926492,0.01422879909,0,0
star_only,14,2,1,0.1219835886,0.983693384,0.01729270646,4,1.459956855,83.64936604,0.5208392027,83.21449005,0.4348759902,1.047926492,0.01422879909,0,0
co_independent_only,14,1,0,-0.005079899761,0.9994083952,0.2668767912,3,0.05801939305,3.324266351,0.3059391657,24.25103506,20.92676871,0,0,0,0
co_independent_only,14,1,1,-0.06372251171,0.9825181207,0.01093197731,3,0.05801939305,3.324266351,0.3059391657,24.25103506,20.92676871,0,0,0,0
co_independent_only,14,2,0,0.09900083078,0.9790048247,0.2436816581,3,1.478246622,84.69729254,0.5406907208,84.33190025,0.3653922809,0,0,0,0
co_independent_only,14,2,1,0.1312634606,0.9783568095,0.0150861345,3,1.478246622,84.69729254,0.5406907208,84.33190025,0.3653922809,0,0,0,0
star_plus_co_independent,14,1,0,-0.1113757776,0.9940127005,0.2801695426,4,-0.1471197613,-8.429341406,0.3175420887,9.245643061,17.67498447,11.75360776,0.01422879909,0,0
star_plus_co_independent,14,1,1,-0.1589650355,0.996476434,0.01180236253,4,-0.1471197613,-8.429341406,0.3175420887,9.245643061,17.67498447,11.75360776,0.01422879909,0,0
star_plus_co_independent,14,2,0,0.09819794477,0.9897728469,0.2778055216,4,1.459956855,83.64936604,0.5208392027,83.21449005,0.4348759902,1.047926492,0.01422879909,0,0
star_plus_co_independent,14,2,1,0.11478842,0.983693384,0.01729270646,4,1.459956855,83.64936604,0.5208392027,83.21449005,0.4348759902,1.047926492,0.01422879909,0,0
star_co_plus_hi_ctl49,14,1,0,-0.1312429396,0.9940127005,0.2801695426,4,-0.1471197613,-8.429341406,0.3175420887,9.245643061,17.67498447,11.75360776,0.01422879909,0,0
star_co_plus_hi_ctl49,14,1,1,-0.1775382278,0.996476434,0.01180236253,4,-0.1471197613,-8.429341406,0.3175420887,9.245643061,17.67498447,11.75360776,0.01422879909,0,0
star_co_plus_hi_ctl49,14,2,0,0.1179918905,0.9897728469,0.2778055216,4,1.459956855,83.64936604,0.5208392027,83.21449005,0.4348759902,1.047926492,0.01422879909,0,0
star_co_plus_hi_ctl49,14,2,1,0.1303360927,0.983693384,0.01729270646,4,1.459956855,83.64936604,0.5208392027,83.21449005,0.4348759902,1.047926492,0.01422879909,0,0
star_only,15,1,0,0.06911061548,0.9930396333,0.6907959918,4,0.3719373496,21.31044038,0.3202184049,39.57669288,18.26625251,17.98617403,0,0,0
star_only,15,1,1,0.0843096603,0.8763845744,0.01793128956,4,0.3719373496,21.31044038,0.3202184049,39.57669288,18.26625251,17.98617403,0,0,0
star_only,15,2,0,0.1078112241,0.7864825383,0.2742464564,4,1.419509558,81.33190664,0.5553236256,81.35993032,0.02802368408,3.365385897,0,0,0
star_only,15,2,1,0.1162864873,0.8230119939,0.01133779431,4,1.419509558,81.33190664,0.5553236256,81.35993032,0.02802368408,3.365385897,0,0,0
co_independent_only,15,1,0,-0.00971076199,0.9994083952,0.2668767912,3,0.05801939305,3.324266351,0.3059391657,24.25103506,20.92676871,0,0,0.003414911781,0
co_independent_only,15,1,1,-0.06380729333,0.9825181207,0.01093197731,3,0.05801939305,3.324266351,0.3059391657,24.25103506,20.92676871,0,0,0.003414911781,0
co_independent_only,15,2,0,0.09820129717,0.9790048247,0.2436816581,3,1.478246622,84.69729254,0.5406907208,84.33190025,0.3653922809,0,0,0.003414911781,0
co_independent_only,15,2,1,0.1331732735,0.9783568095,0.0150861345,3,1.478246622,84.69729254,0.5406907208,84.33190025,0.3653922809,0,0,0.003414911781,0
star_plus_co_independent,15,1,0,0.06882626463,0.9930396333,0.6907959918,4,0.3719373496,21.31044038,0.3202184049,39.57669288,18.26625251,17.98617403,0,0.003414911781,0
star_plus_co_independent,15,1,1,0.09324160756,0.8763845744,0.01793128956,4,0.3719373496,21.31044038,0.3202184049,39.57669288,18.26625251,17.98617403,0,0.003414911781,0
star_plus_co_independent,15,2,0,0.100412929,0.7864825383,0.2742464564,4,1.419509558,81.33190664,0.5553236256,81.35993032,0.02802368408,3.365385897,0,0.003414911781,0
star_plus_co_independent,15,2,1,0.1113262426,0.8230119939,0.01133779431,4,1.419509558,81.33190664,0.5553236256,81.35993032,0.02802368408,3.365385897,0,0.003414911781,0
star_co_plus_hi_ctl49,15,1,0,0.07226766057,0.9930396333,0.6907959918,4,0.3719373496,21.31044038,0.3202184049,39.57669288,18.26625251,17.98617403,0,0.003414911781,0
star_co_plus_hi_ctl49,15,1,1,0.09447640759,0.8763845744,0.01793128956,4,0.3719373496,21.31044038,0.3202184049,39.57669288,18.26625251,17.98617403,0,0.003414911781,0
star_co_plus_hi_ctl49,15,2,0,0.1044346398,0.7864825383,0.2742464564,4,1.419509558,81.33190664,0.5553236256,81.35993032,0.02802368408,3.365385897,0,0.003414911781,0
star_co_plus_hi_ctl49,15,2,1,0.1139126159,0.8230119939,0.01133779431,4,1.419509558,81.33190664,0.5553236256,81.35993032,0.02802368408,3.365385897,0,0.003414911781,0
star_only,16,1,0,0.1065603795,0.954350125,0.7799305992,3,0.6814368718,39.04345676,0.289212669,55.26264102,16.21918426,35.71919041,0,0,0
star_only,16,1,1,0.07312973888,0.9934982916,0.01703664789,3,0.6814368718,39.04345676,0.289212669,55.26264102,16.21918426,35.71919041,0,0,0
star_only,16,2,0,0.1231505518,0.5717674968,0.2141477761,4,1.420730684,81.40187202,0.5617521921,81.748697,0.3468249749,3.295420511,0,0,0
star_only,16,2,1,0.1276335973,0.9848526776,0.005907435248,4,1.420730684,81.40187202,0.5617521921,81.748697,0.3468249749,3.295420511,0,0,0
co_independent_only,16,1,0,-0.006881722692,0.9994083952,0.2668767912,3,0.05801939305,3.324266351,0.3059391657,24.25103506,20.92676871,0,0,0.002276607854,0
co_independent_only,16,1,1,-0.07522146195,0.9825181207,0.01093197731,3,0.05801939305,3.324266351,0.3059391657,24.25103506,20.92676871,0,0,0.002276607854,0
co_independent_only,16,2,0,0.1083984345,0.9790048247,0.2436816581,3,1.478246622,84.69729254,0.5406907208,84.33190025,0.3653922809,0,0,0.002276607854,0
co_independent_only,16,2,1,0.14337123,0.9783568095,0.0150861345,3,1.478246622,84.69729254,0.5406907208,84.33190025,0.3653922809,0,0,0.002276607854,0
star_plus_co_independent,16,1,0,0.1127148455,0.954350125,0.7799305992,3,0.6814368718,39.04345676,0.289212669,55.26264102,16.21918426,35.71919041,0,0.002276607854,0
star_plus_co_independent,16,1,1,0.06884561008,0.9934982916,0.01703664789,3,0.6814368718,39.04345676,0.289212669,55.26264102,16.21918426,35.71919041,0,0.002276607854,0
star_plus_co_independent,16,2,0,0.1361231126,0.5717674968,0.2141477761,4,1.420730684,81.40187202,0.5617521921,81.748697,0.3468249749,3.295420511,0,0.002276607854,0
star_plus_co_independent,16,2,1,0.138700204,0.9848526776,0.005907435248,4,1.420730684,81.40187202,0.5617521921,81.748697,0.3468249749,3.295420511,0,0.002276607854,0
star_co_plus_hi_ctl49,16,1,0,0.1210335949,0.954350125,0.7799305992,3,0.6814368718,39.04345676,0.289212669,55.26264102,16.21918426,35.71919041,0,0.002276607854,0
star_co_plus_hi_ctl49,16,1,1,0.0753951727,0.9934982916,0.01703664789,3,0.6814368718,39.04345676,0.289212669,55.26264102,16.21918426,35.71919041,0,0.002276607854,0
star_co_plus_hi_ctl49,16,2,0,0.1387080103,0.5717674968,0.2141477761,4,1.420730684,81.40187202,0.5617521921,81.748697,0.3468249749,3.295420511,0,0.002276607854,0
star_co_plus_hi_ctl49,16,2,1,0.1334189584,0.9848526776,0.005907435248,4,1.420730684,81.40187202,0.5617521921,81.748697,0.3468249749,3.295420511,0,0.002276607854,0
star_only,17,1,0,0.05342492538,0.9932512384,0.5981495433,3,0.3124924514,17.90449859,0.3444259602,34.7091338,16.80463521,14.58023224,0,0,0
star_only,17,1,1,0.0182195797,0.9469684493,0.01499719294,3,0.3124924514,17.90449859,0.3444259602,34.7091338,16.80463521,14.58023224,0,0,0
star_only,17,2,0,0.1134009988,0.8557315014,0.2832729508,3,1.478187683,84.69391556,0.557495917,84.39460457,0.2993109936,0.003376970294,0,0,0
star_only,17,2,1,0.2019088488,0.9996943207,0.01474420449,3,1.478187683,84.69391556,0.557495917,84.39460457,0.2993109936,0.003376970294,0,0,0
co_independent_only,17,1,0,0.006809828578,0.9994083952,0.2668767912,3,0.05801939305,3.324266351,0.3059391657,24.25103506,20.92676871,0,0,0.001138303927,0
co_independent_only,17,1,1,-0.05997559621,0.9825181207,0.01093197731,3,0.05801939305,3.324266351,0.3059391657,24.25103506,20.92676871,0,0,0.001138303927,0
co_independent_only,17,2,0,0.09334432991,0.9790048247,0.2436816581,3,1.478246622,84.69729254,0.5406907208,84.33190025,0.3653922809,0,0,0.001138303927,0
co_independent_only,17,2,1,0.1379823425,0.9783568095,0.0150861345,3,1.478246622,84.69729254,0.5406907208,84.33190025,0.3653922809,0,0,0.001138303927,0
star_plus_co_independent,17,1,0,0.05598962194,0.9932512384,0.5981495433,3,0.3124924514,17.90449859,0.3444259602,34.7091338,16.80463521,14.58023224,0,0.001138303927,0
star_plus_co_independent,17,1,1,0.01415063113,0.9469684493,0.01499719294,3,0.3124924514,17.90449859,0.3444259602,34.7091338,16.80463521,14.58023224,0,0.001138303927,0
star_plus_co_independent,17,2,0,0.1048573255,0.8557315014,0.2832729508,3,1.478187683,84.69391556,0.557495917,84.39460457,0.2993109936,0.003376970294,0,0.001138303927,0
star_plus_co_independent,17,2,1,0.1991325169,0.9996943207,0.01474420449,3,1.478187683,84.69391556,0.557495917,84.39460457,0.2993109936,0.003376970294,0,0.001138303927,0
star_co_plus_hi_ctl49,17,1,0,0.06006209423,0.9932512384,0.5981495433,3,0.3124924514,17.90449859,0.3444259602,34.7091338,16.80463521,14.58023224,0,0.001138303927,0
star_co_plus_hi_ctl49,17,1,1,0.0186260094,0.9469684493,0.01499719294,3,0.3124924514,17.90449859,0.3444259602,34.7091338,16.80463521,14.58023224,0,0.001138303927,0
star_co_plus_hi_ctl49,17,2,0,0.09392023123,0.8557315014,0.2832729508,3,1.478187683,84.69391556,0.557495917,84.39460457,0.2993109936,0.003376970294,0,0.001138303927,0
star_co_plus_hi_ctl49,17,2,1,0.1924865684,0.9996943207,0.01474420449,3,1.478187683,84.69391556,0.557495917,84.39460457,0.2993109936,0.003376970294,0,0.001138303927,0
star_only,18,1,0,0.05178824804,0.9320330824,0.2997059012,3,0.2082138885,11.92977705,0.234479374,36.81651077,24.88673372,8.605510696,0.05236198065,0,0
star_only,18,1,1,-0.09305267383,0.9866382907,0.01227183229,3,0.2082138885,11.92977705,0.234479374,36.81651077,24.88673372,8.605510696,0.05236198065,0,0
star_only,18,2,0,0.111862899,0.9281683262,0.2126691528,3,1.551332539,88.8848071,0.5206540049,87.50213896,1.382668142,4.187514567,0.05236198065,0,0
star_only,18,2,1,0.2484529952,0.9672333086,0.008325800841,3,1.551332539,88.8848071,0.5206540049,87.50213896,1.382668142,4.187514567,0.05236198065,0,0
co_independent_only,18,1,0,-0.006151940464,0.9994083952,0.2668767912,3,0.05801939305,3.324266351,0.3059391657,24.25103506,20.92676871,0,0,0,0
co_independent_only,18,1,1,-0.05518216952,0.9825181207,0.01093197731,3,0.05801939305,3.324266351,0.3059391657,24.25103506,20.92676871,0,0,0,0
co_independent_only,18,2,0,0.0939246894,0.9790048247,0.2436816581,3,1.478246622,84.69729254,0.5406907208,84.33190025,0.3653922809,0,0,0,0
co_independent_only,18,2,1,0.124686564,0.9783568095,0.0150861345,3,1.478246622,84.69729254,0.5406907208,84.33190025,0.3653922809,0,0,0,0
star_plus_co_independent,18,1,0,0.04950007413,0.9320330824,0.2997059012,3,0.2082138885,11.92977705,0.234479374,36.81651077,24.88673372,8.605510696,0.05236198065,0,0
star_plus_co_independent,18,1,1,-0.08097353113,0.9866382907,0.01227183229,3,0.2082138885,11.92977705,0.234479374,36.81651077,24.88673372,8.605510696,0.05236198065,0,0
star_plus_co_independent,18,2,0,0.103443127,0.9281683262,0.2126691528,3,1.551332539,88.8848071,0.5206540049,87.50213896,1.382668142,4.187514567,0.05236198065,0,0
star_plus_co_independent,18,2,1,0.2346819166,0.9672333086,0.008325800841,3,1.551332539,88.8848071,0.5206540049,87.50213896,1.382668142,4.187514567,0.05236198065,0,0
star_co_plus_hi_ctl49,18,1,0,0.0598368913,0.9320330824,0.2997059012,3,0.2082138885,11.92977705,0.234479374,36.81651077,24.88673372,8.605510696,0.05236198065,0,0
star_co_plus_hi_ctl49,18,1,1,-0.08552608575,0.9866382907,0.01227183229,3,0.2082138885,11.92977705,0.234479374,36.81651077,24.88673372,8.605510696,0.05236198065,0,0
star_co_plus_hi_ctl49,18,2,0,0.1173300249,0.9281683262,0.2126691528,3,1.551332539,88.8848071,0.5206540049,87.50213896,1.382668142,4.187514567,0.05236198065,0,0
star_co_plus_hi_ctl49,18,2,1,0.2387707128,0.9672333086,0.008325800841,3,1.551332539,88.8848071,0.5206540049,87.50213896,1.382668142,4.187514567,0.05236198065,0,0
star_only,19,1,0,-0.01877703555,0.9940960374,0.2770435131,3,0.05130340758,2.939468729,0.340239871,18.96362255,16.02415382,0.3847976222,0,0,0
star_only,19,1,1,-0.04385517628,0.9844609986,0.01059239701,3,0.05130340758,2.939468729,0.340239871,18.96362255,16.02415382,0.3847976222,0,0,0
star_only,19,2,0,0.0991280948,0.9996808384,0.2893817171,3,1.490179692,85.38100705,0.5372254424,84.97309215,0.4079148999,0.6837145132,0,0,0
star_only,19,2,1,0.1031381833,0.9861277415,0.01356659448,3,1.490179692,85.38100705,0.5372254424,84.97309215,0.4079148999,0.6837145132,0,0,0
co_independent_only,19,1,0,-0.003324297788,0.9994083952,0.2668767912,3,0.05801939305,3.324266351,0.3059391657,24.25103506,20.92676871,0,0,0.005122367672,0
co_independent_only,19,1,1,-0.0637420025,0.9825181207,0.01093197731,3,0.05801939305,3.324266351,0.3059391657,24.25103506,20.92676871,0,0,0.005122367672,0
co_independent_only,19,2,0,0.1029723642,0.9790048247,0.2436816581,3,1.478246622,84.69729254,0.5406907208,84.33190025,0.3653922809,0,0,0.005122367672,0
co_independent_only,19,2,1,0.1386878822,0.9783568095,0.0150861345,3,1.478246622,84.69729254,0.5406907208,84.33190025,0.3653922809,0,0,0.005122367672,0
star_plus_co_independent,19,1,0,-0.01670205021,0.9940960374,0.2770435131,3,0.05130340758,2.939468729,0.340239871,18.96362255,16.02415382,0.3847976222,0,0.005122367672,0
star_plus_co_independent,19,1,1,-0.04099870531,0.9844609986,0.01059239701,3,0.05130340758,2.939468729,0.340239871,18.96362255,16.02415382,0.3847976222,0,0.005122367672,0
star_plus_co_independent,19,2,0,0.10232879,0.9996808384,0.2893817171,3,1.490179692,85.38100705,0.5372254424,84.97309215,0.4079148999,0.6837145132,0,0.005122367672,0
star_plus_co_independent,19,2,1,0.1040838472,0.9861277415,0.01356659448,3,1.490179692,85.38100705,0.5372254424,84.97309215,0.4079148999,0.6837145132,0,0.005122367672,0
star_co_plus_hi_ctl49,19,1,0,-0.01624232013,0.9940960374,0.2770435131,3,0.05130340758,2.939468729,0.340239871,18.96362255,16.02415382,0.3847976222,0,0.005122367672,0
star_co_plus_hi_ctl49,19,1,1,-0.04447834108,0.9844609986,0.01059239701,3,0.05130340758,2.939468729,0.340239871,18.96362255,16.02415382,0.3847976222,0,0.005122367672,0
star_co_plus_hi_ctl49,19,2,0,0.0999857753,0.9996808384,0.2893817171,3,1.490179692,85.38100705,0.5372254424,84.97309215,0.4079148999,0.6837145132,0,0.005122367672,0
star_co_plus_hi_ctl49,19,2,1,0.1100367855,0.9861277415,0.01356659448,3,1.490179692,85.38100705,0.5372254424,84.97309215,0.4079148999,0.6837145132,0,0.005122367672,0
star_only,20,1,0,0.07350410587,0.9924156652,0.7021687054,4,0.3818570511,21.8787974,0.3387260757,40.47726838,18.59847098,18.55453105,0.01422879909,0,0
star_only,20,1,1,0.05605555004,0.9212896884,0.02133798733,4,0.3818570511,21.8787974,0.3387260757,40.47726838,18.59847098,18.55453105,0.01422879909,0,0
star_only,20,2,0,0.09721895419,0.7652085633,0.2716945083,3,1.511704529,86.61428936,0.5730482634,85.14049995,1.473789411,1.916996825,0.01422879909,0,0
star_only,20,2,1,0.2602904979,0.9990387483,0.01384835639,3,1.511704529,86.61428936,0.5730482634,85.14049995,1.473789411,1.916996825,0.01422879909,0,0
co_independent_only,20,1,0,-0.00300792187,0.9994083952,0.2668767912,3,0.05801939305,3.324266351,0.3059391657,24.25103506,20.92676871,0,0,0.006260671599,0
co_independent_only,20,1,1,-0.06405642574,0.9825181207,0.01093197731,3,0.05801939305,3.324266351,0.3059391657,24.25103506,20.92676871,0,0,0.006260671599,0
co_independent_only,20,2,0,0.0926581357,0.9790048247,0.2436816581,3,1.478246622,84.69729254,0.5406907208,84.33190025,0.3653922809,0,0,0.006260671599,0
co_independent_only,20,2,1,0.1318538119,0.9783568095,0.0150861345,3,1.478246622,84.69729254,0.5406907208,84.33190025,0.3653922809,0,0,0.006260671599,0
star_plus_co_independent,20,1,0,0.07064208805,0.9924156652,0.7021687054,4,0.3818570511,21.8787974,0.3387260757,40.47726838,18.59847098,18.55453105,0.01422879909,0.006260671599,0
star_plus_co_independent,20,1,1,0.05318152275,0.9212896884,0.02133798733,4,0.3818570511,21.8787974,0.3387260757,40.47726838,18.59847098,18.55453105,0.01422879909,0.006260671599,0
star_plus_co_independent,20,2,0,0.08848258911,0.7652085633,0.2716945083,3,1.511704529,86.61428936,0.5730482634,85.14049995,1.473789411,1.916996825,0.01422879909,0.006260671599,0
star_plus_co_independent,20,2,1,0.2524087366,0.9990387483,0.01384835639,3,1.511704529,86.61428936,0.5730482634,85.14049995,1.473789411,1.916996825,0.01422879909,0.006260671599,0
star_co_plus_hi_ctl49,20,1,0,0.08321682549,0.9924156652,0.7021687054,4,0.3818570511,21.8787974,0.3387260757,40.47726838,18.59847098,18.55453105,0.01422879909,0.006260671599,0
star_co_plus_hi_ctl49,20,1,1,0.06293616986,0.9212896884,0.02133798733,4,0.3818570511,21.8787974,0.3387260757,40.47726838,18.59847098,18.55453105,0.01422879909,0.006260671599,0
star_co_plus_hi_ctl49,20,2,0,0.08914845926,0.7652085633,0.2716945083,3,1.511704529,86.61428936,0.5730482634,85.14049995,1.473789411,1.916996825,0.01422879909,0.006260671599,0
star_co_plus_hi_ctl49,20,2,1,0.256807028,0.9990387483,0.01384835639,3,1.511704529,86.61428936,0.5730482634,85.14049995,1.473789411,1.916996825,0.01422879909,0.006260671599,0
star_only,21,1,0,0.00251892286,0.9980344417,0.2139854724,3,0.04351594874,2.493280205,0.2629787865,23.94024026,21.44696005,0.8309861469,0,0,0
star_only,21,1,1,-0.04711756762,0.984931606,0.009326052885,3,0.04351594874,2.493280205,0.2629787865,23.94024026,21.44696005,0.8309861469,0,0,0
star_only,21,2,0,0.1066024887,0.9935017821,0.2079390803,3,1.489706357,85.35388697,0.5721350705,85.41482573,0.06093875812,0.6565944333,0,0,0
star_only,21,2,1,0.09967197905,0.9987689109,0.01133285583,3,1.489706357,85.35388697,0.5721350705,85.41482573,0.06093875812,0.6565944333,0,0,0
co_independent_only,21,1,0,-0.004402353577,0.9994083952,0.2668767912,3,0.05801939305,3.324266351,0.3059391657,24.25103506,20.92676871,0,0,0.009106431417,0
co_independent_only,21,1,1,-0.06621271287,0.9825181207,0.01093197731,3,0.05801939305,3.324266351,0.3059391657,24.25103506,20.92676871,0,0,0.009106431417,0
co_independent_only,21,2,0,0.09639999558,0.9790048247,0.2436816581,3,1.478246622,84.69729254,0.5406907208,84.33190025,0.3653922809,0,0,0.009106431417,0
co_independent_only,21,2,1,0.136890913,0.9783568095,0.0150861345,3,1.478246622,84.69729254,0.5406907208,84.33190025,0.3653922809,0,0,0.009106431417,0
star_plus_co_independent,21,1,0,0.003333566839,0.9980344417,0.2139854724,3,0.04351594874,2.493280205,0.2629787865,23.94024026,21.44696005,0.8309861469,0,0.009106431417,0
star_plus_co_independent,21,1,1,-0.04573883854,0.984931606,0.009326052885,3,0.04351594874,2.493280205,0.2629787865,23.94024026,21.44696005,0.8309861469,0,0.009106431417,0
star_plus_co_independent,21,2,0,0.1016964626,0.9935017821,0.2079390803,3,1.489706357,85.35388697,0.5721350705,85.41482573,0.06093875812,0.6565944333,0,0.009106431417,0
star_plus_co_independent,21,2,1,0.09867134892,0.9987689109,0.01133285583,3,1.489706357,85.35388697,0.5721350705,85.41482573,0.06093875812,0.6565944333,0,0.009106431417,0
star_co_plus_hi_ctl49,21,1,0,0.0003936175175,0.9980344417,0.2139854724,3,0.04351594874,2.493280205,0.2629787865,23.94024026,21.44696005,0.8309861469,0,0.009106431417,0
star_co_plus_hi_ctl49,21,1,1,-0.04778386006,0.984931606,0.009326052885,3,0.04351594874,2.493280205,0.2629787865,23.94024026,21.44696005,0.8309861469,0,0.009106431417,0
star_co_plus_hi_ctl49,21,2,0,0.09863796732,0.9935017821,0.2079390803,3,1.489706357,85.35388697,0.5721350705,85.41482573,0.06093875812,0.6565944333,0,0.009106431417,0
star_co_plus_hi_ctl49,21,2,1,0.1032412129,0.9987689109,0.01133285583,3,1.489706357,85.35388697,0.5721350705,85.41482573,0.06093875812,0.6565944333,0,0.009106431417,0
star_only,22,1,0,-0.09088033564,0.9985586592,0.2975133675,3,-0.01853265648,-1.061843,0.3367692856,19.01641171,20.07825471,4.386109351,0,0,0
star_only,22,1,1,-0.1188404116,0.9760357161,0.01421293234,3,-0.01853265648,-1.061843,0.3367692856,19.01641171,20.07825471,4.386109351,0,0,0
star_only,22,2,0,0.1034656657,0.9974058018,0.3102388693,3,1.49984764,85.93493966,0.5321875217,85.87294924,0.06199042628,1.23764713,0,0,0
star_only,22,2,1,0.1151404766,0.8824785009,0.01414204439,3,1.49984764,85.93493966,0.5321875217,85.87294924,0.06199042628,1.23764713,0,0,0
co_independent_only,22,1,0,-0.01305148264,0.9994083952,0.2668767912,3,0.05801939305,3.324266351,0.3059391657,24.25103506,20.92676871,0,0,0,0
co_independent_only,22,1,1,-0.06209778506,0.9825181207,0.01093197731,3,0.05801939305,3.324266351,0.3059391657,24.25103506,20.92676871,0,0,0,0
co_independent_only,22,2,0,0.1021220302,0.9790048247,0.2436816581,3,1.478246622,84.69729254,0.5406907208,84.33190025,0.3653922809,0,0,0,0
co_independent_only,22,2,1,0.1427698427,0.9783568095,0.0150861345,3,1.478246622,84.69729254,0.5406907208,84.33190025,0.3653922809,0,0,0,0
star_plus_co_independent,22,1,0,-0.08789251306,0.9985586592,0.2975133675,3,-0.01853265648,-1.061843,0.3367692856,19.01641171,20.07825471,4.386109351,0,0,0
star_plus_co_independent,22,1,1,-0.1137993248,0.9760357161,0.01421293234,3,-0.01853265648,-1.061843,0.3367692856,19.01641171,20.07825471,4.386109351,0,0,0
star_plus_co_independent,22,2,0,0.1029798181,0.9974058018,0.3102388693,3,1.49984764,85.93493966,0.5321875217,85.87294924,0.06199042628,1.23764713,0,0,0
star_plus_co_independent,22,2,1,0.1207533565,0.8824785009,0.01414204439,3,1.49984764,85.93493966,0.5321875217,85.87294924,0.06199042628,1.23764713,0,0,0
star_co_plus_hi_ctl49,22,1,0,-0.09510135615,0.9985586592,0.2975133675,3,-0.01853265648,-1.061843,0.3367692856,19.01641171,20.07825471,4.386109351,0,0,0
star_co_plus_hi_ctl49,22,1,1,-0.1192598489,0.9760357161,0.01421293234,3,-0.01853265648,-1.061843,0.3367692856,19.01641171,20.07825471,4.386109351,0,0,0
star_co_plus_hi_ctl49,22,2,0,0.1102150863,0.9974058018,0.3102388693,3,1.49984764,85.93493966,0.5321875217,85.87294924,0.06199042628,1.23764713,0,0,0
star_co_plus_hi_ctl49,22,2,1,0.1261929393,0.8824785009,0.01414204439,3,1.49984764,85.93493966,0.5321875217,85.87294924,0.06199042628,1.23764713,0,0,0
star_only,23,1,0,-0.1227496228,0.9997115093,0.35017408,4,-0.1133437833,-6.494120419,0.3730816811,11.11823521,17.61235563,9.818386771,0,0,0
star_only,23,1,1,-0.180469624,0.9982337495,0.0216814527,4,-0.1133437833,-6.494120419,0.3730816811,11.11823521,17.61235563,9.818386771,0,0,0
star_only,23,2,0,0.09773590765,0.9839658382,0.3186530734,3,1.506338622,86.30684557,0.5058285618,85.90841638,0.398429189,1.609553038,0,0,0
star_only,23,2,1,0.1231078446,0.9078641029,0.01564423983,3,1.506338622,86.30684557,0.5058285618,85.90841638,0.398429189,1.609553038,0,0,0
co_independent_only,23,1,0,-0.0113233305,0.9994083952,0.2668767912,3,0.05801939305,3.324266351,0.3059391657,24.25103506,20.92676871,0,0,0.006260671599,0
co_independent_only,23,1,1,-0.07345502546,0.9825181207,0.01093197731,3,0.05801939305,3.324266351,0.3059391657,24.25103506,20.92676871,0,0,0.006260671599,0
co_independent_only,23,2,0,0.1021848297,0.9790048247,0.2436816581,3,1.478246622,84.69729254,0.5406907208,84.33190025,0.3653922809,0,0,0.006260671599,0
co_independent_only,23,2,1,0.1426393034,0.9783568095,0.0150861345,3,1.478246622,84.69729254,0.5406907208,84.33190025,0.3653922809,0,0,0.006260671599,0
star_plus_co_independent,23,1,0,-0.1195588,0.9997115093,0.35017408,4,-0.1133437833,-6.494120419,0.3730816811,11.11823521,17.61235563,9.818386771,0,0.006260671599,0
star_plus_co_independent,23,1,1,-0.1788805172,0.9982337495,0.0216814527,4,-0.1133437833,-6.494120419,0.3730816811,11.11823521,17.61235563,9.818386771,0,0.006260671599,0
star_plus_co_independent,23,2,0,0.09725543136,0.9839658382,0.3186530734,3,1.506338622,86.30684557,0.5058285618,85.90841638,0.398429189,1.609553038,0,0.006260671599,0
star_plus_co_independent,23,2,1,0.1277566414,0.9078641029,0.01564423983,3,1.506338622,86.30684557,0.5058285618,85.90841638,0.398429189,1.609553038,0,0.006260671599,0
star_co_plus_hi_ctl49,23,1,0,-0.1197869285,0.9997115093,0.35017408,4,-0.1133437833,-6.494120419,0.3730816811,11.11823521,17.61235563,9.818386771,0,0.006260671599,0
star_co_plus_hi_ctl49,23,1,1,-0.1841556703,0.9982337495,0.0216814527,4,-0.1133437833,-6.494120419,0.3730816811,11.11823521,17.61235563,9.818386771,0,0.006260671599,0
star_co_plus_hi_ctl49,23,2,0,0.09790885988,0.9839658382,0.3186530734,3,1.506338622,86.30684557,0.5058285618,85.90841638,0.398429189,1.609553038,0,0.006260671599,0
star_co_plus_hi_ctl49,23,2,1,0.1358835589,0.9078641029,0.01564423983,3,1.506338622,86.30684557,0.5058285618,85.90841638,0.398429189,1.609553038,0,0.006260671599,0
star_only,24,1,0,0.02277005865,0.9873792243,0.290251861,3,0.1383096397,7.924558618,0.2070332891,38.23262582,30.30806721,4.600292267,0.04951622083,0,0
star_only,24,1,1,-0.01720077706,0.9828591397,0.0114807142,3,0.1383096397,7.924558618,0.2070332891,38.23262582,30.30806721,4.600292267,0.04951622083,0,0
star_only,24,2,0,0.09990146738,0.960091644,0.1715795351,3,1.502605167,86.09293433,0.5563131787,85.37281543,0.7201188976,1.395641793,0.04951622083,0,0
star_only,24,2,1,0.1442291953,0.7887445493,0.006730306805,3,1.502605167,86.09293433,0.5563131787,85.37281543,0.7201188976,1.395641793,0.04951622083,0,0
co_independent_only,24,1,0,0.01176919285,0.9994083952,0.2668767912,3,0.05801939305,3.324266351,0.3059391657,24.25103506,20.92676871,0,0,0.008537279454,0
co_independent_only,24,1,1,-0.06342739336,0.9825181207,0.01093197731,3,0.05801939305,3.324266351,0.3059391657,24.25103506,20.92676871,0,0,0.008537279454,0
co_independent_only,24,2,0,0.09427030937,0.9790048247,0.2436816581,3,1.478246622,84.69729254,0.5406907208,84.33190025,0.3653922809,0,0,0.008537279454,0
co_independent_only,24,2,1,0.1392391868,0.9783568095,0.0150861345,3,1.478246622,84.69729254,0.5406907208,84.33190025,0.3653922809,0,0,0.008537279454,0
star_plus_co_independent,24,1,0,0.03276653013,0.9873792243,0.290251861,3,0.1383096397,7.924558618,0.2070332891,38.23262582,30.30806721,4.600292267,0.04951622083,0.008537279454,0
star_plus_co_independent,24,1,1,-0.02396209818,0.9828591397,0.0114807142,3,0.1383096397,7.924558618,0.2070332891,38.23262582,30.30806721,4.600292267,0.04951622083,0.008537279454,0
star_plus_co_independent,24,2,0,0.09395682136,0.960091644,0.1715795351,3,1.502605167,86.09293433,0.5563131787,85.37281543,0.7201188976,1.395641793,0.04951622083,0.008537279454,0
star_plus_co_independent,24,2,1,0.1444288023,0.7887445493,0.006730306805,3,1.502605167,86.09293433,0.5563131787,85.37281543,0.7201188976,1.395641793,0.04951622083,0.008537279454,0
star_co_plus_hi_ctl49,24,1,0,0.02788914455,0.9873792243,0.290251861,3,0.1383096397,7.924558618,0.2070332891,38.23262582,30.30806721,4.600292267,0.04951622083,0.008537279454,0
star_co_plus_hi_ctl49,24,1,1,-0.02158751053,0.9828591397,0.0114807142,3,0.1383096397,7.924558618,0.2070332891,38.23262582,30.30806721,4.600292267,0.04951622083,0.008537279454,0
star_co_plus_hi_ctl49,24,2,0,0.1019716681,0.960091644,0.1715795351,3,1.502605167,86.09293433,0.5563131787,85.37281543,0.7201188976,1.395641793,0.04951622083,0.008537279454,0
star_co_plus_hi_ctl49,24,2,1,0.1525969519,0.7887445493,0.006730306805,3,1.502605167,86.09293433,0.5563131787,85.37281543,0.7201188976,1.395641793,0.04951622083,0.008537279454,0
star_only,25,1,0,-0.08760509741,0.9922580507,0.2998626446,3,-0.07159041062,-4.101828382,0.3893386102,10.76184199,14.86367038,7.426094733,0,0,0
star_only,25,1,1,-0.1358046769,0.951433702,0.01369025267,3,-0.07159041062,-4.101828382,0.3893386102,10.76184199,14.86367038,7.426094733,0,0,0
star_only,25,2,0,0.08760509741,0.9922580507,0.2998626446,3,1.499497651,85.91488677,0.5241231185,85.05145638,0.8634303843,1.217594232,0,0,0
star_only,25,2,1,0.1358046769,0.951433702,0.01369025267,3,1.499497651,85.91488677,0.5241231185,85.05145638,0.8634303843,1.217594232,0,0,0
co_independent_only,25,1,0,-0.01332312778,0.9994083952,0.2668767912,3,0.05801939305,3.324266351,0.3059391657,24.25103506,20.92676871,0,0,0,0
co_independent_only,25,1,1,-0.06340981716,0.9825181207,0.01093197731,3,0.05801939305,3.324266351,0.3059391657,24.25103506,20.92676871,0,0,0,0
co_independent_only,25,2,0,0.1051419713,0.9790048247,0.2436816581,3,1.478246622,84.69729254,0.5406907208,84.33190025,0.3653922809,0,0,0,0
co_independent_only,25,2,1,0.1404496187,0.9783568095,0.0150861345,3,1.478246622,84.69729254,0.5406907208,84.33190025,0.3653922809,0,0,0,0
star_plus_co_independent,25,1,0,-0.09189934018,0.9922580507,0.2998626446,3,-0.07159041062,-4.101828382,0.3893386102,10.76184199,14.86367038,7.426094733,0,0,0
star_plus_co_independent,25,1,1,-0.1397537771,0.951433702,0.01369025267,3,-0.07159041062,-4.101828382,0.3893386102,10.76184199,14.86367038,7.426094733,0,0,0
star_plus_co_independent,25,2,0,0.09189934018,0.9922580507,0.2998626446,3,1.499497651,85.91488677,0.5241231185,85.05145638,0.8634303843,1.217594232,0,0,0
star_plus_co_independent,25,2,1,0.1397537771,0.951433702,0.01369025267,3,1.499497651,85.91488677,0.5241231185,85.05145638,0.8634303843,1.217594232,0,0,0
star_co_plus_hi_ctl49,25,1,0,-0.08374098993,0.9922580507,0.2998626446,3,-0.07159041062,-4.101828382,0.3893386102,10.76184199,14.86367038,7.426094733,0,0,0
star_co_plus_hi_ctl49,25,1,1,-0.1303826532,0.951433702,0.01369025267,3,-0.07159041062,-4.101828382,0.3893386102,10.76184199,14.86367038,7.426094733,0,0,0
star_co_plus_hi_ctl49,25,2,0,0.08374098993,0.9922580507,0.2998626446,3,1.499497651,85.91488677,0.5241231185,85.05145638,0.8634303843,1.217594232,0,0,0
star_co_plus_hi_ctl49,25,2,1,0.1303826532,0.951433702,0.01369025267,3,1.499497651,85.91488677,0.5241231185,85.05145638,0.8634303843,1.217594232,0,0,0
star_only,26,1,0,-0.1222483801,0.9382676845,0.1900547103,3,-0.09673346379,-5.542419213,0.2506031062,24.51994727,30.06236648,8.866685564,0.01479795105,0,0
star_only,26,1,1,-0.09808470319,0.9002238197,0.01315520126,3,-0.09673346379,-5.542419213,0.2506031062,24.51994727,30.06236648,8.866685564,0.01479795105,0,0
star_only,26,2,0,0.1271963702,0.9644175094,0.1981330119,3,1.479661319,84.77834871,0.5227504242,85.02844456,0.2500958484,0.08105617595,0.01479795105,0,0
star_only,26,2,1,0.07957955562,0.8872691963,0.0120383221,3,1.479661319,84.77834871,0.5227504242,85.02844456,0.2500958484,0.08105617595,0.01479795105,0,0
co_independent_only,26,1,0,-0.01172262659,0.9994083952,0.2668767912,3,0.05801939305,3.324266351,0.3059391657,24.25103506,20.92676871,0,0,0,0
co_independent_only,26,1,1,-0.0805377285,0.9825181207,0.01093197731,3,0.05801939305,3.324266351,0.3059391657,24.25103506,20.92676871,0,0,0,0
co_independent_only,26,2,0,0.108187139,0.9790048247,0.2436816581,3,1.478246622,84.69729254,0.5406907208,84.33190025,0.3653922809,0,0,0,0
co_independent_only,26,2,1,0.1499803495,0.9783568095,0.0150861345,3,1.478246622,84.69729254,0.5406907208,84.33190025,0.3653922809,0,0,0,0
star_plus_co_independent,26,1,0,-0.1281354077,0.9382676845,0.1900547103,3,-0.09673346379,-5.542419213,0.2506031062,24.51994727,30.06236648,8.866685564,0.01479795105,0,0
star_plus_co_independent,26,1,1,-0.1085064499,0.9002238197,0.01315520126,3,-0.09673346379,-5.542419213,0.2506031062,24.51994727,30.06236648,8.866685564,0.01479795105,0,0
star_plus_co_independent,26,2,0,0.1333367932,0.9644175094,0.1981330119,3,1.479661319,84.77834871,0.5227504242,85.02844456,0.2500958484,0.08105617595,0.01479795105,0,0
star_plus_co_independent,26,2,1,0.08980277464,0.8872691963,0.0120383221,3,1.479661319,84.77834871,0.5227504242,85.02844456,0.2500958484,0.08105617595,0.01479795105,0,0
star_co_plus_hi_ctl49,26,1,0,-0.1326300645,0.9382676845,0.1900547103,3,-0.09673346379,-5.542419213,0.2506031062,24.51994727,30.06236648,8.866685564,0.01479795105,0,0
star_co_plus_hi_ctl49,26,1,1,-0.1199910274,0.9002238197,0.01315520126,3,-0.09673346379,-5.542419213,0.2506031062,24.51994727,30.06236648,8.866685564,0.01479795105,0,0
star_co_plus_hi_ctl49,26,2,0,0.1376175452,0.9644175094,0.1981330119,3,1.479661319,84.77834871,0.5227504242,85.02844456,0.2500958484,0.08105617595,0.01479795105,0,0
star_co_plus_hi_ctl49,26,2,1,0.1011180042,0.8872691963,0.0120383221,3,1.479661319,84.77834871,0.5227504242,85.02844456,0.2500958484,0.08105617595,0.01479795105,0,0
star_only,27,1,0,-0.1368371416,0.9918571033,0.2426083753,4,-0.1794986485,-10.28451499,0.2142987598,17.86140224,28.14591723,13.60878134,0.02788844622,0,0
star_only,27,1,1,-0.2255203247,0.9803121468,0.0117662647,4,-0.1794986485,-10.28451499,0.2142987598,17.86140224,28.14591723,13.60878134,0.02788844622,0,0
star_only,27,2,0,0.1000567042,0.9923122757,0.1800397905,3,1.470149781,84.23337771,0.5592626479,83.80684495,0.4265327582,0.4639148271,0.02788844622,0,0
star_only,27,2,1,0.1069069068,0.9220951004,0.01289961624,3,1.470149781,84.23337771,0.5592626479,83.80684495,0.4265327582,0.4639148271,0.02788844622,0,0
co_independent_only,27,1,0,-0.01418031775,0.9994083952,0.2668767912,3,0.05801939305,3.324266351,0.3059391657,24.25103506,20.92676871,0,0,0.002276607854,0
co_independent_only,27,1,1,-0.07157097222,0.9825181207,0.01093197731,3,0.05801939305,3.324266351,0.3059391657,24.25103506,20.92676871,0,0,0.002276607854,0
co_independent_only,27,2,0,0.1019430434,0.9790048247,0.2436816581,3,1.478246622,84.69729254,0.5406907208,84.33190025,0.3653922809,0,0,0.002276607854,0
co_independent_only,27,2,1,0.1404772524,0.9783568095,0.0150861345,3,1.478246622,84.69729254,0.5406907208,84.33190025,0.3653922809,0,0,0.002276607854,0
star_plus_co_independent,27,1,0,-0.1302095239,0.9918571033,0.2426083753,4,-0.1794986485,-10.28451499,0.2142987598,17.86140224,28.14591723,13.60878134,0.02788844622,0.002276607854,0
star_plus_co_independent,27,1,1,-0.223241887,0.9803121468,0.0117662647,4,-0.1794986485,-10.28451499,0.2142987598,17.86140224,28.14591723,13.60878134,0.02788844622,0.002276607854,0
star_plus_co_independent,27,2,0,0.1000164087,0.9923122757,0.1800397905,3,1.470149781,84.23337771,0.5592626479,83.80684495,0.4265327582,0.4639148271,0.02788844622,0.002276607854,0
star_plus_co_independent,27,2,1,0.1086169052,0.9220951004,0.01289961624,3,1.470149781,84.23337771,0.5592626479,83.80684495,0.4265327582,0.4639148271,0.02788844622,0.002276607854,0
star_co_plus_hi_ctl49,27,1,0,-0.1285904355,0.9918571033,0.2426083753,4,-0.1794986485,-10.28451499,0.2142987598,17.86140224,28.14591723,13.60878134,0.02788844622,0.002276607854,0
star_co_plus_hi_ctl49,27,1,1,-0.2254685696,0.9803121468,0.0117662647,4,-0.1794986485,-10.28451499,0.2142987598,17.86140224,28.14591723,13.60878134,0.02788844622,0.002276607854,0
star_co_plus_hi_ctl49,27,2,0,0.1001235447,0.9923122757,0.1800397905,3,1.470149781,84.23337771,0.5592626479,83.80684495,0.4265327582,0.4639148271,0.02788844622,0.002276607854,0
star_co_plus_hi_ctl49,27,2,1,0.1116788945,0.9220951004,0.01289961624,3,1.470149781,84.23337771,0.5592626479,83.80684495,0.4265327582,0.4639148271,0.02788844622,0.002276607854,0
star_only,28,1,0,-0.01036246665,0.9969434449,0.3445392427,3,0.04665987648,2.673413995,0.3510219021,17.95210239,15.27868839,0.6508523566,0,0,0
star_only,28,1,1,-0.05630586396,0.9600142841,0.009055662756,3,0.04665987648,2.673413995,0.3510219021,17.95210239,15.27868839,0.6508523566,0,0,0
star_only,28,2,0,0.09707550284,0.9903907335,0.3199042027,3,1.469947902,84.22181091,0.5339100276,83.32057317,0.9012377361,0.4754816287,0,0,0
star_only,28,2,1,0.19295208,0.9984161631,0.01463477868,3,1.469947902,84.22181091,0.5339100276,83.32057317,0.9012377361,0.4754816287,0,0,0
co_independent_only,28,1,0,-0.0134660613,0.9994083952,0.2668767912,3,0.05801939305,3.324266351,0.3059391657,24.25103506,20.92676871,0,0,0.005122367672,0
co_independent_only,28,1,1,-0.07202401972,0.9825181207,0.01093197731,3,0.05801939305,3.324266351,0.3059391657,24.25103506,20.92676871,0,0,0.005122367672,0
co_independent_only,28,2,0,0.1097255216,0.9790048247,0.2436816581,3,1.478246622,84.69729254,0.5406907208,84.33190025,0.3653922809,0,0,0.005122367672,0
co_independent_only,28,2,1,0.145564737,0.9783568095,0.0150861345,3,1.478246622,84.69729254,0.5406907208,84.33190025,0.3653922809,0,0,0.005122367672,0
star_plus_co_independent,28,1,0,-0.01943010779,0.9969434449,0.3445392427,3,0.04665987648,2.673413995,0.3510219021,17.95210239,15.27868839,0.6508523566,0,0.005122367672,0
star_plus_co_independent,28,1,1,-0.06206262273,0.9600142841,0.009055662756,3,0.04665987648,2.673413995,0.3510219021,17.95210239,15.27868839,0.6508523566,0,0.005122367672,0
star_plus_co_independent,28,2,0,0.1045366881,0.9903907335,0.3199042027,3,1.469947902,84.22181091,0.5339100276,83.32057317,0.9012377361,0.4754816287,0,0.005122367672,0
star_plus_co_independent,28,2,1,0.2002984281,0.9984161631,0.01463477868,3,1.469947902,84.22181091,0.5339100276,83.32057317,0.9012377361,0.4754816287,0,0.005122367672,0
star_co_plus_hi_ctl49,28,1,0,-0.03030280814,0.9969434449,0.3445392427,3,0.04665987648,2.673413995,0.3510219021,17.95210239,15.27868839,0.6508523566,0,0.005122367672,0
star_co_plus_hi_ctl49,28,1,1,-0.06865610746,0.9600142841,0.009055662756,3,0.04665987648,2.673413995,0.3510219021,17.95210239,15.27868839,0.6508523566,0,0.005122367672,0
star_co_plus_hi_ctl49,28,2,0,0.1031390367,0.9903907335,0.3199042027,3,1.469947902,84.22181091,0.5339100276,83.32057317,0.9012377361,0.4754816287,0,0.005122367672,0
star_co_plus_hi_ctl49,28,2,1,0.195458355,0.9984161631,0.01463477868,3,1.469947902,84.22181091,0.5339100276,83.32057317,0.9012377361,0.4754816287,0,0.005122367672,0
star_only,29,1,0,0.061759307,0.9860404426,0.7247789068,4,0.3861964483,22.12742655,0.3588333288,38.6736729,16.54624635,18.8031602,0,0,0
star_only,29,1,1,0.04267552842,0.8813518861,0.02074857841,4,0.3861964483,22.12742655,0.3588333288,38.6736729,16.54624635,18.8031602,0,0,0
star_only,29,2,0,0.1032179322,0.7930873139,0.2772891949,4,1.442370242,82.64172739,0.5580841891,82.13409808,0.5076293103,2.055565149,0,0,0
star_only,29,2,1,0.1319707013,0.9138255121,0.01153861929,4,1.442370242,82.64172739,0.5580841891,82.13409808,0.5076293103,2.055565149,0,0,0
co_independent_only,29,1,0,-0.01048439061,0.9994083952,0.2668767912,3,0.05801939305,3.324266351,0.3059391657,24.25103506,20.92676871,0,0,0,0
co_independent_only,29,1,1,-0.06949669753,0.9825181207,0.01093197731,3,0.05801939305,3.324266351,0.3059391657,24.25103506,20.92676871,0,0,0,0
co_independent_only,29,2,0,0.09703393826,0.9790048247,0.2436816581,3,1.478246622,84.69729254,0.5406907208,84.33190025,0.3653922809,0,0,0,0
co_independent_only,29,2,1,0.1400781128,0.9783568095,0.0150861345,3,1.478246622,84.69729254,0.5406907208,84.33190025,0.3653922809,0,0,0,0
star_plus_co_independent,29,1,0,0.05661158536,0.9860404426,0.7247789068,4,0.3861964483,22.12742655,0.3588333288,38.6736729,16.54624635,18.8031602,0,0,0
star_plus_co_independent,29,1,1,0.04091523995,0.8813518861,0.02074857841,4,0.3861964483,22.12742655,0.3588333288,38.6736729,16.54624635,18.8031602,0,0,0
star_plus_co_independent,29,2,0,0.100672804,0.7930873139,0.2772891949,4,1.442370242,82.64172739,0.5580841891,82.13409808,0.5076293103,2.055565149,0,0,0
star_plus_co_independent,29,2,1,0.1297511302,0.9138255121,0.01153861929,4,1.442370242,82.64172739,0.5580841891,82.13409808,0.5076293103,2.055565149,0,0,0
star_co_plus_hi_ctl49,29,1,0,0.05729633792,0.9860404426,0.7247789068,4,0.3861964483,22.12742655,0.3588333288,38.6736729,16.54624635,18.8031602,0,0,0
star_co_plus_hi_ctl49,29,1,1,0.03022306744,0.8813518861,0.02074857841,4,0.3861964483,22.12742655,0.3588333288,38.6736729,16.54624635,18.8031602,0,0,0
star_co_plus_hi_ctl49,29,2,0,0.1037088337,0.7930873139,0.2772891949,4,1.442370242,82.64172739,0.5580841891,82.13409808,0.5076293103,2.055565149,0,0,0
star_co_plus_hi_ctl49,29,2,1,0.1339139523,0.9138255121,0.01153861929,4,1.442370242,82.64172739,0.5580841891,82.13409808,0.5076293103,2.055565149,0,0,0
star_only,30,1,0,-0.1531407127,0.9979389659,0.3050957783,4,-0.2200103491,-12.60566445,0.3492649309,3.446222724,16.05188717,15.9299308,0,0,0
star_only,30,1,1,-0.1900970816,0.9680979784,0.01696005679,4,-0.2200103491,-12.60566445,0.3492649309,3.446222724,16.05188717,15.9299308,0,0,0
star_only,30,2,0,0.1080519744,0.9910528612,0.2722364043,3,1.473303933,84.4140973,0.5089923984,84.16066136,0.2534359428,0.2831952367,0,0,0
star_only,30,2,1,0.1248098227,0.9708328279,0.01989233713,3,1.473303933,84.4140973,0.5089923984,84.16066136,0.2534359428,0.2831952367,0,0,0
co_independent_only,30,1,0,-0.007741406824,0.9994083952,0.2668767912,3,0.05801939305,3.324266351,0.3059391657,24.25103506,20.92676871,0,0,0.001138303927,0
co_independent_only,30,1,1,-0.06015176544,0.9825181207,0.01093197731,3,0.05801939305,3.324266351,0.3059391657,24.25103506,20.92676871,0,0,0.001138303927,0
co_independent_only,30,2,0,0.09728114855,0.9790048247,0.2436816581,3,1.478246622,84.69729254,0.5406907208,84.33190025,0.3653922809,0,0,0.001138303927,0
co_independent_only,30,2,1,0.1333361769,0.9783568095,0.0150861345,3,1.478246622,84.69729254,0.5406907208,84.33190025,0.3653922809,0,0,0.001138303927,0
star_plus_co_independent,30,1,0,-0.1588715177,0.9979389659,0.3050957783,4,-0.2200103491,-12.60566445,0.3492649309,3.446222724,16.05188717,15.9299308,0,0.001138303927,0
star_plus_co_independent,30,1,1,-0.1906039218,0.9680979784,0.01696005679,4,-0.2200103491,-12.60566445,0.3492649309,3.446222724,16.05188717,15.9299308,0,0.001138303927,0
star_plus_co_independent,30,2,0,0.102777797,0.9910528612,0.2722364043,3,1.473303933,84.4140973,0.5089923984,84.16066136,0.2534359428,0.2831952367,0,0.001138303927,0
star_plus_co_independent,30,2,1,0.1190553666,0.9708328279,0.01989233713,3,1.473303933,84.4140973,0.5089923984,84.16066136,0.2534359428,0.2831952367,0,0.001138303927,0
star_co_plus_hi_ctl49,30,1,0,-0.166420456,0.9979389659,0.3050957783,4,-0.2200103491,-12.60566445,0.3492649309,3.446222724,16.05188717,15.9299308,0,0.001138303927,0
star_co_plus_hi_ctl49,30,1,1,-0.1957145739,0.9680979784,0.01696005679,4,-0.2200103491,-12.60566445,0.3492649309,3.446222724,16.05188717,15.9299308,0,0.001138303927,0
star_co_plus_hi_ctl49,30,2,0,0.1146201725,0.9910528612,0.2722364043,3,1.473303933,84.4140973,0.5089923984,84.16066136,0.2534359428,0.2831952367,0,0.001138303927,0
star_co_plus_hi_ctl49,30,2,1,0.1291305357,0.9708328279,0.01989233713,3,1.473303933,84.4140973,0.5089923984,84.16066136,0.2534359428,0.2831952367,0,0.001138303927,0
star_only,31,1,0,-0.01697694752,0.9900087868,0.3936404075,3,0.07098166107,4.066949602,0.4030087946,20.12647933,16.05952973,0.7426832506,0,0,0
star_only,31,1,1,-0.03613393535,0.9974033945,0.01689567955,3,0.07098166107,4.066949602,0.4030087946,20.12647933,16.05952973,0.7426832506,0,0,0
star_only,31,2,0,0.1102686592,0.97323811,0.3514272782,4,1.460924607,83.70481414,0.5112935276,83.57107167,0.1337424741,0.9924783908,0,0,0
star_only,31,2,1,0.1347889121,0.9677135717,0.01524679154,4,1.460924607,83.70481414,0.5112935276,83.57107167,0.1337424741,0.9924783908,0,0,0
co_independent_only,31,1,0,0.005701882479,0.9994083952,0.2668767912,3,0.05801939305,3.324266351,0.3059391657,24.25103506,20.92676871,0,0,0,0
co_independent_only,31,1,1,-0.06190067775,0.9825181207,0.01093197731,3,0.05801939305,3.324266351,0.3059391657,24.25103506,20.92676871,0,0,0,0
co_independent_only,31,2,0,0.09034649112,0.9790048247,0.2436816581,3,1.478246622,84.69729254,0.5406907208,84.33190025,0.3653922809,0,0,0,0
co_independent_only,31,2,1,0.1318814491,0.9783568095,0.0150861345,3,1.478246622,84.69729254,0.5406907208,84.33190025,0.3653922809,0,0,0,0
star_plus_co_independent,31,1,0,-0.007116524239,0.9900087868,0.3936404075,3,0.07098166107,4.066949602,0.4030087946,20.12647933,16.05952973,0.7426832506,0,0,0
star_plus_co_independent,31,1,1,-0.03558866971,0.9974033945,0.01689567955,3,0.07098166107,4.066949602,0.4030087946,20.12647933,16.05952973,0.7426832506,0,0,0
star_plus_co_independent,31,2,0,0.09641618433,0.97323811,0.3514272782,4,1.460924607,83.70481414,0.5112935276,83.57107167,0.1337424741,0.9924783908,0,0,0
star_plus_co_independent,31,2,1,0.123957534,0.9677135717,0.01524679154,4,1.460924607,83.70481414,0.5112935276,83.57107167,0.1337424741,0.9924783908,0,0,0
star_co_plus_hi_ctl49,31,1,0,0.002266851853,0.9900087868,0.3936404075,3,0.07098166107,4.066949602,0.4030087946,20.12647933,16.05952973,0.7426832506,0,0,0
star_co_plus_hi_ctl49,31,1,1,-0.03139972834,0.9974033945,0.01689567955,3,0.07098166107,4.066949602,0.4030087946,20.12647933,16.05952973,0.7426832506,0,0,0
star_co_plus_hi_ctl49,31,2,0,0.09850543427,0.97323811,0.3514272782,4,1.460924607,83.70481414,0.5112935276,83.57107167,0.1337424741,0.9924783908,0,0,0
star_co_plus_hi_ctl49,31,2,1,0.1237771382,0.9677135717,0.01524679154,4,1.460924607,83.70481414,0.5112935276,83.57107167,0.1337424741,0.9924783908,0,0,0
star_only,32,1,0,-0.01915470157,0.9999958562,0.2588092377,3,0.06345115896,3.635483614,0.313338416,23.13709465,19.50161104,0.3112172621,0,0,0
star_only,32,1,1,-0.1106942089,0.9714750699,0.008841867998,3,0.06345115896,3.635483614,0.313338416,23.13709465,19.50161104,0.3112172621,0,0,0
star_only,32,2,0,0.08855778006,0.9999545511,0.2599266733,3,1.49716466,85.78121624,0.5121740985,84.87816409,0.9030521468,1.083923704,0,0,0
star_only,32,2,1,0.1299108965,0.9192021925,0.009667580182,3,1.49716466,85.78121624,0.5121740985,84.87816409,0.9030521468,1.083923704,0,0,0
co_independent_only,32,1,0,-0.004598036543,0.9994083952,0.2668767912,3,0.05801939305,3.324266351,0.3059391657,24.25103506,20.92676871,0,0,0,0
co_independent_only,32,1,1,-0.06495195732,0.9825181207,0.01093197731,3,0.05801939305,3.324266351,0.3059391657,24.25103506,20.92676871,0,0,0,0
co_independent_only,32,2,0,0.1054391123,0.9790048247,0.2436816581,3,1.478246622,84.69729254,0.5406907208,84.33190025,0.3653922809,0,0,0,0
co_independent_only,32,2,1,0.1367558777,0.9783568095,0.0150861345,3,1.478246622,84.69729254,0.5406907208,84.33190025,0.3653922809,0,0,0,0
star_plus_co_independent,32,1,0,-0.01837783627,0.9999958562,0.2588092377,3,0.06345115896,3.635483614,0.313338416,23.13709465,19.50161104,0.3112172621,0,0,0
star_plus_co_independent,32,1,1,-0.1078881437,0.9714750699,0.008841867998,3,0.06345115896,3.635483614,0.313338416,23.13709465,19.50161104,0.3112172621,0,0,0
star_plus_co_independent,32,2,0,0.09133284053,0.9999545511,0.2599266733,3,1.49716466,85.78121624,0.5121740985,84.87816409,0.9030521468,1.083923704,0,0,0
star_plus_co_independent,32,2,1,0.1285598521,0.9192021925,0.009667580182,3,1.49716466,85.78121624,0.5121740985,84.87816409,0.9030521468,1.083923704,0,0,0
star_co_plus_hi_ctl49,32,1,0,-0.01151008176,0.9999958562,0.2588092377,3,0.06345115896,3.635483614,0.313338416,23.13709465,19.50161104,0.3112172621,0,0,0
star_co_plus_hi_ctl49,32,1,1,-0.09268409599,0.9714750699,0.008841867998,3,0.06345115896,3.635483614,0.313338416,23.13709465,19.50161104,0.3112172621,0,0,0
star_co_plus_hi_ctl49,32,2,0,0.07950584648,0.9999545511,0.2599266733,3,1.49716466,85.78121624,0.5121740985,84.87816409,0.9030521468,1.083923704,0,0,0
star_co_plus_hi_ctl49,32,2,1,0.1153164517,0.9192021925,0.009667580182,3,1.49716466,85.78121624,0.5121740985,84.87816409,0.9030521468,1.083923704,0,0,0
star_only,33,1,0,0.01658094617,0.9918409529,0.2908449436,3,0.1508158519,8.641111799,0.3138477205,31.28707408,22.64596228,5.316845448,0.01821286283,0,0
star_only,33,1,1,-0.02506994306,0.9994958839,0.01263573316,3,0.1508158519,8.641111799,0.3138477205,31.28707408,22.64596228,5.316845448,0.01821286283,0,0
star_only,33,2,0,0.1016864081,0.9418103696,0.2437184999,3,1.50491446,86.22524707,0.5354244736,85.34981308,0.8754339883,1.527954531,0.01821286283,0,0
star_only,33,2,1,0.2011769123,0.9337639291,0.01025325401,3,1.50491446,86.22524707,0.5354244736,85.34981308,0.8754339883,1.527954531,0.01821286283,0,0
co_independent_only,33,1,0,-0.02248430589,0.9994083952,0.2668767912,3,0.05801939305,3.324266351,0.3059391657,24.25103506,20.92676871,0,0,0,0
co_independent_only,33,1,1,-0.07720452351,0.9825181207,0.01093197731,3,0.05801939305,3.324266351,0.3059391657,24.25103506,20.92676871,0,0,0,0
co_independent_only,33,2,0,0.1105046698,0.9790048247,0.2436816581,3,1.478246622,84.69729254,0.5406907208,84.33190025,0.3653922809,0,0,0,0
co_independent_only,33,2,1,0.1446596008,0.9783568095,0.0150861345,3,1.478246622,84.69729254,0.5406907208,84.33190025,0.3653922809,0,0,0,0
star_plus_co_independent,33,1,0,0.00122295212,0.9918409529,0.2908449436,3,0.1508158519,8.641111799,0.3138477205,31.28707408,22.64596228,5.316845448,0.01821286283,0,0
star_plus_co_independent,33,1,1,-0.03038207055,0.9994958839,0.01263573316,3,0.1508158519,8.641111799,0.3138477205,31.28707408,22.64596228,5.316845448,0.01821286283,0,0
star_plus_co_independent,33,2,0,0.1086699949,0.9418103696,0.2437184999,3,1.50491446,86.22524707,0.5354244736,85.34981308,0.8754339883,1.527954531,0.01821286283,0,0
star_plus_co_independent,33,2,1,0.2078733605,0.9337639291,0.01025325401,3,1.50491446,86.22524707,0.5354244736,85.34981308,0.8754339883,1.527954531,0.01821286283,0,0
star_co_plus_hi_ctl49,33,1,0,-0.006887565566,0.9918409529,0.2908449436,3,0.1508158519,8.641111799,0.3138477205,31.28707408,22.64596228,5.316845448,0.01821286283,0,0
star_co_plus_hi_ctl49,33,1,1,-0.03893832179,0.9994958839,0.01263573316,3,0.1508158519,8.641111799,0.3138477205,31.28707408,22.64596228,5.316845448,0.01821286283,0,0
star_co_plus_hi_ctl49,33,2,0,0.119933146,0.9418103696,0.2437184999,3,1.50491446,86.22524707,0.5354244736,85.34981308,0.8754339883,1.527954531,0.01821286283,0,0
star_co_plus_hi_ctl49,33,2,1,0.225132539,0.9337639291,0.01025325401,3,1.50491446,86.22524707,0.5354244736,85.34981308,0.8754339883,1.527954531,0.01821286283,0,0
star_only,34,1,0,0.03567485095,0.9939042619,0.2951487374,3,0.1399804104,8.020286732,0.2898398134,28.6490219,20.62873516,4.696020381,0.03301081389,0,0
star_only,34,1,1,0.05797536506,0.9369161988,0.01233592363,3,0.1399804104,8.020286732,0.2898398134,28.6490219,20.62873516,4.696020381,0.03301081389,0,0
star_only,34,2,0,0.09241299913,0.98092989,0.2041565284,3,1.492856409,85.53437165,0.546363787,84.98804387,0.5463277872,0.8370791176,0.03301081389,0,0
star_only,34,2,1,0.1403900349,0.9746292601,0.01106234726,3,1.492856409,85.53437165,0.546363787,84.98804387,0.5463277872,0.8370791176,0.03301081389,0,0
co_independent_only,34,1,0,0.003939632447,0.9994083952,0.2668767912,3,0.05801939305,3.324266351,0.3059391657,24.25103506,20.92676871,0,0,0.001707455891,0
co_independent_only,34,1,1,-0.06236382476,0.9825181207,0.01093197731,3,0.05801939305,3.324266351,0.3059391657,24.25103506,20.92676871,0,0,0.001707455891,0
co_independent_only,34,2,0,0.09867143479,0.9790048247,0.2436816581,3,1.478246622,84.69729254,0.5406907208,84.33190025,0.3653922809,0,0,0.001707455891,0
co_independent_only,34,2,1,0.138321153,0.9783568095,0.0150861345,3,1.478246622,84.69729254,0.5406907208,84.33190025,0.3653922809,0,0,0.001707455891,0
star_plus_co_independent,34,1,0,0.04696879136,0.9939042619,0.2951487374,3,0.1399804104,8.020286732,0.2898398134,28.6490219,20.62873516,4.696020381,0.03301081389,0.001707455891,0
star_plus_co_independent,34,1,1,0.06593610935,0.9369161988,0.01233592363,3,0.1399804104,8.020286732,0.2898398134,28.6490219,20.62873516,4.696020381,0.03301081389,0.001707455891,0
star_plus_co_independent,34,2,0,0.09112194173,0.98092989,0.2041565284,3,1.492856409,85.53437165,0.546363787,84.98804387,0.5463277872,0.8370791176,0.03301081389,0.001707455891,0
star_plus_co_independent,34,2,1,0.1409423198,0.9746292601,0.01106234726,3,1.492856409,85.53437165,0.546363787,84.98804387,0.5463277872,0.8370791176,0.03301081389,0.001707455891,0
star_co_plus_hi_ctl49,34,1,0,0.05372835593,0.9939042619,0.2951487374,3,0.1399804104,8.020286732,0.2898398134,28.6490219,20.62873516,4.696020381,0.03301081389,0.001707455891,0
star_co_plus_hi_ctl49,34,1,1,0.07357430964,0.9369161988,0.01233592363,3,0.1399804104,8.020286732,0.2898398134,28.6490219,20.62873516,4.696020381,0.03301081389,0.001707455891,0
star_co_plus_hi_ctl49,34,2,0,0.0735453512,0.98092989,0.2041565284,3,1.492856409,85.53437165,0.546363787,84.98804387,0.5463277872,0.8370791176,0.03301081389,0.001707455891,0
star_co_plus_hi_ctl49,34,2,1,0.1294873824,0.9746292601,0.01106234726,3,1.492856409,85.53437165,0.546363787,84.98804387,0.5463277872,0.8370791176,0.03301081389,0.001707455891,0
star_only,35,1,0,0.02537303917,0.994833257,0.2784882151,4,0.02832890498,1.623126694,0.2998604613,24.48839092,22.86526423,1.701139658,0.00796812749,0,0
star_only,35,1,1,-0.01826873409,0.9416324329,0.009955974337,4,0.02832890498,1.623126694,0.2998604613,24.48839092,22.86526423,1.701139658,0.00796812749,0,0
star_only,35,2,0,0.09637163776,0.968191779,0.2291744907,4,1.443594704,82.71188387,0.5261185356,82.38012347,0.3317603916,1.985408669,0.00796812749,0,0
star_only,35,2,1,0.1386984666,0.9906051466,0.01132410894,4,1.443594704,82.71188387,0.5261185356,82.38012347,0.3317603916,1.985408669,0.00796812749,0,0
co_independent_only,35,1,0,-0.01154910157,0.9994083952,0.2668767912,3,0.05801939305,3.324266351,0.3059391657,24.25103506,20.92676871,0,0,0.006829823563,0
co_independent_only,35,1,1,-0.07056049583,0.9825181207,0.01093197731,3,0.05801939305,3.324266351,0.3059391657,24.25103506,20.92676871,0,0,0.006829823563,0
co_independent_only,35,2,0,0.103414899,0.9790048247,0.2436816581,3,1.478246622,84.69729254,0.5406907208,84.33190025,0.3653922809,0,0,0.006829823563,0
co_independent_only,35,2,1,0.1401520071,0.9783568095,0.0150861345,3,1.478246622,84.69729254,0.5406907208,84.33190025,0.3653922809,0,0,0.006829823563,0
star_plus_co_independent,35,1,0,0.01888700406,0.994833257,0.2784882151,4,0.02832890498,1.623126694,0.2998604613,24.48839092,22.86526423,1.701139658,0.00796812749,0.006829823563,0
star_plus_co_independent,35,1,1,-0.02283110778,0.9416324329,0.009955974337,4,0.02832890498,1.623126694,0.2998604613,24.48839092,22.86526423,1.701139658,0.00796812749,0.006829823563,0
star_plus_co_independent,35,2,0,0.09876592242,0.968191779,0.2291744907,4,1.443594704,82.71188387,0.5261185356,82.38012347,0.3317603916,1.985408669,0.00796812749,0.006829823563,0
star_plus_co_independent,35,2,1,0.1341228223,0.9906051466,0.01132410894,4,1.443594704,82.71188387,0.5261185356,82.38012347,0.3317603916,1.985408669,0.00796812749,0.006829823563,0
star_co_plus_hi_ctl49,35,1,0,0.03239261457,0.994833257,0.2784882151,4,0.02832890498,1.623126694,0.2998604613,24.48839092,22.86526423,1.701139658,0.00796812749,0.006829823563,0
star_co_plus_hi_ctl49,35,1,1,-0.01213366514,0.9416324329,0.009955974337,4,0.02832890498,1.623126694,0.2998604613,24.48839092,22.86526423,1.701139658,0.00796812749,0.006829823563,0
star_co_plus_hi_ctl49,35,2,0,0.09912218975,0.968191779,0.2291744907,4,1.443594704,82.71188387,0.5261185356,82.38012347,0.3317603916,1.985408669,0.00796812749,0.006829823563,0
star_co_plus_hi_ctl49,35,2,1,0.1278266707,0.9906051466,0.01132410894,4,1.443594704,82.71188387,0.5261185356,82.38012347,0.3317603916,1.985408669,0.00796812749,0.006829823563,0
star_only,36,1,0,-0.1446444361,0.9895360579,0.3940333949,4,-0.3541572671,-20.29171669,0.187880002,18.09623183,38.38794852,23.61598304,0.01707455891,0,0
star_only,36,1,1,-0.2278493526,0.8059837175,0.01104402459,4,-0.3541572671,-20.29171669,0.187880002,18.09623183,38.38794852,23.61598304,0.01707455891,0,0
star_only,36,2,0,0.08894332278,0.8704007952,0.1120503562,3,1.498323168,85.84759388,0.566968966,86.08661821,0.2390243295,1.150301344,0.01707455891,0,0
star_only,36,2,1,-0.1329999903,0.6908417154,0.007888326239,3,1.498323168,85.84759388,0.566968966,86.08661821,0.2390243295,1.150301344,0.01707455891,0,0
co_independent_only,36,1,0,-0.01424559829,0.9994083952,0.2668767912,3,0.05801939305,3.324266351,0.3059391657,24.25103506,20.92676871,0,0,0.004553215709,0
co_independent_only,36,1,1,-0.06467102505,0.9825181207,0.01093197731,3,0.05801939305,3.324266351,0.3059391657,24.25103506,20.92676871,0,0,0.004553215709,0
co_independent_only,36,2,0,0.1016099766,0.9790048247,0.2436816581,3,1.478246622,84.69729254,0.5406907208,84.33190025,0.3653922809,0,0,0.004553215709,0
co_independent_only,36,2,1,0.1361278756,0.9783568095,0.0150861345,3,1.478246622,84.69729254,0.5406907208,84.33190025,0.3653922809,0,0,0.004553215709,0
star_plus_co_independent,36,1,0,-0.1328042499,0.9895360579,0.3940333949,4,-0.3541572671,-20.29171669,0.187880002,18.09623183,38.38794852,23.61598304,0.01707455891,0.004553215709,0
star_plus_co_independent,36,1,1,-0.2275418163,0.8059837175,0.01104402459,4,-0.3541572671,-20.29171669,0.187880002,18.09623183,38.38794852,23.61598304,0.01707455891,0.004553215709,0
star_plus_co_independent,36,2,0,0.09058678715,0.8704007952,0.1120503562,3,1.498323168,85.84759388,0.566968966,86.08661821,0.2390243295,1.150301344,0.01707455891,0.004553215709,0
star_plus_co_independent,36,2,1,-0.1307258381,0.6908417154,0.007888326239,3,1.498323168,85.84759388,0.566968966,86.08661821,0.2390243295,1.150301344,0.01707455891,0.004553215709,0
star_co_plus_hi_ctl49,36,1,0,-0.1216970276,0.9895360579,0.3940333949,4,-0.3541572671,-20.29171669,0.187880002,18.09623183,38.38794852,23.61598304,0.01707455891,0.004553215709,0
star_co_plus_hi_ctl49,36,1,1,-0.2269947076,0.8059837175,0.01104402459,4,-0.3541572671,-20.29171669,0.187880002,18.09623183,38.38794852,23.61598304,0.01707455891,0.004553215709,0
star_co_plus_hi_ctl49,36,2,0,0.101872024,0.8704007952,0.1120503562,3,1.498323168,85.84759388,0.566968966,86.08661821,0.2390243295,1.150301344,0.01707455891,0.004553215709,0
star_co_plus_hi_ctl49,36,2,1,-0.1156643327,0.6908417154,0.007888326239,3,1.498323168,85.84759388,0.566968966,86.08661821,0.2390243295,1.150301344,0.01707455891,0.004553215709,0
star_only,37,1,0,-0.008467888777,0.9960229915,0.4759085488,3,0.1541375179,8.831429239,0.3556784178,28.25416244,19.4227332,5.507162888,0.04040978941,0,0
star_only,37,1,1,-0.05479669375,0.9227592986,0.01938018533,3,0.1541375179,8.831429239,0.3556784178,28.25416244,19.4227332,5.507162888,0.04040978941,0,0
star_only,37,2,0,0.101796608,0.9781468266,0.3498658846,3,1.500169166,85.95336179,0.5429948033,85.5857568,0.3676049933,1.256069255,0.04040978941,0,0
star_only,37,2,1,0.179183681,0.9649055455,0.01593131557,3,1.500169166,85.95336179,0.5429948033,85.5857568,0.3676049933,1.256069255,0.04040978941,0,0
co_independent_only,37,1,0,0.003043913063,0.9994083952,0.2668767912,3,0.05801939305,3.324266351,0.3059391657,24.25103506,20.92676871,0,0,0.002845759818,0
co_independent_only,37,1,1,-0.07078261092,0.9825181207,0.01093197731,3,0.05801939305,3.324266351,0.3059391657,24.25103506,20.92676871,0,0,0.002845759818,0
co_independent_only,37,2,0,0.09474842463,0.9790048247,0.2436816581,3,1.478246622,84.69729254,0.5406907208,84.33190025,0.3653922809,0,0,0.002845759818,0
co_independent_only,37,2,1,0.1410626347,0.9783568095,0.0150861345,3,1.478246622,84.69729254,0.5406907208,84.33190025,0.3653922809,0,0,0.002845759818,0
star_plus_co_independent,37,1,0,-0.001586205428,0.9960229915,0.4759085488,3,0.1541375179,8.831429239,0.3556784178,28.25416244,19.4227332,5.507162888,0.04040978941,0.002845759818,0
star_plus_co_independent,37,1,1,-0.05933009616,0.9227592986,0.01938018533,3,0.1541375179,8.831429239,0.3556784178,28.25416244,19.4227332,5.507162888,0.04040978941,0.002845759818,0
star_plus_co_independent,37,2,0,0.09559310517,0.9781468266,0.3498658846,3,1.500169166,85.95336179,0.5429948033,85.5857568,0.3676049933,1.256069255,0.04040978941,0.002845759818,0
star_plus_co_independent,37,2,1,0.1822381666,0.9649055455,0.01593131557,3,1.500169166,85.95336179,0.5429948033,85.5857568,0.3676049933,1.256069255,0.04040978941,0.002845759818,0
star_co_plus_hi_ctl49,37,1,0,-0.0122211608,0.9960229915,0.4759085488,3,0.1541375179,8.831429239,0.3556784178,28.25416244,19.4227332,5.507162888,0.04040978941,0.002845759818,0
star_co_plus_hi_ctl49,37,1,1,-0.0557971127,0.9227592986,0.01938018533,3,0.1541375179,8.831429239,0.3556784178,28.25416244,19.4227332,5.507162888,0.04040978941,0.002845759818,0
star_co_plus_hi_ctl49,37,2,0,0.1076893845,0.9781468266,0.3498658846,3,1.500169166,85.95336179,0.5429948033,85.5857568,0.3676049933,1.256069255,0.04040978941,0.002845759818,0
star_co_plus_hi_ctl49,37,2,1,0.18845586,0.9649055455,0.01593131557,3,1.500169166,85.95336179,0.5429948033,85.5857568,0.3676049933,1.256069255,0.04040978941,0.002845759818,0
star_only,38,1,0,0.07780677052,0.9998105092,0.2241452347,3,0.07572425785,4.338680381,0.1555353992,45.15704014,40.81835975,1.01441403,0.0005691519636,0,0
star_only,38,1,1,0.04464520453,0.9907091379,0.01135509844,3,0.07572425785,4.338680381,0.1555353992,45.15704014,40.81835975,1.01441403,0.0005691519636,0,0
star_only,38,2,0,0.1315674859,0.8506380568,0.09115845053,4,1.459310961,83.61235904,0.573284785,83.71593682,0.1035777872,1.084933498,0.0005691519636,0,0
star_only,38,2,1,0.139012385,0.8255466032,0.009513986536,4,1.459310961,83.61235904,0.573284785,83.71593682,0.1035777872,1.084933498,0.0005691519636,0,0
co_independent_only,38,1,0,0.0107125154,0.9994083952,0.2668767912,3,0.05801939305,3.324266351,0.3059391657,24.25103506,20.92676871,0,0,0.003984063745,0
co_independent_only,38,1,1,-0.05864553208,0.9825181207,0.01093197731,3,0.05801939305,3.324266351,0.3059391657,24.25103506,20.92676871,0,0,0.003984063745,0
co_independent_only,38,2,0,0.09085228466,0.9790048247,0.2436816581,3,1.478246622,84.69729254,0.5406907208,84.33190025,0.3653922809,0,0,0.003984063745,0
co_independent_only,38,2,1,0.1312625427,0.9783568095,0.0150861345,3,1.478246622,84.69729254,0.5406907208,84.33190025,0.3653922809,0,0,0.003984063745,0
star_plus_co_independent,38,1,0,0.09306766846,0.9998105092,0.2241452347,3,0.07572425785,4.338680381,0.1555353992,45.15704014,40.81835975,1.01441403,0.0005691519636,0.003984063745,0
star_plus_co_independent,38,1,1,0.05118520003,0.9907091379,0.01135509844,3,0.07572425785,4.338680381,0.1555353992,45.15704014,40.81835975,1.01441403,0.0005691519636,0.003984063745,0
star_plus_co_independent,38,2,0,0.1265119686,0.8506380568,0.09115845053,4,1.459310961,83.61235904,0.573284785,83.71593682,0.1035777872,1.084933498,0.0005691519636,0.003984063745,0
star_plus_co_independent,38,2,1,0.1333719034,0.8255466032,0.009513986536,4,1.459310961,83.61235904,0.573284785,83.71593682,0.1035777872,1.084933498,0.0005691519636,0.003984063745,0
star_co_plus_hi_ctl49,38,1,0,0.09466063815,0.9998105092,0.2241452347,3,0.07572425785,4.338680381,0.1555353992,45.15704014,40.81835975,1.01441403,0.0005691519636,0.003984063745,0
star_co_plus_hi_ctl49,38,1,1,0.04061998109,0.9907091379,0.01135509844,3,0.07572425785,4.338680381,0.1555353992,45.15704014,40.81835975,1.01441403,0.0005691519636,0.003984063745,0
star_co_plus_hi_ctl49,38,2,0,0.1255086469,0.8506380568,0.09115845053,4,1.459310961,83.61235904,0.573284785,83.71593682,0.1035777872,1.084933498,0.0005691519636,0.003984063745,0
star_co_plus_hi_ctl49,38,2,1,0.1326326875,0.8255466032,0.009513986536,4,1.459310961,83.61235904,0.573284785,83.71593682,0.1035777872,1.084933498,0.0005691519636,0.003984063745,0
star_only,39,1,0,-0.16145226,0.9979171336,0.278006884,4,-0.231921133,-13.2881021,0.2648334245,11.5065904,24.7946925,16.61236845,0,0,0
star_only,39,1,1,-0.2327111491,0.9984205944,0.01285586501,4,-0.231921133,-13.2881021,0.2648334245,11.5065904,24.7946925,16.61236845,0,0,0
star_only,39,2,0,0.1109555635,0.9666112981,0.1939286001,3,1.523890074,87.31246969,0.507019512,87.49103206,0.1785623727,2.615177152,0,0,0
star_only,39,2,1,0.07853188524,0.8459228584,0.01104391039,3,1.523890074,87.31246969,0.507019512,87.49103206,0.1785623727,2.615177152,0,0,0
co_independent_only,39,1,0,0.002240310599,0.9994083952,0.2668767912,3,0.05801939305,3.324266351,0.3059391657,24.25103506,20.92676871,0,0,0.006260671599,0
co_independent_only,39,1,1,-0.07120103165,0.9825181207,0.01093197731,3,0.05801939305,3.324266351,0.3059391657,24.25103506,20.92676871,0,0,0.006260671599,0
co_independent_only,39,2,0,0.1019434325,0.9790048247,0.2436816581,3,1.478246622,84.69729254,0.5406907208,84.33190025,0.3653922809,0,0,0.006260671599,0
co_independent_only,39,2,1,0.1414475239,0.9783568095,0.0150861345,3,1.478246622,84.69729254,0.5406907208,84.33190025,0.3653922809,0,0,0.006260671599,0
star_plus_co_independent,39,1,0,-0.1674931472,0.9979171336,0.278006884,4,-0.231921133,-13.2881021,0.2648334245,11.5065904,24.7946925,16.61236845,0,0.006260671599,0
star_plus_co_independent,39,1,1,-0.2269965033,0.9984205944,0.01285586501,4,-0.231921133,-13.2881021,0.2648334245,11.5065904,24.7946925,16.61236845,0,0.006260671599,0
star_plus_co_independent,39,2,0,0.1139949144,0.9666112981,0.1939286001,3,1.523890074,87.31246969,0.507019512,87.49103206,0.1785623727,2.615177152,0,0.006260671599,0
star_plus_co_independent,39,2,1,0.08209664195,0.8459228584,0.01104391039,3,1.523890074,87.31246969,0.507019512,87.49103206,0.1785623727,2.615177152,0,0.006260671599,0
star_co_plus_hi_ctl49,39,1,0,-0.1670681292,0.9979171336,0.278006884,4,-0.231921133,-13.2881021,0.2648334245,11.5065904,24.7946925,16.61236845,0,0.006260671599,0
star_co_plus_hi_ctl49,39,1,1,-0.2292924998,0.9984205944,0.01285586501,4,-0.231921133,-13.2881021,0.2648334245,11.5065904,24.7946925,16.61236845,0,0.006260671599,0
star_co_plus_hi_ctl49,39,2,0,0.1160471559,0.9666112981,0.1939286001,3,1.523890074,87.31246969,0.507019512,87.49103206,0.1785623727,2.615177152,0,0.006260671599,0
star_co_plus_hi_ctl49,39,2,1,0.08561001777,0.8459228584,0.01104391039,3,1.523890074,87.31246969,0.507019512,87.49103206,0.1785623727,2.615177152,0,0.006260671599,0
star_only,40,1,0,0.04696999842,0.9903794384,0.5068491706,3,0.2131350892,12.21174108,0.3468737336,31.06544069,18.85369962,8.887474724,0,0,0
star_only,40,1,1,-0.03645141973,0.9518275948,0.0206596075,3,0.2131350892,12.21174108,0.3468737336,31.06544069,18.85369962,8.887474724,0,0,0
star_only,40,2,0,0.1160867625,0.9110022182,0.2782914884,3,1.480512062,84.82709265,0.5575830844,84.28834945,0.5387431916,0.1298001102,0,0,0
star_only,40,2,1,0.1989419166,0.9998440199,0.01753975759,3,1.480512062,84.82709265,0.5575830844,84.28834945,0.5387431916,0.1298001102,0,0,0
co_independent_only,40,1,0,-0.01180161843,0.9994083952,0.2668767912,3,0.05801939305,3.324266351,0.3059391657,24.25103506,20.92676871,0,0,0.006829823563,0
co_independent_only,40,1,1,-0.06537332823,0.9825181207,0.01093197731,3,0.05801939305,3.324266351,0.3059391657,24.25103506,20.92676871,0,0,0.006829823563,0
co_independent_only,40,2,0,0.1114829193,0.9790048247,0.2436816581,3,1.478246622,84.69729254,0.5406907208,84.33190025,0.3653922809,0,0,0.006829823563,0
co_independent_only,40,2,1,0.1411007702,0.9783568095,0.0150861345,3,1.478246622,84.69729254,0.5406907208,84.33190025,0.3653922809,0,0,0.006829823563,0
star_plus_co_independent,40,1,0,0.05077578448,0.9903794384,0.5068491706,3,0.2131350892,12.21174108,0.3468737336,31.06544069,18.85369962,8.887474724,0,0.006829823563,0
star_plus_co_independent,40,1,1,-0.03117720279,0.9518275948,0.0206596075,3,0.2131350892,12.21174108,0.3468737336,31.06544069,18.85369962,8.887474724,0,0.006829823563,0
star_plus_co_independent,40,2,0,0.1265554864,0.9110022182,0.2782914884,3,1.480512062,84.82709265,0.5575830844,84.28834945,0.5387431916,0.1298001102,0,0.006829823563,0
star_plus_co_independent,40,2,1,0.2014697414,0.9998440199,0.01753975759,3,1.480512062,84.82709265,0.5575830844,84.28834945,0.5387431916,0.1298001102,0,0.006829823563,0
star_co_plus_hi_ctl49,40,1,0,0.05210854275,0.9903794384,0.5068491706,3,0.2131350892,12.21174108,0.3468737336,31.06544069,18.85369962,8.887474724,0,0.006829823563,0
star_co_plus_hi_ctl49,40,1,1,-0.03323892075,0.9518275948,0.0206596075,3,0.2131350892,12.21174108,0.3468737336,31.06544069,18.85369962,8.887474724,0,0.006829823563,0
star_co_plus_hi_ctl49,40,2,0,0.1338040843,0.9110022182,0.2782914884,3,1.480512062,84.82709265,0.5575830844,84.28834945,0.5387431916,0.1298001102,0,0.006829823563,0
star_co_plus_hi_ctl49,40,2,1,0.2060800957,0.9998440199,0.01753975759,3,1.480512062,84.82709265,0.5575830844,84.28834945,0.5387431916,0.1298001102,0,0.006829823563,0
star_only,41,1,0,-0.08380627005,0.9999942965,0.268743044,3,-0.08597545403,-4.926030658,0.3276756748,13.93750872,18.86353938,8.250297009,0.01422879909,0,0
star_only,41,1,1,-0.1014915551,0.9922529859,0.01686766135,3,-0.08597545403,-4.926030658,0.3276756748,13.93750872,18.86353938,8.250297009,0.01422879909,0,0
star_only,41,2,0,0.09977421937,0.9944573348,0.2847783269,4,1.439536143,82.47934544,0.5230513031,82.25793771,0.2214077279,2.217947096,0.01422879909,0,0
star_only,41,2,1,0.1405564807,0.9999055928,0.01678610038,4,1.439536143,82.47934544,0.5230513031,82.25793771,0.2214077279,2.217947096,0.01422879909,0,0
co_independent_only,41,1,0,-0.008213990118,0.9994083952,0.2668767912,3,0.05801939305,3.324266351,0.3059391657,24.25103506,20.92676871,0,0,0.006829823563,0
co_independent_only,41,1,1,-0.07261280768,0.9825181207,0.01093197731,3,0.05801939305,3.324266351,0.3059391657,24.25103506,20.92676871,0,0,0.006829823563,0
co_independent_only,41,2,0,0.111233035,0.9790048247,0.2436816581,3,1.478246622,84.69729254,0.5406907208,84.33190025,0.3653922809,0,0,0.006829823563,0
co_independent_only,41,2,1,0.1472562174,0.9783568095,0.0150861345,3,1.478246622,84.69729254,0.5406907208,84.33190025,0.3653922809,0,0,0.006829823563,0
star_plus_co_independent,41,1,0,-0.09375298284,0.9999942965,0.268743044,3,-0.08597545403,-4.926030658,0.3276756748,13.93750872,18.86353938,8.250297009,0.01422879909,0.006829823563,0
star_plus_co_independent,41,1,1,-0.108963835,0.9922529859,0.01686766135,3,-0.08597545403,-4.926030658,0.3276756748,13.93750872,18.86353938,8.250297009,0.01422879909,0.006829823563,0
star_plus_co_independent,41,2,0,0.1100036016,0.9944573348,0.2847783269,4,1.439536143,82.47934544,0.5230513031,82.25793771,0.2214077279,2.217947096,0.01422879909,0.006829823563,0
star_plus_co_independent,41,2,1,0.1443460352,0.9999055928,0.01678610038,4,1.439536143,82.47934544,0.5230513031,82.25793771,0.2214077279,2.217947096,0.01422879909,0.006829823563,0
star_co_plus_hi_ctl49,41,1,0,-0.09157843608,0.9999942965,0.268743044,3,-0.08597545403,-4.926030658,0.3276756748,13.93750872,18.86353938,8.250297009,0.01422879909,0.006829823563,0
star_co_plus_hi_ctl49,41,1,1,-0.1068251506,0.9922529859,0.01686766135,3,-0.08597545403,-4.926030658,0.3276756748,13.93750872,18.86353938,8.250297009,0.01422879909,0.006829823563,0
star_co_plus_hi_ctl49,41,2,0,0.1058854357,0.9944573348,0.2847783269,4,1.439536143,82.47934544,0.5230513031,82.25793771,0.2214077279,2.217947096,0.01422879909,0.006829823563,0
star_co_plus_hi_ctl49,41,2,1,0.139626055,0.9999055928,0.01678610038,4,1.439536143,82.47934544,0.5230513031,82.25793771,0.2214077279,2.217947096,0.01422879909,0.006829823563,0
star_only,42,1,0,0.1037035942,0.9850172868,0.493631441,4,0.4247035404,24.33372041,0.2310278901,46.99194057,22.65822016,21.00945406,0,0,0
star_only,42,1,1,0.06512868513,0.9556790012,0.01790991696,4,0.4247035404,24.33372041,0.2310278901,46.99194057,22.65822016,21.00945406,0,0,0
star_only,42,2,0,0.1081697615,0.656013793,0.1265776864,3,1.474780575,84.49870266,0.5077518959,83.87994878,0.6187538802,0.1985898768,0,0,0
star_only,42,2,1,0.1479008388,0.9947022767,0.009328800787,3,1.474780575,84.49870266,0.5077518959,83.87994878,0.6187538802,0.1985898768,0,0,0
co_independent_only,42,1,0,-0.01705321263,0.9994083952,0.2668767912,3,0.05801939305,3.324266351,0.3059391657,24.25103506,20.92676871,0,0,0.004553215709,0
co_independent_only,42,1,1,-0.0653943794,0.9825181207,0.01093197731,3,0.05801939305,3.324266351,0.3059391657,24.25103506,20.92676871,0,0,0.004553215709,0
co_independent_only,42,2,0,0.1105128663,0.9790048247,0.2436816581,3,1.478246622,84.69729254,0.5406907208,84.33190025,0.3653922809,0,0,0.004553215709,0
co_independent_only,42,2,1,0.1356721496,0.9783568095,0.0150861345,3,1.478246622,84.69729254,0.5406907208,84.33190025,0.3653922809,0,0,0.004553215709,0
star_plus_co_independent,42,1,0,0.09966966723,0.9850172868,0.493631441,4,0.4247035404,24.33372041,0.2310278901,46.99194057,22.65822016,21.00945406,0,0.004553215709,0
star_plus_co_independent,42,1,1,0.06689088805,0.9556790012,0.01790991696,4,0.4247035404,24.33372041,0.2310278901,46.99194057,22.65822016,21.00945406,0,0.004553215709,0
star_plus_co_independent,42,2,0,0.1163506255,0.656013793,0.1265776864,3,1.474780575,84.49870266,0.5077518959,83.87994878,0.6187538802,0.1985898768,0,0.004553215709,0
star_plus_co_independent,42,2,1,0.1445399844,0.9947022767,0.009328800787,3,1.474780575,84.49870266,0.5077518959,83.87994878,0.6187538802,0.1985898768,0,0.004553215709,0
star_co_plus_hi_ctl49,42,1,0,0.09131212544,0.9850172868,0.493631441,4,0.4247035404,24.33372041,0.2310278901,46.99194057,22.65822016,21.00945406,0,0.004553215709,0
star_co_plus_hi_ctl49,42,1,1,0.06472122516,0.9556790012,0.01790991696,4,0.4247035404,24.33372041,0.2310278901,46.99194057,22.65822016,21.00945406,0,0.004553215709,0
star_co_plus_hi_ctl49,42,2,0,0.1016228168,0.656013793,0.1265776864,3,1.474780575,84.49870266,0.5077518959,83.87994878,0.6187538802,0.1985898768,0,0.004553215709,0
star_co_plus_hi_ctl49,42,2,1,0.136258755,0.9947022767,0.009328800787,3,1.474780575,84.49870266,0.5077518959,83.87994878,0.6187538802,0.1985898768,0,0.004553215709,0
star_only,43,1,0,-0.07376727609,0.9950376747,0.4115110042,3,-0.04141515668,-2.372913686,0.4375579973,12.31283456,14.68574825,5.697180037,0.005691519636,0,0
star_only,43,1,1,-0.138976002,0.9863093626,0.01652294513,3,-0.04141515668,-2.372913686,0.4375579973,12.31283456,14.68574825,5.697180037,0.005691519636,0,0
star_only,43,2,0,0.1149988479,0.9987640734,0.442997037,4,1.464858421,83.93020508,0.501502768,83.60164595,0.3285591359,0.7670874511,0.005691519636,0,0
star_only,43,2,1,0.1731171948,0.9610515299,0.0226846609,4,1.464858421,83.93020508,0.501502768,83.60164595,0.3285591359,0.7670874511,0.005691519636,0,0
co_independent_only,43,1,0,-0.004698578174,0.9994083952,0.2668767912,3,0.05801939305,3.324266351,0.3059391657,24.25103506,20.92676871,0,0,0.005122367672,0
co_independent_only,43,1,1,-0.05989530981,0.9825181207,0.01093197731,3,0.05801939305,3.324266351,0.3059391657,24.25103506,20.92676871,0,0,0.005122367672,0
co_independent_only,43,2,0,0.1030832794,0.9790048247,0.2436816581,3,1.478246622,84.69729254,0.5406907208,84.33190025,0.3653922809,0,0,0.005122367672,0
co_independent_only,43,2,1,0.1352451467,0.9783568095,0.0150861345,3,1.478246622,84.69729254,0.5406907208,84.33190025,0.3653922809,0,0,0.005122367672,0
star_plus_co_independent,43,1,0,-0.07876157928,0.9950376747,0.4115110042,3,-0.04141515668,-2.372913686,0.4375579973,12.31283456,14.68574825,5.697180037,0.005691519636,0.005122367672,0
star_plus_co_independent,43,1,1,-0.1356924267,0.9863093626,0.01652294513,3,-0.04141515668,-2.372913686,0.4375579973,12.31283456,14.68574825,5.697180037,0.005691519636,0.005122367672,0
star_plus_co_independent,43,2,0,0.1148798793,0.9987640734,0.442997037,4,1.464858421,83.93020508,0.501502768,83.60164595,0.3285591359,0.7670874511,0.005691519636,0.005122367672,0
star_plus_co_independent,43,2,1,0.1714369688,0.9610515299,0.0226846609,4,1.464858421,83.93020508,0.501502768,83.60164595,0.3285591359,0.7670874511,0.005691519636,0.005122367672,0
star_co_plus_hi_ctl49,43,1,0,-0.0805841342,0.9950376747,0.4115110042,3,-0.04141515668,-2.372913686,0.4375579973,12.31283456,14.68574825,5.697180037,0.005691519636,0.005122367672,0
star_co_plus_hi_ctl49,43,1,1,-0.133053386,0.9863093626,0.01652294513,3,-0.04141515668,-2.372913686,0.4375579973,12.31283456,14.68574825,5.697180037,0.005691519636,0.005122367672,0
star_co_plus_hi_ctl49,43,2,0,0.1143719126,0.9987640734,0.442997037,4,1.464858421,83.93020508,0.501502768,83.60164595,0.3285591359,0.7670874511,0.005691519636,0.005122367672,0
star_co_plus_hi_ctl49,43,2,1,0.1694270906,0.9610515299,0.0226846609,4,1.464858421,83.93020508,0.501502768,83.60164595,0.3285591359,0.7670874511,0.005691519636,0.005122367672,0
star_only,44,1,0,0.07658607793,0.9988081826,0.4998031599,3,0.3229289931,18.50246839,0.2321728069,38.19078791,19.68831952,15.17820204,0,0,0
star_only,44,1,1,0.08269308009,0.9874928816,0.01292845067,3,0.3229289931,18.50246839,0.2321728069,38.19078791,19.68831952,15.17820204,0,0,0
star_only,44,2,0,0.08660059287,0.7734133962,0.1364848566,3,1.507363722,86.36557947,0.5698298581,85.11278814,1.252791332,1.668286933,0,0,0
star_only,44,2,1,0.3083163976,0.9937974993,0.00299574738,3,1.507363722,86.36557947,0.5698298581,85.11278814,1.252791332,1.668286933,0,0,0
co_independent_only,44,1,0,0.0007941013216,0.9994083952,0.2668767912,3,0.05801939305,3.324266351,0.3059391657,24.25103506,20.92676871,0,0,0,0
co_independent_only,44,1,1,-0.06129476236,0.9825181207,0.01093197731,3,0.05801939305,3.324266351,0.3059391657,24.25103506,20.92676871,0,0,0,0
co_independent_only,44,2,0,0.09312077334,0.9790048247,0.2436816581,3,1.478246622,84.69729254,0.5406907208,84.33190025,0.3653922809,0,0,0,0
co_independent_only,44,2,1,0.1331838222,0.9783568095,0.0150861345,3,1.478246622,84.69729254,0.5406907208,84.33190025,0.3653922809,0,0,0,0
star_plus_co_independent,44,1,0,0.0805878893,0.9988081826,0.4998031599,3,0.3229289931,18.50246839,0.2321728069,38.19078791,19.68831952,15.17820204,0,0,0
star_plus_co_independent,44,1,1,0.09274070514,0.9874928816,0.01292845067,3,0.3229289931,18.50246839,0.2321728069,38.19078791,19.68831952,15.17820204,0,0,0
star_plus_co_independent,44,2,0,0.07955182273,0.7734133962,0.1364848566,3,1.507363722,86.36557947,0.5698298581,85.11278814,1.252791332,1.668286933,0,0,0
star_plus_co_independent,44,2,1,0.3106638183,0.9937974993,0.00299574738,3,1.507363722,86.36557947,0.5698298581,85.11278814,1.252791332,1.668286933,0,0,0
star_co_plus_hi_ctl49,44,1,0,0.08493217632,0.9988081826,0.4998031599,3,0.3229289931,18.50246839,0.2321728069,38.19078791,19.68831952,15.17820204,0,0,0
star_co_plus_hi_ctl49,44,1,1,0.09841381641,0.9874928816,0.01292845067,3,0.3229289931,18.50246839,0.2321728069,38.19078791,19.68831952,15.17820204,0,0,0
star_co_plus_hi_ctl49,44,2,0,0.07681482371,0.7734133962,0.1364848566,3,1.507363722,86.36557947,0.5698298581,85.11278814,1.252791332,1.668286933,0,0,0
star_co_plus_hi_ctl49,44,2,1,0.3132061455,0.9937974993,0.00299574738,3,1.507363722,86.36557947,0.5698298581,85.11278814,1.252791332,1.668286933,0,0,0
star_only,45,1,0,0.03518342381,0.9984168837,0.3234728268,3,0.09604096511,5.502741961,0.2861973338,26.25550018,20.75275821,2.17847561,0,0,0
star_only,45,1,1,0.05850733372,0.9962538282,0.01446370853,3,0.09604096511,5.502741961,0.2861973338,26.25550018,20.75275821,2.17847561,0,0,0
star_only,45,2,0,0.1049231754,0.9329504826,0.2160582328,4,1.395302343,79.9449354,0.5375859959,80.17884679,0.233911387,4.752357133,0,0,0
star_only,45,2,1,0.07052794449,0.9320422135,0.008149919909,4,1.395302343,79.9449354,0.5375859959,80.17884679,0.233911387,4.752357133,0,0,0
co_independent_only,45,1,0,-0.01984854867,0.9994083952,0.2668767912,3,0.05801939305,3.324266351,0.3059391657,24.25103506,20.92676871,0,0,0.001707455891,0
co_independent_only,45,1,1,-0.06776865177,0.9825181207,0.01093197731,3,0.05801939305,3.324266351,0.3059391657,24.25103506,20.92676871,0,0,0.001707455891,0
co_independent_only,45,2,0,0.1054429709,0.9790048247,0.2436816581,3,1.478246622,84.69729254,0.5406907208,84.33190025,0.3653922809,0,0,0.001707455891,0
co_independent_only,45,2,1,0.1339716683,0.9783568095,0.0150861345,3,1.478246622,84.69729254,0.5406907208,84.33190025,0.3653922809,0,0,0.001707455891,0
star_plus_co_independent,45,1,0,0.0200182865,0.9984168837,0.3234728268,3,0.09604096511,5.502741961,0.2861973338,26.25550018,20.75275821,2.17847561,0,0.001707455891,0
star_plus_co_independent,45,1,1,0.05652337438,0.9962538282,0.01446370853,3,0.09604096511,5.502741961,0.2861973338,26.25550018,20.75275821,2.17847561,0,0.001707455891,0
star_plus_co_independent,45,2,0,0.1022602164,0.9329504826,0.2160582328,4,1.395302343,79.9449354,0.5375859959,80.17884679,0.233911387,4.752357133,0,0.001707455891,0
star_plus_co_independent,45,2,1,0.06835567691,0.9320422135,0.008149919909,4,1.395302343,79.9449354,0.5375859959,80.17884679,0.233911387,4.752357133,0,0.001707455891,0
star_co_plus_hi_ctl49,45,1,0,0.02856074576,0.9984168837,0.3234728268,3,0.09604096511,5.502741961,0.2861973338,26.25550018,20.75275821,2.17847561,0,0.001707455891,0
star_co_plus_hi_ctl49,45,1,1,0.06972456365,0.9962538282,0.01446370853,3,0.09604096511,5.502741961,0.2861973338,26.25550018,20.75275821,2.17847561,0,0.001707455891,0
star_co_plus_hi_ctl49,45,2,0,0.1004125218,0.9329504826,0.2160582328,4,1.395302343,79.9449354,0.5375859959,80.17884679,0.233911387,4.752357133,0,0.001707455891,0
star_co_plus_hi_ctl49,45,2,1,0.06542838292,0.9320422135,0.008149919909,4,1.395302343,79.9449354,0.5375859959,80.17884679,0.233911387,4.752357133,0,0.001707455891,0
star_only,46,1,0,-0.04008354352,0.9970162121,0.3974870054,3,-0.01753798804,-1.004852696,0.396099063,15.28883867,16.29369136,4.329119047,0,0,0
star_only,46,1,1,-0.01986185173,0.9999877669,0.01699767404,3,-0.01753798804,-1.004852696,0.396099063,15.28883867,16.29369136,4.329119047,0,0,0
star_only,46,2,0,0.09758806596,0.9895175807,0.4046190288,4,1.416046381,81.13348123,0.5346518323,80.94107308,0.1924081485,3.563811306,0,0,0
star_only,46,2,1,0.1037307382,0.936107638,0.01747653903,4,1.416046381,81.13348123,0.5346518323,80.94107308,0.1924081485,3.563811306,0,0,0
co_independent_only,46,1,0,-0.003394145389,0.9994083952,0.2668767912,3,0.05801939305,3.324266351,0.3059391657,24.25103506,20.92676871,0,0,0.003414911781,0
co_independent_only,46,1,1,-0.06141535811,0.9825181207,0.01093197731,3,0.05801939305,3.324266351,0.3059391657,24.25103506,20.92676871,0,0,0.003414911781,0
co_independent_only,46,2,0,0.0998021985,0.9790048247,0.2436816581,3,1.478246622,84.69729254,0.5406907208,84.33190025,0.3653922809,0,0,0.003414911781,0
co_independent_only,46,2,1,0.1359752656,0.9783568095,0.0150861345,3,1.478246622,84.69729254,0.5406907208,84.33190025,0.3653922809,0,0,0.003414911781,0
star_plus_co_independent,46,1,0,-0.0369429423,0.9970162121,0.3974870054,3,-0.01753798804,-1.004852696,0.396099063,15.28883867,16.29369136,4.329119047,0,0.003414911781,0
star_plus_co_independent,46,1,1,-0.01366501353,0.9999877669,0.01699767404,3,-0.01753798804,-1.004852696,0.396099063,15.28883867,16.29369136,4.329119047,0,0.003414911781,0
star_plus_co_independent,46,2,0,0.0921926263,0.9895175807,0.4046190288,4,1.416046381,81.13348123,0.5346518323,80.94107308,0.1924081485,3.563811306,0,0.003414911781,0
star_plus_co_independent,46,2,1,0.096927721,0.936107638,0.01747653903,4,1.416046381,81.13348123,0.5346518323,80.94107308,0.1924081485,3.563811306,0,0.003414911781,0
star_co_plus_hi_ctl49,46,1,0,-0.0447516897,0.9970162121,0.3974870054,3,-0.01753798804,-1.004852696,0.396099063,15.28883867,16.29369136,4.329119047,0,0.003414911781,0
star_co_plus_hi_ctl49,46,1,1,-0.02754660849,0.9999877669,0.01699767404,3,-0.01753798804,-1.004852696,0.396099063,15.28883867,16.29369136,4.329119047,0,0.003414911781,0
star_co_plus_hi_ctl49,46,2,0,0.09487044731,0.9895175807,0.4046190288,4,1.416046381,81.13348123,0.5346518323,80.94107308,0.1924081485,3.563811306,0,0.003414911781,0
star_co_plus_hi_ctl49,46,2,1,0.09531215523,0.936107638,0.01747653903,4,1.416046381,81.13348123,0.5346518323,80.94107308,0.1924081485,3.563811306,0,0.003414911781,0
star_only,47,1,0,-0.05445781506,0.9947729527,0.2839627293,3,-0.01745728643,-1.000228834,0.3605461618,16.27237976,17.27260859,4.324495185,0,0,0
star_only,47,1,1,-0.05085737048,0.9971569648,0.01179430641,3,-0.01745728643,-1.000228834,0.3605461618,16.27237976,17.27260859,4.324495185,0,0,0
star_only,47,2,0,0.1081519462,0.9959594272,0.3073655155,4,1.465166541,83.94785906,0.5125893332,83.54218529,0.4056737696,0.7494334799,0,0,0
star_only,47,2,1,0.1330678598,0.9899180267,0.01617979581,4,1.465166541,83.94785906,0.5125893332,83.54218529,0.4056737696,0.7494334799,0,0,0
co_independent_only,47,1,0,0.007882094975,0.9994083952,0.2668767912,3,0.05801939305,3.324266351,0.3059391657,24.25103506,20.92676871,0,0,0,0
co_independent_only,47,1,1,-0.06818197166,0.9825181207,0.01093197731,3,0.05801939305,3.324266351,0.3059391657,24.25103506,20.92676871,0,0,0,0
co_independent_only,47,2,0,0.09382250769,0.9790048247,0.2436816581,3,1.478246622,84.69729254,0.5406907208,84.33190025,0.3653922809,0,0,0,0
co_independent_only,47,2,1,0.1413829325,0.9783568095,0.0150861345,3,1.478246622,84.69729254,0.5406907208,84.33190025,0.3653922809,0,0,0,0
star_plus_co_independent,47,1,0,-0.04572269854,0.9947729527,0.2839627293,3,-0.01745728643,-1.000228834,0.3605461618,16.27237976,17.27260859,4.324495185,0,0,0
star_plus_co_independent,47,1,1,-0.04912601853,0.9971569648,0.01179430641,3,-0.01745728643,-1.000228834,0.3605461618,16.27237976,17.27260859,4.324495185,0,0,0
star_plus_co_independent,47,2,0,0.09972260125,0.9959594272,0.3073655155,4,1.465166541,83.94785906,0.5125893332,83.54218529,0.4056737696,0.7494334799,0,0,0
star_plus_co_independent,47,2,1,0.1306399682,0.9899180267,0.01617979581,4,1.465166541,83.94785906,0.5125893332,83.54218529,0.4056737696,0.7494334799,0,0,0
star_co_plus_hi_ctl49,47,1,0,-0.06649937101,0.9947729527,0.2839627293,3,-0.01745728643,-1.000228834,0.3605461618,16.27237976,17.27260859,4.324495185,0,0,0
star_co_plus_hi_ctl49,47,1,1,-0.06247488096,0.9971569648,0.01179430641,3,-0.01745728643,-1.000228834,0.3605461618,16.27237976,17.27260859,4.324495185,0,0,0
star_co_plus_hi_ctl49,47,2,0,0.1168265156,0.9959594272,0.3073655155,4,1.465166541,83.94785906,0.5125893332,83.54218529,0.4056737696,0.7494334799,0,0,0
star_co_plus_hi_ctl49,47,2,1,0.1399211635,0.9899180267,0.01617979581,4,1.465166541,83.94785906,0.5125893332,83.54218529,0.4056737696,0.7494334799,0,0,0
star_only,48,1,0,-0.06713373669,0.988259088,0.2118985347,3,-0.004006347086,-0.2295467793,0.266063347,22.63187749,22.86142426,3.553813131,0.03927148549,0,0
star_only,48,1,1,-0.03570764375,0.9780832222,0.01112638996,3,-0.004006347086,-0.2295467793,0.266063347,22.63187749,22.86142426,3.553813131,0.03927148549,0,0
star_only,48,2,0,0.1008299444,0.9989001219,0.2322572602,3,1.489747609,85.35625055,0.5421886576,84.85356268,0.5026878662,0.6589580127,0.03927148549,0,0
star_only,48,2,1,0.0956876818,0.9201742046,0.01117371909,3,1.489747609,85.35625055,0.5421886576,84.85356268,0.5026878662,0.6589580127,0.03927148549,0,0
co_independent_only,48,1,0,-0.005158291003,0.9994083952,0.2668767912,3,0.05801939305,3.324266351,0.3059391657,24.25103506,20.92676871,0,0,0.009675583381,0
co_independent_only,48,1,1,-0.07258426587,0.9825181207,0.01093197731,3,0.05801939305,3.324266351,0.3059391657,24.25103506,20.92676871,0,0,0.009675583381,0
co_independent_only,48,2,0,0.1056741522,0.9790048247,0.2436816581,3,1.478246622,84.69729254,0.5406907208,84.33190025,0.3653922809,0,0,0.009675583381,0
co_independent_only,48,2,1,0.1441529851,0.9783568095,0.0150861345,3,1.478246622,84.69729254,0.5406907208,84.33190025,0.3653922809,0,0,0.009675583381,0
star_plus_co_independent,48,1,0,-0.07155707852,0.988259088,0.2118985347,3,-0.004006347086,-0.2295467793,0.266063347,22.63187749,22.86142426,3.553813131,0.03927148549,0.009675583381,0
star_plus_co_independent,48,1,1,-0.04092017067,0.9780832222,0.01112638996,3,-0.004006347086,-0.2295467793,0.266063347,22.63187749,22.86142426,3.553813131,0.03927148549,0.009675583381,0
star_plus_co_independent,48,2,0,0.1063437475,0.9989001219,0.2322572602,3,1.489747609,85.35625055,0.5421886576,84.85356268,0.5026878662,0.6589580127,0.03927148549,0.009675583381,0
star_plus_co_independent,48,2,1,0.0999532514,0.9201742046,0.01117371909,3,1.489747609,85.35625055,0.5421886576,84.85356268,0.5026878662,0.6589580127,0.03927148549,0.009675583381,0
star_co_plus_hi_ctl49,48,1,0,-0.06567384392,0.988259088,0.2118985347,3,-0.004006347086,-0.2295467793,0.266063347,22.63187749,22.86142426,3.553813131,0.03927148549,0.009675583381,0
star_co_plus_hi_ctl49,48,1,1,-0.03979358365,0.9780832222,0.01112638996,3,-0.004006347086,-0.2295467793,0.266063347,22.63187749,22.86142426,3.553813131,0.03927148549,0.009675583381,0
star_co_plus_hi_ctl49,48,2,0,0.1024663029,0.9989001219,0.2322572602,3,1.489747609,85.35625055,0.5421886576,84.85356268,0.5026878662,0.6589580127,0.03927148549,0.009675583381,0
star_co_plus_hi_ctl49,48,2,1,0.09978461471,0.9201742046,0.01117371909,3,1.489747609,85.35625055,0.5421886576,84.85356268,0.5026878662,0.6589580127,0.03927148549,0.009675583381,0
star_only,49,1,0,-0.09771451489,0.9934302428,0.1795650158,4,-0.105415102,-6.039840443,0.2297233842,25.25197379,31.29181424,9.364106795,0,0,0
star_only,49,1,1,-0.08888284132,0.9079871194,0.01468939874,4,-0.105415102,-6.039840443,0.2297233842,25.25197379,31.29181424,9.364106795,0,0,0
star_only,49,2,0,0.1006124107,0.9853100417,0.170019723,4,1.437214283,82.34631268,0.559940333,82.39692868,0.05061600353,2.350979854,0,0,0
star_only,49,2,1,0.1259443916,0.7843173295,0.01025113326,4,1.437214283,82.34631268,0.559940333,82.39692868,0.05061600353,2.350979854,0,0,0
co_independent_only,49,1,0,-0.005679881848,0.9994083952,0.2668767912,3,0.05801939305,3.324266351,0.3059391657,24.25103506,20.92676871,0,0,0.005122367672,0
co_independent_only,49,1,1,-0.07512622707,0.9825181207,0.01093197731,3,0.05801939305,3.324266351,0.3059391657,24.25103506,20.92676871,0,0,0.005122367672,0
co_independent_only,49,2,0,0.09896715804,0.9790048247,0.2436816581,3,1.478246622,84.69729254,0.5406907208,84.33190025,0.3653922809,0,0,0.005122367672,0
co_independent_only,49,2,1,0.1411333859,0.9783568095,0.0150861345,3,1.478246622,84.69729254,0.5406907208,84.33190025,0.3653922809,0,0,0.005122367672,0
star_plus_co_independent,49,1,0,-0.09498525497,0.9934302428,0.1795650158,4,-0.105415102,-6.039840443,0.2297233842,25.25197379,31.29181424,9.364106795,0,0.005122367672,0
star_plus_co_independent,49,1,1,-0.08621833291,0.9079871194,0.01468939874,4,-0.105415102,-6.039840443,0.2297233842,25.25197379,31.29181424,9.364106795,0,0.005122367672,0
star_plus_co_independent,49,2,0,0.09755847023,0.9853100417,0.170019723,4,1.437214283,82.34631268,0.559940333,82.39692868,0.05061600353,2.350979854,0,0.005122367672,0
star_plus_co_independent,49,2,1,0.1218707808,0.7843173295,0.01025113326,4,1.437214283,82.34631268,0.559940333,82.39692868,0.05061600353,2.350979854,0,0.005122367672,0
star_co_plus_hi_ctl49,49,1,0,-0.09668523457,0.9934302428,0.1795650158,4,-0.105415102,-6.039840443,0.2297233842,25.25197379,31.29181424,9.364106795,0,0.005122367672,0
star_co_plus_hi_ctl49,49,1,1,-0.08839827518,0.9079871194,0.01468939874,4,-0.105415102,-6.039840443,0.2297233842,25.25197379,31.29181424,9.364106795,0,0.005122367672,0
star_co_plus_hi_ctl49,49,2,0,0.1004104673,0.9853100417,0.170019723,4,1.437214283,82.34631268,0.559940333,82.39692868,0.05061600353,2.350979854,0,0.005122367672,0
star_co_plus_hi_ctl49,49,2,1,0.1261136373,0.7843173295,0.01025113326,4,1.437214283,82.34631268,0.559940333,82.39692868,0.05061600353,2.350979854,0,0.005122367672,0
star_only,50,1,0,0.08158533235,0.9995616072,0.5095200075,3,0.268439398,15.38044456,0.2611614844,32.95414979,17.57370523,12.05617821,0.0187820148,0,0
star_only,50,1,1,0.09625849351,0.9999998772,0.008917862141,3,0.268439398,15.38044456,0.2611614844,32.95414979,17.57370523,12.05617821,0.0187820148,0,0
star_only,50,2,0,0.105934105,0.8528896747,0.2126903931,4,1.411799265,80.89013938,0.5480171879,81.13223276,0.2420933769,3.80715315,0.0187820148,0,0
star_only,50,2,1,-0.02311919108,0.6580925237,0.003716125063,4,1.411799265,80.89013938,0.5480171879,81.13223276,0.2420933769,3.80715315,0.0187820148,0,0
co_independent_only,50,1,0,-0.01508944623,0.9994083952,0.2668767912,3,0.05801939305,3.324266351,0.3059391657,24.25103506,20.92676871,0,0,0,0
co_independent_only,50,1,1,-0.06719117535,0.9825181207,0.01093197731,3,0.05801939305,3.324266351,0.3059391657,24.25103506,20.92676871,0,0,0,0
co_independent_only,50,2,0,0.1008356072,0.9790048247,0.2436816581,3,1.478246622,84.69729254,0.5406907208,84.33190025,0.3653922809,0,0,0,0
co_independent_only,50,2,1,0.1410847859,0.9783568095,0.0150861345,3,1.478246622,84.69729254,0.5406907208,84.33190025,0.3653922809,0,0,0,0
star_plus_co_independent,50,1,0,0.06103061728,0.9995616072,0.5095200075,3,0.268439398,15.38044456,0.2611614844,32.95414979,17.57370523,12.05617821,0.0187820148,0,0
star_plus_co_independent,50,1,1,0.08836057063,0.9999998772,0.008917862141,3,0.268439398,15.38044456,0.2611614844,32.95414979,17.57370523,12.05617821,0.0187820148,0,0
star_plus_co_independent,50,2,0,0.1004947724,0.8528896747,0.2126903931,4,1.411799265,80.89013938,0.5480171879,81.13223276,0.2420933769,3.80715315,0.0187820148,0,0
star_plus_co_independent,50,2,1,-0.021878683,0.6580925237,0.003716125063,4,1.411799265,80.89013938,0.5480171879,81.13223276,0.2420933769,3.80715315,0.0187820148,0,0
star_co_plus_hi_ctl49,50,1,0,0.07053139903,0.9995616072,0.5095200075,3,0.268439398,15.38044456,0.2611614844,32.95414979,17.57370523,12.05617821,0.0187820148,0,0
star_co_plus_hi_ctl49,50,1,1,0.09248117347,0.9999998772,0.008917862141,3,0.268439398,15.38044456,0.2611614844,32.95414979,17.57370523,12.05617821,0.0187820148,0,0
star_co_plus_hi_ctl49,50,2,0,0.0988669097,0.8528896747,0.2126903931,4,1.411799265,80.89013938,0.5480171879,81.13223276,0.2420933769,3.80715315,0.0187820148,0,0
star_co_plus_hi_ctl49,50,2,1,-0.02537725291,0.6580925237,0.003716125063,4,1.411799265,80.89013938,0.5480171879,81.13223276,0.2420933769,3.80715315,0.0187820148,0,0
star_only,51,1,0,-0.1545265372,0.989390687,0.2480968429,4,-0.2104623577,-12.05860484,0.2486917234,16.1794926,28.23809744,15.38287119,0,0,0
star_only,51,1,1,-0.2422590122,0.981722761,0.01512948536,4,-0.2104623577,-12.05860484,0.2486917234,16.1794926,28.23809744,15.38287119,0,0,0
star_only,51,2,0,0.08600100294,0.9543520689,0.1629308223,3,1.502401377,86.08125803,0.5427586832,85.18454035,0.8967176835,1.383965497,0,0,0
star_only,51,2,1,0.06079805838,0.7999752095,0.01087685832,3,1.502401377,86.08125803,0.5427586832,85.18454035,0.8967176835,1.383965497,0,0,0
co_independent_only,51,1,0,-0.01026969466,0.9994083952,0.2668767912,3,0.05801939305,3.324266351,0.3059391657,24.25103506,20.92676871,0,0,0.003984063745,0
co_independent_only,51,1,1,-0.06342376935,0.9825181207,0.01093197731,3,0.05801939305,3.324266351,0.3059391657,24.25103506,20.92676871,0,0,0.003984063745,0
co_independent_only,51,2,0,0.1061911379,0.9790048247,0.2436816581,3,1.478246622,84.69729254,0.5406907208,84.33190025,0.3653922809,0,0,0.003984063745,0
co_independent_only,51,2,1,0.13879197,0.9783568095,0.0150861345,3,1.478246622,84.69729254,0.5406907208,84.33190025,0.3653922809,0,0,0.003984063745,0
star_plus_co_independent,51,1,0,-0.1471852328,0.989390687,0.2480968429,4,-0.2104623577,-12.05860484,0.2486917234,16.1794926,28.23809744,15.38287119,0,0.003984063745,0
star_plus_co_independent,51,1,1,-0.2413388045,0.981722761,0.01512948536,4,-0.2104623577,-12.05860484,0.2486917234,16.1794926,28.23809744,15.38287119,0,0.003984063745,0
star_plus_co_independent,51,2,0,0.092838311,0.9543520689,0.1629308223,3,1.502401377,86.08125803,0.5427586832,85.18454035,0.8967176835,1.383965497,0,0.003984063745,0
star_plus_co_independent,51,2,1,0.06069528528,0.7999752095,0.01087685832,3,1.502401377,86.08125803,0.5427586832,85.18454035,0.8967176835,1.383965497,0,0.003984063745,0
star_co_plus_hi_ctl49,51,1,0,-0.1439267104,0.989390687,0.2480968429,4,-0.2104623577,-12.05860484,0.2486917234,16.1794926,28.23809744,15.38287119,0,0.003984063745,0
star_co_plus_hi_ctl49,51,1,1,-0.244883789,0.981722761,0.01512948536,4,-0.2104623577,-12.05860484,0.2486917234,16.1794926,28.23809744,15.38287119,0,0.003984063745,0
star_co_plus_hi_ctl49,51,2,0,0.0933177628,0.9543520689,0.1629308223,3,1.502401377,86.08125803,0.5427586832,85.18454035,0.8967176835,1.383965497,0,0.003984063745,0
star_co_plus_hi_ctl49,51,2,1,0.05821836846,0.7999752095,0.01087685832,3,1.502401377,86.08125803,0.5427586832,85.18454035,0.8967176835,1.383965497,0,0.003984063745,0
star_only,52,1,0,0.003220000051,0.997508506,0.3343214613,3,0.06842795906,3.920633255,0.3176585347,31.32677302,27.40613977,0.5963669033,0.01650540694,0,0
star_only,52,1,1,0.01265466543,0.9761429911,0.01632957049,3,0.06842795906,3.920633255,0.3176585347,31.32677302,27.40613977,0.5963669033,0.01650540694,0,0
star_only,52,2,0,0.1032501591,0.924407654,0.2616313776,4,1.441529791,82.59357309,0.5506851321,82.57617903,0.01739405615,2.103719448,0.01650540694,0,0
star_only,52,2,1,0.1508196655,0.8796216634,0.01609838582,4,1.441529791,82.59357309,0.5506851321,82.57617903,0.01739405615,2.103719448,0.01650540694,0,0
co_independent_only,52,1,0,-0.001040265581,0.9994083952,0.2668767912,3,0.05801939305,3.324266351,0.3059391657,24.25103506,20.92676871,0,0,0,0
co_independent_only,52,1,1,-0.06301683099,0.9825181207,0.01093197731,3,0.05801939305,3.324266351,0.3059391657,24.25103506,20.92676871,0,0,0,0
co_independent_only,52,2,0,0.09775145994,0.9790048247,0.2436816581,3,1.478246622,84.69729254,0.5406907208,84.33190025,0.3653922809,0,0,0,0
co_independent_only,52,2,1,0.1343878767,0.9783568095,0.0150861345,3,1.478246622,84.69729254,0.5406907208,84.33190025,0.3653922809,0,0,0,0
star_plus_co_independent,52,1,0,0.007947566111,0.997508506,0.3343214613,3,0.06842795906,3.920633255,0.3176585347,31.32677302,27.40613977,0.5963669033,0.01650540694,0,0
star_plus_co_independent,52,1,1,0.01411270362,0.9761429911,0.01632957049,3,0.06842795906,3.920633255,0.3176585347,31.32677302,27.40613977,0.5963669033,0.01650540694,0,0
star_plus_co_independent,52,2,0,0.1004098208,0.924407654,0.2616313776,4,1.441529791,82.59357309,0.5506851321,82.57617903,0.01739405615,2.103719448,0.01650540694,0,0
star_plus_co_independent,52,2,1,0.14685744,0.8796216634,0.01609838582,4,1.441529791,82.59357309,0.5506851321,82.57617903,0.01739405615,2.103719448,0.01650540694,0,0
star_co_plus_hi_ctl49,52,1,0,0.01578141665,0.997508506,0.3343214613,3,0.06842795906,3.920633255,0.3176585347,31.32677302,27.40613977,0.5963669033,0.01650540694,0,0
star_co_plus_hi_ctl49,52,1,1,0.02052999657,0.9761429911,0.01632957049,3,0.06842795906,3.920633255,0.3176585347,31.32677302,27.40613977,0.5963669033,0.01650540694,0,0
star_co_plus_hi_ctl49,52,2,0,0.1026984989,0.924407654,0.2616313776,4,1.441529791,82.59357309,0.5506851321,82.57617903,0.01739405615,2.103719448,0.01650540694,0,0
star_co_plus_hi_ctl49,52,2,1,0.1488344573,0.8796216634,0.01609838582,4,1.441529791,82.59357309,0.5506851321,82.57617903,0.01739405615,2.103719448,0.01650540694,0,0
star_only,53,1,0,0.03014624344,0.9812786409,0.4287709169,3,0.1769033803,10.13581707,0.3621429838,28.06634763,17.93053056,6.811550721,0.003984063745,0,0
star_only,53,1,1,-0.1100683392,0.9520272504,0.01850836884,3,0.1769033803,10.13581707,0.3621429838,28.06634763,17.93053056,6.811550721,0.003984063745,0,0
star_only,53,2,0,0.1160418592,0.9533871411,0.3426711244,4,1.46658587,84.02918065,0.5255875702,83.48166606,0.5475145928,0.6681118823,0.003984063745,0,0
star_only,53,2,1,0.1505986179,0.9324186363,0.01901510603,4,1.46658587,84.02918065,0.5255875702,83.48166606,0.5475145928,0.6681118823,0.003984063745,0,0
co_independent_only,53,1,0,-0.004679189029,0.9994083952,0.2668767912,3,0.05801939305,3.324266351,0.3059391657,24.25103506,20.92676871,0,0,0.007398975526,0
co_independent_only,53,1,1,-0.06787940086,0.9825181207,0.01093197731,3,0.05801939305,3.324266351,0.3059391657,24.25103506,20.92676871,0,0,0.007398975526,0
co_independent_only,53,2,0,0.103659293,0.9790048247,0.2436816581,3,1.478246622,84.69729254,0.5406907208,84.33190025,0.3653922809,0,0,0.007398975526,0
co_independent_only,53,2,1,0.1397433108,0.9783568095,0.0150861345,3,1.478246622,84.69729254,0.5406907208,84.33190025,0.3653922809,0,0,0.007398975526,0
star_plus_co_independent,53,1,0,0.03323186423,0.9812786409,0.4287709169,3,0.1769033803,10.13581707,0.3621429838,28.06634763,17.93053056,6.811550721,0.003984063745,0.007398975526,0
star_plus_co_independent,53,1,1,-0.1097713529,0.9520272504,0.01850836884,3,0.1769033803,10.13581707,0.3621429838,28.06634763,17.93053056,6.811550721,0.003984063745,0.007398975526,0
star_plus_co_independent,53,2,0,0.1174795968,0.9533871411,0.3426711244,4,1.46658587,84.02918065,0.5255875702,83.48166606,0.5475145928,0.6681118823,0.003984063745,0.007398975526,0
star_plus_co_independent,53,2,1,0.1495779933,0.9324186363,0.01901510603,4,1.46658587,84.02918065,0.5255875702,83.48166606,0.5475145928,0.6681118823,0.003984063745,0.007398975526,0
star_co_plus_hi_ctl49,53,1,0,0.03162215331,0.9812786409,0.4287709169,3,0.1769033803,10.13581707,0.3621429838,28.06634763,17.93053056,6.811550721,0.003984063745,0.007398975526,0
star_co_plus_hi_ctl49,53,1,1,-0.1066169676,0.9520272504,0.01850836884,3,0.1769033803,10.13581707,0.3621429838,28.06634763,17.93053056,6.811550721,0.003984063745,0.007398975526,0
star_co_plus_hi_ctl49,53,2,0,0.1095243094,0.9533871411,0.3426711244,4,1.46658587,84.02918065,0.5255875702,83.48166606,0.5475145928,0.6681118823,0.003984063745,0.007398975526,0
star_co_plus_hi_ctl49,53,2,1,0.1455862797,0.9324186363,0.01901510603,4,1.46658587,84.02918065,0.5255875702,83.48166606,0.5475145928,0.6681118823,0.003984063745,0.007398975526,0
star_only,54,1,0,0.05502262975,0.9887916997,0.3828580036,3,0.189185081,10.83950669,0.2964679395,28.91775101,18.07824433,7.515240335,0.02447353443,0,0
star_only,54,1,1,0.02245872281,0.9810888468,0.01183762002,3,0.189185081,10.83950669,0.2964679395,28.91775101,18.07824433,7.515240335,0.02447353443,0,0
star_only,54,2,0,0.09750272093,0.943166173,0.2487313965,3,1.510561117,86.54877669,0.5762660838,85.25228631,1.296490379,1.851484157,0.02447353443,0,0
star_only,54,2,1,0.2585643906,0.9668786316,0.00752061654,3,1.510561117,86.54877669,0.5762660838,85.25228631,1.296490379,1.851484157,0.02447353443,0,0
co_independent_only,54,1,0,-0.01867614912,0.9994083952,0.2668767912,3,0.05801939305,3.324266351,0.3059391657,24.25103506,20.92676871,0,0,0.00796812749,0
co_independent_only,54,1,1,-0.07128235265,0.9825181207,0.01093197731,3,0.05801939305,3.324266351,0.3059391657,24.25103506,20.92676871,0,0,0.00796812749,0
co_independent_only,54,2,0,0.110628983,0.9790048247,0.2436816581,3,1.478246622,84.69729254,0.5406907208,84.33190025,0.3653922809,0,0,0.00796812749,0
co_independent_only,54,2,1,0.1442486733,0.9783568095,0.0150861345,3,1.478246622,84.69729254,0.5406907208,84.33190025,0.3653922809,0,0,0.00796812749,0
star_plus_co_independent,54,1,0,0.04666061538,0.9887916997,0.3828580036,3,0.189185081,10.83950669,0.2964679395,28.91775101,18.07824433,7.515240335,0.02447353443,0.00796812749,0
star_plus_co_independent,54,1,1,0.02029935369,0.9810888468,0.01183762002,3,0.189185081,10.83950669,0.2964679395,28.91775101,18.07824433,7.515240335,0.02447353443,0.00796812749,0
star_plus_co_independent,54,2,0,0.1077892741,0.943166173,0.2487313965,3,1.510561117,86.54877669,0.5762660838,85.25228631,1.296490379,1.851484157,0.02447353443,0.00796812749,0
star_plus_co_independent,54,2,1,0.2620128013,0.9668786316,0.00752061654,3,1.510561117,86.54877669,0.5762660838,85.25228631,1.296490379,1.851484157,0.02447353443,0.00796812749,0
star_co_plus_hi_ctl49,54,1,0,0.04309290348,0.9887916997,0.3828580036,3,0.189185081,10.83950669,0.2964679395,28.91775101,18.07824433,7.515240335,0.02447353443,0.00796812749,0
star_co_plus_hi_ctl49,54,1,1,0.01808457708,0.9810888468,0.01183762002,3,0.189185081,10.83950669,0.2964679395,28.91775101,18.07824433,7.515240335,0.02447353443,0.00796812749,0
star_co_plus_hi_ctl49,54,2,0,0.1093111462,0.943166173,0.2487313965,3,1.510561117,86.54877669,0.5762660838,85.25228631,1.296490379,1.851484157,0.02447353443,0.00796812749,0
star_co_plus_hi_ctl49,54,2,1,0.269312887,0.9668786316,0.00752061654,3,1.510561117,86.54877669,0.5762660838,85.25228631,1.296490379,1.851484157,0.02447353443,0.00796812749,0
star_only,55,1,0,0.06456720656,0.992176511,0.536902161,4,0.3531643898,20.23482901,0.3132928695,39.12318405,18.88835504,16.91056266,0.001138303927,0,0
star_only,55,1,1,0.07372239677,0.8847946283,0.02072010534,4,0.3531643898,20.23482901,0.3132928695,39.12318405,18.88835504,16.91056266,0.001138303927,0,0
star_only,55,2,0,0.09691871866,0.8561748829,0.2214843975,3,1.52327221,87.27706867,0.5394103605,86.3092861,0.9677825676,2.579776135,0.001138303927,0,0
star_only,55,2,1,0.2018184098,0.9584891361,0.008506924479,3,1.52327221,87.27706867,0.5394103605,86.3092861,0.9677825676,2.579776135,0.001138303927,0,0
co_independent_only,55,1,0,0.000824161983,0.9994083952,0.2668767912,3,0.05801939305,3.324266351,0.3059391657,24.25103506,20.92676871,0,0,0.01138303927,0
co_independent_only,55,1,1,-0.05896329283,0.9825181207,0.01093197731,3,0.05801939305,3.324266351,0.3059391657,24.25103506,20.92676871,0,0,0.01138303927,0
co_independent_only,55,2,0,0.09593626321,0.9790048247,0.2436816581,3,1.478246622,84.69729254,0.5406907208,84.33190025,0.3653922809,0,0,0.01138303927,0
co_independent_only,55,2,1,0.1301010923,0.9783568095,0.0150861345,3,1.478246622,84.69729254,0.5406907208,84.33190025,0.3653922809,0,0,0.01138303927,0
star_plus_co_independent,55,1,0,0.06388466323,0.992176511,0.536902161,4,0.3531643898,20.23482901,0.3132928695,39.12318405,18.88835504,16.91056266,0.001138303927,0.01138303927,0
star_plus_co_independent,55,1,1,0.07373352473,0.8847946283,0.02072010534,4,0.3531643898,20.23482901,0.3132928695,39.12318405,18.88835504,16.91056266,0.001138303927,0.01138303927,0
star_plus_co_independent,55,2,0,0.09463209211,0.8561748829,0.2214843975,3,1.52327221,87.27706867,0.5394103605,86.3092861,0.9677825676,2.579776135,0.001138303927,0.01138303927,0
star_plus_co_independent,55,2,1,0.1937789783,0.9584891361,0.008506924479,3,1.52327221,87.27706867,0.5394103605,86.3092861,0.9677825676,2.579776135,0.001138303927,0.01138303927,0
star_co_plus_hi_ctl49,55,1,0,0.0599923592,0.992176511,0.536902161,4,0.3531643898,20.23482901,0.3132928695,39.12318405,18.88835504,16.91056266,0.001138303927,0.01138303927,0
star_co_plus_hi_ctl49,55,1,1,0.07598080293,0.8847946283,0.02072010534,4,0.3531643898,20.23482901,0.3132928695,39.12318405,18.88835504,16.91056266,0.001138303927,0.01138303927,0
star_co_plus_hi_ctl49,55,2,0,0.08437439041,0.8561748829,0.2214843975,3,1.52327221,87.27706867,0.5394103605,86.3092861,0.9677825676,2.579776135,0.001138303927,0.01138303927,0
star_co_plus_hi_ctl49,55,2,1,0.1727825634,0.9584891361,0.008506924479,3,1.52327221,87.27706867,0.5394103605,86.3092861,0.9677825676,2.579776135,0.001138303927,0.01138303927,0
star_only,56,1,0,0.0135409014,0.9997262557,0.29351351,3,0.06155367363,3.526765713,0.2963092262,26.33208329,22.80531757,0.2024993611,0,0,0
star_only,56,1,1,-0.006539061964,0.9978712357,0.01206209855,3,0.06155367363,3.526765713,0.2963092262,26.33208329,22.80531757,0.2024993611,0,0,0
star_only,56,2,0,0.1022880817,0.9621348139,0.2476669834,4,1.437653738,82.3714916,0.5239735119,82.64518238,0.2736907762,2.325800933,0,0,0
star_only,56,2,1,0.1323705241,0.9864048842,0.01244299103,4,1.437653738,82.3714916,0.5239735119,82.64518238,0.2736907762,2.325800933,0,0,0
co_independent_only,56,1,0,0.001801977208,0.9994083952,0.2668767912,3,0.05801939305,3.324266351,0.3059391657,24.25103506,20.92676871,0,0,0.002845759818,0
co_independent_only,56,1,1,-0.06696901367,0.9825181207,0.01093197731,3,0.05801939305,3.324266351,0.3059391657,24.25103506,20.92676871,0,0,0.002845759818,0
co_independent_only,56,2,0,0.09751716068,0.9790048247,0.2436816581,3,1.478246622,84.69729254,0.5406907208,84.33190025,0.3653922809,0,0,0.002845759818,0
co_independent_only,56,2,1,0.1354478516,0.9783568095,0.0150861345,3,1.478246622,84.69729254,0.5406907208,84.33190025,0.3653922809,0,0,0.002845759818,0
star_plus_co_independent,56,1,0,0.02087722614,0.9997262557,0.29351351,3,0.06155367363,3.526765713,0.2963092262,26.33208329,22.80531757,0.2024993611,0,0.002845759818,0
star_plus_co_independent,56,1,1,-0.007471488019,0.9978712357,0.01206209855,3,0.06155367363,3.526765713,0.2963092262,26.33208329,22.80531757,0.2024993611,0,0.002845759818,0
star_plus_co_independent,56,2,0,0.0944751854,0.9621348139,0.2476669834,4,1.437653738,82.3714916,0.5239735119,82.64518238,0.2736907762,2.325800933,0,0.002845759818,0
star_plus_co_independent,56,2,1,0.1251590169,0.9864048842,0.01244299103,4,1.437653738,82.3714916,0.5239735119,82.64518238,0.2736907762,2.325800933,0,0.002845759818,0
star_co_plus_hi_ctl49,56,1,0,0.0200319051,0.9997262557,0.29351351,3,0.06155367363,3.526765713,0.2963092262,26.33208329,22.80531757,0.2024993611,0,0.002845759818,0
star_co_plus_hi_ctl49,56,1,1,-0.01537100651,0.9978712357,0.01206209855,3,0.06155367363,3.526765713,0.2963092262,26.33208329,22.80531757,0.2024993611,0,0.002845759818,0
star_co_plus_hi_ctl49,56,2,0,0.1005816614,0.9621348139,0.2476669834,4,1.437653738,82.3714916,0.5239735119,82.64518238,0.2736907762,2.325800933,0,0.002845759818,0
star_co_plus_hi_ctl49,56,2,1,0.1295120929,0.9864048842,0.01244299103,4,1.437653738,82.3714916,0.5239735119,82.64518238,0.2736907762,2.325800933,0,0.002845759818,0
star_only,57,1,0,0.08240267781,0.9948572114,0.3689076483,3,0.1884843177,10.79935591,0.2593629697,32.48261312,21.68325721,7.47508956,0.005691519636,0,0
star_only,57,1,1,0.04899093254,0.939225257,0.01580134717,3,0.1884843177,10.79935591,0.2593629697,32.48261312,21.68325721,7.47508956,0.005691519636,0,0
star_only,57,2,0,0.09943583984,0.8717279903,0.1609964755,3,1.468956848,84.16502767,0.5723592082,83.76738567,0.397642,0.5322648633,0.005691519636,0,0
star_only,57,2,1,0.1591026665,0.9811675834,0.01066515446,3,1.468956848,84.16502767,0.5723592082,83.76738567,0.397642,0.5322648633,0.005691519636,0,0
co_independent_only,57,1,0,0.0007539417767,0.9994083952,0.2668767912,3,0.05801939305,3.324266351,0.3059391657,24.25103506,20.92676871,0,0,0.006829823563,0
co_independent_only,57,1,1,-0.05988414442,0.9825181207,0.01093197731,3,0.05801939305,3.324266351,0.3059391657,24.25103506,20.92676871,0,0,0.006829823563,0
co_independent_only,57,2,0,0.0947152899,0.9790048247,0.2436816581,3,1.478246622,84.69729254,0.5406907208,84.33190025,0.3653922809,0,0,0.006829823563,0
co_independent_only,57,2,1,0.1341868617,0.9783568095,0.0150861345,3,1.478246622,84.69729254,0.5406907208,84.33190025,0.3653922809,0,0,0.006829823563,0
star_plus_co_independent,57,1,0,0.08704406334,0.9948572114,0.3689076483,3,0.1884843177,10.79935591,0.2593629697,32.48261312,21.68325721,7.47508956,0.005691519636,0.006829823563,0
star_plus_co_independent,57,1,1,0.05626176482,0.939225257,0.01580134717,3,0.1884843177,10.79935591,0.2593629697,32.48261312,21.68325721,7.47508956,0.005691519636,0.006829823563,0
star_plus_co_independent,57,2,0,0.09201031596,0.8717279903,0.1609964755,3,1.468956848,84.16502767,0.5723592082,83.76738567,0.397642,0.5322648633,0.005691519636,0.006829823563,0
star_plus_co_independent,57,2,1,0.1545928705,0.9811675834,0.01066515446,3,1.468956848,84.16502767,0.5723592082,83.76738567,0.397642,0.5322648633,0.005691519636,0.006829823563,0
star_co_plus_hi_ctl49,57,1,0,0.0960751723,0.9948572114,0.3689076483,3,0.1884843177,10.79935591,0.2593629697,32.48261312,21.68325721,7.47508956,0.005691519636,0.006829823563,0
star_co_plus_hi_ctl49,57,1,1,0.05654209554,0.939225257,0.01580134717,3,0.1884843177,10.79935591,0.2593629697,32.48261312,21.68325721,7.47508956,0.005691519636,0.006829823563,0
star_co_plus_hi_ctl49,57,2,0,0.09609773564,0.8717279903,0.1609964755,3,1.468956848,84.16502767,0.5723592082,83.76738567,0.397642,0.5322648633,0.005691519636,0.006829823563,0
star_co_plus_hi_ctl49,57,2,1,0.1632923461,0.9811675834,0.01066515446,3,1.468956848,84.16502767,0.5723592082,83.76738567,0.397642,0.5322648633,0.005691519636,0.006829823563,0
star_only,58,1,0,0.02975489189,0.9989826182,0.3562655586,3,0.05621541374,3.220905951,0.3936264888,21.73713911,18.51623316,0.1033604008,0,0,0
star_only,58,1,1,-0.003702428549,0.989362621,0.01455353355,3,0.05621541374,3.220905951,0.3936264888,21.73713911,18.51623316,0.1033604008,0,0,0
star_only,58,2,0,0.1035294894,0.9241703512,0.2961348514,4,1.403414379,80.40972084,0.5132820366,80.26363609,0.1460847489,4.287571691,0,0,0
star_only,58,2,1,0.09267296851,0.8537784945,0.01734993307,4,1.403414379,80.40972084,0.5132820366,80.26363609,0.1460847489,4.287571691,0,0,0
co_independent_only,58,1,0,-0.01082199349,0.9994083952,0.2668767912,3,0.05801939305,3.324266351,0.3059391657,24.25103506,20.92676871,0,0,0,0
co_independent_only,58,1,1,-0.06007822323,0.9825181207,0.01093197731,3,0.05801939305,3.324266351,0.3059391657,24.25103506,20.92676871,0,0,0,0
co_independent_only,58,2,0,0.1020581736,0.9790048247,0.2436816581,3,1.478246622,84.69729254,0.5406907208,84.33190025,0.3653922809,0,0,0,0
co_independent_only,58,2,1,0.1346811551,0.9783568095,0.0150861345,3,1.478246622,84.69729254,0.5406907208,84.33190025,0.3653922809,0,0,0,0
star_plus_co_independent,58,1,0,0.02283272019,0.9989826182,0.3562655586,3,0.05621541374,3.220905951,0.3936264888,21.73713911,18.51623316,0.1033604008,0,0,0
star_plus_co_independent,58,1,1,0.005873687178,0.989362621,0.01455353355,3,0.05621541374,3.220905951,0.3936264888,21.73713911,18.51623316,0.1033604008,0,0,0
star_plus_co_independent,58,2,0,0.1026199706,0.9241703512,0.2961348514,4,1.403414379,80.40972084,0.5132820366,80.26363609,0.1460847489,4.287571691,0,0,0
star_plus_co_independent,58,2,1,0.08302066929,0.8537784945,0.01734993307,4,1.403414379,80.40972084,0.5132820366,80.26363609,0.1460847489,4.287571691,0,0,0
star_co_plus_hi_ctl49,58,1,0,0.02531560919,0.9989826182,0.3562655586,3,0.05621541374,3.220905951,0.3936264888,21.73713911,18.51623316,0.1033604008,0,0,0
star_co_plus_hi_ctl49,58,1,1,0.01148395953,0.989362621,0.01455353355,3,0.05621541374,3.220905951,0.3936264888,21.73713911,18.51623316,0.1033604008,0,0,0
star_co_plus_hi_ctl49,58,2,0,0.1085198773,0.9241703512,0.2961348514,4,1.403414379,80.40972084,0.5132820366,80.26363609,0.1460847489,4.287571691,0,0,0
star_co_plus_hi_ctl49,58,2,1,0.08932709997,0.8537784945,0.01734993307,4,1.403414379,80.40972084,0.5132820366,80.26363609,0.1460847489,4.287571691,0,0,0
star_only,59,1,0,-0.01510072892,0.9999202951,0.3458907879,3,0.09986584414,5.721891387,0.3833771595,19.24371306,13.52182168,2.397625035,0,0,0
star_only,59,1,1,-0.02010605845,0.9783891438,0.01229299269,3,0.09986584414,5.721891387,0.3833771595,19.24371306,13.52182168,2.397625035,0,0,0
star_only,59,2,0,0.08916626623,0.9920381877,0.3438992235,3,1.492647938,85.52242714,0.5516243731,84.8689541,0.6534730366,0.8251346059,0,0,0
star_only,59,2,1,0.1705526151,0.9999767389,0.01454343386,3,1.492647938,85.52242714,0.5516243731,84.8689541,0.6534730366,0.8251346059,0,0,0
co_independent_only,59,1,0,0.004299722231,0.9994083952,0.2668767912,3,0.05801939305,3.324266351,0.3059391657,24.25103506,20.92676871,0,0,0,0
co_independent_only,59,1,1,-0.06073822086,0.9825181207,0.01093197731,3,0.05801939305,3.324266351,0.3059391657,24.25103506,20.92676871,0,0,0,0
co_independent_only,59,2,0,0.09073517105,0.9790048247,0.2436816581,3,1.478246622,84.69729254,0.5406907208,84.33190025,0.3653922809,0,0,0,0
co_independent_only,59,2,1,0.1358460956,0.9783568095,0.0150861345,3,1.478246622,84.69729254,0.5406907208,84.33190025,0.3653922809,0,0,0,0
star_plus_co_independent,59,1,0,-0.003047313819,0.9999202951,0.3458907879,3,0.09986584414,5.721891387,0.3833771595,19.24371306,13.52182168,2.397625035,0,0,0
star_plus_co_independent,59,1,1,-0.01727485127,0.9783891438,0.01229299269,3,0.09986584414,5.721891387,0.3833771595,19.24371306,13.52182168,2.397625035,0,0,0
star_plus_co_independent,59,2,0,0.08162037447,0.9920381877,0.3438992235,3,1.492647938,85.52242714,0.5516243731,84.8689541,0.6534730366,0.8251346059,0,0,0
star_plus_co_independent,59,2,1,0.1694189476,0.9999767389,0.01454343386,3,1.492647938,85.52242714,0.5516243731,84.8689541,0.6534730366,0.8251346059,0,0,0
star_co_plus_hi_ctl49,59,1,0,0.002323836882,0.9999202951,0.3458907879,3,0.09986584414,5.721891387,0.3833771595,19.24371306,13.52182168,2.397625035,0,0,0
star_co_plus_hi_ctl49,59,1,1,-0.007069843947,0.9783891438,0.01229299269,3,0.09986584414,5.721891387,0.3833771595,19.24371306,13.52182168,2.397625035,0,0,0
star_co_plus_hi_ctl49,59,2,0,0.08135038766,0.9920381877,0.3438992235,3,1.492647938,85.52242714,0.5516243731,84.8689541,0.6534730366,0.8251346059,0,0,0
star_co_plus_hi_ctl49,59,2,1,0.1617794315,0.9999767389,0.01454343386,3,1.492647938,85.52242714,0.5516243731,84.8689541,0.6534730366,0.8251346059,0,0,0
star_only,60,1,0,-0.08862478817,0.9950800766,0.2371980654,3,-0.03967541294,-2.273233712,0.3228133352,17.45713465,19.73036836,5.597500063,0,0,0
star_only,60,1,1,-0.1280560937,0.906210493,0.009111677068,3,-0.03967541294,-2.273233712,0.3228133352,17.45713465,19.73036836,5.597500063,0,0,0
star_only,60,2,0,0.09620048611,0.9984115581,0.25335994,3,1.517509638,86.94689765,0.5157803763,86.19554113,0.7513565146,2.249605113,0,0,0
star_only,60,2,1,0.1353405177,0.9018963041,0.009291037594,3,1.517509638,86.94689765,0.5157803763,86.19554113,0.7513565146,2.249605113,0,0,0
co_independent_only,60,1,0,0.008596819658,0.9994083952,0.2668767912,3,0.05801939305,3.324266351,0.3059391657,24.25103506,20.92676871,0,0,0,0
co_independent_only,60,1,1,-0.05224904545,0.9825181207,0.01093197731,3,0.05801939305,3.324266351,0.3059391657,24.25103506,20.92676871,0,0,0,0
co_independent_only,60,2,0,0.09065622541,0.9790048247,0.2436816581,3,1.478246622,84.69729254,0.5406907208,84.33190025,0.3653922809,0,0,0,0
co_independent_only,60,2,1,0.133145978,0.9783568095,0.0150861345,3,1.478246622,84.69729254,0.5406907208,84.33190025,0.3653922809,0,0,0,0
star_plus_co_independent,60,1,0,-0.08080977123,0.9950800766,0.2371980654,3,-0.03967541294,-2.273233712,0.3228133352,17.45713465,19.73036836,5.597500063,0,0,0
star_plus_co_independent,60,1,1,-0.1224969278,0.906210493,0.009111677068,3,-0.03967541294,-2.273233712,0.3228133352,17.45713465,19.73036836,5.597500063,0,0,0
star_plus_co_independent,60,2,0,0.08857136077,0.9984115581,0.25335994,3,1.517509638,86.94689765,0.5157803763,86.19554113,0.7513565146,2.249605113,0,0,0
star_plus_co_independent,60,2,1,0.1299982515,0.9018963041,0.009291037594,3,1.517509638,86.94689765,0.5157803763,86.19554113,0.7513565146,2.249605113,0,0,0
star_co_plus_hi_ctl49,60,1,0,-0.06154828429,0.9950800766,0.2371980654,3,-0.03967541294,-2.273233712,0.3228133352,17.45713465,19.73036836,5.597500063,0,0,0
star_co_plus_hi_ctl49,60,1,1,-0.1142248223,0.906210493,0.009111677068,3,-0.03967541294,-2.273233712,0.3228133352,17.45713465,19.73036836,5.597500063,0,0,0
star_co_plus_hi_ctl49,60,2,0,0.06887389672,0.9984115581,0.25335994,3,1.517509638,86.94689765,0.5157803763,86.19554113,0.7513565146,2.249605113,0,0,0
star_co_plus_hi_ctl49,60,2,1,0.1218855124,0.9018963041,0.009291037594,3,1.517509638,86.94689765,0.5157803763,86.19554113,0.7513565146,2.249605113,0,0,0
star_only,61,1,0,-0.01798315829,0.9892784246,0.2304159727,3,0.04763262015,2.729148102,0.2534274875,24.49270919,21.76356108,0.5951182497,0,0,0
star_only,61,1,1,-0.1564522527,0.9668895635,0.009293819058,3,0.04763262015,2.729148102,0.2534274875,24.49270919,21.76356108,0.5951182497,0,0,0
star_only,61,2,0,0.09636939771,0.9855569258,0.2281408891,3,1.508322171,86.42049454,0.5426049507,85.49459067,0.925903871,1.723202008,0,0,0
star_only,61,2,1,0.1944879082,0.97353844,0.009675041182,3,1.508322171,86.42049454,0.5426049507,85.49459067,0.925903871,1.723202008,0,0,0
co_independent_only,61,1,0,0.003549060317,0.9994083952,0.2668767912,3,0.05801939305,3.324266351,0.3059391657,24.25103506,20.92676871,0,0,0,0
co_independent_only,61,1,1,-0.07287672599,0.9825181207,0.01093197731,3,0.05801939305,3.324266351,0.3059391657,24.25103506,20.92676871,0,0,0,0
co_independent_only,61,2,0,0.09612786563,0.9790048247,0.2436816581,3,1.478246622,84.69729254,0.5406907208,84.33190025,0.3653922809,0,0,0,0
co_independent_only,61,2,1,0.1410657127,0.9783568095,0.0150861345,3,1.478246622,84.69729254,0.5406907208,84.33190025,0.3653922809,0,0,0,0
star_plus_co_independent,61,1,0,-0.009263744141,0.9892784246,0.2304159727,3,0.04763262015,2.729148102,0.2534274875,24.49270919,21.76356108,0.5951182497,0,0,0
star_plus_co_independent,61,1,1,-0.1616986973,0.9668895635,0.009293819058,3,0.04763262015,2.729148102,0.2534274875,24.49270919,21.76356108,0.5951182497,0,0,0
star_plus_co_independent,61,2,0,0.09160860612,0.9855569258,0.2281408891,3,1.508322171,86.42049454,0.5426049507,85.49459067,0.925903871,1.723202008,0,0,0
star_plus_co_independent,61,2,1,0.1962354912,0.97353844,0.009675041182,3,1.508322171,86.42049454,0.5426049507,85.49459067,0.925903871,1.723202008,0,0,0
star_co_plus_hi_ctl49,61,1,0,-0.005116549412,0.9892784246,0.2304159727,3,0.04763262015,2.729148102,0.2534274875,24.49270919,21.76356108,0.5951182497,0,0,0
star_co_plus_hi_ctl49,61,1,1,-0.16539272,0.9668895635,0.009293819058,3,0.04763262015,2.729148102,0.2534274875,24.49270919,21.76356108,0.5951182497,0,0,0
star_co_plus_hi_ctl49,61,2,0,0.0844856158,0.9855569258,0.2281408891,3,1.508322171,86.42049454,0.5426049507,85.49459067,0.925903871,1.723202008,0,0,0
star_co_plus_hi_ctl49,61,2,1,0.1985863896,0.97353844,0.009675041182,3,1.508322171,86.42049454,0.5426049507,85.49459067,0.925903871,1.723202008,0,0,0
star_only,62,1,0,-0.04285744324,0.9886858992,0.2166783849,3,-0.009624149659,-0.5514231569,0.3321030914,19.58591638,20.13733953,3.875689508,0.01365964713,0,0
star_only,62,1,1,-0.0307362498,0.9999826791,0.01380625787,3,-0.009624149659,-0.5514231569,0.3321030914,19.58591638,20.13733953,3.875689508,0.01365964713,0,0
star_only,62,2,0,0.09909722653,0.9957035067,0.2224297078,3,1.482450945,84.93818246,0.5306172265,84.21050457,0.7276778929,0.240889925,0.01365964713,0,0
star_only,62,2,1,0.1217954226,0.9793171912,0.01408390854,3,1.482450945,84.93818246,0.5306172265,84.21050457,0.7276778929,0.240889925,0.01365964713,0,0
co_independent_only,62,1,0,0.008196546375,0.9994083952,0.2668767912,3,0.05801939305,3.324266351,0.3059391657,24.25103506,20.92676871,0,0,0,0
co_independent_only,62,1,1,-0.05841857941,0.9825181207,0.01093197731,3,0.05801939305,3.324266351,0.3059391657,24.25103506,20.92676871,0,0,0,0
co_independent_only,62,2,0,0.08977582343,0.9790048247,0.2436816581,3,1.478246622,84.69729254,0.5406907208,84.33190025,0.3653922809,0,0,0,0
co_independent_only,62,2,1,0.1322940607,0.9783568095,0.0150861345,3,1.478246622,84.69729254,0.5406907208,84.33190025,0.3653922809,0,0,0,0
star_plus_co_independent,62,1,0,-0.03306045966,0.9886858992,0.2166783849,3,-0.009624149659,-0.5514231569,0.3321030914,19.58591638,20.13733953,3.875689508,0.01365964713,0,0
star_plus_co_independent,62,1,1,-0.02519669487,0.9999826791,0.01380625787,3,-0.009624149659,-0.5514231569,0.3321030914,19.58591638,20.13733953,3.875689508,0.01365964713,0,0
star_plus_co_independent,62,2,0,0.08698502056,0.9957035067,0.2224297078,3,1.482450945,84.93818246,0.5306172265,84.21050457,0.7276778929,0.240889925,0.01365964713,0,0
star_plus_co_independent,62,2,1,0.1135606119,0.9793171912,0.01408390854,3,1.482450945,84.93818246,0.5306172265,84.21050457,0.7276778929,0.240889925,0.01365964713,0,0
star_co_plus_hi_ctl49,62,1,0,-0.03501599432,0.9886858992,0.2166783849,3,-0.009624149659,-0.5514231569,0.3321030914,19.58591638,20.13733953,3.875689508,0.01365964713,0,0
star_co_plus_hi_ctl49,62,1,1,-0.03339753615,0.9999826791,0.01380625787,3,-0.009624149659,-0.5514231569,0.3321030914,19.58591638,20.13733953,3.875689508,0.01365964713,0,0
star_co_plus_hi_ctl49,62,2,0,0.08892295305,0.9957035067,0.2224297078,3,1.482450945,84.93818246,0.5306172265,84.21050457,0.7276778929,0.240889925,0.01365964713,0,0
star_co_plus_hi_ctl49,62,2,1,0.1225493702,0.9793171912,0.01408390854,3,1.482450945,84.93818246,0.5306172265,84.21050457,0.7276778929,0.240889925,0.01365964713,0,0
star_only,63,1,0,-0.003528775635,0.9947170599,0.2827915831,3,0.1158471745,6.637554169,0.3073701139,27.44312676,20.80557259,3.313287817,0.002845759818,0,0
star_only,63,1,1,-0.003647809146,0.9808503865,0.01236628886,3,0.1158471745,6.637554169,0.3073701139,27.44312676,20.80557259,3.313287817,0.002845759818,0,0
star_only,63,2,0,0.09029832558,0.9937542929,0.2360759525,3,1.500533602,85.9742424,0.5414400734,85.71728629,0.2569561094,1.276949863,0.002845759818,0,0
star_only,63,2,1,0.06959758898,0.9125552668,0.01080723151,3,1.500533602,85.9742424,0.5414400734,85.71728629,0.2569561094,1.276949863,0.002845759818,0,0
co_independent_only,63,1,0,-0.01589677115,0.9994083952,0.2668767912,3,0.05801939305,3.324266351,0.3059391657,24.25103506,20.92676871,0,0,0.003984063745,0
co_independent_only,63,1,1,-0.06998677323,0.9825181207,0.01093197731,3,0.05801939305,3.324266351,0.3059391657,24.25103506,20.92676871,0,0,0.003984063745,0
co_independent_only,63,2,0,0.1083420568,0.9790048247,0.2436816581,3,1.478246622,84.69729254,0.5406907208,84.33190025,0.3653922809,0,0,0.003984063745,0
co_independent_only,63,2,1,0.1455951431,0.9783568095,0.0150861345,3,1.478246622,84.69729254,0.5406907208,84.33190025,0.3653922809,0,0,0.003984063745,0
star_plus_co_independent,63,1,0,-0.01272229966,0.9947170599,0.2827915831,3,0.1158471745,6.637554169,0.3073701139,27.44312676,20.80557259,3.313287817,0.002845759818,0.003984063745,0
star_plus_co_independent,63,1,1,-0.006887154665,0.9808503865,0.01236628886,3,0.1158471745,6.637554169,0.3073701139,27.44312676,20.80557259,3.313287817,0.002845759818,0.003984063745,0
star_plus_co_independent,63,2,0,0.09991084857,0.9937542929,0.2360759525,3,1.500533602,85.9742424,0.5414400734,85.71728629,0.2569561094,1.276949863,0.002845759818,0.003984063745,0
star_plus_co_independent,63,2,1,0.07755716018,0.9125552668,0.01080723151,3,1.500533602,85.9742424,0.5414400734,85.71728629,0.2569561094,1.276949863,0.002845759818,0.003984063745,0
star_co_plus_hi_ctl49,63,1,0,-0.02749142985,0.9947170599,0.2827915831,3,0.1158471745,6.637554169,0.3073701139,27.44312676,20.80557259,3.313287817,0.002845759818,0.003984063745,0
star_co_plus_hi_ctl49,63,1,1,-0.01116482033,0.9808503865,0.01236628886,3,0.1158471745,6.637554169,0.3073701139,27.44312676,20.80557259,3.313287817,0.002845759818,0.003984063745,0
star_co_plus_hi_ctl49,63,2,0,0.09968807651,0.9937542929,0.2360759525,3,1.500533602,85.9742424,0.5414400734,85.71728629,0.2569561094,1.276949863,0.002845759818,0.003984063745,0
star_co_plus_hi_ctl49,63,2,1,0.08167819155,0.9125552668,0.01080723151,3,1.500533602,85.9742424,0.5414400734,85.71728629,0.2569561094,1.276949863,0.002845759818,0.003984063745,0
star_only,64,1,0,-0.1218199399,0.9935732852,0.2874719396,4,-0.144506353,-8.279604139,0.3259782913,14.12381169,22.40341583,11.60387049,0.03927148549,0,0
star_only,64,1,1,-0.151214838,0.9935551168,0.01805393284,4,-0.144506353,-8.279604139,0.3259782913,14.12381169,22.40341583,11.60387049,0.03927148549,0,0
star_only,64,2,0,0.1135406527,0.9960902436,0.2777580041,4,1.444067351,82.73896455,0.5306504771,83.20912406,0.4701595116,1.958327986,0.03927148549,0,0
star_only,64,2,1,0.136108145,0.9428941206,0.01972787738,4,1.444067351,82.73896455,0.5306504771,83.20912406,0.4701595116,1.958327986,0.03927148549,0,0
co_independent_only,64,1,0,-0.01129349807,0.9994083952,0.2668767912,3,0.05801939305,3.324266351,0.3059391657,24.25103506,20.92676871,0,0,0.01195219124,0
co_independent_only,64,1,1,-0.07090904387,0.9825181207,0.01093197731,3,0.05801939305,3.324266351,0.3059391657,24.25103506,20.92676871,0,0,0.01195219124,0
co_independent_only,64,2,0,0.1086029366,0.9790048247,0.2436816581,3,1.478246622,84.69729254,0.5406907208,84.33190025,0.3653922809,0,0,0.01195219124,0
co_independent_only,64,2,1,0.1458664494,0.9783568095,0.0150861345,3,1.478246622,84.69729254,0.5406907208,84.33190025,0.3653922809,0,0,0.01195219124,0
star_plus_co_independent,64,1,0,-0.1270479143,0.9935732852,0.2874719396,4,-0.144506353,-8.279604139,0.3259782913,14.12381169,22.40341583,11.60387049,0.03927148549,0.01195219124,0
star_plus_co_independent,64,1,1,-0.1590248794,0.9935551168,0.01805393284,4,-0.144506353,-8.279604139,0.3259782913,14.12381169,22.40341583,11.60387049,0.03927148549,0.01195219124,0
star_plus_co_independent,64,2,0,0.1198215855,0.9960902436,0.2777580041,4,1.444067351,82.73896455,0.5306504771,83.20912406,0.4701595116,1.958327986,0.03927148549,0.01195219124,0
star_plus_co_independent,64,2,1,0.1431793256,0.9428941206,0.01972787738,4,1.444067351,82.73896455,0.5306504771,83.20912406,0.4701595116,1.958327986,0.03927148549,0.01195219124,0
star_co_plus_hi_ctl49,64,1,0,-0.1273063449,0.9935732852,0.2874719396,4,-0.144506353,-8.279604139,0.3259782913,14.12381169,22.40341583,11.60387049,0.03927148549,0.01195219124,0
star_co_plus_hi_ctl49,64,1,1,-0.1552249554,0.9935551168,0.01805393284,4,-0.144506353,-8.279604139,0.3259782913,14.12381169,22.40341583,11.60387049,0.03927148549,0.01195219124,0
star_co_plus_hi_ctl49,64,2,0,0.119262762,0.9960902436,0.2777580041,4,1.444067351,82.73896455,0.5306504771,83.20912406,0.4701595116,1.958327986,0.03927148549,0.01195219124,0
star_co_plus_hi_ctl49,64,2,1,0.1386249744,0.9428941206,0.01972787738,4,1.444067351,82.73896455,0.5306504771,83.20912406,0.4701595116,1.958327986,0.03927148549,0.01195219124,0
star_only,65,1,0,0.06987033569,0.9839094059,0.3268692028,3,0.1900473825,10.88891292,0.3016281563,31.62331022,20.7343973,7.564646573,0,0,0
star_only,65,1,1,-0.005957262319,0.9736940941,0.01416372611,3,0.1900473825,10.88891292,0.3016281563,31.62331022,20.7343973,7.564646573,0,0,0
star_only,65,2,0,0.1114359278,0.934424071,0.2018344364,3,1.481860771,84.90436801,0.5282769321,84.68207103,0.2222969766,0.2070754765,0,0,0
star_only,65,2,1,0.1312045182,0.9913209976,0.01223107869,3,1.481860771,84.90436801,0.5282769321,84.68207103,0.2222969766,0.2070754765,0,0,0
co_independent_only,65,1,0,-0.01318659479,0.9994083952,0.2668767912,3,0.05801939305,3.324266351,0.3059391657,24.25103506,20.92676871,0,0,0,0
co_independent_only,65,1,1,-0.06599728262,0.9825181207,0.01093197731,3,0.05801939305,3.324266351,0.3059391657,24.25103506,20.92676871,0,0,0,0
co_independent_only,65,2,0,0.1097417652,0.9790048247,0.2436816581,3,1.478246622,84.69729254,0.5406907208,84.33190025,0.3653922809,0,0,0,0
co_independent_only,65,2,1,0.1378853157,0.9783568095,0.0150861345,3,1.478246622,84.69729254,0.5406907208,84.33190025,0.3653922809,0,0,0,0
star_plus_co_independent,65,1,0,0.06427079632,0.9839094059,0.3268692028,3,0.1900473825,10.88891292,0.3016281563,31.62331022,20.7343973,7.564646573,0,0,0
star_plus_co_independent,65,1,1,-0.01054949893,0.9736940941,0.01416372611,3,0.1900473825,10.88891292,0.3016281563,31.62331022,20.7343973,7.564646573,0,0,0
star_plus_co_independent,65,2,0,0.1183088792,0.934424071,0.2018344364,3,1.481860771,84.90436801,0.5282769321,84.68207103,0.2222969766,0.2070754765,0,0,0
star_plus_co_independent,65,2,1,0.1325886889,0.9913209976,0.01223107869,3,1.481860771,84.90436801,0.5282769321,84.68207103,0.2222969766,0.2070754765,0,0,0
star_co_plus_hi_ctl49,65,1,0,0.0745951901,0.9839094059,0.3268692028,3,0.1900473825,10.88891292,0.3016281563,31.62331022,20.7343973,7.564646573,0,0,0
star_co_plus_hi_ctl49,65,1,1,0.004918339377,0.9736940941,0.01416372611,3,0.1900473825,10.88891292,0.3016281563,31.62331022,20.7343973,7.564646573,0,0,0
star_co_plus_hi_ctl49,65,2,0,0.1238211724,0.934424071,0.2018344364,3,1.481860771,84.90436801,0.5282769321,84.68207103,0.2222969766,0.2070754765,0,0,0
star_co_plus_hi_ctl49,65,2,1,0.131618313,0.9913209976,0.01223107869,3,1.481860771,84.90436801,0.5282769321,84.68207103,0.2222969766,0.2070754765,0,0,0
star_only,66,1,0,0.105720619,0.9777429997,0.6400482633,3,0.4721137639,27.05012612,0.2688823269,44.62608051,17.57595439,23.72585977,0,0,0
star_only,66,1,1,0.02022216802,0.9546543137,0.01430029524,3,0.4721137639,27.05012612,0.2688823269,44.62608051,17.57595439,23.72585977,0,0,0
star_only,66,2,0,0.103602953,0.7247633289,0.2016382806,4,1.444527985,82.76535692,0.5413547942,82.55959286,0.2057640585,1.931935614,0,0,0
star_only,66,2,1,0.1541884552,0.9016184614,0.007269978931,4,1.444527985,82.76535692,0.5413547942,82.55959286,0.2057640585,1.931935614,0,0,0
co_independent_only,66,1,0,-0.01296158953,0.9994083952,0.2668767912,3,0.05801939305,3.324266351,0.3059391657,24.25103506,20.92676871,0,0,0.001707455891,0
co_independent_only,66,1,1,-0.07621567811,0.9825181207,0.01093197731,3,0.05801939305,3.324266351,0.3059391657,24.25103506,20.92676871,0,0,0.001707455891,0
co_independent_only,66,2,0,0.109555316,0.9790048247,0.2436816581,3,1.478246622,84.69729254,0.5406907208,84.33190025,0.3653922809,0,0,0.001707455891,0
co_independent_only,66,2,1,0.1435734122,0.9783568095,0.0150861345,3,1.478246622,84.69729254,0.5406907208,84.33190025,0.3653922809,0,0,0.001707455891,0
star_plus_co_independent,66,1,0,0.102611537,0.9777429997,0.6400482633,3,0.4721137639,27.05012612,0.2688823269,44.62608051,17.57595439,23.72585977,0,0.001707455891,0
star_plus_co_independent,66,1,1,0.01703924862,0.9546543137,0.01430029524,3,0.4721137639,27.05012612,0.2688823269,44.62608051,17.57595439,23.72585977,0,0.001707455891,0
star_plus_co_independent,66,2,0,0.1085869176,0.7247633289,0.2016382806,4,1.444527985,82.76535692,0.5413547942,82.55959286,0.2057640585,1.931935614,0,0.001707455891,0
star_plus_co_independent,66,2,1,0.1540652177,0.9016184614,0.007269978931,4,1.444527985,82.76535692,0.5413547942,82.55959286,0.2057640585,1.931935614,0,0.001707455891,0
star_co_plus_hi_ctl49,66,1,0,0.1046771499,0.9777429997,0.6400482633,3,0.4721137639,27.05012612,0.2688823269,44.62608051,17.57595439,23.72585977,0,0.001707455891,0
star_co_plus_hi_ctl49,66,1,1,0.0125131495,0.9546543137,0.01430029524,3,0.4721137639,27.05012612,0.2688823269,44.62608051,17.57595439,23.72585977,0,0.001707455891,0
star_co_plus_hi_ctl49,66,2,0,0.1093108219,0.7247633289,0.2016382806,4,1.444527985,82.76535692,0.5413547942,82.55959286,0.2057640585,1.931935614,0,0.001707455891,0
star_co_plus_hi_ctl49,66,2,1,0.163882078,0.9016184614,0.007269978931,4,1.444527985,82.76535692,0.5413547942,82.55959286,0.2057640585,1.931935614,0,0.001707455891,0
star_only,67,1,0,-0.03735854618,0.9741912742,0.1509150595,4,-0.0001058287165,-0.006063538808,0.2322858412,31.209002,31.21506554,3.33032989,0,0,0
star_only,67,1,1,0.01239542796,0.9563770993,0.009966767664,4,-0.0001058287165,-0.006063538808,0.2322858412,31.209002,31.21506554,3.33032989,0,0,0
star_only,67,2,0,0.09672867411,0.9697498293,0.1347832318,3,1.488161371,85.26536581,0.5630082199,84.80665387,0.45871194,0.5680732767,0,0,0
star_only,67,2,1,0.06165407001,0.913004097,0.01125230842,3,1.488161371,85.26536581,0.5630082199,84.80665387,0.45871194,0.5680732767,0,0,0
co_independent_only,67,1,0,-0.01604592903,0.9994083952,0.2668767912,3,0.05801939305,3.324266351,0.3059391657,24.25103506,20.92676871,0,0,0,0
co_independent_only,67,1,1,-0.07801174475,0.9825181207,0.01093197731,3,0.05801939305,3.324266351,0.3059391657,24.25103506,20.92676871,0,0,0,0
co_independent_only,67,2,0,0.1005011593,0.9790048247,0.2436816581,3,1.478246622,84.69729254,0.5406907208,84.33190025,0.3653922809,0,0,0,0
co_independent_only,67,2,1,0.1422391947,0.9783568095,0.0150861345,3,1.478246622,84.69729254,0.5406907208,84.33190025,0.3653922809,0,0,0,0
star_plus_co_independent,67,1,0,-0.04398905817,0.9741912742,0.1509150595,4,-0.0001058287165,-0.006063538808,0.2322858412,31.209002,31.21506554,3.33032989,0,0,0
star_plus_co_independent,67,1,1,0.004505695682,0.9563770993,0.009966767664,4,-0.0001058287165,-0.006063538808,0.2322858412,31.209002,31.21506554,3.33032989,0,0,0
star_plus_co_independent,67,2,0,0.09574046368,0.9697498293,0.1347832318,3,1.488161371,85.26536581,0.5630082199,84.80665387,0.45871194,0.5680732767,0,0,0
star_plus_co_independent,67,2,1,0.06511180321,0.913004097,0.01125230842,3,1.488161371,85.26536581,0.5630082199,84.80665387,0.45871194,0.5680732767,0,0,0
star_co_plus_hi_ctl49,67,1,0,-0.03664651238,0.9741912742,0.1509150595,4,-0.0001058287165,-0.006063538808,0.2322858412,31.209002,31.21506554,3.33032989,0,0,0
star_co_plus_hi_ctl49,67,1,1,0.004790253315,0.9563770993,0.009966767664,4,-0.0001058287165,-0.006063538808,0.2322858412,31.209002,31.21506554,3.33032989,0,0,0
star_co_plus_hi_ctl49,67,2,0,0.08837711808,0.9697498293,0.1347832318,3,1.488161371,85.26536581,0.5630082199,84.80665387,0.45871194,0.5680732767,0,0,0
star_co_plus_hi_ctl49,67,2,1,0.06688328387,0.913004097,0.01125230842,3,1.488161371,85.26536581,0.5630082199,84.80665387,0.45871194,0.5680732767,0,0,0
star_only,68,1,0,-0.006111774225,0.9952548123,0.3829298514,3,0.1295126524,7.420528377,0.3443951725,25.85858924,18.43806086,4.096262025,0.03585657371,0,0
star_only,68,1,1,-0.05148379011,0.9056814881,0.01366012933,3,0.1295126524,7.420528377,0.3443951725,25.85858924,18.43806086,4.096262025,0.03585657371,0,0
star_only,68,2,0,0.1118381745,0.958422585,0.3018149291,4,1.432390355,82.06992197,0.5109703774,82.19339542,0.1234734517,2.627370565,0.03585657371,0,0
star_only,68,2,1,0.1369162502,0.9481448563,0.01079920249,4,1.432390355,82.06992197,0.5109703774,82.19339542,0.1234734517,2.627370565,0.03585657371,0,0
co_independent_only,68,1,0,-0.001287079551,0.9994083952,0.2668767912,3,0.05801939305,3.324266351,0.3059391657,24.25103506,20.92676871,0,0,0,0
co_independent_only,68,1,1,-0.07024607722,0.9825181207,0.01093197731,3,0.05801939305,3.324266351,0.3059391657,24.25103506,20.92676871,0,0,0,0
co_independent_only,68,2,0,0.09641326009,0.9790048247,0.2436816581,3,1.478246622,84.69729254,0.5406907208,84.33190025,0.3653922809,0,0,0,0
co_independent_only,68,2,1,0.1412787026,0.9783568095,0.0150861345,3,1.478246622,84.69729254,0.5406907208,84.33190025,0.3653922809,0,0,0,0
star_plus_co_independent,68,1,0,-0.003360825277,0.9952548123,0.3829298514,3,0.1295126524,7.420528377,0.3443951725,25.85858924,18.43806086,4.096262025,0.03585657371,0,0
star_plus_co_independent,68,1,1,-0.05587960725,0.9056814881,0.01366012933,3,0.1295126524,7.420528377,0.3443951725,25.85858924,18.43806086,4.096262025,0.03585657371,0,0
star_plus_co_independent,68,2,0,0.1040873506,0.958422585,0.3018149291,4,1.432390355,82.06992197,0.5109703774,82.19339542,0.1234734517,2.627370565,0.03585657371,0,0
star_plus_co_independent,68,2,1,0.1373921753,0.9481448563,0.01079920249,4,1.432390355,82.06992197,0.5109703774,82.19339542,0.1234734517,2.627370565,0.03585657371,0,0
star_co_plus_hi_ctl49,68,1,0,0.004149551012,0.9952548123,0.3829298514,3,0.1295126524,7.420528377,0.3443951725,25.85858924,18.43806086,4.096262025,0.03585657371,0,0
star_co_plus_hi_ctl49,68,1,1,-0.05484749992,0.9056814881,0.01366012933,3,0.1295126524,7.420528377,0.3443951725,25.85858924,18.43806086,4.096262025,0.03585657371,0,0
star_co_plus_hi_ctl49,68,2,0,0.09528760327,0.958422585,0.3018149291,4,1.432390355,82.06992197,0.5109703774,82.19339542,0.1234734517,2.627370565,0.03585657371,0,0
star_co_plus_hi_ctl49,68,2,1,0.1313184369,0.9481448563,0.01079920249,4,1.432390355,82.06992197,0.5109703774,82.19339542,0.1234734517,2.627370565,0.03585657371,0,0
star_only,69,1,0,-0.1229219862,0.9962513323,0.3123328296,4,-0.1772203997,-10.15398095,0.3170667902,9.277756574,19.43173752,13.4782473,0.005122367672,0,0
star_only,69,1,1,-0.1621323638,0.9618558015,0.0161896485,4,-0.1772203997,-10.15398095,0.3170667902,9.277756574,19.43173752,13.4782473,0.005122367672,0,0
star_only,69,2,0,0.103858197,0.9993715292,0.275224865,4,1.443568723,82.71039529,0.5518053206,82.71096271,0.0005674166615,1.986897244,0.005122367672,0,0
star_only,69,2,1,0.1374763854,0.992873652,0.01598301693,4,1.443568723,82.71039529,0.5518053206,82.71096271,0.0005674166615,1.986897244,0.005122367672,0,0
co_independent_only,69,1,0,-0.0009692929698,0.9994083952,0.2668767912,3,0.05801939305,3.324266351,0.3059391657,24.25103506,20.92676871,0,0,0.004553215709,0
co_independent_only,69,1,1,-0.07573753431,0.9825181207,0.01093197731,3,0.05801939305,3.324266351,0.3059391657,24.25103506,20.92676871,0,0,0.004553215709,0
co_independent_only,69,2,0,0.1048633368,0.9790048247,0.2436816581,3,1.478246622,84.69729254,0.5406907208,84.33190025,0.3653922809,0,0,0.004553215709,0
co_independent_only,69,2,1,0.1474239923,0.9783568095,0.0150861345,3,1.478246622,84.69729254,0.5406907208,84.33190025,0.3653922809,0,0,0.004553215709,0
star_plus_co_independent,69,1,0,-0.1242969383,0.9962513323,0.3123328296,4,-0.1772203997,-10.15398095,0.3170667902,9.277756574,19.43173752,13.4782473,0.005122367672,0.004553215709,0
star_plus_co_independent,69,1,1,-0.1649388056,0.9618558015,0.0161896485,4,-0.1772203997,-10.15398095,0.3170667902,9.277756574,19.43173752,13.4782473,0.005122367672,0.004553215709,0
star_plus_co_independent,69,2,0,0.1049989143,0.9993715292,0.275224865,4,1.443568723,82.71039529,0.5518053206,82.71096271,0.0005674166615,1.986897244,0.005122367672,0.004553215709,0
star_plus_co_independent,69,2,1,0.140028266,0.992873652,0.01598301693,4,1.443568723,82.71039529,0.5518053206,82.71096271,0.0005674166615,1.986897244,0.005122367672,0.004553215709,0
star_co_plus_hi_ctl49,69,1,0,-0.1226555633,0.9962513323,0.3123328296,4,-0.1772203997,-10.15398095,0.3170667902,9.277756574,19.43173752,13.4782473,0.005122367672,0.004553215709,0
star_co_plus_hi_ctl49,69,1,1,-0.162336677,0.9618558015,0.0161896485,4,-0.1772203997,-10.15398095,0.3170667902,9.277756574,19.43173752,13.4782473,0.005122367672,0.004553215709,0
star_co_plus_hi_ctl49,69,2,0,0.1013351271,0.9993715292,0.275224865,4,1.443568723,82.71039529,0.5518053206,82.71096271,0.0005674166615,1.986897244,0.005122367672,0.004553215709,0
star_co_plus_hi_ctl49,69,2,1,0.1392950736,0.992873652,0.01598301693,4,1.443568723,82.71039529,0.5518053206,82.71096271,0.0005674166615,1.986897244,0.005122367672,0.004553215709,0
star_only,70,1,0,0.02722356139,0.99762085,0.4593452955,3,0.1530869778,8.771237725,0.3511445711,26.31657064,17.54533291,5.446971374,0.003414911781,0,0
star_only,70,1,1,0.03370726357,0.9193348179,0.01806815228,3,0.1530869778,8.771237725,0.3511445711,26.31657064,17.54533291,5.446971374,0.003414911781,0,0
star_only,70,2,0,0.1058654688,0.943039103,0.3302380325,4,1.409338052,80.74912231,0.5347239215,80.86096996,0.1118476462,3.948170225,0.003414911781,0,0
star_only,70,2,1,0.1133806239,0.8466518544,0.01324781114,4,1.409338052,80.74912231,0.5347239215,80.86096996,0.1118476462,3.948170225,0.003414911781,0,0
co_independent_only,70,1,0,-0.005150234205,0.9994083952,0.2668767912,3,0.05801939305,3.324266351,0.3059391657,24.25103506,20.92676871,0,0,0,0
co_independent_only,70,1,1,-0.06239939854,0.9825181207,0.01093197731,3,0.05801939305,3.324266351,0.3059391657,24.25103506,20.92676871,0,0,0,0
co_independent_only,70,2,0,0.1043451455,0.9790048247,0.2436816581,3,1.478246622,84.69729254,0.5406907208,84.33190025,0.3653922809,0,0,0,0
co_independent_only,70,2,1,0.1422421377,0.9783568095,0.0150861345,3,1.478246622,84.69729254,0.5406907208,84.33190025,0.3653922809,0,0,0,0
star_plus_co_independent,70,1,0,0.03133936669,0.99762085,0.4593452955,3,0.1530869778,8.771237725,0.3511445711,26.31657064,17.54533291,5.446971374,0.003414911781,0,0
star_plus_co_independent,70,1,1,0.04461587219,0.9193348179,0.01806815228,3,0.1530869778,8.771237725,0.3511445711,26.31657064,17.54533291,5.446971374,0.003414911781,0,0
star_plus_co_independent,70,2,0,0.1118920407,0.943039103,0.3302380325,4,1.409338052,80.74912231,0.5347239215,80.86096996,0.1118476462,3.948170225,0.003414911781,0,0
star_plus_co_independent,70,2,1,0.1162660509,0.8466518544,0.01324781114,4,1.409338052,80.74912231,0.5347239215,80.86096996,0.1118476462,3.948170225,0.003414911781,0,0
star_co_plus_hi_ctl49,70,1,0,0.04389475579,0.99762085,0.4593452955,3,0.1530869778,8.771237725,0.3511445711,26.31657064,17.54533291,5.446971374,0.003414911781,0,0
star_co_plus_hi_ctl49,70,1,1,0.0526300662,0.9193348179,0.01806815228,3,0.1530869778,8.771237725,0.3511445711,26.31657064,17.54533291,5.446971374,0.003414911781,0,0
star_co_plus_hi_ctl49,70,2,0,0.1150765722,0.943039103,0.3302380325,4,1.409338052,80.74912231,0.5347239215,80.86096996,0.1118476462,3.948170225,0.003414911781,0,0
star_co_plus_hi_ctl49,70,2,1,0.1160613112,0.8466518544,0.01324781114,4,1.409338052,80.74912231,0.5347239215,80.86096996,0.1118476462,3.948170225,0.003414911781,0,0
star_only,71,1,0,-0.08711766403,0.9999533941,0.277983562,3,-0.1010881714,-5.791925582,0.3337353522,13.72627103,19.51819662,9.116191934,0.02618099032,0,0
star_only,71,1,1,-0.09805996849,0.9683112028,0.01838406279,3,-0.1010881714,-5.791925582,0.3337353522,13.72627103,19.51819662,9.116191934,0.02618099032,0,0
star_only,71,2,0,0.1031745726,0.9973306206,0.2926245818,4,1.44243715,82.64556089,0.5405867016,82.85392204,0.208361146,2.051731644,0.02618099032,0,0
star_only,71,2,1,0.1294243267,0.9954838717,0.01679243486,4,1.44243715,82.64556089,0.5405867016,82.85392204,0.208361146,2.051731644,0.02618099032,0,0
co_independent_only,71,1,0,-0.01343233318,0.9994083952,0.2668767912,3,0.05801939305,3.324266351,0.3059391657,24.25103506,20.92676871,0,0,0.005691519636,0
co_independent_only,71,1,1,-0.07288906536,0.9825181207,0.01093197731,3,0.05801939305,3.324266351,0.3059391657,24.25103506,20.92676871,0,0,0.005691519636,0
co_independent_only,71,2,0,0.1033864112,0.9790048247,0.2436816581,3,1.478246622,84.69729254,0.5406907208,84.33190025,0.3653922809,0,0,0.005691519636,0
co_independent_only,71,2,1,0.1417514147,0.9783568095,0.0150861345,3,1.478246622,84.69729254,0.5406907208,84.33190025,0.3653922809,0,0,0.005691519636,0
star_plus_co_independent,71,1,0,-0.08937114794,0.9999533941,0.277983562,3,-0.1010881714,-5.791925582,0.3337353522,13.72627103,19.51819662,9.116191934,0.02618099032,0.005691519636,0
star_plus_co_independent,71,1,1,-0.100350673,0.9683112028,0.01838406279,3,-0.1010881714,-5.791925582,0.3337353522,13.72627103,19.51819662,9.116191934,0.02618099032,0.005691519636,0
star_plus_co_independent,71,2,0,0.1016564052,0.9973306206,0.2926245818,4,1.44243715,82.64556089,0.5405867016,82.85392204,0.208361146,2.051731644,0.02618099032,0.005691519636,0
star_plus_co_independent,71,2,1,0.1290271103,0.9954838717,0.01679243486,4,1.44243715,82.64556089,0.5405867016,82.85392204,0.208361146,2.051731644,0.02618099032,0.005691519636,0
star_co_plus_hi_ctl49,71,1,0,-0.07842596299,0.9999533941,0.277983562,3,-0.1010881714,-5.791925582,0.3337353522,13.72627103,19.51819662,9.116191934,0.02618099032,0.005691519636,0
star_co_plus_hi_ctl49,71,1,1,-0.09738496716,0.9683112028,0.01838406279,3,-0.1010881714,-5.791925582,0.3337353522,13.72627103,19.51819662,9.116191934,0.02618099032,0.005691519636,0
star_co_plus_hi_ctl49,71,2,0,0.09144238793,0.9973306206,0.2926245818,4,1.44243715,82.64556089,0.5405867016,82.85392204,0.208361146,2.051731644,0.02618099032,0.005691519636,0
star_co_plus_hi_ctl49,71,2,1,0.1222174572,0.9954838717,0.01679243486,4,1.44243715,82.64556089,0.5405867016,82.85392204,0.208361146,2.051731644,0.02618099032,0.005691519636,0
star_only,72,1,0,0.07919831657,0.9820562196,0.4336976309,3,0.2602956346,14.91384129,0.3130763944,36.00518382,21.09134253,11.58957494,0.009106431417,0,0
star_only,72,1,1,-0.02015731808,0.9991061874,0.01197784094,3,0.2602956346,14.91384129,0.3130763944,36.00518382,21.09134253,11.58957494,0.009106431417,0,0
star_only,72,2,0,0.1097299773,0.942645665,0.227704565,3,1.501032008,86.00279899,0.538730191,85.86180124,0.1409977507,1.305506452,0.009106431417,0,0
star_only,72,2,1,0.1474781868,0.9733786928,0.01134856359,3,1.501032008,86.00279899,0.538730191,85.86180124,0.1409977507,1.305506452,0.009106431417,0,0
co_independent_only,72,1,0,-0.005770885657,0.9994083952,0.2668767912,3,0.05801939305,3.324266351,0.3059391657,24.25103506,20.92676871,0,0,0.003414911781,0
co_independent_only,72,1,1,-0.06902205204,0.9825181207,0.01093197731,3,0.05801939305,3.324266351,0.3059391657,24.25103506,20.92676871,0,0,0.003414911781,0
co_independent_only,72,2,0,0.1102490046,0.9790048247,0.2436816581,3,1.478246622,84.69729254,0.5406907208,84.33190025,0.3653922809,0,0,0.003414911781,0
co_independent_only,72,2,1,0.1495904963,0.9783568095,0.0150861345,3,1.478246622,84.69729254,0.5406907208,84.33190025,0.3653922809,0,0,0.003414911781,0
star_plus_co_independent,72,1,0,0.08444881081,0.9820562196,0.4336976309,3,0.2602956346,14.91384129,0.3130763944,36.00518382,21.09134253,11.58957494,0.009106431417,0.003414911781,0
star_plus_co_independent,72,1,1,-0.01974307175,0.9991061874,0.01197784094,3,0.2602956346,14.91384129,0.3130763944,36.00518382,21.09134253,11.58957494,0.009106431417,0.003414911781,0
star_plus_co_independent,72,2,0,0.1197647943,0.942645665,0.227704565,3,1.501032008,86.00279899,0.538730191,85.86180124,0.1409977507,1.305506452,0.009106431417,0.003414911781,0
star_plus_co_independent,72,2,1,0.1603105974,0.9733786928,0.01134856359,3,1.501032008,86.00279899,0.538730191,85.86180124,0.1409977507,1.305506452,0.009106431417,0.003414911781,0
star_co_plus_hi_ctl49,72,1,0,0.08317325182,0.9820562196,0.4336976309,3,0.2602956346,14.91384129,0.3130763944,36.00518382,21.09134253,11.58957494,0.009106431417,0.003414911781,0
star_co_plus_hi_ctl49,72,1,1,-0.01844332425,0.9991061874,0.01197784094,3,0.2602956346,14.91384129,0.3130763944,36.00518382,21.09134253,11.58957494,0.009106431417,0.003414911781,0
star_co_plus_hi_ctl49,72,2,0,0.1043845041,0.942645665,0.227704565,3,1.501032008,86.00279899,0.538730191,85.86180124,0.1409977507,1.305506452,0.009106431417,0.003414911781,0
star_co_plus_hi_ctl49,72,2,1,0.1543241914,0.9733786928,0.01134856359,3,1.501032008,86.00279899,0.538730191,85.86180124,0.1409977507,1.305506452,0.009106431417,0.003414911781,0
star_only,73,1,0,-0.08986958455,0.999570861,0.2150906428,3,-0.05229630086,-2.996357323,0.2779745456,21.40377177,24.4001291,6.320623675,0.01138303927,0,0
star_only,73,1,1,-0.08029717046,0.9208529299,0.0110784507,3,-0.05229630086,-2.996357323,0.2779745456,21.40377177,24.4001291,6.320623675,0.01138303927,0,0
star_only,73,2,0,0.1003180426,0.9993673511,0.2266779789,3,1.501071836,86.00508097,0.5533471702,85.73449416,0.2705868015,1.30778843,0.01138303927,0,0
star_only,73,2,1,0.07659999568,0.9013354232,0.01206047124,3,1.501071836,86.00508097,0.5533471702,85.73449416,0.2705868015,1.30778843,0.01138303927,0,0
co_independent_only,73,1,0,0.00481428535,0.9994083952,0.2668767912,3,0.05801939305,3.324266351,0.3059391657,24.25103506,20.92676871,0,0,0.003984063745,0
co_independent_only,73,1,1,-0.06159819622,0.9825181207,0.01093197731,3,0.05801939305,3.324266351,0.3059391657,24.25103506,20.92676871,0,0,0.003984063745,0
co_independent_only,73,2,0,0.08562095775,0.9790048247,0.2436816581,3,1.478246622,84.69729254,0.5406907208,84.33190025,0.3653922809,0,0,0.003984063745,0
co_independent_only,73,2,1,0.1294486044,0.9783568095,0.0150861345,3,1.478246622,84.69729254,0.5406907208,84.33190025,0.3653922809,0,0,0.003984063745,0
star_plus_co_independent,73,1,0,-0.07365384487,0.999570861,0.2150906428,3,-0.05229630086,-2.996357323,0.2779745456,21.40377177,24.4001291,6.320623675,0.01138303927,0.003984063745,0
star_plus_co_independent,73,1,1,-0.07276885203,0.9208529299,0.0110784507,3,-0.05229630086,-2.996357323,0.2779745456,21.40377177,24.4001291,6.320623675,0.01138303927,0.003984063745,0
star_plus_co_independent,73,2,0,0.08525921734,0.9993673511,0.2266779789,3,1.501071836,86.00508097,0.5533471702,85.73449416,0.2705868015,1.30778843,0.01138303927,0.003984063745,0
star_plus_co_independent,73,2,1,0.06951486609,0.9013354232,0.01206047124,3,1.501071836,86.00508097,0.5533471702,85.73449416,0.2705868015,1.30778843,0.01138303927,0.003984063745,0
star_co_plus_hi_ctl49,73,1,0,-0.06977503193,0.999570861,0.2150906428,3,-0.05229630086,-2.996357323,0.2779745456,21.40377177,24.4001291,6.320623675,0.01138303927,0.003984063745,0
star_co_plus_hi_ctl49,73,1,1,-0.07808419532,0.9208529299,0.0110784507,3,-0.05229630086,-2.996357323,0.2779745456,21.40377177,24.4001291,6.320623675,0.01138303927,0.003984063745,0
star_co_plus_hi_ctl49,73,2,0,0.08050034626,0.9993673511,0.2266779789,3,1.501071836,86.00508097,0.5533471702,85.73449416,0.2705868015,1.30778843,0.01138303927,0.003984063745,0
star_co_plus_hi_ctl49,73,2,1,0.07649937298,0.9013354232,0.01206047124,3,1.501071836,86.00508097,0.5533471702,85.73449416,0.2705868015,1.30778843,0.01138303927,0.003984063745,0
star_only,74,1,0,0.003585518761,0.9954403044,0.5023391926,3,0.1587467401,9.095518219,0.405813949,26.18655741,17.09103919,5.771251868,0,0,0
star_only,74,1,1,-0.03660177745,0.9449187491,0.01934712485,3,0.1587467401,9.095518219,0.405813949,26.18655741,17.09103919,5.771251868,0,0,0
star_only,74,2,0,0.1145053264,0.930277902,0.3619256932,4,1.465161216,83.94755401,0.5578451027,83.52709699,0.4204570189,0.7497385256,0,0,0
star_only,74,2,1,0.1565206266,0.9687093485,0.01888078671,4,1.465161216,83.94755401,0.5578451027,83.52709699,0.4204570189,0.7497385256,0,0,0
co_independent_only,74,1,0,0.01006006956,0.9994083952,0.2668767912,3,0.05801939305,3.324266351,0.3059391657,24.25103506,20.92676871,0,0,0.007398975526,0
co_independent_only,74,1,1,-0.06734585196,0.9825181207,0.01093197731,3,0.05801939305,3.324266351,0.3059391657,24.25103506,20.92676871,0,0,0.007398975526,0
co_independent_only,74,2,0,0.0948000961,0.9790048247,0.2436816581,3,1.478246622,84.69729254,0.5406907208,84.33190025,0.3653922809,0,0,0.007398975526,0
co_independent_only,74,2,1,0.1419421225,0.9783568095,0.0150861345,3,1.478246622,84.69729254,0.5406907208,84.33190025,0.3653922809,0,0,0.007398975526,0
star_plus_co_independent,74,1,0,0.01452208476,0.9954403044,0.5023391926,3,0.1587467401,9.095518219,0.405813949,26.18655741,17.09103919,5.771251868,0,0.007398975526,0
star_plus_co_independent,74,1,1,-0.0398552595,0.9449187491,0.01934712485,3,0.1587467401,9.095518219,0.405813949,26.18655741,17.09103919,5.771251868,0,0.007398975526,0
star_plus_co_independent,74,2,0,0.1052304592,0.930277902,0.3619256932,4,1.465161216,83.94755401,0.5578451027,83.52709699,0.4204570189,0.7497385256,0,0.007398975526,0
star_plus_co_independent,74,2,1,0.1555396156,0.9687093485,0.01888078671,4,1.465161216,83.94755401,0.5578451027,83.52709699,0.4204570189,0.7497385256,0,0.007398975526,0
star_co_plus_hi_ctl49,74,1,0,0.01980647812,0.9954403044,0.5023391926,3,0.1587467401,9.095518219,0.405813949,26.18655741,17.09103919,5.771251868,0,0.007398975526,0
star_co_plus_hi_ctl49,74,1,1,-0.03536678607,0.9449187491,0.01934712485,3,0.1587467401,9.095518219,0.405813949,26.18655741,17.09103919,5.771251868,0,0.007398975526,0
star_co_plus_hi_ctl49,74,2,0,0.1033082956,0.930277902,0.3619256932,4,1.465161216,83.94755401,0.5578451027,83.52709699,0.4204570189,0.7497385256,0,0.007398975526,0
star_co_plus_hi_ctl49,74,2,1,0.1570378638,0.9687093485,0.01888078671,4,1.465161216,83.94755401,0.5578451027,83.52709699,0.4204570189,0.7497385256,0,0.007398975526,0
star_only,75,1,0,-0.01534940298,0.9999088442,0.3307391934,3,0.05444817208,3.119650462,0.3534146105,21.48260056,18.3629501,0.2046158892,0,0,0
star_only,75,1,1,-0.04918440415,0.9844314569,0.01179438378,3,0.05444817208,3.119650462,0.3534146105,21.48260056,18.3629501,0.2046158892,0,0,0
star_only,75,2,0,0.1232441445,0.965577105,0.2962829089,4,1.465743293,83.98090456,0.5527294184,83.86992813,0.1109764334,0.7163879711,0,0,0
star_only,75,2,1,0.1794289989,0.9922645067,0.01481161539,4,1.465743293,83.98090456,0.5527294184,83.86992813,0.1109764334,0.7163879711,0,0,0
co_independent_only,75,1,0,-0.002998542921,0.9994083952,0.2668767912,3,0.05801939305,3.324266351,0.3059391657,24.25103506,20.92676871,0,0,0,0
co_independent_only,75,1,1,-0.06695639243,0.9825181207,0.01093197731,3,0.05801939305,3.324266351,0.3059391657,24.25103506,20.92676871,0,0,0,0
co_independent_only,75,2,0,0.1040965177,0.9790048247,0.2436816581,3,1.478246622,84.69729254,0.5406907208,84.33190025,0.3653922809,0,0,0,0
co_independent_only,75,2,1,0.138344589,0.9783568095,0.0150861345,3,1.478246622,84.69729254,0.5406907208,84.33190025,0.3653922809,0,0,0,0
star_plus_co_independent,75,1,0,-0.01346848579,0.9999088442,0.3307391934,3,0.05444817208,3.119650462,0.3534146105,21.48260056,18.3629501,0.2046158892,0,0,0
star_plus_co_independent,75,1,1,-0.04899124913,0.9844314569,0.01179438378,3,0.05444817208,3.119650462,0.3534146105,21.48260056,18.3629501,0.2046158892,0,0,0
star_plus_co_independent,75,2,0,0.1266899217,0.965577105,0.2962829089,4,1.465743293,83.98090456,0.5527294184,83.86992813,0.1109764334,0.7163879711,0,0,0
star_plus_co_independent,75,2,1,0.1789435351,0.9922645067,0.01481161539,4,1.465743293,83.98090456,0.5527294184,83.86992813,0.1109764334,0.7163879711,0,0,0
star_co_plus_hi_ctl49,75,1,0,-0.01476196956,0.9999088442,0.3307391934,3,0.05444817208,3.119650462,0.3534146105,21.48260056,18.3629501,0.2046158892,0,0,0
star_co_plus_hi_ctl49,75,1,1,-0.04119463227,0.9844314569,0.01179438378,3,0.05444817208,3.119650462,0.3534146105,21.48260056,18.3629501,0.2046158892,0,0,0
star_co_plus_hi_ctl49,75,2,0,0.121061927,0.965577105,0.2962829089,4,1.465743293,83.98090456,0.5527294184,83.86992813,0.1109764334,0.7163879711,0,0,0
star_co_plus_hi_ctl49,75,2,1,0.1767031363,0.9922645067,0.01481161539,4,1.465743293,83.98090456,0.5527294184,83.86992813,0.1109764334,0.7163879711,0,0,0
star_only,76,1,0,0.114431176,0.9713839504,0.5567570417,3,0.5686881386,32.5834302,0.1782992169,59.36935508,26.78592488,29.25916385,0,0,0
star_only,76,1,1,0.06832562071,0.9836611874,0.02609890763,3,0.5686881386,32.5834302,0.1782992169,59.36935508,26.78592488,29.25916385,0,0,0
star_only,76,2,0,0.1244441298,0.4857253496,0.09923378941,4,1.445922817,82.8452749,0.5528206543,82.76231554,0.08295936667,1.852017633,0,0,0
star_only,76,2,1,0.1611993,0.8720974679,0.006260615145,4,1.445922817,82.8452749,0.5528206543,82.76231554,0.08295936667,1.852017633,0,0,0
co_independent_only,76,1,0,-0.01694678822,0.9994083952,0.2668767912,3,0.05801939305,3.324266351,0.3059391657,24.25103506,20.92676871,0,0,0,0
co_independent_only,76,1,1,-0.06800304818,0.9825181207,0.01093197731,3,0.05801939305,3.324266351,0.3059391657,24.25103506,20.92676871,0,0,0,0
co_independent_only,76,2,0,0.1060683317,0.9790048247,0.2436816581,3,1.478246622,84.69729254,0.5406907208,84.33190025,0.3653922809,0,0,0,0
co_independent_only,76,2,1,0.1350639791,0.9783568095,0.0150861345,3,1.478246622,84.69729254,0.5406907208,84.33190025,0.3653922809,0,0,0,0
star_plus_co_independent,76,1,0,0.1064008943,0.9713839504,0.5567570417,3,0.5686881386,32.5834302,0.1782992169,59.36935508,26.78592488,29.25916385,0,0,0
star_plus_co_independent,76,1,1,0.06506022446,0.9836611874,0.02609890763,3,0.5686881386,32.5834302,0.1782992169,59.36935508,26.78592488,29.25916385,0,0,0
star_plus_co_independent,76,2,0,0.1298349188,0.4857253496,0.09923378941,4,1.445922817,82.8452749,0.5528206543,82.76231554,0.08295936667,1.852017633,0,0,0
star_plus_co_independent,76,2,1,0.1621743836,0.8720974679,0.006260615145,4,1.445922817,82.8452749,0.5528206543,82.76231554,0.08295936667,1.852017633,0,0,0
star_co_plus_hi_ctl49,76,1,0,0.1016652267,0.9713839504,0.5567570417,3,0.5686881386,32.5834302,0.1782992169,59.36935508,26.78592488,29.25916385,0,0,0
star_co_plus_hi_ctl49,76,1,1,0.06218037267,0.9836611874,0.02609890763,3,0.5686881386,32.5834302,0.1782992169,59.36935508,26.78592488,29.25916385,0,0,0
star_co_plus_hi_ctl49,76,2,0,0.1408092568,0.4857253496,0.09923378941,4,1.445922817,82.8452749,0.5528206543,82.76231554,0.08295936667,1.852017633,0,0,0
star_co_plus_hi_ctl49,76,2,1,0.1713713741,0.8720974679,0.006260615145,4,1.445922817,82.8452749,0.5528206543,82.76231554,0.08295936667,1.852017633,0,0,0
star_only,77,1,0,0.08877623986,0.9901790283,0.5722811919,4,0.3904466697,22.3709463,0.2475902022,49.23294011,26.86199381,19.04667995,0.005122367672,0,0
star_only,77,1,1,0.06993602835,0.9430539845,0.02016951105,4,0.3904466697,22.3709463,0.2475902022,49.23294011,26.86199381,19.04667995,0.005122367672,0,0
star_only,77,2,0,0.07813757378,0.7196422483,0.1478271668,3,1.518155919,86.98392678,0.5664462105,86.05579218,0.928134596,2.286634242,0.005122367672,0,0
star_only,77,2,1,0.1620421242,0.9620993914,0.009250195717,3,1.518155919,86.98392678,0.5664462105,86.05579218,0.928134596,2.286634242,0.005122367672,0,0
co_independent_only,77,1,0,-0.009259555621,0.9994083952,0.2668767912,3,0.05801939305,3.324266351,0.3059391657,24.25103506,20.92676871,0,0,0.005691519636,0
co_independent_only,77,1,1,-0.06327218078,0.9825181207,0.01093197731,3,0.05801939305,3.324266351,0.3059391657,24.25103506,20.92676871,0,0,0.005691519636,0
co_independent_only,77,2,0,0.1010922091,0.9790048247,0.2436816581,3,1.478246622,84.69729254,0.5406907208,84.33190025,0.3653922809,0,0,0.005691519636,0
co_independent_only,77,2,1,0.1318687582,0.9783568095,0.0150861345,3,1.478246622,84.69729254,0.5406907208,84.33190025,0.3653922809,0,0,0.005691519636,0
star_plus_co_independent,77,1,0,0.08199022987,0.9901790283,0.5722811919,4,0.3904466697,22.3709463,0.2475902022,49.23294011,26.86199381,19.04667995,0.005122367672,0.005691519636,0
star_plus_co_independent,77,1,1,0.06651763321,0.9430539845,0.02016951105,4,0.3904466697,22.3709463,0.2475902022,49.23294011,26.86199381,19.04667995,0.005122367672,0.005691519636,0
star_plus_co_independent,77,2,0,0.07791544689,0.7196422483,0.1478271668,3,1.518155919,86.98392678,0.5664462105,86.05579218,0.928134596,2.286634242,0.005122367672,0.005691519636,0
star_plus_co_independent,77,2,1,0.155120006,0.9620993914,0.009250195717,3,1.518155919,86.98392678,0.5664462105,86.05579218,0.928134596,2.286634242,0.005122367672,0.005691519636,0
star_co_plus_hi_ctl49,77,1,0,0.08697299706,0.9901790283,0.5722811919,4,0.3904466697,22.3709463,0.2475902022,49.23294011,26.86199381,19.04667995,0.005122367672,0.005691519636,0
star_co_plus_hi_ctl49,77,1,1,0.07181194784,0.9430539845,0.02016951105,4,0.3904466697,22.3709463,0.2475902022,49.23294011,26.86199381,19.04667995,0.005122367672,0.005691519636,0
star_co_plus_hi_ctl49,77,2,0,0.06659918755,0.7196422483,0.1478271668,3,1.518155919,86.98392678,0.5664462105,86.05579218,0.928134596,2.286634242,0.005122367672,0.005691519636,0
star_co_plus_hi_ctl49,77,2,1,0.1362987805,0.9620993914,0.009250195717,3,1.518155919,86.98392678,0.5664462105,86.05579218,0.928134596,2.286634242,0.005122367672,0.005691519636,0
star_only,78,1,0,-0.03866421758,0.9976128821,0.3676380428,3,0.1326855581,7.602322482,0.3705695464,23.45612998,15.8538075,4.27805613,0.03927148549,0,0
star_only,78,1,1,-0.097528584,0.9237939322,0.01445868375,3,0.1326855581,7.602322482,0.3705695464,23.45612998,15.8538075,4.27805613,0.03927148549,0,0
star_only,78,2,0,0.1087059392,0.9892777853,0.2739110942,3,1.552805057,88.96917618,0.5227924382,88.20891448,0.7602617044,4.271883645,0.03927148549,0,0
star_only,78,2,1,0.2084206224,0.9991678906,0.01087680788,3,1.552805057,88.96917618,0.5227924382,88.20891448,0.7602617044,4.271883645,0.03927148549,0,0
co_independent_only,78,1,0,-0.01036317416,0.9994083952,0.2668767912,3,0.05801939305,3.324266351,0.3059391657,24.25103506,20.92676871,0,0,0,0
co_independent_only,78,1,1,-0.07323966374,0.9825181207,0.01093197731,3,0.05801939305,3.324266351,0.3059391657,24.25103506,20.92676871,0,0,0,0
co_independent_only,78,2,0,0.1148229665,0.9790048247,0.2436816581,3,1.478246622,84.69729254,0.5406907208,84.33190025,0.3653922809,0,0,0,0
co_independent_only,78,2,1,0.1492101476,0.9783568095,0.0150861345,3,1.478246622,84.69729254,0.5406907208,84.33190025,0.3653922809,0,0,0,0
star_plus_co_independent,78,1,0,-0.04688526455,0.9976128821,0.3676380428,3,0.1326855581,7.602322482,0.3705695464,23.45612998,15.8538075,4.27805613,0.03927148549,0,0
star_plus_co_independent,78,1,1,-0.1026384132,0.9237939322,0.01445868375,3,0.1326855581,7.602322482,0.3705695464,23.45612998,15.8538075,4.27805613,0.03927148549,0,0
star_plus_co_independent,78,2,0,0.1227651421,0.9892777853,0.2739110942,3,1.552805057,88.96917618,0.5227924382,88.20891448,0.7602617044,4.271883645,0.03927148549,0,0
star_plus_co_independent,78,2,1,0.2140434508,0.9991678906,0.01087680788,3,1.552805057,88.96917618,0.5227924382,88.20891448,0.7602617044,4.271883645,0.03927148549,0,0
star_co_plus_hi_ctl49,78,1,0,-0.04890622432,0.9976128821,0.3676380428,3,0.1326855581,7.602322482,0.3705695464,23.45612998,15.8538075,4.27805613,0.03927148549,0,0
star_co_plus_hi_ctl49,78,1,1,-0.1069941547,0.9237939322,0.01445868375,3,0.1326855581,7.602322482,0.3705695464,23.45612998,15.8538075,4.27805613,0.03927148549,0,0
star_co_plus_hi_ctl49,78,2,0,0.1200822994,0.9892777853,0.2739110942,3,1.552805057,88.96917618,0.5227924382,88.20891448,0.7602617044,4.271883645,0.03927148549,0,0
star_co_plus_hi_ctl49,78,2,1,0.2160693583,0.9991678906,0.01087680788,3,1.552805057,88.96917618,0.5227924382,88.20891448,0.7602617044,4.271883645,0.03927148549,0,0
star_only,79,1,0,0.06722602393,0.9876397793,0.4122090348,3,0.1818558047,10.41957009,0.2757961363,33.7925198,23.37294971,7.095303738,0,0,0
star_only,79,1,1,0.03876958987,0.9716442268,0.01613948086,3,0.1818558047,10.41957009,0.2757961363,33.7925198,23.37294971,7.095303738,0,0,0
star_only,79,2,0,0.107750954,0.9209314825,0.2611571479,4,1.411821871,80.89143465,0.5356428115,80.90907257,0.01763792094,3.805857886,0,0,0
star_only,79,2,1,0.1339126301,0.965295706,0.01259582265,4,1.411821871,80.89143465,0.5356428115,80.90907257,0.01763792094,3.805857886,0,0,0
co_independent_only,79,1,0,-0.0089755093,0.9994083952,0.2668767912,3,0.05801939305,3.324266351,0.3059391657,24.25103506,20.92676871,0,0,0.002845759818,0
co_independent_only,79,1,1,-0.0781547982,0.9825181207,0.01093197731,3,0.05801939305,3.324266351,0.3059391657,24.25103506,20.92676871,0,0,0.002845759818,0
co_independent_only,79,2,0,0.1052279533,0.9790048247,0.2436816581,3,1.478246622,84.69729254,0.5406907208,84.33190025,0.3653922809,0,0,0.002845759818,0
co_independent_only,79,2,1,0.1488604432,0.9783568095,0.0150861345,3,1.478246622,84.69729254,0.5406907208,84.33190025,0.3653922809,0,0,0.002845759818,0
star_plus_co_independent,79,1,0,0.06634906225,0.9876397793,0.4122090348,3,0.1818558047,10.41957009,0.2757961363,33.7925198,23.37294971,7.095303738,0,0.002845759818,0
star_plus_co_independent,79,1,1,0.03690846677,0.9716442268,0.01613948086,3,0.1818558047,10.41957009,0.2757961363,33.7925198,23.37294971,7.095303738,0,0.002845759818,0
star_plus_co_independent,79,2,0,0.106041606,0.9209314825,0.2611571479,4,1.411821871,80.89143465,0.5356428115,80.90907257,0.01763792094,3.805857886,0,0.002845759818,0
star_plus_co_independent,79,2,1,0.133984457,0.965295706,0.01259582265,4,1.411821871,80.89143465,0.5356428115,80.90907257,0.01763792094,3.805857886,0,0.002845759818,0
star_co_plus_hi_ctl49,79,1,0,0.06528282157,0.9876397793,0.4122090348,3,0.1818558047,10.41957009,0.2757961363,33.7925198,23.37294971,7.095303738,0,0.002845759818,0
star_co_plus_hi_ctl49,79,1,1,0.04275970849,0.9716442268,0.01613948086,3,0.1818558047,10.41957009,0.2757961363,33.7925198,23.37294971,7.095303738,0,0.002845759818,0
star_co_plus_hi_ctl49,79,2,0,0.1066595614,0.9209314825,0.2611571479,4,1.411821871,80.89143465,0.5356428115,80.90907257,0.01763792094,3.805857886,0,0.002845759818,0
star_co_plus_hi_ctl49,79,2,1,0.1363024937,0.965295706,0.01259582265,4,1.411821871,80.89143465,0.5356428115,80.90907257,0.01763792094,3.805857886,0,0.002845759818,0
star_only,80,1,0,0.07889279951,0.9836719113,0.4558174525,3,0.2579776106,14.7810283,0.3080648982,34.82027384,20.03924554,11.45676195,0,0,0
star_only,80,1,1,-0.03659164862,0.9998438151,0.01026180688,3,0.2579776106,14.7810283,0.3080648982,34.82027384,20.03924554,11.45676195,0,0,0
star_only,80,2,0,0.09169088958,0.9381946663,0.2401862769,3,1.50226854,86.07364703,0.5622484172,85.00116722,1.072479812,1.376354493,0,0,0
star_only,80,2,1,0.1903128858,0.953504244,0.0104667984,3,1.50226854,86.07364703,0.5622484172,85.00116722,1.072479812,1.376354493,0,0,0
co_independent_only,80,1,0,-0.009564660344,0.9994083952,0.2668767912,3,0.05801939305,3.324266351,0.3059391657,24.25103506,20.92676871,0,0,0.001138303927,0
co_independent_only,80,1,1,-0.07576707229,0.9825181207,0.01093197731,3,0.05801939305,3.324266351,0.3059391657,24.25103506,20.92676871,0,0,0.001138303927,0
co_independent_only,80,2,0,0.1069777929,0.9790048247,0.2436816581,3,1.478246622,84.69729254,0.5406907208,84.33190025,0.3653922809,0,0,0.001138303927,0
co_independent_only,80,2,1,0.1472951693,0.9783568095,0.0150861345,3,1.478246622,84.69729254,0.5406907208,84.33190025,0.3653922809,0,0,0.001138303927,0
star_plus_co_independent,80,1,0,0.08197307635,0.9836719113,0.4558174525,3,0.2579776106,14.7810283,0.3080648982,34.82027384,20.03924554,11.45676195,0,0.001138303927,0
star_plus_co_independent,80,1,1,-0.03565123081,0.9998438151,0.01026180688,3,0.2579776106,14.7810283,0.3080648982,34.82027384,20.03924554,11.45676195,0,0.001138303927,0
star_plus_co_independent,80,2,0,0.0992989831,0.9381946663,0.2401862769,3,1.50226854,86.07364703,0.5622484172,85.00116722,1.072479812,1.376354493,0,0.001138303927,0
star_plus_co_independent,80,2,1,0.1993806846,0.953504244,0.0104667984,3,1.50226854,86.07364703,0.5622484172,85.00116722,1.072479812,1.376354493,0,0.001138303927,0
star_co_plus_hi_ctl49,80,1,0,0.08762664023,0.9836719113,0.4558174525,3,0.2579776106,14.7810283,0.3080648982,34.82027384,20.03924554,11.45676195,0,0.001138303927,0
star_co_plus_hi_ctl49,80,1,1,-0.03560240355,0.9998438151,0.01026180688,3,0.2579776106,14.7810283,0.3080648982,34.82027384,20.03924554,11.45676195,0,0.001138303927,0
star_co_plus_hi_ctl49,80,2,0,0.09854160879,0.9381946663,0.2401862769,3,1.50226854,86.07364703,0.5622484172,85.00116722,1.072479812,1.376354493,0,0.001138303927,0
star_co_plus_hi_ctl49,80,2,1,0.2014749041,0.953504244,0.0104667984,3,1.50226854,86.07364703,0.5622484172,85.00116722,1.072479812,1.376354493,0,0.001138303927,0
star_only,81,1,0,0.09919055883,0.9827735739,0.6526954662,3,0.4859258492,27.84150032,0.2706015171,48.08729224,20.24579192,24.51723396,0.005122367672,0,0
star_only,81,1,1,-0.005358862767,0.8848130553,0.01560265846,3,0.4859258492,27.84150032,0.2706015171,48.08729224,20.24579192,24.51723396,0.005122367672,0,0
star_only,81,2,0,0.09657431542,0.6659462803,0.1825065456,4,1.441164181,82.57262514,0.5093984556,82.20893552,0.3636896278,2.124667392,0.005122367672,0,0
star_only,81,2,1,0.1183693191,0.8845618701,0.008411384293,4,1.441164181,82.57262514,0.5093984556,82.20893552,0.3636896278,2.124667392,0.005122367672,0,0
co_independent_only,81,1,0,-0.01060429332,0.9994083952,0.2668767912,3,0.05801939305,3.324266351,0.3059391657,24.25103506,20.92676871,0,0,0.00796812749,0
co_independent_only,81,1,1,-0.06824987044,0.9825181207,0.01093197731,3,0.05801939305,3.324266351,0.3059391657,24.25103506,20.92676871,0,0,0.00796812749,0
co_independent_only,81,2,0,0.1117579886,0.9790048247,0.2436816581,3,1.478246622,84.69729254,0.5406907208,84.33190025,0.3653922809,0,0,0.00796812749,0
co_independent_only,81,2,1,0.1457540093,0.9783568095,0.0150861345,3,1.478246622,84.69729254,0.5406907208,84.33190025,0.3653922809,0,0,0.00796812749,0
star_plus_co_independent,81,1,0,0.092565078,0.9827735739,0.6526954662,3,0.4859258492,27.84150032,0.2706015171,48.08729224,20.24579192,24.51723396,0.005122367672,0.00796812749,0
star_plus_co_independent,81,1,1,-0.01132308091,0.8848130553,0.01560265846,3,0.4859258492,27.84150032,0.2706015171,48.08729224,20.24579192,24.51723396,0.005122367672,0.00796812749,0
star_plus_co_independent,81,2,0,0.1060040483,0.6659462803,0.1825065456,4,1.441164181,82.57262514,0.5093984556,82.20893552,0.3636896278,2.124667392,0.005122367672,0.00796812749,0
star_plus_co_independent,81,2,1,0.1223024703,0.8845618701,0.008411384293,4,1.441164181,82.57262514,0.5093984556,82.20893552,0.3636896278,2.124667392,0.005122367672,0.00796812749,0
star_co_plus_hi_ctl49,81,1,0,0.08255658839,0.9827735739,0.6526954662,3,0.4859258492,27.84150032,0.2706015171,48.08729224,20.24579192,24.51723396,0.005122367672,0.00796812749,0
star_co_plus_hi_ctl49,81,1,1,-0.01918549056,0.8848130553,0.01560265846,3,0.4859258492,27.84150032,0.2706015171,48.08729224,20.24579192,24.51723396,0.005122367672,0.00796812749,0
star_co_plus_hi_ctl49,81,2,0,0.09901603551,0.6659462803,0.1825065456,4,1.441164181,82.57262514,0.5093984556,82.20893552,0.3636896278,2.124667392,0.005122367672,0.00796812749,0
star_co_plus_hi_ctl49,81,2,1,0.1169017945,0.8845618701,0.008411384293,4,1.441164181,82.57262514,0.5093984556,82.20893552,0.3636896278,2.124667392,0.005122367672,0.00796812749,0
star_only,82,1,0,0.0194317465,0.9874223056,0.5370830776,3,0.1887019409,10.8118248,0.4441813152,27.67908651,16.86726171,7.48755845,0.06374501992,0,0
star_only,82,1,1,-0.04935807628,0.9484161872,0.02445253266,3,0.1887019409,10.8118248,0.4441813152,27.67908651,16.86726171,7.48755845,0.06374501992,0,0
star_only,82,2,0,0.1109158673,0.9125982849,0.4061299174,3,1.474314148,84.47197834,0.5142851266,84.56036565,0.0883873072,0.2253141932,0.06374501992,0,0
star_only,82,2,1,0.1623656788,0.992899262,0.02421887296,3,1.474314148,84.47197834,0.5142851266,84.56036565,0.0883873072,0.2253141932,0.06374501992,0,0
co_independent_only,82,1,0,-0.02261430833,0.9994083952,0.2668767912,3,0.05801939305,3.324266351,0.3059391657,24.25103506,20.92676871,0,0,0.001707455891,0
co_independent_only,82,1,1,-0.07709648752,0.9825181207,0.01093197731,3,0.05801939305,3.324266351,0.3059391657,24.25103506,20.92676871,0,0,0.001707455891,0
co_independent_only,82,2,0,0.1088913229,0.9790048247,0.2436816581,3,1.478246622,84.69729254,0.5406907208,84.33190025,0.3653922809,0,0,0.001707455891,0
co_independent_only,82,2,1,0.1463694474,0.9783568095,0.0150861345,3,1.478246622,84.69729254,0.5406907208,84.33190025,0.3653922809,0,0,0.001707455891,0
star_plus_co_independent,82,1,0,0.002723065554,0.9874223056,0.5370830776,3,0.1887019409,10.8118248,0.4441813152,27.67908651,16.86726171,7.48755845,0.06374501992,0.001707455891,0
star_plus_co_independent,82,1,1,-0.05811661993,0.9484161872,0.02445253266,3,0.1887019409,10.8118248,0.4441813152,27.67908651,16.86726171,7.48755845,0.06374501992,0.001707455891,0
star_plus_co_independent,82,2,0,0.1164125658,0.9125982849,0.4061299174,3,1.474314148,84.47197834,0.5142851266,84.56036565,0.0883873072,0.2253141932,0.06374501992,0.001707455891,0
star_plus_co_independent,82,2,1,0.1689975316,0.992899262,0.02421887296,3,1.474314148,84.47197834,0.5142851266,84.56036565,0.0883873072,0.2253141932,0.06374501992,0.001707455891,0
star_co_plus_hi_ctl49,82,1,0,0.006056439323,0.9874223056,0.5370830776,3,0.1887019409,10.8118248,0.4441813152,27.67908651,16.86726171,7.48755845,0.06374501992,0.001707455891,0
star_co_plus_hi_ctl49,82,1,1,-0.0542858884,0.9484161872,0.02445253266,3,0.1887019409,10.8118248,0.4441813152,27.67908651,16.86726171,7.48755845,0.06374501992,0.001707455891,0
star_co_plus_hi_ctl49,82,2,0,0.1115537743,0.9125982849,0.4061299174,3,1.474314148,84.47197834,0.5142851266,84.56036565,0.0883873072,0.2253141932,0.06374501992,0.001707455891,0
star_co_plus_hi_ctl49,82,2,1,0.1663050938,0.992899262,0.02421887296,3,1.474314148,84.47197834,0.5142851266,84.56036565,0.0883873072,0.2253141932,0.06374501992,0.001707455891,0
star_only,83,1,0,0.03472812252,0.9943943132,0.3875424054,3,0.1378869472,7.900340123,0.2954196045,29.49074967,21.59040954,4.576073772,0,0,0
star_only,83,1,1,0.0428624368,0.9550584316,0.01583352717,3,0.1378869472,7.900340123,0.2954196045,29.49074967,21.59040954,4.576073772,0,0,0
star_only,83,2,0,0.1080678751,0.9517133035,0.2439899981,4,1.429153817,81.884482,0.5462498544,81.76846647,0.1160155285,2.812810535,0,0,0
star_only,83,2,1,0.1391986852,0.9952775808,0.01284128213,4,1.429153817,81.884482,0.5462498544,81.76846647,0.1160155285,2.812810535,0,0,0
co_independent_only,83,1,0,-0.01318926582,0.9994083952,0.2668767912,3,0.05801939305,3.324266351,0.3059391657,24.25103506,20.92676871,0,0,0.001138303927,0
co_independent_only,83,1,1,-0.07375793701,0.9825181207,0.01093197731,3,0.05801939305,3.324266351,0.3059391657,24.25103506,20.92676871,0,0,0.001138303927,0
co_independent_only,83,2,0,0.1090951717,0.9790048247,0.2436816581,3,1.478246622,84.69729254,0.5406907208,84.33190025,0.3653922809,0,0,0.001138303927,0
co_independent_only,83,2,1,0.1509069676,0.9783568095,0.0150861345,3,1.478246622,84.69729254,0.5406907208,84.33190025,0.3653922809,0,0,0.001138303927,0
star_plus_co_independent,83,1,0,0.02788256485,0.9943943132,0.3875424054,3,0.1378869472,7.900340123,0.2954196045,29.49074967,21.59040954,4.576073772,0,0.001138303927,0
star_plus_co_independent,83,1,1,0.04173764473,0.9550584316,0.01583352717,3,0.1378869472,7.900340123,0.2954196045,29.49074967,21.59040954,4.576073772,0,0.001138303927,0
star_plus_co_independent,83,2,0,0.1138660645,0.9517133035,0.2439899981,4,1.429153817,81.884482,0.5462498544,81.76846647,0.1160155285,2.812810535,0,0.001138303927,0
star_plus_co_independent,83,2,1,0.1514716359,0.9952775808,0.01284128213,4,1.429153817,81.884482,0.5462498544,81.76846647,0.1160155285,2.812810535,0,0.001138303927,0
star_co_plus_hi_ctl49,83,1,0,0.03740641883,0.9943943132,0.3875424054,3,0.1378869472,7.900340123,0.2954196045,29.49074967,21.59040954,4.576073772,0,0.001138303927,0
star_co_plus_hi_ctl49,83,1,1,0.04714344394,0.9550584316,0.01583352717,3,0.1378869472,7.900340123,0.2954196045,29.49074967,21.59040954,4.576073772,0,0.001138303927,0
star_co_plus_hi_ctl49,83,2,0,0.1235688755,0.9517133035,0.2439899981,4,1.429153817,81.884482,0.5462498544,81.76846647,0.1160155285,2.812810535,0,0.001138303927,0
star_co_plus_hi_ctl49,83,2,1,0.1541322463,0.9952775808,0.01284128213,4,1.429153817,81.884482,0.5462498544,81.76846647,0.1160155285,2.812810535,0,0.001138303927,0
star_only,84,1,0,0.1009270546,0.9655175946,0.5337298989,3,0.4615359371,26.44406129,0.2722366134,43.12357322,16.67951193,23.11979494,0,0,0
star_only,84,1,1,0.06669574356,0.9227840164,0.01615682102,3,0.4615359371,26.44406129,0.2722366134,43.12357322,16.67951193,23.11979494,0,0,0
star_only,84,2,0,0.1152182194,0.8047127955,0.2162581265,3,1.560427277,89.40589718,0.5223617878,88.28274644,1.123150742,4.708604649,0,0,0
star_only,84,2,1,0.2276998193,0.9634768149,0.007507361113,3,1.560427277,89.40589718,0.5223617878,88.28274644,1.123150742,4.708604649,0,0,0
co_independent_only,84,1,0,-0.002402848929,0.9994083952,0.2668767912,3,0.05801939305,3.324266351,0.3059391657,24.25103506,20.92676871,0,0,0,0
co_independent_only,84,1,1,-0.06929576183,0.9825181207,0.01093197731,3,0.05801939305,3.324266351,0.3059391657,24.25103506,20.92676871,0,0,0,0
co_independent_only,84,2,0,0.1041468585,0.9790048247,0.2436816581,3,1.478246622,84.69729254,0.5406907208,84.33190025,0.3653922809,0,0,0,0
co_independent_only,84,2,1,0.1436963999,0.9783568095,0.0150861345,3,1.478246622,84.69729254,0.5406907208,84.33190025,0.3653922809,0,0,0,0
star_plus_co_independent,84,1,0,0.1058365789,0.9655175946,0.5337298989,3,0.4615359371,26.44406129,0.2722366134,43.12357322,16.67951193,23.11979494,0,0,0
star_plus_co_independent,84,1,1,0.06460107768,0.9227840164,0.01615682102,3,0.4615359371,26.44406129,0.2722366134,43.12357322,16.67951193,23.11979494,0,0,0
star_plus_co_independent,84,2,0,0.1194727919,0.8047127955,0.2162581265,3,1.560427277,89.40589718,0.5223617878,88.28274644,1.123150742,4.708604649,0,0,0
star_plus_co_independent,84,2,1,0.2280014388,0.9634768149,0.007507361113,3,1.560427277,89.40589718,0.5223617878,88.28274644,1.123150742,4.708604649,0,0,0
star_co_plus_hi_ctl49,84,1,0,0.09536435322,0.9655175946,0.5337298989,3,0.4615359371,26.44406129,0.2722366134,43.12357322,16.67951193,23.11979494,0,0,0
star_co_plus_hi_ctl49,84,1,1,0.0555674519,0.9227840164,0.01615682102,3,0.4615359371,26.44406129,0.2722366134,43.12357322,16.67951193,23.11979494,0,0,0
star_co_plus_hi_ctl49,84,2,0,0.1256600694,0.8047127955,0.2162581265,3,1.560427277,89.40589718,0.5223617878,88.28274644,1.123150742,4.708604649,0,0,0
star_co_plus_hi_ctl49,84,2,1,0.2322039429,0.9634768149,0.007507361113,3,1.560427277,89.40589718,0.5223617878,88.28274644,1.123150742,4.708604649,0,0,0
star_only,85,1,0,-0.0690794061,0.9997188277,0.3213080247,3,-0.02425147732,-1.389507297,0.3820111838,16.09440284,17.48391014,4.713773649,0,0,0
star_only,85,1,1,-0.08986665933,0.9902543651,0.01633700157,3,-0.02425147732,-1.389507297,0.3820111838,16.09440284,17.48391014,4.713773649,0,0,0
star_only,85,2,0,0.1176628114,0.9930567828,0.3165141843,4,1.468383143,84.13215683,0.5409716581,83.76901914,0.3631376911,0.5651357069,0,0,0
star_only,85,2,1,0.1693416527,0.9921010482,0.02038345213,4,1.468383143,84.13215683,0.5409716581,83.76901914,0.3631376911,0.5651357069,0,0,0
co_independent_only,85,1,0,-0.01095845749,0.9994083952,0.2668767912,3,0.05801939305,3.324266351,0.3059391657,24.25103506,20.92676871,0,0,0.005691519636,0
co_independent_only,85,1,1,-0.0684165404,0.9825181207,0.01093197731,3,0.05801939305,3.324266351,0.3059391657,24.25103506,20.92676871,0,0,0.005691519636,0
co_independent_only,85,2,0,0.1030408181,0.9790048247,0.2436816581,3,1.478246622,84.69729254,0.5406907208,84.33190025,0.3653922809,0,0,0.005691519636,0
co_independent_only,85,2,1,0.1402206276,0.9783568095,0.0150861345,3,1.478246622,84.69729254,0.5406907208,84.33190025,0.3653922809,0,0,0.005691519636,0
star_plus_co_independent,85,1,0,-0.07201106065,0.9997188277,0.3213080247,3,-0.02425147732,-1.389507297,0.3820111838,16.09440284,17.48391014,4.713773649,0,0.005691519636,0
star_plus_co_independent,85,1,1,-0.0916214055,0.9902543651,0.01633700157,3,-0.02425147732,-1.389507297,0.3820111838,16.09440284,17.48391014,4.713773649,0,0.005691519636,0
star_plus_co_independent,85,2,0,0.117987641,0.9930567828,0.3165141843,4,1.468383143,84.13215683,0.5409716581,83.76901914,0.3631376911,0.5651357069,0,0.005691519636,0
star_plus_co_independent,85,2,1,0.1716151757,0.9921010482,0.02038345213,4,1.468383143,84.13215683,0.5409716581,83.76901914,0.3631376911,0.5651357069,0,0.005691519636,0
star_co_plus_hi_ctl49,85,1,0,-0.065071537,0.9997188277,0.3213080247,3,-0.02425147732,-1.389507297,0.3820111838,16.09440284,17.48391014,4.713773649,0,0.005691519636,0
star_co_plus_hi_ctl49,85,1,1,-0.09838639084,0.9902543651,0.01633700157,3,-0.02425147732,-1.389507297,0.3820111838,16.09440284,17.48391014,4.713773649,0,0.005691519636,0
star_co_plus_hi_ctl49,85,2,0,0.1154191331,0.9930567828,0.3165141843,4,1.468383143,84.13215683,0.5409716581,83.76901914,0.3631376911,0.5651357069,0,0.005691519636,0
star_co_plus_hi_ctl49,85,2,1,0.1732037752,0.9921010482,0.02038345213,4,1.468383143,84.13215683,0.5409716581,83.76901914,0.3631376911,0.5651357069,0,0.005691519636,0
star_only,86,1,0,0.08059565207,0.9880341448,0.3567730189,3,0.2818291584,16.14762132,0.2115798141,46.01069369,29.86307237,12.82335497,0.01081388731,0,0
star_only,86,1,1,0.01391521449,0.9997055867,0.01268463383,3,0.2818291584,16.14762132,0.2115798141,46.01069369,29.86307237,12.82335497,0.01081388731,0,0
star_only,86,2,0,0.1324384711,0.8579685906,0.1142987336,3,1.548057304,88.69714995,0.5333582884,88.32872952,0.3684204392,3.99985742,0.01081388731,0,0
star_only,86,2,1,0.1056209684,0.9102582969,0.007914973995,3,1.548057304,88.69714995,0.5333582884,88.32872952,0.3684204392,3.99985742,0.01081388731,0,0
co_independent_only,86,1,0,0.003051170736,0.9994083952,0.2668767912,3,0.05801939305,3.324266351,0.3059391657,24.25103506,20.92676871,0,0,0.0005691519636,0
co_independent_only,86,1,1,-0.05643380252,0.9825181207,0.01093197731,3,0.05801939305,3.324266351,0.3059391657,24.25103506,20.92676871,0,0,0.0005691519636,0
co_independent_only,86,2,0,0.09991572445,0.9790048247,0.2436816581,3,1.478246622,84.69729254,0.5406907208,84.33190025,0.3653922809,0,0,0.0005691519636,0
co_independent_only,86,2,1,0.1313640614,0.9783568095,0.0150861345,3,1.478246622,84.69729254,0.5406907208,84.33190025,0.3653922809,0,0,0.0005691519636,0
star_plus_co_independent,86,1,0,0.09594940507,0.9880341448,0.3567730189,3,0.2818291584,16.14762132,0.2115798141,46.01069369,29.86307237,12.82335497,0.01081388731,0.0005691519636,0
star_plus_co_independent,86,1,1,0.02897971888,0.9997055867,0.01268463383,3,0.2818291584,16.14762132,0.2115798141,46.01069369,29.86307237,12.82335497,0.01081388731,0.0005691519636,0
star_plus_co_independent,86,2,0,0.140649787,0.8579685906,0.1142987336,3,1.548057304,88.69714995,0.5333582884,88.32872952,0.3684204392,3.99985742,0.01081388731,0.0005691519636,0
star_plus_co_independent,86,2,1,0.09742554528,0.9102582969,0.007914973995,3,1.548057304,88.69714995,0.5333582884,88.32872952,0.3684204392,3.99985742,0.01081388731,0.0005691519636,0
star_co_plus_hi_ctl49,86,1,0,0.1074839779,0.9880341448,0.3567730189,3,0.2818291584,16.14762132,0.2115798141,46.01069369,29.86307237,12.82335497,0.01081388731,0.0005691519636,0
star_co_plus_hi_ctl49,86,1,1,0.03147210153,0.9997055867,0.01268463383,3,0.2818291584,16.14762132,0.2115798141,46.01069369,29.86307237,12.82335497,0.01081388731,0.0005691519636,0
star_co_plus_hi_ctl49,86,2,0,0.1486180369,0.8579685906,0.1142987336,3,1.548057304,88.69714995,0.5333582884,88.32872952,0.3684204392,3.99985742,0.01081388731,0.0005691519636,0
star_co_plus_hi_ctl49,86,2,1,0.09835995738,0.9102582969,0.007914973995,3,1.548057304,88.69714995,0.5333582884,88.32872952,0.3684204392,3.99985742,0.01081388731,0.0005691519636,0
star_only,87,1,0,0.0966460286,0.9454096313,0.722359268,3,0.6964200202,39.90192793,0.3519382295,53.12314358,13.22121565,36.57766158,0,0,0
star_only,87,1,1,-0.007975266653,0.9999999722,0.01994479792,3,0.6964200202,39.90192793,0.3519382295,53.12314358,13.22121565,36.57766158,0,0,0
star_only,87,2,0,0.1055852555,0.4393410672,0.170425289,3,1.477130767,84.63335872,0.5236566871,84.17214238,0.4612163317,0.06393381862,0,0,0
star_only,87,2,1,0.2699791818,0.7984824645,0.007112019368,3,1.477130767,84.63335872,0.5236566871,84.17214238,0.4612163317,0.06393381862,0,0,0
co_independent_only,87,1,0,0.001890275568,0.9994083952,0.2668767912,3,0.05801939305,3.324266351,0.3059391657,24.25103506,20.92676871,0,0,0.00796812749,0
co_independent_only,87,1,1,-0.0685210387,0.9825181207,0.01093197731,3,0.05801939305,3.324266351,0.3059391657,24.25103506,20.92676871,0,0,0.00796812749,0
co_independent_only,87,2,0,0.09849019576,0.9790048247,0.2436816581,3,1.478246622,84.69729254,0.5406907208,84.33190025,0.3653922809,0,0,0.00796812749,0
co_independent_only,87,2,1,0.138858773,0.9783568095,0.0150861345,3,1.478246622,84.69729254,0.5406907208,84.33190025,0.3653922809,0,0,0.00796812749,0
star_plus_co_independent,87,1,0,0.1020578326,0.9454096313,0.722359268,3,0.6964200202,39.90192793,0.3519382295,53.12314358,13.22121565,36.57766158,0,0.00796812749,0
star_plus_co_independent,87,1,1,-0.006886289612,0.9999999722,0.01994479792,3,0.6964200202,39.90192793,0.3519382295,53.12314358,13.22121565,36.57766158,0,0.00796812749,0
star_plus_co_independent,87,2,0,0.1022573541,0.4393410672,0.170425289,3,1.477130767,84.63335872,0.5236566871,84.17214238,0.4612163317,0.06393381862,0,0.00796812749,0
star_plus_co_independent,87,2,1,0.2702483534,0.7984824645,0.007112019368,3,1.477130767,84.63335872,0.5236566871,84.17214238,0.4612163317,0.06393381862,0,0.00796812749,0
star_co_plus_hi_ctl49,87,1,0,0.1144137445,0.9454096313,0.722359268,3,0.6964200202,39.90192793,0.3519382295,53.12314358,13.22121565,36.57766158,0,0.00796812749,0
star_co_plus_hi_ctl49,87,1,1,-0.008700449086,0.9999999722,0.01994479792,3,0.6964200202,39.90192793,0.3519382295,53.12314358,13.22121565,36.57766158,0,0.00796812749,0
star_co_plus_hi_ctl49,87,2,0,0.1127116627,0.4393410672,0.170425289,3,1.477130767,84.63335872,0.5236566871,84.17214238,0.4612163317,0.06393381862,0,0.00796812749,0
star_co_plus_hi_ctl49,87,2,1,0.2773040656,0.7984824645,0.007112019368,3,1.477130767,84.63335872,0.5236566871,84.17214238,0.4612163317,0.06393381862,0,0.00796812749,0
star_only,88,1,0,0.08506080188,0.9903044978,0.4623479583,3,0.2485431241,14.24047204,0.2747045194,35.37783005,21.13735802,10.91620569,0,0,0
star_only,88,1,1,0.02422754801,0.9997278023,0.01208898499,3,0.2485431241,14.24047204,0.2747045194,35.37783005,21.13735802,10.91620569,0,0,0
star_only,88,2,0,0.09560302218,0.8538216521,0.2034222663,3,1.473243737,84.4106483,0.5473483927,83.97254884,0.4380994609,0.2866442362,0,0,0
star_only,88,2,1,0.1429392096,0.9989273635,0.01438320795,3,1.473243737,84.4106483,0.5473483927,83.97254884,0.4380994609,0.2866442362,0,0,0
co_independent_only,88,1,0,-0.0006153534136,0.9994083952,0.2668767912,3,0.05801939305,3.324266351,0.3059391657,24.25103506,20.92676871,0,0,0.001707455891,0
co_independent_only,88,1,1,-0.06622508987,0.9825181207,0.01093197731,3,0.05801939305,3.324266351,0.3059391657,24.25103506,20.92676871,0,0,0.001707455891,0
co_independent_only,88,2,0,0.1000040188,0.9790048247,0.2436816581,3,1.478246622,84.69729254,0.5406907208,84.33190025,0.3653922809,0,0,0.001707455891,0
co_independent_only,88,2,1,0.1338024034,0.9783568095,0.0150861345,3,1.478246622,84.69729254,0.5406907208,84.33190025,0.3653922809,0,0,0.001707455891,0
star_plus_co_independent,88,1,0,0.09366474595,0.9903044978,0.4623479583,3,0.2485431241,14.24047204,0.2747045194,35.37783005,21.13735802,10.91620569,0,0.001707455891,0
star_plus_co_independent,88,1,1,0.02443585203,0.9997278023,0.01208898499,3,0.2485431241,14.24047204,0.2747045194,35.37783005,21.13735802,10.91620569,0,0.001707455891,0
star_plus_co_independent,88,2,0,0.09314990421,0.8538216521,0.2034222663,3,1.473243737,84.4106483,0.5473483927,83.97254884,0.4380994609,0.2866442362,0,0.001707455891,0
star_plus_co_independent,88,2,1,0.1375533315,0.9989273635,0.01438320795,3,1.473243737,84.4106483,0.5473483927,83.97254884,0.4380994609,0.2866442362,0,0.001707455891,0
star_co_plus_hi_ctl49,88,1,0,0.0797483434,0.9903044978,0.4623479583,3,0.2485431241,14.24047204,0.2747045194,35.37783005,21.13735802,10.91620569,0,0.001707455891,0
star_co_plus_hi_ctl49,88,1,1,0.02295740262,0.9997278023,0.01208898499,3,0.2485431241,14.24047204,0.2747045194,35.37783005,21.13735802,10.91620569,0,0.001707455891,0
star_co_plus_hi_ctl49,88,2,0,0.09389965984,0.8538216521,0.2034222663,3,1.473243737,84.4106483,0.5473483927,83.97254884,0.4380994609,0.2866442362,0,0.001707455891,0
star_co_plus_hi_ctl49,88,2,1,0.1326467092,0.9989273635,0.01438320795,3,1.473243737,84.4106483,0.5473483927,83.97254884,0.4380994609,0.2866442362,0,0.001707455891,0
star_only,89,1,0,-0.0911370259,0.9951816259,0.3065129838,3,-0.05196038222,-2.977110603,0.3910178133,12.00368478,14.98079538,6.301376955,0,0,0
star_only,89,1,1,-0.1423402689,0.9657542774,0.01182891997,3,-0.05196038222,-2.977110603,0.3910178133,12.00368478,14.98079538,6.301376955,0,0,0
star_only,89,2,0,0.0965059401,0.9961994872,0.3182668004,3,1.494941617,85.65384527,0.5014652588,85.43733355,0.2165117164,0.9565527336,0,0,0
star_only,89,2,1,0.1420398813,0.9494103076,0.01260002509,3,1.494941617,85.65384527,0.5014652588,85.43733355,0.2165117164,0.9565527336,0,0,0
co_independent_only,89,1,0,-0.01140515307,0.9994083952,0.2668767912,3,0.05801939305,3.324266351,0.3059391657,24.25103506,20.92676871,0,0,0,0
co_independent_only,89,1,1,-0.0718368842,0.9825181207,0.01093197731,3,0.05801939305,3.324266351,0.3059391657,24.25103506,20.92676871,0,0,0,0
co_independent_only,89,2,0,0.1014779526,0.9790048247,0.2436816581,3,1.478246622,84.69729254,0.5406907208,84.33190025,0.3653922809,0,0,0,0
co_independent_only,89,2,1,0.1374156015,0.9783568095,0.0150861345,3,1.478246622,84.69729254,0.5406907208,84.33190025,0.3653922809,0,0,0,0
star_plus_co_independent,89,1,0,-0.09199089728,0.9951816259,0.3065129838,3,-0.05196038222,-2.977110603,0.3910178133,12.00368478,14.98079538,6.301376955,0,0,0
star_plus_co_independent,89,1,1,-0.141043975,0.9657542774,0.01182891997,3,-0.05196038222,-2.977110603,0.3910178133,12.00368478,14.98079538,6.301376955,0,0,0
star_plus_co_independent,89,2,0,0.09536413034,0.9961994872,0.3182668004,3,1.494941617,85.65384527,0.5014652588,85.43733355,0.2165117164,0.9565527336,0,0,0
star_plus_co_independent,89,2,1,0.1396897446,0.9494103076,0.01260002509,3,1.494941617,85.65384527,0.5014652588,85.43733355,0.2165117164,0.9565527336,0,0,0
star_co_plus_hi_ctl49,89,1,0,-0.08395958747,0.9951816259,0.3065129838,3,-0.05196038222,-2.977110603,0.3910178133,12.00368478,14.98079538,6.301376955,0,0,0
star_co_plus_hi_ctl49,89,1,1,-0.1389023731,0.9657542774,0.01182891997,3,-0.05196038222,-2.977110603,0.3910178133,12.00368478,14.98079538,6.301376955,0,0,0
star_co_plus_hi_ctl49,89,2,0,0.08852852717,0.9961994872,0.3182668004,3,1.494941617,85.65384527,0.5014652588,85.43733355,0.2165117164,0.9565527336,0,0,0
star_co_plus_hi_ctl49,89,2,1,0.1374190582,0.9494103076,0.01260002509,3,1.494941617,85.65384527,0.5014652588,85.43733355,0.2165117164,0.9565527336,0,0,0
star_only,90,1,0,-0.0487856933,0.9999383238,0.2833782403,4,0.004544739154,0.2603943725,0.3584725848,19.51372501,19.25333064,3.063871979,0,0,0
star_only,90,1,1,-0.05575291447,0.8809742762,0.009200251973,4,0.004544739154,0.2603943725,0.3584725848,19.51372501,19.25333064,3.063871979,0,0,0
star_only,90,2,0,0.1073971499,0.9891122037,0.293922702,3,1.480504466,84.82665745,0.5562792123,84.28020008,0.5464573728,0.1293649173,0,0,0
star_only,90,2,1,0.1465324672,0.951024539,0.01594548695,3,1.480504466,84.82665745,0.5562792123,84.28020008,0.5464573728,0.1293649173,0,0,0
co_independent_only,90,1,0,-0.009939041648,0.9994083952,0.2668767912,3,0.05801939305,3.324266351,0.3059391657,24.25103506,20.92676871,0,0,0.005691519636,0
co_independent_only,90,1,1,-0.06722161836,0.9825181207,0.01093197731,3,0.05801939305,3.324266351,0.3059391657,24.25103506,20.92676871,0,0,0.005691519636,0
co_independent_only,90,2,0,0.1112696995,0.9790048247,0.2436816581,3,1.478246622,84.69729254,0.5406907208,84.33190025,0.3653922809,0,0,0.005691519636,0
co_independent_only,90,2,1,0.1385576063,0.9783568095,0.0150861345,3,1.478246622,84.69729254,0.5406907208,84.33190025,0.3653922809,0,0,0.005691519636,0
star_plus_co_independent,90,1,0,-0.05496836343,0.9999383238,0.2833782403,4,0.004544739154,0.2603943725,0.3584725848,19.51372501,19.25333064,3.063871979,0,0.005691519636,0
star_plus_co_independent,90,1,1,-0.05199670282,0.8809742762,0.009200251973,4,0.004544739154,0.2603943725,0.3584725848,19.51372501,19.25333064,3.063871979,0,0.005691519636,0
star_plus_co_independent,90,2,0,0.1170318263,0.9891122037,0.293922702,3,1.480504466,84.82665745,0.5562792123,84.28020008,0.5464573728,0.1293649173,0,0.005691519636,0
star_plus_co_independent,90,2,1,0.146111867,0.951024539,0.01594548695,3,1.480504466,84.82665745,0.5562792123,84.28020008,0.5464573728,0.1293649173,0,0.005691519636,0
star_co_plus_hi_ctl49,90,1,0,-0.05017226381,0.9999383238,0.2833782403,4,0.004544739154,0.2603943725,0.3584725848,19.51372501,19.25333064,3.063871979,0,0.005691519636,0.001138303927
star_co_plus_hi_ctl49,90,1,1,-0.05674580807,0.8809742762,0.009200251973,4,0.004544739154,0.2603943725,0.3584725848,19.51372501,19.25333064,3.063871979,0,0.005691519636,0.001138303927
star_co_plus_hi_ctl49,90,2,0,0.1104319663,0.9891122037,0.293922702,3,1.480504466,84.82665745,0.5562792123,84.28020008,0.5464573728,0.1293649173,0,0.005691519636,0.001138303927
star_co_plus_hi_ctl49,90,2,1,0.1453606705,0.951024539,0.01594548695,3,1.480504466,84.82665745,0.5562792123,84.28020008,0.5464573728,0.1293649173,0,0.005691519636,0.001138303927
star_only,91,1,0,0.01205340338,0.9927331885,0.1708951284,3,-0.02174523075,-1.245909947,0.2294090627,27.58280185,28.8287118,4.570176298,0,0,0
star_only,91,1,1,0.08416901878,0.9598930331,0.01053375791,3,-0.02174523075,-1.245909947,0.2294090627,27.58280185,28.8287118,4.570176298,0,0,0
star_only,91,2,0,0.1036375708,0.9736036972,0.1319003813,4,1.40644636,80.58344055,0.551073031,80.63813727,0.05469671512,4.113851982,0,0,0
star_only,91,2,1,0.1119207339,0.9730516517,0.008246195403,4,1.40644636,80.58344055,0.551073031,80.63813727,0.05469671512,4.113851982,0,0,0
co_independent_only,91,1,0,-0.008186082248,0.9994083952,0.2668767912,3,0.05801939305,3.324266351,0.3059391657,24.25103506,20.92676871,0,0,0.003984063745,0
co_independent_only,91,1,1,-0.07759955176,0.9825181207,0.01093197731,3,0.05801939305,3.324266351,0.3059391657,24.25103506,20.92676871,0,0,0.003984063745,0
co_independent_only,91,2,0,0.0954882315,0.9790048247,0.2436816581,3,1.478246622,84.69729254,0.5406907208,84.33190025,0.3653922809,0,0,0.003984063745,0
co_independent_only,91,2,1,0.1425520304,0.9783568095,0.0150861345,3,1.478246622,84.69729254,0.5406907208,84.33190025,0.3653922809,0,0,0.003984063745,0
star_plus_co_independent,91,1,0,0.006829742578,0.9927331885,0.1708951284,3,-0.02174523075,-1.245909947,0.2294090627,27.58280185,28.8287118,4.570176298,0,0.003984063745,0
star_plus_co_independent,91,1,1,0.07134130463,0.9598930331,0.01053375791,3,-0.02174523075,-1.245909947,0.2294090627,27.58280185,28.8287118,4.570176298,0,0.003984063745,0
star_plus_co_independent,91,2,0,0.09706658846,0.9736036972,0.1319003813,4,1.40644636,80.58344055,0.551073031,80.63813727,0.05469671512,4.113851982,0,0.003984063745,0
star_plus_co_independent,91,2,1,0.1114341092,0.9730516517,0.008246195403,4,1.40644636,80.58344055,0.551073031,80.63813727,0.05469671512,4.113851982,0,0.003984063745,0
star_co_plus_hi_ctl49,91,1,0,0.01339475361,0.9927331885,0.1708951284,3,-0.02174523075,-1.245909947,0.2294090627,27.58280185,28.8287118,4.570176298,0,0.003984063745,0
star_co_plus_hi_ctl49,91,1,1,0.07046845303,0.9598930331,0.01053375791,3,-0.02174523075,-1.245909947,0.2294090627,27.58280185,28.8287118,4.570176298,0,0.003984063745,0
star_co_plus_hi_ctl49,91,2,0,0.09938012189,0.9736036972,0.1319003813,4,1.40644636,80.58344055,0.551073031,80.63813727,0.05469671512,4.113851982,0,0.003984063745,0
star_co_plus_hi_ctl49,91,2,1,0.1170669777,0.9730516517,0.008246195403,4,1.40644636,80.58344055,0.551073031,80.63813727,0.05469671512,4.113851982,0,0.003984063745,0
star_only,92,1,0,-0.04019652172,0.9954442381,0.2030957119,3,0.06297019541,3.607926432,0.2918478624,24.38906524,20.78113881,0.2836600808,0,0,0
star_only,92,1,1,-0.1145579831,0.9896461229,0.01039311238,3,0.06297019541,3.607926432,0.2918478624,24.38906524,20.78113881,0.2836600808,0,0,0
star_only,92,2,0,0.1050072912,0.9950983421,0.2310064438,3,1.53027275,87.67817009,0.5184366648,87.21916216,0.4590079269,2.980877551,0,0,0
star_only,92,2,1,0.1648222349,0.9456709324,0.010918081,3,1.53027275,87.67817009,0.5184366648,87.21916216,0.4590079269,2.980877551,0,0,0
co_independent_only,92,1,0,0.0001989726237,0.9994083952,0.2668767912,3,0.05801939305,3.324266351,0.3059391657,24.25103506,20.92676871,0,0,0.00796812749,0
co_independent_only,92,1,1,-0.07164080396,0.9825181207,0.01093197731,3,0.05801939305,3.324266351,0.3059391657,24.25103506,20.92676871,0,0,0.00796812749,0
co_independent_only,92,2,0,0.09965116199,0.9790048247,0.2436816581,3,1.478246622,84.69729254,0.5406907208,84.33190025,0.3653922809,0,0,0.00796812749,0
co_independent_only,92,2,1,0.140347876,0.9783568095,0.0150861345,3,1.478246622,84.69729254,0.5406907208,84.33190025,0.3653922809,0,0,0.00796812749,0
star_plus_co_independent,92,1,0,-0.03465982047,0.9954442381,0.2030957119,3,0.06297019541,3.607926432,0.2918478624,24.38906524,20.78113881,0.2836600808,0,0.00796812749,0
star_plus_co_independent,92,1,1,-0.1168360034,0.9896461229,0.01039311238,3,0.06297019541,3.607926432,0.2918478624,24.38906524,20.78113881,0.2836600808,0,0.00796812749,0
star_plus_co_independent,92,2,0,0.1075547898,0.9950983421,0.2310064438,3,1.53027275,87.67817009,0.5184366648,87.21916216,0.4590079269,2.980877551,0,0.00796812749,0
star_plus_co_independent,92,2,1,0.1675714356,0.9456709324,0.010918081,3,1.53027275,87.67817009,0.5184366648,87.21916216,0.4590079269,2.980877551,0,0.00796812749,0
star_co_plus_hi_ctl49,92,1,0,-0.04178026994,0.9954442381,0.2030957119,3,0.06297019541,3.607926432,0.2918478624,24.38906524,20.78113881,0.2836600808,0,0.00796812749,0
star_co_plus_hi_ctl49,92,1,1,-0.1191149211,0.9896461229,0.01039311238,3,0.06297019541,3.607926432,0.2918478624,24.38906524,20.78113881,0.2836600808,0,0.00796812749,0
star_co_plus_hi_ctl49,92,2,0,0.121655176,0.9950983421,0.2310064438,3,1.53027275,87.67817009,0.5184366648,87.21916216,0.4590079269,2.980877551,0,0.00796812749,0
star_co_plus_hi_ctl49,92,2,1,0.1719568365,0.9456709324,0.010918081,3,1.53027275,87.67817009,0.5184366648,87.21916216,0.4590079269,2.980877551,0,0.00796812749,0
star_only,93,1,0,-0.0914973285,0.9989418218,0.3364001657,3,-0.05305020186,-3.039552669,0.3773201216,15.11978926,18.15934192,6.36381902,0,0,0
star_only,93,1,1,-0.1525029134,0.8742875589,0.01160467714,3,-0.05305020186,-3.039552669,0.3773201216,15.11978926,18.15934192,6.36381902,0,0,0
star_only,93,2,0,0.0914973285,0.9989418218,0.3364001657,3,1.514100383,86.75156168,0.5026614295,85.70539807,1.046163607,2.054269142,0,0,0
star_only,93,2,1,0.1525029134,0.8742875589,0.01160467714,3,1.514100383,86.75156168,0.5026614295,85.70539807,1.046163607,2.054269142,0,0,0
co_independent_only,93,1,0,0.004138179982,0.9994083952,0.2668767912,3,0.05801939305,3.324266351,0.3059391657,24.25103506,20.92676871,0,0,0.001138303927,0
co_independent_only,93,1,1,-0.06899272342,0.9825181207,0.01093197731,3,0.05801939305,3.324266351,0.3059391657,24.25103506,20.92676871,0,0,0.001138303927,0
co_independent_only,93,2,0,0.1078201323,0.9790048247,0.2436816581,3,1.478246622,84.69729254,0.5406907208,84.33190025,0.3653922809,0,0,0.001138303927,0
co_independent_only,93,2,1,0.1482291523,0.9783568095,0.0150861345,3,1.478246622,84.69729254,0.5406907208,84.33190025,0.3653922809,0,0,0.001138303927,0
star_plus_co_independent,93,1,0,-0.09897140958,0.9989418218,0.3364001657,3,-0.05305020186,-3.039552669,0.3773201216,15.11978926,18.15934192,6.36381902,0,0.001138303927,0
star_plus_co_independent,93,1,1,-0.1622581446,0.8742875589,0.01160467714,3,-0.05305020186,-3.039552669,0.3773201216,15.11978926,18.15934192,6.36381902,0,0.001138303927,0
star_plus_co_independent,93,2,0,0.09897140958,0.9989418218,0.3364001657,3,1.514100383,86.75156168,0.5026614295,85.70539807,1.046163607,2.054269142,0,0.001138303927,0
star_plus_co_independent,93,2,1,0.1622581446,0.8742875589,0.01160467714,3,1.514100383,86.75156168,0.5026614295,85.70539807,1.046163607,2.054269142,0,0.001138303927,0
star_co_plus_hi_ctl49,93,1,0,-0.1003935047,0.9989418218,0.3364001657,3,-0.05305020186,-3.039552669,0.3773201216,15.11978926,18.15934192,6.36381902,0,0.001138303927,0
star_co_plus_hi_ctl49,93,1,1,-0.1654027085,0.8742875589,0.01160467714,3,-0.05305020186,-3.039552669,0.3773201216,15.11978926,18.15934192,6.36381902,0,0.001138303927,0
star_co_plus_hi_ctl49,93,2,0,0.1003935047,0.9989418218,0.3364001657,3,1.514100383,86.75156168,0.5026614295,85.70539807,1.046163607,2.054269142,0,0.001138303927,0
star_co_plus_hi_ctl49,93,2,1,0.1654027085,0.8742875589,0.01160467714,3,1.514100383,86.75156168,0.5026614295,85.70539807,1.046163607,2.054269142,0,0.001138303927,0
star_only,94,1,0,-0.1596613157,0.9999919808,0.2558192258,4,-0.2330975837,-13.35550776,0.2686464906,7.945008941,21.3005167,16.67977411,0,0,0
star_only,94,1,1,-0.2041229183,0.9993212799,0.01151406357,4,-0.2330975837,-13.35550776,0.2686464906,7.945008941,21.3005167,16.67977411,0,0,0
star_only,94,2,0,0.1202096276,0.9601481038,0.1815962034,3,1.481880054,84.90547285,0.515384706,84.93375903,0.028286175,0.2081803187,0,0,0
star_only,94,2,1,0.05800533643,0.8862041215,0.0126895437,3,1.481880054,84.90547285,0.515384706,84.93375903,0.028286175,0.2081803187,0,0,0
co_independent_only,94,1,0,-0.007513554191,0.9994083952,0.2668767912,3,0.05801939305,3.324266351,0.3059391657,24.25103506,20.92676871,0,0,0.0005691519636,0
co_independent_only,94,1,1,-0.07044449138,0.9825181207,0.01093197731,3,0.05801939305,3.324266351,0.3059391657,24.25103506,20.92676871,0,0,0.0005691519636,0
co_independent_only,94,2,0,0.1018687388,0.9790048247,0.2436816581,3,1.478246622,84.69729254,0.5406907208,84.33190025,0.3653922809,0,0,0.0005691519636,0
co_independent_only,94,2,1,0.1437500856,0.9783568095,0.0150861345,3,1.478246622,84.69729254,0.5406907208,84.33190025,0.3653922809,0,0,0.0005691519636,0
star_plus_co_independent,94,1,0,-0.1578893394,0.9999919808,0.2558192258,4,-0.2330975837,-13.35550776,0.2686464906,7.945008941,21.3005167,16.67977411,0,0.0005691519636,0
star_plus_co_independent,94,1,1,-0.2056093326,0.9993212799,0.01151406357,4,-0.2330975837,-13.35550776,0.2686464906,7.945008941,21.3005167,16.67977411,0,0.0005691519636,0
star_plus_co_independent,94,2,0,0.1187310305,0.9601481038,0.1815962034,3,1.481880054,84.90547285,0.515384706,84.93375903,0.028286175,0.2081803187,0,0.0005691519636,0
star_plus_co_independent,94,2,1,0.06586338458,0.8862041215,0.0126895437,3,1.481880054,84.90547285,0.515384706,84.93375903,0.028286175,0.2081803187,0,0.0005691519636,0
star_co_plus_hi_ctl49,94,1,0,-0.1565394333,0.9999919808,0.2558192258,4,-0.2330975837,-13.35550776,0.2686464906,7.945008941,21.3005167,16.67977411,0,0.0005691519636,0
star_co_plus_hi_ctl49,94,1,1,-0.2006780754,0.9993212799,0.01151406357,4,-0.2330975837,-13.35550776,0.2686464906,7.945008941,21.3005167,16.67977411,0,0.0005691519636,0
star_co_plus_hi_ctl49,94,2,0,0.1107397503,0.9601481038,0.1815962034,3,1.481880054,84.90547285,0.515384706,84.93375903,0.028286175,0.2081803187,0,0.0005691519636,0
star_co_plus_hi_ctl49,94,2,1,0.06957714141,0.8862041215,0.0126895437,3,1.481880054,84.90547285,0.515384706,84.93375903,0.028286175,0.2081803187,0,0.0005691519636,0
star_only,95,1,0,-0.07722412013,0.9996245271,0.32605354,3,-0.01665663502,-0.9543548876,0.4008295085,14.14868598,15.10304087,4.278621239,0,0,0
star_only,95,1,1,-0.1048048027,0.9990530875,0.01477568199,3,-0.01665663502,-0.9543548876,0.4008295085,14.14868598,15.10304087,4.278621239,0,0,0
star_only,95,2,0,0.1066846913,0.998058759,0.3208651286,3,1.483381095,84.99147617,0.5146243571,84.56793055,0.4235456263,0.2941836396,0,0,0
star_only,95,2,1,0.1457682505,0.9929591594,0.01653448165,3,1.483381095,84.99147617,0.5146243571,84.56793055,0.4235456263,0.2941836396,0,0,0
co_independent_only,95,1,0,-0.003239790874,0.9994083952,0.2668767912,3,0.05801939305,3.324266351,0.3059391657,24.25103506,20.92676871,0,0,0.005122367672,0
co_independent_only,95,1,1,-0.0753501541,0.9825181207,0.01093197731,3,0.05801939305,3.324266351,0.3059391657,24.25103506,20.92676871,0,0,0.005122367672,0
co_independent_only,95,2,0,0.1047776633,0.9790048247,0.2436816581,3,1.478246622,84.69729254,0.5406907208,84.33190025,0.3653922809,0,0,0.005122367672,0
co_independent_only,95,2,1,0.1492845068,0.9783568095,0.0150861345,3,1.478246622,84.69729254,0.5406907208,84.33190025,0.3653922809,0,0,0.005122367672,0
star_plus_co_independent,95,1,0,-0.07881543596,0.9996245271,0.32605354,3,-0.01665663502,-0.9543548876,0.4008295085,14.14868598,15.10304087,4.278621239,0,0.005122367672,0
star_plus_co_independent,95,1,1,-0.1141412338,0.9990530875,0.01477568199,3,-0.01665663502,-0.9543548876,0.4008295085,14.14868598,15.10304087,4.278621239,0,0.005122367672,0
star_plus_co_independent,95,2,0,0.1098193315,0.998058759,0.3208651286,3,1.483381095,84.99147617,0.5146243571,84.56793055,0.4235456263,0.2941836396,0,0.005122367672,0
star_plus_co_independent,95,2,1,0.1563267705,0.9929591594,0.01653448165,3,1.483381095,84.99147617,0.5146243571,84.56793055,0.4235456263,0.2941836396,0,0.005122367672,0
star_co_plus_hi_ctl49,95,1,0,-0.07319899557,0.9996245271,0.32605354,3,-0.01665663502,-0.9543548876,0.4008295085,14.14868598,15.10304087,4.278621239,0,0.005122367672,0
star_co_plus_hi_ctl49,95,1,1,-0.1130971028,0.9990530875,0.01477568199,3,-0.01665663502,-0.9543548876,0.4008295085,14.14868598,15.10304087,4.278621239,0,0.005122367672,0
star_co_plus_hi_ctl49,95,2,0,0.1042938451,0.998058759,0.3208651286,3,1.483381095,84.99147617,0.5146243571,84.56793055,0.4235456263,0.2941836396,0,0.005122367672,0
star_co_plus_hi_ctl49,95,2,1,0.1550360503,0.9929591594,0.01653448165,3,1.483381095,84.99147617,0.5146243571,84.56793055,0.4235456263,0.2941836396,0,0.005122367672,0
star_only,96,1,0,0.02063631214,0.9962730967,0.3548440419,3,0.1426459217,8.17300928,0.2910812234,30.25291919,22.07990991,4.848742929,0,0,0
star_only,96,1,1,0.01929396946,0.9424960581,0.01421558124,3,0.1426459217,8.17300928,0.2910812234,30.25291919,22.07990991,4.848742929,0,0,0
star_only,96,2,0,0.1084984418,0.9513302781,0.2375993414,4,1.428638409,81.85495131,0.5311946907,81.67911822,0.1758330849,2.842341229,0,0,0
star_only,96,2,1,0.1291284359,0.9925890821,0.01095179433,4,1.428638409,81.85495131,0.5311946907,81.67911822,0.1758330849,2.842341229,0,0,0
co_independent_only,96,1,0,-0.009734674293,0.9994083952,0.2668767912,3,0.05801939305,3.324266351,0.3059391657,24.25103506,20.92676871,0,0,0.005691519636,0
co_independent_only,96,1,1,-0.06418001142,0.9825181207,0.01093197731,3,0.05801939305,3.324266351,0.3059391657,24.25103506,20.92676871,0,0,0.005691519636,0
co_independent_only,96,2,0,0.1078443408,0.9790048247,0.2436816581,3,1.478246622,84.69729254,0.5406907208,84.33190025,0.3653922809,0,0,0.005691519636,0
co_independent_only,96,2,1,0.1424843623,0.9783568095,0.0150861345,3,1.478246622,84.69729254,0.5406907208,84.33190025,0.3653922809,0,0,0.005691519636,0
star_plus_co_independent,96,1,0,0.01563296224,0.9962730967,0.3548440419,3,0.1426459217,8.17300928,0.2910812234,30.25291919,22.07990991,4.848742929,0,0.005691519636,0
star_plus_co_independent,96,1,1,0.0192298339,0.9424960581,0.01421558124,3,0.1426459217,8.17300928,0.2910812234,30.25291919,22.07990991,4.848742929,0,0.005691519636,0
star_plus_co_independent,96,2,0,0.1132015101,0.9513302781,0.2375993414,4,1.428638409,81.85495131,0.5311946907,81.67911822,0.1758330849,2.842341229,0,0.005691519636,0
star_plus_co_independent,96,2,1,0.1318155921,0.9925890821,0.01095179433,4,1.428638409,81.85495131,0.5311946907,81.67911822,0.1758330849,2.842341229,0,0.005691519636,0
star_co_plus_hi_ctl49,96,1,0,0.02160174094,0.9962730967,0.3548440419,3,0.1426459217,8.17300928,0.2910812234,30.25291919,22.07990991,4.848742929,0,0.005691519636,0
star_co_plus_hi_ctl49,96,1,1,0.01532079068,0.9424960581,0.01421558124,3,0.1426459217,8.17300928,0.2910812234,30.25291919,22.07990991,4.848742929,0,0.005691519636,0
star_co_plus_hi_ctl49,96,2,0,0.1037176642,0.9513302781,0.2375993414,4,1.428638409,81.85495131,0.5311946907,81.67911822,0.1758330849,2.842341229,0,0.005691519636,0
star_co_plus_hi_ctl49,96,2,1,0.1242611717,0.9925890821,0.01095179433,4,1.428638409,81.85495131,0.5311946907,81.67911822,0.1758330849,2.842341229,0,0.005691519636,0
star_only,97,1,0,-0.1299276664,0.9997306135,0.3419370455,4,-0.1828604792,-10.4771337,0.3186001782,6.241803514,16.71893721,13.80140005,0.003984063745,0,0
star_only,97,1,1,-0.1877739805,0.9100183339,0.01448248293,4,-0.1828604792,-10.4771337,0.3186001782,6.241803514,16.71893721,13.80140005,0.003984063745,0,0
star_only,97,2,0,0.1012224422,0.995925267,0.2704049875,3,1.473958403,84.45159568,0.5397617851,84.32183482,0.1297608599,0.2456968519,0.003984063745,0,0
star_only,97,2,1,0.1294934192,0.9830863189,0.01655196917,3,1.473958403,84.45159568,0.5397617851,84.32183482,0.1297608599,0.2456968519,0.003984063745,0,0
co_independent_only,97,1,0,-0.01737440068,0.9994083952,0.2668767912,3,0.05801939305,3.324266351,0.3059391657,24.25103506,20.92676871,0,0,0.004553215709,0
co_independent_only,97,1,1,-0.07018307901,0.9825181207,0.01093197731,3,0.05801939305,3.324266351,0.3059391657,24.25103506,20.92676871,0,0,0.004553215709,0
co_independent_only,97,2,0,0.110262815,0.9790048247,0.2436816581,3,1.478246622,84.69729254,0.5406907208,84.33190025,0.3653922809,0,0,0.004553215709,0
co_independent_only,97,2,1,0.1423462709,0.9783568095,0.0150861345,3,1.478246622,84.69729254,0.5406907208,84.33190025,0.3653922809,0,0,0.004553215709,0
star_plus_co_independent,97,1,0,-0.1375930102,0.9997306135,0.3419370455,4,-0.1828604792,-10.4771337,0.3186001782,6.241803514,16.71893721,13.80140005,0.003984063745,0.004553215709,0
star_plus_co_independent,97,1,1,-0.1899521314,0.9100183339,0.01448248293,4,-0.1828604792,-10.4771337,0.3186001782,6.241803514,16.71893721,13.80140005,0.003984063745,0.004553215709,0
star_plus_co_independent,97,2,0,0.1094374104,0.995925267,0.2704049875,3,1.473958403,84.45159568,0.5397617851,84.32183482,0.1297608599,0.2456968519,0.003984063745,0.004553215709,0
star_plus_co_independent,97,2,1,0.1327205642,0.9830863189,0.01655196917,3,1.473958403,84.45159568,0.5397617851,84.32183482,0.1297608599,0.2456968519,0.003984063745,0.004553215709,0
star_co_plus_hi_ctl49,97,1,0,-0.1211947931,0.9997306135,0.3419370455,4,-0.1828604792,-10.4771337,0.3186001782,6.241803514,16.71893721,13.80140005,0.003984063745,0.004553215709,0
star_co_plus_hi_ctl49,97,1,1,-0.179487486,0.9100183339,0.01448248293,4,-0.1828604792,-10.4771337,0.3186001782,6.241803514,16.71893721,13.80140005,0.003984063745,0.004553215709,0
star_co_plus_hi_ctl49,97,2,0,0.09804151477,0.995925267,0.2704049875,3,1.473958403,84.45159568,0.5397617851,84.32183482,0.1297608599,0.2456968519,0.003984063745,0.004553215709,0
star_co_plus_hi_ctl49,97,2,1,0.1250235867,0.9830863189,0.01655196917,3,1.473958403,84.45159568,0.5397617851,84.32183482,0.1297608599,0.2456968519,0.003984063745,0.004553215709,0
star_only,98,1,0,-0.1368892626,0.9997021128,0.2485760852,4,-0.2046046748,-11.72298433,0.2795185668,9.365241993,21.08822633,15.04725069,0,0,0
star_only,98,1,1,-0.1875975664,0.9670122526,0.0121327951,4,-0.2046046748,-11.72298433,0.2795185668,9.365241993,21.08822633,15.04725069,0,0,0
star_only,98,2,0,0.1057744194,0.9997391469,0.210627093,4,1.447273299,82.92265186,0.5253163892,82.44658151,0.4760703466,1.774640675,0,0,0
star_only,98,2,1,0.1347963951,0.9765857263,0.01261084933,4,1.447273299,82.92265186,0.5253163892,82.44658151,0.4760703466,1.774640675,0,0,0
co_independent_only,98,1,0,-0.01009522401,0.9994083952,0.2668767912,3,0.05801939305,3.324266351,0.3059391657,24.25103506,20.92676871,0,0,0.002845759818,0
co_independent_only,98,1,1,-0.06655933374,0.9825181207,0.01093197731,3,0.05801939305,3.324266351,0.3059391657,24.25103506,20.92676871,0,0,0.002845759818,0
co_independent_only,98,2,0,0.1023170369,0.9790048247,0.2436816581,3,1.478246622,84.69729254,0.5406907208,84.33190025,0.3653922809,0,0,0.002845759818,0
co_independent_only,98,2,1,0.1348138449,0.9783568095,0.0150861345,3,1.478246622,84.69729254,0.5406907208,84.33190025,0.3653922809,0,0,0.002845759818,0
star_plus_co_independent,98,1,0,-0.1258520492,0.9997021128,0.2485760852,4,-0.2046046748,-11.72298433,0.2795185668,9.365241993,21.08822633,15.04725069,0,0.002845759818,0
star_plus_co_independent,98,1,1,-0.1780129522,0.9670122526,0.0121327951,4,-0.2046046748,-11.72298433,0.2795185668,9.365241993,21.08822633,15.04725069,0,0.002845759818,0
star_plus_co_independent,98,2,0,0.0990002394,0.9997391469,0.210627093,4,1.447273299,82.92265186,0.5253163892,82.44658151,0.4760703466,1.774640675,0,0.002845759818,0
star_plus_co_independent,98,2,1,0.1253807334,0.9765857263,0.01261084933,4,1.447273299,82.92265186,0.5253163892,82.44658151,0.4760703466,1.774640675,0,0.002845759818,0
star_co_plus_hi_ctl49,98,1,0,-0.1296957852,0.9997021128,0.2485760852,4,-0.2046046748,-11.72298433,0.2795185668,9.365241993,21.08822633,15.04725069,0,0.002845759818,0
star_co_plus_hi_ctl49,98,1,1,-0.1717414657,0.9670122526,0.0121327951,4,-0.2046046748,-11.72298433,0.2795185668,9.365241993,21.08822633,15.04725069,0,0.002845759818,0
star_co_plus_hi_ctl49,98,2,0,0.1040839483,0.9997391469,0.210627093,4,1.447273299,82.92265186,0.5253163892,82.44658151,0.4760703466,1.774640675,0,0.002845759818,0
star_co_plus_hi_ctl49,98,2,1,0.1241577613,0.9765857263,0.01261084933,4,1.447273299,82.92265186,0.5253163892,82.44658151,0.4760703466,1.774640675,0,0.002845759818,0
star_only,99,1,0,-0.05418056812,0.9847656377,0.2969430031,3,-0.0187805874,-1.076048395,0.3221290075,17.02345827,18.09950667,4.400314746,0,0,0
star_only,99,1,1,-0.0151148509,0.9978503239,0.01313444052,3,-0.0187805874,-1.076048395,0.3221290075,17.02345827,18.09950667,4.400314746,0,0,0
star_only,99,2,0,0.1033376774,0.9997265597,0.2895090224,4,1.444868289,82.78485494,0.5539511981,83.0908251,0.3059701668,1.9124376,0,0,0
star_only,99,2,1,0.1159930389,0.9860061157,0.01327417159,4,1.444868289,82.78485494,0.5539511981,83.0908251,0.3059701668,1.9124376,0,0,0
co_independent_only,99,1,0,-0.003258534114,0.9994083952,0.2668767912,3,0.05801939305,3.324266351,0.3059391657,24.25103506,20.92676871,0,0,0.009675583381,0
co_independent_only,99,1,1,-0.06341816503,0.9825181207,0.01093197731,3,0.05801939305,3.324266351,0.3059391657,24.25103506,20.92676871,0,0,0.009675583381,0
co_independent_only,99,2,0,0.09317142648,0.9790048247,0.2436816581,3,1.478246622,84.69729254,0.5406907208,84.33190025,0.3653922809,0,0,0.009675583381,0
co_independent_only,99,2,1,0.136098201,0.9783568095,0.0150861345,3,1.478246622,84.69729254,0.5406907208,84.33190025,0.3653922809,0,0,0.009675583381,0
star_plus_co_independent,99,1,0,-0.04721750324,0.9847656377,0.2969430031,3,-0.0187805874,-1.076048395,0.3221290075,17.02345827,18.09950667,4.400314746,0,0.009675583381,0
star_plus_co_independent,99,1,1,-0.01166711471,0.9978503239,0.01313444052,3,-0.0187805874,-1.076048395,0.3221290075,17.02345827,18.09950667,4.400314746,0,0.009675583381,0
star_plus_co_independent,99,2,0,0.09276386027,0.9997265597,0.2895090224,4,1.444868289,82.78485494,0.5539511981,83.0908251,0.3059701668,1.9124376,0,0.009675583381,0
star_plus_co_independent,99,2,1,0.1148250226,0.9860061157,0.01327417159,4,1.444868289,82.78485494,0.5539511981,83.0908251,0.3059701668,1.9124376,0,0.009675583381,0
star_co_plus_hi_ctl49,99,1,0,-0.05486783689,0.9847656377,0.2969430031,3,-0.0187805874,-1.076048395,0.3221290075,17.02345827,18.09950667,4.400314746,0,0.009675583381,0
star_co_plus_hi_ctl49,99,1,1,-0.01807316762,0.9978503239,0.01313444052,3,-0.0187805874,-1.076048395,0.3221290075,17.02345827,18.09950667,4.400314746,0,0.009675583381,0
star_co_plus_hi_ctl49,99,2,0,0.09741481249,0.9997265597,0.2895090224,4,1.444868289,82.78485494,0.5539511981,83.0908251,0.3059701668,1.9124376,0,0.009675583381,0
star_co_plus_hi_ctl49,99,2,1,0.121241732,0.9860061157,0.01327417159,4,1.444868289,82.78485494,0.5539511981,83.0908251,0.3059701668,1.9124376,0,0.009675583381,0
star_only,100,1,0,0.02487514759,0.9965366925,0.3626844615,3,0.1601411205,9.17541033,0.3299322926,28.12750471,18.95209438,5.851143978,0.01422879909,0,0
star_only,100,1,1,0.01509792753,0.9112641614,0.01514496403,3,0.1601411205,9.17541033,0.3299322926,28.12750471,18.95209438,5.851143978,0.01422879909,0,0
star_only,100,2,0,0.1041594967,0.9197189221,0.2603394887,4,1.455980108,83.42151523,0.5244834609,83.22135141,0.2001638251,1.275777303,0.01422879909,0,0
star_only,100,2,1,0.1169462251,0.9550526369,0.0121723337,4,1.455980108,83.42151523,0.5244834609,83.22135141,0.2001638251,1.275777303,0.01422879909,0,0
co_independent_only,100,1,0,-0.003205441391,0.9994083952,0.2668767912,3,0.05801939305,3.324266351,0.3059391657,24.25103506,20.92676871,0,0,0.0005691519636,0
co_independent_only,100,1,1,-0.06349447251,0.9825181207,0.01093197731,3,0.05801939305,3.324266351,0.3059391657,24.25103506,20.92676871,0,0,0.0005691519636,0
co_independent_only,100,2,0,0.09857461192,0.9790048247,0.2436816581,3,1.478246622,84.69729254,0.5406907208,84.33190025,0.3653922809,0,0,0.0005691519636,0
co_independent_only,100,2,1,0.1388478482,0.9783568095,0.0150861345,3,1.478246622,84.69729254,0.5406907208,84.33190025,0.3653922809,0,0,0.0005691519636,0
star_plus_co_independent,100,1,0,0.0236602551,0.9965366925,0.3626844615,3,0.1601411205,9.17541033,0.3299322926,28.12750471,18.95209438,5.851143978,0.01422879909,0.0005691519636,0
star_plus_co_independent,100,1,1,0.01321605928,0.9112641614,0.01514496403,3,0.1601411205,9.17541033,0.3299322926,28.12750471,18.95209438,5.851143978,0.01422879909,0.0005691519636,0
star_plus_co_independent,100,2,0,0.1034902267,0.9197189221,0.2603394887,4,1.455980108,83.42151523,0.5244834609,83.22135141,0.2001638251,1.275777303,0.01422879909,0.0005691519636,0
star_plus_co_independent,100,2,1,0.1173004608,0.9550526369,0.0121723337,4,1.455980108,83.42151523,0.5244834609,83.22135141,0.2001638251,1.275777303,0.01422879909,0.0005691519636,0
star_co_plus_hi_ctl49,100,1,0,0.02419302677,0.9965366925,0.3626844615,3,0.1601411205,9.17541033,0.3299322926,28.12750471,18.95209438,5.851143978,0.01422879909,0.0005691519636,0
star_co_plus_hi_ctl49,100,1,1,0.0006344163404,0.9112641614,0.01514496403,3,0.1601411205,9.17541033,0.3299322926,28.12750471,18.95209438,5.851143978,0.01422879909,0.0005691519636,0
star_co_plus_hi_ctl49,100,2,0,0.1104620605,0.9197189221,0.2603394887,4,1.455980108,83.42151523,0.5244834609,83.22135141,0.2001638251,1.275777303,0.01422879909,0.0005691519636,0
star_co_plus_hi_ctl49,100,2,1,0.1210620818,0.9550526369,0.0121723337,4,1.455980108,83.42151523,0.5244834609,83.22135141,0.2001638251,1.275777303,0.01422879909,0.0005691519636,0
star_only,101,1,0,-0.03567570699,0.9992588283,0.3559810812,3,0.1131902943,6.485326146,0.3877597497,20.5322179,14.04689175,3.161059795,0,0,0
star_only,101,1,1,-0.05318399003,0.9869782981,0.01202757787,3,0.1131902943,6.485326146,0.3877597497,20.5322179,14.04689175,3.161059795,0,0,0
star_only,101,2,0,0.1025195974,0.987514877,0.3200955646,3,1.521501323,87.17560431,0.5338382134,86.40690446,0.7686998485,2.478311777,0,0,0
star_only,101,2,1,0.2339886685,0.9963335773,0.01074118505,3,1.521501323,87.17560431,0.5338382134,86.40690446,0.7686998485,2.478311777,0,0,0
co_independent_only,101,1,0,-0.01617919641,0.9994083952,0.2668767912,3,0.05801939305,3.324266351,0.3059391657,24.25103506,20.92676871,0,0,0,0
co_independent_only,101,1,1,-0.06973460915,0.9825181207,0.01093197731,3,0.05801939305,3.324266351,0.3059391657,24.25103506,20.92676871,0,0,0,0
co_independent_only,101,2,0,0.1071782812,0.9790048247,0.2436816581,3,1.478246622,84.69729254,0.5406907208,84.33190025,0.3653922809,0,0,0,0
co_independent_only,101,2,1,0.1402177945,0.9783568095,0.0150861345,3,1.478246622,84.69729254,0.5406907208,84.33190025,0.3653922809,0,0,0,0
star_plus_co_independent,101,1,0,-0.04463222752,0.9992588283,0.3559810812,3,0.1131902943,6.485326146,0.3877597497,20.5322179,14.04689175,3.161059795,0,0,0
star_plus_co_independent,101,1,1,-0.05263796665,0.9869782981,0.01202757787,3,0.1131902943,6.485326146,0.3877597497,20.5322179,14.04689175,3.161059795,0,0,0
star_plus_co_independent,101,2,0,0.1071213754,0.987514877,0.3200955646,3,1.521501323,87.17560431,0.5338382134,86.40690446,0.7686998485,2.478311777,0,0,0
star_plus_co_independent,101,2,1,0.2365622605,0.9963335773,0.01074118505,3,1.521501323,87.17560431,0.5338382134,86.40690446,0.7686998485,2.478311777,0,0,0
star_co_plus_hi_ctl49,101,1,0,-0.04768704004,0.9992588283,0.3559810812,3,0.1131902943,6.485326146,0.3877597497,20.5322179,14.04689175,3.161059795,0,0,0
star_co_plus_hi_ctl49,101,1,1,-0.05608672107,0.9869782981,0.01202757787,3,0.1131902943,6.485326146,0.3877597497,20.5322179,14.04689175,3.161059795,0,0,0
star_co_plus_hi_ctl49,101,2,0,0.1099491027,0.987514877,0.3200955646,3,1.521501323,87.17560431,0.5338382134,86.40690446,0.7686998485,2.478311777,0,0,0
star_co_plus_hi_ctl49,101,2,1,0.2380529075,0.9963335773,0.01074118505,3,1.521501323,87.17560431,0.5338382134,86.40690446,0.7686998485,2.478311777,0,0,0
star_only,102,1,0,-0.08260334004,0.995863701,0.2986773638,3,-0.02132695281,-1.221944386,0.3833923828,17.14388885,18.36583323,4.546210737,0.01764371087,0,0
star_only,102,1,1,-0.1236558985,0.9460706623,0.01271142783,3,-0.02132695281,-1.221944386,0.3833923828,17.14388885,18.36583323,4.546210737,0.01764371087,0,0
star_only,102,2,0,0.101144455,0.9978644854,0.2922295375,3,1.512240218,86.64498211,0.5509436426,85.59818114,1.046800966,1.947689576,0.01764371087,0,0
star_only,102,2,1,0.1903023298,0.8904862052,0.01107823262,3,1.512240218,86.64498211,0.5509436426,85.59818114,1.046800966,1.947689576,0.01764371087,0,0
co_independent_only,102,1,0,-0.007747071056,0.9994083952,0.2668767912,3,0.05801939305,3.324266351,0.3059391657,24.25103506,20.92676871,0,0,0.003984063745,0
co_independent_only,102,1,1,-0.07393895704,0.9825181207,0.01093197731,3,0.05801939305,3.324266351,0.3059391657,24.25103506,20.92676871,0,0,0.003984063745,0
co_independent_only,102,2,0,0.1049255302,0.9790048247,0.2436816581,3,1.478246622,84.69729254,0.5406907208,84.33190025,0.3653922809,0,0,0.003984063745,0
co_independent_only,102,2,1,0.142215216,0.9783568095,0.0150861345,3,1.478246622,84.69729254,0.5406907208,84.33190025,0.3653922809,0,0,0.003984063745,0
star_plus_co_independent,102,1,0,-0.08502479688,0.995863701,0.2986773638,3,-0.02132695281,-1.221944386,0.3833923828,17.14388885,18.36583323,4.546210737,0.01764371087,0.003984063745,0
star_plus_co_independent,102,1,1,-0.12888081,0.9460706623,0.01271142783,3,-0.02132695281,-1.221944386,0.3833923828,17.14388885,18.36583323,4.546210737,0.01764371087,0.003984063745,0
star_plus_co_independent,102,2,0,0.1048112506,0.9978644854,0.2922295375,3,1.512240218,86.64498211,0.5509436426,85.59818114,1.046800966,1.947689576,0.01764371087,0.003984063745,0
star_plus_co_independent,102,2,1,0.1946462995,0.8904862052,0.01107823262,3,1.512240218,86.64498211,0.5509436426,85.59818114,1.046800966,1.947689576,0.01764371087,0.003984063745,0
star_co_plus_hi_ctl49,102,1,0,-0.08868806848,0.995863701,0.2986773638,3,-0.02132695281,-1.221944386,0.3833923828,17.14388885,18.36583323,4.546210737,0.01764371087,0.003984063745,0
star_co_plus_hi_ctl49,102,1,1,-0.1318798882,0.9460706623,0.01271142783,3,-0.02132695281,-1.221944386,0.3833923828,17.14388885,18.36583323,4.546210737,0.01764371087,0.003984063745,0
star_co_plus_hi_ctl49,102,2,0,0.1068646256,0.9978644854,0.2922295375,3,1.512240218,86.64498211,0.5509436426,85.59818114,1.046800966,1.947689576,0.01764371087,0.003984063745,0
star_co_plus_hi_ctl49,102,2,1,0.1915165829,0.8904862052,0.01107823262,3,1.512240218,86.64498211,0.5509436426,85.59818114,1.046800966,1.947689576,0.01764371087,0.003984063745,0
star_only,103,1,0,-0.1468414875,0.9930382063,0.2428364647,4,-0.2480388954,-14.21158186,0.2440946194,14.18755862,28.39914048,17.53584822,0.01422879909,0,0
star_only,103,1,1,-0.1244361675,0.9881221565,0.01118423054,4,-0.2480388954,-14.21158186,0.2440946194,14.18755862,28.39914048,17.53584822,0.01422879909,0,0
star_only,103,2,0,0.1074128452,0.9798520006,0.1965289333,4,1.417511907,81.21744967,0.5130449798,81.92511556,0.7076658988,3.47984287,0.01422879909,0,0
star_only,103,2,1,0.1062642663,0.946283032,0.0123015524,4,1.417511907,81.21744967,0.5130449798,81.92511556,0.7076658988,3.47984287,0.01422879909,0,0
co_independent_only,103,1,0,-0.005128497462,0.9994083952,0.2668767912,3,0.05801939305,3.324266351,0.3059391657,24.25103506,20.92676871,0,0,0.001138303927,0
co_independent_only,103,1,1,-0.06572984659,0.9825181207,0.01093197731,3,0.05801939305,3.324266351,0.3059391657,24.25103506,20.92676871,0,0,0.001138303927,0
co_independent_only,103,2,0,0.09052260679,0.9790048247,0.2436816581,3,1.478246622,84.69729254,0.5406907208,84.33190025,0.3653922809,0,0,0.001138303927,0
co_independent_only,103,2,1,0.1332957792,0.9783568095,0.0150861345,3,1.478246622,84.69729254,0.5406907208,84.33190025,0.3653922809,0,0,0.001138303927,0
star_plus_co_independent,103,1,0,-0.1388209875,0.9930382063,0.2428364647,4,-0.2480388954,-14.21158186,0.2440946194,14.18755862,28.39914048,17.53584822,0.01422879909,0.001138303927,0
star_plus_co_independent,103,1,1,-0.1172100751,0.9881221565,0.01118423054,4,-0.2480388954,-14.21158186,0.2440946194,14.18755862,28.39914048,17.53584822,0.01422879909,0.001138303927,0
star_plus_co_independent,103,2,0,0.09320788977,0.9798520006,0.1965289333,4,1.417511907,81.21744967,0.5130449798,81.92511556,0.7076658988,3.47984287,0.01422879909,0.001138303927,0
star_plus_co_independent,103,2,1,0.09909240627,0.946283032,0.0123015524,4,1.417511907,81.21744967,0.5130449798,81.92511556,0.7076658988,3.47984287,0.01422879909,0.001138303927,0
star_co_plus_hi_ctl49,103,1,0,-0.1559801036,0.9930382063,0.2428364647,4,-0.2480388954,-14.21158186,0.2440946194,14.18755862,28.39914048,17.53584822,0.01422879909,0.001138303927,0
star_co_plus_hi_ctl49,103,1,1,-0.1162365503,0.9881221565,0.01118423054,4,-0.2480388954,-14.21158186,0.2440946194,14.18755862,28.39914048,17.53584822,0.01422879909,0.001138303927,0
star_co_plus_hi_ctl49,103,2,0,0.1009843157,0.9798520006,0.1965289333,4,1.417511907,81.21744967,0.5130449798,81.92511556,0.7076658988,3.47984287,0.01422879909,0.001138303927,0
star_co_plus_hi_ctl49,103,2,1,0.09976649318,0.946283032,0.0123015524,4,1.417511907,81.21744967,0.5130449798,81.92511556,0.7076658988,3.47984287,0.01422879909,0.001138303927,0
star_only,104,1,0,-0.01913764657,0.9999999774,0.2783056086,3,0.03692280166,2.115520703,0.344564863,20.6771459,18.5616252,1.208745648,0,0,0
star_only,104,1,1,-0.05327543257,0.8295525293,0.008459077817,3,0.03692280166,2.115520703,0.344564863,20.6771459,18.5616252,1.208745648,0,0,0
star_only,104,2,0,0.1000887721,0.9839035993,0.2865132803,3,1.468677223,84.14900636,0.5117771503,83.72572122,0.4232851462,0.5482861708,0,0,0
star_only,104,2,1,0.1480848004,0.9547388968,0.01445904479,3,1.468677223,84.14900636,0.5117771503,83.72572122,0.4232851462,0.5482861708,0,0,0
co_independent_only,104,1,0,-0.02099128448,0.9994083952,0.2668767912,3,0.05801939305,3.324266351,0.3059391657,24.25103506,20.92676871,0,0,0.009675583381,0
co_independent_only,104,1,1,-0.06341771244,0.9825181207,0.01093197731,3,0.05801939305,3.324266351,0.3059391657,24.25103506,20.92676871,0,0,0.009675583381,0
co_independent_only,104,2,0,0.1111106123,0.9790048247,0.2436816581,3,1.478246622,84.69729254,0.5406907208,84.33190025,0.3653922809,0,0,0.009675583381,0
co_independent_only,104,2,1,0.1420766787,0.9783568095,0.0150861345,3,1.478246622,84.69729254,0.5406907208,84.33190025,0.3653922809,0,0,0.009675583381,0
star_plus_co_independent,104,1,0,-0.03387620044,0.9999999774,0.2783056086,3,0.03692280166,2.115520703,0.344564863,20.6771459,18.5616252,1.208745648,0,0.009675583381,0
star_plus_co_independent,104,1,1,-0.05139961528,0.8295525293,0.008459077817,3,0.03692280166,2.115520703,0.344564863,20.6771459,18.5616252,1.208745648,0,0.009675583381,0
star_plus_co_independent,104,2,0,0.1091972886,0.9839035993,0.2865132803,3,1.468677223,84.14900636,0.5117771503,83.72572122,0.4232851462,0.5482861708,0,0.009675583381,0
star_plus_co_independent,104,2,1,0.1509695285,0.9547388968,0.01445904479,3,1.468677223,84.14900636,0.5117771503,83.72572122,0.4232851462,0.5482861708,0,0.009675583381,0
star_co_plus_hi_ctl49,104,1,0,-0.03978965876,0.9999999774,0.2783056086,3,0.03692280166,2.115520703,0.344564863,20.6771459,18.5616252,1.208745648,0,0.009675583381,0
star_co_plus_hi_ctl49,104,1,1,-0.05120760302,0.8295525293,0.008459077817,3,0.03692280166,2.115520703,0.344564863,20.6771459,18.5616252,1.208745648,0,0.009675583381,0
star_co_plus_hi_ctl49,104,2,0,0.1144502777,0.9839035993,0.2865132803,3,1.468677223,84.14900636,0.5117771503,83.72572122,0.4232851462,0.5482861708,0,0.009675583381,0
star_co_plus_hi_ctl49,104,2,1,0.1506704922,0.9547388968,0.01445904479,3,1.468677223,84.14900636,0.5117771503,83.72572122,0.4232851462,0.5482861708,0,0.009675583381,0
star_only,105,1,0,0.008005300932,0.9964865707,0.2138180517,3,0.1528205589,8.755973051,0.2754438931,28.7909725,20.03499945,5.431706699,0,0,0
star_only,105,1,1,-0.05299086899,0.9560155425,0.009466055991,3,0.1528205589,8.755973051,0.2754438931,28.7909725,20.03499945,5.431706699,0,0,0
star_only,105,2,0,0.1183372602,0.9589010523,0.1576345928,3,1.511853443,86.62282152,0.5136255675,86.22779345,0.3950280686,1.92552898,0,0,0
star_only,105,2,1,0.2289331789,0.9663001984,0.006159629722,3,1.511853443,86.62282152,0.5136255675,86.22779345,0.3950280686,1.92552898,0,0,0
co_independent_only,105,1,0,0.008851917557,0.9994083952,0.2668767912,3,0.05801939305,3.324266351,0.3059391657,24.25103506,20.92676871,0,0,0.001707455891,0
co_independent_only,105,1,1,-0.07092357619,0.9825181207,0.01093197731,3,0.05801939305,3.324266351,0.3059391657,24.25103506,20.92676871,0,0,0.001707455891,0
co_independent_only,105,2,0,0.08926223935,0.9790048247,0.2436816581,3,1.478246622,84.69729254,0.5406907208,84.33190025,0.3653922809,0,0,0.001707455891,0
co_independent_only,105,2,1,0.1431901406,0.9783568095,0.0150861345,3,1.478246622,84.69729254,0.5406907208,84.33190025,0.3653922809,0,0,0.001707455891,0
star_plus_co_independent,105,1,0,0.01748793975,0.9964865707,0.2138180517,3,0.1528205589,8.755973051,0.2754438931,28.7909725,20.03499945,5.431706699,0,0.001707455891,0
star_plus_co_independent,105,1,1,-0.05714899864,0.9560155425,0.009466055991,3,0.1528205589,8.755973051,0.2754438931,28.7909725,20.03499945,5.431706699,0,0.001707455891,0
star_plus_co_independent,105,2,0,0.1093398088,0.9589010523,0.1576345928,3,1.511853443,86.62282152,0.5136255675,86.22779345,0.3950280686,1.92552898,0,0.001707455891,0
star_plus_co_independent,105,2,1,0.2348584582,0.9663001984,0.006159629722,3,1.511853443,86.62282152,0.5136255675,86.22779345,0.3950280686,1.92552898,0,0.001707455891,0
star_co_plus_hi_ctl49,105,1,0,0.00954698896,0.9964865707,0.2138180517,3,0.1528205589,8.755973051,0.2754438931,28.7909725,20.03499945,5.431706699,0,0.001707455891,0
star_co_plus_hi_ctl49,105,1,1,-0.06476904858,0.9560155425,0.009466055991,3,0.1528205589,8.755973051,0.2754438931,28.7909725,20.03499945,5.431706699,0,0.001707455891,0
star_co_plus_hi_ctl49,105,2,0,0.1058697316,0.9589010523,0.1576345928,3,1.511853443,86.62282152,0.5136255675,86.22779345,0.3950280686,1.92552898,0,0.001707455891,0
star_co_plus_hi_ctl49,105,2,1,0.2367866534,0.9663001984,0.006159629722,3,1.511853443,86.62282152,0.5136255675,86.22779345,0.3950280686,1.92552898,0,0.001707455891,0
star_only,106,1,0,-0.069557361,0.9985215007,0.2554304605,4,0.01591658808,0.9119533213,0.3288530965,20.90560002,19.9936467,2.41231303,0,0,0
star_only,106,1,1,-0.174527507,0.9168728047,0.01020661369,4,0.01591658808,0.9119533213,0.3288530965,20.90560002,19.9936467,2.41231303,0,0,0
star_only,106,2,0,0.09211231711,0.999880902,0.2709848542,3,1.533110905,87.8407844,0.5182622771,86.6871647,1.153619698,3.143491865,0,0,0
star_only,106,2,1,0.1804343223,0.9022472307,0.01041113018,3,1.533110905,87.8407844,0.5182622771,86.6871647,1.153619698,3.143491865,0,0,0
co_independent_only,106,1,0,-0.002395402254,0.9994083952,0.2668767912,3,0.05801939305,3.324266351,0.3059391657,24.25103506,20.92676871,0,0,0.005691519636,0
co_independent_only,106,1,1,-0.06485458706,0.9825181207,0.01093197731,3,0.05801939305,3.324266351,0.3059391657,24.25103506,20.92676871,0,0,0.005691519636,0
co_independent_only,106,2,0,0.09041308036,0.9790048247,0.2436816581,3,1.478246622,84.69729254,0.5406907208,84.33190025,0.3653922809,0,0,0.005691519636,0
co_independent_only,106,2,1,0.1339820067,0.9783568095,0.0150861345,3,1.478246622,84.69729254,0.5406907208,84.33190025,0.3653922809,0,0,0.005691519636,0
star_plus_co_independent,106,1,0,-0.06053420669,0.9985215007,0.2554304605,4,0.01591658808,0.9119533213,0.3288530965,20.90560002,19.9936467,2.41231303,0,0.005691519636,0
star_plus_co_independent,106,1,1,-0.1655740916,0.9168728047,0.01020661369,4,0.01591658808,0.9119533213,0.3288530965,20.90560002,19.9936467,2.41231303,0,0.005691519636,0
star_plus_co_independent,106,2,0,0.08332300981,0.999880902,0.2709848542,3,1.533110905,87.8407844,0.5182622771,86.6871647,1.153619698,3.143491865,0,0.005691519636,0
star_plus_co_independent,106,2,1,0.1749514948,0.9022472307,0.01041113018,3,1.533110905,87.8407844,0.5182622771,86.6871647,1.153619698,3.143491865,0,0.005691519636,0
star_co_plus_hi_ctl49,106,1,0,-0.07402508642,0.9985215007,0.2554304605,4,0.01591658808,0.9119533213,0.3288530965,20.90560002,19.9936467,2.41231303,0,0.005691519636,0
star_co_plus_hi_ctl49,106,1,1,-0.1761383308,0.9168728047,0.01020661369,4,0.01591658808,0.9119533213,0.3288530965,20.90560002,19.9936467,2.41231303,0,0.005691519636,0
star_co_plus_hi_ctl49,106,2,0,0.09605198368,0.999880902,0.2709848542,3,1.533110905,87.8407844,0.5182622771,86.6871647,1.153619698,3.143491865,0,0.005691519636,0
star_co_plus_hi_ctl49,106,2,1,0.1842848735,0.9022472307,0.01041113018,3,1.533110905,87.8407844,0.5182622771,86.6871647,1.153619698,3.143491865,0,0.005691519636,0
star_only,107,1,0,-0.1442713773,0.9688037271,0.2030902604,4,-0.1786398068,-10.23530698,0.1981357389,25.85809463,36.09340162,13.55957334,0.009106431417,0,0
star_only,107,1,1,-0.1750320095,0.9908034417,0.01234488189,4,-0.1786398068,-10.23530698,0.1981357389,25.85809463,36.09340162,13.55957334,0.009106431417,0,0
star_only,107,2,0,0.1177622428,0.9928698418,0.1611507462,4,1.457676995,83.51873973,0.59028512,83.95764028,0.4389005467,1.178552802,0.009106431417,0,0
star_only,107,2,1,0.1007028572,0.8923631286,0.01276818083,4,1.457676995,83.51873973,0.59028512,83.95764028,0.4389005467,1.178552802,0.009106431417,0,0
co_independent_only,107,1,0,-0.01346941487,0.9994083952,0.2668767912,3,0.05801939305,3.324266351,0.3059391657,24.25103506,20.92676871,0,0,0,0
co_independent_only,107,1,1,-0.07733928535,0.9825181207,0.01093197731,3,0.05801939305,3.324266351,0.3059391657,24.25103506,20.92676871,0,0,0,0
co_independent_only,107,2,0,0.1081020612,0.9790048247,0.2436816581,3,1.478246622,84.69729254,0.5406907208,84.33190025,0.3653922809,0,0,0,0
co_independent_only,107,2,1,0.1446602464,0.9783568095,0.0150861345,3,1.478246622,84.69729254,0.5406907208,84.33190025,0.3653922809,0,0,0,0
star_plus_co_independent,107,1,0,-0.1456534869,0.9688037271,0.2030902604,4,-0.1786398068,-10.23530698,0.1981357389,25.85809463,36.09340162,13.55957334,0.009106431417,0,0
star_plus_co_independent,107,1,1,-0.1765664744,0.9908034417,0.01234488189,4,-0.1786398068,-10.23530698,0.1981357389,25.85809463,36.09340162,13.55957334,0.009106431417,0,0
star_plus_co_independent,107,2,0,0.1208257723,0.9928698418,0.1611507462,4,1.457676995,83.51873973,0.59028512,83.95764028,0.4389005467,1.178552802,0.009106431417,0,0
star_plus_co_independent,107,2,1,0.09990375666,0.8923631286,0.01276818083,4,1.457676995,83.51873973,0.59028512,83.95764028,0.4389005467,1.178552802,0.009106431417,0,0
star_co_plus_hi_ctl49,107,1,0,-0.1430670068,0.9688037271,0.2030902604,4,-0.1786398068,-10.23530698,0.1981357389,25.85809463,36.09340162,13.55957334,0.009106431417,0,0
star_co_plus_hi_ctl49,107,1,1,-0.1760039244,0.9908034417,0.01234488189,4,-0.1786398068,-10.23530698,0.1981357389,25.85809463,36.09340162,13.55957334,0.009106431417,0,0
star_co_plus_hi_ctl49,107,2,0,0.1189520746,0.9928698418,0.1611507462,4,1.457676995,83.51873973,0.59028512,83.95764028,0.4389005467,1.178552802,0.009106431417,0,0
star_co_plus_hi_ctl49,107,2,1,0.1004840796,0.8923631286,0.01276818083,4,1.457676995,83.51873973,0.59028512,83.95764028,0.4389005467,1.178552802,0.009106431417,0,0
star_only,108,1,0,-0.01346409591,0.9996981347,0.2493873489,3,0.06042431207,3.462058061,0.3326717852,22.59396927,19.13191121,0.1377917101,0,0,0
star_only,108,1,1,-0.09849156266,0.9989803125,0.01150149827,3,0.06042431207,3.462058061,0.3326717852,22.59396927,19.13191121,0.1377917101,0,0,0
star_only,108,2,0,0.1087650539,0.9650976231,0.2673606408,3,1.474575022,84.48692533,0.4742200284,84.08696116,0.3999641677,0.2103672086,0,0,0
star_only,108,2,1,0.1485374014,0.9964055476,0.01659356614,3,1.474575022,84.48692533,0.4742200284,84.08696116,0.3999641677,0.2103672086,0,0,0
co_independent_only,108,1,0,-0.01335220339,0.9994083952,0.2668767912,3,0.05801939305,3.324266351,0.3059391657,24.25103506,20.92676871,0,0,0,0
co_independent_only,108,1,1,-0.07193640874,0.9825181207,0.01093197731,3,0.05801939305,3.324266351,0.3059391657,24.25103506,20.92676871,0,0,0,0
co_independent_only,108,2,0,0.1041148732,0.9790048247,0.2436816581,3,1.478246622,84.69729254,0.5406907208,84.33190025,0.3653922809,0,0,0,0
co_independent_only,108,2,1,0.1477578931,0.9783568095,0.0150861345,3,1.478246622,84.69729254,0.5406907208,84.33190025,0.3653922809,0,0,0,0
star_plus_co_independent,108,1,0,-0.0206058503,0.9996981347,0.2493873489,3,0.06042431207,3.462058061,0.3326717852,22.59396927,19.13191121,0.1377917101,0,0,0
star_plus_co_independent,108,1,1,-0.1030238303,0.9989803125,0.01150149827,3,0.06042431207,3.462058061,0.3326717852,22.59396927,19.13191121,0.1377917101,0,0,0
star_plus_co_independent,108,2,0,0.1102551069,0.9650976231,0.2673606408,3,1.474575022,84.48692533,0.4742200284,84.08696116,0.3999641677,0.2103672086,0,0,0
star_plus_co_independent,108,2,1,0.1575242742,0.9964055476,0.01659356614,3,1.474575022,84.48692533,0.4742200284,84.08696116,0.3999641677,0.2103672086,0,0,0
star_co_plus_hi_ctl49,108,1,0,-0.01182785023,0.9996981347,0.2493873489,3,0.06042431207,3.462058061,0.3326717852,22.59396927,19.13191121,0.1377917101,0,0,0
star_co_plus_hi_ctl49,108,1,1,-0.09187529695,0.9989803125,0.01150149827,3,0.06042431207,3.462058061,0.3326717852,22.59396927,19.13191121,0.1377917101,0,0,0
star_co_plus_hi_ctl49,108,2,0,0.1011633046,0.9650976231,0.2673606408,3,1.474575022,84.48692533,0.4742200284,84.08696116,0.3999641677,0.2103672086,0,0,0
star_co_plus_hi_ctl49,108,2,1,0.1433399487,0.9964055476,0.01659356614,3,1.474575022,84.48692533,0.4742200284,84.08696116,0.3999641677,0.2103672086,0,0,0
star_only,109,1,0,-0.01562885213,0.9999436843,0.2668621426,3,0.1115007658,6.388523295,0.3117465912,23.82870563,17.44018233,3.064256943,0,0,0
star_only,109,1,1,0.0321337996,0.9962369519,0.009021619248,3,0.1115007658,6.388523295,0.3117465912,23.82870563,17.44018233,3.064256943,0,0,0
star_only,109,2,0,0.09538964623,0.9850190855,0.25052312,3,1.535114767,87.95559723,0.5532302075,87.01611669,0.9394805354,3.258304692,0,0,0
star_only,109,2,1,0.2394651098,0.9942005949,0.007846977539,3,1.535114767,87.95559723,0.5532302075,87.01611669,0.9394805354,3.258304692,0,0,0
co_independent_only,109,1,0,-0.0004891936798,0.9994083952,0.2668767912,3,0.05801939305,3.324266351,0.3059391657,24.25103506,20.92676871,0,0,0.006260671599,0
co_independent_only,109,1,1,-0.06925506363,0.9825181207,0.01093197731,3,0.05801939305,3.324266351,0.3059391657,24.25103506,20.92676871,0,0,0.006260671599,0
co_independent_only,109,2,0,0.1008950428,0.9790048247,0.2436816581,3,1.478246622,84.69729254,0.5406907208,84.33190025,0.3653922809,0,0,0.006260671599,0
co_independent_only,109,2,1,0.1381474216,0.9783568095,0.0150861345,3,1.478246622,84.69729254,0.5406907208,84.33190025,0.3653922809,0,0,0.006260671599,0
star_plus_co_independent,109,1,0,-0.0127794458,0.9999436843,0.2668621426,3,0.1115007658,6.388523295,0.3117465912,23.82870563,17.44018233,3.064256943,0,0.006260671599,0
star_plus_co_independent,109,1,1,0.02598904589,0.9962369519,0.009021619248,3,0.1115007658,6.388523295,0.3117465912,23.82870563,17.44018233,3.064256943,0,0.006260671599,0
star_plus_co_independent,109,2,0,0.09495175654,0.9850190855,0.25052312,3,1.535114767,87.95559723,0.5532302075,87.01611669,0.9394805354,3.258304692,0,0.006260671599,0
star_plus_co_independent,109,2,1,0.2368420756,0.9942005949,0.007846977539,3,1.535114767,87.95559723,0.5532302075,87.01611669,0.9394805354,3.258304692,0,0.006260671599,0
star_co_plus_hi_ctl49,109,1,0,-0.01448385805,0.9999436843,0.2668621426,3,0.1115007658,6.388523295,0.3117465912,23.82870563,17.44018233,3.064256943,0,0.006260671599,0
star_co_plus_hi_ctl49,109,1,1,0.03441195074,0.9962369519,0.009021619248,3,0.1115007658,6.388523295,0.3117465912,23.82870563,17.44018233,3.064256943,0,0.006260671599,0
star_co_plus_hi_ctl49,109,2,0,0.1034742222,0.9850190855,0.25052312,3,1.535114767,87.95559723,0.5532302075,87.01611669,0.9394805354,3.258304692,0,0.006260671599,0
star_co_plus_hi_ctl49,109,2,1,0.243794633,0.9942005949,0.007846977539,3,1.535114767,87.95559723,0.5532302075,87.01611669,0.9394805354,3.258304692,0,0.006260671599,0
star_only,110,1,0,-0.1125775346,0.9950246087,0.2574455531,3,-0.01303290576,-0.7467304946,0.3120806688,20.43478498,21.18151547,4.070996846,0.001707455891,0,0
star_only,110,1,1,-0.1323574335,0.9982246613,0.01282050182,3,-0.01303290576,-0.7467304946,0.3120806688,20.43478498,21.18151547,4.070996846,0.001707455891,0,0
star_only,110,2,0,0.1061340428,0.9997300409,0.2711115673,3,1.539231184,88.19145053,0.5179757545,88.52002294,0.3285724121,3.494157992,0.001707455891,0,0
star_only,110,2,1,0.1256210441,0.9617558348,0.01207587313,3,1.539231184,88.19145053,0.5179757545,88.52002294,0.3285724121,3.494157992,0.001707455891,0,0
co_independent_only,110,1,0,-0.01559780386,0.9994083952,0.2668767912,3,0.05801939305,3.324266351,0.3059391657,24.25103506,20.92676871,0,0,0,0
co_independent_only,110,1,1,-0.06727530423,0.9825181207,0.01093197731,3,0.05801939305,3.324266351,0.3059391657,24.25103506,20.92676871,0,0,0,0
co_independent_only,110,2,0,0.1041060141,0.9790048247,0.2436816581,3,1.478246622,84.69729254,0.5406907208,84.33190025,0.3653922809,0,0,0,0
co_independent_only,110,2,1,0.1373817436,0.9783568095,0.0150861345,3,1.478246622,84.69729254,0.5406907208,84.33190025,0.3653922809,0,0,0,0
star_plus_co_independent,110,1,0,-0.114762452,0.9950246087,0.2574455531,3,-0.01303290576,-0.7467304946,0.3120806688,20.43478498,21.18151547,4.070996846,0.001707455891,0,0
star_plus_co_independent,110,1,1,-0.1333780703,0.9982246613,0.01282050182,3,-0.01303290576,-0.7467304946,0.3120806688,20.43478498,21.18151547,4.070996846,0.001707455891,0,0
star_plus_co_independent,110,2,0,0.110945441,0.9997300409,0.2711115673,3,1.539231184,88.19145053,0.5179757545,88.52002294,0.3285724121,3.494157992,0.001707455891,0,0
star_plus_co_independent,110,2,1,0.1278082737,0.9617558348,0.01207587313,3,1.539231184,88.19145053,0.5179757545,88.52002294,0.3285724121,3.494157992,0.001707455891,0,0
star_co_plus_hi_ctl49,110,1,0,-0.1065086771,0.9950246087,0.2574455531,3,-0.01303290576,-0.7467304946,0.3120806688,20.43478498,21.18151547,4.070996846,0.001707455891,0,0
star_co_plus_hi_ctl49,110,1,1,-0.1350235029,0.9982246613,0.01282050182,3,-0.01303290576,-0.7467304946,0.3120806688,20.43478498,21.18151547,4.070996846,0.001707455891,0,0
star_co_plus_hi_ctl49,110,2,0,0.1020339247,0.9997300409,0.2711115673,3,1.539231184,88.19145053,0.5179757545,88.52002294,0.3285724121,3.494157992,0.001707455891,0,0
star_co_plus_hi_ctl49,110,2,1,0.128509284,0.9617558348,0.01207587313,3,1.539231184,88.19145053,0.5179757545,88.52002294,0.3285724121,3.494157992,0.001707455891,0,0
star_only,111,1,0,-0.05179942351,0.9973574001,0.332154002,4,0.006080969596,0.3484138932,0.3944102907,16.38120237,16.03278848,2.975852458,0.02162777462,0,0
star_only,111,1,1,-0.06631475557,0.9836028821,0.01353011941,4,0.006080969596,0.3484138932,0.3944102907,16.38120237,16.03278848,2.975852458,0.02162777462,0,0
star_only,111,2,0,0.1043542761,0.9854153568,0.3160593499,3,1.470632111,84.2610132,0.5628682057,83.99391499,0.2670982027,0.4362793398,0.02162777462,0,0
star_only,111,2,1,0.1714051725,0.9989056132,0.01837742852,3,1.470632111,84.2610132,0.5628682057,83.99391499,0.2670982027,0.4362793398,0.02162777462,0,0
co_independent_only,111,1,0,-0.004402870611,0.9994083952,0.2668767912,3,0.05801939305,3.324266351,0.3059391657,24.25103506,20.92676871,0,0,0,0
co_independent_only,111,1,1,-0.06791175199,0.9825181207,0.01093197731,3,0.05801939305,3.324266351,0.3059391657,24.25103506,20.92676871,0,0,0,0
co_independent_only,111,2,0,0.1040075812,0.9790048247,0.2436816581,3,1.478246622,84.69729254,0.5406907208,84.33190025,0.3653922809,0,0,0,0
co_independent_only,111,2,1,0.1433491194,0.9783568095,0.0150861345,3,1.478246622,84.69729254,0.5406907208,84.33190025,0.3653922809,0,0,0,0
star_plus_co_independent,111,1,0,-0.05307735087,0.9973574001,0.332154002,4,0.006080969596,0.3484138932,0.3944102907,16.38120237,16.03278848,2.975852458,0.02162777462,0,0
star_plus_co_independent,111,1,1,-0.06708111159,0.9836028821,0.01353011941,4,0.006080969596,0.3484138932,0.3944102907,16.38120237,16.03278848,2.975852458,0.02162777462,0,0
star_plus_co_independent,111,2,0,0.10615426,0.9854153568,0.3160593499,3,1.470632111,84.2610132,0.5628682057,83.99391499,0.2670982027,0.4362793398,0.02162777462,0,0
star_plus_co_independent,111,2,1,0.1772009325,0.9989056132,0.01837742852,3,1.470632111,84.2610132,0.5628682057,83.99391499,0.2670982027,0.4362793398,0.02162777462,0,0
star_co_plus_hi_ctl49,111,1,0,-0.06035787674,0.9973574001,0.332154002,4,0.006080969596,0.3484138932,0.3944102907,16.38120237,16.03278848,2.975852458,0.02162777462,0,0
star_co_plus_hi_ctl49,111,1,1,-0.06939426467,0.9836028821,0.01353011941,4,0.006080969596,0.3484138932,0.3944102907,16.38120237,16.03278848,2.975852458,0.02162777462,0,0
star_co_plus_hi_ctl49,111,2,0,0.1108010396,0.9854153568,0.3160593499,3,1.470632111,84.2610132,0.5628682057,83.99391499,0.2670982027,0.4362793398,0.02162777462,0,0
star_co_plus_hi_ctl49,111,2,1,0.1738085649,0.9989056132,0.01837742852,3,1.470632111,84.2610132,0.5628682057,83.99391499,0.2670982027,0.4362793398,0.02162777462,0,0
star_only,112,1,0,-0.03028056621,0.9983774702,0.2634703002,4,0.02432270699,1.393588457,0.3062863807,21.13267386,19.73908541,1.930677894,0,0,0
star_only,112,1,1,-0.06713423,0.9424581265,0.009212900193,4,0.02432270699,1.393588457,0.3062863807,21.13267386,19.73908541,1.930677894,0,0,0
star_only,112,2,0,0.1055732709,0.9895492647,0.2409410942,3,1.472604729,84.37403588,0.5243081344,84.30845553,0.06558034984,0.3232566557,0,0,0
star_only,112,2,1,0.1198961964,0.925261865,0.01180766246,3,1.472604729,84.37403588,0.5243081344,84.30845553,0.06558034984,0.3232566557,0,0,0
co_independent_only,112,1,0,-0.01531981432,0.9994083952,0.2668767912,3,0.05801939305,3.324266351,0.3059391657,24.25103506,20.92676871,0,0,0.003414911781,0
co_independent_only,112,1,1,-0.06809421286,0.9825181207,0.01093197731,3,0.05801939305,3.324266351,0.3059391657,24.25103506,20.92676871,0,0,0.003414911781,0
co_independent_only,112,2,0,0.1014469602,0.9790048247,0.2436816581,3,1.478246622,84.69729254,0.5406907208,84.33190025,0.3653922809,0,0,0.003414911781,0
co_independent_only,112,2,1,0.1364080104,0.9783568095,0.0150861345,3,1.478246622,84.69729254,0.5406907208,84.33190025,0.3653922809,0,0,0.003414911781,0
star_plus_co_independent,112,1,0,-0.03725280333,0.9983774702,0.2634703002,4,0.02432270699,1.393588457,0.3062863807,21.13267386,19.73908541,1.930677894,0,0.003414911781,0
star_plus_co_independent,112,1,1,-0.06671160199,0.9424581265,0.009212900193,4,0.02432270699,1.393588457,0.3062863807,21.13267386,19.73908541,1.930677894,0,0.003414911781,0
star_plus_co_independent,112,2,0,0.1045636025,0.9895492647,0.2409410942,3,1.472604729,84.37403588,0.5243081344,84.30845553,0.06558034984,0.3232566557,0,0.003414911781,0
star_plus_co_independent,112,2,1,0.1167259555,0.925261865,0.01180766246,3,1.472604729,84.37403588,0.5243081344,84.30845553,0.06558034984,0.3232566557,0,0.003414911781,0
star_co_plus_hi_ctl49,112,1,0,-0.0368654768,0.9983774702,0.2634703002,4,0.02432270699,1.393588457,0.3062863807,21.13267386,19.73908541,1.930677894,0,0.003414911781,0
star_co_plus_hi_ctl49,112,1,1,-0.0632408504,0.9424581265,0.009212900193,4,0.02432270699,1.393588457,0.3062863807,21.13267386,19.73908541,1.930677894,0,0.003414911781,0
star_co_plus_hi_ctl49,112,2,0,0.1064878955,0.9895492647,0.2409410942,3,1.472604729,84.37403588,0.5243081344,84.30845553,0.06558034984,0.3232566557,0,0.003414911781,0
star_co_plus_hi_ctl49,112,2,1,0.120461475,0.925261865,0.01180766246,3,1.472604729,84.37403588,0.5243081344,84.30845553,0.06558034984,0.3232566557,0,0.003414911781,0
star_only,113,1,0,-0.141438681,0.999900532,0.3932539445,4,-0.2509810034,-14.38015223,0.3709756888,2.284156563,16.66430879,17.70441858,0.02048947069,0,0
star_only,113,1,1,-0.1652290413,0.9989349928,0.01617933309,4,-0.2509810034,-14.38015223,0.3709756888,2.284156563,16.66430879,17.70441858,0.02048947069,0,0
star_only,113,2,0,0.1115813033,0.9742436086,0.3270804454,4,1.463784215,83.86865765,0.5135691641,83.74492348,0.1237341734,0.8286348804,0.02048947069,0,0
star_only,113,2,1,0.1428740271,0.9880212866,0.02045375264,4,1.463784215,83.86865765,0.5135691641,83.74492348,0.1237341734,0.8286348804,0.02048947069,0,0
co_independent_only,113,1,0,0.0007033375684,0.9994083952,0.2668767912,3,0.05801939305,3.324266351,0.3059391657,24.25103506,20.92676871,0,0,0,0
co_independent_only,113,1,1,-0.06789295118,0.9825181207,0.01093197731,3,0.05801939305,3.324266351,0.3059391657,24.25103506,20.92676871,0,0,0,0
co_independent_only,113,2,0,0.09396636966,0.9790048247,0.2436816581,3,1.478246622,84.69729254,0.5406907208,84.33190025,0.3653922809,0,0,0,0
co_independent_only,113,2,1,0.1400135974,0.9783568095,0.0150861345,3,1.478246622,84.69729254,0.5406907208,84.33190025,0.3653922809,0,0,0,0
star_plus_co_independent,113,1,0,-0.1360186696,0.999900532,0.3932539445,4,-0.2509810034,-14.38015223,0.3709756888,2.284156563,16.66430879,17.70441858,0.02048947069,0,0
star_plus_co_independent,113,1,1,-0.1652630711,0.9989349928,0.01617933309,4,-0.2509810034,-14.38015223,0.3709756888,2.284156563,16.66430879,17.70441858,0.02048947069,0,0
star_plus_co_independent,113,2,0,0.103377386,0.9742436086,0.3270804454,4,1.463784215,83.86865765,0.5135691641,83.74492348,0.1237341734,0.8286348804,0.02048947069,0,0
star_plus_co_independent,113,2,1,0.1430648346,0.9880212866,0.02045375264,4,1.463784215,83.86865765,0.5135691641,83.74492348,0.1237341734,0.8286348804,0.02048947069,0,0
star_co_plus_hi_ctl49,113,1,0,-0.1172131929,0.999900532,0.3932539445,4,-0.2509810034,-14.38015223,0.3709756888,2.284156563,16.66430879,17.70441858,0.02048947069,0,0
star_co_plus_hi_ctl49,113,1,1,-0.1561893769,0.9989349928,0.01617933309,4,-0.2509810034,-14.38015223,0.3709756888,2.284156563,16.66430879,17.70441858,0.02048947069,0,0
star_co_plus_hi_ctl49,113,2,0,0.09034124129,0.9742436086,0.3270804454,4,1.463784215,83.86865765,0.5135691641,83.74492348,0.1237341734,0.8286348804,0.02048947069,0,0
star_co_plus_hi_ctl49,113,2,1,0.1344880644,0.9880212866,0.02045375264,4,1.463784215,83.86865765,0.5135691641,83.74492348,0.1237341734,0.8286348804,0.02048947069,0,0
star_only,114,1,0,0.01760468912,0.9977926322,0.2868493298,3,0.07755656164,4.443663656,0.307738231,25.66509988,21.22143622,1.119397304,0.0483779169,0,0
star_only,114,1,1,0.02723487884,0.9903439386,0.01040904253,3,0.07755656164,4.443663656,0.307738231,25.66509988,21.22143622,1.119397304,0.0483779169,0,0
star_only,114,2,0,0.09631549974,0.9567625802,0.2535694415,3,1.473829212,84.44419357,0.535138167,83.51935844,0.9248351261,0.253098969,0.0483779169,0,0
star_only,114,2,1,0.1624669412,0.964672687,0.01368337572,3,1.473829212,84.44419357,0.535138167,83.51935844,0.9248351261,0.253098969,0.0483779169,0,0
co_independent_only,114,1,0,-0.004692607153,0.9994083952,0.2668767912,3,0.05801939305,3.324266351,0.3059391657,24.25103506,20.92676871,0,0,0.001138303927,0
co_independent_only,114,1,1,-0.06580571552,0.9825181207,0.01093197731,3,0.05801939305,3.324266351,0.3059391657,24.25103506,20.92676871,0,0,0.001138303927,0
co_independent_only,114,2,0,0.1006615598,0.9790048247,0.2436816581,3,1.478246622,84.69729254,0.5406907208,84.33190025,0.3653922809,0,0,0.001138303927,0
co_independent_only,114,2,1,0.1374530372,0.9783568095,0.0150861345,3,1.478246622,84.69729254,0.5406907208,84.33190025,0.3653922809,0,0,0.001138303927,0
star_plus_co_independent,114,1,0,0.01654118457,0.9977926322,0.2868493298,3,0.07755656164,4.443663656,0.307738231,25.66509988,21.22143622,1.119397304,0.0483779169,0.001138303927,0
star_plus_co_independent,114,1,1,0.02566812007,0.9903439386,0.01040904253,3,0.07755656164,4.443663656,0.307738231,25.66509988,21.22143622,1.119397304,0.0483779169,0.001138303927,0
star_plus_co_independent,114,2,0,0.09487315451,0.9567625802,0.2535694415,3,1.473829212,84.44419357,0.535138167,83.51935844,0.9248351261,0.253098969,0.0483779169,0.001138303927,0
star_plus_co_independent,114,2,1,0.1612546129,0.964672687,0.01368337572,3,1.473829212,84.44419357,0.535138167,83.51935844,0.9248351261,0.253098969,0.0483779169,0.001138303927,0
star_co_plus_hi_ctl49,114,1,0,0.01477510304,0.9977926322,0.2868493298,3,0.07755656164,4.443663656,0.307738231,25.66509988,21.22143622,1.119397304,0.0483779169,0.001138303927,0
star_co_plus_hi_ctl49,114,1,1,0.0286844168,0.9903439386,0.01040904253,3,0.07755656164,4.443663656,0.307738231,25.66509988,21.22143622,1.119397304,0.0483779169,0.001138303927,0
star_co_plus_hi_ctl49,114,2,0,0.1022098282,0.9567625802,0.2535694415,3,1.473829212,84.44419357,0.535138167,83.51935844,0.9248351261,0.253098969,0.0483779169,0.001138303927,0
star_co_plus_hi_ctl49,114,2,1,0.1669266727,0.964672687,0.01368337572,3,1.473829212,84.44419357,0.535138167,83.51935844,0.9248351261,0.253098969,0.0483779169,0.001138303927,0
star_only,115,1,0,0.04646680759,0.9846303412,0.3185679601,3,0.212209406,12.15870334,0.2653691718,33.472841,21.31413766,8.834436987,0,0,0
star_only,115,1,1,-0.07965608755,0.9991063084,0.0119734785,3,0.212209406,12.15870334,0.2653691718,33.472841,21.31413766,8.834436987,0,0,0
star_only,115,2,0,0.1126015265,0.9534492063,0.1863336853,4,-1.560453186,-89.40738167,0.5422556048,89.24318992,1.349428409,5.895325793,0,0,0
star_only,115,2,1,0.2055784656,0.7693331611,0.004679092184,4,-1.560453186,-89.40738167,0.5422556048,89.24318992,1.349428409,5.895325793,0,0,0
co_independent_only,115,1,0,0.01223757484,0.9994083952,0.2668767912,3,0.05801939305,3.324266351,0.3059391657,24.25103506,20.92676871,0,0,0.005122367672,0
co_independent_only,115,1,1,-0.06035581073,0.9825181207,0.01093197731,3,0.05801939305,3.324266351,0.3059391657,24.25103506,20.92676871,0,0,0.005122367672,0
co_independent_only,115,2,0,0.08562696193,0.9790048247,0.2436816581,3,1.478246622,84.69729254,0.5406907208,84.33190025,0.3653922809,0,0,0.005122367672,0
co_independent_only,115,2,1,0.1359652469,0.9783568095,0.0150861345,3,1.478246622,84.69729254,0.5406907208,84.33190025,0.3653922809,0,0,0.005122367672,0
star_plus_co_independent,115,1,0,0.06067179607,0.9846303412,0.3185679601,3,0.212209406,12.15870334,0.2653691718,33.472841,21.31413766,8.834436987,0,0.005122367672,0
star_plus_co_independent,115,1,1,-0.07057562512,0.9991063084,0.0119734785,3,0.212209406,12.15870334,0.2653691718,33.472841,21.31413766,8.834436987,0,0.005122367672,0
star_plus_co_independent,115,2,0,0.09381058975,0.9534492063,0.1863336853,4,-1.560453186,-89.40738167,0.5422556048,89.24318992,1.349428409,5.895325793,0,0.005122367672,0
star_plus_co_independent,115,2,1,0.1998435465,0.7693331611,0.004679092184,4,-1.560453186,-89.40738167,0.5422556048,89.24318992,1.349428409,5.895325793,0,0.005122367672,0
star_co_plus_hi_ctl49,115,1,0,0.06665270735,0.9846303412,0.3185679601,3,0.212209406,12.15870334,0.2653691718,33.472841,21.31413766,8.834436987,0,0.005122367672,0
star_co_plus_hi_ctl49,115,1,1,-0.06547282423,0.9991063084,0.0119734785,3,0.212209406,12.15870334,0.2653691718,33.472841,21.31413766,8.834436987,0,0.005122367672,0
star_co_plus_hi_ctl49,115,2,0,0.07931628811,0.9534492063,0.1863336853,4,-1.560453186,-89.40738167,0.5422556048,89.24318992,1.349428409,5.895325793,0,0.005122367672,0
star_co_plus_hi_ctl49,115,2,1,0.193853315,0.7693331611,0.004679092184,4,-1.560453186,-89.40738167,0.5422556048,89.24318992,1.349428409,5.895325793,0,0.005122367672,0
star_only,116,1,0,0.08992135135,0.9822847658,0.540305647,3,0.2550951681,14.61587651,0.2743598155,39.93876364,25.32288714,11.29161016,0.01024473534,0,0
star_only,116,1,1,0.03834330142,0.9992800601,0.01377199172,3,0.2550951681,14.61587651,0.2743598155,39.93876364,25.32288714,11.29161016,0.01024473534,0,0
star_only,116,2,0,0.1082500908,0.8773718766,0.2284050604,4,1.406815764,80.60460583,0.5682260736,80.96419696,0.3595911336,4.092686706,0.01024473534,0,0
star_only,116,2,1,0.113271072,0.9902166197,0.01281276509,4,1.406815764,80.60460583,0.5682260736,80.96419696,0.3595911336,4.092686706,0.01024473534,0,0
co_independent_only,116,1,0,0.004190849429,0.9994083952,0.2668767912,3,0.05801939305,3.324266351,0.3059391657,24.25103506,20.92676871,0,0,0.01081388731,0
co_independent_only,116,1,1,-0.063560075,0.9825181207,0.01093197731,3,0.05801939305,3.324266351,0.3059391657,24.25103506,20.92676871,0,0,0.01081388731,0
co_independent_only,116,2,0,0.1018971336,0.9790048247,0.2436816581,3,1.478246622,84.69729254,0.5406907208,84.33190025,0.3653922809,0,0,0.01081388731,0
co_independent_only,116,2,1,0.1369756393,0.9783568095,0.0150861345,3,1.478246622,84.69729254,0.5406907208,84.33190025,0.3653922809,0,0,0.01081388731,0
star_plus_co_independent,116,1,0,0.1037781412,0.9822847658,0.540305647,3,0.2550951681,14.61587651,0.2743598155,39.93876364,25.32288714,11.29161016,0.01024473534,0.01081388731,0
star_plus_co_independent,116,1,1,0.04117474144,0.9992800601,0.01377199172,3,0.2550951681,14.61587651,0.2743598155,39.93876364,25.32288714,11.29161016,0.01024473534,0.01081388731,0
star_plus_co_independent,116,2,0,0.1079392871,0.8773718766,0.2284050604,4,1.406815764,80.60460583,0.5682260736,80.96419696,0.3595911336,4.092686706,0.01024473534,0.01081388731,0
star_plus_co_independent,116,2,1,0.112358394,0.9902166197,0.01281276509,4,1.406815764,80.60460583,0.5682260736,80.96419696,0.3595911336,4.092686706,0.01024473534,0.01081388731,0
star_co_plus_hi_ctl49,116,1,0,0.1026219793,0.9822847658,0.540305647,3,0.2550951681,14.61587651,0.2743598155,39.93876364,25.32288714,11.29161016,0.01024473534,0.01081388731,0
star_co_plus_hi_ctl49,116,1,1,0.0374823806,0.9992800601,0.01377199172,3,0.2550951681,14.61587651,0.2743598155,39.93876364,25.32288714,11.29161016,0.01024473534,0.01081388731,0
star_co_plus_hi_ctl49,116,2,0,0.1122057936,0.8773718766,0.2284050604,4,1.406815764,80.60460583,0.5682260736,80.96419696,0.3595911336,4.092686706,0.01024473534,0.01081388731,0
star_co_plus_hi_ctl49,116,2,1,0.1188667238,0.9902166197,0.01281276509,4,1.406815764,80.60460583,0.5682260736,80.96419696,0.3595911336,4.092686706,0.01024473534,0.01081388731,0
star_only,117,1,0,-0.1574028681,0.9921035499,0.3326740617,4,-0.2973341138,-17.03598983,0.2395091278,9.601926964,26.63791679,20.36025618,0,0,0
star_only,117,1,1,-0.1626610109,0.9983428098,0.01462978826,4,-0.2973341138,-17.03598983,0.2395091278,9.601926964,26.63791679,20.36025618,0,0,0
star_only,117,2,0,0.09341328409,0.9733219639,0.1539622786,3,1.474055151,84.45713893,0.5529212238,84.58296676,0.1258278381,0.240153609,0,0,0
star_only,117,2,1,0.05400795881,0.8970925461,0.01251827587,3,1.474055151,84.45713893,0.5529212238,84.58296676,0.1258278381,0.240153609,0,0,0
co_independent_only,117,1,0,-0.01314460189,0.9994083952,0.2668767912,3,0.05801939305,3.324266351,0.3059391657,24.25103506,20.92676871,0,0,0.004553215709,0
co_independent_only,117,1,1,-0.07344324565,0.9825181207,0.01093197731,3,0.05801939305,3.324266351,0.3059391657,24.25103506,20.92676871,0,0,0.004553215709,0
co_independent_only,117,2,0,0.1049780147,0.9790048247,0.2436816581,3,1.478246622,84.69729254,0.5406907208,84.33190025,0.3653922809,0,0,0.004553215709,0
co_independent_only,117,2,1,0.1438419381,0.9783568095,0.0150861345,3,1.478246622,84.69729254,0.5406907208,84.33190025,0.3653922809,0,0,0.004553215709,0
star_plus_co_independent,117,1,0,-0.1457822058,0.9921035499,0.3326740617,4,-0.2973341138,-17.03598983,0.2395091278,9.601926964,26.63791679,20.36025618,0,0.004553215709,0
star_plus_co_independent,117,1,1,-0.164706633,0.9983428098,0.01462978826,4,-0.2973341138,-17.03598983,0.2395091278,9.601926964,26.63791679,20.36025618,0,0.004553215709,0
star_plus_co_independent,117,2,0,0.09693040386,0.9733219639,0.1539622786,3,1.474055151,84.45713893,0.5529212238,84.58296676,0.1258278381,0.240153609,0,0.004553215709,0
star_plus_co_independent,117,2,1,0.05794378017,0.8970925461,0.01251827587,3,1.474055151,84.45713893,0.5529212238,84.58296676,0.1258278381,0.240153609,0,0.004553215709,0
star_co_plus_hi_ctl49,117,1,0,-0.1429845152,0.9921035499,0.3326740617,4,-0.2973341138,-17.03598983,0.2395091278,9.601926964,26.63791679,20.36025618,0,0.004553215709,0
star_co_plus_hi_ctl49,117,1,1,-0.1561740361,0.9983428098,0.01462978826,4,-0.2973341138,-17.03598983,0.2395091278,9.601926964,26.63791679,20.36025618,0,0.004553215709,0
star_co_plus_hi_ctl49,117,2,0,0.09908014968,0.9733219639,0.1539622786,3,1.474055151,84.45713893,0.5529212238,84.58296676,0.1258278381,0.240153609,0,0.004553215709,0
star_co_plus_hi_ctl49,117,2,1,0.05310598087,0.8970925461,0.01251827587,3,1.474055151,84.45713893,0.5529212238,84.58296676,0.1258278381,0.240153609,0,0.004553215709,0
star_only,118,1,0,-0.02102191461,0.9928903293,0.1541637973,4,0.008618210186,0.4937870706,0.2036845073,33.45222545,32.95843838,2.830479281,0,0,0
star_only,118,1,1,0.04739171201,0.9571011689,0.009215005201,4,0.008618210186,0.4937870706,0.2036845073,33.45222545,32.95843838,2.830479281,0,0,0
star_only,118,2,0,0.130322142,0.9671274169,0.133327391,4,1.439707579,82.48916803,0.5105979431,82.98401629,0.4948482573,2.208124503,0,0,0
star_only,118,2,1,0.1397918097,0.8904842079,0.01032072874,4,1.439707579,82.48916803,0.5105979431,82.98401629,0.4948482573,2.208124503,0,0,0
co_independent_only,118,1,0,-0.002527834536,0.9994083952,0.2668767912,3,0.05801939305,3.324266351,0.3059391657,24.25103506,20.92676871,0,0,0.003414911781,0
co_independent_only,118,1,1,-0.06168326067,0.9825181207,0.01093197731,3,0.05801939305,3.324266351,0.3059391657,24.25103506,20.92676871,0,0,0.003414911781,0
co_independent_only,118,2,0,0.1020768189,0.9790048247,0.2436816581,3,1.478246622,84.69729254,0.5406907208,84.33190025,0.3653922809,0,0,0.003414911781,0
co_independent_only,118,2,1,0.1373123168,0.9783568095,0.0150861345,3,1.478246622,84.69729254,0.5406907208,84.33190025,0.3653922809,0,0,0.003414911781,0
star_plus_co_independent,118,1,0,-0.01978534121,0.9928903293,0.1541637973,4,0.008618210186,0.4937870706,0.2036845073,33.45222545,32.95843838,2.830479281,0,0.003414911781,0
star_plus_co_independent,118,1,1,0.04894679119,0.9571011689,0.009215005201,4,0.008618210186,0.4937870706,0.2036845073,33.45222545,32.95843838,2.830479281,0,0.003414911781,0
star_plus_co_independent,118,2,0,0.1294046523,0.9671274169,0.133327391,4,1.439707579,82.48916803,0.5105979431,82.98401629,0.4948482573,2.208124503,0,0.003414911781,0
star_plus_co_independent,118,2,1,0.1396077275,0.8904842079,0.01032072874,4,1.439707579,82.48916803,0.5105979431,82.98401629,0.4948482573,2.208124503,0,0.003414911781,0
star_co_plus_hi_ctl49,118,1,0,-0.02106762706,0.9928903293,0.1541637973,4,0.008618210186,0.4937870706,0.2036845073,33.45222545,32.95843838,2.830479281,0,0.003414911781,0
star_co_plus_hi_ctl49,118,1,1,0.05610669433,0.9571011689,0.009215005201,4,0.008618210186,0.4937870706,0.2036845073,33.45222545,32.95843838,2.830479281,0,0.003414911781,0
star_co_plus_hi_ctl49,118,2,0,0.1119405682,0.9671274169,0.133327391,4,1.439707579,82.48916803,0.5105979431,82.98401629,0.4948482573,2.208124503,0,0.003414911781,0
star_co_plus_hi_ctl49,118,2,1,0.1318040215,0.8904842079,0.01032072874,4,1.439707579,82.48916803,0.5105979431,82.98401629,0.4948482573,2.208124503,0,0.003414911781,0
star_only,119,1,0,0.0004197969807,0.9913679122,0.378696041,3,0.1387339782,7.948871425,0.3595320183,24.42826368,16.47939225,4.624605073,0.003984063745,0,0
star_only,119,1,1,-0.004805341626,0.9174232293,0.01175256542,3,0.1387339782,7.948871425,0.3595320183,24.42826368,16.47939225,4.624605073,0.003984063745,0,0
star_only,119,2,0,0.103176818,0.9616542479,0.336340465,4,1.45517474,83.37537104,0.4988042201,83.02522775,0.3501432886,1.321921498,0.003984063745,0,0
star_only,119,2,1,0.1298508393,0.9548619421,0.01475107609,4,1.45517474,83.37537104,0.4988042201,83.02522775,0.3501432886,1.321921498,0.003984063745,0,0
co_independent_only,119,1,0,0.01007200358,0.9994083952,0.2668767912,3,0.05801939305,3.324266351,0.3059391657,24.25103506,20.92676871,0,0,0.001707455891,0
co_independent_only,119,1,1,-0.05937271251,0.9825181207,0.01093197731,3,0.05801939305,3.324266351,0.3059391657,24.25103506,20.92676871,0,0,0.001707455891,0
co_independent_only,119,2,0,0.0963118114,0.9790048247,0.2436816581,3,1.478246622,84.69729254,0.5406907208,84.33190025,0.3653922809,0,0,0.001707455891,0
co_independent_only,119,2,1,0.1376490017,0.9783568095,0.0150861345,3,1.478246622,84.69729254,0.5406907208,84.33190025,0.3653922809,0,0,0.001707455891,0
star_plus_co_independent,119,1,0,0.01554637564,0.9913679122,0.378696041,3,0.1387339782,7.948871425,0.3595320183,24.42826368,16.47939225,4.624605073,0.003984063745,0.001707455891,0
star_plus_co_independent,119,1,1,-0.000170820734,0.9174232293,0.01175256542,3,0.1387339782,7.948871425,0.3595320183,24.42826368,16.47939225,4.624605073,0.003984063745,0.001707455891,0
star_plus_co_independent,119,2,0,0.1001065219,0.9616542479,0.336340465,4,1.45517474,83.37537104,0.4988042201,83.02522775,0.3501432886,1.321921498,0.003984063745,0.001707455891,0
star_plus_co_independent,119,2,1,0.1278893825,0.9548619421,0.01475107609,4,1.45517474,83.37537104,0.4988042201,83.02522775,0.3501432886,1.321921498,0.003984063745,0.001707455891,0
star_co_plus_hi_ctl49,119,1,0,0.03208824222,0.9913679122,0.378696041,3,0.1387339782,7.948871425,0.3595320183,24.42826368,16.47939225,4.624605073,0.003984063745,0.001707455891,0
star_co_plus_hi_ctl49,119,1,1,0.0004485410558,0.9174232293,0.01175256542,3,0.1387339782,7.948871425,0.3595320183,24.42826368,16.47939225,4.624605073,0.003984063745,0.001707455891,0
star_co_plus_hi_ctl49,119,2,0,0.1001783614,0.9616542479,0.336340465,4,1.45517474,83.37537104,0.4988042201,83.02522775,0.3501432886,1.321921498,0.003984063745,0.001707455891,0
star_co_plus_hi_ctl49,119,2,1,0.132567378,0.9548619421,0.01475107609,4,1.45517474,83.37537104,0.4988042201,83.02522775,0.3501432886,1.321921498,0.003984063745,0.001707455891,0
star_only,120,1,0,-0.1130841376,0.9972296349,0.207300124,4,-0.1501893217,-8.605214262,0.2663563769,16.25646764,24.8616819,11.92948061,0,0,0
star_only,120,1,1,-0.1250990824,0.9958765519,0.01117686563,4,-0.1501893217,-8.605214262,0.2663563769,16.25646764,24.8616819,11.92948061,0,0,0
star_only,120,2,0,0.1015087291,0.9952039981,0.1940400353,4,1.436393863,82.29930605,0.5271382348,82.60143729,0.3021312393,2.397986489,0,0,0
star_only,120,2,1,0.1129019397,0.9565244209,0.01278188549,4,1.436393863,82.29930605,0.5271382348,82.60143729,0.3021312393,2.397986489,0,0,0
co_independent_only,120,1,0,-0.003308365053,0.9994083952,0.2668767912,3,0.05801939305,3.324266351,0.3059391657,24.25103506,20.92676871,0,0,0.002845759818,0
co_independent_only,120,1,1,-0.05791351738,0.9825181207,0.01093197731,3,0.05801939305,3.324266351,0.3059391657,24.25103506,20.92676871,0,0,0.002845759818,0
co_independent_only,120,2,0,0.1030438109,0.9790048247,0.2436816581,3,1.478246622,84.69729254,0.5406907208,84.33190025,0.3653922809,0,0,0.002845759818,0
co_independent_only,120,2,1,0.1344895287,0.9783568095,0.0150861345,3,1.478246622,84.69729254,0.5406907208,84.33190025,0.3653922809,0,0,0.002845759818,0
star_plus_co_independent,120,1,0,-0.113523605,0.9972296349,0.207300124,4,-0.1501893217,-8.605214262,0.2663563769,16.25646764,24.8616819,11.92948061,0,0.002845759818,0
star_plus_co_independent,120,1,1,-0.1250474706,0.9958765519,0.01117686563,4,-0.1501893217,-8.605214262,0.2663563769,16.25646764,24.8616819,11.92948061,0,0.002845759818,0
star_plus_co_independent,120,2,0,0.101186102,0.9952039981,0.1940400353,4,1.436393863,82.29930605,0.5271382348,82.60143729,0.3021312393,2.397986489,0,0.002845759818,0
star_plus_co_independent,120,2,1,0.1130534352,0.9565244209,0.01278188549,4,1.436393863,82.29930605,0.5271382348,82.60143729,0.3021312393,2.397986489,0,0.002845759818,0
star_co_plus_hi_ctl49,120,1,0,-0.1003968733,0.9972296349,0.207300124,4,-0.1501893217,-8.605214262,0.2663563769,16.25646764,24.8616819,11.92948061,0,0.002845759818,0
star_co_plus_hi_ctl49,120,1,1,-0.1168501513,0.9958765519,0.01117686563,4,-0.1501893217,-8.605214262,0.2663563769,16.25646764,24.8616819,11.92948061,0,0.002845759818,0
star_co_plus_hi_ctl49,120,2,0,0.09159700623,0.9952039981,0.1940400353,4,1.436393863,82.29930605,0.5271382348,82.60143729,0.3021312393,2.397986489,0,0.002845759818,0
star_co_plus_hi_ctl49,120,2,1,0.1056481937,0.9565244209,0.01278188549,4,1.436393863,82.29930605,0.5271382348,82.60143729,0.3021312393,2.397986489,0,0.002845759818,0
star_only,121,1,0,-0.0136970531,0.9999074416,0.2712257887,3,0.05224254119,2.993277121,0.338590147,22.5391044,19.54582728,0.3309892299,0.009106431417,0,0
star_only,121,1,1,-0.0929578406,0.9785434478,0.01306905909,3,0.05224254119,2.993277121,0.338590147,22.5391044,19.54582728,0.3309892299,0.009106431417,0,0
star_only,121,2,0,0.1034089775,0.9864197186,0.2684041171,3,1.481663455,84.89306261,0.4959536046,84.25801023,0.6350523813,0.195770076,0.009106431417,0,0
star_only,121,2,1,0.1212304468,0.98192981,0.01624006549,3,1.481663455,84.89306261,0.4959536046,84.25801023,0.6350523813,0.195770076,0.009106431417,0,0
co_independent_only,121,1,0,-0.005043367682,0.9994083952,0.2668767912,3,0.05801939305,3.324266351,0.3059391657,24.25103506,20.92676871,0,0,0.009106431417,0
co_independent_only,121,1,1,-0.06972364471,0.9825181207,0.01093197731,3,0.05801939305,3.324266351,0.3059391657,24.25103506,20.92676871,0,0,0.009106431417,0
co_independent_only,121,2,0,0.1034923847,0.9790048247,0.2436816581,3,1.478246622,84.69729254,0.5406907208,84.33190025,0.3653922809,0,0,0.009106431417,0
co_independent_only,121,2,1,0.1404459797,0.9783568095,0.0150861345,3,1.478246622,84.69729254,0.5406907208,84.33190025,0.3653922809,0,0,0.009106431417,0
star_plus_co_independent,121,1,0,-0.01365319567,0.9999074416,0.2712257887,3,0.05224254119,2.993277121,0.338590147,22.5391044,19.54582728,0.3309892299,0.009106431417,0.009106431417,0
star_plus_co_independent,121,1,1,-0.09593442592,0.9785434478,0.01306905909,3,0.05224254119,2.993277121,0.338590147,22.5391044,19.54582728,0.3309892299,0.009106431417,0.009106431417,0
star_plus_co_independent,121,2,0,0.1043460962,0.9864197186,0.2684041171,3,1.481663455,84.89306261,0.4959536046,84.25801023,0.6350523813,0.195770076,0.009106431417,0.009106431417,0
star_plus_co_independent,121,2,1,0.1229044512,0.98192981,0.01624006549,3,1.481663455,84.89306261,0.4959536046,84.25801023,0.6350523813,0.195770076,0.009106431417,0.009106431417,0
star_co_plus_hi_ctl49,121,1,0,-0.01797678278,0.9999074416,0.2712257887,3,0.05224254119,2.993277121,0.338590147,22.5391044,19.54582728,0.3309892299,0.009106431417,0.009106431417,0
star_co_plus_hi_ctl49,121,1,1,-0.09235772645,0.9785434478,0.01306905909,3,0.05224254119,2.993277121,0.338590147,22.5391044,19.54582728,0.3309892299,0.009106431417,0.009106431417,0
star_co_plus_hi_ctl49,121,2,0,0.110854805,0.9864197186,0.2684041171,3,1.481663455,84.89306261,0.4959536046,84.25801023,0.6350523813,0.195770076,0.009106431417,0.009106431417,0
star_co_plus_hi_ctl49,121,2,1,0.1248518128,0.98192981,0.01624006549,3,1.481663455,84.89306261,0.4959536046,84.25801023,0.6350523813,0.195770076,0.009106431417,0.009106431417,0
star_only,122,1,0,0.03695190307,0.9885821709,0.3168313679,3,0.07197368365,4.123788309,0.2804634385,25.19400828,21.07021997,0.7995219577,0,0,0
star_only,122,1,1,0.01865139231,0.9973755967,0.01412766704,3,0.07197368365,4.123788309,0.2804634385,25.19400828,21.07021997,0.7995219577,0,0,0
star_only,122,2,0,0.1065268743,0.9606933453,0.2143649356,4,1.443897901,82.7292558,0.5637879084,82.71935449,0.00990130553,1.968036736,0,0,0
star_only,122,2,1,0.1205047941,0.9947282164,0.01159809869,4,1.443897901,82.7292558,0.5637879084,82.71935449,0.00990130553,1.968036736,0,0,0
co_independent_only,122,1,0,-0.00289557957,0.9994083952,0.2668767912,3,0.05801939305,3.324266351,0.3059391657,24.25103506,20.92676871,0,0,0.007398975526,0
co_independent_only,122,1,1,-0.07272555196,0.9825181207,0.01093197731,3,0.05801939305,3.324266351,0.3059391657,24.25103506,20.92676871,0,0,0.007398975526,0
co_independent_only,122,2,0,0.1018525102,0.9790048247,0.2436816581,3,1.478246622,84.69729254,0.5406907208,84.33190025,0.3653922809,0,0,0.007398975526,0
co_independent_only,122,2,1,0.1438568245,0.9783568095,0.0150861345,3,1.478246622,84.69729254,0.5406907208,84.33190025,0.3653922809,0,0,0.007398975526,0
star_plus_co_independent,122,1,0,0.04118398703,0.9885821709,0.3168313679,3,0.07197368365,4.123788309,0.2804634385,25.19400828,21.07021997,0.7995219577,0,0.007398975526,0
star_plus_co_independent,122,1,1,0.01554700433,0.9973755967,0.01412766704,3,0.07197368365,4.123788309,0.2804634385,25.19400828,21.07021997,0.7995219577,0,0.007398975526,0
star_plus_co_independent,122,2,0,0.1042407708,0.9606933453,0.2143649356,4,1.443897901,82.7292558,0.5637879084,82.71935449,0.00990130553,1.968036736,0,0.007398975526,0
star_plus_co_independent,122,2,1,0.119744024,0.9947282164,0.01159809869,4,1.443897901,82.7292558,0.5637879084,82.71935449,0.00990130553,1.968036736,0,0.007398975526,0
star_co_plus_hi_ctl49,122,1,0,0.02495271229,0.9885821709,0.3168313679,3,0.07197368365,4.123788309,0.2804634385,25.19400828,21.07021997,0.7995219577,0,0.007398975526,0
star_co_plus_hi_ctl49,122,1,1,0.006601591461,0.9973755967,0.01412766704,3,0.07197368365,4.123788309,0.2804634385,25.19400828,21.07021997,0.7995219577,0,0.007398975526,0
star_co_plus_hi_ctl49,122,2,0,0.1118894382,0.9606933453,0.2143649356,4,1.443897901,82.7292558,0.5637879084,82.71935449,0.00990130553,1.968036736,0,0.007398975526,0
star_co_plus_hi_ctl49,122,2,1,0.1252356212,0.9947282164,0.01159809869,4,1.443897901,82.7292558,0.5637879084,82.71935449,0.00990130553,1.968036736,0,0.007398975526,0
star_only,123,1,0,0.03226085743,0.9991015397,0.3768505329,3,0.1469804286,8.421358228,0.2890829092,27.45249229,19.03113406,5.097091876,0.005122367672,0,0
star_only,123,1,1,0.06362200448,0.93161365,0.01360920446,3,0.1469804286,8.421358228,0.2890829092,27.45249229,19.03113406,5.097091876,0.005122367672,0,0
star_only,123,2,0,0.1070519472,0.9390135992,0.2500229483,4,1.433336856,82.12415249,0.5383113045,81.69062064,0.4335318542,2.573140043,0.005122367672,0,0
star_only,123,2,1,0.1379021475,0.9078608074,0.006781989928,4,1.433336856,82.12415249,0.5383113045,81.69062064,0.4335318542,2.573140043,0.005122367672,0,0
co_independent_only,123,1,0,-0.0005071993332,0.9994083952,0.2668767912,3,0.05801939305,3.324266351,0.3059391657,24.25103506,20.92676871,0,0,0.002276607854,0
co_independent_only,123,1,1,-0.06903784105,0.9825181207,0.01093197731,3,0.05801939305,3.324266351,0.3059391657,24.25103506,20.92676871,0,0,0.002276607854,0
co_independent_only,123,2,0,0.1029515696,0.9790048247,0.2436816581,3,1.478246622,84.69729254,0.5406907208,84.33190025,0.3653922809,0,0,0.002276607854,0
co_independent_only,123,2,1,0.140278828,0.9783568095,0.0150861345,3,1.478246622,84.69729254,0.5406907208,84.33190025,0.3653922809,0,0,0.002276607854,0
star_plus_co_independent,123,1,0,0.04001397243,0.9991015397,0.3768505329,3,0.1469804286,8.421358228,0.2890829092,27.45249229,19.03113406,5.097091876,0.005122367672,0.002276607854,0
star_plus_co_independent,123,1,1,0.06344112101,0.93161365,0.01360920446,3,0.1469804286,8.421358228,0.2890829092,27.45249229,19.03113406,5.097091876,0.005122367672,0.002276607854,0
star_plus_co_independent,123,2,0,0.106581031,0.9390135992,0.2500229483,4,1.433336856,82.12415249,0.5383113045,81.69062064,0.4335318542,2.573140043,0.005122367672,0.002276607854,0
star_plus_co_independent,123,2,1,0.139155418,0.9078608074,0.006781989928,4,1.433336856,82.12415249,0.5383113045,81.69062064,0.4335318542,2.573140043,0.005122367672,0.002276607854,0
star_co_plus_hi_ctl49,123,1,0,0.03894252425,0.9991015397,0.3768505329,3,0.1469804286,8.421358228,0.2890829092,27.45249229,19.03113406,5.097091876,0.005122367672,0.002276607854,0
star_co_plus_hi_ctl49,123,1,1,0.07020186159,0.93161365,0.01360920446,3,0.1469804286,8.421358228,0.2890829092,27.45249229,19.03113406,5.097091876,0.005122367672,0.002276607854,0
star_co_plus_hi_ctl49,123,2,0,0.09627282718,0.9390135992,0.2500229483,4,1.433336856,82.12415249,0.5383113045,81.69062064,0.4335318542,2.573140043,0.005122367672,0.002276607854,0
star_co_plus_hi_ctl49,123,2,1,0.1237158284,0.9078608074,0.006781989928,4,1.433336856,82.12415249,0.5383113045,81.69062064,0.4335318542,2.573140043,0.005122367672,0.002276607854,0
star_only,124,1,0,0.07307815389,0.9951231003,0.5280601408,3,0.2708554775,15.51887572,0.2444287853,40.38467265,24.86579693,12.19460937,0,0,0
star_only,124,1,1,0.05603626795,0.974810404,0.01069740479,3,0.2708554775,15.51887572,0.2444287853,40.38467265,24.86579693,12.19460937,0,0,0
star_only,124,2,0,0.09148570568,0.8158058447,0.1461112695,3,1.526557263,87.46528835,0.6022942496,87.05805437,0.4072339864,2.767995817,0,0,0
star_only,124,2,1,0.04075723118,0.761935988,0.005221533802,3,1.526557263,87.46528835,0.6022942496,87.05805437,0.4072339864,2.767995817,0,0,0
co_independent_only,124,1,0,-0.002993765684,0.9994083952,0.2668767912,3,0.05801939305,3.324266351,0.3059391657,24.25103506,20.92676871,0,0,0.005122367672,0
co_independent_only,124,1,1,-0.06912762557,0.9825181207,0.01093197731,3,0.05801939305,3.324266351,0.3059391657,24.25103506,20.92676871,0,0,0.005122367672,0
co_independent_only,124,2,0,0.1021855752,0.9790048247,0.2436816581,3,1.478246622,84.69729254,0.5406907208,84.33190025,0.3653922809,0,0,0.005122367672,0
co_independent_only,124,2,1,0.1403483057,0.9783568095,0.0150861345,3,1.478246622,84.69729254,0.5406907208,84.33190025,0.3653922809,0,0,0.005122367672,0
star_plus_co_independent,124,1,0,0.07789782888,0.9951231003,0.5280601408,3,0.2708554775,15.51887572,0.2444287853,40.38467265,24.86579693,12.19460937,0,0.005122367672,0
star_plus_co_independent,124,1,1,0.05815279232,0.974810404,0.01069740479,3,0.2708554775,15.51887572,0.2444287853,40.38467265,24.86579693,12.19460937,0,0.005122367672,0
star_plus_co_independent,124,2,0,0.09246038025,0.8158058447,0.1461112695,3,1.526557263,87.46528835,0.6022942496,87.05805437,0.4072339864,2.767995817,0,0.005122367672,0
star_plus_co_independent,124,2,1,0.04334165571,0.761935988,0.005221533802,3,1.526557263,87.46528835,0.6022942496,87.05805437,0.4072339864,2.767995817,0,0.005122367672,0
star_co_plus_hi_ctl49,124,1,0,0.07666277094,0.9951231003,0.5280601408,3,0.2708554775,15.51887572,0.2444287853,40.38467265,24.86579693,12.19460937,0,0.005122367672,0
star_co_plus_hi_ctl49,124,1,1,0.05935477084,0.974810404,0.01069740479,3,0.2708554775,15.51887572,0.2444287853,40.38467265,24.86579693,12.19460937,0,0.005122367672,0
star_co_plus_hi_ctl49,124,2,0,0.0894052373,0.8158058447,0.1461112695,3,1.526557263,87.46528835,0.6022942496,87.05805437,0.4072339864,2.767995817,0,0.005122367672,0
star_co_plus_hi_ctl49,124,2,1,0.0487751021,0.761935988,0.005221533802,3,1.526557263,87.46528835,0.6022942496,87.05805437,0.4072339864,2.767995817,0,0.005122367672,0
star_only,125,1,0,-0.02091183358,0.9999993128,0.3067146741,3,0.04589358041,2.629508464,0.3372766933,21.25334446,18.623836,0.6947578874,0.0005691519636,0,0
star_only,125,1,1,-0.06946365262,0.9555654697,0.01126730395,3,0.04589358041,2.629508464,0.3372766933,21.25334446,18.623836,0.6947578874,0.0005691519636,0,0
star_only,125,2,0,0.1047081334,0.9993799309,0.2961334732,3,1.486312074,85.15940888,0.5338315786,84.59750493,0.5619039441,0.46211634,0.0005691519636,0,0
star_only,125,2,1,0.1139095618,0.9617054592,0.01479992435,3,1.486312074,85.15940888,0.5338315786,84.59750493,0.5619039441,0.46211634,0.0005691519636,0,0
co_independent_only,125,1,0,-0.008664656687,0.9994083952,0.2668767912,3,0.05801939305,3.324266351,0.3059391657,24.25103506,20.92676871,0,0,0,0
co_independent_only,125,1,1,-0.0788607092,0.9825181207,0.01093197731,3,0.05801939305,3.324266351,0.3059391657,24.25103506,20.92676871,0,0,0,0
co_independent_only,125,2,0,0.09807877076,0.9790048247,0.2436816581,3,1.478246622,84.69729254,0.5406907208,84.33190025,0.3653922809,0,0,0,0
co_independent_only,125,2,1,0.1446164112,0.9783568095,0.0150861345,3,1.478246622,84.69729254,0.5406907208,84.33190025,0.3653922809,0,0,0,0
star_plus_co_independent,125,1,0,-0.02370029829,0.9999993128,0.3067146741,3,0.04589358041,2.629508464,0.3372766933,21.25334446,18.623836,0.6947578874,0.0005691519636,0,0
star_plus_co_independent,125,1,1,-0.08150760755,0.9555654697,0.01126730395,3,0.04589358041,2.629508464,0.3372766933,21.25334446,18.623836,0.6947578874,0.0005691519636,0,0
star_plus_co_independent,125,2,0,0.1004528778,0.9993799309,0.2961334732,3,1.486312074,85.15940888,0.5338315786,84.59750493,0.5619039441,0.46211634,0.0005691519636,0,0
star_plus_co_independent,125,2,1,0.118134389,0.9617054592,0.01479992435,3,1.486312074,85.15940888,0.5338315786,84.59750493,0.5619039441,0.46211634,0.0005691519636,0,0
star_co_plus_hi_ctl49,125,1,0,-0.01781533658,0.9999993128,0.3067146741,3,0.04589358041,2.629508464,0.3372766933,21.25334446,18.623836,0.6947578874,0.0005691519636,0,0
star_co_plus_hi_ctl49,125,1,1,-0.08126417607,0.9555654697,0.01126730395,3,0.04589358041,2.629508464,0.3372766933,21.25334446,18.623836,0.6947578874,0.0005691519636,0,0
star_co_plus_hi_ctl49,125,2,0,0.1069102892,0.9993799309,0.2961334732,3,1.486312074,85.15940888,0.5338315786,84.59750493,0.5619039441,0.46211634,0.0005691519636,0,0
star_co_plus_hi_ctl49,125,2,1,0.120089694,0.9617054592,0.01479992435,3,1.486312074,85.15940888,0.5338315786,84.59750493,0.5619039441,0.46211634,0.0005691519636,0,0
star_only,126,1,0,-0.08507306995,0.99598681,0.3066661262,3,-0.0789519534,-4.523613714,0.3703877755,11.05003885,15.57365256,7.847880066,0.003414911781,0,0
star_only,126,1,1,-0.1482117201,0.9721791149,0.01495488605,3,-0.0789519534,-4.523613714,0.3703877755,11.05003885,15.57365256,7.847880066,0.003414911781,0,0
star_only,126,2,0,0.09219409392,0.9961230042,0.3032528473,3,1.487622918,85.23451472,0.4746415577,84.25108441,0.9834303073,0.5372221841,0.003414911781,0,0
star_only,126,2,1,0.1440855505,0.9994494727,0.01644594716,3,1.487622918,85.23451472,0.4746415577,84.25108441,0.9834303073,0.5372221841,0.003414911781,0,0
co_independent_only,126,1,0,-0.01097410008,0.9994083952,0.2668767912,3,0.05801939305,3.324266351,0.3059391657,24.25103506,20.92676871,0,0,0,0
co_independent_only,126,1,1,-0.06740559488,0.9825181207,0.01093197731,3,0.05801939305,3.324266351,0.3059391657,24.25103506,20.92676871,0,0,0,0
co_independent_only,126,2,0,0.1046538379,0.9790048247,0.2436816581,3,1.478246622,84.69729254,0.5406907208,84.33190025,0.3653922809,0,0,0,0
co_independent_only,126,2,1,0.1388512526,0.9783568095,0.0150861345,3,1.478246622,84.69729254,0.5406907208,84.33190025,0.3653922809,0,0,0,0
star_plus_co_independent,126,1,0,-0.08760379272,0.99598681,0.3066661262,3,-0.0789519534,-4.523613714,0.3703877755,11.05003885,15.57365256,7.847880066,0.003414911781,0,0
star_plus_co_independent,126,1,1,-0.1479719782,0.9721791149,0.01495488605,3,-0.0789519534,-4.523613714,0.3703877755,11.05003885,15.57365256,7.847880066,0.003414911781,0,0
star_plus_co_independent,126,2,0,0.09468474114,0.9961230042,0.3032528473,3,1.487622918,85.23451472,0.4746415577,84.25108441,0.9834303073,0.5372221841,0.003414911781,0,0
star_plus_co_independent,126,2,1,0.1432132412,0.9994494727,0.01644594716,3,1.487622918,85.23451472,0.4746415577,84.25108441,0.9834303073,0.5372221841,0.003414911781,0,0
star_co_plus_hi_ctl49,126,1,0,-0.08057105237,0.99598681,0.3066661262,3,-0.0789519534,-4.523613714,0.3703877755,11.05003885,15.57365256,7.847880066,0.003414911781,0,0
star_co_plus_hi_ctl49,126,1,1,-0.1458594617,0.9721791149,0.01495488605,3,-0.0789519534,-4.523613714,0.3703877755,11.05003885,15.57365256,7.847880066,0.003414911781,0,0
star_co_plus_hi_ctl49,126,2,0,0.08773809042,0.9961230042,0.3032528473,3,1.487622918,85.23451472,0.4746415577,84.25108441,0.9834303073,0.5372221841,0.003414911781,0,0
star_co_plus_hi_ctl49,126,2,1,0.1410656258,0.9994494727,0.01644594716,3,1.487622918,85.23451472,0.4746415577,84.25108441,0.9834303073,0.5372221841,0.003414911781,0,0
star_only,127,1,0,-0.023275033,0.9988647557,0.3005490751,3,0.05216838506,2.989028288,0.3671721036,20.5945115,17.60548322,0.3352380633,0,0,0
star_only,127,1,1,-0.04330992849,0.9934032762,0.01227335172,3,0.05216838506,2.989028288,0.3671721036,20.5945115,17.60548322,0.3352380633,0,0,0
star_only,127,2,0,0.1051198866,0.9809688221,0.3113036534,3,1.477282578,84.64205688,0.5317424025,84.54475432,0.09730255967,0.05523565371,0,0,0
star_only,127,2,1,0.1188994197,0.9882989798,0.01758816756,3,1.477282578,84.64205688,0.5317424025,84.54475432,0.09730255967,0.05523565371,0,0,0
co_independent_only,127,1,0,-0.0001541369485,0.9994083952,0.2668767912,3,0.05801939305,3.324266351,0.3059391657,24.25103506,20.92676871,0,0,0.001707455891,0
co_independent_only,127,1,1,-0.06389393057,0.9825181207,0.01093197731,3,0.05801939305,3.324266351,0.3059391657,24.25103506,20.92676871,0,0,0.001707455891,0
co_independent_only,127,2,0,0.08975207568,0.9790048247,0.2436816581,3,1.478246622,84.69729254,0.5406907208,84.33190025,0.3653922809,0,0,0.001707455891,0
co_independent_only,127,2,1,0.1315911463,0.9783568095,0.0150861345,3,1.478246622,84.69729254,0.5406907208,84.33190025,0.3653922809,0,0,0.001707455891,0
star_plus_co_independent,127,1,0,-0.01668667288,0.9988647557,0.3005490751,3,0.05216838506,2.989028288,0.3671721036,20.5945115,17.60548322,0.3352380633,0,0.001707455891,0
star_plus_co_independent,127,1,1,-0.04006309658,0.9934032762,0.01227335172,3,0.05216838506,2.989028288,0.3671721036,20.5945115,17.60548322,0.3352380633,0,0.001707455891,0
star_plus_co_independent,127,2,0,0.09264552942,0.9809688221,0.3113036534,3,1.477282578,84.64205688,0.5317424025,84.54475432,0.09730255967,0.05523565371,0,0.001707455891,0
star_plus_co_independent,127,2,1,0.1115690788,0.9882989798,0.01758816756,3,1.477282578,84.64205688,0.5317424025,84.54475432,0.09730255967,0.05523565371,0,0.001707455891,0
star_co_plus_hi_ctl49,127,1,0,-0.01274144958,0.9988647557,0.3005490751,3,0.05216838506,2.989028288,0.3671721036,20.5945115,17.60548322,0.3352380633,0,0.001707455891,0
star_co_plus_hi_ctl49,127,1,1,-0.03305128918,0.9934032762,0.01227335172,3,0.05216838506,2.989028288,0.3671721036,20.5945115,17.60548322,0.3352380633,0,0.001707455891,0
star_co_plus_hi_ctl49,127,2,0,0.0881304571,0.9809688221,0.3113036534,3,1.477282578,84.64205688,0.5317424025,84.54475432,0.09730255967,0.05523565371,0,0.001707455891,0
star_co_plus_hi_ctl49,127,2,1,0.1048547691,0.9882989798,0.01758816756,3,1.477282578,84.64205688,0.5317424025,84.54475432,0.09730255967,0.05523565371,0,0.001707455891,0
star_only,128,1,0,-0.1407434938,0.9999529252,0.3059161794,4,-0.1715823152,-9.8309425,0.3143704143,6.950351169,16.78129367,13.15520885,0,0,0
star_only,128,1,1,-0.2230559074,0.9095807353,0.01534525124,4,-0.1715823152,-9.8309425,0.3143704143,6.950351169,16.78129367,13.15520885,0,0,0
star_only,128,2,0,0.09900799095,0.9538252042,0.2323702002,3,1.50630189,86.304741,0.5442657154,85.7451007,0.559640297,1.607448461,0,0,0
star_only,128,2,1,0.09726539064,0.8908181258,0.01184977049,3,1.50630189,86.304741,0.5442657154,85.7451007,0.559640297,1.607448461,0,0,0
co_independent_only,128,1,0,0.005638663937,0.9994083952,0.2668767912,3,0.05801939305,3.324266351,0.3059391657,24.25103506,20.92676871,0,0,0,0
co_independent_only,128,1,1,-0.07343596274,0.9825181207,0.01093197731,3,0.05801939305,3.324266351,0.3059391657,24.25103506,20.92676871,0,0,0,0
co_independent_only,128,2,0,0.0976399012,0.9790048247,0.2436816581,3,1.478246622,84.69729254,0.5406907208,84.33190025,0.3653922809,0,0,0,0
co_independent_only,128,2,1,0.1454499909,0.9783568095,0.0150861345,3,1.478246622,84.69729254,0.5406907208,84.33190025,0.3653922809,0,0,0,0
star_plus_co_independent,128,1,0,-0.1381797192,0.9999529252,0.3059161794,4,-0.1715823152,-9.8309425,0.3143704143,6.950351169,16.78129367,13.15520885,0,0,0
star_plus_co_independent,128,1,1,-0.2253220002,0.9095807353,0.01534525124,4,-0.1715823152,-9.8309425,0.3143704143,6.950351169,16.78129367,13.15520885,0,0,0
star_plus_co_independent,128,2,0,0.0961978165,0.9538252042,0.2323702002,3,1.50630189,86.304741,0.5442657154,85.7451007,0.559640297,1.607448461,0,0,0
star_plus_co_independent,128,2,1,0.1044493621,0.8908181258,0.01184977049,3,1.50630189,86.304741,0.5442657154,85.7451007,0.559640297,1.607448461,0,0,0
star_co_plus_hi_ctl49,128,1,0,-0.1527656009,0.9999529252,0.3059161794,4,-0.1715823152,-9.8309425,0.3143704143,6.950351169,16.78129367,13.15520885,0,0,0
star_co_plus_hi_ctl49,128,1,1,-0.2342342329,0.9095807353,0.01534525124,4,-0.1715823152,-9.8309425,0.3143704143,6.950351169,16.78129367,13.15520885,0,0,0
star_co_plus_hi_ctl49,128,2,0,0.1098626755,0.9538252042,0.2323702002,3,1.50630189,86.304741,0.5442657154,85.7451007,0.559640297,1.607448461,0,0,0
star_co_plus_hi_ctl49,128,2,1,0.1049574296,0.8908181258,0.01184977049,3,1.50630189,86.304741,0.5442657154,85.7451007,0.559640297,1.607448461,0,0,0
star_only,129,1,0,0.0509218141,0.9951843346,0.3942315011,3,0.1715183328,9.827276578,0.3172380782,29.49707236,19.66979578,6.503010227,0.0421172453,0,0
star_only,129,1,1,0.06238952666,0.9917746895,0.01618899256,3,0.1715183328,9.827276578,0.3172380782,29.49707236,19.66979578,6.503010227,0.0421172453,0,0
star_only,129,2,0,0.09500183653,0.9586344473,0.2675666716,3,1.490349787,85.39075279,0.5613807274,84.36409378,1.02665901,0.6934602565,0.0421172453,0,0
star_only,129,2,1,0.1768397544,0.9988769926,0.01333858133,3,1.490349787,85.39075279,0.5613807274,84.36409378,1.02665901,0.6934602565,0.0421172453,0,0
co_independent_only,129,1,0,-0.006210687859,0.9994083952,0.2668767912,3,0.05801939305,3.324266351,0.3059391657,24.25103506,20.92676871,0,0,0,0
co_independent_only,129,1,1,-0.06819468745,0.9825181207,0.01093197731,3,0.05801939305,3.324266351,0.3059391657,24.25103506,20.92676871,0,0,0,0
co_independent_only,129,2,0,0.09944597159,0.9790048247,0.2436816581,3,1.478246622,84.69729254,0.5406907208,84.33190025,0.3653922809,0,0,0,0
co_independent_only,129,2,1,0.1351227123,0.9783568095,0.0150861345,3,1.478246622,84.69729254,0.5406907208,84.33190025,0.3653922809,0,0,0,0
star_plus_co_independent,129,1,0,0.05018540743,0.9951843346,0.3942315011,3,0.1715183328,9.827276578,0.3172380782,29.49707236,19.66979578,6.503010227,0.0421172453,0,0
star_plus_co_independent,129,1,1,0.05981208008,0.9917746895,0.01618899256,3,0.1715183328,9.827276578,0.3172380782,29.49707236,19.66979578,6.503010227,0.0421172453,0,0
star_plus_co_independent,129,2,0,0.09295476091,0.9586344473,0.2675666716,3,1.490349787,85.39075279,0.5613807274,84.36409378,1.02665901,0.6934602565,0.0421172453,0,0
star_plus_co_independent,129,2,1,0.1717377893,0.9988769926,0.01333858133,3,1.490349787,85.39075279,0.5613807274,84.36409378,1.02665901,0.6934602565,0.0421172453,0,0
star_co_plus_hi_ctl49,129,1,0,0.05537376873,0.9951843346,0.3942315011,3,0.1715183328,9.827276578,0.3172380782,29.49707236,19.66979578,6.503010227,0.0421172453,0,0
star_co_plus_hi_ctl49,129,1,1,0.06259006708,0.9917746895,0.01618899256,3,0.1715183328,9.827276578,0.3172380782,29.49707236,19.66979578,6.503010227,0.0421172453,0,0
star_co_plus_hi_ctl49,129,2,0,0.08697408553,0.9586344473,0.2675666716,3,1.490349787,85.39075279,0.5613807274,84.36409378,1.02665901,0.6934602565,0.0421172453,0,0
star_co_plus_hi_ctl49,129,2,1,0.1749778525,0.9988769926,0.01333858133,3,1.490349787,85.39075279,0.5613807274,84.36409378,1.02665901,0.6934602565,0.0421172453,0,0
star_only,130,1,0,0.0311027918,0.9992999541,0.3242271006,3,0.1249465372,7.158909246,0.3030132959,27.33576026,20.17685101,3.834642894,0,0,0
star_only,130,1,1,0.01237608622,0.934964996,0.01181655745,3,0.1249465372,7.158909246,0.3030132959,27.33576026,20.17685101,3.834642894,0,0,0
star_only,130,2,0,0.104744155,0.9457167427,0.2229884582,4,1.423661428,81.56979126,0.5176218254,81.54728331,0.0225079506,3.127501274,0,0,0
star_only,130,2,1,0.09550162542,0.9078212953,0.01052110592,4,1.423661428,81.56979126,0.5176218254,81.54728331,0.0225079506,3.127501274,0,0,0
co_independent_only,130,1,0,-0.01190977072,0.9994083952,0.2668767912,3,0.05801939305,3.324266351,0.3059391657,24.25103506,20.92676871,0,0,0,0
co_independent_only,130,1,1,-0.06702260058,0.9825181207,0.01093197731,3,0.05801939305,3.324266351,0.3059391657,24.25103506,20.92676871,0,0,0,0
co_independent_only,130,2,0,0.1122043709,0.9790048247,0.2436816581,3,1.478246622,84.69729254,0.5406907208,84.33190025,0.3653922809,0,0,0,0
co_independent_only,130,2,1,0.1434135742,0.9783568095,0.0150861345,3,1.478246622,84.69729254,0.5406907208,84.33190025,0.3653922809,0,0,0,0
star_plus_co_independent,130,1,0,0.02812036561,0.9992999541,0.3242271006,3,0.1249465372,7.158909246,0.3030132959,27.33576026,20.17685101,3.834642894,0,0,0
star_plus_co_independent,130,1,1,0.01370147571,0.934964996,0.01181655745,3,0.1249465372,7.158909246,0.3030132959,27.33576026,20.17685101,3.834642894,0,0,0
star_plus_co_independent,130,2,0,0.1177135262,0.9457167427,0.2229884582,4,1.423661428,81.56979126,0.5176218254,81.54728331,0.0225079506,3.127501274,0,0,0
star_plus_co_independent,130,2,1,0.1008767523,0.9078212953,0.01052110592,4,1.423661428,81.56979126,0.5176218254,81.54728331,0.0225079506,3.127501274,0,0,0
star_co_plus_hi_ctl49,130,1,0,0.03333841795,0.9992999541,0.3242271006,3,0.1249465372,7.158909246,0.3030132959,27.33576026,20.17685101,3.834642894,0,0,0
star_co_plus_hi_ctl49,130,1,1,0.01721379805,0.934964996,0.01181655745,3,0.1249465372,7.158909246,0.3030132959,27.33576026,20.17685101,3.834642894,0,0,0
star_co_plus_hi_ctl49,130,2,0,0.1106997019,0.9457167427,0.2229884582,4,1.423661428,81.56979126,0.5176218254,81.54728331,0.0225079506,3.127501274,0,0,0
star_co_plus_hi_ctl49,130,2,1,0.1007394984,0.9078212953,0.01052110592,4,1.423661428,81.56979126,0.5176218254,81.54728331,0.0225079506,3.127501274,0,0,0
star_only,131,1,0,-0.1327808735,0.9995471928,0.2260763138,4,-0.1351639909,-7.744326223,0.2962931801,9.931403604,17.67572983,11.06859257,0,0,0
star_only,131,1,1,-0.1952633779,0.9872757015,0.01140174981,4,-0.1351639909,-7.744326223,0.2962931801,9.931403604,17.67572983,11.06859257,0,0,0
star_only,131,2,0,0.1014645447,0.9599161875,0.2077255453,3,1.496627667,85.75044885,0.5095385629,85.59523437,0.1552144747,1.053156314,0,0,0
star_only,131,2,1,0.1054287741,0.939549257,0.01058997061,3,1.496627667,85.75044885,0.5095385629,85.59523437,0.1552144747,1.053156314,0,0,0
co_independent_only,131,1,0,-0.02110942426,0.9994083952,0.2668767912,3,0.05801939305,3.324266351,0.3059391657,24.25103506,20.92676871,0,0,0.0005691519636,0
co_independent_only,131,1,1,-0.06606317688,0.9825181207,0.01093197731,3,0.05801939305,3.324266351,0.3059391657,24.25103506,20.92676871,0,0,0.0005691519636,0
co_independent_only,131,2,0,0.115767031,0.9790048247,0.2436816581,3,1.478246622,84.69729254,0.5406907208,84.33190025,0.3653922809,0,0,0.0005691519636,0
co_independent_only,131,2,1,0.1418174782,0.9783568095,0.0150861345,3,1.478246622,84.69729254,0.5406907208,84.33190025,0.3653922809,0,0,0.0005691519636,0
star_plus_co_independent,131,1,0,-0.1440436587,0.9995471928,0.2260763138,4,-0.1351639909,-7.744326223,0.2962931801,9.931403604,17.67572983,11.06859257,0,0.0005691519636,0
star_plus_co_independent,131,1,1,-0.202393884,0.9872757015,0.01140174981,4,-0.1351639909,-7.744326223,0.2962931801,9.931403604,17.67572983,11.06859257,0,0.0005691519636,0
star_plus_co_independent,131,2,0,0.1148420266,0.9599161875,0.2077255453,3,1.496627667,85.75044885,0.5095385629,85.59523437,0.1552144747,1.053156314,0,0.0005691519636,0
star_plus_co_independent,131,2,1,0.1092369494,0.939549257,0.01058997061,3,1.496627667,85.75044885,0.5095385629,85.59523437,0.1552144747,1.053156314,0,0.0005691519636,0
star_co_plus_hi_ctl49,131,1,0,-0.1496866218,0.9995471928,0.2260763138,4,-0.1351639909,-7.744326223,0.2962931801,9.931403604,17.67572983,11.06859257,0,0.0005691519636,0
star_co_plus_hi_ctl49,131,1,1,-0.2053398293,0.9872757015,0.01140174981,4,-0.1351639909,-7.744326223,0.2962931801,9.931403604,17.67572983,11.06859257,0,0.0005691519636,0
star_co_plus_hi_ctl49,131,2,0,0.1217242008,0.9599161875,0.2077255453,3,1.496627667,85.75044885,0.5095385629,85.59523437,0.1552144747,1.053156314,0,0.0005691519636,0
star_co_plus_hi_ctl49,131,2,1,0.1126408887,0.939549257,0.01058997061,3,1.496627667,85.75044885,0.5095385629,85.59523437,0.1552144747,1.053156314,0,0.0005691519636,0
star_only,132,1,0,0.06632739769,0.9993410154,0.5817059074,3,0.2428135802,13.91219336,0.3271316444,30.16108548,16.24889213,10.587927,0.005122367672,0,0
star_only,132,1,1,-0.02440072261,0.9994359719,0.008757002615,3,0.2428135802,13.91219336,0.3271316444,30.16108548,16.24889213,10.587927,0.005122367672,0,0
star_only,132,2,0,0.08697714462,0.8746110241,0.269659399,3,1.515359798,86.8237209,0.5522001613,85.48640194,1.337318956,2.126428361,0.005122367672,0,0
star_only,132,2,1,0.273351943,0.9626802108,0.01130831847,3,1.515359798,86.8237209,0.5522001613,85.48640194,1.337318956,2.126428361,0.005122367672,0,0
co_independent_only,132,1,0,-0.005021263793,0.9994083952,0.2668767912,3,0.05801939305,3.324266351,0.3059391657,24.25103506,20.92676871,0,0,0,0
co_independent_only,132,1,1,-0.06430994518,0.9825181207,0.01093197731,3,0.05801939305,3.324266351,0.3059391657,24.25103506,20.92676871,0,0,0,0
co_independent_only,132,2,0,0.09670205324,0.9790048247,0.2436816581,3,1.478246622,84.69729254,0.5406907208,84.33190025,0.3653922809,0,0,0,0
co_independent_only,132,2,1,0.1316453252,0.9783568095,0.0150861345,3,1.478246622,84.69729254,0.5406907208,84.33190025,0.3653922809,0,0,0,0
star_plus_co_independent,132,1,0,0.06339349496,0.9993410154,0.5817059074,3,0.2428135802,13.91219336,0.3271316444,30.16108548,16.24889213,10.587927,0.005122367672,0,0
star_plus_co_independent,132,1,1,-0.02374863945,0.9994359719,0.008757002615,3,0.2428135802,13.91219336,0.3271316444,30.16108548,16.24889213,10.587927,0.005122367672,0,0
star_plus_co_independent,132,2,0,0.08213876604,0.8746110241,0.269659399,3,1.515359798,86.8237209,0.5522001613,85.48640194,1.337318956,2.126428361,0.005122367672,0,0
star_plus_co_independent,132,2,1,0.2658894451,0.9626802108,0.01130831847,3,1.515359798,86.8237209,0.5522001613,85.48640194,1.337318956,2.126428361,0.005122367672,0,0
star_co_plus_hi_ctl49,132,1,0,0.07260921057,0.9993410154,0.5817059074,3,0.2428135802,13.91219336,0.3271316444,30.16108548,16.24889213,10.587927,0.005122367672,0,0
star_co_plus_hi_ctl49,132,1,1,-0.0203160424,0.9994359719,0.008757002615,3,0.2428135802,13.91219336,0.3271316444,30.16108548,16.24889213,10.587927,0.005122367672,0,0
star_co_plus_hi_ctl49,132,2,0,0.08205506573,0.8746110241,0.269659399,3,1.515359798,86.8237209,0.5522001613,85.48640194,1.337318956,2.126428361,0.005122367672,0,0
star_co_plus_hi_ctl49,132,2,1,0.2746619639,0.9626802108,0.01130831847,3,1.515359798,86.8237209,0.5522001613,85.48640194,1.337318956,2.126428361,0.005122367672,0,0
star_only,133,1,0,-0.07756068501,0.9999343613,0.2768100384,3,-0.04737174739,-2.714201193,0.37230312,13.72752453,16.44172572,6.038467545,0,0,0
star_only,133,1,1,-0.121823046,0.9653094693,0.01222969349,3,-0.04737174739,-2.714201193,0.37230312,13.72752453,16.44172572,6.038467545,0,0,0
star_only,133,2,0,0.1067539404,0.9956887982,0.2915201531,3,1.478800477,84.72902605,0.5170613962,83.93117027,0.7978557799,0.03173351919,0,0,0
star_only,133,2,1,0.1634992004,0.9770081619,0.01617842658,3,1.478800477,84.72902605,0.5170613962,83.93117027,0.7978557799,0.03173351919,0,0,0
co_independent_only,133,1,0,-0.003419566315,0.9994083952,0.2668767912,3,0.05801939305,3.324266351,0.3059391657,24.25103506,20.92676871,0,0,0.006829823563,0
co_independent_only,133,1,1,-0.07097451186,0.9825181207,0.01093197731,3,0.05801939305,3.324266351,0.3059391657,24.25103506,20.92676871,0,0,0.006829823563,0
co_independent_only,133,2,0,0.108924143,0.9790048247,0.2436816581,3,1.478246622,84.69729254,0.5406907208,84.33190025,0.3653922809,0,0,0.006829823563,0
co_independent_only,133,2,1,0.1431985434,0.9783568095,0.0150861345,3,1.478246622,84.69729254,0.5406907208,84.33190025,0.3653922809,0,0,0.006829823563,0
star_plus_co_independent,133,1,0,-0.08812022251,0.9999343613,0.2768100384,3,-0.04737174739,-2.714201193,0.37230312,13.72752453,16.44172572,6.038467545,0,0.006829823563,0
star_plus_co_independent,133,1,1,-0.1264209094,0.9653094693,0.01222969349,3,-0.04737174739,-2.714201193,0.37230312,13.72752453,16.44172572,6.038467545,0,0.006829823563,0
star_plus_co_independent,133,2,0,0.1148696186,0.9956887982,0.2915201531,3,1.478800477,84.72902605,0.5170613962,83.93117027,0.7978557799,0.03173351919,0,0.006829823563,0
star_plus_co_independent,133,2,1,0.1676285964,0.9770081619,0.01617842658,3,1.478800477,84.72902605,0.5170613962,83.93117027,0.7978557799,0.03173351919,0,0.006829823563,0
star_co_plus_hi_ctl49,133,1,0,-0.09517032642,0.9999343613,0.2768100384,3,-0.04737174739,-2.714201193,0.37230312,13.72752453,16.44172572,6.038467545,0,0.006829823563,0
star_co_plus_hi_ctl49,133,1,1,-0.1282851699,0.9653094693,0.01222969349,3,-0.04737174739,-2.714201193,0.37230312,13.72752453,16.44172572,6.038467545,0,0.006829823563,0
star_co_plus_hi_ctl49,133,2,0,0.1179330675,0.9956887982,0.2915201531,3,1.478800477,84.72902605,0.5170613962,83.93117027,0.7978557799,0.03173351919,0,0.006829823563,0
star_co_plus_hi_ctl49,133,2,1,0.1682943547,0.9770081619,0.01617842658,3,1.478800477,84.72902605,0.5170613962,83.93117027,0.7978557799,0.03173351919,0,0.006829823563,0
star_only,134,1,0,-0.06235315517,0.9999955011,0.3780750386,3,0.05644988451,3.234340136,0.4352618948,15.85990488,12.62556474,0.08992621516,0,0,0
star_only,134,1,1,-0.1839506579,0.9881300877,0.01260982777,3,0.05644988451,3.234340136,0.4352618948,15.85990488,12.62556474,0.08992621516,0,0,0
star_only,134,2,0,0.09485710903,0.9999957221,0.4084125565,3,1.502128196,86.06560591,0.4809705801,85.3715087,0.6940972174,1.368313378,0,0,0
star_only,134,2,1,0.1759228853,0.9861010464,0.01546275076,3,1.502128196,86.06560591,0.4809705801,85.3715087,0.6940972174,1.368313378,0,0,0
co_independent_only,134,1,0,-0.01393329258,0.9994083952,0.2668767912,3,0.05801939305,3.324266351,0.3059391657,24.25103506,20.92676871,0,0,0,0
co_independent_only,134,1,1,-0.06386554748,0.9825181207,0.01093197731,3,0.05801939305,3.324266351,0.3059391657,24.25103506,20.92676871,0,0,0,0
co_independent_only,134,2,0,0.1077423957,0.9790048247,0.2436816581,3,1.478246622,84.69729254,0.5406907208,84.33190025,0.3653922809,0,0,0,0
co_independent_only,134,2,1,0.1340718392,0.9783568095,0.0150861345,3,1.478246622,84.69729254,0.5406907208,84.33190025,0.3653922809,0,0,0,0
star_plus_co_independent,134,1,0,-0.06989744493,0.9999955011,0.3780750386,3,0.05644988451,3.234340136,0.4352618948,15.85990488,12.62556474,0.08992621516,0,0,0
star_plus_co_independent,134,1,1,-0.1809309933,0.9881300877,0.01260982777,3,0.05644988451,3.234340136,0.4352618948,15.85990488,12.62556474,0.08992621516,0,0,0
star_plus_co_independent,134,2,0,0.1007055679,0.9999957221,0.4084125565,3,1.502128196,86.06560591,0.4809705801,85.3715087,0.6940972174,1.368313378,0,0,0
star_plus_co_independent,134,2,1,0.172065144,0.9861010464,0.01546275076,3,1.502128196,86.06560591,0.4809705801,85.3715087,0.6940972174,1.368313378,0,0,0
star_co_plus_hi_ctl49,134,1,0,-0.06599395865,0.9999955011,0.3780750386,3,0.05644988451,3.234340136,0.4352618948,15.85990488,12.62556474,0.08992621516,0,0,0
star_co_plus_hi_ctl49,134,1,1,-0.1765547571,0.9881300877,0.01260982777,3,0.05644988451,3.234340136,0.4352618948,15.85990488,12.62556474,0.08992621516,0,0,0
star_co_plus_hi_ctl49,134,2,0,0.1038561301,0.9999957221,0.4084125565,3,1.502128196,86.06560591,0.4809705801,85.3715087,0.6940972174,1.368313378,0,0,0
star_co_plus_hi_ctl49,134,2,1,0.1703561075,0.9861010464,0.01546275076,3,1.502128196,86.06560591,0.4809705801,85.3715087,0.6940972174,1.368313378,0,0,0
star_only,135,1,0,0.1168270398,0.8517559106,0.7122730216,3,0.9696214659,55.55521772,0.3252374009,67.28527649,11.73005877,52.23095137,0,0,0
star_only,135,1,1,0.03303921775,0.9290456133,0.01444919305,3,0.9696214659,55.55521772,0.3252374009,67.28527649,11.73005877,52.23095137,0,0,0
star_only,135,2,0,0.1229345498,0.2739233397,0.1314668127,4,1.411969927,80.89991761,0.554053185,81.76049069,0.8605730895,3.79737493,0,0,0
star_only,135,2,1,-0.113145181,0.6188749422,0.006509568507,4,1.411969927,80.89991761,0.554053185,81.76049069,0.8605730895,3.79737493,0,0,0
co_independent_only,135,1,0,-0.02476906336,0.9994083952,0.2668767912,3,0.05801939305,3.324266351,0.3059391657,24.25103506,20.92676871,0,0,0,0
co_independent_only,135,1,1,-0.07707634069,0.9825181207,0.01093197731,3,0.05801939305,3.324266351,0.3059391657,24.25103506,20.92676871,0,0,0,0
co_independent_only,135,2,0,0.1075416188,0.9790048247,0.2436816581,3,1.478246622,84.69729254,0.5406907208,84.33190025,0.3653922809,0,0,0,0
co_independent_only,135,2,1,0.1450810482,0.9783568095,0.0150861345,3,1.478246622,84.69729254,0.5406907208,84.33190025,0.3653922809,0,0,0,0
star_plus_co_independent,135,1,0,0.09680023667,0.8517559106,0.7122730216,3,0.9696214659,55.55521772,0.3252374009,67.28527649,11.73005877,52.23095137,0,0,0
star_plus_co_independent,135,1,1,0.02212279007,0.9290456133,0.01444919305,3,0.9696214659,55.55521772,0.3252374009,67.28527649,11.73005877,52.23095137,0,0,0
star_plus_co_independent,135,2,0,0.1169699228,0.2739233397,0.1314668127,4,1.411969927,80.89991761,0.554053185,81.76049069,0.8605730895,3.79737493,0,0,0
star_plus_co_independent,135,2,1,-0.1026103511,0.6188749422,0.006509568507,4,1.411969927,80.89991761,0.554053185,81.76049069,0.8605730895,3.79737493,0,0,0
star_co_plus_hi_ctl49,135,1,0,0.08832371122,0.8517559106,0.7122730216,3,0.9696214659,55.55521772,0.3252374009,67.28527649,11.73005877,52.23095137,0,0,0
star_co_plus_hi_ctl49,135,1,1,0.01570247177,0.9290456133,0.01444919305,3,0.9696214659,55.55521772,0.3252374009,67.28527649,11.73005877,52.23095137,0,0,0
star_co_plus_hi_ctl49,135,2,0,0.1058133173,0.2739233397,0.1314668127,4,1.411969927,80.89991761,0.554053185,81.76049069,0.8605730895,3.79737493,0,0,0
star_co_plus_hi_ctl49,135,2,1,-0.09787454286,0.6188749422,0.006509568507,4,1.411969927,80.89991761,0.554053185,81.76049069,0.8605730895,3.79737493,0,0,0
star_only,136,1,0,-0.04082181219,0.992914262,0.3128403011,4,0.001465025388,0.08393977159,0.3733269806,17.11062199,17.02668222,3.24032658,0.01365964713,0,0
star_only,136,1,1,-0.02456587925,0.9433879914,0.01171285506,4,0.001465025388,0.08393977159,0.3733269806,17.11062199,17.02668222,3.24032658,0.01365964713,0,0
star_only,136,2,0,0.1095710478,0.9817742485,0.3195515119,4,1.458270886,83.55276716,0.5381517285,83.36335058,0.1894165804,1.144525376,0.01365964713,0,0
star_only,136,2,1,0.1652256706,0.9755367588,0.01592499861,4,1.458270886,83.55276716,0.5381517285,83.36335058,0.1894165804,1.144525376,0.01365964713,0,0
co_independent_only,136,1,0,-0.01515143765,0.9994083952,0.2668767912,3,0.05801939305,3.324266351,0.3059391657,24.25103506,20.92676871,0,0,0.002276607854,0
co_independent_only,136,1,1,-0.07032781086,0.9825181207,0.01093197731,3,0.05801939305,3.324266351,0.3059391657,24.25103506,20.92676871,0,0,0.002276607854,0
co_independent_only,136,2,0,0.1094297262,0.9790048247,0.2436816581,3,1.478246622,84.69729254,0.5406907208,84.33190025,0.3653922809,0,0,0.002276607854,0
co_independent_only,136,2,1,0.140743543,0.9783568095,0.0150861345,3,1.478246622,84.69729254,0.5406907208,84.33190025,0.3653922809,0,0,0.002276607854,0
star_plus_co_independent,136,1,0,-0.05270381662,0.992914262,0.3128403011,4,0.001465025388,0.08393977159,0.3733269806,17.11062199,17.02668222,3.24032658,0.01365964713,0.002276607854,0
star_plus_co_independent,136,1,1,-0.02986353176,0.9433879914,0.01171285506,4,0.001465025388,0.08393977159,0.3733269806,17.11062199,17.02668222,3.24032658,0.01365964713,0.002276607854,0
star_plus_co_independent,136,2,0,0.1149492329,0.9817742485,0.3195515119,4,1.458270886,83.55276716,0.5381517285,83.36335058,0.1894165804,1.144525376,0.01365964713,0.002276607854,0
star_plus_co_independent,136,2,1,0.1653525476,0.9755367588,0.01592499861,4,1.458270886,83.55276716,0.5381517285,83.36335058,0.1894165804,1.144525376,0.01365964713,0.002276607854,0
star_co_plus_hi_ctl49,136,1,0,-0.05780270889,0.992914262,0.3128403011,4,0.001465025388,0.08393977159,0.3733269806,17.11062199,17.02668222,3.24032658,0.01365964713,0.002276607854,0
star_co_plus_hi_ctl49,136,1,1,-0.02888402121,0.9433879914,0.01171285506,4,0.001465025388,0.08393977159,0.3733269806,17.11062199,17.02668222,3.24032658,0.01365964713,0.002276607854,0
star_co_plus_hi_ctl49,136,2,0,0.1196693203,0.9817742485,0.3195515119,4,1.458270886,83.55276716,0.5381517285,83.36335058,0.1894165804,1.144525376,0.01365964713,0.002276607854,0
star_co_plus_hi_ctl49,136,2,1,0.1717395275,0.9755367588,0.01592499861,4,1.458270886,83.55276716,0.5381517285,83.36335058,0.1894165804,1.144525376,0.01365964713,0.002276607854,0
star_only,137,1,0,0.09342140589,0.9999999856,0.4358574969,3,0.2980829032,17.0788923,0.1883817823,46.11391336,29.03502106,13.75462595,0,0,0
star_only,137,1,1,0.07170298839,0.9699483413,0.01323826537,3,0.2980829032,17.0788923,0.1883817823,46.11391336,29.03502106,13.75462595,0,0,0
star_only,137,2,0,0.09304645834,0.7511801993,0.08816094628,3,1.501192279,86.01198183,0.56680271,85.50740075,0.5045810787,1.314689298,0,0,0
star_only,137,2,1,0.1617018125,0.9733167699,0.006469303444,3,1.501192279,86.01198183,0.56680271,85.50740075,0.5045810787,1.314689298,0,0,0
co_independent_only,137,1,0,-0.004712731634,0.9994083952,0.2668767912,3,0.05801939305,3.324266351,0.3059391657,24.25103506,20.92676871,0,0,0.0005691519636,0
co_independent_only,137,1,1,-0.06646169582,0.9825181207,0.01093197731,3,0.05801939305,3.324266351,0.3059391657,24.25103506,20.92676871,0,0,0.0005691519636,0
co_independent_only,137,2,0,0.09908162267,0.9790048247,0.2436816581,3,1.478246622,84.69729254,0.5406907208,84.33190025,0.3653922809,0,0,0.0005691519636,0
co_independent_only,137,2,1,0.1355063306,0.9783568095,0.0150861345,3,1.478246622,84.69729254,0.5406907208,84.33190025,0.3653922809,0,0,0.0005691519636,0
star_plus_co_independent,137,1,0,0.09309957209,0.9999999856,0.4358574969,3,0.2980829032,17.0788923,0.1883817823,46.11391336,29.03502106,13.75462595,0,0.0005691519636,0
star_plus_co_independent,137,1,1,0.07347902088,0.9699483413,0.01323826537,3,0.2980829032,17.0788923,0.1883817823,46.11391336,29.03502106,13.75462595,0,0.0005691519636,0
star_plus_co_independent,137,2,0,0.09044357905,0.7511801993,0.08816094628,3,1.501192279,86.01198183,0.56680271,85.50740075,0.5045810787,1.314689298,0,0.0005691519636,0
star_plus_co_independent,137,2,1,0.1588305788,0.9733167699,0.006469303444,3,1.501192279,86.01198183,0.56680271,85.50740075,0.5045810787,1.314689298,0,0.0005691519636,0
star_co_plus_hi_ctl49,137,1,0,0.09649557411,0.9999999856,0.4358574969,3,0.2980829032,17.0788923,0.1883817823,46.11391336,29.03502106,13.75462595,0,0.0005691519636,0
star_co_plus_hi_ctl49,137,1,1,0.06572381392,0.9699483413,0.01323826537,3,0.2980829032,17.0788923,0.1883817823,46.11391336,29.03502106,13.75462595,0,0.0005691519636,0
star_co_plus_hi_ctl49,137,2,0,0.1017485551,0.7511801993,0.08816094628,3,1.501192279,86.01198183,0.56680271,85.50740075,0.5045810787,1.314689298,0,0.0005691519636,0
star_co_plus_hi_ctl49,137,2,1,0.1741331651,0.9733167699,0.006469303444,3,1.501192279,86.01198183,0.56680271,85.50740075,0.5045810787,1.314689298,0,0.0005691519636,0
star_only,138,1,0,-0.0849119892,0.8842886465,0.08751515652,3,-0.08601040751,-4.928033344,0.1745857529,40.71443418,45.64246753,8.252299696,0.006829823563,0,0
star_only,138,1,1,-0.02707652588,0.7774608148,0.01057874073,3,-0.08601040751,-4.928033344,0.1745857529,40.71443418,45.64246753,8.252299696,0.006829823563,0,0
star_only,138,2,0,0.1218670374,0.8563574751,0.1192755562,4,1.459053633,83.59761524,0.5329779878,83.06732676,0.5302884787,1.099677295,0.006829823563,0,0
star_only,138,2,1,0.1617943981,0.8764683139,0.01273653954,4,1.459053633,83.59761524,0.5329779878,83.06732676,0.5302884787,1.099677295,0.006829823563,0,0
co_independent_only,138,1,0,-0.009501418682,0.9994083952,0.2668767912,3,0.05801939305,3.324266351,0.3059391657,24.25103506,20.92676871,0,0,0,0
co_independent_only,138,1,1,-0.06428533008,0.9825181207,0.01093197731,3,0.05801939305,3.324266351,0.3059391657,24.25103506,20.92676871,0,0,0,0
co_independent_only,138,2,0,0.1016731009,0.9790048247,0.2436816581,3,1.478246622,84.69729254,0.5406907208,84.33190025,0.3653922809,0,0,0,0
co_independent_only,138,2,1,0.1301723171,0.9783568095,0.0150861345,3,1.478246622,84.69729254,0.5406907208,84.33190025,0.3653922809,0,0,0,0
star_plus_co_independent,138,1,0,-0.0853868416,0.8842886465,0.08751515652,3,-0.08601040751,-4.928033344,0.1745857529,40.71443418,45.64246753,8.252299696,0.006829823563,0,0
star_plus_co_independent,138,1,1,-0.02165527228,0.7774608148,0.01057874073,3,-0.08601040751,-4.928033344,0.1745857529,40.71443418,45.64246753,8.252299696,0.006829823563,0,0
star_plus_co_independent,138,2,0,0.1152152491,0.8563574751,0.1192755562,4,1.459053633,83.59761524,0.5329779878,83.06732676,0.5302884787,1.099677295,0.006829823563,0,0
star_plus_co_independent,138,2,1,0.1483758784,0.8764683139,0.01273653954,4,1.459053633,83.59761524,0.5329779878,83.06732676,0.5302884787,1.099677295,0.006829823563,0,0
star_co_plus_hi_ctl49,138,1,0,-0.09442562361,0.8842886465,0.08751515652,3,-0.08601040751,-4.928033344,0.1745857529,40.71443418,45.64246753,8.252299696,0.006829823563,0,0
star_co_plus_hi_ctl49,138,1,1,-0.02628336078,0.7774608148,0.01057874073,3,-0.08601040751,-4.928033344,0.1745857529,40.71443418,45.64246753,8.252299696,0.006829823563,0,0
star_co_plus_hi_ctl49,138,2,0,0.127427737,0.8563574751,0.1192755562,4,1.459053633,83.59761524,0.5329779878,83.06732676,0.5302884787,1.099677295,0.006829823563,0,0
star_co_plus_hi_ctl49,138,2,1,0.160216039,0.8764683139,0.01273653954,4,1.459053633,83.59761524,0.5329779878,83.06732676,0.5302884787,1.099677295,0.006829823563,0,0
star_only,139,1,0,-0.07041710619,0.9962240485,0.2098032483,4,0.01060018514,0.6073458704,0.2979365828,21.4087781,20.80143223,2.716920481,0,0,0
star_only,139,1,1,-0.115773708,0.9734580332,0.008191408671,4,0.01060018514,0.6073458704,0.2979365828,21.4087781,20.80143223,2.716920481,0,0,0
star_only,139,2,0,0.09587797941,0.9998509479,0.2047230248,3,1.512861963,86.68060544,0.5513023587,86.1415373,0.5390681489,1.98331291,0,0,0
star_only,139,2,1,0.1399147344,0.9392912187,0.009638561917,3,1.512861963,86.68060544,0.5513023587,86.1415373,0.5390681489,1.98331291,0,0,0
co_independent_only,139,1,0,-0.00381654677,0.9994083952,0.2668767912,3,0.05801939305,3.324266351,0.3059391657,24.25103506,20.92676871,0,0,0.001707455891,0
co_independent_only,139,1,1,-0.07050058247,0.9825181207,0.01093197731,3,0.05801939305,3.324266351,0.3059391657,24.25103506,20.92676871,0,0,0.001707455891,0
co_independent_only,139,2,0,0.09867106151,0.9790048247,0.2436816581,3,1.478246622,84.69729254,0.5406907208,84.33190025,0.3653922809,0,0,0.001707455891,0
co_independent_only,139,2,1,0.1419673466,0.9783568095,0.0150861345,3,1.478246622,84.69729254,0.5406907208,84.33190025,0.3653922809,0,0,0.001707455891,0
star_plus_co_independent,139,1,0,-0.06597670165,0.9962240485,0.2098032483,4,0.01060018514,0.6073458704,0.2979365828,21.4087781,20.80143223,2.716920481,0,0.001707455891,0
star_plus_co_independent,139,1,1,-0.1176165607,0.9734580332,0.008191408671,4,0.01060018514,0.6073458704,0.2979365828,21.4087781,20.80143223,2.716920481,0,0.001707455891,0
star_plus_co_independent,139,2,0,0.09442762319,0.9998509479,0.2047230248,3,1.512861963,86.68060544,0.5513023587,86.1415373,0.5390681489,1.98331291,0,0.001707455891,0
star_plus_co_independent,139,2,1,0.1439685444,0.9392912187,0.009638561917,3,1.512861963,86.68060544,0.5513023587,86.1415373,0.5390681489,1.98331291,0,0.001707455891,0
star_co_plus_hi_ctl49,139,1,0,-0.06293391595,0.9962240485,0.2098032483,4,0.01060018514,0.6073458704,0.2979365828,21.4087781,20.80143223,2.716920481,0,0.001707455891,0
star_co_plus_hi_ctl49,139,1,1,-0.1114852145,0.9734580332,0.008191408671,4,0.01060018514,0.6073458704,0.2979365828,21.4087781,20.80143223,2.716920481,0,0.001707455891,0
star_co_plus_hi_ctl49,139,2,0,0.09143490134,0.9998509479,0.2047230248,3,1.512861963,86.68060544,0.5513023587,86.1415373,0.5390681489,1.98331291,0,0.001707455891,0
star_co_plus_hi_ctl49,139,2,1,0.1358444525,0.9392912187,0.009638561917,3,1.512861963,86.68060544,0.5513023587,86.1415373,0.5390681489,1.98331291,0,0.001707455891,0
star_only,140,1,0,-0.1314938627,0.9910878321,0.2506855242,4,-0.1172766786,-6.719458717,0.2787619915,16.65758593,23.37704465,10.04372507,0.007398975526,0,0
star_only,140,1,1,-0.1958808298,0.9809395899,0.01298086233,4,-0.1172766786,-6.719458717,0.2787619915,16.65758593,23.37704465,10.04372507,0.007398975526,0,0
star_only,140,2,0,0.09952058336,0.9922837365,0.2333722517,3,1.500232536,85.9569926,0.5136357576,85.70541867,0.2515739322,1.259700063,0.007398975526,0,0
star_only,140,2,1,0.04522882225,0.8593204373,0.01038569053,3,1.500232536,85.9569926,0.5136357576,85.70541867,0.2515739322,1.259700063,0.007398975526,0,0
co_independent_only,140,1,0,-0.008810234579,0.9994083952,0.2668767912,3,0.05801939305,3.324266351,0.3059391657,24.25103506,20.92676871,0,0,0,0
co_independent_only,140,1,1,-0.06305001299,0.9825181207,0.01093197731,3,0.05801939305,3.324266351,0.3059391657,24.25103506,20.92676871,0,0,0,0
co_independent_only,140,2,0,0.09601426342,0.9790048247,0.2436816581,3,1.478246622,84.69729254,0.5406907208,84.33190025,0.3653922809,0,0,0,0
co_independent_only,140,2,1,0.133450637,0.9783568095,0.0150861345,3,1.478246622,84.69729254,0.5406907208,84.33190025,0.3653922809,0,0,0,0
star_plus_co_independent,140,1,0,-0.1218291757,0.9910878321,0.2506855242,4,-0.1172766786,-6.719458717,0.2787619915,16.65758593,23.37704465,10.04372507,0.007398975526,0,0
star_plus_co_independent,140,1,1,-0.1909443028,0.9809395899,0.01298086233,4,-0.1172766786,-6.719458717,0.2787619915,16.65758593,23.37704465,10.04372507,0.007398975526,0,0
star_plus_co_independent,140,2,0,0.09184650467,0.9922837365,0.2333722517,3,1.500232536,85.9569926,0.5136357576,85.70541867,0.2515739322,1.259700063,0.007398975526,0,0
star_plus_co_independent,140,2,1,0.0421980314,0.8593204373,0.01038569053,3,1.500232536,85.9569926,0.5136357576,85.70541867,0.2515739322,1.259700063,0.007398975526,0,0
star_co_plus_hi_ctl49,140,1,0,-0.1217258012,0.9910878321,0.2506855242,4,-0.1172766786,-6.719458717,0.2787619915,16.65758593,23.37704465,10.04372507,0.007398975526,0,0
star_co_plus_hi_ctl49,140,1,1,-0.1877568253,0.9809395899,0.01298086233,4,-0.1172766786,-6.719458717,0.2787619915,16.65758593,23.37704465,10.04372507,0.007398975526,0,0
star_co_plus_hi_ctl49,140,2,0,0.08939248102,0.9922837365,0.2333722517,3,1.500232536,85.9569926,0.5136357576,85.70541867,0.2515739322,1.259700063,0.007398975526,0,0
star_co_plus_hi_ctl49,140,2,1,0.03492293902,0.8593204373,0.01038569053,3,1.500232536,85.9569926,0.5136357576,85.70541867,0.2515739322,1.259700063,0.007398975526,0,0
star_only,141,1,0,-0.07489601642,0.9999954747,0.3947870733,4,0.009958087867,0.5705564068,0.4257286234,15.09659467,14.52603826,2.753709945,0,0,0
star_only,141,1,1,-0.1693893014,0.9574692201,0.01287411807,4,0.009958087867,0.5705564068,0.4257286234,15.09659467,14.52603826,2.753709945,0,0,0
star_only,141,2,0,0.09856705349,0.9970094139,0.3738995054,3,1.519957392,87.08714358,0.5469049651,86.25169762,0.8354459578,2.389851046,0,0,0
star_only,141,2,1,0.2137289792,0.981320152,0.01573072701,3,1.519957392,87.08714358,0.5469049651,86.25169762,0.8354459578,2.389851046,0,0,0
co_independent_only,141,1,0,-0.001268005631,0.9994083952,0.2668767912,3,0.05801939305,3.324266351,0.3059391657,24.25103506,20.92676871,0,0,0.0005691519636,0
co_independent_only,141,1,1,-0.06655580192,0.9825181207,0.01093197731,3,0.05801939305,3.324266351,0.3059391657,24.25103506,20.92676871,0,0,0.0005691519636,0
co_independent_only,141,2,0,0.1085284415,0.9790048247,0.2436816581,3,1.478246622,84.69729254,0.5406907208,84.33190025,0.3653922809,0,0,0.0005691519636,0
co_independent_only,141,2,1,0.1412937455,0.9783568095,0.0150861345,3,1.478246622,84.69729254,0.5406907208,84.33190025,0.3653922809,0,0,0.0005691519636,0
star_plus_co_independent,141,1,0,-0.07902414154,0.9999954747,0.3947870733,4,0.009958087867,0.5705564068,0.4257286234,15.09659467,14.52603826,2.753709945,0,0.0005691519636,0
star_plus_co_independent,141,1,1,-0.1702763786,0.9574692201,0.01287411807,4,0.009958087867,0.5705564068,0.4257286234,15.09659467,14.52603826,2.753709945,0,0.0005691519636,0
star_plus_co_independent,141,2,0,0.104581885,0.9970094139,0.3738995054,3,1.519957392,87.08714358,0.5469049651,86.25169762,0.8354459578,2.389851046,0,0.0005691519636,0
star_plus_co_independent,141,2,1,0.2157930882,0.981320152,0.01573072701,3,1.519957392,87.08714358,0.5469049651,86.25169762,0.8354459578,2.389851046,0,0.0005691519636,0
star_co_plus_hi_ctl49,141,1,0,-0.06943231509,0.9999954747,0.3947870733,4,0.009958087867,0.5705564068,0.4257286234,15.09659467,14.52603826,2.753709945,0,0.0005691519636,0
star_co_plus_hi_ctl49,141,1,1,-0.1626248961,0.9574692201,0.01287411807,4,0.009958087867,0.5705564068,0.4257286234,15.09659467,14.52603826,2.753709945,0,0.0005691519636,0
star_co_plus_hi_ctl49,141,2,0,0.09438960756,0.9970094139,0.3738995054,3,1.519957392,87.08714358,0.5469049651,86.25169762,0.8354459578,2.389851046,0,0.0005691519636,0
star_co_plus_hi_ctl49,141,2,1,0.2055611129,0.981320152,0.01573072701,3,1.519957392,87.08714358,0.5469049651,86.25169762,0.8354459578,2.389851046,0,0.0005691519636,0
star_only,142,1,0,0.0417414883,0.9817123989,0.3187996793,3,0.1618183696,9.271509623,0.2642565941,34.89934317,25.62783354,5.947243272,0.02675014229,0,0
star_only,142,1,1,0.07435978168,0.9918468336,0.01580780397,3,0.1618183696,9.271509623,0.2642565941,34.89934317,25.62783354,5.947243272,0.02675014229,0,0
star_only,142,2,0,0.1037321458,0.9443795864,0.2258383864,3,1.491912771,85.48030518,0.5483154316,85.24406411,0.2362410745,0.7830126459,0.02675014229,0,0
star_only,142,2,1,0.09203485252,0.8290481774,0.00845268684,3,1.491912771,85.48030518,0.5483154316,85.24406411,0.2362410745,0.7830126459,0.02675014229,0,0
co_independent_only,142,1,0,-0.01268790526,0.9994083952,0.2668767912,3,0.05801939305,3.324266351,0.3059391657,24.25103506,20.92676871,0,0,0.005122367672,0
co_independent_only,142,1,1,-0.05939632888,0.9825181207,0.01093197731,3,0.05801939305,3.324266351,0.3059391657,24.25103506,20.92676871,0,0,0.005122367672,0
co_independent_only,142,2,0,0.1073701119,0.9790048247,0.2436816581,3,1.478246622,84.69729254,0.5406907208,84.33190025,0.3653922809,0,0,0.005122367672,0
co_independent_only,142,2,1,0.1375752995,0.9783568095,0.0150861345,3,1.478246622,84.69729254,0.5406907208,84.33190025,0.3653922809,0,0,0.005122367672,0
star_plus_co_independent,142,1,0,0.03638812676,0.9817123989,0.3187996793,3,0.1618183696,9.271509623,0.2642565941,34.89934317,25.62783354,5.947243272,0.02675014229,0.005122367672,0
star_plus_co_independent,142,1,1,0.08296654157,0.9918468336,0.01580780397,3,0.1618183696,9.271509623,0.2642565941,34.89934317,25.62783354,5.947243272,0.02675014229,0.005122367672,0
star_plus_co_independent,142,2,0,0.1093421043,0.9443795864,0.2258383864,3,1.491912771,85.48030518,0.5483154316,85.24406411,0.2362410745,0.7830126459,0.02675014229,0.005122367672,0
star_plus_co_independent,142,2,1,0.09069549405,0.8290481774,0.00845268684,3,1.491912771,85.48030518,0.5483154316,85.24406411,0.2362410745,0.7830126459,0.02675014229,0.005122367672,0
star_co_plus_hi_ctl49,142,1,0,0.04573808291,0.9817123989,0.3187996793,3,0.1618183696,9.271509623,0.2642565941,34.89934317,25.62783354,5.947243272,0.02675014229,0.005122367672,0
star_co_plus_hi_ctl49,142,1,1,0.08863126733,0.9918468336,0.01580780397,3,0.1618183696,9.271509623,0.2642565941,34.89934317,25.62783354,5.947243272,0.02675014229,0.005122367672,0
star_co_plus_hi_ctl49,142,2,0,0.1163961741,0.9443795864,0.2258383864,3,1.491912771,85.48030518,0.5483154316,85.24406411,0.2362410745,0.7830126459,0.02675014229,0.005122367672,0
star_co_plus_hi_ctl49,142,2,1,0.08999482014,0.8290481774,0.00845268684,3,1.491912771,85.48030518,0.5483154316,85.24406411,0.2362410745,0.7830126459,0.02675014229,0.005122367672,0
star_only,143,1,0,-0.09244849241,0.9990707592,0.3572581888,3,-0.03970088616,-2.27469322,0.4248361123,13.62337032,15.89806354,5.598959572,0,0,0
star_only,143,1,1,-0.154476106,0.9156513162,0.01382848058,3,-0.03970088616,-2.27469322,0.4248361123,13.62337032,15.89806354,5.598959572,0,0,0
star_only,143,2,0,0.09560787861,0.9992318934,0.3650668001,3,1.519660056,87.07010753,0.4882941501,86.30430254,0.7658049879,2.372814994,0,0,0
star_only,143,2,1,0.1532307364,0.9059448694,0.01389285657,3,1.519660056,87.07010753,0.4882941501,86.30430254,0.7658049879,2.372814994,0,0,0
co_independent_only,143,1,0,0.003663502671,0.9994083952,0.2668767912,3,0.05801939305,3.324266351,0.3059391657,24.25103506,20.92676871,0,0,0.003414911781,0
co_independent_only,143,1,1,-0.06582680148,0.9825181207,0.01093197731,3,0.05801939305,3.324266351,0.3059391657,24.25103506,20.92676871,0,0,0.003414911781,0
co_independent_only,143,2,0,0.1047783028,0.9790048247,0.2436816581,3,1.478246622,84.69729254,0.5406907208,84.33190025,0.3653922809,0,0,0.003414911781,0
co_independent_only,143,2,1,0.1443185745,0.9783568095,0.0150861345,3,1.478246622,84.69729254,0.5406907208,84.33190025,0.3653922809,0,0,0.003414911781,0
star_plus_co_independent,143,1,0,-0.09605687813,0.9990707592,0.3572581888,3,-0.03970088616,-2.27469322,0.4248361123,13.62337032,15.89806354,5.598959572,0,0.003414911781,0
star_plus_co_independent,143,1,1,-0.1599909467,0.9156513162,0.01382848058,3,-0.03970088616,-2.27469322,0.4248361123,13.62337032,15.89806354,5.598959572,0,0.003414911781,0
star_plus_co_independent,143,2,0,0.09931121818,0.9992318934,0.3650668001,3,1.519660056,87.07010753,0.4882941501,86.30430254,0.7658049879,2.372814994,0,0.003414911781,0
star_plus_co_independent,143,2,1,0.1586271624,0.9059448694,0.01389285657,3,1.519660056,87.07010753,0.4882941501,86.30430254,0.7658049879,2.372814994,0,0.003414911781,0
star_co_plus_hi_ctl49,143,1,0,-0.1042782432,0.9990707592,0.3572581888,3,-0.03970088616,-2.27469322,0.4248361123,13.62337032,15.89806354,5.598959572,0,0.003414911781,0
star_co_plus_hi_ctl49,143,1,1,-0.1639193065,0.9156513162,0.01382848058,3,-0.03970088616,-2.27469322,0.4248361123,13.62337032,15.89806354,5.598959572,0,0.003414911781,0
star_co_plus_hi_ctl49,143,2,0,0.1081583359,0.9992318934,0.3650668001,3,1.519660056,87.07010753,0.4882941501,86.30430254,0.7658049879,2.372814994,0,0.003414911781,0
star_co_plus_hi_ctl49,143,2,1,0.1623002255,0.9059448694,0.01389285657,3,1.519660056,87.07010753,0.4882941501,86.30430254,0.7658049879,2.372814994,0,0.003414911781,0
star_only,144,1,0,-0.147724047,0.9827224507,0.2603991598,4,-0.271023179,-15.52848431,0.248758209,13.18244349,28.71092779,18.85275066,0.003984063745,0,0
star_only,144,1,1,-0.1758279068,0.9907971894,0.01187422099,4,-0.271023179,-15.52848431,0.248758209,13.18244349,28.71092779,18.85275066,0.003984063745,0,0
star_only,144,2,0,0.1091152088,0.999863805,0.1767875869,4,1.452466696,83.22021156,0.5160459212,83.07761586,0.1425956971,1.477080973,0.003984063745,0,0
star_only,144,2,1,0.1562151382,0.8929419655,0.01164068043,4,1.452466696,83.22021156,0.5160459212,83.07761586,0.1425956971,1.477080973,0.003984063745,0,0
co_independent_only,144,1,0,-0.01670368031,0.9994083952,0.2668767912,3,0.05801939305,3.324266351,0.3059391657,24.25103506,20.92676871,0,0,0,0
co_independent_only,144,1,1,-0.07627123184,0.9825181207,0.01093197731,3,0.05801939305,3.324266351,0.3059391657,24.25103506,20.92676871,0,0,0,0
co_independent_only,144,2,0,0.1003029257,0.9790048247,0.2436816581,3,1.478246622,84.69729254,0.5406907208,84.33190025,0.3653922809,0,0,0,0
co_independent_only,144,2,1,0.1421565218,0.9783568095,0.0150861345,3,1.478246622,84.69729254,0.5406907208,84.33190025,0.3653922809,0,0,0,0
star_plus_co_independent,144,1,0,-0.1463946759,0.9827224507,0.2603991598,4,-0.271023179,-15.52848431,0.248758209,13.18244349,28.71092779,18.85275066,0.003984063745,0,0
star_plus_co_independent,144,1,1,-0.1748677833,0.9907971894,0.01187422099,4,-0.271023179,-15.52848431,0.248758209,13.18244349,28.71092779,18.85275066,0.003984063745,0,0
star_plus_co_independent,144,2,0,0.1084790967,0.999863805,0.1767875869,4,1.452466696,83.22021156,0.5160459212,83.07761586,0.1425956971,1.477080973,0.003984063745,0,0
star_plus_co_independent,144,2,1,0.1545255388,0.8929419655,0.01164068043,4,1.452466696,83.22021156,0.5160459212,83.07761586,0.1425956971,1.477080973,0.003984063745,0,0
star_co_plus_hi_ctl49,144,1,0,-0.1340456497,0.9827224507,0.2603991598,4,-0.271023179,-15.52848431,0.248758209,13.18244349,28.71092779,18.85275066,0.003984063745,0,0
star_co_plus_hi_ctl49,144,1,1,-0.1776770186,0.9907971894,0.01187422099,4,-0.271023179,-15.52848431,0.248758209,13.18244349,28.71092779,18.85275066,0.003984063745,0,0
star_co_plus_hi_ctl49,144,2,0,0.1079598113,0.999863805,0.1767875869,4,1.452466696,83.22021156,0.5160459212,83.07761586,0.1425956971,1.477080973,0.003984063745,0,0
star_co_plus_hi_ctl49,144,2,1,0.1572960819,0.8929419655,0.01164068043,4,1.452466696,83.22021156,0.5160459212,83.07761586,0.1425956971,1.477080973,0.003984063745,0,0
star_only,145,1,0,-0.03062958836,0.9944140826,0.4003198175,3,0.08074188516,4.626169249,0.3874645442,22.40259695,17.7764277,1.301902898,0.0483779169,0,0
star_only,145,1,1,-0.084229817,0.9937926157,0.01785996835,3,0.08074188516,4.626169249,0.3874645442,22.40259695,17.7764277,1.301902898,0.0483779169,0,0
star_only,145,2,0,0.106273361,0.9951236417,0.3466772265,3,1.503744628,86.15822063,0.536570961,85.87346196,0.2847586671,1.460928093,0.0483779169,0,0
star_only,145,2,1,0.17375948,0.9690238118,0.0154930741,3,1.503744628,86.15822063,0.536570961,85.87346196,0.2847586671,1.460928093,0.0483779169,0,0
co_independent_only,145,1,0,-0.002263009872,0.9994083952,0.2668767912,3,0.05801939305,3.324266351,0.3059391657,24.25103506,20.92676871,0,0,0.004553215709,0
co_independent_only,145,1,1,-0.06285233276,0.9825181207,0.01093197731,3,0.05801939305,3.324266351,0.3059391657,24.25103506,20.92676871,0,0,0.004553215709,0
co_independent_only,145,2,0,0.1020418517,0.9790048247,0.2436816581,3,1.478246622,84.69729254,0.5406907208,84.33190025,0.3653922809,0,0,0.004553215709,0
co_independent_only,145,2,1,0.1318115896,0.9783568095,0.0150861345,3,1.478246622,84.69729254,0.5406907208,84.33190025,0.3653922809,0,0,0.004553215709,0
star_plus_co_independent,145,1,0,-0.02921694023,0.9944140826,0.4003198175,3,0.08074188516,4.626169249,0.3874645442,22.40259695,17.7764277,1.301902898,0.0483779169,0.004553215709,0
star_plus_co_independent,145,1,1,-0.08095841441,0.9937926157,0.01785996835,3,0.08074188516,4.626169249,0.3874645442,22.40259695,17.7764277,1.301902898,0.0483779169,0.004553215709,0
star_plus_co_independent,145,2,0,0.1076217623,0.9951236417,0.3466772265,3,1.503744628,86.15822063,0.536570961,85.87346196,0.2847586671,1.460928093,0.0483779169,0.004553215709,0
star_plus_co_independent,145,2,1,0.1657177381,0.9690238118,0.0154930741,3,1.503744628,86.15822063,0.536570961,85.87346196,0.2847586671,1.460928093,0.0483779169,0.004553215709,0
star_co_plus_hi_ctl49,145,1,0,-0.03525679907,0.9944140826,0.4003198175,3,0.08074188516,4.626169249,0.3874645442,22.40259695,17.7764277,1.301902898,0.0483779169,0.004553215709,0
star_co_plus_hi_ctl49,145,1,1,-0.0791811992,0.9937926157,0.01785996835,3,0.08074188516,4.626169249,0.3874645442,22.40259695,17.7764277,1.301902898,0.0483779169,0.004553215709,0
star_co_plus_hi_ctl49,145,2,0,0.1147770935,0.9951236417,0.3466772265,3,1.503744628,86.15822063,0.536570961,85.87346196,0.2847586671,1.460928093,0.0483779169,0.004553215709,0
star_co_plus_hi_ctl49,145,2,1,0.1691288985,0.9690238118,0.0154930741,3,1.503744628,86.15822063,0.536570961,85.87346196,0.2847586671,1.460928093,0.0483779169,0.004553215709,0
star_only,146,1,0,-0.07581440993,0.9982689564,0.1620152334,3,-0.01322698784,-0.7578505789,0.2551323417,20.79387867,21.55172925,4.08211693,0,0,0
star_only,146,1,1,-0.08060373505,0.9785877686,0.01028290297,3,-0.01322698784,-0.7578505789,0.2551323417,20.79387867,21.55172925,4.08211693,0,0,0
star_only,146,2,0,0.1150981171,0.9863864156,0.1766963572,3,1.483673387,85.00822323,0.5218510497,84.77835744,0.229865795,0.3109306994,0,0,0
star_only,146,2,1,0.1126418332,0.9984001668,0.01211820732,3,1.483673387,85.00822323,0.5218510497,84.77835744,0.229865795,0.3109306994,0,0,0
co_independent_only,146,1,0,-0.006265482372,0.9994083952,0.2668767912,3,0.05801939305,3.324266351,0.3059391657,24.25103506,20.92676871,0,0,0.01309049516,0
co_independent_only,146,1,1,-0.06505679366,0.9825181207,0.01093197731,3,0.05801939305,3.324266351,0.3059391657,24.25103506,20.92676871,0,0,0.01309049516,0
co_independent_only,146,2,0,0.09823642624,0.9790048247,0.2436816581,3,1.478246622,84.69729254,0.5406907208,84.33190025,0.3653922809,0,0,0.01309049516,0
co_independent_only,146,2,1,0.1345754536,0.9783568095,0.0150861345,3,1.478246622,84.69729254,0.5406907208,84.33190025,0.3653922809,0,0,0.01309049516,0
star_plus_co_independent,146,1,0,-0.07162155034,0.9982689564,0.1620152334,3,-0.01322698784,-0.7578505789,0.2551323417,20.79387867,21.55172925,4.08211693,0,0.01309049516,0
star_plus_co_independent,146,1,1,-0.07784514939,0.9785877686,0.01028290297,3,-0.01322698784,-0.7578505789,0.2551323417,20.79387867,21.55172925,4.08211693,0,0.01309049516,0
star_plus_co_independent,146,2,0,0.1105476644,0.9863864156,0.1766963572,3,1.483673387,85.00822323,0.5218510497,84.77835744,0.229865795,0.3109306994,0,0.01309049516,0
star_plus_co_independent,146,2,1,0.1099272336,0.9984001668,0.01211820732,3,1.483673387,85.00822323,0.5218510497,84.77835744,0.229865795,0.3109306994,0,0.01309049516,0
star_co_plus_hi_ctl49,146,1,0,-0.06056180964,0.9982689564,0.1620152334,3,-0.01322698784,-0.7578505789,0.2551323417,20.79387867,21.55172925,4.08211693,0,0.01309049516,0
star_co_plus_hi_ctl49,146,1,1,-0.06921850986,0.9785877686,0.01028290297,3,-0.01322698784,-0.7578505789,0.2551323417,20.79387867,21.55172925,4.08211693,0,0.01309049516,0
star_co_plus_hi_ctl49,146,2,0,0.1006538184,0.9863864156,0.1766963572,3,1.483673387,85.00822323,0.5218510497,84.77835744,0.229865795,0.3109306994,0,0.01309049516,0
star_co_plus_hi_ctl49,146,2,1,0.09952519765,0.9984001668,0.01211820732,3,1.483673387,85.00822323,0.5218510497,84.77835744,0.229865795,0.3109306994,0,0.01309049516,0
star_only,147,1,0,-0.04269822136,0.9970977371,0.2788180992,4,0.02554365379,1.463543556,0.3295401537,21.99844673,20.53490317,1.860722796,0.01593625498,0,0
star_only,147,1,1,-0.1342900885,0.951186352,0.01154190646,4,0.02554365379,1.463543556,0.3295401537,21.99844673,20.53490317,1.860722796,0.01593625498,0,0
star_only,147,2,0,0.0998674522,0.9994378474,0.2968947726,3,1.502329821,86.07715819,0.5549908727,85.78460886,0.292549329,1.379865654,0.01593625498,0,0
star_only,147,2,1,0.1206660023,0.9170605976,0.01319714044,3,1.502329821,86.07715819,0.5549908727,85.78460886,0.292549329,1.379865654,0.01593625498,0,0
co_independent_only,147,1,0,-0.0008780596513,0.9994083952,0.2668767912,3,0.05801939305,3.324266351,0.3059391657,24.25103506,20.92676871,0,0,0,0
co_independent_only,147,1,1,-0.06258274137,0.9825181207,0.01093197731,3,0.05801939305,3.324266351,0.3059391657,24.25103506,20.92676871,0,0,0,0
co_independent_only,147,2,0,0.1000800969,0.9790048247,0.2436816581,3,1.478246622,84.69729254,0.5406907208,84.33190025,0.3653922809,0,0,0,0
co_independent_only,147,2,1,0.1323855929,0.9783568095,0.0150861345,3,1.478246622,84.69729254,0.5406907208,84.33190025,0.3653922809,0,0,0,0
star_plus_co_independent,147,1,0,-0.04068716902,0.9970977371,0.2788180992,4,0.02554365379,1.463543556,0.3295401537,21.99844673,20.53490317,1.860722796,0.01593625498,0,0
star_plus_co_independent,147,1,1,-0.1304856826,0.951186352,0.01154190646,4,0.02554365379,1.463543556,0.3295401537,21.99844673,20.53490317,1.860722796,0.01593625498,0,0
star_plus_co_independent,147,2,0,0.1007402169,0.9994378474,0.2968947726,3,1.502329821,86.07715819,0.5549908727,85.78460886,0.292549329,1.379865654,0.01593625498,0,0
star_plus_co_independent,147,2,1,0.115233303,0.9170605976,0.01319714044,3,1.502329821,86.07715819,0.5549908727,85.78460886,0.292549329,1.379865654,0.01593625498,0,0
star_co_plus_hi_ctl49,147,1,0,-0.04405660789,0.9970977371,0.2788180992,4,0.02554365379,1.463543556,0.3295401537,21.99844673,20.53490317,1.860722796,0.01593625498,0,0
star_co_plus_hi_ctl49,147,1,1,-0.1317490584,0.951186352,0.01154190646,4,0.02554365379,1.463543556,0.3295401537,21.99844673,20.53490317,1.860722796,0.01593625498,0,0
star_co_plus_hi_ctl49,147,2,0,0.1031370379,0.9994378474,0.2968947726,3,1.502329821,86.07715819,0.5549908727,85.78460886,0.292549329,1.379865654,0.01593625498,0,0
star_co_plus_hi_ctl49,147,2,1,0.1165829319,0.9170605976,0.01319714044,3,1.502329821,86.07715819,0.5549908727,85.78460886,0.292549329,1.379865654,0.01593625498,0,0
star_only,148,1,0,0.01441412866,0.9946055172,0.3711728954,3,0.1624306986,9.306593494,0.3278486798,31.98710511,22.68051162,5.982327142,0,0,0
star_only,148,1,1,-0.01677193933,0.9996466522,0.02049354173,3,0.1624306986,9.306593494,0.3278486798,31.98710511,22.68051162,5.982327142,0,0,0
star_only,148,2,0,0.1004837871,0.9139872098,0.2417337649,3,1.517663135,86.95569238,0.5611158171,86.11084002,0.8448523649,2.258399849,0,0,0
star_only,148,2,1,0.1875952293,0.8533120287,0.009711264225,3,1.517663135,86.95569238,0.5611158171,86.11084002,0.8448523649,2.258399849,0,0,0
co_independent_only,148,1,0,-0.003046572185,0.9994083952,0.2668767912,3,0.05801939305,3.324266351,0.3059391657,24.25103506,20.92676871,0,0,0.003414911781,0
co_independent_only,148,1,1,-0.07013298735,0.9825181207,0.01093197731,3,0.05801939305,3.324266351,0.3059391657,24.25103506,20.92676871,0,0,0.003414911781,0
co_independent_only,148,2,0,0.08540909037,0.9790048247,0.2436816581,3,1.478246622,84.69729254,0.5406907208,84.33190025,0.3653922809,0,0,0.003414911781,0
co_independent_only,148,2,1,0.1310755922,0.9783568095,0.0150861345,3,1.478246622,84.69729254,0.5406907208,84.33190025,0.3653922809,0,0,0.003414911781,0
star_plus_co_independent,148,1,0,0.0137538446,0.9946055172,0.3711728954,3,0.1624306986,9.306593494,0.3278486798,31.98710511,22.68051162,5.982327142,0,0.003414911781,0
star_plus_co_independent,148,1,1,-0.01939347995,0.9996466522,0.02049354173,3,0.1624306986,9.306593494,0.3278486798,31.98710511,22.68051162,5.982327142,0,0.003414911781,0
star_plus_co_independent,148,2,0,0.08276606239,0.9139872098,0.2417337649,3,1.517663135,86.95569238,0.5611158171,86.11084002,0.8448523649,2.258399849,0,0.003414911781,0
star_plus_co_independent,148,2,1,0.1778178038,0.8533120287,0.009711264225,3,1.517663135,86.95569238,0.5611158171,86.11084002,0.8448523649,2.258399849,0,0.003414911781,0
star_co_plus_hi_ctl49,148,1,0,0.01373365534,0.9946055172,0.3711728954,3,0.1624306986,9.306593494,0.3278486798,31.98710511,22.68051162,5.982327142,0,0.003414911781,0
star_co_plus_hi_ctl49,148,1,1,-0.01731472706,0.9996466522,0.02049354173,3,0.1624306986,9.306593494,0.3278486798,31.98710511,22.68051162,5.982327142,0,0.003414911781,0
star_co_plus_hi_ctl49,148,2,0,0.08062221119,0.9139872098,0.2417337649,3,1.517663135,86.95569238,0.5611158171,86.11084002,0.8448523649,2.258399849,0,0.003414911781,0
star_co_plus_hi_ctl49,148,2,1,0.1706984809,0.8533120287,0.009711264225,3,1.517663135,86.95569238,0.5611158171,86.11084002,0.8448523649,2.258399849,0,0.003414911781,0
star_only,149,1,0,-0.05554553131,0.999994852,0.4542187107,4,0.01313060909,0.7523284832,0.4480799456,15.61320275,14.86087426,2.571937868,0,0,0
star_only,149,1,1,-0.09208277928,0.9881291063,0.01400026869,4,0.01313060909,0.7523284832,0.4480799456,15.61320275,14.86087426,2.571937868,0,0,0
star_only,149,2,0,0.1173397834,0.9785378111,0.4428770346,4,1.463096753,83.82926899,0.5505778096,83.63303232,0.1962366652,0.8680235449,0,0,0
star_only,149,2,1,0.1760219379,0.9193642316,0.02180936746,4,1.463096753,83.82926899,0.5505778096,83.63303232,0.1962366652,0.8680235449,0,0,0
co_independent_only,149,1,0,-0.01522676053,0.9994083952,0.2668767912,3,0.05801939305,3.324266351,0.3059391657,24.25103506,20.92676871,0,0,0.01081388731,0
co_independent_only,149,1,1,-0.0593687834,0.9825181207,0.01093197731,3,0.05801939305,3.324266351,0.3059391657,24.25103506,20.92676871,0,0,0.01081388731,0
co_independent_only,149,2,0,0.1002148924,0.9790048247,0.2436816581,3,1.478246622,84.69729254,0.5406907208,84.33190025,0.3653922809,0,0,0.01081388731,0
co_independent_only,149,2,1,0.1293883328,0.9783568095,0.0150861345,3,1.478246622,84.69729254,0.5406907208,84.33190025,0.3653922809,0,0,0.01081388731,0
star_plus_co_independent,149,1,0,-0.05993612056,0.999994852,0.4542187107,4,0.01313060909,0.7523284832,0.4480799456,15.61320275,14.86087426,2.571937868,0,0.01081388731,0
star_plus_co_independent,149,1,1,-0.08413611816,0.9881291063,0.01400026869,4,0.01313060909,0.7523284832,0.4480799456,15.61320275,14.86087426,2.571937868,0,0.01081388731,0
star_plus_co_independent,149,2,0,0.1129790788,0.9785378111,0.4428770346,4,1.463096753,83.82926899,0.5505778096,83.63303232,0.1962366652,0.8680235449,0,0.01081388731,0
star_plus_co_independent,149,2,1,0.1672905446,0.9193642316,0.02180936746,4,1.463096753,83.82926899,0.5505778096,83.63303232,0.1962366652,0.8680235449,0,0.01081388731,0
star_co_plus_hi_ctl49,149,1,0,-0.05926178948,0.999994852,0.4542187107,4,0.01313060909,0.7523284832,0.4480799456,15.61320275,14.86087426,2.571937868,0,0.01081388731,0
star_co_plus_hi_ctl49,149,1,1,-0.08482690636,0.9881291063,0.01400026869,4,0.01313060909,0.7523284832,0.4480799456,15.61320275,14.86087426,2.571937868,0,0.01081388731,0
star_co_plus_hi_ctl49,149,2,0,0.1083829718,0.9785378111,0.4428770346,4,1.463096753,83.82926899,0.5505778096,83.63303232,0.1962366652,0.8680235449,0,0.01081388731,0
star_co_plus_hi_ctl49,149,2,1,0.1679305942,0.9193642316,0.02180936746,4,1.463096753,83.82926899,0.5505778096,83.63303232,0.1962366652,0.8680235449,0,0.01081388731,0
star_only,150,1,0,-0.02940737648,0.9951357612,0.2006671929,3,0.03367310998,1.929327085,0.2895853304,22.28575449,20.35642741,1.394939266,0,0,0
star_only,150,1,1,-0.1271530577,0.839353291,0.008821428749,3,0.03367310998,1.929327085,0.2895853304,22.28575449,20.35642741,1.394939266,0,0,0
star_only,150,2,0,0.1026002848,0.999078234,0.212584032,3,1.513644337,86.72543217,0.4951584026,85.95574818,0.7696839867,2.028139632,0,0,0
star_only,150,2,1,0.1341128982,0.9330053131,0.0101360279,3,1.513644337,86.72543217,0.4951584026,85.95574818,0.7696839867,2.028139632,0,0,0
co_independent_only,150,1,0,-0.006149806424,0.9994083952,0.2668767912,3,0.05801939305,3.324266351,0.3059391657,24.25103506,20.92676871,0,0,0.003984063745,0
co_independent_only,150,1,1,-0.07139996334,0.9825181207,0.01093197731,3,0.05801939305,3.324266351,0.3059391657,24.25103506,20.92676871,0,0,0.003984063745,0
co_independent_only,150,2,0,0.1118394729,0.9790048247,0.2436816581,3,1.478246622,84.69729254,0.5406907208,84.33190025,0.3653922809,0,0,0.003984063745,0
co_independent_only,150,2,1,0.1430880748,0.9783568095,0.0150861345,3,1.478246622,84.69729254,0.5406907208,84.33190025,0.3653922809,0,0,0.003984063745,0
star_plus_co_independent,150,1,0,-0.03206358548,0.9951357612,0.2006671929,3,0.03367310998,1.929327085,0.2895853304,22.28575449,20.35642741,1.394939266,0,0.003984063745,0
star_plus_co_independent,150,1,1,-0.1292015539,0.839353291,0.008821428749,3,0.03367310998,1.929327085,0.2895853304,22.28575449,20.35642741,1.394939266,0,0.003984063745,0
star_plus_co_independent,150,2,0,0.116219444,0.999078234,0.212584032,3,1.513644337,86.72543217,0.4951584026,85.95574818,0.7696839867,2.028139632,0,0.003984063745,0
star_plus_co_independent,150,2,1,0.138447318,0.9330053131,0.0101360279,3,1.513644337,86.72543217,0.4951584026,85.95574818,0.7696839867,2.028139632,0,0.003984063745,0
star_co_plus_hi_ctl49,150,1,0,-0.02537740561,0.9951357612,0.2006671929,3,0.03367310998,1.929327085,0.2895853304,22.28575449,20.35642741,1.394939266,0,0.003984063745,0
star_co_plus_hi_ctl49,150,1,1,-0.119393502,0.839353291,0.008821428749,3,0.03367310998,1.929327085,0.2895853304,22.28575449,20.35642741,1.394939266,0,0.003984063745,0
star_co_plus_hi_ctl49,150,2,0,0.1198277492,0.999078234,0.212584032,3,1.513644337,86.72543217,0.4951584026,85.95574818,0.7696839867,2.028139632,0,0.003984063745,0
star_co_plus_hi_ctl49,150,2,1,0.134260879,0.9330053131,0.0101360279,3,1.513644337,86.72543217,0.4951584026,85.95574818,0.7696839867,2.028139632,0,0.003984063745,0
star_only,151,1,0,0.02595322798,0.9945828942,0.373343039,3,0.1568286237,8.985618246,0.3428112567,28.40986111,19.42424286,5.661351895,0.02618099032,0,0
star_only,151,1,1,0.0002705526216,0.9069803142,0.01644704631,3,0.1568286237,8.985618246,0.3428112567,28.40986111,19.42424286,5.661351895,0.02618099032,0,0
star_only,151,2,0,0.1093640636,0.9146797417,0.2859455842,4,1.430971758,81.98864236,0.5128635196,81.95849712,0.03014523847,2.708650173,0.02618099032,0,0
star_only,151,2,1,0.1262574523,0.8683727284,0.0112291581,4,1.430971758,81.98864236,0.5128635196,81.95849712,0.03014523847,2.708650173,0.02618099032,0,0
co_independent_only,151,1,0,-0.0089895504,0.9994083952,0.2668767912,3,0.05801939305,3.324266351,0.3059391657,24.25103506,20.92676871,0,0,0.003984063745,0
co_independent_only,151,1,1,-0.07900335012,0.9825181207,0.01093197731,3,0.05801939305,3.324266351,0.3059391657,24.25103506,20.92676871,0,0,0.003984063745,0
co_independent_only,151,2,0,0.1109749339,0.9790048247,0.2436816581,3,1.478246622,84.69729254,0.5406907208,84.33190025,0.3653922809,0,0,0.003984063745,0
co_independent_only,151,2,1,0.1489743691,0.9783568095,0.0150861345,3,1.478246622,84.69729254,0.5406907208,84.33190025,0.3653922809,0,0,0.003984063745,0
star_plus_co_independent,151,1,0,0.0245347182,0.9945828942,0.373343039,3,0.1568286237,8.985618246,0.3428112567,28.40986111,19.42424286,5.661351895,0.02618099032,0.003984063745,0
star_plus_co_independent,151,1,1,-0.008390990304,0.9069803142,0.01644704631,3,0.1568286237,8.985618246,0.3428112567,28.40986111,19.42424286,5.661351895,0.02618099032,0.003984063745,0
star_plus_co_independent,151,2,0,0.1152156164,0.9146797417,0.2859455842,4,1.430971758,81.98864236,0.5128635196,81.95849712,0.03014523847,2.708650173,0.02618099032,0.003984063745,0
star_plus_co_independent,151,2,1,0.1337027787,0.8683727284,0.0112291581,4,1.430971758,81.98864236,0.5128635196,81.95849712,0.03014523847,2.708650173,0.02618099032,0.003984063745,0
star_co_plus_hi_ctl49,151,1,0,0.02777833706,0.9945828942,0.373343039,3,0.1568286237,8.985618246,0.3428112567,28.40986111,19.42424286,5.661351895,0.02618099032,0.003984063745,0
star_co_plus_hi_ctl49,151,1,1,-0.01588775214,0.9069803142,0.01644704631,3,0.1568286237,8.985618246,0.3428112567,28.40986111,19.42424286,5.661351895,0.02618099032,0.003984063745,0
star_co_plus_hi_ctl49,151,2,0,0.1197811374,0.9146797417,0.2859455842,4,1.430971758,81.98864236,0.5128635196,81.95849712,0.03014523847,2.708650173,0.02618099032,0.003984063745,0
star_co_plus_hi_ctl49,151,2,1,0.1387984629,0.8683727284,0.0112291581,4,1.430971758,81.98864236,0.5128635196,81.95849712,0.03014523847,2.708650173,0.02618099032,0.003984063745,0
star_only,152,1,0,-0.07485013946,0.98936074,0.3131288813,3,-0.05681603398,-3.255318955,0.3912539418,12.39103259,15.64635155,6.579585307,0,0,0
star_only,152,1,1,-0.09961661296,0.976873783,0.01562628844,3,-0.05681603398,-3.255318955,0.3912539418,12.39103259,15.64635155,6.579585307,0,0,0
star_only,152,2,0,0.1156876379,0.9993309793,0.3420459302,4,1.464270141,83.89649915,0.5200355264,83.76702523,0.1294739159,0.8007933885,0,0,0
star_only,152,2,1,0.1486452203,0.9760665976,0.02185636222,4,1.464270141,83.89649915,0.5200355264,83.76702523,0.1294739159,0.8007933885,0,0,0
co_independent_only,152,1,0,-0.005501665455,0.9994083952,0.2668767912,3,0.05801939305,3.324266351,0.3059391657,24.25103506,20.92676871,0,0,0.001138303927,0
co_independent_only,152,1,1,-0.06760364986,0.9825181207,0.01093197731,3,0.05801939305,3.324266351,0.3059391657,24.25103506,20.92676871,0,0,0.001138303927,0
co_independent_only,152,2,0,0.1014148311,0.9790048247,0.2436816581,3,1.478246622,84.69729254,0.5406907208,84.33190025,0.3653922809,0,0,0.001138303927,0
co_independent_only,152,2,1,0.1380740518,0.9783568095,0.0150861345,3,1.478246622,84.69729254,0.5406907208,84.33190025,0.3653922809,0,0,0.001138303927,0
star_plus_co_independent,152,1,0,-0.07339024102,0.98936074,0.3131288813,3,-0.05681603398,-3.255318955,0.3912539418,12.39103259,15.64635155,6.579585307,0,0.001138303927,0
star_plus_co_independent,152,1,1,-0.09873510398,0.976873783,0.01562628844,3,-0.05681603398,-3.255318955,0.3912539418,12.39103259,15.64635155,6.579585307,0,0.001138303927,0
star_plus_co_independent,152,2,0,0.1121273263,0.9993309793,0.3420459302,4,1.464270141,83.89649915,0.5200355264,83.76702523,0.1294739159,0.8007933885,0,0.001138303927,0
star_plus_co_independent,152,2,1,0.1431385262,0.9760665976,0.02185636222,4,1.464270141,83.89649915,0.5200355264,83.76702523,0.1294739159,0.8007933885,0,0.001138303927,0
star_co_plus_hi_ctl49,152,1,0,-0.06751322577,0.98936074,0.3131288813,3,-0.05681603398,-3.255318955,0.3912539418,12.39103259,15.64635155,6.579585307,0,0.001138303927,0
star_co_plus_hi_ctl49,152,1,1,-0.09135875452,0.976873783,0.01562628844,3,-0.05681603398,-3.255318955,0.3912539418,12.39103259,15.64635155,6.579585307,0,0.001138303927,0
star_co_plus_hi_ctl49,152,2,0,0.1090098182,0.9993309793,0.3420459302,4,1.464270141,83.89649915,0.5200355264,83.76702523,0.1294739159,0.8007933885,0,0.001138303927,0
star_co_plus_hi_ctl49,152,2,1,0.1404339436,0.9760665976,0.02185636222,4,1.464270141,83.89649915,0.5200355264,83.76702523,0.1294739159,0.8007933885,0,0.001138303927,0
star_only,153,1,0,-0.1520582376,0.9998327156,0.3026103423,4,-0.1975387488,-11.3181366,0.2903710356,6.406164335,17.72430093,14.64240295,0,0,0
star_only,153,1,1,-0.2159630144,0.9341912977,0.0104106462,4,-0.1975387488,-11.3181366,0.2903710356,6.406164335,17.72430093,14.64240295,0,0,0
star_only,153,2,0,0.0900063186,0.9302918475,0.2280577498,3,1.490835013,85.41855419,0.5445648004,84.71299222,0.7055619624,0.7212616514,0,0,0
star_only,153,2,1,0.08230247143,0.9195820936,0.01029553925,3,1.490835013,85.41855419,0.5445648004,84.71299222,0.7055619624,0.7212616514,0,0,0
co_independent_only,153,1,0,-0.01189439535,0.9994083952,0.2668767912,3,0.05801939305,3.324266351,0.3059391657,24.25103506,20.92676871,0,0,0.002845759818,0
co_independent_only,153,1,1,-0.07686187225,0.9825181207,0.01093197731,3,0.05801939305,3.324266351,0.3059391657,24.25103506,20.92676871,0,0,0.002845759818,0
co_independent_only,153,2,0,0.09595868572,0.9790048247,0.2436816581,3,1.478246622,84.69729254,0.5406907208,84.33190025,0.3653922809,0,0,0.002845759818,0
co_independent_only,153,2,1,0.1403823442,0.9783568095,0.0150861345,3,1.478246622,84.69729254,0.5406907208,84.33190025,0.3653922809,0,0,0.002845759818,0
star_plus_co_independent,153,1,0,-0.1353108152,0.9998327156,0.3026103423,4,-0.1975387488,-11.3181366,0.2903710356,6.406164335,17.72430093,14.64240295,0,0.002845759818,0
star_plus_co_independent,153,1,1,-0.2117695928,0.9341912977,0.0104106462,4,-0.1975387488,-11.3181366,0.2903710356,6.406164335,17.72430093,14.64240295,0,0.002845759818,0
star_plus_co_independent,153,2,0,0.08668413895,0.9302918475,0.2280577498,3,1.490835013,85.41855419,0.5445648004,84.71299222,0.7055619624,0.7212616514,0,0.002845759818,0
star_plus_co_independent,153,2,1,0.08829852512,0.9195820936,0.01029553925,3,1.490835013,85.41855419,0.5445648004,84.71299222,0.7055619624,0.7212616514,0,0.002845759818,0
star_co_plus_hi_ctl49,153,1,0,-0.1332681964,0.9998327156,0.3026103423,4,-0.1975387488,-11.3181366,0.2903710356,6.406164335,17.72430093,14.64240295,0,0.002845759818,0
star_co_plus_hi_ctl49,153,1,1,-0.2096303018,0.9341912977,0.0104106462,4,-0.1975387488,-11.3181366,0.2903710356,6.406164335,17.72430093,14.64240295,0,0.002845759818,0
star_co_plus_hi_ctl49,153,2,0,0.08902736788,0.9302918475,0.2280577498,3,1.490835013,85.41855419,0.5445648004,84.71299222,0.7055619624,0.7212616514,0,0.002845759818,0
star_co_plus_hi_ctl49,153,2,1,0.09085575438,0.9195820936,0.01029553925,3,1.490835013,85.41855419,0.5445648004,84.71299222,0.7055619624,0.7212616514,0,0.002845759818,0
star_only,154,1,0,0.07627662892,0.9799725437,0.9377440412,3,0.5174823193,29.64955287,0.3796423412,45.9424187,16.29286583,26.32528652,0.005691519636,0,0
star_only,154,1,1,0.01156482167,0.8797409495,0.02392344836,3,0.5174823193,29.64955287,0.3796423412,45.9424187,16.29286583,26.32528652,0.005691519636,0,0
star_only,154,2,0,0.09989751721,0.5987535476,0.2539689057,3,1.526615448,87.4686221,0.5782883251,85.76163546,1.706986639,2.771329562,0.005691519636,0,0
star_only,154,2,1,0.2931269794,0.9870614431,0.0136500427,3,1.526615448,87.4686221,0.5782883251,85.76163546,1.706986639,2.771329562,0.005691519636,0,0
co_independent_only,154,1,0,-0.00655449255,0.9994083952,0.2668767912,3,0.05801939305,3.324266351,0.3059391657,24.25103506,20.92676871,0,0,0.00796812749,0
co_independent_only,154,1,1,-0.07184080776,0.9825181207,0.01093197731,3,0.05801939305,3.324266351,0.3059391657,24.25103506,20.92676871,0,0,0.00796812749,0
co_independent_only,154,2,0,0.1105557336,0.9790048247,0.2436816581,3,1.478246622,84.69729254,0.5406907208,84.33190025,0.3653922809,0,0,0.00796812749,0
co_independent_only,154,2,1,0.1440438856,0.9783568095,0.0150861345,3,1.478246622,84.69729254,0.5406907208,84.33190025,0.3653922809,0,0,0.00796812749,0
star_plus_co_independent,154,1,0,0.08507439349,0.9799725437,0.9377440412,3,0.5174823193,29.64955287,0.3796423412,45.9424187,16.29286583,26.32528652,0.005691519636,0.00796812749,0
star_plus_co_independent,154,1,1,0.01384734461,0.8797409495,0.02392344836,3,0.5174823193,29.64955287,0.3796423412,45.9424187,16.29286583,26.32528652,0.005691519636,0.00796812749,0
star_plus_co_independent,154,2,0,0.1105865366,0.5987535476,0.2539689057,3,1.526615448,87.4686221,0.5782883251,85.76163546,1.706986639,2.771329562,0.005691519636,0.00796812749,0
star_plus_co_independent,154,2,1,0.3010213537,0.9870614431,0.0136500427,3,1.526615448,87.4686221,0.5782883251,85.76163546,1.706986639,2.771329562,0.005691519636,0.00796812749,0
star_co_plus_hi_ctl49,154,1,0,0.08545572903,0.9799725437,0.9377440412,3,0.5174823193,29.64955287,0.3796423412,45.9424187,16.29286583,26.32528652,0.005691519636,0.00796812749,0
star_co_plus_hi_ctl49,154,1,1,0.01568089233,0.8797409495,0.02392344836,3,0.5174823193,29.64955287,0.3796423412,45.9424187,16.29286583,26.32528652,0.005691519636,0.00796812749,0
star_co_plus_hi_ctl49,154,2,0,0.1049150183,0.5987535476,0.2539689057,3,1.526615448,87.4686221,0.5782883251,85.76163546,1.706986639,2.771329562,0.005691519636,0.00796812749,0
star_co_plus_hi_ctl49,154,2,1,0.2954815996,0.9870614431,0.0136500427,3,1.526615448,87.4686221,0.5782883251,85.76163546,1.706986639,2.771329562,0.005691519636,0.00796812749,0
star_only,155,1,0,0.005650555064,0.9938850231,0.354950563,3,0.1335863781,7.653935664,0.3300807758,26.26353783,18.60960217,4.329669312,0,0,0
star_only,155,1,1,-0.008875691422,0.9182096453,0.01459802513,3,0.1335863781,7.653935664,0.3300807758,26.26353783,18.60960217,4.329669312,0,0,0
star_only,155,2,0,0.1108797202,0.9606879941,0.2669079993,3,1.471215395,84.29443291,0.5169843762,84.27981718,0.0146157212,0.4028596296,0,0,0
star_only,155,2,1,0.1528769479,0.9926158554,0.01825105129,3,1.471215395,84.29443291,0.5169843762,84.27981718,0.0146157212,0.4028596296,0,0,0
co_independent_only,155,1,0,-0.004701775868,0.9994083952,0.2668767912,3,0.05801939305,3.324266351,0.3059391657,24.25103506,20.92676871,0,0,0,0
co_independent_only,155,1,1,-0.07376025071,0.9825181207,0.01093197731,3,0.05801939305,3.324266351,0.3059391657,24.25103506,20.92676871,0,0,0,0
co_independent_only,155,2,0,0.1053820808,0.9790048247,0.2436816581,3,1.478246622,84.69729254,0.5406907208,84.33190025,0.3653922809,0,0,0,0
co_independent_only,155,2,1,0.1457308687,0.9783568095,0.0150861345,3,1.478246622,84.69729254,0.5406907208,84.33190025,0.3653922809,0,0,0,0
star_plus_co_independent,155,1,0,0.005984462693,0.9938850231,0.354950563,3,0.1335863781,7.653935664,0.3300807758,26.26353783,18.60960217,4.329669312,0,0,0
star_plus_co_independent,155,1,1,-0.01189389732,0.9182096453,0.01459802513,3,0.1335863781,7.653935664,0.3300807758,26.26353783,18.60960217,4.329669312,0,0,0
star_plus_co_independent,155,2,0,0.1147256908,0.9606879941,0.2669079993,3,1.471215395,84.29443291,0.5169843762,84.27981718,0.0146157212,0.4028596296,0,0,0
star_plus_co_independent,155,2,1,0.1596524731,0.9926158554,0.01825105129,3,1.471215395,84.29443291,0.5169843762,84.27981718,0.0146157212,0.4028596296,0,0,0
star_co_plus_hi_ctl49,155,1,0,0.005223293116,0.9938850231,0.354950563,3,0.1335863781,7.653935664,0.3300807758,26.26353783,18.60960217,4.329669312,0,0,0
star_co_plus_hi_ctl49,155,1,1,-0.008413436852,0.9182096453,0.01459802513,3,0.1335863781,7.653935664,0.3300807758,26.26353783,18.60960217,4.329669312,0,0,0
star_co_plus_hi_ctl49,155,2,0,0.112930723,0.9606879941,0.2669079993,3,1.471215395,84.29443291,0.5169843762,84.27981718,0.0146157212,0.4028596296,0,0,0
star_co_plus_hi_ctl49,155,2,1,0.147369726,0.9926158554,0.01825105129,3,1.471215395,84.29443291,0.5169843762,84.27981718,0.0146157212,0.4028596296,0,0,0
star_only,156,1,0,-0.0667464444,0.9975408775,0.3692918486,3,0.06354405867,3.640806375,0.4340682766,20.09756463,16.45675825,0.3165400235,0.005122367672,0,0
star_only,156,1,1,-0.1564189424,0.9500564522,0.0128412351,3,0.06354405867,3.640806375,0.4340682766,20.09756463,16.45675825,0.3165400235,0.005122367672,0,0
star_only,156,2,0,0.09013931442,0.9958566684,0.3923389539,3,1.532536958,87.80789962,0.4636060784,86.61152817,1.196371451,3.110607088,0.005122367672,0,0
star_only,156,2,1,0.1853432298,0.9423560812,0.01384427348,3,1.532536958,87.80789962,0.4636060784,86.61152817,1.196371451,3.110607088,0.005122367672,0,0
co_independent_only,156,1,0,0.004671593102,0.9994083952,0.2668767912,3,0.05801939305,3.324266351,0.3059391657,24.25103506,20.92676871,0,0,0.001707455891,0
co_independent_only,156,1,1,-0.06095475303,0.9825181207,0.01093197731,3,0.05801939305,3.324266351,0.3059391657,24.25103506,20.92676871,0,0,0.001707455891,0
co_independent_only,156,2,0,0.08872643787,0.9790048247,0.2436816581,3,1.478246622,84.69729254,0.5406907208,84.33190025,0.3653922809,0,0,0.001707455891,0
co_independent_only,156,2,1,0.1274909123,0.9783568095,0.0150861345,3,1.478246622,84.69729254,0.5406907208,84.33190025,0.3653922809,0,0,0.001707455891,0
star_plus_co_independent,156,1,0,-0.05548452199,0.9975408775,0.3692918486,3,0.06354405867,3.640806375,0.4340682766,20.09756463,16.45675825,0.3165400235,0.005122367672,0.001707455891,0
star_plus_co_independent,156,1,1,-0.1500595899,0.9500564522,0.0128412351,3,0.06354405867,3.640806375,0.4340682766,20.09756463,16.45675825,0.3165400235,0.005122367672,0.001707455891,0
star_plus_co_independent,156,2,0,0.07785762692,0.9958566684,0.3923389539,3,1.532536958,87.80789962,0.4636060784,86.61152817,1.196371451,3.110607088,0.005122367672,0.001707455891,0
star_plus_co_independent,156,2,1,0.1739143899,0.9423560812,0.01384427348,3,1.532536958,87.80789962,0.4636060784,86.61152817,1.196371451,3.110607088,0.005122367672,0.001707455891,0
star_co_plus_hi_ctl49,156,1,0,-0.04923471464,0.9975408775,0.3692918486,3,0.06354405867,3.640806375,0.4340682766,20.09756463,16.45675825,0.3165400235,0.005122367672,0.001707455891,0
star_co_plus_hi_ctl49,156,1,1,-0.1487689591,0.9500564522,0.0128412351,3,0.06354405867,3.640806375,0.4340682766,20.09756463,16.45675825,0.3165400235,0.005122367672,0.001707455891,0
star_co_plus_hi_ctl49,156,2,0,0.07541480355,0.9958566684,0.3923389539,3,1.532536958,87.80789962,0.4636060784,86.61152817,1.196371451,3.110607088,0.005122367672,0.001707455891,0
star_co_plus_hi_ctl49,156,2,1,0.1709412534,0.9423560812,0.01384427348,3,1.532536958,87.80789962,0.4636060784,86.61152817,1.196371451,3.110607088,0.005122367672,0.001707455891,0
star_only,157,1,0,-0.04853867546,0.9999342824,0.2915583754,3,0.04785468157,2.741871284,0.3454292817,20.82054871,18.07867742,0.5823950673,0.01024473534,0,0
star_only,157,1,1,-0.08682032939,0.9254785409,0.008906626205,3,0.04785468157,2.741871284,0.3454292817,20.82054871,18.07867742,0.5823950673,0.01024473534,0,0
star_only,157,2,0,0.09595069017,0.9995476364,0.2926829209,3,1.513467293,86.7152883,0.5186744555,86.51116228,0.2041260161,2.017995764,0.01024473534,0,0
star_only,157,2,1,0.09911270474,0.8985548224,0.008955629968,3,1.513467293,86.7152883,0.5186744555,86.51116228,0.2041260161,2.017995764,0.01024473534,0,0
co_independent_only,157,1,0,-0.005786637131,0.9994083952,0.2668767912,3,0.05801939305,3.324266351,0.3059391657,24.25103506,20.92676871,0,0,0.003414911781,0
co_independent_only,157,1,1,-0.0647943504,0.9825181207,0.01093197731,3,0.05801939305,3.324266351,0.3059391657,24.25103506,20.92676871,0,0,0.003414911781,0
co_independent_only,157,2,0,0.09196463955,0.9790048247,0.2436816581,3,1.478246622,84.69729254,0.5406907208,84.33190025,0.3653922809,0,0,0.003414911781,0
co_independent_only,157,2,1,0.1316819655,0.9783568095,0.0150861345,3,1.478246622,84.69729254,0.5406907208,84.33190025,0.3653922809,0,0,0.003414911781,0
star_plus_co_independent,157,1,0,-0.04444867687,0.9999342824,0.2915583754,3,0.04785468157,2.741871284,0.3454292817,20.82054871,18.07867742,0.5823950673,0.01024473534,0.003414911781,0
star_plus_co_independent,157,1,1,-0.08416125734,0.9254785409,0.008906626205,3,0.04785468157,2.741871284,0.3454292817,20.82054871,18.07867742,0.5823950673,0.01024473534,0.003414911781,0
star_plus_co_independent,157,2,0,0.08780633088,0.9995476364,0.2926829209,3,1.513467293,86.7152883,0.5186744555,86.51116228,0.2041260161,2.017995764,0.01024473534,0.003414911781,0
star_plus_co_independent,157,2,1,0.0940664166,0.8985548224,0.008955629968,3,1.513467293,86.7152883,0.5186744555,86.51116228,0.2041260161,2.017995764,0.01024473534,0.003414911781,0
star_co_plus_hi_ctl49,157,1,0,-0.04811210943,0.9999342824,0.2915583754,3,0.04785468157,2.741871284,0.3454292817,20.82054871,18.07867742,0.5823950673,0.01024473534,0.003414911781,0
star_co_plus_hi_ctl49,157,1,1,-0.08641151981,0.9254785409,0.008906626205,3,0.04785468157,2.741871284,0.3454292817,20.82054871,18.07867742,0.5823950673,0.01024473534,0.003414911781,0
star_co_plus_hi_ctl49,157,2,0,0.09646619816,0.9995476364,0.2926829209,3,1.513467293,86.7152883,0.5186744555,86.51116228,0.2041260161,2.017995764,0.01024473534,0.003414911781,0
star_co_plus_hi_ctl49,157,2,1,0.09989495907,0.8985548224,0.008955629968,3,1.513467293,86.7152883,0.5186744555,86.51116228,0.2041260161,2.017995764,0.01024473534,0.003414911781,0
star_only,158,1,0,-0.07539319211,0.9799126421,0.1797633621,3,-0.06737092403,-3.860069609,0.2789139298,20.10290157,23.96297118,7.18433596,0,0,0
star_only,158,1,1,-0.02843601453,0.8936300963,0.01180064398,3,-0.06737092403,-3.860069609,0.2789139298,20.10290157,23.96297118,7.18433596,0,0,0
star_only,158,2,0,0.1066112633,0.9993598461,0.1746528636,3,1.47543198,84.53602543,0.5329018436,84.32276641,0.2132590276,0.1612671002,0,0,0
star_only,158,2,1,0.1116710922,0.9383724747,0.0147484485,3,1.47543198,84.53602543,0.5329018436,84.32276641,0.2132590276,0.1612671002,0,0,0
co_independent_only,158,1,0,-0.01770914997,0.9994083952,0.2668767912,3,0.05801939305,3.324266351,0.3059391657,24.25103506,20.92676871,0,0,0.003984063745,0
co_independent_only,158,1,1,-0.06968589936,0.9825181207,0.01093197731,3,0.05801939305,3.324266351,0.3059391657,24.25103506,20.92676871,0,0,0.003984063745,0
co_independent_only,158,2,0,0.1120388955,0.9790048247,0.2436816581,3,1.478246622,84.69729254,0.5406907208,84.33190025,0.3653922809,0,0,0.003984063745,0
co_independent_only,158,2,1,0.1439193541,0.9783568095,0.0150861345,3,1.478246622,84.69729254,0.5406907208,84.33190025,0.3653922809,0,0,0.003984063745,0
star_plus_co_independent,158,1,0,-0.08885326173,0.9799126421,0.1797633621,3,-0.06737092403,-3.860069609,0.2789139298,20.10290157,23.96297118,7.18433596,0,0.003984063745,0
star_plus_co_independent,158,1,1,-0.03584383215,0.8936300963,0.01180064398,3,-0.06737092403,-3.860069609,0.2789139298,20.10290157,23.96297118,7.18433596,0,0.003984063745,0
star_plus_co_independent,158,2,0,0.116243516,0.9993598461,0.1746528636,3,1.47543198,84.53602543,0.5329018436,84.32276641,0.2132590276,0.1612671002,0,0.003984063745,0
star_plus_co_independent,158,2,1,0.1170660845,0.9383724747,0.0147484485,3,1.47543198,84.53602543,0.5329018436,84.32276641,0.2132590276,0.1612671002,0,0.003984063745,0
star_co_plus_hi_ctl49,158,1,0,-0.08927923588,0.9799126421,0.1797633621,3,-0.06737092403,-3.860069609,0.2789139298,20.10290157,23.96297118,7.18433596,0,0.003984063745,0
star_co_plus_hi_ctl49,158,1,1,-0.03770772095,0.8936300963,0.01180064398,3,-0.06737092403,-3.860069609,0.2789139298,20.10290157,23.96297118,7.18433596,0,0.003984063745,0
star_co_plus_hi_ctl49,158,2,0,0.115632751,0.9993598461,0.1746528636,3,1.47543198,84.53602543,0.5329018436,84.32276641,0.2132590276,0.1612671002,0,0.003984063745,0
star_co_plus_hi_ctl49,158,2,1,0.1169830545,0.9383724747,0.0147484485,3,1.47543198,84.53602543,0.5329018436,84.32276641,0.2132590276,0.1612671002,0,0.003984063745,0
star_only,159,1,0,-2.370258158e-05,0.9928736885,0.3135680102,3,0.08121209012,4.653110009,0.2906613642,25.90316569,21.25005568,1.328843658,0.001707455891,0,0
star_only,159,1,1,-0.01048158598,0.9995365197,0.0129017446,3,0.08121209012,4.653110009,0.2906613642,25.90316569,21.25005568,1.328843658,0.001707455891,0,0
star_only,159,2,0,0.1085228873,0.9631102868,0.2483991118,3,1.468683259,84.14935221,0.5655034365,84.454878,0.3055257895,0.5479403276,0.001707455891,0,0
star_only,159,2,1,0.1346696704,0.9876774143,0.0149242125,3,1.468683259,84.14935221,0.5655034365,84.454878,0.3055257895,0.5479403276,0.001707455891,0,0
co_independent_only,159,1,0,-0.004002279638,0.9994083952,0.2668767912,3,0.05801939305,3.324266351,0.3059391657,24.25103506,20.92676871,0,0,0.006260671599,0
co_independent_only,159,1,1,-0.05726470003,0.9825181207,0.01093197731,3,0.05801939305,3.324266351,0.3059391657,24.25103506,20.92676871,0,0,0.006260671599,0
co_independent_only,159,2,0,0.09527613512,0.9790048247,0.2436816581,3,1.478246622,84.69729254,0.5406907208,84.33190025,0.3653922809,0,0,0.006260671599,0
co_independent_only,159,2,1,0.1285748732,0.9783568095,0.0150861345,3,1.478246622,84.69729254,0.5406907208,84.33190025,0.3653922809,0,0,0.006260671599,0
star_plus_co_independent,159,1,0,0.0008232730339,0.9928736885,0.3135680102,3,0.08121209012,4.653110009,0.2906613642,25.90316569,21.25005568,1.328843658,0.001707455891,0.006260671599,0
star_plus_co_independent,159,1,1,-0.003928273774,0.9995365197,0.0129017446,3,0.08121209012,4.653110009,0.2906613642,25.90316569,21.25005568,1.328843658,0.001707455891,0.006260671599,0
star_plus_co_independent,159,2,0,0.1014868512,0.9631102868,0.2483991118,3,1.468683259,84.14935221,0.5655034365,84.454878,0.3055257895,0.5479403276,0.001707455891,0.006260671599,0
star_plus_co_independent,159,2,1,0.1249225534,0.9876774143,0.0149242125,3,1.468683259,84.14935221,0.5655034365,84.454878,0.3055257895,0.5479403276,0.001707455891,0.006260671599,0
star_co_plus_hi_ctl49,159,1,0,-0.003471023465,0.9928736885,0.3135680102,3,0.08121209012,4.653110009,0.2906613642,25.90316569,21.25005568,1.328843658,0.001707455891,0.006260671599,0
star_co_plus_hi_ctl49,159,1,1,-0.007537125269,0.9995365197,0.0129017446,3,0.08121209012,4.653110009,0.2906613642,25.90316569,21.25005568,1.328843658,0.001707455891,0.006260671599,0
star_co_plus_hi_ctl49,159,2,0,0.1054398038,0.9631102868,0.2483991118,3,1.468683259,84.14935221,0.5655034365,84.454878,0.3055257895,0.5479403276,0.001707455891,0.006260671599,0
star_co_plus_hi_ctl49,159,2,1,0.1320825958,0.9876774143,0.0149242125,3,1.468683259,84.14935221,0.5655034365,84.454878,0.3055257895,0.5479403276,0.001707455891,0.006260671599,0
star_only,160,1,0,-0.09364016855,0.9858527649,0.294791454,3,-0.05766305388,-3.303849621,0.3278843392,12.8915538,16.19540342,6.628115973,0,0,0
star_only,160,1,1,-0.1272395493,0.9294163144,0.01077289572,3,-0.05766305388,-3.303849621,0.3278843392,12.8915538,16.19540342,6.628115973,0,0,0
star_only,160,2,0,0.09924270273,0.986257112,0.3113571897,3,1.503636368,86.15201779,0.5126498111,85.39014181,0.7618759841,1.454725259,0,0,0
star_only,160,2,1,0.127519709,0.9030520375,0.01166248456,3,1.503636368,86.15201779,0.5126498111,85.39014181,0.7618759841,1.454725259,0,0,0
co_independent_only,160,1,0,-0.0157353722,0.9994083952,0.2668767912,3,0.05801939305,3.324266351,0.3059391657,24.25103506,20.92676871,0,0,0,0
co_independent_only,160,1,1,-0.07815651076,0.9825181207,0.01093197731,3,0.05801939305,3.324266351,0.3059391657,24.25103506,20.92676871,0,0,0,0
co_independent_only,160,2,0,0.1094399842,0.9790048247,0.2436816581,3,1.478246622,84.69729254,0.5406907208,84.33190025,0.3653922809,0,0,0,0
co_independent_only,160,2,1,0.1449136306,0.9783568095,0.0150861345,3,1.478246622,84.69729254,0.5406907208,84.33190025,0.3653922809,0,0,0,0
star_plus_co_independent,160,1,0,-0.1031891332,0.9858527649,0.294791454,3,-0.05766305388,-3.303849621,0.3278843392,12.8915538,16.19540342,6.628115973,0,0,0
star_plus_co_independent,160,1,1,-0.1351463187,0.9294163144,0.01077289572,3,-0.05766305388,-3.303849621,0.3278843392,12.8915538,16.19540342,6.628115973,0,0,0
star_plus_co_independent,160,2,0,0.107817424,0.986257112,0.3113571897,3,1.503636368,86.15201779,0.5126498111,85.39014181,0.7618759841,1.454725259,0,0,0
star_plus_co_independent,160,2,1,0.135051248,0.9030520375,0.01166248456,3,1.503636368,86.15201779,0.5126498111,85.39014181,0.7618759841,1.454725259,0,0,0
star_co_plus_hi_ctl49,160,1,0,-0.1046554269,0.9858527649,0.294791454,3,-0.05766305388,-3.303849621,0.3278843392,12.8915538,16.19540342,6.628115973,0,0,0
star_co_plus_hi_ctl49,160,1,1,-0.1394464617,0.9294163144,0.01077289572,3,-0.05766305388,-3.303849621,0.3278843392,12.8915538,16.19540342,6.628115973,0,0,0
star_co_plus_hi_ctl49,160,2,0,0.1074767608,0.986257112,0.3113571897,3,1.503636368,86.15201779,0.5126498111,85.39014181,0.7618759841,1.454725259,0,0,0
star_co_plus_hi_ctl49,160,2,1,0.1366878543,0.9030520375,0.01166248456,3,1.503636368,86.15201779,0.5126498111,85.39014181,0.7618759841,1.454725259,0,0,0
star_only,161,1,0,0.006214359249,0.9999100556,0.1955499578,3,0.03954815123,2.265942153,0.2117573667,33.10066919,30.83472704,1.058324198,0,0,0
star_only,161,1,1,0.1431718302,0.7423142269,0.006697538246,3,0.03954815123,2.265942153,0.2117573667,33.10066919,30.83472704,1.058324198,0,0,0
star_only,161,2,0,0.1176673831,0.9571610851,0.1360975756,3,1.471466088,84.30879655,0.5446114187,84.88623128,0.5774347369,0.3884959888,0,0,0
star_only,161,2,1,-0.03190795225,0.6309112958,0.008367354441,3,1.471466088,84.30879655,0.5446114187,84.88623128,0.5774347369,0.3884959888,0,0,0
co_independent_only,161,1,0,-0.0168738003,0.9994083952,0.2668767912,3,0.05801939305,3.324266351,0.3059391657,24.25103506,20.92676871,0,0,0.006260671599,0
co_independent_only,161,1,1,-0.0668760645,0.9825181207,0.01093197731,3,0.05801939305,3.324266351,0.3059391657,24.25103506,20.92676871,0,0,0.006260671599,0
co_independent_only,161,2,0,0.1001919987,0.9790048247,0.2436816581,3,1.478246622,84.69729254,0.5406907208,84.33190025,0.3653922809,0,0,0.006260671599,0
co_independent_only,161,2,1,0.1347497447,0.9783568095,0.0150861345,3,1.478246622,84.69729254,0.5406907208,84.33190025,0.3653922809,0,0,0.006260671599,0
star_plus_co_independent,161,1,0,-0.007318496469,0.9999100556,0.1955499578,3,0.03954815123,2.265942153,0.2117573667,33.10066919,30.83472704,1.058324198,0,0.006260671599,0
star_plus_co_independent,161,1,1,0.142301246,0.7423142269,0.006697538246,3,0.03954815123,2.265942153,0.2117573667,33.10066919,30.83472704,1.058324198,0,0.006260671599,0
star_plus_co_independent,161,2,0,0.1133078606,0.9571610851,0.1360975756,3,1.471466088,84.30879655,0.5446114187,84.88623128,0.5774347369,0.3884959888,0,0.006260671599,0
star_plus_co_independent,161,2,1,-0.03762575432,0.6309112958,0.008367354441,3,1.471466088,84.30879655,0.5446114187,84.88623128,0.5774347369,0.3884959888,0,0.006260671599,0
star_co_plus_hi_ctl49,161,1,0,-0.01021244525,0.9999100556,0.1955499578,3,0.03954815123,2.265942153,0.2117573667,33.10066919,30.83472704,1.058324198,0,0.006260671599,0
star_co_plus_hi_ctl49,161,1,1,0.136350735,0.7423142269,0.006697538246,3,0.03954815123,2.265942153,0.2117573667,33.10066919,30.83472704,1.058324198,0,0.006260671599,0
star_co_plus_hi_ctl49,161,2,0,0.1071957517,0.9571610851,0.1360975756,3,1.471466088,84.30879655,0.5446114187,84.88623128,0.5774347369,0.3884959888,0,0.006260671599,0
star_co_plus_hi_ctl49,161,2,1,-0.03337533615,0.6309112958,0.008367354441,3,1.471466088,84.30879655,0.5446114187,84.88623128,0.5774347369,0.3884959888,0,0.006260671599,0
star_only,162,1,0,-0.1047509273,0.9938661884,0.3782205481,3,-0.07310232347,-4.188454608,0.3990088159,10.37250675,14.56096136,7.512720959,0.001138303927,0,0
star_only,162,1,1,-0.1926145118,0.8850296649,0.01417191017,3,-0.07310232347,-4.188454608,0.3990088159,10.37250675,14.56096136,7.512720959,0.001138303927,0,0
star_only,162,2,0,0.08987842395,0.9931626778,0.3709987534,3,1.535723764,87.99049017,0.5169577069,86.82080064,1.169689525,3.293197631,0.001138303927,0,0
star_only,162,2,1,0.1973606619,0.915447984,0.01217561641,3,1.535723764,87.99049017,0.5169577069,86.82080064,1.169689525,3.293197631,0.001138303927,0,0
co_independent_only,162,1,0,-0.01746763625,0.9994083952,0.2668767912,3,0.05801939305,3.324266351,0.3059391657,24.25103506,20.92676871,0,0,0.001138303927,0
co_independent_only,162,1,1,-0.06406672077,0.9825181207,0.01093197731,3,0.05801939305,3.324266351,0.3059391657,24.25103506,20.92676871,0,0,0.001138303927,0
co_independent_only,162,2,0,0.1059936956,0.9790048247,0.2436816581,3,1.478246622,84.69729254,0.5406907208,84.33190025,0.3653922809,0,0,0.001138303927,0
co_independent_only,162,2,1,0.138546798,0.9783568095,0.0150861345,3,1.478246622,84.69729254,0.5406907208,84.33190025,0.3653922809,0,0,0.001138303927,0
star_plus_co_independent,162,1,0,-0.1074345715,0.9938661884,0.3782205481,3,-0.07310232347,-4.188454608,0.3990088159,10.37250675,14.56096136,7.512720959,0.001138303927,0.001138303927,0
star_plus_co_independent,162,1,1,-0.194206497,0.8850296649,0.01417191017,3,-0.07310232347,-4.188454608,0.3990088159,10.37250675,14.56096136,7.512720959,0.001138303927,0.001138303927,0
star_plus_co_independent,162,2,0,0.09330159161,0.9931626778,0.3709987534,3,1.535723764,87.99049017,0.5169577069,86.82080064,1.169689525,3.293197631,0.001138303927,0.001138303927,0
star_plus_co_independent,162,2,1,0.1979815865,0.915447984,0.01217561641,3,1.535723764,87.99049017,0.5169577069,86.82080064,1.169689525,3.293197631,0.001138303927,0.001138303927,0
star_co_plus_hi_ctl49,162,1,0,-0.1131014339,0.9938661884,0.3782205481,3,-0.07310232347,-4.188454608,0.3990088159,10.37250675,14.56096136,7.512720959,0.001138303927,0.001138303927,0
star_co_plus_hi_ctl49,162,1,1,-0.1984919909,0.8850296649,0.01417191017,3,-0.07310232347,-4.188454608,0.3990088159,10.37250675,14.56096136,7.512720959,0.001138303927,0.001138303927,0
star_co_plus_hi_ctl49,162,2,0,0.1006242512,0.9931626778,0.3709987534,3,1.535723764,87.99049017,0.5169577069,86.82080064,1.169689525,3.293197631,0.001138303927,0.001138303927,0
star_co_plus_hi_ctl49,162,2,1,0.2018544907,0.915447984,0.01217561641,3,1.535723764,87.99049017,0.5169577069,86.82080064,1.169689525,3.293197631,0.001138303927,0.001138303927,0
star_only,163,1,0,0.09247339022,0.9668338268,0.8352792035,3,0.4743024934,27.17553108,0.3384099504,46.80909725,19.63356617,23.85126473,0,0,0
star_only,163,1,1,0.05182198971,0.9325131879,0.0217002682,3,0.4743024934,27.17553108,0.3384099504,46.80909725,19.63356617,23.85126473,0,0,0
star_only,163,2,0,0.1083003572,0.6416650573,0.2538524561,3,1.471987781,84.33868736,0.5620594378,83.9459442,0.3927431573,0.3586051767,0,0,0
star_only,163,2,1,0.1757348961,0.9773105609,0.01237289557,3,1.471987781,84.33868736,0.5620594378,83.9459442,0.3927431573,0.3586051767,0,0,0
co_independent_only,163,1,0,-0.01288637881,0.9994083952,0.2668767912,3,0.05801939305,3.324266351,0.3059391657,24.25103506,20.92676871,0,0,0.001707455891,0
co_independent_only,163,1,1,-0.06628256794,0.9825181207,0.01093197731,3,0.05801939305,3.324266351,0.3059391657,24.25103506,20.92676871,0,0,0.001707455891,0
co_independent_only,163,2,0,0.1047721852,0.9790048247,0.2436816581,3,1.478246622,84.69729254,0.5406907208,84.33190025,0.3653922809,0,0,0.001707455891,0
co_independent_only,163,2,1,0.1403661449,0.9783568095,0.0150861345,3,1.478246622,84.69729254,0.5406907208,84.33190025,0.3653922809,0,0,0.001707455891,0
star_plus_co_independent,163,1,0,0.08862642578,0.9668338268,0.8352792035,3,0.4743024934,27.17553108,0.3384099504,46.80909725,19.63356617,23.85126473,0,0.001707455891,0
star_plus_co_independent,163,1,1,0.05443610031,0.9325131879,0.0217002682,3,0.4743024934,27.17553108,0.3384099504,46.80909725,19.63356617,23.85126473,0,0.001707455891,0
star_plus_co_independent,163,2,0,0.1095929901,0.6416650573,0.2538524561,3,1.471987781,84.33868736,0.5620594378,83.9459442,0.3927431573,0.3586051767,0,0.001707455891,0
star_plus_co_independent,163,2,1,0.1761432262,0.9773105609,0.01237289557,3,1.471987781,84.33868736,0.5620594378,83.9459442,0.3927431573,0.3586051767,0,0.001707455891,0
star_co_plus_hi_ctl49,163,1,0,0.07625665712,0.9668338268,0.8352792035,3,0.4743024934,27.17553108,0.3384099504,46.80909725,19.63356617,23.85126473,0,0.001707455891,0
star_co_plus_hi_ctl49,163,1,1,0.05443949754,0.9325131879,0.0217002682,3,0.4743024934,27.17553108,0.3384099504,46.80909725,19.63356617,23.85126473,0,0.001707455891,0
star_co_plus_hi_ctl49,163,2,0,0.1096579235,0.6416650573,0.2538524561,3,1.471987781,84.33868736,0.5620594378,83.9459442,0.3927431573,0.3586051767,0,0.001707455891,0
star_co_plus_hi_ctl49,163,2,1,0.1722343994,0.9773105609,0.01237289557,3,1.471987781,84.33868736,0.5620594378,83.9459442,0.3927431573,0.3586051767,0,0.001707455891,0
star_only,164,1,0,-0.1072382431,0.9947169771,0.2549324646,4,-0.1428317874,-8.183658596,0.3271157208,12.74223835,20.92589694,11.50792495,0.01195219124,0,0
star_only,164,1,1,-0.1704376209,0.9989408199,0.01163126661,4,-0.1428317874,-8.183658596,0.3271157208,12.74223835,20.92589694,11.50792495,0.01195219124,0,0
star_only,164,2,0,0.09305389735,0.9937323158,0.2396250506,4,1.443293714,82.69463839,0.527065607,82.03506228,0.6595761052,2.00265415,0.01195219124,0,0
star_only,164,2,1,0.1552722077,0.9499572587,0.01249564563,4,1.443293714,82.69463839,0.527065607,82.03506228,0.6595761052,2.00265415,0.01195219124,0,0
co_independent_only,164,1,0,0.0003573634497,0.9994083952,0.2668767912,3,0.05801939305,3.324266351,0.3059391657,24.25103506,20.92676871,0,0,0.001138303927,0
co_independent_only,164,1,1,-0.06479881407,0.9825181207,0.01093197731,3,0.05801939305,3.324266351,0.3059391657,24.25103506,20.92676871,0,0,0.001138303927,0
co_independent_only,164,2,0,0.1013744108,0.9790048247,0.2436816581,3,1.478246622,84.69729254,0.5406907208,84.33190025,0.3653922809,0,0,0.001138303927,0
co_independent_only,164,2,1,0.1369956318,0.9783568095,0.0150861345,3,1.478246622,84.69729254,0.5406907208,84.33190025,0.3653922809,0,0,0.001138303927,0
star_plus_co_independent,164,1,0,-0.1041934753,0.9947169771,0.2549324646,4,-0.1428317874,-8.183658596,0.3271157208,12.74223835,20.92589694,11.50792495,0.01195219124,0.001138303927,0
star_plus_co_independent,164,1,1,-0.1665922272,0.9989408199,0.01163126661,4,-0.1428317874,-8.183658596,0.3271157208,12.74223835,20.92589694,11.50792495,0.01195219124,0.001138303927,0
star_plus_co_independent,164,2,0,0.08858077286,0.9937323158,0.2396250506,4,1.443293714,82.69463839,0.527065607,82.03506228,0.6595761052,2.00265415,0.01195219124,0.001138303927,0
star_plus_co_independent,164,2,1,0.1501682734,0.9499572587,0.01249564563,4,1.443293714,82.69463839,0.527065607,82.03506228,0.6595761052,2.00265415,0.01195219124,0.001138303927,0
star_co_plus_hi_ctl49,164,1,0,-0.1085432544,0.9947169771,0.2549324646,4,-0.1428317874,-8.183658596,0.3271157208,12.74223835,20.92589694,11.50792495,0.01195219124,0.001138303927,0
star_co_plus_hi_ctl49,164,1,1,-0.1712442577,0.9989408199,0.01163126661,4,-0.1428317874,-8.183658596,0.3271157208,12.74223835,20.92589694,11.50792495,0.01195219124,0.001138303927,0
star_co_plus_hi_ctl49,164,2,0,0.09575619398,0.9937323158,0.2396250506,4,1.443293714,82.69463839,0.527065607,82.03506228,0.6595761052,2.00265415,0.01195219124,0.001138303927,0
star_co_plus_hi_ctl49,164,2,1,0.1545164313,0.9499572587,0.01249564563,4,1.443293714,82.69463839,0.527065607,82.03506228,0.6595761052,2.00265415,0.01195219124,0.001138303927,0
star_only,165,1,0,-0.07911343798,0.9990665402,0.1843897109,3,-0.07262857249,-4.161310676,0.236244942,21.04886336,25.21017404,7.485577027,0,0,0
star_only,165,1,1,-0.04337533284,0.934569588,0.01051384806,3,-0.07262857249,-4.161310676,0.236244942,21.04886336,25.21017404,7.485577027,0,0,0
star_only,165,2,0,0.1065156964,0.9964071389,0.1796875755,4,1.462306453,83.78398813,0.5266049338,83.6188911,0.1650970295,0.9133044071,0,0,0
star_only,165,2,1,0.1045499826,0.9629933157,0.01282050136,4,1.462306453,83.78398813,0.5266049338,83.6188911,0.1650970295,0.9133044071,0,0,0
co_independent_only,165,1,0,-0.01767426382,0.9994083952,0.2668767912,3,0.05801939305,3.324266351,0.3059391657,24.25103506,20.92676871,0,0,0,0
co_independent_only,165,1,1,-0.07872543193,0.9825181207,0.01093197731,3,0.05801939305,3.324266351,0.3059391657,24.25103506,20.92676871,0,0,0,0
co_independent_only,165,2,0,0.1073031193,0.9790048247,0.2436816581,3,1.478246622,84.69729254,0.5406907208,84.33190025,0.3653922809,0,0,0,0
co_independent_only,165,2,1,0.1509833151,0.9783568095,0.0150861345,3,1.478246622,84.69729254,0.5406907208,84.33190025,0.3653922809,0,0,0,0
star_plus_co_independent,165,1,0,-0.08591961793,0.9990665402,0.1843897109,3,-0.07262857249,-4.161310676,0.236244942,21.04886336,25.21017404,7.485577027,0,0,0
star_plus_co_independent,165,1,1,-0.05787042875,0.934569588,0.01051384806,3,-0.07262857249,-4.161310676,0.236244942,21.04886336,25.21017404,7.485577027,0,0,0
star_plus_co_independent,165,2,0,0.1123169779,0.9964071389,0.1796875755,4,1.462306453,83.78398813,0.5266049338,83.6188911,0.1650970295,0.9133044071,0,0,0
star_plus_co_independent,165,2,1,0.1121476021,0.9629933157,0.01282050136,4,1.462306453,83.78398813,0.5266049338,83.6188911,0.1650970295,0.9133044071,0,0,0
star_co_plus_hi_ctl49,165,1,0,-0.08891887606,0.9990665402,0.1843897109,3,-0.07262857249,-4.161310676,0.236244942,21.04886336,25.21017404,7.485577027,0,0,0
star_co_plus_hi_ctl49,165,1,1,-0.06827240813,0.934569588,0.01051384806,3,-0.07262857249,-4.161310676,0.236244942,21.04886336,25.21017404,7.485577027,0,0,0
star_co_plus_hi_ctl49,165,2,0,0.1145189773,0.9964071389,0.1796875755,4,1.462306453,83.78398813,0.5266049338,83.6188911,0.1650970295,0.9133044071,0,0,0
star_co_plus_hi_ctl49,165,2,1,0.1231895553,0.9629933157,0.01282050136,4,1.462306453,83.78398813,0.5266049338,83.6188911,0.1650970295,0.9133044071,0,0,0
star_only,166,1,0,0.04287347174,0.9688314029,0.4866592056,3,0.2177961843,12.47880216,0.3490717755,30.89878958,18.41998742,9.154535806,0,0,0
star_only,166,1,1,-0.05734033919,0.9229785803,0.01568806238,3,0.2177961843,12.47880216,0.3490717755,30.89878958,18.41998742,9.154535806,0,0,0
star_only,166,2,0,0.09978363369,0.9234324584,0.3089565843,4,1.413589077,80.99268809,0.4956360624,81.1219844,0.1292963039,3.704604443,0,0,0
star_only,166,2,1,0.09144328145,0.9416249041,0.01328891349,4,1.413589077,80.99268809,0.4956360624,81.1219844,0.1292963039,3.704604443,0,0,0
co_independent_only,166,1,0,-0.01666224417,0.9994083952,0.2668767912,3,0.05801939305,3.324266351,0.3059391657,24.25103506,20.92676871,0,0,0.005691519636,0
co_independent_only,166,1,1,-0.07382429182,0.9825181207,0.01093197731,3,0.05801939305,3.324266351,0.3059391657,24.25103506,20.92676871,0,0,0.005691519636,0
co_independent_only,166,2,0,0.1124720601,0.9790048247,0.2436816581,3,1.478246622,84.69729254,0.5406907208,84.33190025,0.3653922809,0,0,0.005691519636,0
co_independent_only,166,2,1,0.1432833573,0.9783568095,0.0150861345,3,1.478246622,84.69729254,0.5406907208,84.33190025,0.3653922809,0,0,0.005691519636,0
star_plus_co_independent,166,1,0,0.03766306202,0.9688314029,0.4866592056,3,0.2177961843,12.47880216,0.3490717755,30.89878958,18.41998742,9.154535806,0,0.005691519636,0
star_plus_co_independent,166,1,1,-0.06158938474,0.9229785803,0.01568806238,3,0.2177961843,12.47880216,0.3490717755,30.89878958,18.41998742,9.154535806,0,0.005691519636,0
star_plus_co_independent,166,2,0,0.1079107803,0.9234324584,0.3089565843,4,1.413589077,80.99268809,0.4956360624,81.1219844,0.1292963039,3.704604443,0,0.005691519636,0
star_plus_co_independent,166,2,1,0.09846911047,0.9416249041,0.01328891349,4,1.413589077,80.99268809,0.4956360624,81.1219844,0.1292963039,3.704604443,0,0.005691519636,0
star_co_plus_hi_ctl49,166,1,0,0.04841097285,0.9688314029,0.4866592056,3,0.2177961843,12.47880216,0.3490717755,30.89878958,18.41998742,9.154535806,0,0.005691519636,0
star_co_plus_hi_ctl49,166,1,1,-0.05603865602,0.9229785803,0.01568806238,3,0.2177961843,12.47880216,0.3490717755,30.89878958,18.41998742,9.154535806,0,0.005691519636,0
star_co_plus_hi_ctl49,166,2,0,0.1042627563,0.9234324584,0.3089565843,4,1.413589077,80.99268809,0.4956360624,81.1219844,0.1292963039,3.704604443,0,0.005691519636,0
star_co_plus_hi_ctl49,166,2,1,0.08949941183,0.9416249041,0.01328891349,4,1.413589077,80.99268809,0.4956360624,81.1219844,0.1292963039,3.704604443,0,0.005691519636,0
star_only,167,1,0,-0.09497203717,0.9959812898,0.2579419226,3,-0.0839651167,-4.810846813,0.3214840615,14.55136568,19.36221249,8.135113165,0,0,0
star_only,167,1,1,-0.09302098467,0.9453799543,0.01261433498,3,-0.0839651167,-4.810846813,0.3214840615,14.55136568,19.36221249,8.135113165,0,0,0
star_only,167,2,0,0.1120441944,0.999822674,0.2556714865,3,1.479981522,84.79669495,0.5715994079,84.52504186,0.2716530861,0.09940241578,0,0,0
star_only,167,2,1,0.1319232632,0.9253685405,0.01307003683,3,1.479981522,84.79669495,0.5715994079,84.52504186,0.2716530861,0.09940241578,0,0,0
co_independent_only,167,1,0,-0.003774736575,0.9994083952,0.2668767912,3,0.05801939305,3.324266351,0.3059391657,24.25103506,20.92676871,0,0,0.002845759818,0
co_independent_only,167,1,1,-0.06761885403,0.9825181207,0.01093197731,3,0.05801939305,3.324266351,0.3059391657,24.25103506,20.92676871,0,0,0.002845759818,0
co_independent_only,167,2,0,0.109251845,0.9790048247,0.2436816581,3,1.478246622,84.69729254,0.5406907208,84.33190025,0.3653922809,0,0,0.002845759818,0
co_independent_only,167,2,1,0.1410081443,0.9783568095,0.0150861345,3,1.478246622,84.69729254,0.5406907208,84.33190025,0.3653922809,0,0,0.002845759818,0
star_plus_co_independent,167,1,0,-0.1020112917,0.9959812898,0.2579419226,3,-0.0839651167,-4.810846813,0.3214840615,14.55136568,19.36221249,8.135113165,0,0.002845759818,0
star_plus_co_independent,167,1,1,-0.09589863676,0.9453799543,0.01261433498,3,-0.0839651167,-4.810846813,0.3214840615,14.55136568,19.36221249,8.135113165,0,0.002845759818,0
star_plus_co_independent,167,2,0,0.1200455824,0.999822674,0.2556714865,3,1.479981522,84.79669495,0.5715994079,84.52504186,0.2716530861,0.09940241578,0,0.002845759818,0
star_plus_co_independent,167,2,1,0.1338021223,0.9253685405,0.01307003683,3,1.479981522,84.79669495,0.5715994079,84.52504186,0.2716530861,0.09940241578,0,0.002845759818,0
star_co_plus_hi_ctl49,167,1,0,-0.1051907481,0.9959812898,0.2579419226,3,-0.0839651167,-4.810846813,0.3214840615,14.55136568,19.36221249,8.135113165,0,0.002845759818,0
star_co_plus_hi_ctl49,167,1,1,-0.09823770465,0.9453799543,0.01261433498,3,-0.0839651167,-4.810846813,0.3214840615,14.55136568,19.36221249,8.135113165,0,0.002845759818,0
star_co_plus_hi_ctl49,167,2,0,0.1241136054,0.999822674,0.2556714865,3,1.479981522,84.79669495,0.5715994079,84.52504186,0.2716530861,0.09940241578,0,0.002845759818,0
star_co_plus_hi_ctl49,167,2,1,0.1372471836,0.9253685405,0.01307003683,3,1.479981522,84.79669495,0.5715994079,84.52504186,0.2716530861,0.09940241578,0,0.002845759818,0
star_only,168,1,0,-0.08850068229,0.9985841067,0.2425600109,4,-0.133490734,-7.648455665,0.3126403734,13.39300039,21.04145606,10.97272202,0,0,0
star_only,168,1,1,-0.09902455538,0.9640117731,0.01345589723,4,-0.133490734,-7.648455665,0.3126403734,13.39300039,21.04145606,10.97272202,0,0,0
star_only,168,2,0,0.1033453609,0.9975952329,0.2473109106,4,1.415698292,81.11353722,0.526810862,81.45975579,0.3462185773,3.583755317,0,0,0
star_only,168,2,1,0.1063594403,0.9983304803,0.01330550289,4,1.415698292,81.11353722,0.526810862,81.45975579,0.3462185773,3.583755317,0,0,0
co_independent_only,168,1,0,-0.01027941315,0.9994083952,0.2668767912,3,0.05801939305,3.324266351,0.3059391657,24.25103506,20.92676871,0,0,0.005691519636,0
co_independent_only,168,1,1,-0.06471037968,0.9825181207,0.01093197731,3,0.05801939305,3.324266351,0.3059391657,24.25103506,20.92676871,0,0,0.005691519636,0
co_independent_only,168,2,0,0.1005302776,0.9790048247,0.2436816581,3,1.478246622,84.69729254,0.5406907208,84.33190025,0.3653922809,0,0,0.005691519636,0
co_independent_only,168,2,1,0.1358617968,0.9783568095,0.0150861345,3,1.478246622,84.69729254,0.5406907208,84.33190025,0.3653922809,0,0,0.005691519636,0
star_plus_co_independent,168,1,0,-0.08740060812,0.9985841067,0.2425600109,4,-0.133490734,-7.648455665,0.3126403734,13.39300039,21.04145606,10.97272202,0,0.005691519636,0
star_plus_co_independent,168,1,1,-0.1004989699,0.9640117731,0.01345589723,4,-0.133490734,-7.648455665,0.3126403734,13.39300039,21.04145606,10.97272202,0,0.005691519636,0
star_plus_co_independent,168,2,0,0.1024578156,0.9975952329,0.2473109106,4,1.415698292,81.11353722,0.526810862,81.45975579,0.3462185773,3.583755317,0,0.005691519636,0
star_plus_co_independent,168,2,1,0.1091809994,0.9983304803,0.01330550289,4,1.415698292,81.11353722,0.526810862,81.45975579,0.3462185773,3.583755317,0,0.005691519636,0
star_co_plus_hi_ctl49,168,1,0,-0.08816704575,0.9985841067,0.2425600109,4,-0.133490734,-7.648455665,0.3126403734,13.39300039,21.04145606,10.97272202,0,0.005691519636,0
star_co_plus_hi_ctl49,168,1,1,-0.09889363765,0.9640117731,0.01345589723,4,-0.133490734,-7.648455665,0.3126403734,13.39300039,21.04145606,10.97272202,0,0.005691519636,0
star_co_plus_hi_ctl49,168,2,0,0.1057474589,0.9975952329,0.2473109106,4,1.415698292,81.11353722,0.526810862,81.45975579,0.3462185773,3.583755317,0,0.005691519636,0
star_co_plus_hi_ctl49,168,2,1,0.1087521163,0.9983304803,0.01330550289,4,1.415698292,81.11353722,0.526810862,81.45975579,0.3462185773,3.583755317,0,0.005691519636,0
star_only,169,1,0,-0.07170143852,0.9903621319,0.2707551253,3,-0.08020706189,-4.595526133,0.3266199276,14.29674121,18.89226734,7.919792485,0,0,0
star_only,169,1,1,-0.04203778222,0.9828100365,0.01603149765,3,-0.08020706189,-4.595526133,0.3266199276,14.29674121,18.89226734,7.919792485,0,0,0
star_only,169,2,0,0.1006697273,0.9999664924,0.2621046733,4,1.423170005,81.54163481,0.4918925326,81.49133818,0.05029662814,3.155657723,0,0,0
star_only,169,2,1,0.09561657632,0.9979447959,0.0117877691,4,1.423170005,81.54163481,0.4918925326,81.49133818,0.05029662814,3.155657723,0,0,0
co_independent_only,169,1,0,-0.03210171648,0.9994083952,0.2668767912,3,0.05801939305,3.324266351,0.3059391657,24.25103506,20.92676871,0,0,0.002845759818,0
co_independent_only,169,1,1,-0.07456894094,0.9825181207,0.01093197731,3,0.05801939305,3.324266351,0.3059391657,24.25103506,20.92676871,0,0,0.002845759818,0
co_independent_only,169,2,0,0.1099201321,0.9790048247,0.2436816581,3,1.478246622,84.69729254,0.5406907208,84.33190025,0.3653922809,0,0,0.002845759818,0
co_independent_only,169,2,1,0.1410220124,0.9783568095,0.0150861345,3,1.478246622,84.69729254,0.5406907208,84.33190025,0.3653922809,0,0,0.002845759818,0
star_plus_co_independent,169,1,0,-0.08583199233,0.9903621319,0.2707551253,3,-0.08020706189,-4.595526133,0.3266199276,14.29674121,18.89226734,7.919792485,0,0.002845759818,0
star_plus_co_independent,169,1,1,-0.04895801901,0.9828100365,0.01603149765,3,-0.08020706189,-4.595526133,0.3266199276,14.29674121,18.89226734,7.919792485,0,0.002845759818,0
star_plus_co_independent,169,2,0,0.1044032314,0.9999664924,0.2621046733,4,1.423170005,81.54163481,0.4918925326,81.49133818,0.05029662814,3.155657723,0,0.002845759818,0
star_plus_co_independent,169,2,1,0.09717665691,0.9979447959,0.0117877691,4,1.423170005,81.54163481,0.4918925326,81.49133818,0.05029662814,3.155657723,0,0.002845759818,0
star_co_plus_hi_ctl49,169,1,0,-0.08848302762,0.9903621319,0.2707551253,3,-0.08020706189,-4.595526133,0.3266199276,14.29674121,18.89226734,7.919792485,0,0.002845759818,0
star_co_plus_hi_ctl49,169,1,1,-0.05509718947,0.9828100365,0.01603149765,3,-0.08020706189,-4.595526133,0.3266199276,14.29674121,18.89226734,7.919792485,0,0.002845759818,0
star_co_plus_hi_ctl49,169,2,0,0.1066262183,0.9999664924,0.2621046733,4,1.423170005,81.54163481,0.4918925326,81.49133818,0.05029662814,3.155657723,0,0.002845759818,0
star_co_plus_hi_ctl49,169,2,1,0.1019411452,0.9979447959,0.0117877691,4,1.423170005,81.54163481,0.4918925326,81.49133818,0.05029662814,3.155657723,0,0.002845759818,0
star_only,170,1,0,-0.1569543256,0.9982502088,0.2731183231,4,-0.2830116852,-16.21537511,0.2174992321,13.06347469,29.2788498,19.53964146,0,0,0
star_only,170,1,1,-0.2040949955,0.9918263216,0.01264046767,4,-0.2830116852,-16.21537511,0.2174992321,13.06347469,29.2788498,19.53964146,0,0,0
star_only,170,2,0,0.1038111812,0.9551850041,0.1614040285,3,1.512245843,86.64530437,0.5030674804,86.30537616,0.3399282079,1.948011833,0,0,0
star_only,170,2,1,0.07573421758,0.8582691195,0.009108502635,3,1.512245843,86.64530437,0.5030674804,86.30537616,0.3399282079,1.948011833,0,0,0
co_independent_only,170,1,0,0.006691842976,0.9994083952,0.2668767912,3,0.05801939305,3.324266351,0.3059391657,24.25103506,20.92676871,0,0,0.001138303927,0
co_independent_only,170,1,1,-0.06152222525,0.9825181207,0.01093197731,3,0.05801939305,3.324266351,0.3059391657,24.25103506,20.92676871,0,0,0.001138303927,0
co_independent_only,170,2,0,0.09173214362,0.9790048247,0.2436816581,3,1.478246622,84.69729254,0.5406907208,84.33190025,0.3653922809,0,0,0.001138303927,0
co_independent_only,170,2,1,0.1361940831,0.9783568095,0.0150861345,3,1.478246622,84.69729254,0.5406907208,84.33190025,0.3653922809,0,0,0.001138303927,0
star_plus_co_independent,170,1,0,-0.1622062655,0.9982502088,0.2731183231,4,-0.2830116852,-16.21537511,0.2174992321,13.06347469,29.2788498,19.53964146,0,0.001138303927,0
star_plus_co_independent,170,1,1,-0.1973279516,0.9918263216,0.01264046767,4,-0.2830116852,-16.21537511,0.2174992321,13.06347469,29.2788498,19.53964146,0,0.001138303927,0
star_plus_co_independent,170,2,0,0.09372869083,0.9551850041,0.1614040285,3,1.512245843,86.64530437,0.5030674804,86.30537616,0.3399282079,1.948011833,0,0.001138303927,0
star_plus_co_independent,170,2,1,0.06948991618,0.8582691195,0.009108502635,3,1.512245843,86.64530437,0.5030674804,86.30537616,0.3399282079,1.948011833,0,0.001138303927,0
star_co_plus_hi_ctl49,170,1,0,-0.133221621,0.9982502088,0.2731183231,4,-0.2830116852,-16.21537511,0.2174992321,13.06347469,29.2788498,19.53964146,0,0.001138303927,0
star_co_plus_hi_ctl49,170,1,1,-0.1835681582,0.9918263216,0.01264046767,4,-0.2830116852,-16.21537511,0.2174992321,13.06347469,29.2788498,19.53964146,0,0.001138303927,0
star_co_plus_hi_ctl49,170,2,0,0.08327851701,0.9551850041,0.1614040285,3,1.512245843,86.64530437,0.5030674804,86.30537616,0.3399282079,1.948011833,0,0.001138303927,0
star_co_plus_hi_ctl49,170,2,1,0.06396463023,0.8582691195,0.009108502635,3,1.512245843,86.64530437,0.5030674804,86.30537616,0.3399282079,1.948011833,0,0.001138303927,0
star_only,171,1,0,-0.009479466817,0.991082675,0.2769815511,3,0.1433173604,8.211479881,0.2690703489,30.8350999,22.62362002,4.88721353,0.003414911781,0,0
star_only,171,1,1,-0.006769410894,0.9560462619,0.01333394048,3,0.1433173604,8.211479881,0.2690703489,30.8350999,22.62362002,4.88721353,0.003414911781,0,0
star_only,171,2,0,0.10983246,0.9735494834,0.2352742407,3,1.505775109,86.27455865,0.5137295507,86.14874785,0.125810796,1.577266116,0.003414911781,0,0
star_only,171,2,1,0.1234577021,0.9408186137,0.01026004065,3,1.505775109,86.27455865,0.5137295507,86.14874785,0.125810796,1.577266116,0.003414911781,0,0
co_independent_only,171,1,0,-0.004042004234,0.9994083952,0.2668767912,3,0.05801939305,3.324266351,0.3059391657,24.25103506,20.92676871,0,0,0.007398975526,0
co_independent_only,171,1,1,-0.05480965417,0.9825181207,0.01093197731,3,0.05801939305,3.324266351,0.3059391657,24.25103506,20.92676871,0,0,0.007398975526,0
co_independent_only,171,2,0,0.09418214281,0.9790048247,0.2436816581,3,1.478246622,84.69729254,0.5406907208,84.33190025,0.3653922809,0,0,0.007398975526,0
co_independent_only,171,2,1,0.127865497,0.9783568095,0.0150861345,3,1.478246622,84.69729254,0.5406907208,84.33190025,0.3653922809,0,0,0.007398975526,0
star_plus_co_independent,171,1,0,-0.007712205987,0.991082675,0.2769815511,3,0.1433173604,8.211479881,0.2690703489,30.8350999,22.62362002,4.88721353,0.003414911781,0.007398975526,0
star_plus_co_independent,171,1,1,0.002140146334,0.9560462619,0.01333394048,3,0.1433173604,8.211479881,0.2690703489,30.8350999,22.62362002,4.88721353,0.003414911781,0.007398975526,0
star_plus_co_independent,171,2,0,0.1016106488,0.9735494834,0.2352742407,3,1.505775109,86.27455865,0.5137295507,86.14874785,0.125810796,1.577266116,0.003414911781,0.007398975526,0
star_plus_co_independent,171,2,1,0.1137510031,0.9408186137,0.01026004065,3,1.505775109,86.27455865,0.5137295507,86.14874785,0.125810796,1.577266116,0.003414911781,0.007398975526,0
star_co_plus_hi_ctl49,171,1,0,-0.004053902171,0.991082675,0.2769815511,3,0.1433173604,8.211479881,0.2690703489,30.8350999,22.62362002,4.88721353,0.003414911781,0.007398975526,0
star_co_plus_hi_ctl49,171,1,1,5.350777713e-06,0.9560462619,0.01333394048,3,0.1433173604,8.211479881,0.2690703489,30.8350999,22.62362002,4.88721353,0.003414911781,0.007398975526,0
star_co_plus_hi_ctl49,171,2,0,0.1052129364,0.9735494834,0.2352742407,3,1.505775109,86.27455865,0.5137295507,86.14874785,0.125810796,1.577266116,0.003414911781,0.007398975526,0
star_co_plus_hi_ctl49,171,2,1,0.1105676941,0.9408186137,0.01026004065,3,1.505775109,86.27455865,0.5137295507,86.14874785,0.125810796,1.577266116,0.003414911781,0.007398975526,0
star_only,172,1,0,-0.09581190205,0.999972527,0.2353684137,3,-0.05972044142,-3.421729244,0.3089432534,18.75617173,22.17790097,6.745995595,0.0005691519636,0,0
star_only,172,1,1,-0.1249196001,0.9144221018,0.01093025147,3,-0.05972044142,-3.421729244,0.3089432534,18.75617173,22.17790097,6.745995595,0.0005691519636,0,0
star_only,172,2,0,0.1217039301,0.994782523,0.2344373851,3,1.48203946,84.91460615,0.4663136669,84.67701904,0.2375871035,0.2173136112,0.0005691519636,0,0
star_only,172,2,1,0.1419856176,0.9451495234,0.01352310643,3,1.48203946,84.91460615,0.4663136669,84.67701904,0.2375871035,0.2173136112,0.0005691519636,0,0
co_independent_only,172,1,0,-0.01572179959,0.9994083952,0.2668767912,3,0.05801939305,3.324266351,0.3059391657,24.25103506,20.92676871,0,0,0.006260671599,0
co_independent_only,172,1,1,-0.06953234097,0.9825181207,0.01093197731,3,0.05801939305,3.324266351,0.3059391657,24.25103506,20.92676871,0,0,0.006260671599,0
co_independent_only,172,2,0,0.1053377634,0.9790048247,0.2436816581,3,1.478246622,84.69729254,0.5406907208,84.33190025,0.3653922809,0,0,0.006260671599,0
co_independent_only,172,2,1,0.1361562858,0.9783568095,0.0150861345,3,1.478246622,84.69729254,0.5406907208,84.33190025,0.3653922809,0,0,0.006260671599,0
star_plus_co_independent,172,1,0,-0.0996220903,0.999972527,0.2353684137,3,-0.05972044142,-3.421729244,0.3089432534,18.75617173,22.17790097,6.745995595,0.0005691519636,0.006260671599,0
star_plus_co_independent,172,1,1,-0.1238707946,0.9144221018,0.01093025147,3,-0.05972044142,-3.421729244,0.3089432534,18.75617173,22.17790097,6.745995595,0.0005691519636,0.006260671599,0
star_plus_co_independent,172,2,0,0.1236729973,0.994782523,0.2344373851,3,1.48203946,84.91460615,0.4663136669,84.67701904,0.2375871035,0.2173136112,0.0005691519636,0.006260671599,0
star_plus_co_independent,172,2,1,0.1398117553,0.9451495234,0.01352310643,3,1.48203946,84.91460615,0.4663136669,84.67701904,0.2375871035,0.2173136112,0.0005691519636,0.006260671599,0
star_co_plus_hi_ctl49,172,1,0,-0.1080341043,0.999972527,0.2353684137,3,-0.05972044142,-3.421729244,0.3089432534,18.75617173,22.17790097,6.745995595,0.0005691519636,0.006260671599,0
star_co_plus_hi_ctl49,172,1,1,-0.1292912014,0.9144221018,0.01093025147,3,-0.05972044142,-3.421729244,0.3089432534,18.75617173,22.17790097,6.745995595,0.0005691519636,0.006260671599,0
star_co_plus_hi_ctl49,172,2,0,0.1315414862,0.994782523,0.2344373851,3,1.48203946,84.91460615,0.4663136669,84.67701904,0.2375871035,0.2173136112,0.0005691519636,0.006260671599,0
star_co_plus_hi_ctl49,172,2,1,0.1463678969,0.9451495234,0.01352310643,3,1.48203946,84.91460615,0.4663136669,84.67701904,0.2375871035,0.2173136112,0.0005691519636,0.006260671599,0
star_only,173,1,0,-0.01357239072,0.9997495922,0.3851398955,3,0.1146145727,6.566931284,0.3704618171,24.6026608,18.03572952,3.242664933,0.003984063745,0,0
star_only,173,1,1,-0.05105478036,0.9883767444,0.0155327602,3,0.1146145727,6.566931284,0.3704618171,24.6026608,18.03572952,3.242664933,0.003984063745,0,0
star_only,173,2,0,0.09985885988,0.9825393746,0.3586340566,3,1.501987526,86.05754615,0.5427561105,85.24697073,0.8105754219,1.360253612,0.003984063745,0,0
star_only,173,2,1,0.199400677,0.9793930192,0.01772457809,3,1.501987526,86.05754615,0.5427561105,85.24697073,0.8105754219,1.360253612,0.003984063745,0,0
co_independent_only,173,1,0,-0.01336892182,0.9994083952,0.2668767912,3,0.05801939305,3.324266351,0.3059391657,24.25103506,20.92676871,0,0,0,0
co_independent_only,173,1,1,-0.07705922401,0.9825181207,0.01093197731,3,0.05801939305,3.324266351,0.3059391657,24.25103506,20.92676871,0,0,0,0
co_independent_only,173,2,0,0.1049590984,0.9790048247,0.2436816581,3,1.478246622,84.69729254,0.5406907208,84.33190025,0.3653922809,0,0,0,0
co_independent_only,173,2,1,0.1432278686,0.9783568095,0.0150861345,3,1.478246622,84.69729254,0.5406907208,84.33190025,0.3653922809,0,0,0,0
star_plus_co_independent,173,1,0,-0.01855320845,0.9997495922,0.3851398955,3,0.1146145727,6.566931284,0.3704618171,24.6026608,18.03572952,3.242664933,0.003984063745,0,0
star_plus_co_independent,173,1,1,-0.05518783069,0.9883767444,0.0155327602,3,0.1146145727,6.566931284,0.3704618171,24.6026608,18.03572952,3.242664933,0.003984063745,0,0
star_plus_co_independent,173,2,0,0.1038981638,0.9825393746,0.3586340566,3,1.501987526,86.05754615,0.5427561105,85.24697073,0.8105754219,1.360253612,0.003984063745,0,0
star_plus_co_independent,173,2,1,0.2021887468,0.9793930192,0.01772457809,3,1.501987526,86.05754615,0.5427561105,85.24697073,0.8105754219,1.360253612,0.003984063745,0,0
star_co_plus_hi_ctl49,173,1,0,-0.01881760959,0.9997495922,0.3851398955,3,0.1146145727,6.566931284,0.3704618171,24.6026608,18.03572952,3.242664933,0.003984063745,0,0
star_co_plus_hi_ctl49,173,1,1,-0.05142095523,0.9883767444,0.0155327602,3,0.1146145727,6.566931284,0.3704618171,24.6026608,18.03572952,3.242664933,0.003984063745,0,0
star_co_plus_hi_ctl49,173,2,0,0.1077210053,0.9825393746,0.3586340566,3,1.501987526,86.05754615,0.5427561105,85.24697073,0.8105754219,1.360253612,0.003984063745,0,0
star_co_plus_hi_ctl49,173,2,1,0.2043205602,0.9793930192,0.01772457809,3,1.501987526,86.05754615,0.5427561105,85.24697073,0.8105754219,1.360253612,0.003984063745,0,0
star_only,174,1,0,-0.1406627683,0.9999211882,0.2138678777,4,-0.1374851389,-7.877318203,0.2082814584,21.76345609,29.64077429,11.20158455,0,0,0
star_only,174,1,1,-0.2419356894,0.9421656316,0.009068231092,4,-0.1374851389,-7.877318203,0.2082814584,21.76345609,29.64077429,11.20158455,0,0,0
star_only,174,2,0,0.1139504444,0.9925968005,0.1693997519,3,1.546214053,88.59153947,0.5062903869,87.56009152,1.03144795,3.894246934,0,0,0
star_only,174,2,1,0.1651023444,0.8204922656,0.006915766253,3,1.546214053,88.59153947,0.5062903869,87.56009152,1.03144795,3.894246934,0,0,0
co_independent_only,174,1,0,-0.007506167791,0.9994083952,0.2668767912,3,0.05801939305,3.324266351,0.3059391657,24.25103506,20.92676871,0,0,0.01138303927,0
co_independent_only,174,1,1,-0.06338591843,0.9825181207,0.01093197731,3,0.05801939305,3.324266351,0.3059391657,24.25103506,20.92676871,0,0,0.01138303927,0
co_independent_only,174,2,0,0.1127324426,0.9790048247,0.2436816581,3,1.478246622,84.69729254,0.5406907208,84.33190025,0.3653922809,0,0,0.01138303927,0
co_independent_only,174,2,1,0.1425747473,0.9783568095,0.0150861345,3,1.478246622,84.69729254,0.5406907208,84.33190025,0.3653922809,0,0,0.01138303927,0
star_plus_co_independent,174,1,0,-0.1521541583,0.9999211882,0.2138678777,4,-0.1374851389,-7.877318203,0.2082814584,21.76345609,29.64077429,11.20158455,0,0.01138303927,0
star_plus_co_independent,174,1,1,-0.2514414094,0.9421656316,0.009068231092,4,-0.1374851389,-7.877318203,0.2082814584,21.76345609,29.64077429,11.20158455,0,0.01138303927,0
star_plus_co_independent,174,2,0,0.1227844556,0.9925968005,0.1693997519,3,1.546214053,88.59153947,0.5062903869,87.56009152,1.03144795,3.894246934,0,0.01138303927,0
star_plus_co_independent,174,2,1,0.1650813865,0.8204922656,0.006915766253,3,1.546214053,88.59153947,0.5062903869,87.56009152,1.03144795,3.894246934,0,0.01138303927,0
star_co_plus_hi_ctl49,174,1,0,-0.155364351,0.9999211882,0.2138678777,4,-0.1374851389,-7.877318203,0.2082814584,21.76345609,29.64077429,11.20158455,0,0.01138303927,0
star_co_plus_hi_ctl49,174,1,1,-0.2543462351,0.9421656316,0.009068231092,4,-0.1374851389,-7.877318203,0.2082814584,21.76345609,29.64077429,11.20158455,0,0.01138303927,0
star_co_plus_hi_ctl49,174,2,0,0.1336142437,0.9925968005,0.1693997519,3,1.546214053,88.59153947,0.5062903869,87.56009152,1.03144795,3.894246934,0,0.01138303927,0
star_co_plus_hi_ctl49,174,2,1,0.1643439666,0.8204922656,0.006915766253,3,1.546214053,88.59153947,0.5062903869,87.56009152,1.03144795,3.894246934,0,0.01138303927,0
star_only,175,1,0,0.05946288244,0.9955541594,0.3757000478,3,0.1198823282,6.868751442,0.2091547757,38.15339432,31.28464288,3.54448509,0.02618099032,0,0
star_only,175,1,1,0.0640565343,0.9945513943,0.0142894637,3,0.1198823282,6.868751442,0.2091547757,38.15339432,31.28464288,3.54448509,0.02618099032,0,0
star_only,175,2,0,0.1141550997,0.857715589,0.1699193699,4,1.424934178,81.64271449,0.6027544711,81.69568156,0.05296707108,3.054578047,0.02618099032,0,0
star_only,175,2,1,0.1419790851,0.9315899694,0.00790882481,4,1.424934178,81.64271449,0.6027544711,81.69568156,0.05296707108,3.054578047,0.02618099032,0,0
co_independent_only,175,1,0,-0.02103258006,0.9994083952,0.2668767912,3,0.05801939305,3.324266351,0.3059391657,24.25103506,20.92676871,0,0,0.003414911781,0
co_independent_only,175,1,1,-0.06995295384,0.9825181207,0.01093197731,3,0.05801939305,3.324266351,0.3059391657,24.25103506,20.92676871,0,0,0.003414911781,0
co_independent_only,175,2,0,0.1133098091,0.9790048247,0.2436816581,3,1.478246622,84.69729254,0.5406907208,84.33190025,0.3653922809,0,0,0.003414911781,0
co_independent_only,175,2,1,0.1415591527,0.9783568095,0.0150861345,3,1.478246622,84.69729254,0.5406907208,84.33190025,0.3653922809,0,0,0.003414911781,0
star_plus_co_independent,175,1,0,0.04901846295,0.9955541594,0.3757000478,3,0.1198823282,6.868751442,0.2091547757,38.15339432,31.28464288,3.54448509,0.02618099032,0.003414911781,0
star_plus_co_independent,175,1,1,0.06560367545,0.9945513943,0.0142894637,3,0.1198823282,6.868751442,0.2091547757,38.15339432,31.28464288,3.54448509,0.02618099032,0.003414911781,0
star_plus_co_independent,175,2,0,0.1228212527,0.857715589,0.1699193699,4,1.424934178,81.64271449,0.6027544711,81.69568156,0.05296707108,3.054578047,0.02618099032,0.003414911781,0
star_plus_co_independent,175,2,1,0.1460667765,0.9315899694,0.00790882481,4,1.424934178,81.64271449,0.6027544711,81.69568156,0.05296707108,3.054578047,0.02618099032,0.003414911781,0
star_co_plus_hi_ctl49,175,1,0,0.03559389297,0.9955541594,0.3757000478,3,0.1198823282,6.868751442,0.2091547757,38.15339432,31.28464288,3.54448509,0.02618099032,0.003414911781,0
star_co_plus_hi_ctl49,175,1,1,0.06359614119,0.9945513943,0.0142894637,3,0.1198823282,6.868751442,0.2091547757,38.15339432,31.28464288,3.54448509,0.02618099032,0.003414911781,0
star_co_plus_hi_ctl49,175,2,0,0.1309965659,0.857715589,0.1699193699,4,1.424934178,81.64271449,0.6027544711,81.69568156,0.05296707108,3.054578047,0.02618099032,0.003414911781,0
star_co_plus_hi_ctl49,175,2,1,0.1539045709,0.9315899694,0.00790882481,4,1.424934178,81.64271449,0.6027544711,81.69568156,0.05296707108,3.054578047,0.02618099032,0.003414911781,0
star_only,176,1,0,-0.06284015612,0.9968599619,0.3137021526,3,-0.0344571161,-1.974247327,0.3696568457,15.7178824,17.69212973,5.298513678,0.002276607854,0,0
star_only,176,1,1,-0.06529635162,0.9578746536,0.01262164999,3,-0.0344571161,-1.974247327,0.3696568457,15.7178824,17.69212973,5.298513678,0.002276607854,0,0
star_only,176,2,0,0.1086323747,0.9907953586,0.3315935551,4,1.446765881,82.89357895,0.4903103548,83.02125665,0.1276777047,1.803713589,0.002276607854,0,0
star_only,176,2,1,0.1551845029,0.9993100602,0.01642240639,4,1.446765881,82.89357895,0.4903103548,83.02125665,0.1276777047,1.803713589,0.002276607854,0,0
co_independent_only,176,1,0,0.002766768419,0.9994083952,0.2668767912,3,0.05801939305,3.324266351,0.3059391657,24.25103506,20.92676871,0,0,0.0005691519636,0
co_independent_only,176,1,1,-0.06739973099,0.9825181207,0.01093197731,3,0.05801939305,3.324266351,0.3059391657,24.25103506,20.92676871,0,0,0.0005691519636,0
co_independent_only,176,2,0,0.09699962555,0.9790048247,0.2436816581,3,1.478246622,84.69729254,0.5406907208,84.33190025,0.3653922809,0,0,0.0005691519636,0
co_independent_only,176,2,1,0.1406216552,0.9783568095,0.0150861345,3,1.478246622,84.69729254,0.5406907208,84.33190025,0.3653922809,0,0,0.0005691519636,0
star_plus_co_independent,176,1,0,-0.05573751004,0.9968599619,0.3137021526,3,-0.0344571161,-1.974247327,0.3696568457,15.7178824,17.69212973,5.298513678,0.002276607854,0.0005691519636,0
star_plus_co_independent,176,1,1,-0.06423215781,0.9578746536,0.01262164999,3,-0.0344571161,-1.974247327,0.3696568457,15.7178824,17.69212973,5.298513678,0.002276607854,0.0005691519636,0
star_plus_co_independent,176,2,0,0.1016525133,0.9907953586,0.3315935551,4,1.446765881,82.89357895,0.4903103548,83.02125665,0.1276777047,1.803713589,0.002276607854,0.0005691519636,0
star_plus_co_independent,176,2,1,0.158171327,0.9993100602,0.01642240639,4,1.446765881,82.89357895,0.4903103548,83.02125665,0.1276777047,1.803713589,0.002276607854,0.0005691519636,0
star_co_plus_hi_ctl49,176,1,0,-0.06798251231,0.9968599619,0.3137021526,3,-0.0344571161,-1.974247327,0.3696568457,15.7178824,17.69212973,5.298513678,0.002276607854,0.0005691519636,0
star_co_plus_hi_ctl49,176,1,1,-0.06539434323,0.9578746536,0.01262164999,3,-0.0344571161,-1.974247327,0.3696568457,15.7178824,17.69212973,5.298513678,0.002276607854,0.0005691519636,0
star_co_plus_hi_ctl49,176,2,0,0.1075282651,0.9907953586,0.3315935551,4,1.446765881,82.89357895,0.4903103548,83.02125665,0.1276777047,1.803713589,0.002276607854,0.0005691519636,0
star_co_plus_hi_ctl49,176,2,1,0.1555190798,0.9993100602,0.01642240639,4,1.446765881,82.89357895,0.4903103548,83.02125665,0.1276777047,1.803713589,0.002276607854,0.0005691519636,0
star_only,177,1,0,-0.003770430723,0.9993137419,0.368266094,3,0.1639740748,9.395022435,0.3528285986,24.90400602,15.50898358,6.070756084,0.0005691519636,0,0
star_only,177,1,1,-0.04792475051,0.9897141336,0.01410367284,3,0.1639740748,9.395022435,0.3528285986,24.90400602,15.50898358,6.070756084,0.0005691519636,0,0
star_only,177,2,0,0.09881559907,0.9561482811,0.2314474266,3,1.528961329,87.60303121,0.5163947841,86.60773702,0.9952941884,2.905738671,0.0005691519636,0,0
star_only,177,2,1,0.2657269186,0.995388483,0.006033818646,3,1.528961329,87.60303121,0.5163947841,86.60773702,0.9952941884,2.905738671,0.0005691519636,0,0
co_independent_only,177,1,0,-0.01206004344,0.9994083952,0.2668767912,3,0.05801939305,3.324266351,0.3059391657,24.25103506,20.92676871,0,0,0,0
co_independent_only,177,1,1,-0.06101614195,0.9825181207,0.01093197731,3,0.05801939305,3.324266351,0.3059391657,24.25103506,20.92676871,0,0,0,0
co_independent_only,177,2,0,0.110997399,0.9790048247,0.2436816581,3,1.478246622,84.69729254,0.5406907208,84.33190025,0.3653922809,0,0,0,0
co_independent_only,177,2,1,0.1394950355,0.9783568095,0.0150861345,3,1.478246622,84.69729254,0.5406907208,84.33190025,0.3653922809,0,0,0,0
star_plus_co_independent,177,1,0,-0.003924754183,0.9993137419,0.368266094,3,0.1639740748,9.395022435,0.3528285986,24.90400602,15.50898358,6.070756084,0.0005691519636,0,0
star_plus_co_independent,177,1,1,-0.04081208593,0.9897141336,0.01410367284,3,0.1639740748,9.395022435,0.3528285986,24.90400602,15.50898358,6.070756084,0.0005691519636,0,0
star_plus_co_independent,177,2,0,0.1116680319,0.9561482811,0.2314474266,3,1.528961329,87.60303121,0.5163947841,86.60773702,0.9952941884,2.905738671,0.0005691519636,0,0
star_plus_co_independent,177,2,1,0.2701142761,0.995388483,0.006033818646,3,1.528961329,87.60303121,0.5163947841,86.60773702,0.9952941884,2.905738671,0.0005691519636,0,0
star_co_plus_hi_ctl49,177,1,0,0.00369272648,0.9993137419,0.368266094,3,0.1639740748,9.395022435,0.3528285986,24.90400602,15.50898358,6.070756084,0.0005691519636,0,0
star_co_plus_hi_ctl49,177,1,1,-0.03359891967,0.9897141336,0.01410367284,3,0.1639740748,9.395022435,0.3528285986,24.90400602,15.50898358,6.070756084,0.0005691519636,0,0
star_co_plus_hi_ctl49,177,2,0,0.1058419556,0.9561482811,0.2314474266,3,1.528961329,87.60303121,0.5163947841,86.60773702,0.9952941884,2.905738671,0.0005691519636,0,0
star_co_plus_hi_ctl49,177,2,1,0.2723152912,0.995388483,0.006033818646,3,1.528961329,87.60303121,0.5163947841,86.60773702,0.9952941884,2.905738671,0.0005691519636,0,0
star_only,178,1,0,-0.1262156813,0.9999943565,0.2687374121,4,-0.1579579675,-9.050324879,0.2883889998,10.26816179,19.31848667,12.37459123,0,0,0
star_only,178,1,1,-0.2146078996,0.9409737024,0.0120554145,4,-0.1579579675,-9.050324879,0.2883889998,10.26816179,19.31848667,12.37459123,0,0,0
star_only,178,2,0,0.09584147612,0.9747223947,0.2319182468,3,1.487550864,85.2303863,0.5207804452,84.55050823,0.679878077,0.533093768,0,0,0
star_only,178,2,1,0.09990797934,0.9584534435,0.01218018009,3,1.487550864,85.2303863,0.5207804452,84.55050823,0.679878077,0.533093768,0,0,0
co_independent_only,178,1,0,-0.01166947529,0.9994083952,0.2668767912,3,0.05801939305,3.324266351,0.3059391657,24.25103506,20.92676871,0,0,0.001138303927,0
co_independent_only,178,1,1,-0.07506064181,0.9825181207,0.01093197731,3,0.05801939305,3.324266351,0.3059391657,24.25103506,20.92676871,0,0,0.001138303927,0
co_independent_only,178,2,0,0.1110635497,0.9790048247,0.2436816581,3,1.478246622,84.69729254,0.5406907208,84.33190025,0.3653922809,0,0,0.001138303927,0
co_independent_only,178,2,1,0.1473818961,0.9783568095,0.0150861345,3,1.478246622,84.69729254,0.5406907208,84.33190025,0.3653922809,0,0,0.001138303927,0
star_plus_co_independent,178,1,0,-0.1358402896,0.9999943565,0.2687374121,4,-0.1579579675,-9.050324879,0.2883889998,10.26816179,19.31848667,12.37459123,0,0.001138303927,0
star_plus_co_independent,178,1,1,-0.2216140117,0.9409737024,0.0120554145,4,-0.1579579675,-9.050324879,0.2883889998,10.26816179,19.31848667,12.37459123,0,0.001138303927,0
star_plus_co_independent,178,2,0,0.1054358931,0.9747223947,0.2319182468,3,1.487550864,85.2303863,0.5207804452,84.55050823,0.679878077,0.533093768,0,0.001138303927,0
star_plus_co_independent,178,2,1,0.1075784213,0.9584534435,0.01218018009,3,1.487550864,85.2303863,0.5207804452,84.55050823,0.679878077,0.533093768,0,0.001138303927,0
star_co_plus_hi_ctl49,178,1,0,-0.1442258049,0.9999943565,0.2687374121,4,-0.1579579675,-9.050324879,0.2883889998,10.26816179,19.31848667,12.37459123,0,0.001138303927,0
star_co_plus_hi_ctl49,178,1,1,-0.2297352405,0.9409737024,0.0120554145,4,-0.1579579675,-9.050324879,0.2883889998,10.26816179,19.31848667,12.37459123,0,0.001138303927,0
star_co_plus_hi_ctl49,178,2,0,0.1127844509,0.9747223947,0.2319182468,3,1.487550864,85.2303863,0.5207804452,84.55050823,0.679878077,0.533093768,0,0.001138303927,0
star_co_plus_hi_ctl49,178,2,1,0.1121585555,0.9584534435,0.01218018009,3,1.487550864,85.2303863,0.5207804452,84.55050823,0.679878077,0.533093768,0,0.001138303927,0
star_only,179,1,0,0.01389013898,0.9892852609,0.3287690469,3,0.1706631083,9.778275823,0.31832132,26.82391799,17.04564216,6.454009472,0,0,0
star_only,179,1,1,-0.02376584029,0.9653947308,0.01469230358,3,0.1706631083,9.778275823,0.31832132,26.82391799,17.04564216,6.454009472,0,0,0
star_only,179,2,0,0.09616121116,0.9649192801,0.2811944153,3,1.491936902,85.48168776,0.533908997,85.1405639,0.341123863,0.7843952282,0,0,0
star_only,179,2,1,0.155315928,0.9964177162,0.01256764106,3,1.491936902,85.48168776,0.533908997,85.1405639,0.341123863,0.7843952282,0,0,0
co_independent_only,179,1,0,-0.01298289925,0.9994083952,0.2668767912,3,0.05801939305,3.324266351,0.3059391657,24.25103506,20.92676871,0,0,0.00796812749,0
co_independent_only,179,1,1,-0.06655423436,0.9825181207,0.01093197731,3,0.05801939305,3.324266351,0.3059391657,24.25103506,20.92676871,0,0,0.00796812749,0
co_independent_only,179,2,0,0.1073946658,0.9790048247,0.2436816581,3,1.478246622,84.69729254,0.5406907208,84.33190025,0.3653922809,0,0,0.00796812749,0
co_independent_only,179,2,1,0.1471694224,0.9783568095,0.0150861345,3,1.478246622,84.69729254,0.5406907208,84.33190025,0.3653922809,0,0,0.00796812749,0
star_plus_co_independent,179,1,0,0.006791017912,0.9892852609,0.3287690469,3,0.1706631083,9.778275823,0.31832132,26.82391799,17.04564216,6.454009472,0,0.00796812749,0
star_plus_co_independent,179,1,1,-0.02204252797,0.9653947308,0.01469230358,3,0.1706631083,9.778275823,0.31832132,26.82391799,17.04564216,6.454009472,0,0.00796812749,0
star_plus_co_independent,179,2,0,0.1003317879,0.9649192801,0.2811944153,3,1.491936902,85.48168776,0.533908997,85.1405639,0.341123863,0.7843952282,0,0.00796812749,0
star_plus_co_independent,179,2,1,0.1631754675,0.9964177162,0.01256764106,3,1.491936902,85.48168776,0.533908997,85.1405639,0.341123863,0.7843952282,0,0.00796812749,0
star_co_plus_hi_ctl49,179,1,0,0.00645714309,0.9892852609,0.3287690469,3,0.1706631083,9.778275823,0.31832132,26.82391799,17.04564216,6.454009472,0,0.00796812749,0
star_co_plus_hi_ctl49,179,1,1,-0.01997425197,0.9653947308,0.01469230358,3,0.1706631083,9.778275823,0.31832132,26.82391799,17.04564216,6.454009472,0,0.00796812749,0
star_co_plus_hi_ctl49,179,2,0,0.1106401184,0.9649192801,0.2811944153,3,1.491936902,85.48168776,0.533908997,85.1405639,0.341123863,0.7843952282,0,0.00796812749,0
star_co_plus_hi_ctl49,179,2,1,0.171870515,0.9964177162,0.01256764106,3,1.491936902,85.48168776,0.533908997,85.1405639,0.341123863,0.7843952282,0,0.00796812749,0
star_only,180,1,0,0.07107933864,0.9855598452,0.3049234413,3,0.1799877502,10.31253845,0.2414252775,37.71578553,27.40324708,6.988272096,0,0,0
star_only,180,1,1,-0.01171771407,0.999655564,0.01433091092,3,0.1799877502,10.31253845,0.2414252775,37.71578553,27.40324708,6.988272096,0,0,0
star_only,180,2,0,0.09049709243,0.964672428,0.1639671381,3,1.49976026,85.92993316,0.5485923321,85.23992807,0.6900050933,1.232640624,0,0,0
star_only,180,2,1,0.03332030815,0.7620109076,0.006966910103,3,1.49976026,85.92993316,0.5485923321,85.23992807,0.6900050933,1.232640624,0,0,0
co_independent_only,180,1,0,0.001662915958,0.9994083952,0.2668767912,3,0.05801939305,3.324266351,0.3059391657,24.25103506,20.92676871,0,0,0,0
co_independent_only,180,1,1,-0.06825757461,0.9825181207,0.01093197731,3,0.05801939305,3.324266351,0.3059391657,24.25103506,20.92676871,0,0,0,0
co_independent_only,180,2,0,0.1029965504,0.9790048247,0.2436816581,3,1.478246622,84.69729254,0.5406907208,84.33190025,0.3653922809,0,0,0,0
co_independent_only,180,2,1,0.1440873713,0.9783568095,0.0150861345,3,1.478246622,84.69729254,0.5406907208,84.33190025,0.3653922809,0,0,0,0
star_plus_co_independent,180,1,0,0.08723971356,0.9855598452,0.3049234413,3,0.1799877502,10.31253845,0.2414252775,37.71578553,27.40324708,6.988272096,0,0,0
star_plus_co_independent,180,1,1,-0.007698017591,0.999655564,0.01433091092,3,0.1799877502,10.31253845,0.2414252775,37.71578553,27.40324708,6.988272096,0,0,0
star_plus_co_independent,180,2,0,0.09372007791,0.964672428,0.1639671381,3,1.49976026,85.92993316,0.5485923321,85.23992807,0.6900050933,1.232640624,0,0,0
star_plus_co_independent,180,2,1,0.03428760998,0.7620109076,0.006966910103,3,1.49976026,85.92993316,0.5485923321,85.23992807,0.6900050933,1.232640624,0,0,0
star_co_plus_hi_ctl49,180,1,0,0.09924719407,0.9855598452,0.3049234413,3,0.1799877502,10.31253845,0.2414252775,37.71578553,27.40324708,6.988272096,0,0,0
star_co_plus_hi_ctl49,180,1,1,0.0048515908,0.999655564,0.01433091092,3,0.1799877502,10.31253845,0.2414252775,37.71578553,27.40324708,6.988272096,0,0,0
star_co_plus_hi_ctl49,180,2,0,0.08804083102,0.964672428,0.1639671381,3,1.49976026,85.92993316,0.5485923321,85.23992807,0.6900050933,1.232640624,0,0,0
star_co_plus_hi_ctl49,180,2,1,0.02530928775,0.7620109076,0.006966910103,3,1.49976026,85.92993316,0.5485923321,85.23992807,0.6900050933,1.232640624,0,0,0
star_only,181,1,0,-0.094394497,0.9990441527,0.2544121057,3,-0.07729685842,-4.428783757,0.2914958759,16.67965843,21.10844219,7.753050108,0.05862265225,0,0
star_only,181,1,1,-0.1124873381,0.9657712273,0.01465261792,3,-0.07729685842,-4.428783757,0.2914958759,16.67965843,21.10844219,7.753050108,0.05862265225,0,0
star_only,181,2,0,0.094394497,0.9990441527,0.2544121057,3,1.493750076,85.58557498,0.5677514083,85.3317863,0.2537886756,0.8882824421,0.05862265225,0,0
star_only,181,2,1,0.1124873381,0.9657712273,0.01465261792,3,1.493750076,85.58557498,0.5677514083,85.3317863,0.2537886756,0.8882824421,0.05862265225,0,0
co_independent_only,181,1,0,-0.01393710424,0.9994083952,0.2668767912,3,0.05801939305,3.324266351,0.3059391657,24.25103506,20.92676871,0,0,0,0
co_independent_only,181,1,1,-0.07330540318,0.9825181207,0.01093197731,3,0.05801939305,3.324266351,0.3059391657,24.25103506,20.92676871,0,0,0,0
co_independent_only,181,2,0,0.1072483736,0.9790048247,0.2436816581,3,1.478246622,84.69729254,0.5406907208,84.33190025,0.3653922809,0,0,0,0
co_independent_only,181,2,1,0.1406802645,0.9783568095,0.0150861345,3,1.478246622,84.69729254,0.5406907208,84.33190025,0.3653922809,0,0,0,0
star_plus_co_independent,181,1,0,-0.1016842879,0.9990441527,0.2544121057,3,-0.07729685842,-4.428783757,0.2914958759,16.67965843,21.10844219,7.753050108,0.05862265225,0,0
star_plus_co_independent,181,1,1,-0.1178757671,0.9657712273,0.01465261792,3,-0.07729685842,-4.428783757,0.2914958759,16.67965843,21.10844219,7.753050108,0.05862265225,0,0
star_plus_co_independent,181,2,0,0.1016842879,0.9990441527,0.2544121057,3,1.493750076,85.58557498,0.5677514083,85.3317863,0.2537886756,0.8882824421,0.05862265225,0,0
star_plus_co_independent,181,2,1,0.1178757671,0.9657712273,0.01465261792,3,1.493750076,85.58557498,0.5677514083,85.3317863,0.2537886756,0.8882824421,0.05862265225,0,0
star_co_plus_hi_ctl49,181,1,0,-0.1022793701,0.9990441527,0.2544121057,3,-0.07729685842,-4.428783757,0.2914958759,16.67965843,21.10844219,7.753050108,0.05862265225,0,0
star_co_plus_hi_ctl49,181,1,1,-0.1098294588,0.9657712273,0.01465261792,3,-0.07729685842,-4.428783757,0.2914958759,16.67965843,21.10844219,7.753050108,0.05862265225,0,0
star_co_plus_hi_ctl49,181,2,0,0.1022793701,0.9990441527,0.2544121057,3,1.493750076,85.58557498,0.5677514083,85.3317863,0.2537886756,0.8882824421,0.05862265225,0,0
star_co_plus_hi_ctl49,181,2,1,0.1098294588,0.9657712273,0.01465261792,3,1.493750076,85.58557498,0.5677514083,85.3317863,0.2537886756,0.8882824421,0.05862265225,0,0
star_only,182,1,0,-0.0114280213,0.9977637118,0.3751386041,3,0.0882570737,5.056757835,0.338412722,25.37649219,20.31973435,1.732491484,0.01821286283,0,0
star_only,182,1,1,-0.02405258127,0.998269918,0.01628714648,3,0.0882570737,5.056757835,0.338412722,25.37649219,20.31973435,1.732491484,0.01821286283,0,0
star_only,182,2,0,0.109382165,0.9777173007,0.3115294669,4,1.46774928,84.09583915,0.5662867438,83.86950223,0.226336926,0.6014533832,0.01821286283,0,0
star_only,182,2,1,0.1306631718,0.9954479302,0.01810531866,4,1.46774928,84.09583915,0.5662867438,83.86950223,0.226336926,0.6014533832,0.01821286283,0,0
co_independent_only,182,1,0,-0.002086700169,0.9994083952,0.2668767912,3,0.05801939305,3.324266351,0.3059391657,24.25103506,20.92676871,0,0,0,0
co_independent_only,182,1,1,-0.06779986372,0.9825181207,0.01093197731,3,0.05801939305,3.324266351,0.3059391657,24.25103506,20.92676871,0,0,0,0
co_independent_only,182,2,0,0.09838832997,0.9790048247,0.2436816581,3,1.478246622,84.69729254,0.5406907208,84.33190025,0.3653922809,0,0,0,0
co_independent_only,182,2,1,0.1347599262,0.9783568095,0.0150861345,3,1.478246622,84.69729254,0.5406907208,84.33190025,0.3653922809,0,0,0,0
star_plus_co_independent,182,1,0,-0.005682047518,0.9977637118,0.3751386041,3,0.0882570737,5.056757835,0.338412722,25.37649219,20.31973435,1.732491484,0.01821286283,0,0
star_plus_co_independent,182,1,1,-0.02170015024,0.998269918,0.01628714648,3,0.0882570737,5.056757835,0.338412722,25.37649219,20.31973435,1.732491484,0.01821286283,0,0
star_plus_co_independent,182,2,0,0.1047894603,0.9777173007,0.3115294669,4,1.46774928,84.09583915,0.5662867438,83.86950223,0.226336926,0.6014533832,0.01821286283,0,0
star_plus_co_independent,182,2,1,0.1275113179,0.9954479302,0.01810531866,4,1.46774928,84.09583915,0.5662867438,83.86950223,0.226336926,0.6014533832,0.01821286283,0,0
star_co_plus_hi_ctl49,182,1,0,0.009973708775,0.9977637118,0.3751386041,3,0.0882570737,5.056757835,0.338412722,25.37649219,20.31973435,1.732491484,0.01821286283,0,0
star_co_plus_hi_ctl49,182,1,1,-0.01339121685,0.998269918,0.01628714648,3,0.0882570737,5.056757835,0.338412722,25.37649219,20.31973435,1.732491484,0.01821286283,0,0
star_co_plus_hi_ctl49,182,2,0,0.09681118505,0.9777173007,0.3115294669,4,1.46774928,84.09583915,0.5662867438,83.86950223,0.226336926,0.6014533832,0.01821286283,0,0
star_co_plus_hi_ctl49,182,2,1,0.1286153953,0.9954479302,0.01810531866,4,1.46774928,84.09583915,0.5662867438,83.86950223,0.226336926,0.6014533832,0.01821286283,0,0
star_only,183,1,0,0.1259119729,0.9537305671,0.4288778955,4,1.055175549,60.45710558,0.08951149981,71.76160196,11.30449638,57.13283923,0.02845759818,0,0
star_only,183,1,1,0.2095247386,0.9769274875,0.01450245476,4,1.055175549,60.45710558,0.08951149981,71.76160196,11.30449638,57.13283923,0.02845759818,0,0
star_only,183,2,0,-0.07829396588,0.5196469446,0.06643130458,3,1.494355845,85.62028302,0.5786126376,84.82913901,0.7911440082,0.9229904853,0.02845759818,0,0
star_only,183,2,1,-0.2710145375,0.9807641848,0.003763382015,3,1.494355845,85.62028302,0.5786126376,84.82913901,0.7911440082,0.9229904853,0.02845759818,0,0
co_independent_only,183,1,0,-0.002886787072,0.9994083952,0.2668767912,3,0.05801939305,3.324266351,0.3059391657,24.25103506,20.92676871,0,0,0,0
co_independent_only,183,1,1,-0.07063421832,0.9825181207,0.01093197731,3,0.05801939305,3.324266351,0.3059391657,24.25103506,20.92676871,0,0,0,0
co_independent_only,183,2,0,0.09919864187,0.9790048247,0.2436816581,3,1.478246622,84.69729254,0.5406907208,84.33190025,0.3653922809,0,0,0,0
co_independent_only,183,2,1,0.1392615444,0.9783568095,0.0150861345,3,1.478246622,84.69729254,0.5406907208,84.33190025,0.3653922809,0,0,0,0
star_plus_co_independent,183,1,0,0.1356331301,0.9537305671,0.4288778955,4,1.055175549,60.45710558,0.08951149981,71.76160196,11.30449638,57.13283923,0.02845759818,0,0
star_plus_co_independent,183,1,1,0.2167446935,0.9769274875,0.01450245476,4,1.055175549,60.45710558,0.08951149981,71.76160196,11.30449638,57.13283923,0.02845759818,0,0
star_plus_co_independent,183,2,0,-0.08334250041,0.5196469446,0.06643130458,3,1.494355845,85.62028302,0.5786126376,84.82913901,0.7911440082,0.9229904853,0.02845759818,0,0
star_plus_co_independent,183,2,1,-0.278186257,0.9807641848,0.003763382015,3,1.494355845,85.62028302,0.5786126376,84.82913901,0.7911440082,0.9229904853,0.02845759818,0,0
star_co_plus_hi_ctl49,183,1,0,0.1345284864,0.9537305671,0.4288778955,4,1.055175549,60.45710558,0.08951149981,71.76160196,11.30449638,57.13283923,0.02845759818,0,0
star_co_plus_hi_ctl49,183,1,1,0.2171334304,0.9769274875,0.01450245476,4,1.055175549,60.45710558,0.08951149981,71.76160196,11.30449638,57.13283923,0.02845759818,0,0
star_co_plus_hi_ctl49,183,2,0,-0.0788009848,0.5196469446,0.06643130458,3,1.494355845,85.62028302,0.5786126376,84.82913901,0.7911440082,0.9229904853,0.02845759818,0,0
star_co_plus_hi_ctl49,183,2,1,-0.2753753954,0.9807641848,0.003763382015,3,1.494355845,85.62028302,0.5786126376,84.82913901,0.7911440082,0.9229904853,0.02845759818,0,0
star_only,184,1,0,0.06671894969,0.9993901632,0.6117399764,3,0.2983993766,17.09702489,0.3071450876,34.01057473,16.91354984,13.77275854,0,0,0
star_only,184,1,1,0.07122882803,0.9926315696,0.01222292625,3,0.2983993766,17.09702489,0.3071450876,34.01057473,16.91354984,13.77275854,0,0,0
star_only,184,2,0,0.108953881,0.8331834902,0.2270087806,3,1.4836966,85.00955326,0.5572030555,83.89392125,1.115632011,0.3122607299,0,0,0
star_only,184,2,1,0.25433343,0.9995096463,0.008574210798,3,1.4836966,85.00955326,0.5572030555,83.89392125,1.115632011,0.3122607299,0,0,0
co_independent_only,184,1,0,-0.0115929616,0.9994083952,0.2668767912,3,0.05801939305,3.324266351,0.3059391657,24.25103506,20.92676871,0,0,0.001138303927,0
co_independent_only,184,1,1,-0.0674166813,0.9825181207,0.01093197731,3,0.05801939305,3.324266351,0.3059391657,24.25103506,20.92676871,0,0,0.001138303927,0
co_independent_only,184,2,0,0.09509861691,0.9790048247,0.2436816581,3,1.478246622,84.69729254,0.5406907208,84.33190025,0.3653922809,0,0,0.001138303927,0
co_independent_only,184,2,1,0.1336509008,0.9783568095,0.0150861345,3,1.478246622,84.69729254,0.5406907208,84.33190025,0.3653922809,0,0,0.001138303927,0
star_plus_co_independent,184,1,0,0.05830614774,0.9993901632,0.6117399764,3,0.2983993766,17.09702489,0.3071450876,34.01057473,16.91354984,13.77275854,0,0.001138303927,0
star_plus_co_independent,184,1,1,0.06970194574,0.9926315696,0.01222292625,3,0.2983993766,17.09702489,0.3071450876,34.01057473,16.91354984,13.77275854,0,0.001138303927,0
star_plus_co_independent,184,2,0,0.1018684945,0.8331834902,0.2270087806,3,1.4836966,85.00955326,0.5572030555,83.89392125,1.115632011,0.3122607299,0,0.001138303927,0
star_plus_co_independent,184,2,1,0.2465662738,0.9995096463,0.008574210798,3,1.4836966,85.00955326,0.5572030555,83.89392125,1.115632011,0.3122607299,0,0.001138303927,0
star_co_plus_hi_ctl49,184,1,0,0.06168296235,0.9993901632,0.6117399764,3,0.2983993766,17.09702489,0.3071450876,34.01057473,16.91354984,13.77275854,0,0.001138303927,0
star_co_plus_hi_ctl49,184,1,1,0.06356290382,0.9926315696,0.01222292625,3,0.2983993766,17.09702489,0.3071450876,34.01057473,16.91354984,13.77275854,0,0.001138303927,0
star_co_plus_hi_ctl49,184,2,0,0.1132284444,0.8331834902,0.2270087806,3,1.4836966,85.00955326,0.5572030555,83.89392125,1.115632011,0.3122607299,0,0.001138303927,0
star_co_plus_hi_ctl49,184,2,1,0.2627723699,0.9995096463,0.008574210798,3,1.4836966,85.00955326,0.5572030555,83.89392125,1.115632011,0.3122607299,0,0.001138303927,0
star_only,185,1,0,0.1041998061,0.9689441907,0.5477408291,3,0.4904002383,28.09786393,0.2353352548,50.11471078,22.01684685,24.77359758,0.02276607854,0,0
star_only,185,1,1,0.02664742914,0.8480311681,0.01457555256,3,0.4904002383,28.09786393,0.2353352548,50.11471078,22.01684685,24.77359758,0.02276607854,0,0
star_only,185,2,0,0.108277031,0.7459891375,0.1789633601,3,1.492075531,85.48963064,0.5031765539,85.2621674,0.2274632392,0.7923381055,0.02276607854,0,0
star_only,185,2,1,0.2036439694,0.9877291415,0.009620881747,3,1.492075531,85.48963064,0.5031765539,85.2621674,0.2274632392,0.7923381055,0.02276607854,0,0
co_independent_only,185,1,0,-0.0120244261,0.9994083952,0.2668767912,3,0.05801939305,3.324266351,0.3059391657,24.25103506,20.92676871,0,0,0.006260671599,0
co_independent_only,185,1,1,-0.06711319769,0.9825181207,0.01093197731,3,0.05801939305,3.324266351,0.3059391657,24.25103506,20.92676871,0,0,0.006260671599,0
co_independent_only,185,2,0,0.1000812163,0.9790048247,0.2436816581,3,1.478246622,84.69729254,0.5406907208,84.33190025,0.3653922809,0,0,0.006260671599,0
co_independent_only,185,2,1,0.1361070816,0.9783568095,0.0150861345,3,1.478246622,84.69729254,0.5406907208,84.33190025,0.3653922809,0,0,0.006260671599,0
star_plus_co_independent,185,1,0,0.09891640402,0.9689441907,0.5477408291,3,0.4904002383,28.09786393,0.2353352548,50.11471078,22.01684685,24.77359758,0.02276607854,0.006260671599,0
star_plus_co_independent,185,1,1,0.02782071231,0.8480311681,0.01457555256,3,0.4904002383,28.09786393,0.2353352548,50.11471078,22.01684685,24.77359758,0.02276607854,0.006260671599,0
star_plus_co_independent,185,2,0,0.107227176,0.7459891375,0.1789633601,3,1.492075531,85.48963064,0.5031765539,85.2621674,0.2274632392,0.7923381055,0.02276607854,0.006260671599,0
star_plus_co_independent,185,2,1,0.1973976793,0.9877291415,0.009620881747,3,1.492075531,85.48963064,0.5031765539,85.2621674,0.2274632392,0.7923381055,0.02276607854,0.006260671599,0
star_co_plus_hi_ctl49,185,1,0,0.1125281997,0.9689441907,0.5477408291,3,0.4904002383,28.09786393,0.2353352548,50.11471078,22.01684685,24.77359758,0.02276607854,0.006260671599,0
star_co_plus_hi_ctl49,185,1,1,0.02748085114,0.8480311681,0.01457555256,3,0.4904002383,28.09786393,0.2353352548,50.11471078,22.01684685,24.77359758,0.02276607854,0.006260671599,0
star_co_plus_hi_ctl49,185,2,0,0.1202886251,0.7459891375,0.1789633601,3,1.492075531,85.48963064,0.5031765539,85.2621674,0.2274632392,0.7923381055,0.02276607854,0.006260671599,0
star_co_plus_hi_ctl49,185,2,1,0.2085181474,0.9877291415,0.009620881747,3,1.492075531,85.48963064,0.5031765539,85.2621674,0.2274632392,0.7923381055,0.02276607854,0.006260671599,0
star_only,186,1,0,-0.08918747711,0.9989991442,0.2261141211,4,0.004812851596,0.2757560839,0.2920976853,21.65615259,21.3803965,3.048510268,0,0,0
star_only,186,1,1,-0.1191135451,0.8823048467,0.008037240364,4,0.004812851596,0.2757560839,0.2920976853,21.65615259,21.3803965,3.048510268,0,0,0
star_only,186,2,0,0.09342217056,0.9997416838,0.2252331459,3,1.526976517,87.48930984,0.5698322733,87.03442804,0.4548817962,2.792017305,0,0,0
star_only,186,2,1,0.1396200515,0.9096090902,0.009566020032,3,1.526976517,87.48930984,0.5698322733,87.03442804,0.4548817962,2.792017305,0,0,0
co_independent_only,186,1,0,0.004682379938,0.9994083952,0.2668767912,3,0.05801939305,3.324266351,0.3059391657,24.25103506,20.92676871,0,0,0,0
co_independent_only,186,1,1,-0.06726217425,0.9825181207,0.01093197731,3,0.05801939305,3.324266351,0.3059391657,24.25103506,20.92676871,0,0,0,0
co_independent_only,186,2,0,0.09051732291,0.9790048247,0.2436816581,3,1.478246622,84.69729254,0.5406907208,84.33190025,0.3653922809,0,0,0,0
co_independent_only,186,2,1,0.1323921945,0.9783568095,0.0150861345,3,1.478246622,84.69729254,0.5406907208,84.33190025,0.3653922809,0,0,0,0
star_plus_co_independent,186,1,0,-0.07829473726,0.9989991442,0.2261141211,4,0.004812851596,0.2757560839,0.2920976853,21.65615259,21.3803965,3.048510268,0,0,0
star_plus_co_independent,186,1,1,-0.1144460189,0.8823048467,0.008037240364,4,0.004812851596,0.2757560839,0.2920976853,21.65615259,21.3803965,3.048510268,0,0,0
star_plus_co_independent,186,2,0,0.08417128928,0.9997416838,0.2252331459,3,1.526976517,87.48930984,0.5698322733,87.03442804,0.4548817962,2.792017305,0,0,0
star_plus_co_independent,186,2,1,0.1328226001,0.9096090902,0.009566020032,3,1.526976517,87.48930984,0.5698322733,87.03442804,0.4548817962,2.792017305,0,0,0
star_co_plus_hi_ctl49,186,1,0,-0.07695876284,0.9989991442,0.2261141211,4,0.004812851596,0.2757560839,0.2920976853,21.65615259,21.3803965,3.048510268,0,0,0
star_co_plus_hi_ctl49,186,1,1,-0.103823836,0.8823048467,0.008037240364,4,0.004812851596,0.2757560839,0.2920976853,21.65615259,21.3803965,3.048510268,0,0,0
star_co_plus_hi_ctl49,186,2,0,0.08163967653,0.9997416838,0.2252331459,3,1.526976517,87.48930984,0.5698322733,87.03442804,0.4548817962,2.792017305,0,0,0
star_co_plus_hi_ctl49,186,2,1,0.1235889999,0.9096090902,0.009566020032,3,1.526976517,87.48930984,0.5698322733,87.03442804,0.4548817962,2.792017305,0,0,0
star_only,187,1,0,-0.1499726589,0.9873635206,0.2121523634,4,-0.2346184274,-13.44264569,0.2564863538,12.72703392,26.16967961,16.76691204,0,0,0
star_only,187,1,1,-0.126168131,0.9963952155,0.01044914437,4,-0.2346184274,-13.44264569,0.2564863538,12.72703392,26.16967961,16.76691204,0,0,0
star_only,187,2,0,0.1013991192,0.9995455412,0.1932419412,4,1.40649091,80.58599307,0.5448549424,81.16886764,0.5828745643,4.111299464,0,0,0
star_only,187,2,1,0.07615339783,0.9970519595,0.01277706042,4,1.40649091,80.58599307,0.5448549424,81.16886764,0.5828745643,4.111299464,0,0,0
co_independent_only,187,1,0,0.002139371088,0.9994083952,0.2668767912,3,0.05801939305,3.324266351,0.3059391657,24.25103506,20.92676871,0,0,0.002845759818,0
co_independent_only,187,1,1,-0.0556687619,0.9825181207,0.01093197731,3,0.05801939305,3.324266351,0.3059391657,24.25103506,20.92676871,0,0,0.002845759818,0
co_independent_only,187,2,0,0.09543136106,0.9790048247,0.2436816581,3,1.478246622,84.69729254,0.5406907208,84.33190025,0.3653922809,0,0,0.002845759818,0
co_independent_only,187,2,1,0.1324977386,0.9783568095,0.0150861345,3,1.478246622,84.69729254,0.5406907208,84.33190025,0.3653922809,0,0,0.002845759818,0
star_plus_co_independent,187,1,0,-0.1444875693,0.9873635206,0.2121523634,4,-0.2346184274,-13.44264569,0.2564863538,12.72703392,26.16967961,16.76691204,0,0.002845759818,0
star_plus_co_independent,187,1,1,-0.1166273564,0.9963952155,0.01044914437,4,-0.2346184274,-13.44264569,0.2564863538,12.72703392,26.16967961,16.76691204,0,0.002845759818,0
star_plus_co_independent,187,2,0,0.09088439491,0.9995455412,0.1932419412,4,1.40649091,80.58599307,0.5448549424,81.16886764,0.5828745643,4.111299464,0,0.002845759818,0
star_plus_co_independent,187,2,1,0.0682820185,0.9970519595,0.01277706042,4,1.40649091,80.58599307,0.5448549424,81.16886764,0.5828745643,4.111299464,0,0.002845759818,0
star_co_plus_hi_ctl49,187,1,0,-0.140693708,0.9873635206,0.2121523634,4,-0.2346184274,-13.44264569,0.2564863538,12.72703392,26.16967961,16.76691204,0,0.002845759818,0
star_co_plus_hi_ctl49,187,1,1,-0.1102556017,0.9963952155,0.01044914437,4,-0.2346184274,-13.44264569,0.2564863538,12.72703392,26.16967961,16.76691204,0,0.002845759818,0
star_co_plus_hi_ctl49,187,2,0,0.08670140774,0.9995455412,0.1932419412,4,1.40649091,80.58599307,0.5448549424,81.16886764,0.5828745643,4.111299464,0,0.002845759818,0
star_co_plus_hi_ctl49,187,2,1,0.06038773815,0.9970519595,0.01277706042,4,1.40649091,80.58599307,0.5448549424,81.16886764,0.5828745643,4.111299464,0,0.002845759818,0
star_only,188,1,0,0.03418950631,0.9992508421,0.4907183131,3,0.1697700885,9.72710956,0.3855339901,29.21168995,19.48458039,6.402843208,0,0,0
star_only,188,1,1,0.03018692743,0.9821903924,0.02352362509,3,0.1697700885,9.72710956,0.3855339901,29.21168995,19.48458039,6.402843208,0,0,0
star_only,188,2,0,0.1110111331,0.865277536,0.2552058931,4,1.468437841,84.13529078,0.5605975053,83.57186856,0.5634222192,0.5620017553,0,0,0
star_only,188,2,1,0.1451418909,0.9655020808,0.01198051351,4,1.468437841,84.13529078,0.5605975053,83.57186856,0.5634222192,0.5620017553,0,0,0
co_independent_only,188,1,0,-0.01266925805,0.9994083952,0.2668767912,3,0.05801939305,3.324266351,0.3059391657,24.25103506,20.92676871,0,0,0.006260671599,0
co_independent_only,188,1,1,-0.06924367135,0.9825181207,0.01093197731,3,0.05801939305,3.324266351,0.3059391657,24.25103506,20.92676871,0,0,0.006260671599,0
co_independent_only,188,2,0,0.1042958415,0.9790048247,0.2436816581,3,1.478246622,84.69729254,0.5406907208,84.33190025,0.3653922809,0,0,0.006260671599,0
co_independent_only,188,2,1,0.1333840057,0.9783568095,0.0150861345,3,1.478246622,84.69729254,0.5406907208,84.33190025,0.3653922809,0,0,0.006260671599,0
star_plus_co_independent,188,1,0,0.03302123151,0.9992508421,0.4907183131,3,0.1697700885,9.72710956,0.3855339901,29.21168995,19.48458039,6.402843208,0,0.006260671599,0
star_plus_co_independent,188,1,1,0.03317436885,0.9821903924,0.02352362509,3,0.1697700885,9.72710956,0.3855339901,29.21168995,19.48458039,6.402843208,0,0.006260671599,0
star_plus_co_independent,188,2,0,0.1127168459,0.865277536,0.2552058931,4,1.468437841,84.13529078,0.5605975053,83.57186856,0.5634222192,0.5620017553,0,0.006260671599,0
star_plus_co_independent,188,2,1,0.1403960914,0.9655020808,0.01198051351,4,1.468437841,84.13529078,0.5605975053,83.57186856,0.5634222192,0.5620017553,0,0.006260671599,0
star_co_plus_hi_ctl49,188,1,0,0.03326428285,0.9992508421,0.4907183131,3,0.1697700885,9.72710956,0.3855339901,29.21168995,19.48458039,6.402843208,0,0.006260671599,0
star_co_plus_hi_ctl49,188,1,1,0.03543525132,0.9821903924,0.02352362509,3,0.1697700885,9.72710956,0.3855339901,29.21168995,19.48458039,6.402843208,0,0.006260671599,0
star_co_plus_hi_ctl49,188,2,0,0.1122898849,0.865277536,0.2552058931,4,1.468437841,84.13529078,0.5605975053,83.57186856,0.5634222192,0.5620017553,0,0.006260671599,0
star_co_plus_hi_ctl49,188,2,1,0.1482177318,0.9655020808,0.01198051351,4,1.468437841,84.13529078,0.5605975053,83.57186856,0.5634222192,0.5620017553,0,0.006260671599,0
star_only,189,1,0,-0.008185078998,0.9996609907,0.2802814364,3,0.09818618453,5.62565398,0.3337080313,24.17836004,18.55270606,2.301387629,0,0,0
star_only,189,1,1,0.003527616061,0.9991834722,0.01203922071,3,0.09818618453,5.62565398,0.3337080313,24.17836004,18.55270606,2.301387629,0,0,0
star_only,189,2,0,0.1053863952,0.9804871143,0.2434076912,3,1.489069325,85.31738774,0.5457608345,84.89682162,0.4205661201,0.6200952084,0,0,0
star_only,189,2,1,0.1514888528,0.9862930484,0.01078756053,3,1.489069325,85.31738774,0.5457608345,84.89682162,0.4205661201,0.6200952084,0,0,0
co_independent_only,189,1,0,-0.008341821133,0.9994083952,0.2668767912,3,0.05801939305,3.324266351,0.3059391657,24.25103506,20.92676871,0,0,0.0005691519636,0
co_independent_only,189,1,1,-0.06768198752,0.9825181207,0.01093197731,3,0.05801939305,3.324266351,0.3059391657,24.25103506,20.92676871,0,0,0.0005691519636,0
co_independent_only,189,2,0,0.09826164472,0.9790048247,0.2436816581,3,1.478246622,84.69729254,0.5406907208,84.33190025,0.3653922809,0,0,0.0005691519636,0
co_independent_only,189,2,1,0.1388393723,0.9783568095,0.0150861345,3,1.478246622,84.69729254,0.5406907208,84.33190025,0.3653922809,0,0,0.0005691519636,0
star_plus_co_independent,189,1,0,-0.0109215171,0.9996609907,0.2802814364,3,0.09818618453,5.62565398,0.3337080313,24.17836004,18.55270606,2.301387629,0,0.0005691519636,0
star_plus_co_independent,189,1,1,0.008183331485,0.9991834722,0.01203922071,3,0.09818618453,5.62565398,0.3337080313,24.17836004,18.55270606,2.301387629,0,0.0005691519636,0
star_plus_co_independent,189,2,0,0.1007224068,0.9804871143,0.2434076912,3,1.489069325,85.31738774,0.5457608345,84.89682162,0.4205661201,0.6200952084,0,0.0005691519636,0
star_plus_co_independent,189,2,1,0.15057138,0.9862930484,0.01078756053,3,1.489069325,85.31738774,0.5457608345,84.89682162,0.4205661201,0.6200952084,0,0.0005691519636,0
star_co_plus_hi_ctl49,189,1,0,-0.01043105972,0.9996609907,0.2802814364,3,0.09818618453,5.62565398,0.3337080313,24.17836004,18.55270606,2.301387629,0,0.0005691519636,0
star_co_plus_hi_ctl49,189,1,1,0.01350842497,0.9991834722,0.01203922071,3,0.09818618453,5.62565398,0.3337080313,24.17836004,18.55270606,2.301387629,0,0.0005691519636,0
star_co_plus_hi_ctl49,189,2,0,0.1031449517,0.9804871143,0.2434076912,3,1.489069325,85.31738774,0.5457608345,84.89682162,0.4205661201,0.6200952084,0,0.0005691519636,0
star_co_plus_hi_ctl49,189,2,1,0.1521290908,0.9862930484,0.01078756053,3,1.489069325,85.31738774,0.5457608345,84.89682162,0.4205661201,0.6200952084,0,0.0005691519636,0
star_only,190,1,0,-0.07957979628,0.9962790189,0.2160255067,3,-0.06364042353,-3.646327675,0.2365696021,22.48499842,26.13132609,6.970594026,0.002276607854,0,0
star_only,190,1,1,-0.06025640284,0.9146244546,0.01057313658,3,-0.06364042353,-3.646327675,0.2365696021,22.48499842,26.13132609,6.970594026,0.002276607854,0,0
star_only,190,2,0,0.1012172566,0.9926718115,0.2066105592,3,1.473151679,84.40537379,0.5365087746,83.87783006,0.5275437316,0.2919187442,0.002276607854,0,0
star_only,190,2,1,0.1085238151,0.9206112623,0.01338976032,3,1.473151679,84.40537379,0.5365087746,83.87783006,0.5275437316,0.2919187442,0.002276607854,0,0
co_independent_only,190,1,0,-0.01621255147,0.9994083952,0.2668767912,3,0.05801939305,3.324266351,0.3059391657,24.25103506,20.92676871,0,0,0.0005691519636,0
co_independent_only,190,1,1,-0.07489584845,0.9825181207,0.01093197731,3,0.05801939305,3.324266351,0.3059391657,24.25103506,20.92676871,0,0,0.0005691519636,0
co_independent_only,190,2,0,0.1142648416,0.9790048247,0.2436816581,3,1.478246622,84.69729254,0.5406907208,84.33190025,0.3653922809,0,0,0.0005691519636,0
co_independent_only,190,2,1,0.1499237455,0.9783568095,0.0150861345,3,1.478246622,84.69729254,0.5406907208,84.33190025,0.3653922809,0,0,0.0005691519636,0
star_plus_co_independent,190,1,0,-0.09196958968,0.9962790189,0.2160255067,3,-0.06364042353,-3.646327675,0.2365696021,22.48499842,26.13132609,6.970594026,0.002276607854,0.0005691519636,0
star_plus_co_independent,190,1,1,-0.07115249624,0.9146244546,0.01057313658,3,-0.06364042353,-3.646327675,0.2365696021,22.48499842,26.13132609,6.970594026,0.002276607854,0.0005691519636,0
star_plus_co_independent,190,2,0,0.1130431542,0.9926718115,0.2066105592,3,1.473151679,84.40537379,0.5365087746,83.87783006,0.5275437316,0.2919187442,0.002276607854,0.0005691519636,0
star_plus_co_independent,190,2,1,0.119093165,0.9206112623,0.01338976032,3,1.473151679,84.40537379,0.5365087746,83.87783006,0.5275437316,0.2919187442,0.002276607854,0.0005691519636,0
star_co_plus_hi_ctl49,190,1,0,-0.0774095996,0.9962790189,0.2160255067,3,-0.06364042353,-3.646327675,0.2365696021,22.48499842,26.13132609,6.970594026,0.002276607854,0.0005691519636,0
star_co_plus_hi_ctl49,190,1,1,-0.06134298765,0.9146244546,0.01057313658,3,-0.06364042353,-3.646327675,0.2365696021,22.48499842,26.13132609,6.970594026,0.002276607854,0.0005691519636,0
star_co_plus_hi_ctl49,190,2,0,0.09665471583,0.9926718115,0.2066105592,3,1.473151679,84.40537379,0.5365087746,83.87783006,0.5275437316,0.2919187442,0.002276607854,0.0005691519636,0
star_co_plus_hi_ctl49,190,2,1,0.1084189146,0.9206112623,0.01338976032,3,1.473151679,84.40537379,0.5365087746,83.87783006,0.5275437316,0.2919187442,0.002276607854,0.0005691519636,0
star_only,191,1,0,0.07290067564,0.9883465303,0.6273925147,4,0.4075494923,23.35086585,0.282751459,45.41790334,22.06703748,20.0265995,0,0,0
star_only,191,1,1,0.04630413481,0.958263981,0.02177343242,4,0.4075494923,23.35086585,0.282751459,45.41790334,22.06703748,20.0265995,0,0,0
star_only,191,2,0,0.1012766061,0.7391597617,0.171588606,3,1.519680449,87.07127596,0.549060353,86.66262351,0.4086524489,2.373983422,0,0,0
star_only,191,2,1,0.1167692577,0.9383907369,0.007104050002,3,1.519680449,87.07127596,0.549060353,86.66262351,0.4086524489,2.373983422,0,0,0
co_independent_only,191,1,0,-0.01076352792,0.9994083952,0.2668767912,3,0.05801939305,3.324266351,0.3059391657,24.25103506,20.92676871,0,0,0.002845759818,0
co_independent_only,191,1,1,-0.07471484049,0.9825181207,0.01093197731,3,0.05801939305,3.324266351,0.3059391657,24.25103506,20.92676871,0,0,0.002845759818,0
co_independent_only,191,2,0,0.1110450756,0.9790048247,0.2436816581,3,1.478246622,84.69729254,0.5406907208,84.33190025,0.3653922809,0,0,0.002845759818,0
co_independent_only,191,2,1,0.1465133489,0.9783568095,0.0150861345,3,1.478246622,84.69729254,0.5406907208,84.33190025,0.3653922809,0,0,0.002845759818,0
star_plus_co_independent,191,1,0,0.07304302021,0.9883465303,0.6273925147,4,0.4075494923,23.35086585,0.282751459,45.41790334,22.06703748,20.0265995,0,0.002845759818,0
star_plus_co_independent,191,1,1,0.04752820636,0.958263981,0.02177343242,4,0.4075494923,23.35086585,0.282751459,45.41790334,22.06703748,20.0265995,0,0.002845759818,0
star_plus_co_independent,191,2,0,0.1098056217,0.7391597617,0.171588606,3,1.519680449,87.07127596,0.549060353,86.66262351,0.4086524489,2.373983422,0,0.002845759818,0
star_plus_co_independent,191,2,1,0.1246393142,0.9383907369,0.007104050002,3,1.519680449,87.07127596,0.549060353,86.66262351,0.4086524489,2.373983422,0,0.002845759818,0
star_co_plus_hi_ctl49,191,1,0,0.06526789477,0.9883465303,0.6273925147,4,0.4075494923,23.35086585,0.282751459,45.41790334,22.06703748,20.0265995,0,0.002845759818,0
star_co_plus_hi_ctl49,191,1,1,0.05077212225,0.958263981,0.02177343242,4,0.4075494923,23.35086585,0.282751459,45.41790334,22.06703748,20.0265995,0,0.002845759818,0
star_co_plus_hi_ctl49,191,2,0,0.1068647539,0.7391597617,0.171588606,3,1.519680449,87.07127596,0.549060353,86.66262351,0.4086524489,2.373983422,0,0.002845759818,0
star_co_plus_hi_ctl49,191,2,1,0.1146993183,0.9383907369,0.007104050002,3,1.519680449,87.07127596,0.549060353,86.66262351,0.4086524489,2.373983422,0,0.002845759818,0
star_only,192,1,0,-0.0121898139,0.9980239574,0.2766937083,4,0.02122715101,1.216226164,0.3496827672,18.29524166,17.07901549,2.108040187,0.01992031873,0,0
star_only,192,1,1,-0.0661037514,0.9901201117,0.01181880427,4,0.02122715101,1.216226164,0.3496827672,18.29524166,17.07901549,2.108040187,0.01992031873,0,0
star_only,192,2,0,0.1149302733,0.9743832385,0.2961772326,4,1.452394823,83.21609354,0.5199238642,83.02742168,0.188671861,1.481198996,0.01992031873,0,0
star_only,192,2,1,0.1487238571,0.9855018691,0.01540460118,4,1.452394823,83.21609354,0.5199238642,83.02742168,0.188671861,1.481198996,0.01992031873,0,0
co_independent_only,192,1,0,-0.01581737675,0.9994083952,0.2668767912,3,0.05801939305,3.324266351,0.3059391657,24.25103506,20.92676871,0,0,0.005122367672,0
co_independent_only,192,1,1,-0.07344805786,0.9825181207,0.01093197731,3,0.05801939305,3.324266351,0.3059391657,24.25103506,20.92676871,0,0,0.005122367672,0
co_independent_only,192,2,0,0.1086195027,0.9790048247,0.2436816581,3,1.478246622,84.69729254,0.5406907208,84.33190025,0.3653922809,0,0,0.005122367672,0
co_independent_only,192,2,1,0.1368638709,0.9783568095,0.0150861345,3,1.478246622,84.69729254,0.5406907208,84.33190025,0.3653922809,0,0,0.005122367672,0
star_plus_co_independent,192,1,0,-0.02035746418,0.9980239574,0.2766937083,4,0.02122715101,1.216226164,0.3496827672,18.29524166,17.07901549,2.108040187,0.01992031873,0.005122367672,0
star_plus_co_independent,192,1,1,-0.06842507702,0.9901201117,0.01181880427,4,0.02122715101,1.216226164,0.3496827672,18.29524166,17.07901549,2.108040187,0.01992031873,0.005122367672,0
star_plus_co_independent,192,2,0,0.118297223,0.9743832385,0.2961772326,4,1.452394823,83.21609354,0.5199238642,83.02742168,0.188671861,1.481198996,0.01992031873,0.005122367672,0
star_plus_co_independent,192,2,1,0.1412638312,0.9855018691,0.01540460118,4,1.452394823,83.21609354,0.5199238642,83.02742168,0.188671861,1.481198996,0.01992031873,0.005122367672,0
star_co_plus_hi_ctl49,192,1,0,-0.01740439148,0.9980239574,0.2766937083,4,0.02122715101,1.216226164,0.3496827672,18.29524166,17.07901549,2.108040187,0.01992031873,0.005122367672,0
star_co_plus_hi_ctl49,192,1,1,-0.07078888982,0.9901201117,0.01181880427,4,0.02122715101,1.216226164,0.3496827672,18.29524166,17.07901549,2.108040187,0.01992031873,0.005122367672,0
star_co_plus_hi_ctl49,192,2,0,0.117432867,0.9743832385,0.2961772326,4,1.452394823,83.21609354,0.5199238642,83.02742168,0.188671861,1.481198996,0.01992031873,0.005122367672,0
star_co_plus_hi_ctl49,192,2,1,0.1370979625,0.9855018691,0.01540460118,4,1.452394823,83.21609354,0.5199238642,83.02742168,0.188671861,1.481198996,0.01992031873,0.005122367672,0
star_only,193,1,0,-0.1400106378,0.9988209132,0.2690377119,4,-0.2030727325,-11.6352105,0.303100771,12.85326191,24.48847241,14.95947686,0.03357996585,0,0
star_only,193,1,1,-0.1652910279,0.9999169425,0.01601951767,4,-0.2030727325,-11.6352105,0.303100771,12.85326191,24.48847241,14.95947686,0.03357996585,0,0
star_only,193,2,0,0.1050620931,0.9990590586,0.2285391455,4,1.451054265,83.13928522,0.5414187603,83.16330457,0.02401935494,1.558007319,0.03357996585,0,0
star_only,193,2,1,0.1442029792,0.9569460168,0.01664209764,4,1.451054265,83.13928522,0.5414187603,83.16330457,0.02401935494,1.558007319,0.03357996585,0,0
co_independent_only,193,1,0,-0.002485498503,0.9994083952,0.2668767912,3,0.05801939305,3.324266351,0.3059391657,24.25103506,20.92676871,0,0,0,0
co_independent_only,193,1,1,-0.06728314595,0.9825181207,0.01093197731,3,0.05801939305,3.324266351,0.3059391657,24.25103506,20.92676871,0,0,0,0
co_independent_only,193,2,0,0.1013572317,0.9790048247,0.2436816581,3,1.478246622,84.69729254,0.5406907208,84.33190025,0.3653922809,0,0,0,0
co_independent_only,193,2,1,0.1401400613,0.9783568095,0.0150861345,3,1.478246622,84.69729254,0.5406907208,84.33190025,0.3653922809,0,0,0,0
star_plus_co_independent,193,1,0,-0.1426470617,0.9988209132,0.2690377119,4,-0.2030727325,-11.6352105,0.303100771,12.85326191,24.48847241,14.95947686,0.03357996585,0,0
star_plus_co_independent,193,1,1,-0.1662295521,0.9999169425,0.01601951767,4,-0.2030727325,-11.6352105,0.303100771,12.85326191,24.48847241,14.95947686,0.03357996585,0,0
star_plus_co_independent,193,2,0,0.1020510471,0.9990590586,0.2285391455,4,1.451054265,83.13928522,0.5414187603,83.16330457,0.02401935494,1.558007319,0.03357996585,0,0
star_plus_co_independent,193,2,1,0.1421355527,0.9569460168,0.01664209764,4,1.451054265,83.13928522,0.5414187603,83.16330457,0.02401935494,1.558007319,0.03357996585,0,0
star_co_plus_hi_ctl49,193,1,0,-0.1432626639,0.9988209132,0.2690377119,4,-0.2030727325,-11.6352105,0.303100771,12.85326191,24.48847241,14.95947686,0.03357996585,0,0
star_co_plus_hi_ctl49,193,1,1,-0.1713924552,0.9999169425,0.01601951767,4,-0.2030727325,-11.6352105,0.303100771,12.85326191,24.48847241,14.95947686,0.03357996585,0,0
star_co_plus_hi_ctl49,193,2,0,0.09648489943,0.9990590586,0.2285391455,4,1.451054265,83.13928522,0.5414187603,83.16330457,0.02401935494,1.558007319,0.03357996585,0,0
star_co_plus_hi_ctl49,193,2,1,0.1504627714,0.9569460168,0.01664209764,4,1.451054265,83.13928522,0.5414187603,83.16330457,0.02401935494,1.558007319,0.03357996585,0,0
star_only,194,1,0,-0.008811417638,0.9994111406,0.2566036673,3,0.04179323589,2.394576029,0.3266667973,18.53968749,16.14511146,0.9296903225,0,0,0
star_only,194,1,1,-0.04583290418,0.9058353448,0.007041951539,3,0.04179323589,2.394576029,0.3266667973,18.53968749,16.14511146,0.9296903225,0,0,0
star_only,194,2,0,0.09583374669,0.9958439871,0.2840270286,3,1.503674013,86.15417468,0.552980014,85.4049021,0.7492725828,1.456882149,0,0,0
star_only,194,2,1,0.1980458253,0.9926274607,0.01081587461,3,1.503674013,86.15417468,0.552980014,85.4049021,0.7492725828,1.456882149,0,0,0
co_independent_only,194,1,0,0.009970334208,0.9994083952,0.2668767912,3,0.05801939305,3.324266351,0.3059391657,24.25103506,20.92676871,0,0,0.001707455891,0
co_independent_only,194,1,1,-0.06228171674,0.9825181207,0.01093197731,3,0.05801939305,3.324266351,0.3059391657,24.25103506,20.92676871,0,0,0.001707455891,0
co_independent_only,194,2,0,0.09873682452,0.9790048247,0.2436816581,3,1.478246622,84.69729254,0.5406907208,84.33190025,0.3653922809,0,0,0.001707455891,0
co_independent_only,194,2,1,0.1383581588,0.9783568095,0.0150861345,3,1.478246622,84.69729254,0.5406907208,84.33190025,0.3653922809,0,0,0.001707455891,0
star_plus_co_independent,194,1,0,0.005834146963,0.9994111406,0.2566036673,3,0.04179323589,2.394576029,0.3266667973,18.53968749,16.14511146,0.9296903225,0,0.001707455891,0
star_plus_co_independent,194,1,1,-0.04145692999,0.9058353448,0.007041951539,3,0.04179323589,2.394576029,0.3266667973,18.53968749,16.14511146,0.9296903225,0,0.001707455891,0
star_plus_co_independent,194,2,0,0.09457273321,0.9958439871,0.2840270286,3,1.503674013,86.15417468,0.552980014,85.4049021,0.7492725828,1.456882149,0,0.001707455891,0
star_plus_co_independent,194,2,1,0.1982410973,0.9926274607,0.01081587461,3,1.503674013,86.15417468,0.552980014,85.4049021,0.7492725828,1.456882149,0,0.001707455891,0
star_co_plus_hi_ctl49,194,1,0,0.01147862862,0.9994111406,0.2566036673,3,0.04179323589,2.394576029,0.3266667973,18.53968749,16.14511146,0.9296903225,0,0.001707455891,0
star_co_plus_hi_ctl49,194,1,1,-0.04834627804,0.9058353448,0.007041951539,3,0.04179323589,2.394576029,0.3266667973,18.53968749,16.14511146,0.9296903225,0,0.001707455891,0
star_co_plus_hi_ctl49,194,2,0,0.08715101124,0.9958439871,0.2840270286,3,1.503674013,86.15417468,0.552980014,85.4049021,0.7492725828,1.456882149,0,0.001707455891,0
star_co_plus_hi_ctl49,194,2,1,0.1990612155,0.9926274607,0.01081587461,3,1.503674013,86.15417468,0.552980014,85.4049021,0.7492725828,1.456882149,0,0.001707455891,0
star_only,195,1,0,0.0880441458,0.9907219335,0.7613180948,3,0.5104879871,29.24880715,0.2696748771,47.7307052,18.48189805,25.9245408,0,0,0
star_only,195,1,1,0.03390504542,0.7604184373,0.01478816273,3,0.5104879871,29.24880715,0.2696748771,47.7307052,18.48189805,25.9245408,0,0,0
star_only,195,2,0,0.1140530258,0.6132367343,0.1623267444,4,1.460241124,83.66565346,0.5412458975,83.15810702,0.5075464429,1.03163907,0,0,0
star_only,195,2,1,0.2127073194,0.8306933343,0.003369510363,4,1.460241124,83.66565346,0.5412458975,83.15810702,0.5075464429,1.03163907,0,0,0
co_independent_only,195,1,0,0.001776031621,0.9994083952,0.2668767912,3,0.05801939305,3.324266351,0.3059391657,24.25103506,20.92676871,0,0,0.006829823563,0
co_independent_only,195,1,1,-0.06532054123,0.9825181207,0.01093197731,3,0.05801939305,3.324266351,0.3059391657,24.25103506,20.92676871,0,0,0.006829823563,0
co_independent_only,195,2,0,0.08603665977,0.9790048247,0.2436816581,3,1.478246622,84.69729254,0.5406907208,84.33190025,0.3653922809,0,0,0.006829823563,0
co_independent_only,195,2,1,0.1320438904,0.9783568095,0.0150861345,3,1.478246622,84.69729254,0.5406907208,84.33190025,0.3653922809,0,0,0.006829823563,0
star_plus_co_independent,195,1,0,0.07627899882,0.9907219335,0.7613180948,3,0.5104879871,29.24880715,0.2696748771,47.7307052,18.48189805,25.9245408,0,0.006829823563,0
star_plus_co_independent,195,1,1,0.02376350039,0.7604184373,0.01478816273,3,0.5104879871,29.24880715,0.2696748771,47.7307052,18.48189805,25.9245408,0,0.006829823563,0
star_plus_co_independent,195,2,0,0.09371294445,0.6132367343,0.1623267444,4,1.460241124,83.66565346,0.5412458975,83.15810702,0.5075464429,1.03163907,0,0.006829823563,0
star_plus_co_independent,195,2,1,0.1993708685,0.8306933343,0.003369510363,4,1.460241124,83.66565346,0.5412458975,83.15810702,0.5075464429,1.03163907,0,0.006829823563,0
star_co_plus_hi_ctl49,195,1,0,0.07542593179,0.9907219335,0.7613180948,3,0.5104879871,29.24880715,0.2696748771,47.7307052,18.48189805,25.9245408,0,0.006829823563,0
star_co_plus_hi_ctl49,195,1,1,0.02791958221,0.7604184373,0.01478816273,3,0.5104879871,29.24880715,0.2696748771,47.7307052,18.48189805,25.9245408,0,0.006829823563,0
star_co_plus_hi_ctl49,195,2,0,0.08488034759,0.6132367343,0.1623267444,4,1.460241124,83.66565346,0.5412458975,83.15810702,0.5075464429,1.03163907,0,0.006829823563,0
star_co_plus_hi_ctl49,195,2,1,0.1907170496,0.8306933343,0.003369510363,4,1.460241124,83.66565346,0.5412458975,83.15810702,0.5075464429,1.03163907,0,0.006829823563,0
star_only,196,1,0,-0.1254894778,0.9999890563,0.2560458724,4,-0.1138726219,-6.524420635,0.3554355023,11.10467277,17.6290934,9.848686987,0,0,0
star_only,196,1,1,-0.1707407588,0.9981902661,0.01712017964,4,-0.1138726219,-6.524420635,0.3554355023,11.10467277,17.6290934,9.848686987,0,0,0
star_only,196,2,0,0.1052046808,0.9862244843,0.2474917924,3,1.489338558,85.33281366,0.4902575654,84.98684033,0.3459733292,0.6355211245,0,0,0
star_only,196,2,1,0.1137580336,0.963874499,0.0154521219,3,1.489338558,85.33281366,0.4902575654,84.98684033,0.3459733292,0.6355211245,0,0,0
co_independent_only,196,1,0,0.003476601843,0.9994083952,0.2668767912,3,0.05801939305,3.324266351,0.3059391657,24.25103506,20.92676871,0,0,0,0
co_independent_only,196,1,1,-0.06415713822,0.9825181207,0.01093197731,3,0.05801939305,3.324266351,0.3059391657,24.25103506,20.92676871,0,0,0,0
co_independent_only,196,2,0,0.09650634145,0.9790048247,0.2436816581,3,1.478246622,84.69729254,0.5406907208,84.33190025,0.3653922809,0,0,0,0
co_independent_only,196,2,1,0.1370216189,0.9783568095,0.0150861345,3,1.478246622,84.69729254,0.5406907208,84.33190025,0.3653922809,0,0,0,0
star_plus_co_independent,196,1,0,-0.1205432698,0.9999890563,0.2560458724,4,-0.1138726219,-6.524420635,0.3554355023,11.10467277,17.6290934,9.848686987,0,0,0
star_plus_co_independent,196,1,1,-0.1690232131,0.9981902661,0.01712017964,4,-0.1138726219,-6.524420635,0.3554355023,11.10467277,17.6290934,9.848686987,0,0,0
star_plus_co_independent,196,2,0,0.09947221854,0.9862244843,0.2474917924,3,1.489338558,85.33281366,0.4902575654,84.98684033,0.3459733292,0.6355211245,0,0,0
star_plus_co_independent,196,2,1,0.1112719454,0.963874499,0.0154521219,3,1.489338558,85.33281366,0.4902575654,84.98684033,0.3459733292,0.6355211245,0,0,0
star_co_plus_hi_ctl49,196,1,0,-0.1229635411,0.9999890563,0.2560458724,4,-0.1138726219,-6.524420635,0.3554355023,11.10467277,17.6290934,9.848686987,0,0,0
star_co_plus_hi_ctl49,196,1,1,-0.1676897493,0.9981902661,0.01712017964,4,-0.1138726219,-6.524420635,0.3554355023,11.10467277,17.6290934,9.848686987,0,0,0
star_co_plus_hi_ctl49,196,2,0,0.106155653,0.9862244843,0.2474917924,3,1.489338558,85.33281366,0.4902575654,84.98684033,0.3459733292,0.6355211245,0,0,0
star_co_plus_hi_ctl49,196,2,1,0.1127676846,0.963874499,0.0154521219,3,1.489338558,85.33281366,0.4902575654,84.98684033,0.3459733292,0.6355211245,0,0,0
star_only,197,1,0,-0.1072589307,0.9993178813,0.2091277887,4,-0.1030600201,-5.904904186,0.3059316061,13.90440405,19.80930824,9.229170537,0,0,0
star_only,197,1,1,-0.1820088441,0.9711635084,0.009851550181,4,-0.1030600201,-5.904904186,0.3059316061,13.90440405,19.80930824,9.229170537,0,0,0
star_only,197,2,0,0.08571279826,0.9992953419,0.2002883615,3,1.475133648,84.51893228,0.5710125791,83.79381578,0.7251164968,0.1783602589,0,0,0
star_only,197,2,1,0.1472119674,0.8893726482,0.009273368949,3,1.475133648,84.51893228,0.5710125791,83.79381578,0.7251164968,0.1783602589,0,0,0
co_independent_only,197,1,0,-0.009057995752,0.9994083952,0.2668767912,3,0.05801939305,3.324266351,0.3059391657,24.25103506,20.92676871,0,0,0.003984063745,0
co_independent_only,197,1,1,-0.06785147969,0.9825181207,0.01093197731,3,0.05801939305,3.324266351,0.3059391657,24.25103506,20.92676871,0,0,0.003984063745,0
co_independent_only,197,2,0,0.1077577689,0.9790048247,0.2436816581,3,1.478246622,84.69729254,0.5406907208,84.33190025,0.3653922809,0,0,0.003984063745,0
co_independent_only,197,2,1,0.1448548858,0.9783568095,0.0150861345,3,1.478246622,84.69729254,0.5406907208,84.33190025,0.3653922809,0,0,0.003984063745,0
star_plus_co_independent,197,1,0,-0.1125713279,0.9993178813,0.2091277887,4,-0.1030600201,-5.904904186,0.3059316061,13.90440405,19.80930824,9.229170537,0,0.003984063745,0
star_plus_co_independent,197,1,1,-0.1885813807,0.9711635084,0.009851550181,4,-0.1030600201,-5.904904186,0.3059316061,13.90440405,19.80930824,9.229170537,0,0.003984063745,0
star_plus_co_independent,197,2,0,0.09133469815,0.9992953419,0.2002883615,3,1.475133648,84.51893228,0.5710125791,83.79381578,0.7251164968,0.1783602589,0,0.003984063745,0
star_plus_co_independent,197,2,1,0.1530502592,0.8893726482,0.009273368949,3,1.475133648,84.51893228,0.5710125791,83.79381578,0.7251164968,0.1783602589,0,0.003984063745,0
star_co_plus_hi_ctl49,197,1,0,-0.1169462199,0.9993178813,0.2091277887,4,-0.1030600201,-5.904904186,0.3059316061,13.90440405,19.80930824,9.229170537,0,0.003984063745,0
star_co_plus_hi_ctl49,197,1,1,-0.1929750551,0.9711635084,0.009851550181,4,-0.1030600201,-5.904904186,0.3059316061,13.90440405,19.80930824,9.229170537,0,0.003984063745,0
star_co_plus_hi_ctl49,197,2,0,0.09531406037,0.9992953419,0.2002883615,3,1.475133648,84.51893228,0.5710125791,83.79381578,0.7251164968,0.1783602589,0,0.003984063745,0
star_co_plus_hi_ctl49,197,2,1,0.1606137125,0.8893726482,0.009273368949,3,1.475133648,84.51893228,0.5710125791,83.79381578,0.7251164968,0.1783602589,0,0.003984063745,0
star_only,198,1,0,0.07213759743,0.979924502,0.362156273,3,0.1681498422,9.634276286,0.2605822192,33.06186939,23.4275931,6.310009934,0,0,0
star_only,198,1,1,0.064818807,0.9994702488,0.01440800319,3,0.1681498422,9.634276286,0.2605822192,33.06186939,23.4275931,6.310009934,0,0,0
star_only,198,2,0,0.09529091229,0.8711849597,0.1785401777,3,1.504576458,86.205881,0.6140785322,85.42089759,0.7849834182,1.508588468,0,0,0
star_only,198,2,1,0.1759376343,0.7861732298,0.007675081846,3,1.504576458,86.205881,0.6140785322,85.42089759,0.7849834182,1.508588468,0,0,0
co_independent_only,198,1,0,0.005751559953,0.9994083952,0.2668767912,3,0.05801939305,3.324266351,0.3059391657,24.25103506,20.92676871,0,0,0.002276607854,0
co_independent_only,198,1,1,-0.0662452598,0.9825181207,0.01093197731,3,0.05801939305,3.324266351,0.3059391657,24.25103506,20.92676871,0,0,0.002276607854,0
co_independent_only,198,2,0,0.1017829304,0.9790048247,0.2436816581,3,1.478246622,84.69729254,0.5406907208,84.33190025,0.3653922809,0,0,0.002276607854,0
co_independent_only,198,2,1,0.1447560677,0.9783568095,0.0150861345,3,1.478246622,84.69729254,0.5406907208,84.33190025,0.3653922809,0,0,0.002276607854,0
star_plus_co_independent,198,1,0,0.08687925129,0.979924502,0.362156273,3,0.1681498422,9.634276286,0.2605822192,33.06186939,23.4275931,6.310009934,0,0.002276607854,0
star_plus_co_independent,198,1,1,0.0703972778,0.9994702488,0.01440800319,3,0.1681498422,9.634276286,0.2605822192,33.06186939,23.4275931,6.310009934,0,0.002276607854,0
star_plus_co_independent,198,2,0,0.09718446263,0.8711849597,0.1785401777,3,1.504576458,86.205881,0.6140785322,85.42089759,0.7849834182,1.508588468,0,0.002276607854,0
star_plus_co_independent,198,2,1,0.183020955,0.7861732298,0.007675081846,3,1.504576458,86.205881,0.6140785322,85.42089759,0.7849834182,1.508588468,0,0.002276607854,0
star_co_plus_hi_ctl49,198,1,0,0.07134955687,0.979924502,0.362156273,3,0.1681498422,9.634276286,0.2605822192,33.06186939,23.4275931,6.310009934,0,0.002276607854,0
star_co_plus_hi_ctl49,198,1,1,0.06821139754,0.9994702488,0.01440800319,3,0.1681498422,9.634276286,0.2605822192,33.06186939,23.4275931,6.310009934,0,0.002276607854,0
star_co_plus_hi_ctl49,198,2,0,0.09051318074,0.8711849597,0.1785401777,3,1.504576458,86.205881,0.6140785322,85.42089759,0.7849834182,1.508588468,0,0.002276607854,0
star_co_plus_hi_ctl49,198,2,1,0.1675200965,0.7861732298,0.007675081846,3,1.504576458,86.205881,0.6140785322,85.42089759,0.7849834182,1.508588468,0,0.002276607854,0
star_only,199,1,0,-0.0194510283,0.9999737369,0.4224930531,3,0.09730687676,5.575273356,0.3851683718,23.9349715,18.35969815,2.251007004,0.006829823563,0,0
star_only,199,1,1,-0.05772020333,0.9996939139,0.01819689058,3,0.09730687676,5.575273356,0.3851683718,23.9349715,18.35969815,2.251007004,0.006829823563,0,0
star_only,199,2,0,0.1018558843,0.9548417741,0.3209538654,3,1.509573005,86.49216204,0.5663297271,85.88896331,0.6031987248,1.794869503,0.006829823563,0,0
star_only,199,2,1,0.2066722408,0.97679696,0.01325811309,3,1.509573005,86.49216204,0.5663297271,85.88896331,0.6031987248,1.794869503,0.006829823563,0,0
co_independent_only,199,1,0,-0.01517691596,0.9994083952,0.2668767912,3,0.05801939305,3.324266351,0.3059391657,24.25103506,20.92676871,0,0,0.001707455891,0
co_independent_only,199,1,1,-0.08160742064,0.9825181207,0.01093197731,3,0.05801939305,3.324266351,0.3059391657,24.25103506,20.92676871,0,0,0.001707455891,0
co_independent_only,199,2,0,0.1083145969,0.9790048247,0.2436816581,3,1.478246622,84.69729254,0.5406907208,84.33190025,0.3653922809,0,0,0.001707455891,0
co_independent_only,199,2,1,0.1442588724,0.9783568095,0.0150861345,3,1.478246622,84.69729254,0.5406907208,84.33190025,0.3653922809,0,0,0.001707455891,0
star_plus_co_independent,199,1,0,-0.02679081589,0.9999737369,0.4224930531,3,0.09730687676,5.575273356,0.3851683718,23.9349715,18.35969815,2.251007004,0.006829823563,0.001707455891,0
star_plus_co_independent,199,1,1,-0.06703044393,0.9996939139,0.01819689058,3,0.09730687676,5.575273356,0.3851683718,23.9349715,18.35969815,2.251007004,0.006829823563,0.001707455891,0
star_plus_co_independent,199,2,0,0.1132661321,0.9548417741,0.3209538654,3,1.509573005,86.49216204,0.5663297271,85.88896331,0.6031987248,1.794869503,0.006829823563,0.001707455891,0
star_plus_co_independent,199,2,1,0.2111586182,0.97679696,0.01325811309,3,1.509573005,86.49216204,0.5663297271,85.88896331,0.6031987248,1.794869503,0.006829823563,0.001707455891,0
star_co_plus_hi_ctl49,199,1,0,-0.01892561455,0.9999737369,0.4224930531,3,0.09730687676,5.575273356,0.3851683718,23.9349715,18.35969815,2.251007004,0.006829823563,0.001707455891,0
star_co_plus_hi_ctl49,199,1,1,-0.06240039759,0.9996939139,0.01819689058,3,0.09730687676,5.575273356,0.3851683718,23.9349715,18.35969815,2.251007004,0.006829823563,0.001707455891,0
star_co_plus_hi_ctl49,199,2,0,0.1087776672,0.9548417741,0.3209538654,3,1.509573005,86.49216204,0.5663297271,85.88896331,0.6031987248,1.794869503,0.006829823563,0.001707455891,0
star_co_plus_hi_ctl49,199,2,1,0.2067657101,0.97679696,0.01325811309,3,1.509573005,86.49216204,0.5663297271,85.88896331,0.6031987248,1.794869503,0.006829823563,0.001707455891,0
star_only,200,1,0,-0.03198560068,0.9993351991,0.3561115145,3,0.05685000848,3.257265551,0.3811073934,21.1343036,17.87703805,0.06700080029,0.01536710302,0,0
star_only,200,1,1,-0.1009840338,0.9886384378,0.01402687746,3,0.05685000848,3.257265551,0.3811073934,21.1343036,17.87703805,0.06700080029,0.01536710302,0,0
star_only,200,2,0,0.103198983,0.9847859646,0.3406936317,3,1.480817394,84.84458689,0.5418992978,84.59991356,0.2446733316,0.1472943558,0.01536710302,0,0
star_only,200,2,1,0.1387889492,0.9898845794,0.01701594459,3,1.480817394,84.84458689,0.5418992978,84.59991356,0.2446733316,0.1472943558,0.01536710302,0,0
co_independent_only,200,1,0,-0.006531721172,0.9994083952,0.2668767912,3,0.05801939305,3.324266351,0.3059391657,24.25103506,20.92676871,0,0,0.002845759818,0
co_independent_only,200,1,1,-0.06172656859,0.9825181207,0.01093197731,3,0.05801939305,3.324266351,0.3059391657,24.25103506,20.92676871,0,0,0.002845759818,0
co_independent_only,200,2,0,0.1010358808,0.9790048247,0.2436816581,3,1.478246622,84.69729254,0.5406907208,84.33190025,0.3653922809,0,0,0.002845759818,0
co_independent_only,200,2,1,0.136757216,0.9783568095,0.0150861345,3,1.478246622,84.69729254,0.5406907208,84.33190025,0.3653922809,0,0,0.002845759818,0
star_plus_co_independent,200,1,0,-0.03196505752,0.9993351991,0.3561115145,3,0.05685000848,3.257265551,0.3811073934,21.1343036,17.87703805,0.06700080029,0.01536710302,0.002845759818,0
star_plus_co_independent,200,1,1,-0.09470710127,0.9886384378,0.01402687746,3,0.05685000848,3.257265551,0.3811073934,21.1343036,17.87703805,0.06700080029,0.01536710302,0.002845759818,0
star_plus_co_independent,200,2,0,0.1019364389,0.9847859646,0.3406936317,3,1.480817394,84.84458689,0.5418992978,84.59991356,0.2446733316,0.1472943558,0.01536710302,0.002845759818,0
star_plus_co_independent,200,2,1,0.1364429601,0.9898845794,0.01701594459,3,1.480817394,84.84458689,0.5418992978,84.59991356,0.2446733316,0.1472943558,0.01536710302,0.002845759818,0
star_co_plus_hi_ctl49,200,1,0,-0.03175110588,0.9993351991,0.3561115145,3,0.05685000848,3.257265551,0.3811073934,21.1343036,17.87703805,0.06700080029,0.01536710302,0.002845759818,0
star_co_plus_hi_ctl49,200,1,1,-0.08935014006,0.9886384378,0.01402687746,3,0.05685000848,3.257265551,0.3811073934,21.1343036,17.87703805,0.06700080029,0.01536710302,0.002845759818,0
star_co_plus_hi_ctl49,200,2,0,0.09780105325,0.9847859646,0.3406936317,3,1.480817394,84.84458689,0.5418992978,84.59991356,0.2446733316,0.1472943558,0.01536710302,0.002845759818,0
star_co_plus_hi_ctl49,200,2,1,0.1384947879,0.9898845794,0.01701594459,3,1.480817394,84.84458689,0.5418992978,84.59991356,0.2446733316,0.1472943558,0.01536710302,0.002845759818,0
star_only,201,1,0,-0.1227969678,0.9960700738,0.1848529837,4,-0.1633620554,-9.359956306,0.2388456141,12.42844844,21.78840474,12.68422266,0,0,0
star_only,201,1,1,-0.2074094256,0.9998352346,0.006935129734,4,-0.1633620554,-9.359956306,0.2388456141,12.42844844,21.78840474,12.68422266,0,0,0
star_only,201,2,0,0.1031282366,0.9918790243,0.1654250017,4,1.452863263,83.24293315,0.564159399,82.82771933,0.4152138191,1.454359383,0,0,0
star_only,201,2,1,0.1593345311,0.9019710038,0.008031049547,4,1.452863263,83.24293315,0.564159399,82.82771933,0.4152138191,1.454359383,0,0,0
co_independent_only,201,1,0,0.001856572049,0.9994083952,0.2668767912,3,0.05801939305,3.324266351,0.3059391657,24.25103506,20.92676871,0,0,0,0
co_independent_only,201,1,1,-0.06622901112,0.9825181207,0.01093197731,3,0.05801939305,3.324266351,0.3059391657,24.25103506,20.92676871,0,0,0,0
co_independent_only,201,2,0,0.09927311385,0.9790048247,0.2436816581,3,1.478246622,84.69729254,0.5406907208,84.33190025,0.3653922809,0,0,0,0
co_independent_only,201,2,1,0.1439319511,0.9783568095,0.0150861345,3,1.478246622,84.69729254,0.5406907208,84.33190025,0.3653922809,0,0,0,0
star_plus_co_independent,201,1,0,-0.1214375238,0.9960700738,0.1848529837,4,-0.1633620554,-9.359956306,0.2388456141,12.42844844,21.78840474,12.68422266,0,0,0
star_plus_co_independent,201,1,1,-0.2137495409,0.9998352346,0.006935129734,4,-0.1633620554,-9.359956306,0.2388456141,12.42844844,21.78840474,12.68422266,0,0,0
star_plus_co_independent,201,2,0,0.100613418,0.9918790243,0.1654250017,4,1.452863263,83.24293315,0.564159399,82.82771933,0.4152138191,1.454359383,0,0,0
star_plus_co_independent,201,2,1,0.1642544334,0.9019710038,0.008031049547,4,1.452863263,83.24293315,0.564159399,82.82771933,0.4152138191,1.454359383,0,0,0
star_co_plus_hi_ctl49,201,1,0,-0.1403618545,0.9960700738,0.1848529837,4,-0.1633620554,-9.359956306,0.2388456141,12.42844844,21.78840474,12.68422266,0,0,0
star_co_plus_hi_ctl49,201,1,1,-0.2314757213,0.9998352346,0.006935129734,4,-0.1633620554,-9.359956306,0.2388456141,12.42844844,21.78840474,12.68422266,0,0,0
star_co_plus_hi_ctl49,201,2,0,0.1119658834,0.9918790243,0.1654250017,4,1.452863263,83.24293315,0.564159399,82.82771933,0.4152138191,1.454359383,0,0,0
star_co_plus_hi_ctl49,201,2,1,0.1733608316,0.9019710038,0.008031049547,4,1.452863263,83.24293315,0.564159399,82.82771933,0.4152138191,1.454359383,0,0,0
star_only,202,1,0,0.0566245612,0.9856628332,0.4305201832,3,0.1862912742,10.67370377,0.3600222407,29.42267916,18.74897539,7.349437418,0,0,0
star_only,202,1,1,-0.01485573728,0.9758145193,0.01756932821,3,0.1862912742,10.67370377,0.3600222407,29.42267916,18.74897539,7.349437418,0,0,0
star_only,202,2,0,0.1079073909,0.8909961108,0.2976384185,4,1.452968242,83.24894804,0.5558670605,82.54129734,0.7076506912,1.448344499,0,0,0
star_only,202,2,1,0.178583231,0.9577399364,0.01561920358,4,1.452968242,83.24894804,0.5558670605,82.54129734,0.7076506912,1.448344499,0,0,0
co_independent_only,202,1,0,0.009676904695,0.9994083952,0.2668767912,3,0.05801939305,3.324266351,0.3059391657,24.25103506,20.92676871,0,0,0,0
co_independent_only,202,1,1,-0.06978463418,0.9825181207,0.01093197731,3,0.05801939305,3.324266351,0.3059391657,24.25103506,20.92676871,0,0,0,0
co_independent_only,202,2,0,0.09569010902,0.9790048247,0.2436816581,3,1.478246622,84.69729254,0.5406907208,84.33190025,0.3653922809,0,0,0,0
co_independent_only,202,2,1,0.142778662,0.9783568095,0.0150861345,3,1.478246622,84.69729254,0.5406907208,84.33190025,0.3653922809,0,0,0,0
star_plus_co_independent,202,1,0,0.07292181367,0.9856628332,0.4305201832,3,0.1862912742,10.67370377,0.3600222407,29.42267916,18.74897539,7.349437418,0,0,0
star_plus_co_independent,202,1,1,-0.01651747047,0.9758145193,0.01756932821,3,0.1862912742,10.67370377,0.3600222407,29.42267916,18.74897539,7.349437418,0,0,0
star_plus_co_independent,202,2,0,0.1002817169,0.8909961108,0.2976384185,4,1.452968242,83.24894804,0.5558670605,82.54129734,0.7076506912,1.448344499,0,0,0
star_plus_co_independent,202,2,1,0.1787806299,0.9577399364,0.01561920358,4,1.452968242,83.24894804,0.5558670605,82.54129734,0.7076506912,1.448344499,0,0,0
star_co_plus_hi_ctl49,202,1,0,0.0829993468,0.9856628332,0.4305201832,3,0.1862912742,10.67370377,0.3600222407,29.42267916,18.74897539,7.349437418,0,0,0
star_co_plus_hi_ctl49,202,1,1,-0.01865832657,0.9758145193,0.01756932821,3,0.1862912742,10.67370377,0.3600222407,29.42267916,18.74897539,7.349437418,0,0,0
star_co_plus_hi_ctl49,202,2,0,0.1003590706,0.8909961108,0.2976384185,4,1.452968242,83.24894804,0.5558670605,82.54129734,0.7076506912,1.448344499,0,0,0
star_co_plus_hi_ctl49,202,2,1,0.1764836249,0.9577399364,0.01561920358,4,1.452968242,83.24894804,0.5558670605,82.54129734,0.7076506912,1.448344499,0,0,0
star_only,203,1,0,-0.03149071412,0.9978383154,0.2731126162,4,0.007597652451,0.4353134196,0.331685635,19.446693,19.01137958,2.888952932,0.003984063745,0,0
star_only,203,1,1,-0.002849831601,0.9494271872,0.009392354723,4,0.007597652451,0.4353134196,0.331685635,19.446693,19.01137958,2.888952932,0.003984063745,0,0
star_only,203,2,0,0.1014428583,0.9850571179,0.2701837866,4,1.451845249,83.18460526,0.5069894501,82.2580097,0.9265955611,1.512687271,0.003984063745,0,0
star_only,203,2,1,0.1714221758,0.9999998684,0.0132846009,4,1.451845249,83.18460526,0.5069894501,82.2580097,0.9265955611,1.512687271,0.003984063745,0,0
co_independent_only,203,1,0,-0.005534647692,0.9994083952,0.2668767912,3,0.05801939305,3.324266351,0.3059391657,24.25103506,20.92676871,0,0,0.002276607854,0
co_independent_only,203,1,1,-0.06802921022,0.9825181207,0.01093197731,3,0.05801939305,3.324266351,0.3059391657,24.25103506,20.92676871,0,0,0.002276607854,0
co_independent_only,203,2,0,0.1044872169,0.9790048247,0.2436816581,3,1.478246622,84.69729254,0.5406907208,84.33190025,0.3653922809,0,0,0.002276607854,0
co_independent_only,203,2,1,0.1428842296,0.9783568095,0.0150861345,3,1.478246622,84.69729254,0.5406907208,84.33190025,0.3653922809,0,0,0.002276607854,0
star_plus_co_independent,203,1,0,-0.03021336918,0.9978383154,0.2731126162,4,0.007597652451,0.4353134196,0.331685635,19.446693,19.01137958,2.888952932,0.003984063745,0.002276607854,0
star_plus_co_independent,203,1,1,-0.003553617891,0.9494271872,0.009392354723,4,0.007597652451,0.4353134196,0.331685635,19.446693,19.01137958,2.888952932,0.003984063745,0.002276607854,0
star_plus_co_independent,203,2,0,0.1023551535,0.9850571179,0.2701837866,4,1.451845249,83.18460526,0.5069894501,82.2580097,0.9265955611,1.512687271,0.003984063745,0.002276607854,0
star_plus_co_independent,203,2,1,0.1700566406,0.9999998684,0.0132846009,4,1.451845249,83.18460526,0.5069894501,82.2580097,0.9265955611,1.512687271,0.003984063745,0.002276607854,0
star_co_plus_hi_ctl49,203,1,0,-0.02295609327,0.9978383154,0.2731126162,4,0.007597652451,0.4353134196,0.331685635,19.446693,19.01137958,2.888952932,0.003984063745,0.002276607854,0
star_co_plus_hi_ctl49,203,1,1,0.006576495324,0.9494271872,0.009392354723,4,0.007597652451,0.4353134196,0.331685635,19.446693,19.01137958,2.888952932,0.003984063745,0.002276607854,0
star_co_plus_hi_ctl49,203,2,0,0.09413152949,0.9850571179,0.2701837866,4,1.451845249,83.18460526,0.5069894501,82.2580097,0.9265955611,1.512687271,0.003984063745,0.002276607854,0
star_co_plus_hi_ctl49,203,2,1,0.162800642,0.9999998684,0.0132846009,4,1.451845249,83.18460526,0.5069894501,82.2580097,0.9265955611,1.512687271,0.003984063745,0.002276607854,0
star_only,204,1,0,0.02685617141,0.996021281,0.3554597613,3,0.1714231212,9.821821356,0.3252507479,26.30582361,16.48400226,6.497555004,0,0,0
star_only,204,1,1,-0.01225548447,0.9814523671,0.01620073398,3,0.1714231212,9.821821356,0.3252507479,26.30582361,16.48400226,6.497555004,0,0,0
star_only,204,2,0,0.09525477204,0.965923824,0.2576978324,3,1.527306336,87.50820705,0.5766128545,86.73563098,0.7725760704,2.810914517,0,0,0
star_only,204,2,1,0.2340920014,0.9997518389,0.01162760708,3,1.527306336,87.50820705,0.5766128545,86.73563098,0.7725760704,2.810914517,0,0,0
co_independent_only,204,1,0,-0.009035378275,0.9994083952,0.2668767912,3,0.05801939305,3.324266351,0.3059391657,24.25103506,20.92676871,0,0,0,0
co_independent_only,204,1,1,-0.06363399174,0.9825181207,0.01093197731,3,0.05801939305,3.324266351,0.3059391657,24.25103506,20.92676871,0,0,0,0
co_independent_only,204,2,0,0.1009740012,0.9790048247,0.2436816581,3,1.478246622,84.69729254,0.5406907208,84.33190025,0.3653922809,0,0,0,0
co_independent_only,204,2,1,0.1327697963,0.9783568095,0.0150861345,3,1.478246622,84.69729254,0.5406907208,84.33190025,0.3653922809,0,0,0,0
star_plus_co_independent,204,1,0,0.01979292015,0.996021281,0.3554597613,3,0.1714231212,9.821821356,0.3252507479,26.30582361,16.48400226,6.497555004,0,0,0
star_plus_co_independent,204,1,1,-0.01242785401,0.9814523671,0.01620073398,3,0.1714231212,9.821821356,0.3252507479,26.30582361,16.48400226,6.497555004,0,0,0
star_plus_co_independent,204,2,0,0.09619727871,0.965923824,0.2576978324,3,1.527306336,87.50820705,0.5766128545,86.73563098,0.7725760704,2.810914517,0,0,0
star_plus_co_independent,204,2,1,0.226853939,0.9997518389,0.01162760708,3,1.527306336,87.50820705,0.5766128545,86.73563098,0.7725760704,2.810914517,0,0,0
star_co_plus_hi_ctl49,204,1,0,0.02888094493,0.996021281,0.3554597613,3,0.1714231212,9.821821356,0.3252507479,26.30582361,16.48400226,6.497555004,0,0,0
star_co_plus_hi_ctl49,204,1,1,-0.00771772433,0.9814523671,0.01620073398,3,0.1714231212,9.821821356,0.3252507479,26.30582361,16.48400226,6.497555004,0,0,0
star_co_plus_hi_ctl49,204,2,0,0.09805877616,0.965923824,0.2576978324,3,1.527306336,87.50820705,0.5766128545,86.73563098,0.7725760704,2.810914517,0,0,0
star_co_plus_hi_ctl49,204,2,1,0.2301829565,0.9997518389,0.01162760708,3,1.527306336,87.50820705,0.5766128545,86.73563098,0.7725760704,2.810914517,0,0,0
star_only,205,1,0,-0.09900070586,0.9999032201,0.275198712,4,-0.1457466441,-8.350667584,0.3200312348,10.08657121,18.4372388,11.67493394,0,0,0
star_only,205,1,1,-0.1284434103,0.9869325816,0.0134746246,4,-0.1457466441,-8.350667584,0.3200312348,10.08657121,18.4372388,11.67493394,0,0,0
star_only,205,2,0,0.09920198179,0.9999823716,0.2782934936,4,1.421345875,81.43711984,0.5289798831,81.03127781,0.405842027,3.260172696,0,0,0
star_only,205,2,1,0.1332922402,0.9892844824,0.01328878524,4,1.421345875,81.43711984,0.5289798831,81.03127781,0.405842027,3.260172696,0,0,0
co_independent_only,205,1,0,-0.00247962338,0.9994083952,0.2668767912,3,0.05801939305,3.324266351,0.3059391657,24.25103506,20.92676871,0,0,0.002845759818,0
co_independent_only,205,1,1,-0.0727697798,0.9825181207,0.01093197731,3,0.05801939305,3.324266351,0.3059391657,24.25103506,20.92676871,0,0,0.002845759818,0
co_independent_only,205,2,0,0.1097803743,0.9790048247,0.2436816581,3,1.478246622,84.69729254,0.5406907208,84.33190025,0.3653922809,0,0,0.002845759818,0
co_independent_only,205,2,1,0.1461526015,0.9783568095,0.0150861345,3,1.478246622,84.69729254,0.5406907208,84.33190025,0.3653922809,0,0,0.002845759818,0
star_plus_co_independent,205,1,0,-0.1047413961,0.9999032201,0.275198712,4,-0.1457466441,-8.350667584,0.3200312348,10.08657121,18.4372388,11.67493394,0,0.002845759818,0
star_plus_co_independent,205,1,1,-0.1310248554,0.9869325816,0.0134746246,4,-0.1457466441,-8.350667584,0.3200312348,10.08657121,18.4372388,11.67493394,0,0.002845759818,0
star_plus_co_independent,205,2,0,0.1052717733,0.9999823716,0.2782934936,4,1.421345875,81.43711984,0.5289798831,81.03127781,0.405842027,3.260172696,0,0.002845759818,0
star_plus_co_independent,205,2,1,0.1364821638,0.9892844824,0.01328878524,4,1.421345875,81.43711984,0.5289798831,81.03127781,0.405842027,3.260172696,0,0.002845759818,0
star_co_plus_hi_ctl49,205,1,0,-0.112262258,0.9999032201,0.275198712,4,-0.1457466441,-8.350667584,0.3200312348,10.08657121,18.4372388,11.67493394,0,0.002845759818,0
star_co_plus_hi_ctl49,205,1,1,-0.1382810357,0.9869325816,0.0134746246,4,-0.1457466441,-8.350667584,0.3200312348,10.08657121,18.4372388,11.67493394,0,0.002845759818,0
star_co_plus_hi_ctl49,205,2,0,0.1124243883,0.9999823716,0.2782934936,4,1.421345875,81.43711984,0.5289798831,81.03127781,0.405842027,3.260172696,0,0.002845759818,0
star_co_plus_hi_ctl49,205,2,1,0.143449719,0.9892844824,0.01328878524,4,1.421345875,81.43711984,0.5289798831,81.03127781,0.405842027,3.260172696,0,0.002845759818,0
star_only,206,1,0,-0.01964978187,0.9993455074,0.3929252576,3,0.09824917979,5.629263342,0.3863881777,23.32427423,17.69501089,2.304996991,0.02618099032,0,0
star_only,206,1,1,-0.05763146473,0.9994478856,0.01691608008,3,0.09824917979,5.629263342,0.3863881777,23.32427423,17.69501089,2.304996991,0.02618099032,0,0
star_only,206,2,0,0.09501302871,0.9897008001,0.3215100315,3,1.486934048,85.19504536,0.5302533204,84.48426477,0.7107805963,0.4977528287,0.02618099032,0,0
star_only,206,2,1,0.1440520562,0.9994546193,0.01659900357,3,1.486934048,85.19504536,0.5302533204,84.48426477,0.7107805963,0.4977528287,0.02618099032,0,0
co_independent_only,206,1,0,-0.009498033909,0.9994083952,0.2668767912,3,0.05801939305,3.324266351,0.3059391657,24.25103506,20.92676871,0,0,0,0
co_independent_only,206,1,1,-0.07036537424,0.9825181207,0.01093197731,3,0.05801939305,3.324266351,0.3059391657,24.25103506,20.92676871,0,0,0,0
co_independent_only,206,2,0,0.1020086606,0.9790048247,0.2436816581,3,1.478246622,84.69729254,0.5406907208,84.33190025,0.3653922809,0,0,0,0
co_independent_only,206,2,1,0.1388173721,0.9783568095,0.0150861345,3,1.478246622,84.69729254,0.5406907208,84.33190025,0.3653922809,0,0,0,0
star_plus_co_independent,206,1,0,-0.019734508,0.9993455074,0.3929252576,3,0.09824917979,5.629263342,0.3863881777,23.32427423,17.69501089,2.304996991,0.02618099032,0,0
star_plus_co_independent,206,1,1,-0.05545536416,0.9994478856,0.01691608008,3,0.09824917979,5.629263342,0.3863881777,23.32427423,17.69501089,2.304996991,0.02618099032,0,0
star_plus_co_independent,206,2,0,0.096476379,0.9897008001,0.3215100315,3,1.486934048,85.19504536,0.5302533204,84.48426477,0.7107805963,0.4977528287,0.02618099032,0,0
star_plus_co_independent,206,2,1,0.1438637142,0.9994546193,0.01659900357,3,1.486934048,85.19504536,0.5302533204,84.48426477,0.7107805963,0.4977528287,0.02618099032,0,0
star_co_plus_hi_ctl49,206,1,0,-0.02167720443,0.9993455074,0.3929252576,3,0.09824917979,5.629263342,0.3863881777,23.32427423,17.69501089,2.304996991,0.02618099032,0,0
star_co_plus_hi_ctl49,206,1,1,-0.05994875885,0.9994478856,0.01691608008,3,0.09824917979,5.629263342,0.3863881777,23.32427423,17.69501089,2.304996991,0.02618099032,0,0
star_co_plus_hi_ctl49,206,2,0,0.1055559521,0.9897008001,0.3215100315,3,1.486934048,85.19504536,0.5302533204,84.48426477,0.7107805963,0.4977528287,0.02618099032,0,0
star_co_plus_hi_ctl49,206,2,1,0.1525359774,0.9994546193,0.01659900357,3,1.486934048,85.19504536,0.5302533204,84.48426477,0.7107805963,0.4977528287,0.02618099032,0,0
star_only,207,1,0,-0.08606264672,0.9904023486,0.253066941,3,-0.03985520384,-2.283534972,0.3313858987,17.77636538,20.05990035,5.607801323,0.001707455891,0,0
star_only,207,1,1,-0.1382595541,0.8126041836,0.009311921785,3,-0.03985520384,-2.283534972,0.3313858987,17.77636538,20.05990035,5.607801323,0.001707455891,0,0
star_only,207,2,0,0.08920583365,0.99186885,0.2576563411,3,1.522529655,87.23452342,0.5466117608,86.15711457,1.077408851,2.537230881,0.001707455891,0,0
star_only,207,2,1,0.1342288954,0.8013519949,0.009289712513,3,1.522529655,87.23452342,0.5466117608,86.15711457,1.077408851,2.537230881,0.001707455891,0,0
co_independent_only,207,1,0,-0.01125590248,0.9994083952,0.2668767912,3,0.05801939305,3.324266351,0.3059391657,24.25103506,20.92676871,0,0,0,0
co_independent_only,207,1,1,-0.0710760034,0.9825181207,0.01093197731,3,0.05801939305,3.324266351,0.3059391657,24.25103506,20.92676871,0,0,0,0
co_independent_only,207,2,0,0.1139711252,0.9790048247,0.2436816581,3,1.478246622,84.69729254,0.5406907208,84.33190025,0.3653922809,0,0,0,0
co_independent_only,207,2,1,0.1454497802,0.9783568095,0.0150861345,3,1.478246622,84.69729254,0.5406907208,84.33190025,0.3653922809,0,0,0,0
star_plus_co_independent,207,1,0,-0.100185165,0.9904023486,0.253066941,3,-0.03985520384,-2.283534972,0.3313858987,17.77636538,20.05990035,5.607801323,0.001707455891,0,0
star_plus_co_independent,207,1,1,-0.1453671663,0.8126041836,0.009311921785,3,-0.03985520384,-2.283534972,0.3313858987,17.77636538,20.05990035,5.607801323,0.001707455891,0,0
star_plus_co_independent,207,2,0,0.1029956194,0.99186885,0.2576563411,3,1.522529655,87.23452342,0.5466117608,86.15711457,1.077408851,2.537230881,0.001707455891,0,0
star_plus_co_independent,207,2,1,0.1407997726,0.8013519949,0.009289712513,3,1.522529655,87.23452342,0.5466117608,86.15711457,1.077408851,2.537230881,0.001707455891,0,0
star_co_plus_hi_ctl49,207,1,0,-0.09528885372,0.9904023486,0.253066941,3,-0.03985520384,-2.283534972,0.3313858987,17.77636538,20.05990035,5.607801323,0.001707455891,0,0
star_co_plus_hi_ctl49,207,1,1,-0.1427497774,0.8126041836,0.009311921785,3,-0.03985520384,-2.283534972,0.3313858987,17.77636538,20.05990035,5.607801323,0.001707455891,0,0
star_co_plus_hi_ctl49,207,2,0,0.09822243764,0.99186885,0.2576563411,3,1.522529655,87.23452342,0.5466117608,86.15711457,1.077408851,2.537230881,0.001707455891,0,0
star_co_plus_hi_ctl49,207,2,1,0.138262473,0.8013519949,0.009289712513,3,1.522529655,87.23452342,0.5466117608,86.15711457,1.077408851,2.537230881,0.001707455891,0,0
star_only,208,1,0,0.005070222559,0.9992274923,0.2996520323,3,0.1483927227,8.502276719,0.3114585921,27.59570006,19.09342334,5.178010367,0,0,0
star_only,208,1,1,-0.0227732598,0.9735940654,0.01339022082,3,0.1483927227,8.502276719,0.3114585921,27.59570006,19.09342334,5.178010367,0,0,0
star_only,208,2,0,0.1023050322,0.9754470669,0.2195767056,3,1.522259891,87.2190671,0.5462081831,86.53070083,0.688366276,2.521774568,0,0,0
star_only,208,2,1,0.1891102544,0.9742839272,0.008278807757,3,1.522259891,87.2190671,0.5462081831,86.53070083,0.688366276,2.521774568,0,0,0
co_independent_only,208,1,0,-0.007365935665,0.9994083952,0.2668767912,3,0.05801939305,3.324266351,0.3059391657,24.25103506,20.92676871,0,0,0,0
co_independent_only,208,1,1,-0.06658290176,0.9825181207,0.01093197731,3,0.05801939305,3.324266351,0.3059391657,24.25103506,20.92676871,0,0,0,0
co_independent_only,208,2,0,0.09810835815,0.9790048247,0.2436816581,3,1.478246622,84.69729254,0.5406907208,84.33190025,0.3653922809,0,0,0,0
co_independent_only,208,2,1,0.1300003875,0.9783568095,0.0150861345,3,1.478246622,84.69729254,0.5406907208,84.33190025,0.3653922809,0,0,0,0
star_plus_co_independent,208,1,0,0.004216011643,0.9992274923,0.2996520323,3,0.1483927227,8.502276719,0.3114585921,27.59570006,19.09342334,5.178010367,0,0,0
star_plus_co_independent,208,1,1,-0.02349422253,0.9735940654,0.01339022082,3,0.1483927227,8.502276719,0.3114585921,27.59570006,19.09342334,5.178010367,0,0,0
star_plus_co_independent,208,2,0,0.09752012246,0.9754470669,0.2195767056,3,1.522259891,87.2190671,0.5462081831,86.53070083,0.688366276,2.521774568,0,0,0
star_plus_co_independent,208,2,1,0.1772854018,0.9742839272,0.008278807757,3,1.522259891,87.2190671,0.5462081831,86.53070083,0.688366276,2.521774568,0,0,0
star_co_plus_hi_ctl49,208,1,0,-0.01031682533,0.9992274923,0.2996520323,3,0.1483927227,8.502276719,0.3114585921,27.59570006,19.09342334,5.178010367,0,0,0
star_co_plus_hi_ctl49,208,1,1,-0.03708354988,0.9735940654,0.01339022082,3,0.1483927227,8.502276719,0.3114585921,27.59570006,19.09342334,5.178010367,0,0,0
star_co_plus_hi_ctl49,208,2,0,0.09731101299,0.9754470669,0.2195767056,3,1.522259891,87.2190671,0.5462081831,86.53070083,0.688366276,2.521774568,0,0,0
star_co_plus_hi_ctl49,208,2,1,0.1799112782,0.9742839272,0.008278807757,3,1.522259891,87.2190671,0.5462081831,86.53070083,0.688366276,2.521774568,0,0,0
star_only,209,1,0,-0.0229251562,0.9995223608,0.3783107039,3,0.05763051397,3.301985222,0.4190231853,17.07168532,13.76970009,0.02228112985,0.00796812749,0,0
star_only,209,1,1,-0.09662879608,0.9998126394,0.01411887259,3,0.05763051397,3.301985222,0.4190231853,17.07168532,13.76970009,0.02228112985,0.00796812749,0,0
star_only,209,2,0,0.1042232462,0.9796198584,0.3834262844,4,1.459057249,83.59782243,0.5118129045,83.01337381,0.5844486231,1.099470107,0.00796812749,0,0
star_only,209,2,1,0.1297622618,0.9279333039,0.01850899006,4,1.459057249,83.59782243,0.5118129045,83.01337381,0.5844486231,1.099470107,0.00796812749,0,0
co_independent_only,209,1,0,-0.006100138863,0.9994083952,0.2668767912,3,0.05801939305,3.324266351,0.3059391657,24.25103506,20.92676871,0,0,0.003414911781,0
co_independent_only,209,1,1,-0.06882710097,0.9825181207,0.01093197731,3,0.05801939305,3.324266351,0.3059391657,24.25103506,20.92676871,0,0,0.003414911781,0
co_independent_only,209,2,0,0.1090978422,0.9790048247,0.2436816581,3,1.478246622,84.69729254,0.5406907208,84.33190025,0.3653922809,0,0,0.003414911781,0
co_independent_only,209,2,1,0.1419531665,0.9783568095,0.0150861345,3,1.478246622,84.69729254,0.5406907208,84.33190025,0.3653922809,0,0,0.003414911781,0
star_plus_co_independent,209,1,0,-0.02502664619,0.9995223608,0.3783107039,3,0.05763051397,3.301985222,0.4190231853,17.07168532,13.76970009,0.02228112985,0.00796812749,0.003414911781,0
star_plus_co_independent,209,1,1,-0.09838655923,0.9998126394,0.01411887259,3,0.05763051397,3.301985222,0.4190231853,17.07168532,13.76970009,0.02228112985,0.00796812749,0.003414911781,0
star_plus_co_independent,209,2,0,0.1097983905,0.9796198584,0.3834262844,4,1.459057249,83.59782243,0.5118129045,83.01337381,0.5844486231,1.099470107,0.00796812749,0.003414911781,0
star_plus_co_independent,209,2,1,0.1301974879,0.9279333039,0.01850899006,4,1.459057249,83.59782243,0.5118129045,83.01337381,0.5844486231,1.099470107,0.00796812749,0.003414911781,0
star_co_plus_hi_ctl49,209,1,0,-0.02286991545,0.9995223608,0.3783107039,3,0.05763051397,3.301985222,0.4190231853,17.07168532,13.76970009,0.02228112985,0.00796812749,0.003414911781,0
star_co_plus_hi_ctl49,209,1,1,-0.08862190289,0.9998126394,0.01411887259,3,0.05763051397,3.301985222,0.4190231853,17.07168532,13.76970009,0.02228112985,0.00796812749,0.003414911781,0
star_co_plus_hi_ctl49,209,2,0,0.1096280959,0.9796198584,0.3834262844,4,1.459057249,83.59782243,0.5118129045,83.01337381,0.5844486231,1.099470107,0.00796812749,0.003414911781,0
star_co_plus_hi_ctl49,209,2,1,0.1222294896,0.9279333039,0.01850899006,4,1.459057249,83.59782243,0.5118129045,83.01337381,0.5844486231,1.099470107,0.00796812749,0.003414911781,0
star_only,210,1,0,-0.05710276962,0.998561457,0.2410279609,3,-0.005713170177,-0.3273405388,0.3049857824,24.09421948,24.42156002,3.65160689,0.02561183836,0,0
star_only,210,1,1,-0.04127405929,0.9997725879,0.01432025104,3,-0.005713170177,-0.3273405388,0.3049857824,24.09421948,24.42156002,3.65160689,0.02561183836,0,0
star_only,210,2,0,0.1044405067,0.9914332961,0.227529091,3,1.469981681,84.22374627,0.549527727,84.25606298,0.03231670772,0.4735462667,0.02561183836,0,0
star_only,210,2,1,0.1166694833,0.9187119973,0.01482990021,3,1.469981681,84.22374627,0.549527727,84.25606298,0.03231670772,0.4735462667,0.02561183836,0,0
co_independent_only,210,1,0,-0.01087917511,0.9994083952,0.2668767912,3,0.05801939305,3.324266351,0.3059391657,24.25103506,20.92676871,0,0,0.001707455891,0
co_independent_only,210,1,1,-0.06796860916,0.9825181207,0.01093197731,3,0.05801939305,3.324266351,0.3059391657,24.25103506,20.92676871,0,0,0.001707455891,0
co_independent_only,210,2,0,0.110474358,0.9790048247,0.2436816581,3,1.478246622,84.69729254,0.5406907208,84.33190025,0.3653922809,0,0,0.001707455891,0
co_independent_only,210,2,1,0.1461887644,0.9783568095,0.0150861345,3,1.478246622,84.69729254,0.5406907208,84.33190025,0.3653922809,0,0,0.001707455891,0
star_plus_co_independent,210,1,0,-0.06434254314,0.998561457,0.2410279609,3,-0.005713170177,-0.3273405388,0.3049857824,24.09421948,24.42156002,3.65160689,0.02561183836,0.001707455891,0
star_plus_co_independent,210,1,1,-0.04609423652,0.9997725879,0.01432025104,3,-0.005713170177,-0.3273405388,0.3049857824,24.09421948,24.42156002,3.65160689,0.02561183836,0.001707455891,0
star_plus_co_independent,210,2,0,0.1123298288,0.9914332961,0.227529091,3,1.469981681,84.22374627,0.549527727,84.25606298,0.03231670772,0.4735462667,0.02561183836,0.001707455891,0
star_plus_co_independent,210,2,1,0.1235466518,0.9187119973,0.01482990021,3,1.469981681,84.22374627,0.549527727,84.25606298,0.03231670772,0.4735462667,0.02561183836,0.001707455891,0
star_co_plus_hi_ctl49,210,1,0,-0.06245128712,0.998561457,0.2410279609,3,-0.005713170177,-0.3273405388,0.3049857824,24.09421948,24.42156002,3.65160689,0.02561183836,0.001707455891,0
star_co_plus_hi_ctl49,210,1,1,-0.04465618996,0.9997725879,0.01432025104,3,-0.005713170177,-0.3273405388,0.3049857824,24.09421948,24.42156002,3.65160689,0.02561183836,0.001707455891,0
star_co_plus_hi_ctl49,210,2,0,0.1123184227,0.9914332961,0.227529091,3,1.469981681,84.22374627,0.549527727,84.25606298,0.03231670772,0.4735462667,0.02561183836,0.001707455891,0
star_co_plus_hi_ctl49,210,2,1,0.1225276989,0.9187119973,0.01482990021,3,1.469981681,84.22374627,0.549527727,84.25606298,0.03231670772,0.4735462667,0.02561183836,0.001707455891,0
star_only,211,1,0,-0.1429367674,0.9992039794,0.390376433,4,-0.3569629893,-20.45247273,0.3308958532,-6.050857996,14.40161473,23.77673908,0,0,0
star_only,211,1,1,-0.1863576875,0.9430869461,0.01569321665,4,-0.3569629893,-20.45247273,0.3308958532,-6.050857996,14.40161473,23.77673908,0,0,0
star_only,211,2,0,0.1021932077,0.8845509955,0.2138897746,3,1.471031974,84.28392364,0.5218851706,84.1579026,0.1260210332,0.4133688996,0,0,0
star_only,211,2,1,0.08917873844,0.8877686699,0.01431570934,3,1.471031974,84.28392364,0.5218851706,84.1579026,0.1260210332,0.4133688996,0,0,0
co_independent_only,211,1,0,-0.01931811394,0.9994083952,0.2668767912,3,0.05801939305,3.324266351,0.3059391657,24.25103506,20.92676871,0,0,0,0
co_independent_only,211,1,1,-0.07028190037,0.9825181207,0.01093197731,3,0.05801939305,3.324266351,0.3059391657,24.25103506,20.92676871,0,0,0,0
co_independent_only,211,2,0,0.1097361608,0.9790048247,0.2436816581,3,1.478246622,84.69729254,0.5406907208,84.33190025,0.3653922809,0,0,0,0
co_independent_only,211,2,1,0.1421465467,0.9783568095,0.0150861345,3,1.478246622,84.69729254,0.5406907208,84.33190025,0.3653922809,0,0,0,0
star_plus_co_independent,211,1,0,-0.1354675311,0.9992039794,0.390376433,4,-0.3569629893,-20.45247273,0.3308958532,-6.050857996,14.40161473,23.77673908,0,0,0
star_plus_co_independent,211,1,1,-0.1835094173,0.9430869461,0.01569321665,4,-0.3569629893,-20.45247273,0.3308958532,-6.050857996,14.40161473,23.77673908,0,0,0
star_plus_co_independent,211,2,0,0.1094108532,0.8845509955,0.2138897746,3,1.471031974,84.28392364,0.5218851706,84.1579026,0.1260210332,0.4133688996,0,0,0
star_plus_co_independent,211,2,1,0.093442219,0.8877686699,0.01431570934,3,1.471031974,84.28392364,0.5218851706,84.1579026,0.1260210332,0.4133688996,0,0,0
star_co_plus_hi_ctl49,211,1,0,-0.129391918,0.9992039794,0.390376433,4,-0.3569629893,-20.45247273,0.3308958532,-6.050857996,14.40161473,23.77673908,0,0,0
star_co_plus_hi_ctl49,211,1,1,-0.1764886413,0.9430869461,0.01569321665,4,-0.3569629893,-20.45247273,0.3308958532,-6.050857996,14.40161473,23.77673908,0,0,0
star_co_plus_hi_ctl49,211,2,0,0.1115097369,0.8845509955,0.2138897746,3,1.471031974,84.28392364,0.5218851706,84.1579026,0.1260210332,0.4133688996,0,0,0
star_co_plus_hi_ctl49,211,2,1,0.09705947645,0.8877686699,0.01431570934,3,1.471031974,84.28392364,0.5218851706,84.1579026,0.1260210332,0.4133688996,0,0,0
star_only,212,1,0,-0.05749902129,0.9895345161,0.2308150377,3,-0.03962187684,-2.270166319,0.3333360642,14.91165487,17.18182119,5.594432671,0,0,0
star_only,212,1,1,-0.07772530634,0.9827026993,0.01093945226,3,-0.03962187684,-2.270166319,0.3333360642,14.91165487,17.18182119,5.594432671,0,0,0
star_only,212,2,0,0.0987942707,0.9984861552,0.2433577846,3,1.473648852,84.4338597,0.5247866978,83.91563736,0.5182223366,0.2634328392,0,0,0
star_only,212,2,1,0.1447175765,0.9943766051,0.01501103641,3,1.473648852,84.4338597,0.5247866978,83.91563736,0.5182223366,0.2634328392,0,0,0
co_independent_only,212,1,0,-0.01519710027,0.9994083952,0.2668767912,3,0.05801939305,3.324266351,0.3059391657,24.25103506,20.92676871,0,0,0,0
co_independent_only,212,1,1,-0.05938017585,0.9825181207,0.01093197731,3,0.05801939305,3.324266351,0.3059391657,24.25103506,20.92676871,0,0,0,0
co_independent_only,212,2,0,0.09526700172,0.9790048247,0.2436816581,3,1.478246622,84.69729254,0.5406907208,84.33190025,0.3653922809,0,0,0,0
co_independent_only,212,2,1,0.1294949594,0.9783568095,0.0150861345,3,1.478246622,84.69729254,0.5406907208,84.33190025,0.3653922809,0,0,0,0
star_plus_co_independent,212,1,0,-0.05431035667,0.9895345161,0.2308150377,3,-0.03962187684,-2.270166319,0.3333360642,14.91165487,17.18182119,5.594432671,0,0,0
star_plus_co_independent,212,1,1,-0.07020873835,0.9827026993,0.01093945226,3,-0.03962187684,-2.270166319,0.3333360642,14.91165487,17.18182119,5.594432671,0,0,0
star_plus_co_independent,212,2,0,0.09268569928,0.9984861552,0.2433577846,3,1.473648852,84.4338597,0.5247866978,83.91563736,0.5182223366,0.2634328392,0,0,0
star_plus_co_independent,212,2,1,0.1349651002,0.9943766051,0.01501103641,3,1.473648852,84.4338597,0.5247866978,83.91563736,0.5182223366,0.2634328392,0,0,0
star_co_plus_hi_ctl49,212,1,0,-0.05049566792,0.9895345161,0.2308150377,3,-0.03962187684,-2.270166319,0.3333360642,14.91165487,17.18182119,5.594432671,0,0,0
star_co_plus_hi_ctl49,212,1,1,-0.06792593694,0.9827026993,0.01093945226,3,-0.03962187684,-2.270166319,0.3333360642,14.91165487,17.18182119,5.594432671,0,0,0
star_co_plus_hi_ctl49,212,2,0,0.08961832435,0.9984861552,0.2433577846,3,1.473648852,84.4338597,0.5247866978,83.91563736,0.5182223366,0.2634328392,0,0,0
star_co_plus_hi_ctl49,212,2,1,0.1329771786,0.9943766051,0.01501103641,3,1.473648852,84.4338597,0.5247866978,83.91563736,0.5182223366,0.2634328392,0,0,0
star_only,213,1,0,0.1034888663,0.9333277206,0.5652127944,3,0.6769180912,38.7845497,0.2976387536,54.90191921,16.11736951,35.46028335,0,0,0
star_only,213,1,1,0.01539312658,0.998735759,0.01438895665,3,0.6769180912,38.7845497,0.2976387536,54.90191921,16.11736951,35.46028335,0,0,0
star_only,213,2,0,0.1127175018,0.5475232421,0.157996821,3,1.536809725,88.05271114,0.5105594646,87.27850522,0.774205919,3.3554186,0,0,0
star_only,213,2,1,0.2800747233,0.9962232623,0.005935095957,3,1.536809725,88.05271114,0.5105594646,87.27850522,0.774205919,3.3554186,0,0,0
co_independent_only,213,1,0,-0.00837199326,0.9994083952,0.2668767912,3,0.05801939305,3.324266351,0.3059391657,24.25103506,20.92676871,0,0,0.007398975526,0
co_independent_only,213,1,1,-0.06907168952,0.9825181207,0.01093197731,3,0.05801939305,3.324266351,0.3059391657,24.25103506,20.92676871,0,0,0.007398975526,0
co_independent_only,213,2,0,0.1012876884,0.9790048247,0.2436816581,3,1.478246622,84.69729254,0.5406907208,84.33190025,0.3653922809,0,0,0.007398975526,0
co_independent_only,213,2,1,0.1374853748,0.9783568095,0.0150861345,3,1.478246622,84.69729254,0.5406907208,84.33190025,0.3653922809,0,0,0.007398975526,0
star_plus_co_independent,213,1,0,0.09889439194,0.9333277206,0.5652127944,3,0.6769180912,38.7845497,0.2976387536,54.90191921,16.11736951,35.46028335,0,0.007398975526,0
star_plus_co_independent,213,1,1,0.01632782463,0.998735759,0.01438895665,3,0.6769180912,38.7845497,0.2976387536,54.90191921,16.11736951,35.46028335,0,0.007398975526,0
star_plus_co_independent,213,2,0,0.1108735805,0.5475232421,0.157996821,3,1.536809725,88.05271114,0.5105594646,87.27850522,0.774205919,3.3554186,0,0.007398975526,0
star_plus_co_independent,213,2,1,0.2756102707,0.9962232623,0.005935095957,3,1.536809725,88.05271114,0.5105594646,87.27850522,0.774205919,3.3554186,0,0.007398975526,0
star_co_plus_hi_ctl49,213,1,0,0.09109332736,0.9333277206,0.5652127944,3,0.6769180912,38.7845497,0.2976387536,54.90191921,16.11736951,35.46028335,0,0.007398975526,0
star_co_plus_hi_ctl49,213,1,1,0.01433253293,0.998735759,0.01438895665,3,0.6769180912,38.7845497,0.2976387536,54.90191921,16.11736951,35.46028335,0,0.007398975526,0
star_co_plus_hi_ctl49,213,2,0,0.1066377828,0.5475232421,0.157996821,3,1.536809725,88.05271114,0.5105594646,87.27850522,0.774205919,3.3554186,0,0.007398975526,0
star_co_plus_hi_ctl49,213,2,1,0.2690725652,0.9962232623,0.005935095957,3,1.536809725,88.05271114,0.5105594646,87.27850522,0.774205919,3.3554186,0,0.007398975526,0
star_only,214,1,0,0.03537429641,0.9901353546,0.2656208402,3,0.08674742248,4.970261191,0.2219159644,34.38781966,29.41755847,1.64599484,0.003414911781,0,0
star_only,214,1,1,0.05583660081,0.9989779241,0.01434484414,3,0.08674742248,4.970261191,0.2219159644,34.38781966,29.41755847,1.64599484,0.003414911781,0,0
star_only,214,2,0,0.1158866001,0.92659305,0.1841235794,4,1.42595841,81.70139864,0.5323061468,82.01078633,0.3093876888,2.995893898,0.003414911781,0,0
star_only,214,2,1,0.0917991643,0.9902447649,0.00996766597,4,1.42595841,81.70139864,0.5323061468,82.01078633,0.3093876888,2.995893898,0.003414911781,0,0
co_independent_only,214,1,0,0.001956416042,0.9994083952,0.2668767912,3,0.05801939305,3.324266351,0.3059391657,24.25103506,20.92676871,0,0,0.002276607854,0
co_independent_only,214,1,1,-0.06872724871,0.9825181207,0.01093197731,3,0.05801939305,3.324266351,0.3059391657,24.25103506,20.92676871,0,0,0.002276607854,0
co_independent_only,214,2,0,0.09745305186,0.9790048247,0.2436816581,3,1.478246622,84.69729254,0.5406907208,84.33190025,0.3653922809,0,0,0.002276607854,0
co_independent_only,214,2,1,0.1378672766,0.9783568095,0.0150861345,3,1.478246622,84.69729254,0.5406907208,84.33190025,0.3653922809,0,0,0.002276607854,0
star_plus_co_independent,214,1,0,0.04394298364,0.9901353546,0.2656208402,3,0.08674742248,4.970261191,0.2219159644,34.38781966,29.41755847,1.64599484,0.003414911781,0.002276607854,0
star_plus_co_independent,214,1,1,0.05308726351,0.9989779241,0.01434484414,3,0.08674742248,4.970261191,0.2219159644,34.38781966,29.41755847,1.64599484,0.003414911781,0.002276607854,0
star_plus_co_independent,214,2,0,0.1140490876,0.92659305,0.1841235794,4,1.42595841,81.70139864,0.5323061468,82.01078633,0.3093876888,2.995893898,0.003414911781,0.002276607854,0
star_plus_co_independent,214,2,1,0.0918458487,0.9902447649,0.00996766597,4,1.42595841,81.70139864,0.5323061468,82.01078633,0.3093876888,2.995893898,0.003414911781,0.002276607854,0
star_co_plus_hi_ctl49,214,1,0,0.04873135413,0.9901353546,0.2656208402,3,0.08674742248,4.970261191,0.2219159644,34.38781966,29.41755847,1.64599484,0.003414911781,0.002276607854,0
star_co_plus_hi_ctl49,214,1,1,0.04928486676,0.9989779241,0.01434484414,3,0.08674742248,4.970261191,0.2219159644,34.38781966,29.41755847,1.64599484,0.003414911781,0.002276607854,0
star_co_plus_hi_ctl49,214,2,0,0.1140589982,0.92659305,0.1841235794,4,1.42595841,81.70139864,0.5323061468,82.01078633,0.3093876888,2.995893898,0.003414911781,0.002276607854,0
star_co_plus_hi_ctl49,214,2,1,0.09153054047,0.9902447649,0.00996766597,4,1.42595841,81.70139864,0.5323061468,82.01078633,0.3093876888,2.995893898,0.003414911781,0.002276607854,0
star_only,215,1,0,-0.08840953081,0.9946678984,0.2122288049,3,-0.05402630698,-3.095479373,0.3053696319,18.79849569,21.89397506,6.419745724,0,0,0
star_only,215,1,1,-0.06893597789,0.9109154956,0.01043897015,3,-0.05402630698,-3.095479373,0.3053696319,18.79849569,21.89397506,6.419745724,0,0,0
star_only,215,2,0,0.09579306443,0.9928342314,0.2150026173,3,1.498474147,85.85624436,0.5485158007,85.6741968,0.1820475604,1.158951823,0,0,0
star_only,215,2,1,0.06019864257,0.8954437649,0.011171602,3,1.498474147,85.85624436,0.5485158007,85.6741968,0.1820475604,1.158951823,0,0,0
co_independent_only,215,1,0,-0.007564853909,0.9994083952,0.2668767912,3,0.05801939305,3.324266351,0.3059391657,24.25103506,20.92676871,0,0,0.004553215709,0
co_independent_only,215,1,1,-0.06542937345,0.9825181207,0.01093197731,3,0.05801939305,3.324266351,0.3059391657,24.25103506,20.92676871,0,0,0.004553215709,0
co_independent_only,215,2,0,0.1021159005,0.9790048247,0.2436816581,3,1.478246622,84.69729254,0.5406907208,84.33190025,0.3653922809,0,0,0.004553215709,0
co_independent_only,215,2,1,0.1360932372,0.9783568095,0.0150861345,3,1.478246622,84.69729254,0.5406907208,84.33190025,0.3653922809,0,0,0.004553215709,0
star_plus_co_independent,215,1,0,-0.09036274943,0.9946678984,0.2122288049,3,-0.05402630698,-3.095479373,0.3053696319,18.79849569,21.89397506,6.419745724,0,0.004553215709,0
star_plus_co_independent,215,1,1,-0.06702130202,0.9109154956,0.01043897015,3,-0.05402630698,-3.095479373,0.3053696319,18.79849569,21.89397506,6.419745724,0,0.004553215709,0
star_plus_co_independent,215,2,0,0.09701943997,0.9928342314,0.2150026173,3,1.498474147,85.85624436,0.5485158007,85.6741968,0.1820475604,1.158951823,0,0.004553215709,0
star_plus_co_independent,215,2,1,0.05885353972,0.8954437649,0.011171602,3,1.498474147,85.85624436,0.5485158007,85.6741968,0.1820475604,1.158951823,0,0.004553215709,0
star_co_plus_hi_ctl49,215,1,0,-0.08626580029,0.9946678984,0.2122288049,3,-0.05402630698,-3.095479373,0.3053696319,18.79849569,21.89397506,6.419745724,0,0.004553215709,0
star_co_plus_hi_ctl49,215,1,1,-0.06921370961,0.9109154956,0.01043897015,3,-0.05402630698,-3.095479373,0.3053696319,18.79849569,21.89397506,6.419745724,0,0.004553215709,0
star_co_plus_hi_ctl49,215,2,0,0.09264891366,0.9928342314,0.2150026173,3,1.498474147,85.85624436,0.5485158007,85.6741968,0.1820475604,1.158951823,0,0.004553215709,0
star_co_plus_hi_ctl49,215,2,1,0.06176149706,0.8954437649,0.011171602,3,1.498474147,85.85624436,0.5485158007,85.6741968,0.1820475604,1.158951823,0,0.004553215709,0
star_only,216,1,0,0.06192681774,0.9777741961,0.408716454,3,0.2198551646,12.59677304,0.2704859134,33.41343992,20.81666688,9.272506687,0,0,0
star_only,216,1,1,-0.04072778797,0.9600566166,0.01308453949,3,0.2198551646,12.59677304,0.2704859134,33.41343992,20.81666688,9.272506687,0,0,0
star_only,216,2,0,0.08561902959,0.9641646641,0.1924400593,3,1.492499594,85.51392765,0.5561153654,84.69726007,0.8166675783,0.816635111,0,0,0
star_only,216,2,1,0.08997717112,0.8363090523,0.006185468948,3,1.492499594,85.51392765,0.5561153654,84.69726007,0.8166675783,0.816635111,0,0,0
co_independent_only,216,1,0,-0.01296709524,0.9994083952,0.2668767912,3,0.05801939305,3.324266351,0.3059391657,24.25103506,20.92676871,0,0,0.007398975526,0
co_independent_only,216,1,1,-0.0751057856,0.9825181207,0.01093197731,3,0.05801939305,3.324266351,0.3059391657,24.25103506,20.92676871,0,0,0.007398975526,0
co_independent_only,216,2,0,0.1058789693,0.9790048247,0.2436816581,3,1.478246622,84.69729254,0.5406907208,84.33190025,0.3653922809,0,0,0.007398975526,0
co_independent_only,216,2,1,0.1400809341,0.9783568095,0.0150861345,3,1.478246622,84.69729254,0.5406907208,84.33190025,0.3653922809,0,0,0.007398975526,0
star_plus_co_independent,216,1,0,0.0598225292,0.9777741961,0.408716454,3,0.2198551646,12.59677304,0.2704859134,33.41343992,20.81666688,9.272506687,0,0.007398975526,0
star_plus_co_independent,216,1,1,-0.04111397905,0.9600566166,0.01308453949,3,0.2198551646,12.59677304,0.2704859134,33.41343992,20.81666688,9.272506687,0,0.007398975526,0
star_plus_co_independent,216,2,0,0.0917536301,0.9641646641,0.1924400593,3,1.492499594,85.51392765,0.5561153654,84.69726007,0.8166675783,0.816635111,0,0.007398975526,0
star_plus_co_independent,216,2,1,0.09308970436,0.8363090523,0.006185468948,3,1.492499594,85.51392765,0.5561153654,84.69726007,0.8166675783,0.816635111,0,0.007398975526,0
star_co_plus_hi_ctl49,216,1,0,0.05824634839,0.9777741961,0.408716454,3,0.2198551646,12.59677304,0.2704859134,33.41343992,20.81666688,9.272506687,0,0.007398975526,0
star_co_plus_hi_ctl49,216,1,1,-0.03497627325,0.9600566166,0.01308453949,3,0.2198551646,12.59677304,0.2704859134,33.41343992,20.81666688,9.272506687,0,0.007398975526,0
star_co_plus_hi_ctl49,216,2,0,0.08667381242,0.9641646641,0.1924400593,3,1.492499594,85.51392765,0.5561153654,84.69726007,0.8166675783,0.816635111,0,0.007398975526,0
star_co_plus_hi_ctl49,216,2,1,0.08753542365,0.8363090523,0.006185468948,3,1.492499594,85.51392765,0.5561153654,84.69726007,0.8166675783,0.816635111,0,0.007398975526,0
star_only,217,1,0,-0.1076417853,0.9990756411,0.2379817935,3,-0.09936632451,-5.69327102,0.316538442,15.38624747,21.07951849,9.017537371,0,0,0
star_only,217,1,1,-0.1224191182,0.9608705108,0.01748475875,3,-0.09936632451,-5.69327102,0.316538442,15.38624747,21.07951849,9.017537371,0,0,0
star_only,217,2,0,0.1076417853,0.9990756411,0.2379817935,3,1.469984847,84.22392766,0.4961308591,84.04259967,0.181327987,0.4733648753,0,0,0
star_only,217,2,1,0.1224191182,0.9608705108,0.01748475875,3,1.469984847,84.22392766,0.4961308591,84.04259967,0.181327987,0.4733648753,0,0,0
co_independent_only,217,1,0,0.002060200429,0.9994083952,0.2668767912,3,0.05801939305,3.324266351,0.3059391657,24.25103506,20.92676871,0,0,0.003984063745,0
co_independent_only,217,1,1,-0.06818601953,0.9825181207,0.01093197731,3,0.05801939305,3.324266351,0.3059391657,24.25103506,20.92676871,0,0,0.003984063745,0
co_independent_only,217,2,0,0.1059377946,0.9790048247,0.2436816581,3,1.478246622,84.69729254,0.5406907208,84.33190025,0.3653922809,0,0,0.003984063745,0
co_independent_only,217,2,1,0.1420623833,0.9783568095,0.0150861345,3,1.478246622,84.69729254,0.5406907208,84.33190025,0.3653922809,0,0,0.003984063745,0
star_plus_co_independent,217,1,0,-0.1118680278,0.9990756411,0.2379817935,3,-0.09936632451,-5.69327102,0.316538442,15.38624747,21.07951849,9.017537371,0,0.003984063745,0
star_plus_co_independent,217,1,1,-0.1263265251,0.9608705108,0.01748475875,3,-0.09936632451,-5.69327102,0.316538442,15.38624747,21.07951849,9.017537371,0,0.003984063745,0
star_plus_co_independent,217,2,0,0.1118680278,0.9990756411,0.2379817935,3,1.469984847,84.22392766,0.4961308591,84.04259967,0.181327987,0.4733648753,0,0.003984063745,0
star_plus_co_independent,217,2,1,0.1263265251,0.9608705108,0.01748475875,3,1.469984847,84.22392766,0.4961308591,84.04259967,0.181327987,0.4733648753,0,0.003984063745,0
star_co_plus_hi_ctl49,217,1,0,-0.1139756803,0.9990756411,0.2379817935,3,-0.09936632451,-5.69327102,0.316538442,15.38624747,21.07951849,9.017537371,0,0.003984063745,0
star_co_plus_hi_ctl49,217,1,1,-0.1329452869,0.9608705108,0.01748475875,3,-0.09936632451,-5.69327102,0.316538442,15.38624747,21.07951849,9.017537371,0,0.003984063745,0
star_co_plus_hi_ctl49,217,2,0,0.1139756803,0.9990756411,0.2379817935,3,1.469984847,84.22392766,0.4961308591,84.04259967,0.181327987,0.4733648753,0,0.003984063745,0
star_co_plus_hi_ctl49,217,2,1,0.1329452869,0.9608705108,0.01748475875,3,1.469984847,84.22392766,0.4961308591,84.04259967,0.181327987,0.4733648753,0,0.003984063745,0
star_only,218,1,0,0.002038242656,0.9979786973,0.3695307151,3,0.03954581469,2.265808279,0.3270478653,20.16400449,17.89819621,1.058458072,0.0438247012,0,0
star_only,218,1,1,-0.02885650481,0.9567286835,0.01282278316,3,0.03954581469,2.265808279,0.3270478653,20.16400449,17.89819621,1.058458072,0.0438247012,0,0
star_only,218,2,0,0.1040948114,0.9786018128,0.3145164192,4,1.42435328,81.60943146,0.5434186766,81.92865693,0.3192254622,3.08786107,0.0438247012,0,0
star_only,218,2,1,0.09140149761,0.9044427773,0.01253494893,4,1.42435328,81.60943146,0.5434186766,81.92865693,0.3192254622,3.08786107,0.0438247012,0,0
co_independent_only,218,1,0,-0.006382064916,0.9994083952,0.2668767912,3,0.05801939305,3.324266351,0.3059391657,24.25103506,20.92676871,0,0,0.001707455891,0
co_independent_only,218,1,1,-0.06211640594,0.9825181207,0.01093197731,3,0.05801939305,3.324266351,0.3059391657,24.25103506,20.92676871,0,0,0.001707455891,0
co_independent_only,218,2,0,0.1025910657,0.9790048247,0.2436816581,3,1.478246622,84.69729254,0.5406907208,84.33190025,0.3653922809,0,0,0.001707455891,0
co_independent_only,218,2,1,0.1350797012,0.9783568095,0.0150861345,3,1.478246622,84.69729254,0.5406907208,84.33190025,0.3653922809,0,0,0.001707455891,0
star_plus_co_independent,218,1,0,-0.0004103372181,0.9979786973,0.3695307151,3,0.03954581469,2.265808279,0.3270478653,20.16400449,17.89819621,1.058458072,0.0438247012,0.001707455891,0
star_plus_co_independent,218,1,1,-0.02456352173,0.9567286835,0.01282278316,3,0.03954581469,2.265808279,0.3270478653,20.16400449,17.89819621,1.058458072,0.0438247012,0.001707455891,0
star_plus_co_independent,218,2,0,0.1100374009,0.9786018128,0.3145164192,4,1.42435328,81.60943146,0.5434186766,81.92865693,0.3192254622,3.08786107,0.0438247012,0.001707455891,0
star_plus_co_independent,218,2,1,0.09404713375,0.9044427773,0.01253494893,4,1.42435328,81.60943146,0.5434186766,81.92865693,0.3192254622,3.08786107,0.0438247012,0.001707455891,0
star_co_plus_hi_ctl49,218,1,0,0.009198593062,0.9979786973,0.3695307151,3,0.03954581469,2.265808279,0.3270478653,20.16400449,17.89819621,1.058458072,0.0438247012,0.001707455891,0
star_co_plus_hi_ctl49,218,1,1,-0.0266311759,0.9567286835,0.01282278316,3,0.03954581469,2.265808279,0.3270478653,20.16400449,17.89819621,1.058458072,0.0438247012,0.001707455891,0
star_co_plus_hi_ctl49,218,2,0,0.1064039427,0.9786018128,0.3145164192,4,1.42435328,81.60943146,0.5434186766,81.92865693,0.3192254622,3.08786107,0.0438247012,0.001707455891,0
star_co_plus_hi_ctl49,218,2,1,0.09050835943,0.9044427773,0.01253494893,4,1.42435328,81.60943146,0.5434186766,81.92865693,0.3192254622,3.08786107,0.0438247012,0.001707455891,0
star_only,219,1,0,0.06963425307,0.9823979531,0.2832436246,3,0.115419297,6.613038594,0.1535079239,47.31909308,40.70605449,3.288772242,0.004553215709,0,0
star_only,219,1,1,0.1044173295,0.9945170811,0.01273564908,3,0.115419297,6.613038594,0.1535079239,47.31909308,40.70605449,3.288772242,0.004553215709,0,0
star_only,219,2,0,0.1163108044,0.763710325,0.1160222722,4,1.412953841,80.95629176,0.5576547868,81.40352897,0.447237216,3.741000776,0.004553215709,0,0
star_only,219,2,1,0.126064652,0.8281488171,0.00665291322,4,1.412953841,80.95629176,0.5576547868,81.40352897,0.447237216,3.741000776,0.004553215709,0,0
co_independent_only,219,1,0,-0.0007950723184,0.9994083952,0.2668767912,3,0.05801939305,3.324266351,0.3059391657,24.25103506,20.92676871,0,0,0.002276607854,0
co_independent_only,219,1,1,-0.06341622184,0.9825181207,0.01093197731,3,0.05801939305,3.324266351,0.3059391657,24.25103506,20.92676871,0,0,0.002276607854,0
co_independent_only,219,2,0,0.09580820694,0.9790048247,0.2436816581,3,1.478246622,84.69729254,0.5406907208,84.33190025,0.3653922809,0,0,0.002276607854,0
co_independent_only,219,2,1,0.1390676697,0.9783568095,0.0150861345,3,1.478246622,84.69729254,0.5406907208,84.33190025,0.3653922809,0,0,0.002276607854,0
star_plus_co_independent,219,1,0,0.07046250051,0.9823979531,0.2832436246,3,0.115419297,6.613038594,0.1535079239,47.31909308,40.70605449,3.288772242,0.004553215709,0.002276607854,0
star_plus_co_independent,219,1,1,0.1090700136,0.9945170811,0.01273564908,3,0.115419297,6.613038594,0.1535079239,47.31909308,40.70605449,3.288772242,0.004553215709,0.002276607854,0
star_plus_co_independent,219,2,0,0.1119739333,0.763710325,0.1160222722,4,1.412953841,80.95629176,0.5576547868,81.40352897,0.447237216,3.741000776,0.004553215709,0.002276607854,0
star_plus_co_independent,219,2,1,0.1274207821,0.8281488171,0.00665291322,4,1.412953841,80.95629176,0.5576547868,81.40352897,0.447237216,3.741000776,0.004553215709,0.002276607854,0
star_co_plus_hi_ctl49,219,1,0,0.055476034,0.9823979531,0.2832436246,3,0.115419297,6.613038594,0.1535079239,47.31909308,40.70605449,3.288772242,0.004553215709,0.002276607854,0
star_co_plus_hi_ctl49,219,1,1,0.1013288612,0.9945170811,0.01273564908,3,0.115419297,6.613038594,0.1535079239,47.31909308,40.70605449,3.288772242,0.004553215709,0.002276607854,0
star_co_plus_hi_ctl49,219,2,0,0.1094261969,0.763710325,0.1160222722,4,1.412953841,80.95629176,0.5576547868,81.40352897,0.447237216,3.741000776,0.004553215709,0.002276607854,0
star_co_plus_hi_ctl49,219,2,1,0.1315837588,0.8281488171,0.00665291322,4,1.412953841,80.95629176,0.5576547868,81.40352897,0.447237216,3.741000776,0.004553215709,0.002276607854,0
star_only,220,1,0,-0.07993941684,0.9920514485,0.2889764223,3,-0.06872471542,-3.937636142,0.3651568885,14.0065159,17.94415204,7.261902493,0.03301081389,0,0
star_only,220,1,1,-0.09006480984,0.9387342543,0.01442725697,3,-0.06872471542,-3.937636142,0.3651568885,14.0065159,17.94415204,7.261902493,0.03301081389,0,0
star_only,220,2,0,0.1110200085,0.997826866,0.2999941358,4,1.458798723,83.58300999,0.521118905,83.64243309,0.05942310078,1.114282548,0.03301081389,0,0
star_only,220,2,1,0.1568692268,0.9994519097,0.01812364007,4,1.458798723,83.58300999,0.521118905,83.64243309,0.05942310078,1.114282548,0.03301081389,0,0
co_independent_only,220,1,0,-0.004281124223,0.9994083952,0.2668767912,3,0.05801939305,3.324266351,0.3059391657,24.25103506,20.92676871,0,0,0.002276607854,0
co_independent_only,220,1,1,-0.06404699712,0.9825181207,0.01093197731,3,0.05801939305,3.324266351,0.3059391657,24.25103506,20.92676871,0,0,0.002276607854,0
co_independent_only,220,2,0,0.1013355805,0.9790048247,0.2436816581,3,1.478246622,84.69729254,0.5406907208,84.33190025,0.3653922809,0,0,0.002276607854,0
co_independent_only,220,2,1,0.1354362404,0.9783568095,0.0150861345,3,1.478246622,84.69729254,0.5406907208,84.33190025,0.3653922809,0,0,0.002276607854,0
star_plus_co_independent,220,1,0,-0.08166005288,0.9920514485,0.2889764223,3,-0.06872471542,-3.937636142,0.3651568885,14.0065159,17.94415204,7.261902493,0.03301081389,0.002276607854,0
star_plus_co_independent,220,1,1,-0.0864034645,0.9387342543,0.01442725697,3,-0.06872471542,-3.937636142,0.3651568885,14.0065159,17.94415204,7.261902493,0.03301081389,0.002276607854,0
star_plus_co_independent,220,2,0,0.1079129775,0.997826866,0.2999941358,4,1.458798723,83.58300999,0.521118905,83.64243309,0.05942310078,1.114282548,0.03301081389,0.002276607854,0
star_plus_co_independent,220,2,1,0.1528107202,0.9994519097,0.01812364007,4,1.458798723,83.58300999,0.521118905,83.64243309,0.05942310078,1.114282548,0.03301081389,0.002276607854,0
star_co_plus_hi_ctl49,220,1,0,-0.07717209016,0.9920514485,0.2889764223,3,-0.06872471542,-3.937636142,0.3651568885,14.0065159,17.94415204,7.261902493,0.03301081389,0.002276607854,0
star_co_plus_hi_ctl49,220,1,1,-0.07751064791,0.9387342543,0.01442725697,3,-0.06872471542,-3.937636142,0.3651568885,14.0065159,17.94415204,7.261902493,0.03301081389,0.002276607854,0
star_co_plus_hi_ctl49,220,2,0,0.09866990747,0.997826866,0.2999941358,4,1.458798723,83.58300999,0.521118905,83.64243309,0.05942310078,1.114282548,0.03301081389,0.002276607854,0
star_co_plus_hi_ctl49,220,2,1,0.1413184406,0.9994519097,0.01812364007,4,1.458798723,83.58300999,0.521118905,83.64243309,0.05942310078,1.114282548,0.03301081389,0.002276607854,0
star_only,221,1,0,0.08165496805,0.9374585226,0.3075216058,3,0.2163615697,12.39660479,0.1760451143,48.51145551,36.11485072,9.072338442,0,0,0
star_only,221,1,1,-0.04424384848,0.9805574606,0.01342110663,3,0.2163615697,12.39660479,0.1760451143,48.51145551,36.11485072,9.072338442,0,0,0
star_only,221,2,0,0.1190009065,0.8292836116,0.1152798352,3,1.538715819,88.16192228,0.5660884522,88.01342705,0.1484952303,3.464629746,0,0,0
star_only,221,2,1,0.08408886921,0.8710977092,0.007931664099,3,1.538715819,88.16192228,0.5660884522,88.01342705,0.1484952303,3.464629746,0,0,0
co_independent_only,221,1,0,-0.003349223948,0.9994083952,0.2668767912,3,0.05801939305,3.324266351,0.3059391657,24.25103506,20.92676871,0,0,0.007398975526,0
co_independent_only,221,1,1,-0.06542915645,0.9825181207,0.01093197731,3,0.05801939305,3.324266351,0.3059391657,24.25103506,20.92676871,0,0,0.007398975526,0
co_independent_only,221,2,0,0.09911751875,0.9790048247,0.2436816581,3,1.478246622,84.69729254,0.5406907208,84.33190025,0.3653922809,0,0,0.007398975526,0
co_independent_only,221,2,1,0.1411333896,0.9783568095,0.0150861345,3,1.478246622,84.69729254,0.5406907208,84.33190025,0.3653922809,0,0,0.007398975526,0
star_plus_co_independent,221,1,0,0.07910316982,0.9374585226,0.3075216058,3,0.2163615697,12.39660479,0.1760451143,48.51145551,36.11485072,9.072338442,0,0.007398975526,0
star_plus_co_independent,221,1,1,-0.04844122188,0.9805574606,0.01342110663,3,0.2163615697,12.39660479,0.1760451143,48.51145551,36.11485072,9.072338442,0,0.007398975526,0
star_plus_co_independent,221,2,0,0.1150400362,0.8292836116,0.1152798352,3,1.538715819,88.16192228,0.5660884522,88.01342705,0.1484952303,3.464629746,0,0.007398975526,0
star_plus_co_independent,221,2,1,0.08460483653,0.8710977092,0.007931664099,3,1.538715819,88.16192228,0.5660884522,88.01342705,0.1484952303,3.464629746,0,0.007398975526,0
star_co_plus_hi_ctl49,221,1,0,0.06898518891,0.9374585226,0.3075216058,3,0.2163615697,12.39660479,0.1760451143,48.51145551,36.11485072,9.072338442,0,0.007398975526,0
star_co_plus_hi_ctl49,221,1,1,-0.05629350511,0.9805574606,0.01342110663,3,0.2163615697,12.39660479,0.1760451143,48.51145551,36.11485072,9.072338442,0,0.007398975526,0
star_co_plus_hi_ctl49,221,2,0,0.113153643,0.8292836116,0.1152798352,3,1.538715819,88.16192228,0.5660884522,88.01342705,0.1484952303,3.464629746,0,0.007398975526,0
star_co_plus_hi_ctl49,221,2,1,0.09447807378,0.8710977092,0.007931664099,3,1.538715819,88.16192228,0.5660884522,88.01342705,0.1484952303,3.464629746,0,0.007398975526,0
star_only,222,1,0,-0.1458740775,0.997564262,0.3965535571,4,-0.2003072467,-11.47675984,0.3702677197,2.172387104,13.64914695,14.80102619,0.01593625498,0,0
star_only,222,1,1,-0.2069795759,0.8937338609,0.01896469853,4,-0.2003072467,-11.47675984,0.3702677197,2.172387104,13.64914695,14.80102619,0.01593625498,0,0
star_only,222,2,0,0.09180724561,0.977436267,0.3211794275,3,1.495084265,85.66201841,0.5368340779,85.14565916,0.5163592419,0.9647258709,0.01593625498,0,0
star_only,222,2,1,0.1380214955,0.9575647469,0.01599614289,3,1.495084265,85.66201841,0.5368340779,85.14565916,0.5163592419,0.9647258709,0.01593625498,0,0
co_independent_only,222,1,0,0.0007356048337,0.9994083952,0.2668767912,3,0.05801939305,3.324266351,0.3059391657,24.25103506,20.92676871,0,0,0,0
co_independent_only,222,1,1,-0.06321467732,0.9825181207,0.01093197731,3,0.05801939305,3.324266351,0.3059391657,24.25103506,20.92676871,0,0,0,0
co_independent_only,222,2,0,0.08703192984,0.9790048247,0.2436816581,3,1.478246622,84.69729254,0.5406907208,84.33190025,0.3653922809,0,0,0,0
co_independent_only,222,2,1,0.1322829752,0.9783568095,0.0150861345,3,1.478246622,84.69729254,0.5406907208,84.33190025,0.3653922809,0,0,0,0
star_plus_co_independent,222,1,0,-0.1321403577,0.997564262,0.3965535571,4,-0.2003072467,-11.47675984,0.3702677197,2.172387104,13.64914695,14.80102619,0.01593625498,0,0
star_plus_co_independent,222,1,1,-0.201294323,0.8937338609,0.01896469853,4,-0.2003072467,-11.47675984,0.3702677197,2.172387104,13.64914695,14.80102619,0.01593625498,0,0
star_plus_co_independent,222,2,0,0.07866090509,0.977436267,0.3211794275,3,1.495084265,85.66201841,0.5368340779,85.14565916,0.5163592419,0.9647258709,0.01593625498,0,0
star_plus_co_independent,222,2,1,0.1324684057,0.9575647469,0.01599614289,3,1.495084265,85.66201841,0.5368340779,85.14565916,0.5163592419,0.9647258709,0.01593625498,0,0
star_co_plus_hi_ctl49,222,1,0,-0.125815853,0.997564262,0.3965535571,4,-0.2003072467,-11.47675984,0.3702677197,2.172387104,13.64914695,14.80102619,0.01593625498,0,0
star_co_plus_hi_ctl49,222,1,1,-0.1962686684,0.8937338609,0.01896469853,4,-0.2003072467,-11.47675984,0.3702677197,2.172387104,13.64914695,14.80102619,0.01593625498,0,0
star_co_plus_hi_ctl49,222,2,0,0.07742260234,0.977436267,0.3211794275,3,1.495084265,85.66201841,0.5368340779,85.14565916,0.5163592419,0.9647258709,0.01593625498,0,0
star_co_plus_hi_ctl49,222,2,1,0.1233737792,0.9575647469,0.01599614289,3,1.495084265,85.66201841,0.5368340779,85.14565916,0.5163592419,0.9647258709,0.01593625498,0,0
star_only,223,1,0,0.007245890291,0.9999218107,0.2739696638,3,0.08434151286,4.832412725,0.2481477598,27.94899777,23.11658504,1.508146373,0,0,0
star_only,223,1,1,0.04699721589,0.9934006237,0.01025337763,3,0.08434151286,4.832412725,0.2481477598,27.94899777,23.11658504,1.508146373,0,0,0
star_only,223,2,0,0.1085613226,0.9759023839,0.2024484452,4,1.451486071,83.16402591,0.5327054694,83.07560692,0.08841898723,1.533266625,0,0,0
star_only,223,2,1,0.1393190451,0.919606196,0.009434552919,4,1.451486071,83.16402591,0.5327054694,83.07560692,0.08841898723,1.533266625,0,0,0
co_independent_only,223,1,0,-0.01146516162,0.9994083952,0.2668767912,3,0.05801939305,3.324266351,0.3059391657,24.25103506,20.92676871,0,0,0.002276607854,0
co_independent_only,223,1,1,-0.07532916708,0.9825181207,0.01093197731,3,0.05801939305,3.324266351,0.3059391657,24.25103506,20.92676871,0,0,0.002276607854,0
co_independent_only,223,2,0,0.1093100091,0.9790048247,0.2436816581,3,1.478246622,84.69729254,0.5406907208,84.33190025,0.3653922809,0,0,0.002276607854,0
co_independent_only,223,2,1,0.1455111196,0.9783568095,0.0150861345,3,1.478246622,84.69729254,0.5406907208,84.33190025,0.3653922809,0,0,0.002276607854,0
star_plus_co_independent,223,1,0,0.001068219073,0.9999218107,0.2739696638,3,0.08434151286,4.832412725,0.2481477598,27.94899777,23.11658504,1.508146373,0,0.002276607854,0
star_plus_co_independent,223,1,1,0.0446901,0.9934006237,0.01025337763,3,0.08434151286,4.832412725,0.2481477598,27.94899777,23.11658504,1.508146373,0,0.002276607854,0
star_plus_co_independent,223,2,0,0.1121464185,0.9759023839,0.2024484452,4,1.451486071,83.16402591,0.5327054694,83.07560692,0.08841898723,1.533266625,0,0.002276607854,0
star_plus_co_independent,223,2,1,0.1376352156,0.919606196,0.009434552919,4,1.451486071,83.16402591,0.5327054694,83.07560692,0.08841898723,1.533266625,0,0.002276607854,0
star_co_plus_hi_ctl49,223,1,0,0.003434992915,0.9999218107,0.2739696638,3,0.08434151286,4.832412725,0.2481477598,27.94899777,23.11658504,1.508146373,0,0.002276607854,0
star_co_plus_hi_ctl49,223,1,1,0.03802275436,0.9934006237,0.01025337763,3,0.08434151286,4.832412725,0.2481477598,27.94899777,23.11658504,1.508146373,0,0.002276607854,0
star_co_plus_hi_ctl49,223,2,0,0.1120487763,0.9759023839,0.2024484452,4,1.451486071,83.16402591,0.5327054694,83.07560692,0.08841898723,1.533266625,0,0.002276607854,0
star_co_plus_hi_ctl49,223,2,1,0.1403107326,0.919606196,0.009434552919,4,1.451486071,83.16402591,0.5327054694,83.07560692,0.08841898723,1.533266625,0,0.002276607854,0
star_only,224,1,0,0.08286540719,0.9741959376,0.517464224,3,0.2265376079,12.97964883,0.243155116,42.70434974,29.72470091,9.655382483,0.01821286283,0,0
star_only,224,1,1,0.02912923771,0.9520873127,0.01424934114,3,0.2265376079,12.97964883,0.243155116,42.70434974,29.72470091,9.655382483,0.01821286283,0,0
star_only,224,2,0,0.1033627583,0.7710804236,0.2133973384,4,1.467782458,84.09774008,0.6100739261,83.56903714,0.5287029365,0.5995524544,0.01821286283,0,0
star_only,224,2,1,0.1282904185,0.9999815046,0.0158156297,4,1.467782458,84.09774008,0.6100739261,83.56903714,0.5287029365,0.5995524544,0.01821286283,0,0
co_independent_only,224,1,0,-0.001985474795,0.9994083952,0.2668767912,3,0.05801939305,3.324266351,0.3059391657,24.25103506,20.92676871,0,0,0,0
co_independent_only,224,1,1,-0.07431764883,0.9825181207,0.01093197731,3,0.05801939305,3.324266351,0.3059391657,24.25103506,20.92676871,0,0,0,0
co_independent_only,224,2,0,0.1016619476,0.9790048247,0.2436816581,3,1.478246622,84.69729254,0.5406907208,84.33190025,0.3653922809,0,0,0,0
co_independent_only,224,2,1,0.1467052351,0.9783568095,0.0150861345,3,1.478246622,84.69729254,0.5406907208,84.33190025,0.3653922809,0,0,0,0
star_plus_co_independent,224,1,0,0.09104461261,0.9741959376,0.517464224,3,0.2265376079,12.97964883,0.243155116,42.70434974,29.72470091,9.655382483,0.01821286283,0,0
star_plus_co_independent,224,1,1,0.03328330768,0.9520873127,0.01424934114,3,0.2265376079,12.97964883,0.243155116,42.70434974,29.72470091,9.655382483,0.01821286283,0,0
star_plus_co_independent,224,2,0,0.1023659174,0.7710804236,0.2133973384,4,1.467782458,84.09774008,0.6100739261,83.56903714,0.5287029365,0.5995524544,0.01821286283,0,0
star_plus_co_independent,224,2,1,0.1302039506,0.9999815046,0.0158156297,4,1.467782458,84.09774008,0.6100739261,83.56903714,0.5287029365,0.5995524544,0.01821286283,0,0
star_co_plus_hi_ctl49,224,1,0,0.09112847124,0.9741959376,0.517464224,3,0.2265376079,12.97964883,0.243155116,42.70434974,29.72470091,9.655382483,0.01821286283,0,0
star_co_plus_hi_ctl49,224,1,1,0.03657235537,0.9520873127,0.01424934114,3,0.2265376079,12.97964883,0.243155116,42.70434974,29.72470091,9.655382483,0.01821286283,0,0
star_co_plus_hi_ctl49,224,2,0,0.1060582361,0.7710804236,0.2133973384,4,1.467782458,84.09774008,0.6100739261,83.56903714,0.5287029365,0.5995524544,0.01821286283,0,0
star_co_plus_hi_ctl49,224,2,1,0.1267807436,0.9999815046,0.0158156297,4,1.467782458,84.09774008,0.6100739261,83.56903714,0.5287029365,0.5995524544,0.01821286283,0,0
star_only,225,1,0,0.00831909181,0.9967776283,0.4036705822,3,0.1534416427,8.79155853,0.3892223633,26.41727241,17.62571388,5.467292179,0,0,0
star_only,225,1,1,-0.03342427149,0.951507001,0.01705128514,3,0.1534416427,8.79155853,0.3892223633,26.41727241,17.62571388,5.467292179,0,0,0
star_only,225,2,0,0.1058399589,0.9126160532,0.2918683167,4,1.460928263,83.70502367,0.5204799281,82.82811882,0.8769048511,0.9922688674,0,0,0
star_only,225,2,1,0.166989071,0.964399472,0.01277350156,4,1.460928263,83.70502367,0.5204799281,82.82811882,0.8769048511,0.9922688674,0,0,0
co_independent_only,225,1,0,0.008124998323,0.9994083952,0.2668767912,3,0.05801939305,3.324266351,0.3059391657,24.25103506,20.92676871,0,0,0.005122367672,0
co_independent_only,225,1,1,-0.05252040092,0.9825181207,0.01093197731,3,0.05801939305,3.324266351,0.3059391657,24.25103506,20.92676871,0,0,0.005122367672,0
co_independent_only,225,2,0,0.09775849827,0.9790048247,0.2436816581,3,1.478246622,84.69729254,0.5406907208,84.33190025,0.3653922809,0,0,0.005122367672,0
co_independent_only,225,2,1,0.1294947397,0.9783568095,0.0150861345,3,1.478246622,84.69729254,0.5406907208,84.33190025,0.3653922809,0,0,0.005122367672,0
star_plus_co_independent,225,1,0,0.01907139701,0.9967776283,0.4036705822,3,0.1534416427,8.79155853,0.3892223633,26.41727241,17.62571388,5.467292179,0,0.005122367672,0
star_plus_co_independent,225,1,1,-0.02661601754,0.951507001,0.01705128514,3,0.1534416427,8.79155853,0.3892223633,26.41727241,17.62571388,5.467292179,0,0.005122367672,0
star_plus_co_independent,225,2,0,0.09950674153,0.9126160532,0.2918683167,4,1.460928263,83.70502367,0.5204799281,82.82811882,0.8769048511,0.9922688674,0,0.005122367672,0
star_plus_co_independent,225,2,1,0.1612769479,0.964399472,0.01277350156,4,1.460928263,83.70502367,0.5204799281,82.82811882,0.8769048511,0.9922688674,0,0.005122367672,0
star_co_plus_hi_ctl49,225,1,0,0.02565230496,0.9967776283,0.4036705822,3,0.1534416427,8.79155853,0.3892223633,26.41727241,17.62571388,5.467292179,0,0.005122367672,0
star_co_plus_hi_ctl49,225,1,1,-0.01914462128,0.951507001,0.01705128514,3,0.1534416427,8.79155853,0.3892223633,26.41727241,17.62571388,5.467292179,0,0.005122367672,0
star_co_plus_hi_ctl49,225,2,0,0.09579285322,0.9126160532,0.2918683167,4,1.460928263,83.70502367,0.5204799281,82.82811882,0.8769048511,0.9922688674,0,0.005122367672,0
star_co_plus_hi_ctl49,225,2,1,0.1545631653,0.964399472,0.01277350156,4,1.460928263,83.70502367,0.5204799281,82.82811882,0.8769048511,0.9922688674,0,0.005122367672,0
star_only,226,1,0,0.06851484125,0.9924641978,0.4601053773,3,0.2099813442,12.0310448,0.3021698323,33.22001233,21.18896753,8.706778445,0,0,0
star_only,226,1,1,0.04624031985,0.9888164671,0.0204510716,3,0.2099813442,12.0310448,0.3021698323,33.22001233,21.18896753,8.706778445,0,0,0
star_only,226,2,0,0.1192294696,0.798581589,0.1887975331,3,1.475296724,84.52827581,0.5834501765,84.44891439,0.07936141696,0.1690167247,0,0,0
star_only,226,2,1,0.2124892942,0.9986346292,0.01059384771,3,1.475296724,84.52827581,0.5834501765,84.44891439,0.07936141696,0.1690167247,0,0,0
co_independent_only,226,1,0,0.00443105057,0.9994083952,0.2668767912,3,0.05801939305,3.324266351,0.3059391657,24.25103506,20.92676871,0,0,0.003414911781,0
co_independent_only,226,1,1,-0.06631437096,0.9825181207,0.01093197731,3,0.05801939305,3.324266351,0.3059391657,24.25103506,20.92676871,0,0,0.003414911781,0
co_independent_only,226,2,0,0.0969194192,0.9790048247,0.2436816581,3,1.478246622,84.69729254,0.5406907208,84.33190025,0.3653922809,0,0,0.003414911781,0
co_independent_only,226,2,1,0.1371512542,0.9783568095,0.0150861345,3,1.478246622,84.69729254,0.5406907208,84.33190025,0.3653922809,0,0,0.003414911781,0
star_plus_co_independent,226,1,0,0.08004030871,0.9924641978,0.4601053773,3,0.2099813442,12.0310448,0.3021698323,33.22001233,21.18896753,8.706778445,0,0.003414911781,0
star_plus_co_independent,226,1,1,0.04771082646,0.9888164671,0.0204510716,3,0.2099813442,12.0310448,0.3021698323,33.22001233,21.18896753,8.706778445,0,0.003414911781,0
star_plus_co_independent,226,2,0,0.1151017512,0.798581589,0.1887975331,3,1.475296724,84.52827581,0.5834501765,84.44891439,0.07936141696,0.1690167247,0,0.003414911781,0
star_plus_co_independent,226,2,1,0.2103406825,0.9986346292,0.01059384771,3,1.475296724,84.52827581,0.5834501765,84.44891439,0.07936141696,0.1690167247,0,0.003414911781,0
star_co_plus_hi_ctl49,226,1,0,0.06634370409,0.9924641978,0.4601053773,3,0.2099813442,12.0310448,0.3021698323,33.22001233,21.18896753,8.706778445,0,0.003414911781,0
star_co_plus_hi_ctl49,226,1,1,0.04505196866,0.9888164671,0.0204510716,3,0.2099813442,12.0310448,0.3021698323,33.22001233,21.18896753,8.706778445,0,0.003414911781,0
star_co_plus_hi_ctl49,226,2,0,0.1136949851,0.798581589,0.1887975331,3,1.475296724,84.52827581,0.5834501765,84.44891439,0.07936141696,0.1690167247,0,0.003414911781,0
star_co_plus_hi_ctl49,226,2,1,0.2061179467,0.9986346292,0.01059384771,3,1.475296724,84.52827581,0.5834501765,84.44891439,0.07936141696,0.1690167247,0,0.003414911781,0
star_only,227,1,0,0.09159663281,0.9865422182,0.3471923824,3,0.1725204478,9.884693537,0.237545559,39.144935,29.26024146,6.560427186,0.001138303927,0,0
star_only,227,1,1,0.05967349769,0.9889011617,0.01763706197,3,0.1725204478,9.884693537,0.237545559,39.144935,29.26024146,6.560427186,0.001138303927,0,0
star_only,227,2,0,0.1305338467,0.8258085413,0.1747561752,4,1.432828596,82.09503134,0.5392733551,82.53891625,0.4438849149,2.602261198,0.001138303927,0,0
star_only,227,2,1,0.1401855009,0.9866016523,0.008459127644,4,1.432828596,82.09503134,0.5392733551,82.53891625,0.4438849149,2.602261198,0.001138303927,0,0
co_independent_only,227,1,0,-0.007788759674,0.9994083952,0.2668767912,3,0.05801939305,3.324266351,0.3059391657,24.25103506,20.92676871,0,0,0.003414911781,0
co_independent_only,227,1,1,-0.0686255071,0.9825181207,0.01093197731,3,0.05801939305,3.324266351,0.3059391657,24.25103506,20.92676871,0,0,0.003414911781,0
co_independent_only,227,2,0,0.1101768442,0.9790048247,0.2436816581,3,1.478246622,84.69729254,0.5406907208,84.33190025,0.3653922809,0,0,0.003414911781,0
co_independent_only,227,2,1,0.1419973214,0.9783568095,0.0150861345,3,1.478246622,84.69729254,0.5406907208,84.33190025,0.3653922809,0,0,0.003414911781,0
star_plus_co_independent,227,1,0,0.09586990758,0.9865422182,0.3471923824,3,0.1725204478,9.884693537,0.237545559,39.144935,29.26024146,6.560427186,0.001138303927,0.003414911781,0
star_plus_co_independent,227,1,1,0.06350936814,0.9889011617,0.01763706197,3,0.1725204478,9.884693537,0.237545559,39.144935,29.26024146,6.560427186,0.001138303927,0.003414911781,0
star_plus_co_independent,227,2,0,0.1397905103,0.8258085413,0.1747561752,4,1.432828596,82.09503134,0.5392733551,82.53891625,0.4438849149,2.602261198,0.001138303927,0.003414911781,0
star_plus_co_independent,227,2,1,0.1381258609,0.9866016523,0.008459127644,4,1.432828596,82.09503134,0.5392733551,82.53891625,0.4438849149,2.602261198,0.001138303927,0.003414911781,0
star_co_plus_hi_ctl49,227,1,0,0.07679109058,0.9865422182,0.3471923824,3,0.1725204478,9.884693537,0.237545559,39.144935,29.26024146,6.560427186,0.001138303927,0.003414911781,0
star_co_plus_hi_ctl49,227,1,1,0.05125194723,0.9889011617,0.01763706197,3,0.1725204478,9.884693537,0.237545559,39.144935,29.26024146,6.560427186,0.001138303927,0.003414911781,0
star_co_plus_hi_ctl49,227,2,0,0.1258956318,0.8258085413,0.1747561752,4,1.432828596,82.09503134,0.5392733551,82.53891625,0.4438849149,2.602261198,0.001138303927,0.003414911781,0
star_co_plus_hi_ctl49,227,2,1,0.1364636871,0.9866016523,0.008459127644,4,1.432828596,82.09503134,0.5392733551,82.53891625,0.4438849149,2.602261198,0.001138303927,0.003414911781,0
star_only,228,1,0,0.06217340518,0.995178341,0.3335733672,3,0.1876243716,10.75008463,0.2435455912,33.06725967,22.31717504,7.425818274,0.004553215709,0,0
star_only,228,1,1,-0.0003648419437,0.9773482433,0.01573578453,3,0.1876243716,10.75008463,0.2435455912,33.06725967,22.31717504,7.425818274,0.004553215709,0,0
star_only,228,2,0,0.09505750439,0.9692152156,0.172612607,3,1.505669013,86.26847977,0.5649482932,85.76569896,0.5027808128,1.571187235,0.004553215709,0,0
star_only,228,2,1,0.09944937327,0.926972398,0.007029467607,3,1.505669013,86.26847977,0.5649482932,85.76569896,0.5027808128,1.571187235,0.004553215709,0,0
co_independent_only,228,1,0,0.001807207061,0.9994083952,0.2668767912,3,0.05801939305,3.324266351,0.3059391657,24.25103506,20.92676871,0,0,0.008537279454,0
co_independent_only,228,1,1,-0.06564053553,0.9825181207,0.01093197731,3,0.05801939305,3.324266351,0.3059391657,24.25103506,20.92676871,0,0,0.008537279454,0
co_independent_only,228,2,0,0.104111188,0.9790048247,0.2436816581,3,1.478246622,84.69729254,0.5406907208,84.33190025,0.3653922809,0,0,0.008537279454,0
co_independent_only,228,2,1,0.1399439532,0.9783568095,0.0150861345,3,1.478246622,84.69729254,0.5406907208,84.33190025,0.3653922809,0,0,0.008537279454,0
star_plus_co_independent,228,1,0,0.07635499343,0.995178341,0.3335733672,3,0.1876243716,10.75008463,0.2435455912,33.06725967,22.31717504,7.425818274,0.004553215709,0.008537279454,0
star_plus_co_independent,228,1,1,0.004811215113,0.9773482433,0.01573578453,3,0.1876243716,10.75008463,0.2435455912,33.06725967,22.31717504,7.425818274,0.004553215709,0.008537279454,0
star_plus_co_independent,228,2,0,0.09730690181,0.9692152156,0.172612607,3,1.505669013,86.26847977,0.5649482932,85.76569896,0.5027808128,1.571187235,0.004553215709,0.008537279454,0
star_plus_co_independent,228,2,1,0.1007699204,0.926972398,0.007029467607,3,1.505669013,86.26847977,0.5649482932,85.76569896,0.5027808128,1.571187235,0.004553215709,0.008537279454,0
star_co_plus_hi_ctl49,228,1,0,0.06435747668,0.995178341,0.3335733672,3,0.1876243716,10.75008463,0.2435455912,33.06725967,22.31717504,7.425818274,0.004553215709,0.008537279454,0
star_co_plus_hi_ctl49,228,1,1,-0.004065002224,0.9773482433,0.01573578453,3,0.1876243716,10.75008463,0.2435455912,33.06725967,22.31717504,7.425818274,0.004553215709,0.008537279454,0
star_co_plus_hi_ctl49,228,2,0,0.0975805752,0.9692152156,0.172612607,3,1.505669013,86.26847977,0.5649482932,85.76569896,0.5027808128,1.571187235,0.004553215709,0.008537279454,0
star_co_plus_hi_ctl49,228,2,1,0.1082034147,0.926972398,0.007029467607,3,1.505669013,86.26847977,0.5649482932,85.76569896,0.5027808128,1.571187235,0.004553215709,0.008537279454,0
star_only,229,1,0,0.06150627466,0.9840121791,0.3873628092,3,0.1844136045,10.56612122,0.2823879842,32.34826469,21.78214347,7.241854872,0.01195219124,0,0
star_only,229,1,1,0.005508204255,0.9812938928,0.01448168863,3,0.1844136045,10.56612122,0.2823879842,32.34826469,21.78214347,7.241854872,0.01195219124,0,0
star_only,229,2,0,0.09624827913,0.8906782518,0.2539173623,4,1.439614401,82.48382933,0.5349154528,81.69655199,0.7872773379,2.213463206,0.01195219124,0,0
star_only,229,2,1,0.1603984545,0.999997288,0.01008023936,4,1.439614401,82.48382933,0.5349154528,81.69655199,0.7872773379,2.213463206,0.01195219124,0,0
co_independent_only,229,1,0,-0.006552836566,0.9994083952,0.2668767912,3,0.05801939305,3.324266351,0.3059391657,24.25103506,20.92676871,0,0,0.001707455891,0
co_independent_only,229,1,1,-0.06884153075,0.9825181207,0.01093197731,3,0.05801939305,3.324266351,0.3059391657,24.25103506,20.92676871,0,0,0.001707455891,0
co_independent_only,229,2,0,0.09562094288,0.9790048247,0.2436816581,3,1.478246622,84.69729254,0.5406907208,84.33190025,0.3653922809,0,0,0.001707455891,0
co_independent_only,229,2,1,0.1414983788,0.9783568095,0.0150861345,3,1.478246622,84.69729254,0.5406907208,84.33190025,0.3653922809,0,0,0.001707455891,0
star_plus_co_independent,229,1,0,0.06349608861,0.9840121791,0.3873628092,3,0.1844136045,10.56612122,0.2823879842,32.34826469,21.78214347,7.241854872,0.01195219124,0.001707455891,0
star_plus_co_independent,229,1,1,0.01472978055,0.9812938928,0.01448168863,3,0.1844136045,10.56612122,0.2823879842,32.34826469,21.78214347,7.241854872,0.01195219124,0.001707455891,0
star_plus_co_independent,229,2,0,0.08899840953,0.8906782518,0.2539173623,4,1.439614401,82.48382933,0.5349154528,81.69655199,0.7872773379,2.213463206,0.01195219124,0.001707455891,0
star_plus_co_independent,229,2,1,0.1596895677,0.999997288,0.01008023936,4,1.439614401,82.48382933,0.5349154528,81.69655199,0.7872773379,2.213463206,0.01195219124,0.001707455891,0
star_co_plus_hi_ctl49,229,1,0,0.05419905379,0.9840121791,0.3873628092,3,0.1844136045,10.56612122,0.2823879842,32.34826469,21.78214347,7.241854872,0.01195219124,0.001707455891,0
star_co_plus_hi_ctl49,229,1,1,0.01022722656,0.9812938928,0.01448168863,3,0.1844136045,10.56612122,0.2823879842,32.34826469,21.78214347,7.241854872,0.01195219124,0.001707455891,0
star_co_plus_hi_ctl49,229,2,0,0.1053312813,0.8906782518,0.2539173623,4,1.439614401,82.48382933,0.5349154528,81.69655199,0.7872773379,2.213463206,0.01195219124,0.001707455891,0
star_co_plus_hi_ctl49,229,2,1,0.1733682486,0.999997288,0.01008023936,4,1.439614401,82.48382933,0.5349154528,81.69655199,0.7872773379,2.213463206,0.01195219124,0.001707455891,0
star_only,230,1,0,-0.08164890386,0.9923655684,0.3003392034,3,-0.05158876536,-2.955818526,0.3364731461,15.16490961,18.12072814,6.280084877,0.001138303927,0,0
star_only,230,1,1,-0.09710211111,0.9589038885,0.01260103982,3,-0.05158876536,-2.955818526,0.3364731461,15.16490961,18.12072814,6.280084877,0.001138303927,0,0
star_only,230,2,0,0.1077141698,0.9999958049,0.3116911404,3,1.480741089,84.84021497,0.5156771904,84.49903446,0.3411805097,0.142922433,0.001138303927,0,0
star_only,230,2,1,0.1372104024,0.9798748574,0.01614641126,3,1.480741089,84.84021497,0.5156771904,84.49903446,0.3411805097,0.142922433,0.001138303927,0,0
co_independent_only,230,1,0,-0.002286179754,0.9994083952,0.2668767912,3,0.05801939305,3.324266351,0.3059391657,24.25103506,20.92676871,0,0,0.002276607854,0
co_independent_only,230,1,1,-0.06629028425,0.9825181207,0.01093197731,3,0.05801939305,3.324266351,0.3059391657,24.25103506,20.92676871,0,0,0.002276607854,0
co_independent_only,230,2,0,0.1035623079,0.9790048247,0.2436816581,3,1.478246622,84.69729254,0.5406907208,84.33190025,0.3653922809,0,0,0.002276607854,0
co_independent_only,230,2,1,0.143173252,0.9783568095,0.0150861345,3,1.478246622,84.69729254,0.5406907208,84.33190025,0.3653922809,0,0,0.002276607854,0
star_plus_co_independent,230,1,0,-0.08351326319,0.9923655684,0.3003392034,3,-0.05158876536,-2.955818526,0.3364731461,15.16490961,18.12072814,6.280084877,0.001138303927,0.002276607854,0
star_plus_co_independent,230,1,1,-0.09968103322,0.9589038885,0.01260103982,3,-0.05158876536,-2.955818526,0.3364731461,15.16490961,18.12072814,6.280084877,0.001138303927,0.002276607854,0
star_plus_co_independent,230,2,0,0.1094536522,0.9999958049,0.3116911404,3,1.480741089,84.84021497,0.5156771904,84.49903446,0.3411805097,0.142922433,0.001138303927,0.002276607854,0
star_plus_co_independent,230,2,1,0.1411915638,0.9798748574,0.01614641126,3,1.480741089,84.84021497,0.5156771904,84.49903446,0.3411805097,0.142922433,0.001138303927,0.002276607854,0
star_co_plus_hi_ctl49,230,1,0,-0.07707277249,0.9923655684,0.3003392034,3,-0.05158876536,-2.955818526,0.3364731461,15.16490961,18.12072814,6.280084877,0.001138303927,0.002276607854,0
star_co_plus_hi_ctl49,230,1,1,-0.09279008672,0.9589038885,0.01260103982,3,-0.05158876536,-2.955818526,0.3364731461,15.16490961,18.12072814,6.280084877,0.001138303927,0.002276607854,0
star_co_plus_hi_ctl49,230,2,0,0.1020212138,0.9999958049,0.3116911404,3,1.480741089,84.84021497,0.5156771904,84.49903446,0.3411805097,0.142922433,0.001138303927,0.002276607854,0
star_co_plus_hi_ctl49,230,2,1,0.1371810078,0.9798748574,0.01614641126,3,1.480741089,84.84021497,0.5156771904,84.49903446,0.3411805097,0.142922433,0.001138303927,0.002276607854,0
star_only,231,1,0,0.05899476869,0.997326774,0.4543837265,3,0.1724332342,9.879696568,0.3055454353,30.43361714,20.55392057,6.555430217,0,0,0
star_only,231,1,1,0.03317314005,0.9990790835,0.01856996858,3,0.1724332342,9.879696568,0.3055454353,30.43361714,20.55392057,6.555430217,0,0,0
star_only,231,2,0,0.09167094194,0.9148517834,0.2529376433,3,1.502973369,86.11403076,0.6126047501,85.31691484,0.797115924,1.416738229,0,0,0
star_only,231,2,1,0.1981451319,0.9682406192,0.01007254836,3,1.502973369,86.11403076,0.6126047501,85.31691484,0.797115924,1.416738229,0,0,0
co_independent_only,231,1,0,-0.005191467932,0.9994083952,0.2668767912,3,0.05801939305,3.324266351,0.3059391657,24.25103506,20.92676871,0,0,0.002276607854,0
co_independent_only,231,1,1,-0.05911402043,0.9825181207,0.01093197731,3,0.05801939305,3.324266351,0.3059391657,24.25103506,20.92676871,0,0,0.002276607854,0
co_independent_only,231,2,0,0.1010341748,0.9790048247,0.2436816581,3,1.478246622,84.69729254,0.5406907208,84.33190025,0.3653922809,0,0,0.002276607854,0
co_independent_only,231,2,1,0.1300611154,0.9783568095,0.0150861345,3,1.478246622,84.69729254,0.5406907208,84.33190025,0.3653922809,0,0,0.002276607854,0
star_plus_co_independent,231,1,0,0.05882924206,0.997326774,0.4543837265,3,0.1724332342,9.879696568,0.3055454353,30.43361714,20.55392057,6.555430217,0,0.002276607854,0
star_plus_co_independent,231,1,1,0.03632767792,0.9990790835,0.01856996858,3,0.1724332342,9.879696568,0.3055454353,30.43361714,20.55392057,6.555430217,0,0.002276607854,0
star_plus_co_independent,231,2,0,0.09093554584,0.9148517834,0.2529376433,3,1.502973369,86.11403076,0.6126047501,85.31691484,0.797115924,1.416738229,0,0.002276607854,0
star_plus_co_independent,231,2,1,0.1887606806,0.9682406192,0.01007254836,3,1.502973369,86.11403076,0.6126047501,85.31691484,0.797115924,1.416738229,0,0.002276607854,0
star_co_plus_hi_ctl49,231,1,0,0.06266192934,0.997326774,0.4543837265,3,0.1724332342,9.879696568,0.3055454353,30.43361714,20.55392057,6.555430217,0,0.002276607854,0
star_co_plus_hi_ctl49,231,1,1,0.04141103816,0.9990790835,0.01856996858,3,0.1724332342,9.879696568,0.3055454353,30.43361714,20.55392057,6.555430217,0,0.002276607854,0
star_co_plus_hi_ctl49,231,2,0,0.09122711508,0.9148517834,0.2529376433,3,1.502973369,86.11403076,0.6126047501,85.31691484,0.797115924,1.416738229,0,0.002276607854,0
star_co_plus_hi_ctl49,231,2,1,0.1899379325,0.9682406192,0.01007254836,3,1.502973369,86.11403076,0.6126047501,85.31691484,0.797115924,1.416738229,0,0.002276607854,0
star_only,232,1,0,-0.003302134566,0.9987742595,0.2729158179,3,0.0795397421,4.557291526,0.3192240679,25.77765304,21.22036152,1.233025175,0,0,0
star_only,232,1,1,-0.0755857636,0.9981272096,0.01440499846,3,0.0795397421,4.557291526,0.3192240679,25.77765304,21.22036152,1.233025175,0,0,0
star_only,232,2,0,0.1153966148,0.9595414894,0.2560240281,4,1.465716352,83.97936096,0.4923303276,83.80311805,0.176242903,0.7179315785,0,0,0
star_only,232,2,1,0.1173987197,0.9910856872,0.01809155763,4,1.465716352,83.97936096,0.4923303276,83.80311805,0.176242903,0.7179315785,0,0,0
co_independent_only,232,1,0,0.000268612094,0.9994083952,0.2668767912,3,0.05801939305,3.324266351,0.3059391657,24.25103506,20.92676871,0,0,0.001707455891,0
co_independent_only,232,1,1,-0.06310870695,0.9825181207,0.01093197731,3,0.05801939305,3.324266351,0.3059391657,24.25103506,20.92676871,0,0,0.001707455891,0
co_independent_only,232,2,0,0.09561771393,0.9790048247,0.2436816581,3,1.478246622,84.69729254,0.5406907208,84.33190025,0.3653922809,0,0,0.001707455891,0
co_independent_only,232,2,1,0.1289300587,0.9783568095,0.0150861345,3,1.478246622,84.69729254,0.5406907208,84.33190025,0.3653922809,0,0,0.001707455891,0
star_plus_co_independent,232,1,0,0.003557884108,0.9987742595,0.2729158179,3,0.0795397421,4.557291526,0.3192240679,25.77765304,21.22036152,1.233025175,0,0.001707455891,0
star_plus_co_independent,232,1,1,-0.06756356641,0.9981272096,0.01440499846,3,0.0795397421,4.557291526,0.3192240679,25.77765304,21.22036152,1.233025175,0,0.001707455891,0
star_plus_co_independent,232,2,0,0.1057588903,0.9595414894,0.2560240281,4,1.465716352,83.97936096,0.4923303276,83.80311805,0.176242903,0.7179315785,0,0.001707455891,0
star_plus_co_independent,232,2,1,0.10760666,0.9910856872,0.01809155763,4,1.465716352,83.97936096,0.4923303276,83.80311805,0.176242903,0.7179315785,0,0.001707455891,0
star_co_plus_hi_ctl49,232,1,0,0.002951211284,0.9987742595,0.2729158179,3,0.0795397421,4.557291526,0.3192240679,25.77765304,21.22036152,1.233025175,0,0.001707455891,0
star_co_plus_hi_ctl49,232,1,1,-0.07120200491,0.9981272096,0.01440499846,3,0.0795397421,4.557291526,0.3192240679,25.77765304,21.22036152,1.233025175,0,0.001707455891,0
star_co_plus_hi_ctl49,232,2,0,0.1008130664,0.9595414894,0.2560240281,4,1.465716352,83.97936096,0.4923303276,83.80311805,0.176242903,0.7179315785,0,0.001707455891,0
star_co_plus_hi_ctl49,232,2,1,0.1054800523,0.9910856872,0.01809155763,4,1.465716352,83.97936096,0.4923303276,83.80311805,0.176242903,0.7179315785,0,0.001707455891,0
star_only,233,1,0,0.01895223725,0.9898657304,0.2487277167,4,0.02678156308,1.534470533,0.3014460552,22.80553131,21.27106078,1.789795818,0.002845759818,0,0
star_only,233,1,1,0.02148933252,0.892966841,0.007463478438,4,0.02678156308,1.534470533,0.3014460552,22.80553131,21.27106078,1.789795818,0.002845759818,0,0
star_only,233,2,0,0.08864627326,0.9815671158,0.2134225439,3,1.471220539,84.29472762,0.5544755644,83.54007055,0.7546570669,0.4025649194,0.002845759818,0,0
star_only,233,2,1,0.139676848,0.9079314627,0.009914171582,3,1.471220539,84.29472762,0.5544755644,83.54007055,0.7546570669,0.4025649194,0.002845759818,0,0
co_independent_only,233,1,0,0.007742313776,0.9994083952,0.2668767912,3,0.05801939305,3.324266351,0.3059391657,24.25103506,20.92676871,0,0,0,0
co_independent_only,233,1,1,-0.06143007788,0.9825181207,0.01093197731,3,0.05801939305,3.324266351,0.3059391657,24.25103506,20.92676871,0,0,0,0
co_independent_only,233,2,0,0.09209600249,0.9790048247,0.2436816581,3,1.478246622,84.69729254,0.5406907208,84.33190025,0.3653922809,0,0,0,0
co_independent_only,233,2,1,0.1338970831,0.9783568095,0.0150861345,3,1.478246622,84.69729254,0.5406907208,84.33190025,0.3653922809,0,0,0,0
star_plus_co_independent,233,1,0,0.03314134931,0.9898657304,0.2487277167,4,0.02678156308,1.534470533,0.3014460552,22.80553131,21.27106078,1.789795818,0.002845759818,0,0
star_plus_co_independent,233,1,1,0.02429374,0.892966841,0.007463478438,4,0.02678156308,1.534470533,0.3014460552,22.80553131,21.27106078,1.789795818,0.002845759818,0,0
star_plus_co_independent,233,2,0,0.07702333691,0.9815671158,0.2134225439,3,1.471220539,84.29472762,0.5544755644,83.54007055,0.7546570669,0.4025649194,0.002845759818,0,0
star_plus_co_independent,233,2,1,0.1338481252,0.9079314627,0.009914171582,3,1.471220539,84.29472762,0.5544755644,83.54007055,0.7546570669,0.4025649194,0.002845759818,0,0
star_co_plus_hi_ctl49,233,1,0,0.02366289332,0.9898657304,0.2487277167,4,0.02678156308,1.534470533,0.3014460552,22.80553131,21.27106078,1.789795818,0.002845759818,0,0
star_co_plus_hi_ctl49,233,1,1,0.0172110569,0.892966841,0.007463478438,4,0.02678156308,1.534470533,0.3014460552,22.80553131,21.27106078,1.789795818,0.002845759818,0,0
star_co_plus_hi_ctl49,233,2,0,0.08080744511,0.9815671158,0.2134225439,3,1.471220539,84.29472762,0.5544755644,83.54007055,0.7546570669,0.4025649194,0.002845759818,0,0
star_co_plus_hi_ctl49,233,2,1,0.145625502,0.9079314627,0.009914171582,3,1.471220539,84.29472762,0.5544755644,83.54007055,0.7546570669,0.4025649194,0.002845759818,0,0
star_only,234,1,0,0.03862961437,0.9996498904,0.2334675789,3,0.0476462928,2.729931487,0.2335100911,29.39925009,26.6693186,0.5943348647,0,0,0
star_only,234,1,1,-0.03385770108,0.9467029684,0.008094324039,3,0.0476462928,2.729931487,0.2335100911,29.39925009,26.6693186,0.5943348647,0,0,0
star_only,234,2,0,0.1106912269,0.9566888554,0.2008017878,4,1.449949199,83.07596962,0.5290282859,82.67050385,0.4054657793,1.62132291,0,0,0
star_only,234,2,1,0.1679295293,0.9983188506,0.01165604758,4,1.449949199,83.07596962,0.5290282859,82.67050385,0.4054657793,1.62132291,0,0,0
co_independent_only,234,1,0,0.003161426825,0.9994083952,0.2668767912,3,0.05801939305,3.324266351,0.3059391657,24.25103506,20.92676871,0,0,0.007398975526,0
co_independent_only,234,1,1,-0.0571591925,0.9825181207,0.01093197731,3,0.05801939305,3.324266351,0.3059391657,24.25103506,20.92676871,0,0,0.007398975526,0
co_independent_only,234,2,0,0.1037269907,0.9790048247,0.2436816581,3,1.478246622,84.69729254,0.5406907208,84.33190025,0.3653922809,0,0,0.007398975526,0
co_independent_only,234,2,1,0.1350089284,0.9783568095,0.0150861345,3,1.478246622,84.69729254,0.5406907208,84.33190025,0.3653922809,0,0,0.007398975526,0
star_plus_co_independent,234,1,0,0.04984938432,0.9996498904,0.2334675789,3,0.0476462928,2.729931487,0.2335100911,29.39925009,26.6693186,0.5943348647,0,0.007398975526,0
star_plus_co_independent,234,1,1,-0.02402063068,0.9467029684,0.008094324039,3,0.0476462928,2.729931487,0.2335100911,29.39925009,26.6693186,0.5943348647,0,0.007398975526,0
star_plus_co_independent,234,2,0,0.1150613867,0.9566888554,0.2008017878,4,1.449949199,83.07596962,0.5290282859,82.67050385,0.4054657793,1.62132291,0,0.007398975526,0
star_plus_co_independent,234,2,1,0.1706870459,0.9983188506,0.01165604758,4,1.449949199,83.07596962,0.5290282859,82.67050385,0.4054657793,1.62132291,0,0.007398975526,0
star_co_plus_hi_ctl49,234,1,0,0.04685761371,0.9996498904,0.2334675789,3,0.0476462928,2.729931487,0.2335100911,29.39925009,26.6693186,0.5943348647,0,0.007398975526,0
star_co_plus_hi_ctl49,234,1,1,-0.02592646243,0.9467029684,0.008094324039,3,0.0476462928,2.729931487,0.2335100911,29.39925009,26.6693186,0.5943348647,0,0.007398975526,0
star_co_plus_hi_ctl49,234,2,0,0.1197024625,0.9566888554,0.2008017878,4,1.449949199,83.07596962,0.5290282859,82.67050385,0.4054657793,1.62132291,0,0.007398975526,0
star_co_plus_hi_ctl49,234,2,1,0.170443725,0.9983188506,0.01165604758,4,1.449949199,83.07596962,0.5290282859,82.67050385,0.4054657793,1.62132291,0,0.007398975526,0
star_only,235,1,0,-0.08216043622,0.9879836201,0.2680097028,3,-0.03985271937,-2.283392622,0.3862368324,13.98931236,16.27270498,5.607658973,0,0,0
star_only,235,1,1,-0.09661710268,0.9595308711,0.01299207921,3,-0.03985271937,-2.283392622,0.3862368324,13.98931236,16.27270498,5.607658973,0,0,0
star_only,235,2,0,0.09103225506,0.9946138818,0.2834413735,3,1.504105823,86.17891559,0.4762152499,85.54798518,0.6309304066,1.481623051,0,0,0
star_only,235,2,1,0.09256127813,0.9425105021,0.01407132265,3,1.504105823,86.17891559,0.4762152499,85.54798518,0.6309304066,1.481623051,0,0,0
co_independent_only,235,1,0,-0.002147674583,0.9994083952,0.2668767912,3,0.05801939305,3.324266351,0.3059391657,24.25103506,20.92676871,0,0,0.003414911781,0
co_independent_only,235,1,1,-0.06791000811,0.9825181207,0.01093197731,3,0.05801939305,3.324266351,0.3059391657,24.25103506,20.92676871,0,0,0.003414911781,0
co_independent_only,235,2,0,0.09657010467,0.9790048247,0.2436816581,3,1.478246622,84.69729254,0.5406907208,84.33190025,0.3653922809,0,0,0.003414911781,0
co_independent_only,235,2,1,0.1349965668,0.9783568095,0.0150861345,3,1.478246622,84.69729254,0.5406907208,84.33190025,0.3653922809,0,0,0.003414911781,0
star_plus_co_independent,235,1,0,-0.07752127165,0.9879836201,0.2680097028,3,-0.03985271937,-2.283392622,0.3862368324,13.98931236,16.27270498,5.607658973,0,0.003414911781,0
star_plus_co_independent,235,1,1,-0.09284653176,0.9595308711,0.01299207921,3,-0.03985271937,-2.283392622,0.3862368324,13.98931236,16.27270498,5.607658973,0,0.003414911781,0
star_plus_co_independent,235,2,0,0.08489452839,0.9946138818,0.2834413735,3,1.504105823,86.17891559,0.4762152499,85.54798518,0.6309304066,1.481623051,0,0.003414911781,0
star_plus_co_independent,235,2,1,0.08957175814,0.9425105021,0.01407132265,3,1.504105823,86.17891559,0.4762152499,85.54798518,0.6309304066,1.481623051,0,0.003414911781,0
star_co_plus_hi_ctl49,235,1,0,-0.07882456114,0.9879836201,0.2680097028,3,-0.03985271937,-2.283392622,0.3862368324,13.98931236,16.27270498,5.607658973,0,0.003414911781,0
star_co_plus_hi_ctl49,235,1,1,-0.09271554955,0.9595308711,0.01299207921,3,-0.03985271937,-2.283392622,0.3862368324,13.98931236,16.27270498,5.607658973,0,0.003414911781,0
star_co_plus_hi_ctl49,235,2,0,0.08659879474,0.9946138818,0.2834413735,3,1.504105823,86.17891559,0.4762152499,85.54798518,0.6309304066,1.481623051,0,0.003414911781,0
star_co_plus_hi_ctl49,235,2,1,0.08940955881,0.9425105021,0.01407132265,3,1.504105823,86.17891559,0.4762152499,85.54798518,0.6309304066,1.481623051,0,0.003414911781,0
star_only,236,1,0,-0.1288907881,0.9986249221,0.3718674985,4,-0.1577646808,-9.039250368,0.3492743181,6.867495807,15.90674618,12.36351672,0,0,0
star_only,236,1,1,-0.2251256619,0.9535986107,0.01817443413,4,-0.1577646808,-9.039250368,0.3492743181,6.867495807,15.90674618,12.36351672,0,0,0
star_only,236,2,0,0.09477812131,0.9719851741,0.3111486499,3,1.514163377,86.75517099,0.5359778283,86.18410499,0.5710660003,2.05787846,0,0,0
star_only,236,2,1,0.1409273073,0.9266423681,0.01345683336,3,1.514163377,86.75517099,0.5359778283,86.18410499,0.5710660003,2.05787846,0,0,0
co_independent_only,236,1,0,-0.008322149703,0.9994083952,0.2668767912,3,0.05801939305,3.324266351,0.3059391657,24.25103506,20.92676871,0,0,0.003984063745,0
co_independent_only,236,1,1,-0.06157390395,0.9825181207,0.01093197731,3,0.05801939305,3.324266351,0.3059391657,24.25103506,20.92676871,0,0,0.003984063745,0
co_independent_only,236,2,0,0.1050828657,0.9790048247,0.2436816581,3,1.478246622,84.69729254,0.5406907208,84.33190025,0.3653922809,0,0,0.003984063745,0
co_independent_only,236,2,1,0.1349915253,0.9783568095,0.0150861345,3,1.478246622,84.69729254,0.5406907208,84.33190025,0.3653922809,0,0,0.003984063745,0
star_plus_co_independent,236,1,0,-0.1289948355,0.9986249221,0.3718674985,4,-0.1577646808,-9.039250368,0.3492743181,6.867495807,15.90674618,12.36351672,0,0.003984063745,0
star_plus_co_independent,236,1,1,-0.225608242,0.9535986107,0.01817443413,4,-0.1577646808,-9.039250368,0.3492743181,6.867495807,15.90674618,12.36351672,0,0.003984063745,0
star_plus_co_independent,236,2,0,0.100206079,0.9719851741,0.3111486499,3,1.514163377,86.75517099,0.5359778283,86.18410499,0.5710660003,2.05787846,0,0.003984063745,0
star_plus_co_independent,236,2,1,0.1382093781,0.9266423681,0.01345683336,3,1.514163377,86.75517099,0.5359778283,86.18410499,0.5710660003,2.05787846,0,0.003984063745,0
star_co_plus_hi_ctl49,236,1,0,-0.1303453218,0.9986249221,0.3718674985,4,-0.1577646808,-9.039250368,0.3492743181,6.867495807,15.90674618,12.36351672,0,0.003984063745,0
star_co_plus_hi_ctl49,236,1,1,-0.2243733768,0.9535986107,0.01817443413,4,-0.1577646808,-9.039250368,0.3492743181,6.867495807,15.90674618,12.36351672,0,0.003984063745,0
star_co_plus_hi_ctl49,236,2,0,0.09679392372,0.9719851741,0.3111486499,3,1.514163377,86.75517099,0.5359778283,86.18410499,0.5710660003,2.05787846,0,0.003984063745,0
star_co_plus_hi_ctl49,236,2,1,0.1369459308,0.9266423681,0.01345683336,3,1.514163377,86.75517099,0.5359778283,86.18410499,0.5710660003,2.05787846,0,0.003984063745,0
star_only,237,1,0,0.1176223188,0.9621957339,0.5283079351,3,0.6764036912,38.75507675,0.1679106706,57.55373965,18.79866289,35.4308104,0,0,0
star_only,237,1,1,0.07359707963,0.9988479565,0.01394653311,3,0.6764036912,38.75507675,0.1679106706,57.55373965,18.79866289,35.4308104,0,0,0
star_only,237,2,0,0.1254025499,0.7375452697,0.1304861356,3,1.555891374,89.1460091,0.543338564,88.7869668,0.3590423092,4.44871657,0,0,0
star_only,237,2,1,0.1107850043,0.9806670181,0.005105031784,3,1.555891374,89.1460091,0.543338564,88.7869668,0.3590423092,4.44871657,0,0,0
co_independent_only,237,1,0,-0.01171822094,0.9994083952,0.2668767912,3,0.05801939305,3.324266351,0.3059391657,24.25103506,20.92676871,0,0,0.001707455891,0
co_independent_only,237,1,1,-0.06678092355,0.9825181207,0.01093197731,3,0.05801939305,3.324266351,0.3059391657,24.25103506,20.92676871,0,0,0.001707455891,0
co_independent_only,237,2,0,0.1033161946,0.9790048247,0.2436816581,3,1.478246622,84.69729254,0.5406907208,84.33190025,0.3653922809,0,0,0.001707455891,0
co_independent_only,237,2,1,0.1389241114,0.9783568095,0.0150861345,3,1.478246622,84.69729254,0.5406907208,84.33190025,0.3653922809,0,0,0.001707455891,0
star_plus_co_independent,237,1,0,0.1081764257,0.9621957339,0.5283079351,3,0.6764036912,38.75507675,0.1679106706,57.55373965,18.79866289,35.4308104,0,0.001707455891,0
star_plus_co_independent,237,1,1,0.07108270512,0.9988479565,0.01394653311,3,0.6764036912,38.75507675,0.1679106706,57.55373965,18.79866289,35.4308104,0,0.001707455891,0
star_plus_co_independent,237,2,0,0.1203310117,0.7375452697,0.1304861356,3,1.555891374,89.1460091,0.543338564,88.7869668,0.3590423092,4.44871657,0,0.001707455891,0
star_plus_co_independent,237,2,1,0.1105045854,0.9806670181,0.005105031784,3,1.555891374,89.1460091,0.543338564,88.7869668,0.3590423092,4.44871657,0,0.001707455891,0
star_co_plus_hi_ctl49,237,1,0,0.1048547824,0.9621957339,0.5283079351,3,0.6764036912,38.75507675,0.1679106706,57.55373965,18.79866289,35.4308104,0,0.001707455891,0
star_co_plus_hi_ctl49,237,1,1,0.07719950659,0.9988479565,0.01394653311,3,0.6764036912,38.75507675,0.1679106706,57.55373965,18.79866289,35.4308104,0,0.001707455891,0
star_co_plus_hi_ctl49,237,2,0,0.1161669656,0.7375452697,0.1304861356,3,1.555891374,89.1460091,0.543338564,88.7869668,0.3590423092,4.44871657,0,0.001707455891,0
star_co_plus_hi_ctl49,237,2,1,0.1055938196,0.9806670181,0.005105031784,3,1.555891374,89.1460091,0.543338564,88.7869668,0.3590423092,4.44871657,0,0.001707455891,0
star_only,238,1,0,0.1370894304,0.8340664632,0.5090643141,4,1.17230868,67.16833964,0.1860663803,76.64083658,9.472496945,63.84407329,0.07626636312,0,0
star_only,238,1,1,0.2017411707,0.9991942366,0.01475926575,4,1.17230868,67.16833964,0.1860663803,76.64083658,9.472496945,63.84407329,0.07626636312,0,0
star_only,238,2,0,0.1185488817,0.1741024246,0.05121656424,3,1.484915419,85.07938646,0.5941528467,84.65037039,0.4290160708,0.3820939291,0.07626636312,0,0
star_only,238,2,1,0.1963624942,0.9192877201,0.00634141092,3,1.484915419,85.07938646,0.5941528467,84.65037039,0.4290160708,0.3820939291,0.07626636312,0,0
co_independent_only,238,1,0,-0.01062729488,0.9994083952,0.2668767912,3,0.05801939305,3.324266351,0.3059391657,24.25103506,20.92676871,0,0,0.01138303927,0
co_independent_only,238,1,1,-0.06836716328,0.9825181207,0.01093197731,3,0.05801939305,3.324266351,0.3059391657,24.25103506,20.92676871,0,0,0.01138303927,0
co_independent_only,238,2,0,0.0992975046,0.9790048247,0.2436816581,3,1.478246622,84.69729254,0.5406907208,84.33190025,0.3653922809,0,0,0.01138303927,0
co_independent_only,238,2,1,0.1338344572,0.9783568095,0.0150861345,3,1.478246622,84.69729254,0.5406907208,84.33190025,0.3653922809,0,0,0.01138303927,0
star_plus_co_independent,238,1,0,0.1309468968,0.8340664632,0.5090643141,4,1.17230868,67.16833964,0.1860663803,76.64083658,9.472496945,63.84407329,0.07626636312,0.01138303927,0
star_plus_co_independent,238,1,1,0.1962239388,0.9991942366,0.01475926575,4,1.17230868,67.16833964,0.1860663803,76.64083658,9.472496945,63.84407329,0.07626636312,0.01138303927,0
star_plus_co_independent,238,2,0,0.116053985,0.1741024246,0.05121656424,3,1.484915419,85.07938646,0.5941528467,84.65037039,0.4290160708,0.3820939291,0.07626636312,0.01138303927,0
star_plus_co_independent,238,2,1,0.1908150964,0.9192877201,0.00634141092,3,1.484915419,85.07938646,0.5941528467,84.65037039,0.4290160708,0.3820939291,0.07626636312,0.01138303927,0
star_co_plus_hi_ctl49,238,1,0,0.1342786137,0.8340664632,0.5090643141,4,1.17230868,67.16833964,0.1860663803,76.64083658,9.472496945,63.84407329,0.07626636312,0.01138303927,0
star_co_plus_hi_ctl49,238,1,1,0.2019839756,0.9991942366,0.01475926575,4,1.17230868,67.16833964,0.1860663803,76.64083658,9.472496945,63.84407329,0.07626636312,0.01138303927,0
star_co_plus_hi_ctl49,238,2,0,0.1126034974,0.1741024246,0.05121656424,3,1.484915419,85.07938646,0.5941528467,84.65037039,0.4290160708,0.3820939291,0.07626636312,0.01138303927,0
star_co_plus_hi_ctl49,238,2,1,0.189106417,0.9192877201,0.00634141092,3,1.484915419,85.07938646,0.5941528467,84.65037039,0.4290160708,0.3820939291,0.07626636312,0.01138303927,0
star_only,239,1,0,-0.09855340396,0.9897983753,0.2771323099,3,-0.04409631429,-2.526532701,0.3607409457,15.05841472,17.58494742,5.850799052,0,0,0
star_only,239,1,1,-0.1516229312,0.9255541023,0.0136346717,3,-0.04409631429,-2.526532701,0.3607409457,15.05841472,17.58494742,5.850799052,0,0,0
star_only,239,2,0,0.09622607095,0.9916936007,0.2840577336,3,1.531504251,87.74872992,0.5158243551,86.98070843,0.7680214851,3.051437382,0,0,0
star_only,239,2,1,0.1562650012,0.905932567,0.01297636065,3,1.531504251,87.74872992,0.5158243551,86.98070843,0.7680214851,3.051437382,0,0,0
co_independent_only,239,1,0,-0.02154413399,0.9994083952,0.2668767912,3,0.05801939305,3.324266351,0.3059391657,24.25103506,20.92676871,0,0,0.001707455891,0
co_independent_only,239,1,1,-0.07608988758,0.9825181207,0.01093197731,3,0.05801939305,3.324266351,0.3059391657,24.25103506,20.92676871,0,0,0.001707455891,0
co_independent_only,239,2,0,0.1084906438,0.9790048247,0.2436816581,3,1.478246622,84.69729254,0.5406907208,84.33190025,0.3653922809,0,0,0.001707455891,0
co_independent_only,239,2,1,0.1396457801,0.9783568095,0.0150861345,3,1.478246622,84.69729254,0.5406907208,84.33190025,0.3653922809,0,0,0.001707455891,0
star_plus_co_independent,239,1,0,-0.1038261712,0.9897983753,0.2771323099,3,-0.04409631429,-2.526532701,0.3607409457,15.05841472,17.58494742,5.850799052,0,0.001707455891,0
star_plus_co_independent,239,1,1,-0.1541754869,0.9255541023,0.0136346717,3,-0.04409631429,-2.526532701,0.3607409457,15.05841472,17.58494742,5.850799052,0,0.001707455891,0
star_plus_co_independent,239,2,0,0.1018387619,0.9916936007,0.2840577336,3,1.531504251,87.74872992,0.5158243551,86.98070843,0.7680214851,3.051437382,0,0.001707455891,0
star_plus_co_independent,239,2,1,0.1586597564,0.905932567,0.01297636065,3,1.531504251,87.74872992,0.5158243551,86.98070843,0.7680214851,3.051437382,0,0.001707455891,0
star_co_plus_hi_ctl49,239,1,0,-0.1128408649,0.9897983753,0.2771323099,3,-0.04409631429,-2.526532701,0.3607409457,15.05841472,17.58494742,5.850799052,0,0.001707455891,0
star_co_plus_hi_ctl49,239,1,1,-0.1422198087,0.9255541023,0.0136346717,3,-0.04409631429,-2.526532701,0.3607409457,15.05841472,17.58494742,5.850799052,0,0.001707455891,0
star_co_plus_hi_ctl49,239,2,0,0.1108749582,0.9916936007,0.2840577336,3,1.531504251,87.74872992,0.5158243551,86.98070843,0.7680214851,3.051437382,0,0.001707455891,0
star_co_plus_hi_ctl49,239,2,1,0.146898117,0.905932567,0.01297636065,3,1.531504251,87.74872992,0.5158243551,86.98070843,0.7680214851,3.051437382,0,0.001707455891,0
star_only,240,1,0,-0.0407273678,0.9980453407,0.2088063198,3,-0.05550973715,-3.18047366,0.2533406236,23.78263226,26.96310592,6.504740012,0.01650540694,0,0
star_only,240,1,1,-0.03003822113,0.8891824643,0.01011873458,3,-0.05550973715,-3.18047366,0.2533406236,23.78263226,26.96310592,6.504740012,0.01650540694,0,0
star_only,240,2,0,0.09690940457,0.9971165999,0.2110193427,4,1.455592198,83.39928962,0.5490414501,82.71780606,0.6814835641,1.298002911,0.01650540694,0,0
star_only,240,2,1,0.1527591748,0.9739204295,0.01472831702,4,1.455592198,83.39928962,0.5490414501,82.71780606,0.6814835641,1.298002911,0.01650540694,0,0
co_independent_only,240,1,0,-0.009342930813,0.9994083952,0.2668767912,3,0.05801939305,3.324266351,0.3059391657,24.25103506,20.92676871,0,0,0.0005691519636,0
co_independent_only,240,1,1,-0.07471983036,0.9825181207,0.01093197731,3,0.05801939305,3.324266351,0.3059391657,24.25103506,20.92676871,0,0,0.0005691519636,0
co_independent_only,240,2,0,0.09796675131,0.9790048247,0.2436816581,3,1.478246622,84.69729254,0.5406907208,84.33190025,0.3653922809,0,0,0.0005691519636,0
co_independent_only,240,2,1,0.1397362892,0.9783568095,0.0150861345,3,1.478246622,84.69729254,0.5406907208,84.33190025,0.3653922809,0,0,0.0005691519636,0
star_plus_co_independent,240,1,0,-0.04001285145,0.9980453407,0.2088063198,3,-0.05550973715,-3.18047366,0.2533406236,23.78263226,26.96310592,6.504740012,0.01650540694,0.0005691519636,0
star_plus_co_independent,240,1,1,-0.03489938302,0.8891824643,0.01011873458,3,-0.05550973715,-3.18047366,0.2533406236,23.78263226,26.96310592,6.504740012,0.01650540694,0.0005691519636,0
star_plus_co_independent,240,2,0,0.09078588308,0.9971165999,0.2110193427,4,1.455592198,83.39928962,0.5490414501,82.71780606,0.6814835641,1.298002911,0.01650540694,0.0005691519636,0
star_plus_co_independent,240,2,1,0.1499324994,0.9739204295,0.01472831702,4,1.455592198,83.39928962,0.5490414501,82.71780606,0.6814835641,1.298002911,0.01650540694,0.0005691519636,0
star_co_plus_hi_ctl49,240,1,0,-0.04799106669,0.9980453407,0.2088063198,3,-0.05550973715,-3.18047366,0.2533406236,23.78263226,26.96310592,6.504740012,0.01650540694,0.0005691519636,0
star_co_plus_hi_ctl49,240,1,1,-0.04335825858,0.8891824643,0.01011873458,3,-0.05550973715,-3.18047366,0.2533406236,23.78263226,26.96310592,6.504740012,0.01650540694,0.0005691519636,0
star_co_plus_hi_ctl49,240,2,0,0.08928076942,0.9971165999,0.2110193427,4,1.455592198,83.39928962,0.5490414501,82.71780606,0.6814835641,1.298002911,0.01650540694,0.0005691519636,0
star_co_plus_hi_ctl49,240,2,1,0.1513326405,0.9739204295,0.01472831702,4,1.455592198,83.39928962,0.5490414501,82.71780606,0.6814835641,1.298002911,0.01650540694,0.0005691519636,0
star_only,241,1,0,0.1248326946,0.8254778996,0.702700293,3,1.013476466,58.06792413,0.3824656229,64.17578522,6.107861089,54.74365777,0,0,0
star_only,241,1,1,0.1081076845,0.9879689749,0.01263807899,3,1.013476466,58.06792413,0.3824656229,64.17578522,6.107861089,54.74365777,0,0,0
star_only,241,2,0,0.1097536581,0.3551848916,0.1994002412,3,1.504326362,86.19155152,0.5595979782,85.47552897,0.7160225588,1.49425899,0,0,0
star_only,241,2,1,0.3227092818,0.8003793495,0.01003601113,3,1.504326362,86.19155152,0.5595979782,85.47552897,0.7160225588,1.49425899,0,0,0
co_independent_only,241,1,0,0.008263943527,0.9994083952,0.2668767912,3,0.05801939305,3.324266351,0.3059391657,24.25103506,20.92676871,0,0,0.01138303927,0
co_independent_only,241,1,1,-0.06414964539,0.9825181207,0.01093197731,3,0.05801939305,3.324266351,0.3059391657,24.25103506,20.92676871,0,0,0.01138303927,0
co_independent_only,241,2,0,0.08924164873,0.9790048247,0.2436816581,3,1.478246622,84.69729254,0.5406907208,84.33190025,0.3653922809,0,0,0.01138303927,0
co_independent_only,241,2,1,0.1363798933,0.9783568095,0.0150861345,3,1.478246622,84.69729254,0.5406907208,84.33190025,0.3653922809,0,0,0.01138303927,0
star_plus_co_independent,241,1,0,0.127166418,0.8254778996,0.702700293,3,1.013476466,58.06792413,0.3824656229,64.17578522,6.107861089,54.74365777,0,0.01138303927,0
star_plus_co_independent,241,1,1,0.1138069445,0.9879689749,0.01263807899,3,1.013476466,58.06792413,0.3824656229,64.17578522,6.107861089,54.74365777,0,0.01138303927,0
star_plus_co_independent,241,2,0,0.09704895419,0.3551848916,0.1994002412,3,1.504326362,86.19155152,0.5595979782,85.47552897,0.7160225588,1.49425899,0,0.01138303927,0
star_plus_co_independent,241,2,1,0.3206358944,0.8003793495,0.01003601113,3,1.504326362,86.19155152,0.5595979782,85.47552897,0.7160225588,1.49425899,0,0.01138303927,0
star_co_plus_hi_ctl49,241,1,0,0.1319979417,0.8254778996,0.702700293,3,1.013476466,58.06792413,0.3824656229,64.17578522,6.107861089,54.74365777,0,0.01138303927,0
star_co_plus_hi_ctl49,241,1,1,0.1178583417,0.9879689749,0.01263807899,3,1.013476466,58.06792413,0.3824656229,64.17578522,6.107861089,54.74365777,0,0.01138303927,0
star_co_plus_hi_ctl49,241,2,0,0.09607660486,0.3551848916,0.1994002412,3,1.504326362,86.19155152,0.5595979782,85.47552897,0.7160225588,1.49425899,0,0.01138303927,0
star_co_plus_hi_ctl49,241,2,1,0.3296370047,0.8003793495,0.01003601113,3,1.504326362,86.19155152,0.5595979782,85.47552897,0.7160225588,1.49425899,0,0.01138303927,0
star_only,242,1,0,-0.03713561777,0.9870602926,0.185934653,3,-0.02370907484,-1.358429924,0.3016154521,19.0403839,20.39881382,4.682696276,0,0,0
star_only,242,1,1,-0.01444360519,0.9618447787,0.007893748562,3,-0.02370907484,-1.358429924,0.3016154521,19.0403839,20.39881382,4.682696276,0,0,0
star_only,242,2,0,0.1075363235,0.9910793003,0.2008172054,4,1.449723884,83.06305999,0.5445404096,82.85156403,0.2114959607,1.634232545,0,0,0
star_only,242,2,1,0.1778439257,0.9919185628,0.00985340931,4,1.449723884,83.06305999,0.5445404096,82.85156403,0.2114959607,1.634232545,0,0,0
co_independent_only,242,1,0,-0.006224821948,0.9994083952,0.2668767912,3,0.05801939305,3.324266351,0.3059391657,24.25103506,20.92676871,0,0,0.001138303927,0
co_independent_only,242,1,1,-0.06678474326,0.9825181207,0.01093197731,3,0.05801939305,3.324266351,0.3059391657,24.25103506,20.92676871,0,0,0.001138303927,0
co_independent_only,242,2,0,0.0920546765,0.9790048247,0.2436816581,3,1.478246622,84.69729254,0.5406907208,84.33190025,0.3653922809,0,0,0.001138303927,0
co_independent_only,242,2,1,0.1347617948,0.9783568095,0.0150861345,3,1.478246622,84.69729254,0.5406907208,84.33190025,0.3653922809,0,0,0.001138303927,0
star_plus_co_independent,242,1,0,-0.0333537244,0.9870602926,0.185934653,3,-0.02370907484,-1.358429924,0.3016154521,19.0403839,20.39881382,4.682696276,0,0.001138303927,0
star_plus_co_independent,242,1,1,-0.01258529933,0.9618447787,0.007893748562,3,-0.02370907484,-1.358429924,0.3016154521,19.0403839,20.39881382,4.682696276,0,0.001138303927,0
star_plus_co_independent,242,2,0,0.09528276094,0.9910793003,0.2008172054,4,1.449723884,83.06305999,0.5445404096,82.85156403,0.2114959607,1.634232545,0,0.001138303927,0
star_plus_co_independent,242,2,1,0.169041451,0.9919185628,0.00985340931,4,1.449723884,83.06305999,0.5445404096,82.85156403,0.2114959607,1.634232545,0,0.001138303927,0
star_co_plus_hi_ctl49,242,1,0,-0.0321728845,0.9870602926,0.185934653,3,-0.02370907484,-1.358429924,0.3016154521,19.0403839,20.39881382,4.682696276,0,0.001138303927,0
star_co_plus_hi_ctl49,242,1,1,-0.01299393498,0.9618447787,0.007893748562,3,-0.02370907484,-1.358429924,0.3016154521,19.0403839,20.39881382,4.682696276,0,0.001138303927,0
star_co_plus_hi_ctl49,242,2,0,0.08564691205,0.9910793003,0.2008172054,4,1.449723884,83.06305999,0.5445404096,82.85156403,0.2114959607,1.634232545,0,0.001138303927,0
star_co_plus_hi_ctl49,242,2,1,0.1594835198,0.9919185628,0.00985340931,4,1.449723884,83.06305999,0.5445404096,82.85156403,0.2114959607,1.634232545,0,0.001138303927,0
star_only,243,1,0,-0.08730963353,0.999996337,0.3534394008,3,-0.002814766382,-0.161274234,0.3866395921,18.35554086,18.5168151,3.485540585,0,0,0
star_only,243,1,1,-0.1085932764,0.9993604889,0.01826425619,3,-0.002814766382,-0.161274234,0.3866395921,18.35554086,18.5168151,3.485540585,0,0,0
star_only,243,2,0,0.09993430582,0.9995511926,0.3611920725,3,1.51195812,86.6288191,0.5123922489,86.23298096,0.395838136,1.931526565,0,0,0
star_only,243,2,1,0.1361121571,0.9287976887,0.01590246972,3,1.51195812,86.6288191,0.5123922489,86.23298096,0.395838136,1.931526565,0,0,0
co_independent_only,243,1,0,0.01143528028,0.9994083952,0.2668767912,3,0.05801939305,3.324266351,0.3059391657,24.25103506,20.92676871,0,0,0,0
co_independent_only,243,1,1,-0.06397101742,0.9825181207,0.01093197731,3,0.05801939305,3.324266351,0.3059391657,24.25103506,20.92676871,0,0,0,0
co_independent_only,243,2,0,0.09138269935,0.9790048247,0.2436816581,3,1.478246622,84.69729254,0.5406907208,84.33190025,0.3653922809,0,0,0,0
co_independent_only,243,2,1,0.1381640708,0.9783568095,0.0150861345,3,1.478246622,84.69729254,0.5406907208,84.33190025,0.3653922809,0,0,0,0
star_plus_co_independent,243,1,0,-0.07315681866,0.999996337,0.3534394008,3,-0.002814766382,-0.161274234,0.3866395921,18.35554086,18.5168151,3.485540585,0,0,0
star_plus_co_independent,243,1,1,-0.1049925755,0.9993604889,0.01826425619,3,-0.002814766382,-0.161274234,0.3866395921,18.35554086,18.5168151,3.485540585,0,0,0
star_plus_co_independent,243,2,0,0.08945243721,0.9995511926,0.3611920725,3,1.51195812,86.6288191,0.5123922489,86.23298096,0.395838136,1.931526565,0,0,0
star_plus_co_independent,243,2,1,0.1342768358,0.9287976887,0.01590246972,3,1.51195812,86.6288191,0.5123922489,86.23298096,0.395838136,1.931526565,0,0,0
star_co_plus_hi_ctl49,243,1,0,-0.0818582799,0.999996337,0.3534394008,3,-0.002814766382,-0.161274234,0.3866395921,18.35554086,18.5168151,3.485540585,0,0,0
star_co_plus_hi_ctl49,243,1,1,-0.1115401686,0.9993604889,0.01826425619,3,-0.002814766382,-0.161274234,0.3866395921,18.35554086,18.5168151,3.485540585,0,0,0
star_co_plus_hi_ctl49,243,2,0,0.09424430106,0.9995511926,0.3611920725,3,1.51195812,86.6288191,0.5123922489,86.23298096,0.395838136,1.931526565,0,0,0
star_co_plus_hi_ctl49,243,2,1,0.1363131464,0.9287976887,0.01590246972,3,1.51195812,86.6288191,0.5123922489,86.23298096,0.395838136,1.931526565,0,0,0
star_only,244,1,0,-0.1061798486,0.9999921713,0.2580269759,3,-0.102281773,-5.860313913,0.3554033152,12.840774,18.70108792,9.184580264,0,0,0
star_only,244,1,1,-0.1415220145,0.9516644218,0.0165076998,3,-0.102281773,-5.860313913,0.3554033152,12.840774,18.70108792,9.184580264,0,0,0
star_only,244,2,0,0.1053378387,0.9999915587,0.2592779299,3,1.478543889,84.71432466,0.5445900629,84.48967712,0.2246475372,0.01703212587,0,0,0
star_only,244,2,1,0.1358763433,0.9664679079,0.01674858285,3,1.478543889,84.71432466,0.5445900629,84.48967712,0.2246475372,0.01703212587,0,0,0
co_independent_only,244,1,0,-0.008762771296,0.9994083952,0.2668767912,3,0.05801939305,3.324266351,0.3059391657,24.25103506,20.92676871,0,0,0.003414911781,0
co_independent_only,244,1,1,-0.06556354641,0.9825181207,0.01093197731,3,0.05801939305,3.324266351,0.3059391657,24.25103506,20.92676871,0,0,0.003414911781,0
co_independent_only,244,2,0,0.1091491297,0.9790048247,0.2436816581,3,1.478246622,84.69729254,0.5406907208,84.33190025,0.3653922809,0,0,0.003414911781,0
co_independent_only,244,2,1,0.1405696668,0.9783568095,0.0150861345,3,1.478246622,84.69729254,0.5406907208,84.33190025,0.3653922809,0,0,0.003414911781,0
star_plus_co_independent,244,1,0,-0.1130662189,0.9999921713,0.2580269759,3,-0.102281773,-5.860313913,0.3554033152,12.840774,18.70108792,9.184580264,0,0.003414911781,0
star_plus_co_independent,244,1,1,-0.1426582456,0.9516644218,0.0165076998,3,-0.102281773,-5.860313913,0.3554033152,12.840774,18.70108792,9.184580264,0,0.003414911781,0
star_plus_co_independent,244,2,0,0.1124037246,0.9999915587,0.2592779299,3,1.478543889,84.71432466,0.5445900629,84.48967712,0.2246475372,0.01703212587,0,0.003414911781,0
star_plus_co_independent,244,2,1,0.1373505226,0.9664679079,0.01674858285,3,1.478543889,84.71432466,0.5445900629,84.48967712,0.2246475372,0.01703212587,0,0.003414911781,0
star_co_plus_hi_ctl49,244,1,0,-0.1152506387,0.9999921713,0.2580269759,3,-0.102281773,-5.860313913,0.3554033152,12.840774,18.70108792,9.184580264,0,0.003414911781,0
star_co_plus_hi_ctl49,244,1,1,-0.1410539373,0.9516644218,0.0165076998,3,-0.102281773,-5.860313913,0.3554033152,12.840774,18.70108792,9.184580264,0,0.003414911781,0
star_co_plus_hi_ctl49,244,2,0,0.1152584974,0.9999915587,0.2592779299,3,1.478543889,84.71432466,0.5445900629,84.48967712,0.2246475372,0.01703212587,0,0.003414911781,0
star_co_plus_hi_ctl49,244,2,1,0.1359118395,0.9664679079,0.01674858285,3,1.478543889,84.71432466,0.5445900629,84.48967712,0.2246475372,0.01703212587,0,0.003414911781,0
star_only,245,1,0,0.008906042113,0.9994132273,0.3250995031,3,0.05589988265,3.202827351,0.3272273839,24.7196335,21.51680615,0.1214390001,0,0,0
star_only,245,1,1,0.03093460608,0.9767615725,0.01205270618,3,0.05589988265,3.202827351,0.3272273839,24.7196335,21.51680615,0.1214390001,0,0,0
star_only,245,2,0,0.1154662308,0.9812315197,0.2779119011,4,1.465249436,83.95260862,0.5588726975,83.81980124,0.1328073783,0.744683914,0,0,0
star_only,245,2,1,0.1422805959,0.9935392059,0.01666454922,4,1.465249436,83.95260862,0.5588726975,83.81980124,0.1328073783,0.744683914,0,0,0
co_independent_only,245,1,0,-0.001028900361,0.9994083952,0.2668767912,3,0.05801939305,3.324266351,0.3059391657,24.25103506,20.92676871,0,0,0.007398975526,0
co_independent_only,245,1,1,-0.06694917742,0.9825181207,0.01093197731,3,0.05801939305,3.324266351,0.3059391657,24.25103506,20.92676871,0,0,0.007398975526,0
co_independent_only,245,2,0,0.1064500274,0.9790048247,0.2436816581,3,1.478246622,84.69729254,0.5406907208,84.33190025,0.3653922809,0,0,0.007398975526,0
co_independent_only,245,2,1,0.1429852115,0.9783568095,0.0150861345,3,1.478246622,84.69729254,0.5406907208,84.33190025,0.3653922809,0,0,0.007398975526,0
star_plus_co_independent,245,1,0,0.01413369692,0.9994132273,0.3250995031,3,0.05589988265,3.202827351,0.3272273839,24.7196335,21.51680615,0.1214390001,0,0.007398975526,0
star_plus_co_independent,245,1,1,0.03063019192,0.9767615725,0.01205270618,3,0.05589988265,3.202827351,0.3272273839,24.7196335,21.51680615,0.1214390001,0,0.007398975526,0
star_plus_co_independent,245,2,0,0.1205281127,0.9812315197,0.2779119011,4,1.465249436,83.95260862,0.5588726975,83.81980124,0.1328073783,0.744683914,0,0.007398975526,0
star_plus_co_independent,245,2,1,0.1443085513,0.9935392059,0.01666454922,4,1.465249436,83.95260862,0.5588726975,83.81980124,0.1328073783,0.744683914,0,0.007398975526,0
star_co_plus_hi_ctl49,245,1,0,0.01222919647,0.9994132273,0.3250995031,3,0.05589988265,3.202827351,0.3272273839,24.7196335,21.51680615,0.1214390001,0,0.007398975526,0
star_co_plus_hi_ctl49,245,1,1,0.03871322665,0.9767615725,0.01205270618,3,0.05589988265,3.202827351,0.3272273839,24.7196335,21.51680615,0.1214390001,0,0.007398975526,0
star_co_plus_hi_ctl49,245,2,0,0.1232084957,0.9812315197,0.2779119011,4,1.465249436,83.95260862,0.5588726975,83.81980124,0.1328073783,0.744683914,0,0.007398975526,0
star_co_plus_hi_ctl49,245,2,1,0.1423456093,0.9935392059,0.01666454922,4,1.465249436,83.95260862,0.5588726975,83.81980124,0.1328073783,0.744683914,0,0.007398975526,0
star_only,246,1,0,0.01843341715,0.9992433922,0.1293057244,3,0.05755081183,3.297418625,0.1790160331,35.11979134,31.82237271,0.0268477261,0,0,0
star_only,246,1,1,-0.03549756449,0.9635247784,0.006729974749,3,0.05755081183,3.297418625,0.1790160331,35.11979134,31.82237271,0.0268477261,0,0,0
star_only,246,2,0,0.1127653638,0.9892494034,0.104439905,3,1.531406177,87.74311068,0.5655600305,87.55686382,0.186246854,3.045818142,0,0,0
star_only,246,2,1,0.03089481561,0.7838670364,0.004572726673,3,1.531406177,87.74311068,0.5655600305,87.55686382,0.186246854,3.045818142,0,0,0
co_independent_only,246,1,0,-0.007402127375,0.9994083952,0.2668767912,3,0.05801939305,3.324266351,0.3059391657,24.25103506,20.92676871,0,0,0.006260671599,0
co_independent_only,246,1,1,-0.05864869973,0.9825181207,0.01093197731,3,0.05801939305,3.324266351,0.3059391657,24.25103506,20.92676871,0,0,0.006260671599,0
co_independent_only,246,2,0,0.09341112048,0.9790048247,0.2436816581,3,1.478246622,84.69729254,0.5406907208,84.33190025,0.3653922809,0,0,0.006260671599,0
co_independent_only,246,2,1,0.1279206339,0.9783568095,0.0150861345,3,1.478246622,84.69729254,0.5406907208,84.33190025,0.3653922809,0,0,0.006260671599,0
star_plus_co_independent,246,1,0,0.01346403797,0.9992433922,0.1293057244,3,0.05755081183,3.297418625,0.1790160331,35.11979134,31.82237271,0.0268477261,0,0.006260671599,0
star_plus_co_independent,246,1,1,-0.0275770713,0.9635247784,0.006729974749,3,0.05755081183,3.297418625,0.1790160331,35.11979134,31.82237271,0.0268477261,0,0.006260671599,0
star_plus_co_independent,246,2,0,0.1060331261,0.9892494034,0.104439905,3,1.531406177,87.74311068,0.5655600305,87.55686382,0.186246854,3.045818142,0,0.006260671599,0
star_plus_co_independent,246,2,1,0.02289797122,0.7838670364,0.004572726673,3,1.531406177,87.74311068,0.5655600305,87.55686382,0.186246854,3.045818142,0,0.006260671599,0
star_co_plus_hi_ctl49,246,1,0,0.02995586841,0.9992433922,0.1293057244,3,0.05755081183,3.297418625,0.1790160331,35.11979134,31.82237271,0.0268477261,0,0.006260671599,0
star_co_plus_hi_ctl49,246,1,1,-0.01992834654,0.9635247784,0.006729974749,3,0.05755081183,3.297418625,0.1790160331,35.11979134,31.82237271,0.0268477261,0,0.006260671599,0
star_co_plus_hi_ctl49,246,2,0,0.1025792603,0.9892494034,0.104439905,3,1.531406177,87.74311068,0.5655600305,87.55686382,0.186246854,3.045818142,0,0.006260671599,0
star_co_plus_hi_ctl49,246,2,1,0.01649330707,0.7838670364,0.004572726673,3,1.531406177,87.74311068,0.5655600305,87.55686382,0.186246854,3.045818142,0,0.006260671599,0
star_only,247,1,0,-0.1240873956,0.9999961586,0.3394371852,4,-0.1762709155,-10.09957951,0.3679968984,9.072272319,19.17185183,13.42384586,0,0,0
star_only,247,1,1,-0.1873916637,0.9940304548,0.01733966526,4,-0.1762709155,-10.09957951,0.3679968984,9.072272319,19.17185183,13.42384586,0,0,0
star_only,247,2,0,0.1036719195,0.9965283502,0.3136639474,4,1.456739154,83.46500538,0.523758834,82.99435152,0.4706538633,1.232287155,0,0,0
star_only,247,2,1,0.158783319,0.9792852924,0.01949321331,4,1.456739154,83.46500538,0.523758834,82.99435152,0.4706538633,1.232287155,0,0,0
co_independent_only,247,1,0,-0.004275708165,0.9994083952,0.2668767912,3,0.05801939305,3.324266351,0.3059391657,24.25103506,20.92676871,0,0,0.005122367672,0
co_independent_only,247,1,1,-0.07060002015,0.9825181207,0.01093197731,3,0.05801939305,3.324266351,0.3059391657,24.25103506,20.92676871,0,0,0.005122367672,0
co_independent_only,247,2,0,0.1064278517,0.9790048247,0.2436816581,3,1.478246622,84.69729254,0.5406907208,84.33190025,0.3653922809,0,0,0.005122367672,0
co_independent_only,247,2,1,0.1400003268,0.9783568095,0.0150861345,3,1.478246622,84.69729254,0.5406907208,84.33190025,0.3653922809,0,0,0.005122367672,0
star_plus_co_independent,247,1,0,-0.1224653936,0.9999961586,0.3394371852,4,-0.1762709155,-10.09957951,0.3679968984,9.072272319,19.17185183,13.42384586,0,0.005122367672,0
star_plus_co_independent,247,1,1,-0.1834392743,0.9940304548,0.01733966526,4,-0.1762709155,-10.09957951,0.3679968984,9.072272319,19.17185183,13.42384586,0,0.005122367672,0
star_plus_co_independent,247,2,0,0.1018742237,0.9965283502,0.3136639474,4,1.456739154,83.46500538,0.523758834,82.99435152,0.4706538633,1.232287155,0,0.005122367672,0
star_plus_co_independent,247,2,1,0.1543021454,0.9792852924,0.01949321331,4,1.456739154,83.46500538,0.523758834,82.99435152,0.4706538633,1.232287155,0,0.005122367672,0
star_co_plus_hi_ctl49,247,1,0,-0.120495134,0.9999961586,0.3394371852,4,-0.1762709155,-10.09957951,0.3679968984,9.072272319,19.17185183,13.42384586,0,0.005122367672,0
star_co_plus_hi_ctl49,247,1,1,-0.1775378389,0.9940304548,0.01733966526,4,-0.1762709155,-10.09957951,0.3679968984,9.072272319,19.17185183,13.42384586,0,0.005122367672,0
star_co_plus_hi_ctl49,247,2,0,0.1042831312,0.9965283502,0.3136639474,4,1.456739154,83.46500538,0.523758834,82.99435152,0.4706538633,1.232287155,0,0.005122367672,0
star_co_plus_hi_ctl49,247,2,1,0.1551642946,0.9792852924,0.01949321331,4,1.456739154,83.46500538,0.523758834,82.99435152,0.4706538633,1.232287155,0,0.005122367672,0
star_only,248,1,0,-0.03810685789,0.9939130201,0.2512884433,4,0.0168689342,0.9665187343,0.3427599677,20.14316051,19.17664178,2.357747617,0,0,0
star_only,248,1,1,-0.1012840381,0.9461960379,0.009310592304,4,0.0168689342,0.9665187343,0.3427599677,20.14316051,19.17664178,2.357747617,0,0,0
star_only,248,2,0,0.1164252732,0.962539783,0.2639739431,3,1.476773836,84.6129081,0.552344927,84.54268261,0.07022549035,0.08438443618,0,0,0
star_only,248,2,1,0.1850925462,0.991039658,0.01492743683,3,1.476773836,84.6129081,0.552344927,84.54268261,0.07022549035,0.08438443618,0,0,0
co_independent_only,248,1,0,-0.0114774738,0.9994083952,0.2668767912,3,0.05801939305,3.324266351,0.3059391657,24.25103506,20.92676871,0,0,0,0
co_independent_only,248,1,1,-0.06747262487,0.9825181207,0.01093197731,3,0.05801939305,3.324266351,0.3059391657,24.25103506,20.92676871,0,0,0,0
co_independent_only,248,2,0,0.09848695203,0.9790048247,0.2436816581,3,1.478246622,84.69729254,0.5406907208,84.33190025,0.3653922809,0,0,0,0
co_independent_only,248,2,1,0.134372489,0.9783568095,0.0150861345,3,1.478246622,84.69729254,0.5406907208,84.33190025,0.3653922809,0,0,0,0
star_plus_co_independent,248,1,0,-0.04125980779,0.9939130201,0.2512884433,4,0.0168689342,0.9665187343,0.3427599677,20.14316051,19.17664178,2.357747617,0,0,0
star_plus_co_independent,248,1,1,-0.1008424276,0.9461960379,0.009310592304,4,0.0168689342,0.9665187343,0.3427599677,20.14316051,19.17664178,2.357747617,0,0,0
star_plus_co_independent,248,2,0,0.1120664112,0.962539783,0.2639739431,3,1.476773836,84.6129081,0.552344927,84.54268261,0.07022549035,0.08438443618,0,0,0
star_plus_co_independent,248,2,1,0.1802404462,0.991039658,0.01492743683,3,1.476773836,84.6129081,0.552344927,84.54268261,0.07022549035,0.08438443618,0,0,0
star_co_plus_hi_ctl49,248,1,0,-0.03836501621,0.9939130201,0.2512884433,4,0.0168689342,0.9665187343,0.3427599677,20.14316051,19.17664178,2.357747617,0,0,0
star_co_plus_hi_ctl49,248,1,1,-0.09533164695,0.9461960379,0.009310592304,4,0.0168689342,0.9665187343,0.3427599677,20.14316051,19.17664178,2.357747617,0,0,0
star_co_plus_hi_ctl49,248,2,0,0.1200366933,0.962539783,0.2639739431,3,1.476773836,84.6129081,0.552344927,84.54268261,0.07022549035,0.08438443618,0,0,0
star_co_plus_hi_ctl49,248,2,1,0.1819216624,0.991039658,0.01492743683,3,1.476773836,84.6129081,0.552344927,84.54268261,0.07022549035,0.08438443618,0,0,0
star_only,249,1,0,-0.09346129779,0.9966913773,0.260659225,4,0.01443388505,0.8270006954,0.3082728671,22.99660381,22.16960312,2.497265656,0.07911212294,0,0
star_only,249,1,1,-0.1724309153,0.9716572181,0.009903417298,4,0.01443388505,0.8270006954,0.3082728671,22.99660381,22.16960312,2.497265656,0.07911212294,0,0
star_only,249,2,0,0.100115889,0.999994014,0.2460051016,3,1.530691272,87.70214962,0.4820926156,86.56002941,1.142120212,3.004857089,0.07911212294,0,0
star_only,249,2,1,0.1768631789,0.9556756037,0.0119165093,3,1.530691272,87.70214962,0.4820926156,86.56002941,1.142120212,3.004857089,0.07911212294,0,0
co_independent_only,249,1,0,-0.01199532803,0.9994083952,0.2668767912,3,0.05801939305,3.324266351,0.3059391657,24.25103506,20.92676871,0,0,0.007398975526,0
co_independent_only,249,1,1,-0.06941331967,0.9825181207,0.01093197731,3,0.05801939305,3.324266351,0.3059391657,24.25103506,20.92676871,0,0,0.007398975526,0
co_independent_only,249,2,0,0.1111770354,0.9790048247,0.2436816581,3,1.478246622,84.69729254,0.5406907208,84.33190025,0.3653922809,0,0,0.007398975526,0
co_independent_only,249,2,1,0.1446471298,0.9783568095,0.0150861345,3,1.478246622,84.69729254,0.5406907208,84.33190025,0.3653922809,0,0,0.007398975526,0
star_plus_co_independent,249,1,0,-0.1050108301,0.9966913773,0.260659225,4,0.01443388505,0.8270006954,0.3082728671,22.99660381,22.16960312,2.497265656,0.07911212294,0.007398975526,0
star_plus_co_independent,249,1,1,-0.1809492931,0.9716572181,0.009903417298,4,0.01443388505,0.8270006954,0.3082728671,22.99660381,22.16960312,2.497265656,0.07911212294,0.007398975526,0
star_plus_co_independent,249,2,0,0.1119080107,0.999994014,0.2460051016,3,1.530691272,87.70214962,0.4820926156,86.56002941,1.142120212,3.004857089,0.07911212294,0.007398975526,0
star_plus_co_independent,249,2,1,0.1857415209,0.9556756037,0.0119165093,3,1.530691272,87.70214962,0.4820926156,86.56002941,1.142120212,3.004857089,0.07911212294,0.007398975526,0
star_co_plus_hi_ctl49,249,1,0,-0.11028331,0.9966913773,0.260659225,4,0.01443388505,0.8270006954,0.3082728671,22.99660381,22.16960312,2.497265656,0.07911212294,0.007398975526,0
star_co_plus_hi_ctl49,249,1,1,-0.1793309649,0.9716572181,0.009903417298,4,0.01443388505,0.8270006954,0.3082728671,22.99660381,22.16960312,2.497265656,0.07911212294,0.007398975526,0
star_co_plus_hi_ctl49,249,2,0,0.1156425071,0.999994014,0.2460051016,3,1.530691272,87.70214962,0.4820926156,86.56002941,1.142120212,3.004857089,0.07911212294,0.007398975526,0
star_co_plus_hi_ctl49,249,2,1,0.1819445329,0.9556756037,0.0119165093,3,1.530691272,87.70214962,0.4820926156,86.56002941,1.142120212,3.004857089,0.07911212294,0.007398975526,0
star_only,250,1,0,0.03330307929,0.9611435138,0.3979130413,3,0.1925612689,11.03294801,0.369046897,27.44189636,16.40894835,7.708681654,0,0,0
star_only,250,1,1,-0.1617376391,0.9552855972,0.01334283223,3,0.1925612689,11.03294801,0.369046897,27.44189636,16.40894835,7.708681654,0,0,0
star_only,250,2,0,0.08423100298,0.9473423875,0.3224451142,3,1.50912327,86.46639412,0.5070040195,84.46320635,2.003187771,1.769101587,0,0,0
star_only,250,2,1,0.2298397026,0.9968395934,0.01307087272,3,1.50912327,86.46639412,0.5070040195,84.46320635,2.003187771,1.769101587,0,0,0
co_independent_only,250,1,0,-0.006266760324,0.9994083952,0.2668767912,3,0.05801939305,3.324266351,0.3059391657,24.25103506,20.92676871,0,0,0.005122367672,0
co_independent_only,250,1,1,-0.063390991,0.9825181207,0.01093197731,3,0.05801939305,3.324266351,0.3059391657,24.25103506,20.92676871,0,0,0.005122367672,0
co_independent_only,250,2,0,0.1045745239,0.9790048247,0.2436816581,3,1.478246622,84.69729254,0.5406907208,84.33190025,0.3653922809,0,0,0.005122367672,0
co_independent_only,250,2,1,0.1430779203,0.9783568095,0.0150861345,3,1.478246622,84.69729254,0.5406907208,84.33190025,0.3653922809,0,0,0.005122367672,0
star_plus_co_independent,250,1,0,0.03242160825,0.9611435138,0.3979130413,3,0.1925612689,11.03294801,0.369046897,27.44189636,16.40894835,7.708681654,0,0.005122367672,0
star_plus_co_independent,250,1,1,-0.159182654,0.9552855972,0.01334283223,3,0.1925612689,11.03294801,0.369046897,27.44189636,16.40894835,7.708681654,0,0.005122367672,0
star_plus_co_independent,250,2,0,0.08819751805,0.9473423875,0.3224451142,3,1.50912327,86.46639412,0.5070040195,84.46320635,2.003187771,1.769101587,0,0.005122367672,0
star_plus_co_independent,250,2,1,0.2373543554,0.9968395934,0.01307087272,3,1.50912327,86.46639412,0.5070040195,84.46320635,2.003187771,1.769101587,0,0.005122367672,0
star_co_plus_hi_ctl49,250,1,0,0.04815406405,0.9611435138,0.3979130413,3,0.1925612689,11.03294801,0.369046897,27.44189636,16.40894835,7.708681654,0,0.005122367672,0
star_co_plus_hi_ctl49,250,1,1,-0.1571041117,0.9552855972,0.01334283223,3,0.1925612689,11.03294801,0.369046897,27.44189636,16.40894835,7.708681654,0,0.005122367672,0
star_co_plus_hi_ctl49,250,2,0,0.08633202554,0.9473423875,0.3224451142,3,1.50912327,86.46639412,0.5070040195,84.46320635,2.003187771,1.769101587,0,0.005122367672,0
star_co_plus_hi_ctl49,250,2,1,0.2411665978,0.9968395934,0.01307087272,3,1.50912327,86.46639412,0.5070040195,84.46320635,2.003187771,1.769101587,0,0.005122367672,0
star_only,251,1,0,-0.0404136057,0.9854464101,0.2720554999,3,-0.0122064131,-0.6993759535,0.3236892742,17.44616806,18.14554401,4.023642305,0,0,0
star_only,251,1,1,0.003628029815,0.9945922966,0.01445981478,3,-0.0122064131,-0.6993759535,0.3236892742,17.44616806,18.14554401,4.023642305,0,0,0
star_only,251,2,0,0.1084847697,0.9951180692,0.2726002302,4,1.454494279,83.3363835,0.5641751478,83.49535687,0.1589733728,1.360909039,0,0,0
star_only,251,2,1,0.1206145459,0.9999996086,0.01408225316,4,1.454494279,83.3363835,0.5641751478,83.49535687,0.1589733728,1.360909039,0,0,0
co_independent_only,251,1,0,-0.01216884909,0.9994083952,0.2668767912,3,0.05801939305,3.324266351,0.3059391657,24.25103506,20.92676871,0,0,0.009106431417,0
co_independent_only,251,1,1,-0.07260742543,0.9825181207,0.01093197731,3,0.05801939305,3.324266351,0.3059391657,24.25103506,20.92676871,0,0,0.009106431417,0
co_independent_only,251,2,0,0.09659669867,0.9790048247,0.2436816581,3,1.478246622,84.69729254,0.5406907208,84.33190025,0.3653922809,0,0,0.009106431417,0
co_independent_only,251,2,1,0.1436880213,0.9783568095,0.0150861345,3,1.478246622,84.69729254,0.5406907208,84.33190025,0.3653922809,0,0,0.009106431417,0
star_plus_co_independent,251,1,0,-0.04084388965,0.9854464101,0.2720554999,3,-0.0122064131,-0.6993759535,0.3236892742,17.44616806,18.14554401,4.023642305,0,0.009106431417,0
star_plus_co_independent,251,1,1,-0.003464995448,0.9945922966,0.01445981478,3,-0.0122064131,-0.6993759535,0.3236892742,17.44616806,18.14554401,4.023642305,0,0.009106431417,0
star_plus_co_independent,251,2,0,0.1038861972,0.9951180692,0.2726002302,4,1.454494279,83.3363835,0.5641751478,83.49535687,0.1589733728,1.360909039,0,0.009106431417,0
star_plus_co_independent,251,2,1,0.1236231312,0.9999996086,0.01408225316,4,1.454494279,83.3363835,0.5641751478,83.49535687,0.1589733728,1.360909039,0,0.009106431417,0
star_co_plus_hi_ctl49,251,1,0,-0.0522581098,0.9854464101,0.2720554999,3,-0.0122064131,-0.6993759535,0.3236892742,17.44616806,18.14554401,4.023642305,0,0.009106431417,0
star_co_plus_hi_ctl49,251,1,1,-0.01134555827,0.9945922966,0.01445981478,3,-0.0122064131,-0.6993759535,0.3236892742,17.44616806,18.14554401,4.023642305,0,0.009106431417,0
star_co_plus_hi_ctl49,251,2,0,0.1097983628,0.9951180692,0.2726002302,4,1.454494279,83.3363835,0.5641751478,83.49535687,0.1589733728,1.360909039,0,0.009106431417,0
star_co_plus_hi_ctl49,251,2,1,0.1236462859,0.9999996086,0.01408225316,4,1.454494279,83.3363835,0.5641751478,83.49535687,0.1589733728,1.360909039,0,0.009106431417,0
star_only,252,1,0,-0.00423331762,0.9909498141,0.2778078005,3,0.08223790154,4.711884675,0.3283195301,27.55186286,22.83997819,1.387618323,0,0,0
star_only,252,1,1,-0.02413616277,0.9779708579,0.01289349328,3,0.08223790154,4.711884675,0.3283195301,27.55186286,22.83997819,1.387618323,0,0,0
star_only,252,2,0,0.1028297542,0.9238472931,0.2669047142,3,1.475401623,84.53428609,0.5172862985,84.05455833,0.4797277589,0.1630064427,0,0,0
star_only,252,2,1,0.1538947541,0.9866116917,0.01801217335,3,1.475401623,84.53428609,0.5172862985,84.05455833,0.4797277589,0.1630064427,0,0,0
co_independent_only,252,1,0,-0.0147171507,0.9994083952,0.2668767912,3,0.05801939305,3.324266351,0.3059391657,24.25103506,20.92676871,0,0,0,0
co_independent_only,252,1,1,-0.07237082237,0.9825181207,0.01093197731,3,0.05801939305,3.324266351,0.3059391657,24.25103506,20.92676871,0,0,0,0
co_independent_only,252,2,0,0.104499173,0.9790048247,0.2436816581,3,1.478246622,84.69729254,0.5406907208,84.33190025,0.3653922809,0,0,0,0
co_independent_only,252,2,1,0.1397960237,0.9783568095,0.0150861345,3,1.478246622,84.69729254,0.5406907208,84.33190025,0.3653922809,0,0,0,0
star_plus_co_independent,252,1,0,-0.008846225734,0.9909498141,0.2778078005,3,0.08223790154,4.711884675,0.3283195301,27.55186286,22.83997819,1.387618323,0,0,0
star_plus_co_independent,252,1,1,-0.02589736915,0.9779708579,0.01289349328,3,0.08223790154,4.711884675,0.3283195301,27.55186286,22.83997819,1.387618323,0,0,0
star_plus_co_independent,252,2,0,0.1051881208,0.9238472931,0.2669047142,3,1.475401623,84.53428609,0.5172862985,84.05455833,0.4797277589,0.1630064427,0,0,0
star_plus_co_independent,252,2,1,0.1543583359,0.9866116917,0.01801217335,3,1.475401623,84.53428609,0.5172862985,84.05455833,0.4797277589,0.1630064427,0,0,0
star_co_plus_hi_ctl49,252,1,0,0.004637911078,0.9909498141,0.2778078005,3,0.08223790154,4.711884675,0.3283195301,27.55186286,22.83997819,1.387618323,0,0,0
star_co_plus_hi_ctl49,252,1,1,-0.01149910044,0.9779708579,0.01289349328,3,0.08223790154,4.711884675,0.3283195301,27.55186286,22.83997819,1.387618323,0,0,0
star_co_plus_hi_ctl49,252,2,0,0.09829857118,0.9238472931,0.2669047142,3,1.475401623,84.53428609,0.5172862985,84.05455833,0.4797277589,0.1630064427,0,0,0
star_co_plus_hi_ctl49,252,2,1,0.1495375602,0.9866116917,0.01801217335,3,1.475401623,84.53428609,0.5172862985,84.05455833,0.4797277589,0.1630064427,0,0,0
star_only,253,1,0,0.1080473595,0.8866946157,0.4992159376,4,0.9261829003,53.06637124,0.2545076648,67.57790919,14.51153794,49.74210489,0.01536710302,0,0
star_only,253,1,1,0.08139151175,0.8950756608,0.01348712439,4,0.9261829003,53.06637124,0.2545076648,67.57790919,14.51153794,49.74210489,0.01536710302,0,0
star_only,253,2,0,0.09817017698,0.3203593634,0.0944132899,3,1.495770782,85.70135295,0.5319673023,85.30149031,0.3998626404,1.004060414,0.01536710302,0,0
star_only,253,2,1,0.1887947176,0.9995409905,0.005324055571,3,1.495770782,85.70135295,0.5319673023,85.30149031,0.3998626404,1.004060414,0.01536710302,0,0
co_independent_only,253,1,0,-0.009509183261,0.9994083952,0.2668767912,3,0.05801939305,3.324266351,0.3059391657,24.25103506,20.92676871,0,0,0,0
co_independent_only,253,1,1,-0.06552019799,0.9825181207,0.01093197731,3,0.05801939305,3.324266351,0.3059391657,24.25103506,20.92676871,0,0,0,0
co_independent_only,253,2,0,0.1075233459,0.9790048247,0.2436816581,3,1.478246622,84.69729254,0.5406907208,84.33190025,0.3653922809,0,0,0,0
co_independent_only,253,2,1,0.1388325698,0.9783568095,0.0150861345,3,1.478246622,84.69729254,0.5406907208,84.33190025,0.3653922809,0,0,0,0
star_plus_co_independent,253,1,0,0.1121976206,0.8866946157,0.4992159376,4,0.9261829003,53.06637124,0.2545076648,67.57790919,14.51153794,49.74210489,0.01536710302,0,0
star_plus_co_independent,253,1,1,0.08533580416,0.8950756608,0.01348712439,4,0.9261829003,53.06637124,0.2545076648,67.57790919,14.51153794,49.74210489,0.01536710302,0,0
star_plus_co_independent,253,2,0,0.1046800527,0.3203593634,0.0944132899,3,1.495770782,85.70135295,0.5319673023,85.30149031,0.3998626404,1.004060414,0.01536710302,0,0
star_plus_co_independent,253,2,1,0.1906302254,0.9995409905,0.005324055571,3,1.495770782,85.70135295,0.5319673023,85.30149031,0.3998626404,1.004060414,0.01536710302,0,0
star_co_plus_hi_ctl49,253,1,0,0.100767661,0.8866946157,0.4992159376,4,0.9261829003,53.06637124,0.2545076648,67.57790919,14.51153794,49.74210489,0.01536710302,0,0
star_co_plus_hi_ctl49,253,1,1,0.07341168749,0.8950756608,0.01348712439,4,0.9261829003,53.06637124,0.2545076648,67.57790919,14.51153794,49.74210489,0.01536710302,0,0
star_co_plus_hi_ctl49,253,2,0,0.09381476829,0.3203593634,0.0944132899,3,1.495770782,85.70135295,0.5319673023,85.30149031,0.3998626404,1.004060414,0.01536710302,0,0
star_co_plus_hi_ctl49,253,2,1,0.1782128852,0.9995409905,0.005324055571,3,1.495770782,85.70135295,0.5319673023,85.30149031,0.3998626404,1.004060414,0.01536710302,0,0
star_only,254,1,0,0.01612041911,0.999529711,0.2655681497,4,0.02878129074,1.649046488,0.3144170725,21.81130781,20.16226132,1.675219863,0.002276607854,0,0
star_only,254,1,1,-0.06809485906,0.9916708796,0.01103166233,4,0.02878129074,1.649046488,0.3144170725,21.81130781,20.16226132,1.675219863,0.002276607854,0,0
star_only,254,2,0,0.1088871895,0.9721009541,0.2582979064,4,1.453128678,83.25814032,0.5452618053,82.80489973,0.4532405877,1.439152218,0.002276607854,0,0
star_only,254,2,1,0.1569577933,0.9749814136,0.01526387705,4,1.453128678,83.25814032,0.5452618053,82.80489973,0.4532405877,1.439152218,0.002276607854,0,0
co_independent_only,254,1,0,-0.01376170547,0.9994083952,0.2668767912,3,0.05801939305,3.324266351,0.3059391657,24.25103506,20.92676871,0,0,0,0
co_independent_only,254,1,1,-0.06142235075,0.9825181207,0.01093197731,3,0.05801939305,3.324266351,0.3059391657,24.25103506,20.92676871,0,0,0,0
co_independent_only,254,2,0,0.1018921247,0.9790048247,0.2436816581,3,1.478246622,84.69729254,0.5406907208,84.33190025,0.3653922809,0,0,0,0
co_independent_only,254,2,1,0.134094648,0.9783568095,0.0150861345,3,1.478246622,84.69729254,0.5406907208,84.33190025,0.3653922809,0,0,0,0
star_plus_co_independent,254,1,0,0.00568309235,0.999529711,0.2655681497,4,0.02878129074,1.649046488,0.3144170725,21.81130781,20.16226132,1.675219863,0.002276607854,0,0
star_plus_co_independent,254,1,1,-0.06494143674,0.9916708796,0.01103166233,4,0.02878129074,1.649046488,0.3144170725,21.81130781,20.16226132,1.675219863,0.002276607854,0,0
star_plus_co_independent,254,2,0,0.1117720038,0.9721009541,0.2582979064,4,1.453128678,83.25814032,0.5452618053,82.80489973,0.4532405877,1.439152218,0.002276607854,0,0
star_plus_co_independent,254,2,1,0.1545835962,0.9749814136,0.01526387705,4,1.453128678,83.25814032,0.5452618053,82.80489973,0.4532405877,1.439152218,0.002276607854,0,0
star_co_plus_hi_ctl49,254,1,0,0.003663191364,0.999529711,0.2655681497,4,0.02878129074,1.649046488,0.3144170725,21.81130781,20.16226132,1.675219863,0.002276607854,0,0
star_co_plus_hi_ctl49,254,1,1,-0.06745394948,0.9916708796,0.01103166233,4,0.02878129074,1.649046488,0.3144170725,21.81130781,20.16226132,1.675219863,0.002276607854,0,0
star_co_plus_hi_ctl49,254,2,0,0.1190042926,0.9721009541,0.2582979064,4,1.453128678,83.25814032,0.5452618053,82.80489973,0.4532405877,1.439152218,0.002276607854,0,0
star_co_plus_hi_ctl49,254,2,1,0.1662420029,0.9749814136,0.01526387705,4,1.453128678,83.25814032,0.5452618053,82.80489973,0.4532405877,1.439152218,0.002276607854,0,0
star_only,255,1,0,0.01100039278,0.9988876474,0.3296980607,3,0.1084591221,6.214249945,0.3264494646,23.26998893,17.05573898,2.889983594,0,0,0
star_only,255,1,1,0.02780957914,0.9706333461,0.01356686603,3,0.1084591221,6.214249945,0.3264494646,23.26998893,17.05573898,2.889983594,0,0,0
star_only,255,2,0,0.116358155,0.960560575,0.2727397552,4,1.461638399,83.74571142,0.552991453,83.46433525,0.2813761744,0.951581114,0,0,0
star_only,255,2,1,0.1847300803,0.9405723025,0.01283359267,4,1.461638399,83.74571142,0.552991453,83.46433525,0.2813761744,0.951581114,0,0,0
co_independent_only,255,1,0,-0.003898701585,0.9994083952,0.2668767912,3,0.05801939305,3.324266351,0.3059391657,24.25103506,20.92676871,0,0,0,0
co_independent_only,255,1,1,-0.06923461882,0.9825181207,0.01093197731,3,0.05801939305,3.324266351,0.3059391657,24.25103506,20.92676871,0,0,0,0
co_independent_only,255,2,0,0.09279571855,0.9790048247,0.2436816581,3,1.478246622,84.69729254,0.5406907208,84.33190025,0.3653922809,0,0,0,0
co_independent_only,255,2,1,0.1339371557,0.9783568095,0.0150861345,3,1.478246622,84.69729254,0.5406907208,84.33190025,0.3653922809,0,0,0,0
star_plus_co_independent,255,1,0,0.01447179158,0.9988876474,0.3296980607,3,0.1084591221,6.214249945,0.3264494646,23.26998893,17.05573898,2.889983594,0,0,0
star_plus_co_independent,255,1,1,0.02550373131,0.9706333461,0.01356686603,3,0.1084591221,6.214249945,0.3264494646,23.26998893,17.05573898,2.889983594,0,0,0
star_plus_co_independent,255,2,0,0.1039235032,0.960560575,0.2727397552,4,1.461638399,83.74571142,0.552991453,83.46433525,0.2813761744,0.951581114,0,0,0
star_plus_co_independent,255,2,1,0.1763069389,0.9405723025,0.01283359267,4,1.461638399,83.74571142,0.552991453,83.46433525,0.2813761744,0.951581114,0,0,0
star_co_plus_hi_ctl49,255,1,0,0.01149505336,0.9988876474,0.3296980607,3,0.1084591221,6.214249945,0.3264494646,23.26998893,17.05573898,2.889983594,0,0,0
star_co_plus_hi_ctl49,255,1,1,0.02659532246,0.9706333461,0.01356686603,3,0.1084591221,6.214249945,0.3264494646,23.26998893,17.05573898,2.889983594,0,0,0
star_co_plus_hi_ctl49,255,2,0,0.1175148102,0.960560575,0.2727397552,4,1.461638399,83.74571142,0.552991453,83.46433525,0.2813761744,0.951581114,0,0,0
star_co_plus_hi_ctl49,255,2,1,0.1914877138,0.9405723025,0.01283359267,4,1.461638399,83.74571142,0.552991453,83.46433525,0.2813761744,0.951581114,0,0,0
