scenario,draw,harmonic,q_shape_proxy,delta_uv,determinant_norm,minimum_role_pixels,role_0_pixels,role_1_pixels,role_2_pixels,role_3_pixels,phase_anchor_deg,phase_amplitude,phase_delta_from_baseline_deg,star_clipped_fraction,h2_clipped_fraction,hi_clipped_fraction
star_only,0,1,-0.07605055749,0.9981948081,0.04098312736,103,103,106,104,105,2.658509942,0.3215457715,0.6657564096,0,0,0
star_only,0,2,0.1072309624,0.9975016905,0.03846048323,103,106,105,104,103,86.57137351,0.5190272303,1.874080976,0,0,0
co_independent_only,0,1,-0.04596242423,0.9941338315,0.04275017603,103,103,107,103,105,3.324266351,0.3059391657,0,0,0.00796812749,0
co_independent_only,0,2,0.09375776944,0.9870676417,0.03987086278,104,106,104,104,104,84.69729254,0.5406907208,0,0,0.00796812749,0
star_plus_co_independent,0,1,-0.07930805209,0.9981948081,0.04098312736,103,103,106,104,105,2.658509942,0.3215457715,0.6657564096,0,0.00796812749,0
star_plus_co_independent,0,2,0.1104308549,0.9975016905,0.03846048323,103,106,105,104,103,86.57137351,0.5190272303,1.874080976,0,0.00796812749,0
star_co_plus_hi_ctl49,0,1,-0.07924013077,0.9981948081,0.04098312736,103,103,106,104,105,2.658509942,0.3215457715,0.6657564096,0,0.00796812749,0
star_co_plus_hi_ctl49,0,2,0.113869539,0.9975016905,0.03846048323,103,106,105,104,103,86.57137351,0.5190272303,1.874080976,0,0.00796812749,0
star_only,1,1,-0.06338268247,0.9688007165,0.0390581657,103,103,107,104,104,-5.696735062,0.2520238884,9.021001414,0.007398975526,0,0
star_only,1,2,0.07424977282,0.9677887124,0.03609655083,102,108,104,104,102,83.22917679,0.565312863,1.468115742,0.007398975526,0,0
co_independent_only,1,1,-0.04591193547,0.9941338315,0.04275017603,103,103,107,103,105,3.324266351,0.3059391657,0,0,0.007398975526,0
co_independent_only,1,2,0.09369065213,0.9870676417,0.03987086278,104,106,104,104,104,84.69729254,0.5406907208,0,0,0.007398975526,0
star_plus_co_independent,1,1,-0.06604157737,0.9688007165,0.0390581657,103,103,107,104,104,-5.696735062,0.2520238884,9.021001414,0.007398975526,0.007398975526,0
star_plus_co_independent,1,2,0.07615412171,0.9677887124,0.03609655083,102,108,104,104,102,83.22917679,0.565312863,1.468115742,0.007398975526,0.007398975526,0
star_co_plus_hi_ctl49,1,1,-0.07017421572,0.9688007165,0.0390581657,103,103,107,104,104,-5.696735062,0.2520238884,9.021001414,0.007398975526,0.007398975526,0
star_co_plus_hi_ctl49,1,2,0.07950837283,0.9677887124,0.03609655083,102,108,104,104,102,83.22917679,0.565312863,1.468115742,0.007398975526,0.007398975526,0
star_only,2,1,-0.1042091632,0.949464626,0.04820667313,103,103,107,104,104,-4.057033635,0.3604131778,7.381299987,0.01764371087,0,0
star_only,2,2,0.1006754658,0.9505467033,0.04767861206,103,107,104,104,103,86.81523448,0.5706579912,2.117941941,0.01764371087,0,0
co_independent_only,2,1,-0.04082408968,0.9941338315,0.04275017603,103,103,107,103,105,3.324266351,0.3059391657,0,0,0.006260671599,0
co_independent_only,2,2,0.09209673299,0.9870676417,0.03987086278,104,106,104,104,104,84.69729254,0.5406907208,0,0,0.006260671599,0
star_plus_co_independent,2,1,-0.105389312,0.949464626,0.04820667313,103,103,107,104,104,-4.057033635,0.3604131778,7.381299987,0.01764371087,0.006260671599,0
star_plus_co_independent,2,2,0.1017028501,0.9505467033,0.04767861206,103,107,104,104,103,86.81523448,0.5706579912,2.117941941,0.01764371087,0.006260671599,0
star_co_plus_hi_ctl49,2,1,-0.108922474,0.949464626,0.04820667313,103,103,107,104,104,-4.057033635,0.3604131778,7.381299987,0.01764371087,0.006260671599,0
star_co_plus_hi_ctl49,2,2,0.1051813849,0.9505467033,0.04767861206,103,107,104,104,103,86.81523448,0.5706579912,2.117941941,0.01764371087,0.006260671599,0
star_only,3,1,-0.008753377183,0.9975047369,0.06733358353,103,103,106,105,104,20.79921085,0.3438238961,17.4749445,0.01365964713,0,0
star_only,3,2,0.1029787032,0.985876287,0.04434496318,104,105,105,104,104,88.07149457,0.5042915124,3.374202039,0.01365964713,0,0
co_independent_only,3,1,-0.04449746611,0.9941338315,0.04275017603,103,103,107,103,105,3.324266351,0.3059391657,0,0,0.001138303927,0
co_independent_only,3,2,0.09396942167,0.9870676417,0.03987086278,104,106,104,104,104,84.69729254,0.5406907208,0,0,0.001138303927,0
star_plus_co_independent,3,1,-0.008138610461,0.9975047369,0.06733358353,103,103,106,105,104,20.79921085,0.3438238961,17.4749445,0.01365964713,0.001138303927,0
star_plus_co_independent,3,2,0.1064996698,0.985876287,0.04434496318,104,105,105,104,104,88.07149457,0.5042915124,3.374202039,0.01365964713,0.001138303927,0
star_co_plus_hi_ctl49,3,1,-0.006144244419,0.9975047369,0.06733358353,103,103,106,105,104,20.79921085,0.3438238961,17.4749445,0.01365964713,0.001138303927,0
star_co_plus_hi_ctl49,3,2,0.101746467,0.985876287,0.04434496318,104,105,105,104,104,88.07149457,0.5042915124,3.374202039,0.01365964713,0.001138303927,0
star_only,4,1,-0.01827978407,0.9980522563,0.03870649442,101,101,108,105,104,4.022705361,0.2639883262,0.6984390099,0,0,0
star_only,4,2,0.08820017525,0.9955681098,0.03335729777,103,107,104,104,103,84.376382,0.5607529801,0.3209105306,0,0,0
co_independent_only,4,1,-0.04038302577,0.9941338315,0.04275017603,103,103,107,103,105,3.324266351,0.3059391657,0,0,0,0
co_independent_only,4,2,0.08715976793,0.9870676417,0.03987086278,104,106,104,104,104,84.69729254,0.5406907208,0,0,0,0
star_plus_co_independent,4,1,-0.01561506922,0.9980522563,0.03870649442,101,101,108,105,104,4.022705361,0.2639883262,0.6984390099,0,0,0
star_plus_co_independent,4,2,0.08401293701,0.9955681098,0.03335729777,103,107,104,104,103,84.376382,0.5607529801,0.3209105306,0,0,0
star_co_plus_hi_ctl49,4,1,-0.02025493935,0.9980522563,0.03870649442,101,101,108,105,104,4.022705361,0.2639883262,0.6984390099,0,0,0
star_co_plus_hi_ctl49,4,2,0.09163523397,0.9955681098,0.03335729777,103,107,104,104,103,84.376382,0.5607529801,0.3209105306,0,0,0
star_only,5,1,-0.1030351221,0.9583393317,0.04067877801,103,103,106,104,105,-12.51409669,0.3177159154,15.83836305,0.01650540694,0,0
star_only,5,2,0.08515045194,0.9282108272,0.03932007394,103,107,104,104,103,83.785225,0.5349968583,0.912067531,0.01650540694,0,0
co_independent_only,5,1,-0.04482254808,0.9941338315,0.04275017603,103,103,107,103,105,3.324266351,0.3059391657,0,0,0,0
co_independent_only,5,2,0.09167583177,0.9870676417,0.03987086278,104,106,104,104,104,84.69729254,0.5406907208,0,0,0,0
star_plus_co_independent,5,1,-0.1027182719,0.9583393317,0.04067877801,103,103,106,104,105,-12.51409669,0.3177159154,15.83836305,0.01650540694,0,0
star_plus_co_independent,5,2,0.08542518117,0.9282108272,0.03932007394,103,107,104,104,103,83.785225,0.5349968583,0.912067531,0.01650540694,0,0
star_co_plus_hi_ctl49,5,1,-0.09690203359,0.9583393317,0.04067877801,103,103,106,104,105,-12.51409669,0.3177159154,15.83836305,0.01650540694,0,0
star_co_plus_hi_ctl49,5,2,0.07906515346,0.9282108272,0.03932007394,103,107,104,104,103,83.785225,0.5349968583,0.912067531,0.01650540694,0,0
star_only,6,1,0.05079944592,0.9997418776,0.06596115525,103,103,106,105,104,20.85810882,0.2870624671,17.53384247,0.03984063745,0,0
star_only,6,2,0.07374618615,0.9939507959,0.03199792184,103,107,105,103,103,82.55465699,0.543636902,2.142635547,0.03984063745,0,0
co_independent_only,6,1,-0.04257618299,0.9941338315,0.04275017603,103,103,107,103,105,3.324266351,0.3059391657,0,0,0,0
co_independent_only,6,2,0.093502403,0.9870676417,0.03987086278,104,106,104,104,104,84.69729254,0.5406907208,0,0,0,0
star_plus_co_independent,6,1,0.05533264889,0.9997418776,0.06596115525,103,103,106,105,104,20.85810882,0.2870624671,17.53384247,0.03984063745,0,0
star_plus_co_independent,6,2,0.07579827715,0.9939507959,0.03199792184,103,107,105,103,103,82.55465699,0.543636902,2.142635547,0.03984063745,0,0
star_co_plus_hi_ctl49,6,1,0.05620878904,0.9997418776,0.06596115525,103,103,106,105,104,20.85810882,0.2870624671,17.53384247,0.03984063745,0,0
star_co_plus_hi_ctl49,6,2,0.07841969466,0.9939507959,0.03199792184,103,107,105,103,103,82.55465699,0.543636902,2.142635547,0.03984063745,0,0
star_only,7,1,-0.02473802347,0.9871842203,0.04663848881,103,103,107,103,105,6.04415247,0.298017474,2.719886118,0.1280591918,0,0
star_only,7,2,0.08926405098,0.9972234384,0.03563004625,103,107,104,104,103,86.71019319,0.5530418083,2.012900655,0.1280591918,0,0
co_independent_only,7,1,-0.04840872519,0.9941338315,0.04275017603,103,103,107,103,105,3.324266351,0.3059391657,0,0,0,0
co_independent_only,7,2,0.09541282404,0.9870676417,0.03987086278,104,106,104,104,104,84.69729254,0.5406907208,0,0,0,0
star_plus_co_independent,7,1,-0.02939670273,0.9871842203,0.04663848881,103,103,107,103,105,6.04415247,0.298017474,2.719886118,0.1280591918,0,0
star_plus_co_independent,7,2,0.0933655212,0.9972234384,0.03563004625,103,107,104,104,103,86.71019319,0.5530418083,2.012900655,0.1280591918,0,0
star_co_plus_hi_ctl49,7,1,-0.03621512176,0.9871842203,0.04663848881,103,103,107,103,105,6.04415247,0.298017474,2.719886118,0.1280591918,0,0
star_co_plus_hi_ctl49,7,2,0.09533479344,0.9972234384,0.03563004625,103,107,104,104,103,86.71019319,0.5530418083,2.012900655,0.1280591918,0,0
star_only,8,1,-0.1243594888,0.9767470851,0.04107796199,103,103,106,104,105,-12.53799236,0.2666550302,15.86225871,0.01365964713,0,0
star_only,8,2,0.08892329271,0.9483150931,0.03769017287,104,106,104,104,104,86.32006135,0.5305113761,1.622768815,0.01365964713,0,0
co_independent_only,8,1,-0.03703640009,0.9941338315,0.04275017603,103,103,107,103,105,3.324266351,0.3059391657,0,0,0.006260671599,0
co_independent_only,8,2,0.08438865482,0.9870676417,0.03987086278,104,106,104,104,104,84.69729254,0.5406907208,0,0,0.006260671599,0
star_plus_co_independent,8,1,-0.1188983949,0.9767470851,0.04107796199,103,103,106,104,105,-12.53799236,0.2666550302,15.86225871,0.01365964713,0.006260671599,0
star_plus_co_independent,8,2,0.08204036933,0.9483150931,0.03769017287,104,106,104,104,104,86.32006135,0.5305113761,1.622768815,0.01365964713,0.006260671599,0
star_co_plus_hi_ctl49,8,1,-0.1246860292,0.9767470851,0.04107796199,103,103,106,104,105,-12.53799236,0.2666550302,15.86225871,0.01365964713,0.006260671599,0
star_co_plus_hi_ctl49,8,2,0.08630194067,0.9483150931,0.03769017287,104,106,104,104,104,86.32006135,0.5305113761,1.622768815,0.01365964713,0.006260671599,0
star_only,9,1,0.008358315938,0.9898856718,0.0440112137,102,102,108,102,106,5.570663152,0.2442123642,2.2463968,0.06317586796,0,0
star_only,9,2,0.07889899206,0.9671206092,0.03307289543,103,107,104,104,103,84.19413713,0.544551753,0.5031554004,0.06317586796,0,0
co_independent_only,9,1,-0.04164408254,0.9941338315,0.04275017603,103,103,107,103,105,3.324266351,0.3059391657,0,0,0,0
co_independent_only,9,2,0.08744778975,0.9870676417,0.03987086278,104,106,104,104,104,84.69729254,0.5406907208,0,0,0,0
star_plus_co_independent,9,1,0.008844834277,0.9898856718,0.0440112137,102,102,108,102,106,5.570663152,0.2442123642,2.2463968,0.06317586796,0,0
star_plus_co_independent,9,2,0.07509703386,0.9671206092,0.03307289543,103,107,104,104,103,84.19413713,0.544551753,0.5031554004,0.06317586796,0,0
star_co_plus_hi_ctl49,9,1,0.006196770266,0.9898856718,0.0440112137,102,102,108,102,106,5.570663152,0.2442123642,2.2463968,0.06317586796,0,0
star_co_plus_hi_ctl49,9,2,0.07829754817,0.9671206092,0.03307289543,103,107,104,104,103,84.19413713,0.544551753,0.5031554004,0.06317586796,0,0
star_only,10,1,0.05147464641,0.9890613054,0.05870024842,101,101,106,104,107,16.8101355,0.215147282,13.48586915,0,0,0
star_only,10,2,0.08096621091,0.9581470821,0.02740667407,103,107,103,105,103,84.00681403,0.5762309097,0.6904785089,0,0,0
co_independent_only,10,1,-0.04029101428,0.9941338315,0.04275017603,103,103,107,103,105,3.324266351,0.3059391657,0,0,0.005122367672,0
co_independent_only,10,2,0.08889578398,0.9870676417,0.03987086278,104,106,104,104,104,84.69729254,0.5406907208,0,0,0.005122367672,0
star_plus_co_independent,10,1,0.05379284152,0.9890613054,0.05870024842,101,101,106,104,107,16.8101355,0.215147282,13.48586915,0,0.005122367672,0
star_plus_co_independent,10,2,0.07834337446,0.9581470821,0.02740667407,103,107,103,105,103,84.00681403,0.5762309097,0.6904785089,0,0.005122367672,0
star_co_plus_hi_ctl49,10,1,0.05609601455,0.9890613054,0.05870024842,101,101,106,104,107,16.8101355,0.215147282,13.48586915,0,0.005122367672,0
star_co_plus_hi_ctl49,10,2,0.07933034266,0.9581470821,0.02740667407,103,107,103,105,103,84.00681403,0.5762309097,0.6904785089,0,0.005122367672,0
star_only,11,1,-0.06970764792,0.9610985987,0.03464168581,103,103,107,104,104,-5.791066076,0.2608540963,9.115332427,0.0005691519636,0,0
star_only,11,2,0.07786094948,0.9647893276,0.03335207964,103,107,104,104,103,83.80333746,0.5477434906,0.8939550751,0.0005691519636,0,0
co_independent_only,11,1,-0.04646945998,0.9941338315,0.04275017603,103,103,107,103,105,3.324266351,0.3059391657,0,0,0.001138303927,0
co_independent_only,11,2,0.0952263219,0.9870676417,0.03987086278,104,106,104,104,104,84.69729254,0.5406907208,0,0,0.001138303927,0
star_plus_co_independent,11,1,-0.07352458011,0.9610985987,0.03464168581,103,103,107,104,104,-5.791066076,0.2608540963,9.115332427,0.0005691519636,0.001138303927,0
star_plus_co_independent,11,2,0.08159184942,0.9647893276,0.03335207964,103,107,104,104,103,83.80333746,0.5477434906,0.8939550751,0.0005691519636,0.001138303927,0
star_co_plus_hi_ctl49,11,1,-0.07760154742,0.9610985987,0.03464168581,103,103,107,104,104,-5.791066076,0.2608540963,9.115332427,0.0005691519636,0.001138303927,0
star_co_plus_hi_ctl49,11,2,0.08571105926,0.9647893276,0.03335207964,103,107,104,104,103,83.80333746,0.5477434906,0.8939550751,0.0005691519636,0.001138303927,0
star_only,12,1,-0.04032449459,0.996921943,0.0466413019,103,103,106,104,105,2.836593557,0.3338760778,0.4876727942,0.02731929425,0,0
star_only,12,2,0.07573614746,0.9915669592,0.04091859341,103,107,104,104,103,83.46177636,0.4908556489,1.235516177,0.02731929425,0,0
co_independent_only,12,1,-0.04267135223,0.9941338315,0.04275017603,103,103,107,103,105,3.324266351,0.3059391657,0,0,0.002276607854,0
co_independent_only,12,2,0.09354370397,0.9870676417,0.03987086278,104,106,104,104,104,84.69729254,0.5406907208,0,0,0.002276607854,0
star_plus_co_independent,12,1,-0.03945237937,0.996921943,0.0466413019,103,103,106,104,105,2.836593557,0.3338760778,0.4876727942,0.02731929425,0.002276607854,0
star_plus_co_independent,12,2,0.07738521103,0.9915669592,0.04091859341,103,107,104,104,103,83.46177636,0.4908556489,1.235516177,0.02731929425,0.002276607854,0
star_co_plus_hi_ctl49,12,1,-0.04094280549,0.996921943,0.0466413019,103,103,106,104,105,2.836593557,0.3338760778,0.4876727942,0.02731929425,0.002276607854,0
star_co_plus_hi_ctl49,12,2,0.080069028,0.9915669592,0.04091859341,103,107,104,104,103,83.46177636,0.4908556489,1.235516177,0.02731929425,0.002276607854,0
star_only,13,1,-0.01813792244,0.9995923972,0.06042520552,102,103,108,105,102,10.56222122,0.3527846488,7.237954867,0.04040978941,0,0
star_only,13,2,0.09045353751,0.9994594723,0.04672500687,102,106,105,105,102,85.10867635,0.5374962546,0.4113838137,0.04040978941,0,0
co_independent_only,13,1,-0.04658652034,0.9941338315,0.04275017603,103,103,107,103,105,3.324266351,0.3059391657,0,0,0.002845759818,0
co_independent_only,13,2,0.0956733456,0.9870676417,0.03987086278,104,106,104,104,104,84.69729254,0.5406907208,0,0,0.002845759818,0
star_plus_co_independent,13,1,-0.01971874564,0.9995923972,0.06042520552,102,103,108,105,102,10.56222122,0.3527846488,7.237954867,0.04040978941,0.002845759818,0
star_plus_co_independent,13,2,0.09467523954,0.9994594723,0.04672500687,102,106,105,105,102,85.10867635,0.5374962546,0.4113838137,0.04040978941,0.002845759818,0
star_co_plus_hi_ctl49,13,1,-0.01277463412,0.9995923972,0.06042520552,102,103,108,105,102,10.56222122,0.3527846488,7.237954867,0.04040978941,0.002845759818,0
star_co_plus_hi_ctl49,13,2,0.09354800609,0.9994594723,0.04672500687,102,106,105,105,102,85.10867635,0.5374962546,0.4113838137,0.04040978941,0.002845759818,0
star_only,14,1,-0.06559701863,0.9998524668,0.04756872207,104,104,105,104,105,7.150313709,0.3634588492,3.826047358,0.004553215709,0,0
star_only,14,2,0.109421675,0.9982405571,0.04212651924,103,107,104,104,103,87.36468204,0.5130367617,2.667389508,0.004553215709,0,0
co_independent_only,14,1,-0.04683462861,0.9941338315,0.04275017603,103,103,107,103,105,3.324266351,0.3059391657,0,0,0.002845759818,0
co_independent_only,14,2,0.09261987255,0.9870676417,0.03987086278,104,106,104,104,104,84.69729254,0.5406907208,0,0,0.002845759818,0
star_plus_co_independent,14,1,-0.06798921649,0.9998524668,0.04756872207,104,104,105,104,105,7.150313709,0.3634588492,3.826047358,0.004553215709,0.002845759818,0
star_plus_co_independent,14,2,0.1101337746,0.9982405571,0.04212651924,103,107,104,104,103,87.36468204,0.5130367617,2.667389508,0.004553215709,0.002845759818,0
star_co_plus_hi_ctl49,14,1,-0.06181223518,0.9998524668,0.04756872207,104,104,105,104,105,7.150313709,0.3634588492,3.826047358,0.004553215709,0.002845759818,0
star_co_plus_hi_ctl49,14,2,0.1047779291,0.9982405571,0.04212651924,103,107,104,104,103,87.36468204,0.5130367617,2.667389508,0.004553215709,0.002845759818,0
star_only,15,1,-0.1014229254,0.9488323516,0.0354529526,103,103,107,105,103,-7.253535905,0.3047676484,10.57780226,0,0,0
star_only,15,2,0.07992207792,0.9536973291,0.03777572577,103,107,103,105,103,85.46253906,0.5332314354,0.7652465206,0,0,0
co_independent_only,15,1,-0.04728249732,0.9941338315,0.04275017603,103,103,107,103,105,3.324266351,0.3059391657,0,0,0,0
co_independent_only,15,2,0.09631003598,0.9870676417,0.03987086278,104,106,104,104,104,84.69729254,0.5406907208,0,0,0,0
star_plus_co_independent,15,1,-0.1068817357,0.9488323516,0.0354529526,103,103,107,105,103,-7.253535905,0.3047676484,10.57780226,0,0,0
star_plus_co_independent,15,2,0.08486934687,0.9536973291,0.03777572577,103,107,103,105,103,85.46253906,0.5332314354,0.7652465206,0,0,0
star_co_plus_hi_ctl49,15,1,-0.1001972978,0.9488323516,0.0354529526,103,103,107,105,103,-7.253535905,0.3047676484,10.57780226,0,0,0
star_co_plus_hi_ctl49,15,2,0.07715186664,0.9536973291,0.03777572577,103,107,103,105,103,85.46253906,0.5332314354,0.7652465206,0,0,0
star_only,16,1,-0.06983683745,0.9653137119,0.0476491671,103,103,107,104,104,-5.789878493,0.3298645779,9.114144844,0.001138303927,0,0
star_only,16,2,0.0803227565,0.9725517078,0.04502155552,102,105,106,102,105,81.98762517,0.5238200004,2.709667365,0.001138303927,0,0
co_independent_only,16,1,-0.04890801848,0.9941338315,0.04275017603,103,103,107,103,105,3.324266351,0.3059391657,0,0,0.004553215709,0
co_independent_only,16,2,0.0968679198,0.9870676417,0.03987086278,104,106,104,104,104,84.69729254,0.5406907208,0,0,0.004553215709,0
star_plus_co_independent,16,1,-0.07547464745,0.9653137119,0.0476491671,103,103,107,104,104,-5.789878493,0.3298645779,9.114144844,0.001138303927,0.004553215709,0
star_plus_co_independent,16,2,0.08579711562,0.9725517078,0.04502155552,102,105,106,102,105,81.98762517,0.5238200004,2.709667365,0.001138303927,0.004553215709,0
star_co_plus_hi_ctl49,16,1,-0.08079286658,0.9653137119,0.0476491671,103,103,107,104,104,-5.789878493,0.3298645779,9.114144844,0.001138303927,0.004553215709,0
star_co_plus_hi_ctl49,16,2,0.09112997571,0.9725517078,0.04502155552,102,105,106,102,105,81.98762517,0.5238200004,2.709667365,0.001138303927,0.004553215709,0
star_only,17,1,-0.006644742564,0.9999995636,0.05508121393,104,104,105,105,104,15.43518463,0.3265273433,12.11091828,0,0,0
star_only,17,2,0.08930508084,0.9998073601,0.03471235286,102,107,105,104,102,82.99914689,0.5133897317,1.69814565,0,0,0
co_independent_only,17,1,-0.04780029992,0.9941338315,0.04275017603,103,103,107,103,105,3.324266351,0.3059391657,0,0,0.001138303927,0
co_independent_only,17,2,0.09630395652,0.9870676417,0.03987086278,104,106,104,104,104,84.69729254,0.5406907208,0,0,0.001138303927,0
star_plus_co_independent,17,1,-0.0106554655,0.9999995636,0.05508121393,104,104,105,105,104,15.43518463,0.3265273433,12.11091828,0,0.001138303927,0
star_plus_co_independent,17,2,0.09460706775,0.9998073601,0.03471235286,102,107,105,104,102,82.99914689,0.5133897317,1.69814565,0,0.001138303927,0
star_co_plus_hi_ctl49,17,1,-0.01691145671,0.9999995636,0.05508121393,104,104,105,105,104,15.43518463,0.3265273433,12.11091828,0,0.001138303927,0
star_co_plus_hi_ctl49,17,2,0.09782223081,0.9998073601,0.03471235286,102,107,105,104,102,82.99914689,0.5133897317,1.69814565,0,0.001138303927,0
star_only,18,1,-0.06306132818,0.9960687106,0.04517605014,103,103,107,103,105,3.37069297,0.3332977189,0.04642661907,0.01365964713,0,0
star_only,18,2,0.09945355119,0.9948869472,0.04158232618,103,107,104,104,103,86.10963447,0.5514410074,1.412341939,0.01365964713,0,0
co_independent_only,18,1,-0.04283998704,0.9941338315,0.04275017603,103,103,107,103,105,3.324266351,0.3059391657,0,0,0,0
co_independent_only,18,2,0.09096607642,0.9870676417,0.03987086278,104,106,104,104,104,84.69729254,0.5406907208,0,0,0,0
star_plus_co_independent,18,1,-0.06262451434,0.9960687106,0.04517605014,103,103,107,103,105,3.37069297,0.3332977189,0.04642661907,0.01365964713,0,0
star_plus_co_independent,18,2,0.09913759267,0.9948869472,0.04158232618,103,107,104,104,103,86.10963447,0.5514410074,1.412341939,0.01365964713,0,0
star_co_plus_hi_ctl49,18,1,-0.06927058855,0.9960687106,0.04517605014,103,103,107,103,105,3.37069297,0.3332977189,0.04642661907,0.01365964713,0,0
star_co_plus_hi_ctl49,18,2,0.1057488243,0.9948869472,0.04158232618,103,107,104,104,103,86.10963447,0.5514410074,1.412341939,0.01365964713,0,0
star_only,19,1,0.06239938305,0.9800085378,0.03798587584,103,103,107,104,104,10.03726374,0.1697124716,6.712997387,0,0,0
star_only,19,2,0.0667344371,0.9394438649,0.01900173834,103,106,104,105,103,83.88011913,0.5598483268,0.8171734002,0,0,0
co_independent_only,19,1,-0.03451628459,0.9941338315,0.04275017603,103,103,107,103,105,3.324266351,0.3059391657,0,0,0.007398975526,0
co_independent_only,19,2,0.08135320442,0.9870676417,0.03987086278,104,106,104,104,104,84.69729254,0.5406907208,0,0,0.007398975526,0
star_plus_co_independent,19,1,0.06768128664,0.9800085378,0.03798587584,103,103,107,104,104,10.03726374,0.1697124716,6.712997387,0,0.007398975526,0
star_plus_co_independent,19,2,0.05689725308,0.9394438649,0.01900173834,103,106,104,105,103,83.88011913,0.5598483268,0.8171734002,0,0.007398975526,0
star_co_plus_hi_ctl49,19,1,0.07230830034,0.9800085378,0.03798587584,103,103,107,104,104,10.03726374,0.1697124716,6.712997387,0,0.007398975526,0
star_co_plus_hi_ctl49,19,2,0.05180406989,0.9394438649,0.01900173834,103,106,104,105,103,83.88011913,0.5598483268,0.8171734002,0,0.007398975526,0
star_only,20,1,-0.0907616527,0.9737738043,0.04183966251,103,103,107,104,104,-3.917687659,0.3745880849,7.24195401,0,0,0
star_only,20,2,0.0960550713,0.9714180341,0.04228758016,102,106,105,105,102,85.09025018,0.5106107489,0.3929576469,0,0,0
co_independent_only,20,1,-0.04186718,0.9941338315,0.04275017603,103,103,107,103,105,3.324266351,0.3059391657,0,0,0.001138303927,0
co_independent_only,20,2,0.09047887767,0.9870676417,0.03987086278,104,106,104,104,104,84.69729254,0.5406907208,0,0,0.001138303927,0
star_plus_co_independent,20,1,-0.08975532803,0.9737738043,0.04183966251,103,103,107,104,104,-3.917687659,0.3745880849,7.24195401,0,0.001138303927,0
star_plus_co_independent,20,2,0.09510750785,0.9714180341,0.04228758016,102,106,105,105,102,85.09025018,0.5106107489,0.3929576469,0,0.001138303927,0
star_co_plus_hi_ctl49,20,1,-0.09056750575,0.9737738043,0.04183966251,103,103,107,104,104,-3.917687659,0.3745880849,7.24195401,0,0.001138303927,0
star_co_plus_hi_ctl49,20,2,0.09583821927,0.9714180341,0.04228758016,102,106,105,105,102,85.09025018,0.5106107489,0.3929576469,0,0.001138303927,0
star_only,21,1,0.09366023081,0.9974361892,0.06222006801,104,104,106,104,104,30.17776515,0.2126259438,26.8534988,0,0,0
star_only,21,2,0.07690877035,0.9361112965,0.01710149844,103,104,106,103,105,81.17636338,0.5675434622,3.520929151,0,0,0
co_independent_only,21,1,-0.03740145648,0.9941338315,0.04275017603,103,103,107,103,105,3.324266351,0.3059391657,0,0,0.002276607854,0
co_independent_only,21,2,0.08501482045,0.9870676417,0.03987086278,104,106,104,104,104,84.69729254,0.5406907208,0,0,0.002276607854,0
star_plus_co_independent,21,1,0.09654845232,0.9974361892,0.06222006801,104,104,106,104,104,30.17776515,0.2126259438,26.8534988,0,0.002276607854,0
star_plus_co_independent,21,2,0.0706113867,0.9361112965,0.01710149844,103,104,106,103,105,81.17636338,0.5675434622,3.520929151,0,0.002276607854,0
star_co_plus_hi_ctl49,21,1,0.1025877254,0.9974361892,0.06222006801,104,104,106,104,104,30.17776515,0.2126259438,26.8534988,0,0.002276607854,0
star_co_plus_hi_ctl49,21,2,0.07301629032,0.9361112965,0.01710149844,103,104,106,103,105,81.17636338,0.5675434622,3.520929151,0,0.002276607854,0
star_only,22,1,-0.04035375525,0.9991440289,0.05594000485,103,103,106,104,105,13.54507805,0.3578812787,10.2208117,0.01422879909,0,0
star_only,22,2,0.1179194808,0.9995492788,0.04131817164,103,106,105,104,103,87.98908935,0.5323417556,3.291796811,0.01422879909,0,0
co_independent_only,22,1,-0.0390699024,0.9941338315,0.04275017603,103,103,107,103,105,3.324266351,0.3059391657,0,0,0,0
co_independent_only,22,2,0.08618305338,0.9870676417,0.03987086278,104,106,104,104,104,84.69729254,0.5406907208,0,0,0,0
star_plus_co_independent,22,1,-0.03662057812,0.9991440289,0.05594000485,103,103,106,104,105,13.54507805,0.3578812787,10.2208117,0.01422879909,0,0
star_plus_co_independent,22,2,0.1127277548,0.9995492788,0.04131817164,103,106,105,104,103,87.98908935,0.5323417556,3.291796811,0.01422879909,0,0
star_co_plus_hi_ctl49,22,1,-0.04075567698,0.9991440289,0.05594000485,103,103,106,104,105,13.54507805,0.3578812787,10.2208117,0.01422879909,0,0
star_co_plus_hi_ctl49,22,2,0.114881076,0.9995492788,0.04131817164,103,106,105,104,103,87.98908935,0.5323417556,3.291796811,0.01422879909,0,0
star_only,23,1,-0.007858361874,0.9944065419,0.03648491038,103,103,106,104,105,8.123127818,0.2454418255,4.798861466,0,0,0
star_only,23,2,0.1027494782,0.9978535386,0.02617271886,103,106,105,104,103,86.5541839,0.5458276558,1.856891364,0,0,0
co_independent_only,23,1,-0.04221209134,0.9941338315,0.04275017603,103,103,107,103,105,3.324266351,0.3059391657,0,0,0.0005691519636,0
co_independent_only,23,2,0.0912196324,0.9870676417,0.03987086278,104,106,104,104,104,84.69729254,0.5406907208,0,0,0.0005691519636,0
star_plus_co_independent,23,1,-0.006179674808,0.9944065419,0.03648491038,103,103,106,104,105,8.123127818,0.2454418255,4.798861466,0,0.0005691519636,0
star_plus_co_independent,23,2,0.1023337048,0.9978535386,0.02617271886,103,106,105,104,103,86.5541839,0.5458276558,1.856891364,0,0.0005691519636,0
star_co_plus_hi_ctl49,23,1,-0.006668527844,0.9944065419,0.03648491038,103,103,106,104,105,8.123127818,0.2454418255,4.798861466,0,0.0005691519636,0
star_co_plus_hi_ctl49,23,2,0.09678131592,0.9978535386,0.02617271886,103,106,105,104,103,86.5541839,0.5458276558,1.856891364,0,0.0005691519636,0
star_only,24,1,0.02445134719,0.9925812001,0.04142390147,103,103,107,103,105,12.51136183,0.2257045256,9.187095483,0,0,0
star_only,24,2,0.09547238701,0.9899745811,0.02472525826,103,107,105,103,103,87.66155118,0.5575712546,2.964258649,0,0,0
co_independent_only,24,1,-0.03914317325,0.9941338315,0.04275017603,103,103,107,103,105,3.324266351,0.3059391657,0,0,0.002276607854,0
co_independent_only,24,2,0.0863626607,0.9870676417,0.03987086278,104,106,104,104,104,84.69729254,0.5406907208,0,0,0.002276607854,0
star_plus_co_independent,24,1,0.02692283627,0.9925812001,0.04142390147,103,103,107,103,105,12.51136183,0.2257045256,9.187095483,0,0.002276607854,0
star_plus_co_independent,24,2,0.09061134605,0.9899745811,0.02472525826,103,107,105,103,103,87.66155118,0.5575712546,2.964258649,0,0.002276607854,0
star_co_plus_hi_ctl49,24,1,0.02525437396,0.9925812001,0.04142390147,103,103,107,103,105,12.51136183,0.2257045256,9.187095483,0,0.002276607854,0
star_co_plus_hi_ctl49,24,2,0.0935456729,0.9899745811,0.02472525826,103,107,105,103,103,87.66155118,0.5575712546,2.964258649,0,0.002276607854,0
star_only,25,1,-0.07985654411,0.9717358967,0.03683056855,103,103,107,105,103,-2.429773974,0.3046215379,5.754040325,0,0,0
star_only,25,2,0.08965070621,0.966778481,0.03762873777,102,106,105,105,102,85.04250491,0.5208254,0.3452123706,0,0,0
co_independent_only,25,1,-0.04042005293,0.9941338315,0.04275017603,103,103,107,103,105,3.324266351,0.3059391657,0,0,0.006260671599,0
co_independent_only,25,2,0.08789291611,0.9870676417,0.03987086278,104,106,104,104,104,84.69729254,0.5406907208,0,0,0.006260671599,0
star_plus_co_independent,25,1,-0.0766159054,0.9717358967,0.03683056855,103,103,107,105,103,-2.429773974,0.3046215379,5.754040325,0,0.006260671599,0
star_plus_co_independent,25,2,0.08633130998,0.966778481,0.03762873777,102,106,105,105,102,85.04250491,0.5208254,0.3452123706,0,0.006260671599,0
star_co_plus_hi_ctl49,25,1,-0.06946459796,0.9717358967,0.03683056855,103,103,107,105,103,-2.429773974,0.3046215379,5.754040325,0,0.006260671599,0
star_co_plus_hi_ctl49,25,2,0.07996507928,0.966778481,0.03762873777,102,106,105,105,102,85.04250491,0.5208254,0.3452123706,0,0.006260671599,0
star_only,26,1,0.01225484374,0.9956834323,0.04406748583,103,103,107,104,104,9.946453474,0.2957072795,6.622187122,0,0,0
star_only,26,2,0.08433141836,0.9996482418,0.02985242773,103,107,105,103,103,82.8071541,0.5211448623,1.890138436,0,0,0
co_independent_only,26,1,-0.04251010182,0.9941338315,0.04275017603,103,103,107,103,105,3.324266351,0.3059391657,0,0,0.008537279454,0
co_independent_only,26,2,0.09178519731,0.9870676417,0.03987086278,104,106,104,104,104,84.69729254,0.5406907208,0,0,0.008537279454,0
star_plus_co_independent,26,1,0.01382493705,0.9956834323,0.04406748583,103,103,107,104,104,9.946453474,0.2957072795,6.622187122,0,0.008537279454,0
star_plus_co_independent,26,2,0.08518867049,0.9996482418,0.02985242773,103,107,105,103,103,82.8071541,0.5211448623,1.890138436,0,0.008537279454,0
star_co_plus_hi_ctl49,26,1,0.01030420594,0.9956834323,0.04406748583,103,103,107,104,104,9.946453474,0.2957072795,6.622187122,0,0.008537279454,0
star_co_plus_hi_ctl49,26,2,0.08204667935,0.9996482418,0.02985242773,103,107,105,103,103,82.8071541,0.5211448623,1.890138436,0,0.008537279454,0
star_only,27,1,0.02882988915,0.9966223516,0.06559340672,103,103,106,103,106,17.4414135,0.306206483,14.11714715,0.04780876494,0,0
star_only,27,2,0.09204419708,0.9840162402,0.04220308803,103,107,104,104,103,85.57463801,0.5569147469,0.8773454723,0.04780876494,0,0
co_independent_only,27,1,-0.04120720668,0.9941338315,0.04275017603,103,103,107,103,105,3.324266351,0.3059391657,0,0,0.005691519636,0
co_independent_only,27,2,0.08830359753,0.9870676417,0.03987086278,104,106,104,104,104,84.69729254,0.5406907208,0,0,0.005691519636,0
star_plus_co_independent,27,1,0.0299574935,0.9966223516,0.06559340672,103,103,106,103,106,17.4414135,0.306206483,14.11714715,0.04780876494,0.005691519636,0
star_plus_co_independent,27,2,0.08912130721,0.9840162402,0.04220308803,103,107,104,104,103,85.57463801,0.5569147469,0.8773454723,0.04780876494,0.005691519636,0
star_co_plus_hi_ctl49,27,1,0.02493939433,0.9966223516,0.06559340672,103,103,106,103,106,17.4414135,0.306206483,14.11714715,0.04780876494,0.005691519636,0
star_co_plus_hi_ctl49,27,2,0.09239823333,0.9840162402,0.04220308803,103,107,104,104,103,85.57463801,0.5569147469,0.8773454723,0.04780876494,0.005691519636,0
star_only,28,1,-0.007667066477,0.9955974633,0.06479014266,103,104,106,103,105,13.90049311,0.3667010952,10.57622676,0,0,0
star_only,28,2,0.09353946236,0.998180066,0.04445338588,102,106,105,105,102,84.94807689,0.553857666,0.2507843595,0,0,0
co_independent_only,28,1,-0.04607916592,0.9941338315,0.04275017603,103,103,107,103,105,3.324266351,0.3059391657,0,0,0.001138303927,0
co_independent_only,28,2,0.09470717811,0.9870676417,0.03987086278,104,106,104,104,104,84.69729254,0.5406907208,0,0,0.001138303927,0
star_plus_co_independent,28,1,-0.00905523593,0.9955974633,0.06479014266,103,104,106,103,105,13.90049311,0.3667010952,10.57622676,0,0.001138303927,0
star_plus_co_independent,28,2,0.09707117774,0.998180066,0.04445338588,102,106,105,105,102,84.94807689,0.553857666,0.2507843595,0,0.001138303927,0
star_co_plus_hi_ctl49,28,1,-0.008825207739,0.9955974633,0.06479014266,103,104,106,103,105,13.90049311,0.3667010952,10.57622676,0,0.001138303927,0
star_co_plus_hi_ctl49,28,2,0.09795016177,0.998180066,0.04445338588,102,106,105,105,102,84.94807689,0.553857666,0.2507843595,0,0.001138303927,0
star_only,29,1,0.03616268185,0.9888885686,0.03908886763,103,103,107,104,104,10.05915858,0.2359361599,6.734892229,0,0,0
star_only,29,2,0.07297692001,0.9784571394,0.02317056346,103,107,104,104,103,84.13740486,0.5501264422,0.5598876706,0,0,0
co_independent_only,29,1,-0.04487134344,0.9941338315,0.04275017603,103,103,107,103,105,3.324266351,0.3059391657,0,0,0,0
co_independent_only,29,2,0.08854243567,0.9870676417,0.03987086278,104,106,104,104,104,84.69729254,0.5406907208,0,0,0,0
star_plus_co_independent,29,1,0.03003514865,0.9888885686,0.03908886763,103,103,107,104,104,10.05915858,0.2359361599,6.734892229,0,0,0
star_plus_co_independent,29,2,0.07102418272,0.9784571394,0.02317056346,103,107,104,104,103,84.13740486,0.5501264422,0.5598876706,0,0,0
star_co_plus_hi_ctl49,29,1,0.02633908306,0.9888885686,0.03908886763,103,103,107,104,104,10.05915858,0.2359361599,6.734892229,0,0,0
star_co_plus_hi_ctl49,29,2,0.07067011053,0.9784571394,0.02317056346,103,107,104,104,103,84.13740486,0.5501264422,0.5598876706,0,0,0
star_only,30,1,-0.1255056283,0.9760908976,0.04166717534,103,103,107,104,104,-6.342071822,0.3527465465,9.666338173,0.04496300512,0,0
star_only,30,2,0.109863977,0.9753515203,0.03968612063,103,106,105,104,103,87.85479208,0.5225858908,3.157499546,0.04496300512,0,0
co_independent_only,30,1,-0.05011813602,0.9941338315,0.04275017603,103,103,107,103,105,3.324266351,0.3059391657,0,0,0.002845759818,0
co_independent_only,30,2,0.09728614783,0.9870676417,0.03987086278,104,106,104,104,104,84.69729254,0.5406907208,0,0,0.002845759818,0
star_plus_co_independent,30,1,-0.1300030512,0.9760908976,0.04166717534,103,103,107,104,104,-6.342071822,0.3527465465,9.666338173,0.04496300512,0.002845759818,0
star_plus_co_independent,30,2,0.1155396208,0.9753515203,0.03968612063,103,106,105,104,103,87.85479208,0.5225858908,3.157499546,0.04496300512,0.002845759818,0
star_co_plus_hi_ctl49,30,1,-0.133305573,0.9760908976,0.04166717534,103,103,107,104,104,-6.342071822,0.3527465465,9.666338173,0.04496300512,0.002845759818,0
star_co_plus_hi_ctl49,30,2,0.1189029802,0.9753515203,0.03968612063,103,106,105,104,103,87.85479208,0.5225858908,3.157499546,0.04496300512,0.002845759818,0
star_only,31,1,-0.04256873001,0.992537108,0.05596928411,102,102,106,105,105,1.068417253,0.394348272,2.255849098,0,0,0
star_only,31,2,0.07387786251,0.9959997756,0.0496726251,102,105,106,102,105,81.56240358,0.5145231276,3.134888959,0,0,0
co_independent_only,31,1,-0.04363316933,0.9941338315,0.04275017603,103,103,107,103,105,3.324266351,0.3059391657,0,0,0.008537279454,0
co_independent_only,31,2,0.09067746631,0.9870676417,0.03987086278,104,106,104,104,104,84.69729254,0.5406907208,0,0,0.008537279454,0
star_plus_co_independent,31,1,-0.04292221137,0.992537108,0.05596928411,102,102,106,105,105,1.068417253,0.394348272,2.255849098,0,0.008537279454,0
star_plus_co_independent,31,2,0.07398599379,0.9959997756,0.0496726251,102,105,106,102,105,81.56240358,0.5145231276,3.134888959,0,0.008537279454,0
star_co_plus_hi_ctl49,31,1,-0.04055332454,0.992537108,0.05596928411,102,102,106,105,105,1.068417253,0.394348272,2.255849098,0,0.008537279454,0
star_co_plus_hi_ctl49,31,2,0.0742523674,0.9959997756,0.0496726251,102,105,106,102,105,81.56240358,0.5145231276,3.134888959,0,0.008537279454,0
star_only,32,1,-0.06106867532,0.9988861659,0.05439466767,102,102,107,103,106,5.386162961,0.3899839741,2.06189661,0.001138303927,0,0
star_only,32,2,0.09812049634,0.999295459,0.05078586678,103,107,103,105,103,85.48709587,0.5161261332,0.7898033378,0.001138303927,0,0
co_independent_only,32,1,-0.04454543906,0.9941338315,0.04275017603,103,103,107,103,105,3.324266351,0.3059391657,0,0,0.001707455891,0
co_independent_only,32,2,0.09193423008,0.9870676417,0.03987086278,104,106,104,104,104,84.69729254,0.5406907208,0,0,0.001707455891,0
star_plus_co_independent,32,1,-0.06198490709,0.9988861659,0.05439466767,102,102,107,103,106,5.386162961,0.3899839741,2.06189661,0.001138303927,0.001707455891,0
star_plus_co_independent,32,2,0.09869258288,0.999295459,0.05078586678,103,107,103,105,103,85.48709587,0.5161261332,0.7898033378,0.001138303927,0.001707455891,0
star_co_plus_hi_ctl49,32,1,-0.05705618597,0.9988861659,0.05439466767,102,102,107,103,106,5.386162961,0.3899839741,2.06189661,0.001138303927,0.001707455891,0
star_co_plus_hi_ctl49,32,2,0.09087610739,0.999295459,0.05078586678,103,107,103,105,103,85.48709587,0.5161261332,0.7898033378,0.001138303927,0.001707455891,0
star_only,33,1,0.01502481458,0.9967654208,0.061155069,104,104,105,105,104,21.03053319,0.3587594491,17.70626684,0,0,0
star_only,33,2,0.1055262916,0.9789852681,0.04207098075,103,107,104,104,103,86.09759813,0.5340002996,1.400305597,0,0,0
co_independent_only,33,1,-0.0407558362,0.9941338315,0.04275017603,103,103,107,103,105,3.324266351,0.3059391657,0,0,0,0
co_independent_only,33,2,0.08767914175,0.9870676417,0.03987086278,104,106,104,104,104,84.69729254,0.5406907208,0,0,0,0
star_plus_co_independent,33,1,0.01468251179,0.9967654208,0.061155069,104,104,105,105,104,21.03053319,0.3587594491,17.70626684,0,0,0
star_plus_co_independent,33,2,0.1015689065,0.9789852681,0.04207098075,103,107,104,104,103,86.09759813,0.5340002996,1.400305597,0,0,0
star_co_plus_hi_ctl49,33,1,0.01915163907,0.9967654208,0.061155069,104,104,105,105,104,21.03053319,0.3587594491,17.70626684,0,0,0
star_co_plus_hi_ctl49,33,2,0.1002355459,0.9789852681,0.04207098075,103,107,104,104,103,86.09759813,0.5340002996,1.400305597,0,0,0
star_only,34,1,-0.02794769938,0.9974487005,0.02806663084,102,102,106,104,106,5.206966825,0.2528869768,1.882700474,0,0,0
star_only,34,2,0.1047429218,0.9987198332,0.02347684704,103,107,103,105,103,88.65598633,0.579695566,3.958693796,0,0,0
co_independent_only,34,1,-0.04310477107,0.9941338315,0.04275017603,103,103,107,103,105,3.324266351,0.3059391657,0,0,0.004553215709,0
co_independent_only,34,2,0.09251733758,0.9870676417,0.03987086278,104,106,104,104,104,84.69729254,0.5406907208,0,0,0.004553215709,0
star_plus_co_independent,34,1,-0.02691919645,0.9974487005,0.02806663084,102,102,106,104,106,5.206966825,0.2528869768,1.882700474,0,0.004553215709,0
star_plus_co_independent,34,2,0.105423357,0.9987198332,0.02347684704,103,107,103,105,103,88.65598633,0.579695566,3.958693796,0,0.004553215709,0
star_co_plus_hi_ctl49,34,1,-0.02607450167,0.9974487005,0.02806663084,102,102,106,104,106,5.206966825,0.2528869768,1.882700474,0,0.004553215709,0
star_co_plus_hi_ctl49,34,2,0.1021873989,0.9987198332,0.02347684704,103,107,103,105,103,88.65598633,0.579695566,3.958693796,0,0.004553215709,0
star_only,35,1,0.06726829855,0.9956996783,0.08130288685,103,103,106,104,105,34.34655563,0.2546359125,31.02228928,0,0,0
star_only,35,2,0.09981990932,0.9239656506,0.02657341912,103,107,104,104,103,86.83106992,0.5548096627,2.13377739,0,0,0
co_independent_only,35,1,-0.03782261647,0.9941338315,0.04275017603,103,103,107,103,105,3.324266351,0.3059391657,0,0,0.002845759818,0
co_independent_only,35,2,0.08528121633,0.9870676417,0.03987086278,104,106,104,104,104,84.69729254,0.5406907208,0,0,0.002845759818,0
star_plus_co_independent,35,1,0.06726723028,0.9956996783,0.08130288685,103,103,106,104,105,34.34655563,0.2546359125,31.02228928,0,0.002845759818,0
star_plus_co_independent,35,2,0.0938817048,0.9239656506,0.02657341912,103,107,104,104,103,86.83106992,0.5548096627,2.13377739,0,0.002845759818,0
star_co_plus_hi_ctl49,35,1,0.07832082176,0.9956996783,0.08130288685,103,103,106,104,105,34.34655563,0.2546359125,31.02228928,0,0.002845759818,0
star_co_plus_hi_ctl49,35,2,0.09192828631,0.9239656506,0.02657341912,103,107,104,104,103,86.83106992,0.5548096627,2.13377739,0,0.002845759818,0
star_only,36,1,-0.1134810118,0.9918804617,0.05262044605,101,106,103,101,108,-10.03499519,0.3874706224,13.35926154,0.00796812749,0,0
star_only,36,2,0.09661254538,0.9744070235,0.04767177479,103,107,104,104,103,85.78797342,0.4999693554,1.090680888,0.00796812749,0,0
co_independent_only,36,1,-0.04536201694,0.9941338315,0.04275017603,103,103,107,103,105,3.324266351,0.3059391657,0,0,0.01024473534,0
co_independent_only,36,2,0.08960642512,0.9870676417,0.03987086278,104,106,104,104,104,84.69729254,0.5406907208,0,0,0.01024473534,0
star_plus_co_independent,36,1,-0.1098931584,0.9918804617,0.05262044605,101,106,103,101,108,-10.03499519,0.3874706224,13.35926154,0.00796812749,0.01024473534,0
star_plus_co_independent,36,2,0.0953876316,0.9744070235,0.04767177479,103,107,104,104,103,85.78797342,0.4999693554,1.090680888,0.00796812749,0.01024473534,0
star_co_plus_hi_ctl49,36,1,-0.1088644395,0.9918804617,0.05262044605,101,106,103,101,108,-10.03499519,0.3874706224,13.35926154,0.00796812749,0.01024473534,0
star_co_plus_hi_ctl49,36,2,0.09383865821,0.9744070235,0.04767177479,103,107,104,104,103,85.78797342,0.4999693554,1.090680888,0.00796812749,0.01024473534,0
star_only,37,1,-0.08481107342,0.9999931451,0.05324998384,102,102,107,103,106,3.442327789,0.3851254104,0.1180614373,0.002276607854,0,0
star_only,37,2,0.1097531552,0.9986889937,0.05054086427,103,106,105,104,103,86.58616728,0.5334092312,1.888874743,0.002276607854,0,0
co_independent_only,37,1,-0.0429197636,0.9941338315,0.04275017603,103,103,107,103,105,3.324266351,0.3059391657,0,0,0.01195219124,0
co_independent_only,37,2,0.09318392073,0.9870676417,0.03987086278,104,106,104,104,104,84.69729254,0.5406907208,0,0,0.01195219124,0
star_plus_co_independent,37,1,-0.0851133547,0.9999931451,0.05324998384,102,102,107,103,106,3.442327789,0.3851254104,0.1180614373,0.002276607854,0.01195219124,0
star_plus_co_independent,37,2,0.1119416599,0.9986889937,0.05054086427,103,106,105,104,103,86.58616728,0.5334092312,1.888874743,0.002276607854,0.01195219124,0
star_co_plus_hi_ctl49,37,1,-0.09052987355,0.9999931451,0.05324998384,102,102,107,103,106,3.442327789,0.3851254104,0.1180614373,0.002276607854,0.01195219124,0
star_co_plus_hi_ctl49,37,2,0.1171135783,0.9986889937,0.05054086427,103,106,105,104,103,86.58616728,0.5334092312,1.888874743,0.002276607854,0.01195219124,0
star_only,38,1,0.01159489234,0.9985659668,0.04852632363,103,103,107,104,104,11.37566758,0.284453372,8.051401224,0,0,0
star_only,38,2,0.08486515438,0.9999994532,0.03434025684,103,106,104,105,103,83.96432803,0.5648734888,0.732964502,0,0,0
co_independent_only,38,1,-0.04702381617,0.9941338315,0.04275017603,103,103,107,103,105,3.324266351,0.3059391657,0,0,0,0
co_independent_only,38,2,0.09603746514,0.9870676417,0.03987086278,104,106,104,104,104,84.69729254,0.5406907208,0,0,0,0
star_plus_co_independent,38,1,0.009629866108,0.9985659668,0.04852632363,103,103,107,104,104,11.37566758,0.284453372,8.051401224,0,0,0
star_plus_co_independent,38,2,0.0894457793,0.9999994532,0.03434025684,103,106,104,105,103,83.96432803,0.5648734888,0.732964502,0,0,0
star_co_plus_hi_ctl49,38,1,0.005403798486,0.9985659668,0.04852632363,103,103,107,104,104,11.37566758,0.284453372,8.051401224,0,0,0
star_co_plus_hi_ctl49,38,2,0.09440065489,0.9999994532,0.03434025684,103,106,104,105,103,83.96432803,0.5648734888,0.732964502,0,0,0
star_only,39,1,-0.1024230051,0.9952409022,0.04607802387,103,103,106,104,105,2.873243628,0.3532353435,0.4510227237,0.006829823563,0,0
star_only,39,2,0.118682848,0.9923851743,0.04591488364,104,106,104,104,104,89.06081127,0.5319994344,4.36351874,0.006829823563,0,0
co_independent_only,39,1,-0.04696881082,0.9941338315,0.04275017603,103,103,107,103,105,3.324266351,0.3059391657,0,0,0,0
co_independent_only,39,2,0.09519666644,0.9870676417,0.03987086278,104,106,104,104,104,84.69729254,0.5406907208,0,0,0,0
star_plus_co_independent,39,1,-0.1060373071,0.9952409022,0.04607802387,103,103,106,104,105,2.873243628,0.3532353435,0.4510227237,0.006829823563,0,0
star_plus_co_independent,39,2,0.1224128178,0.9923851743,0.04591488364,104,106,104,104,104,89.06081127,0.5319994344,4.36351874,0.006829823563,0,0
star_co_plus_hi_ctl49,39,1,-0.106877646,0.9952409022,0.04607802387,103,103,106,104,105,2.873243628,0.3532353435,0.4510227237,0.006829823563,0,0
star_co_plus_hi_ctl49,39,2,0.1231461013,0.9923851743,0.04591488364,104,106,104,104,104,89.06081127,0.5319994344,4.36351874,0.006829823563,0,0
star_only,40,1,-0.001249237522,0.9993588143,0.04853690342,104,104,106,104,104,9.46362283,0.2630778234,6.139356478,0,0,0
star_only,40,2,0.0885041196,0.9989601612,0.03612811473,103,106,104,105,103,85.25227278,0.5393499247,0.5549802431,0,0,0
co_independent_only,40,1,-0.04550058231,0.9941338315,0.04275017603,103,103,107,103,105,3.324266351,0.3059391657,0,0,0.002845759818,0
co_independent_only,40,2,0.09357710366,0.9870676417,0.03987086278,104,106,104,104,104,84.69729254,0.5406907208,0,0,0.002845759818,0
star_plus_co_independent,40,1,-0.002371704631,0.9993588143,0.04853690342,104,104,106,104,104,9.46362283,0.2630778234,6.139356478,0,0.002845759818,0
star_plus_co_independent,40,2,0.09061962028,0.9989601612,0.03612811473,103,106,104,105,103,85.25227278,0.5393499247,0.5549802431,0,0.002845759818,0
star_co_plus_hi_ctl49,40,1,0.005489439432,0.9993588143,0.04853690342,104,104,106,104,104,9.46362283,0.2630778234,6.139356478,0,0.002845759818,0
star_co_plus_hi_ctl49,40,2,0.08934617432,0.9989601612,0.03612811473,103,106,104,105,103,85.25227278,0.5393499247,0.5549802431,0,0.002845759818,0
star_only,41,1,-0.04811843767,0.9722918796,0.04342835871,103,103,107,104,104,-1.133556063,0.3287702111,4.457822415,0,0,0
star_only,41,2,0.08015396336,0.9642696771,0.03907391508,102,108,104,104,102,83.03377266,0.5507228889,1.663519871,0,0,0
co_independent_only,41,1,-0.03878182685,0.9941338315,0.04275017603,103,103,107,103,105,3.324266351,0.3059391657,0,0,0.004553215709,0
co_independent_only,41,2,0.08839825337,0.9870676417,0.03987086278,104,106,104,104,104,84.69729254,0.5406907208,0,0,0.004553215709,0
star_plus_co_independent,41,1,-0.04451653143,0.9722918796,0.04342835871,103,103,107,104,104,-1.133556063,0.3287702111,4.457822415,0,0.004553215709,0
star_plus_co_independent,41,2,0.07784442141,0.9642696771,0.03907391508,102,108,104,104,102,83.03377266,0.5507228889,1.663519871,0,0.004553215709,0
star_co_plus_hi_ctl49,41,1,-0.04611610235,0.9722918796,0.04342835871,103,103,107,104,104,-1.133556063,0.3287702111,4.457822415,0,0.004553215709,0
star_co_plus_hi_ctl49,41,2,0.07887437914,0.9642696771,0.03907391508,102,108,104,104,102,83.03377266,0.5507228889,1.663519871,0,0.004553215709,0
star_only,42,1,-0.0687217061,0.9995788738,0.05667463826,103,103,106,105,104,11.17229378,0.3922996819,7.848027424,0,0,0
star_only,42,2,0.1084011408,0.9997058394,0.04670431275,103,107,105,103,103,87.72382826,0.4902643368,3.026535723,0,0,0
co_independent_only,42,1,-0.04365121718,0.9941338315,0.04275017603,103,103,107,103,105,3.324266351,0.3059391657,0,0,0.01138303927,0
co_independent_only,42,2,0.08988738577,0.9870676417,0.03987086278,104,106,104,104,104,84.69729254,0.5406907208,0,0,0.01138303927,0
star_plus_co_independent,42,1,-0.06999963741,0.9995788738,0.05667463826,103,103,106,105,104,11.17229378,0.3922996819,7.848027424,0,0.01138303927,0
star_plus_co_independent,42,2,0.1071092784,0.9997058394,0.04670431275,103,107,105,103,103,87.72382826,0.4902643368,3.026535723,0,0.01138303927,0
star_co_plus_hi_ctl49,42,1,-0.06312090995,0.9995788738,0.05667463826,103,103,106,105,104,11.17229378,0.3922996819,7.848027424,0,0.01138303927,0
star_co_plus_hi_ctl49,42,2,0.1054906248,0.9997058394,0.04670431275,103,107,105,103,103,87.72382826,0.4902643368,3.026535723,0,0.01138303927,0
star_only,43,1,-0.09758589532,0.9406765814,0.04712318361,103,105,103,106,104,-15.6092722,0.2770786232,18.93353855,0.02561183836,0,0
star_only,43,2,0.07151072985,0.8995913227,0.04260843149,103,103,103,106,106,80.20722587,0.5426035236,4.490066664,0.02561183836,0,0
co_independent_only,43,1,-0.0459630068,0.9941338315,0.04275017603,103,103,107,103,105,3.324266351,0.3059391657,0,0,0.003414911781,0
co_independent_only,43,2,0.09634162933,0.9870676417,0.03987086278,104,106,104,104,104,84.69729254,0.5406907208,0,0,0.003414911781,0
star_plus_co_independent,43,1,-0.1024880618,0.9406765814,0.04712318361,103,105,103,106,104,-15.6092722,0.2770786232,18.93353855,0.02561183836,0.003414911781,0
star_plus_co_independent,43,2,0.07584796571,0.8995913227,0.04260843149,103,103,103,106,106,80.20722587,0.5426035236,4.490066664,0.02561183836,0.003414911781,0
star_co_plus_hi_ctl49,43,1,-0.09806835414,0.9406765814,0.04712318361,103,105,103,106,104,-15.6092722,0.2770786232,18.93353855,0.02561183836,0.003414911781,0
star_co_plus_hi_ctl49,43,2,0.07370216262,0.8995913227,0.04260843149,103,103,103,106,106,80.20722587,0.5426035236,4.490066664,0.02561183836,0.003414911781,0
star_only,44,1,0.009275896755,0.9955931445,0.06958382032,103,103,107,104,104,22.84810942,0.3613738417,19.52384306,0.03927148549,0,0
star_only,44,2,0.1162529289,0.9792791664,0.04655218177,103,107,104,104,103,86.70163527,0.5609277605,2.004342731,0.03927148549,0,0
co_independent_only,44,1,-0.04100754901,0.9941338315,0.04275017603,103,103,107,103,105,3.324266351,0.3059391657,0,0,0,0
co_independent_only,44,2,0.08571709276,0.9870676417,0.03987086278,104,106,104,104,104,84.69729254,0.5406907208,0,0,0,0
star_plus_co_independent,44,1,0.006869366712,0.9955931445,0.06958382032,103,103,107,104,104,22.84810942,0.3613738417,19.52384306,0.03927148549,0,0
star_plus_co_independent,44,2,0.1111938612,0.9792791664,0.04655218177,103,107,104,104,103,86.70163527,0.5609277605,2.004342731,0.03927148549,0,0
star_co_plus_hi_ctl49,44,1,0.008810257671,0.9955931445,0.06958382032,103,103,107,104,104,22.84810942,0.3613738417,19.52384306,0.03927148549,0,0
star_co_plus_hi_ctl49,44,2,0.111816008,0.9792791664,0.04655218177,103,107,104,104,103,86.70163527,0.5609277605,2.004342731,0.03927148549,0,0
star_only,45,1,-0.09444420832,0.9914696651,0.03459330332,103,103,107,103,105,-1.217872761,0.2914514304,4.542139113,0,0,0
star_only,45,2,0.1066557426,0.9931703308,0.03384826017,103,106,105,104,103,86.63091365,0.5376999012,1.93362112,0,0,0
co_independent_only,45,1,-0.04679285855,0.9941338315,0.04275017603,103,103,107,103,105,3.324266351,0.3059391657,0,0,0.003414911781,0
co_independent_only,45,2,0.09877907282,0.9870676417,0.03987086278,104,106,104,104,104,84.69729254,0.5406907208,0,0,0.003414911781,0
star_plus_co_independent,45,1,-0.1011338436,0.9914696651,0.03459330332,103,103,107,103,105,-1.217872761,0.2914514304,4.542139113,0,0.003414911781,0
star_plus_co_independent,45,2,0.114201389,0.9931703308,0.03384826017,103,106,105,104,103,86.63091365,0.5376999012,1.93362112,0,0.003414911781,0
star_co_plus_hi_ctl49,45,1,-0.1082603891,0.9914696651,0.03459330332,103,103,107,103,105,-1.217872761,0.2914514304,4.542139113,0,0.003414911781,0
star_co_plus_hi_ctl49,45,2,0.1214556173,0.9931703308,0.03384826017,103,106,105,104,103,86.63091365,0.5376999012,1.93362112,0,0.003414911781,0
star_only,46,1,-0.0755693959,0.9704947292,0.03954537974,103,103,107,103,105,-5.886737422,0.3459849664,9.211003773,0,0,0
star_only,46,2,0.08495753942,0.9721688106,0.03756096255,102,107,105,104,102,82.98675053,0.4849994164,1.710542005,0,0,0
co_independent_only,46,1,-0.04347668192,0.9941338315,0.04275017603,103,103,107,103,105,3.324266351,0.3059391657,0,0,0,0
co_independent_only,46,2,0.0957531384,0.9870676417,0.03987086278,104,106,104,104,104,84.69729254,0.5406907208,0,0,0,0
star_plus_co_independent,46,1,-0.07934093798,0.9704947292,0.03954537974,103,103,107,103,105,-5.886737422,0.3459849664,9.211003773,0,0,0
star_plus_co_independent,46,2,0.08949112451,0.9721688106,0.03756096255,102,107,105,104,102,82.98675053,0.4849994164,1.710542005,0,0,0
star_co_plus_hi_ctl49,46,1,-0.08327457735,0.9704947292,0.03954537974,103,103,107,103,105,-5.886737422,0.3459849664,9.211003773,0,0,0
star_co_plus_hi_ctl49,46,2,0.09270314147,0.9721688106,0.03756096255,102,107,105,104,102,82.98675053,0.4849994164,1.710542005,0,0,0
star_only,47,1,-0.06961875666,0.9917086875,0.04494844606,103,103,107,104,104,-0.1996323155,0.3468203003,3.523898667,0,0,0
star_only,47,2,0.09486735986,0.9889616736,0.04400555387,103,107,104,104,103,84.37830813,0.4938716473,0.3189844061,0,0,0
co_independent_only,47,1,-0.04146231671,0.9941338315,0.04275017603,103,103,107,103,105,3.324266351,0.3059391657,0,0,0,0
co_independent_only,47,2,0.08982208728,0.9870676417,0.03987086278,104,106,104,104,104,84.69729254,0.5406907208,0,0,0,0
star_plus_co_independent,47,1,-0.06778118745,0.9917086875,0.04494844606,103,103,107,104,104,-0.1996323155,0.3468203003,3.523898667,0,0,0
star_plus_co_independent,47,2,0.09349696042,0.9889616736,0.04400555387,103,107,104,104,103,84.37830813,0.4938716473,0.3189844061,0,0,0
star_co_plus_hi_ctl49,47,1,-0.06007057448,0.9917086875,0.04494844606,103,103,107,104,104,-0.1996323155,0.3468203003,3.523898667,0,0,0
star_co_plus_hi_ctl49,47,2,0.08620153109,0.9889616736,0.04400555387,103,107,104,104,103,84.37830813,0.4938716473,0.3189844061,0,0,0
star_only,48,1,-0.04518552188,0.9933624862,0.05148336994,103,103,106,104,105,0.1102147342,0.3548011819,3.214051617,0.007398975526,0,0
star_only,48,2,0.08076493188,0.9975365495,0.04663371474,103,105,106,103,104,82.02337354,0.5407256917,2.673918997,0.007398975526,0,0
co_independent_only,48,1,-0.03811778594,0.9941338315,0.04275017603,103,103,107,103,105,3.324266351,0.3059391657,0,0,0,0
co_independent_only,48,2,0.08720288673,0.9870676417,0.03987086278,104,106,104,104,104,84.69729254,0.5406907208,0,0,0,0
star_plus_co_independent,48,1,-0.03988374625,0.9933624862,0.05148336994,103,103,106,104,105,0.1102147342,0.3548011819,3.214051617,0.007398975526,0,0
star_plus_co_independent,48,2,0.07644442189,0.9975365495,0.04663371474,103,105,106,103,104,82.02337354,0.5407256917,2.673918997,0.007398975526,0,0
star_co_plus_hi_ctl49,48,1,-0.0449802282,0.9933624862,0.05148336994,103,103,106,104,105,0.1102147342,0.3548011819,3.214051617,0.007398975526,0,0
star_co_plus_hi_ctl49,48,2,0.07970326308,0.9975365495,0.04663371474,103,105,106,103,104,82.02337354,0.5407256917,2.673918997,0.007398975526,0,0
star_only,49,1,-0.01257463635,0.995487799,0.05934668117,103,104,105,106,103,21.30022015,0.3437069623,17.9759538,0,0,0
star_only,49,2,0.1254545536,0.9917341963,0.03813431518,102,105,102,106,105,-88.97320107,0.5425455201,6.32950639,0,0,0
co_independent_only,49,1,-0.04249238608,0.9941338315,0.04275017603,103,103,107,103,105,3.324266351,0.3059391657,0,0,0.005122367672,0
co_independent_only,49,2,0.08936250738,0.9870676417,0.03987086278,104,106,104,104,104,84.69729254,0.5406907208,0,0,0.005122367672,0
star_plus_co_independent,49,1,-0.01149982611,0.995487799,0.05934668117,103,104,105,106,103,21.30022015,0.3437069623,17.9759538,0,0.005122367672,0
star_plus_co_independent,49,2,0.1232623684,0.9917341963,0.03813431518,102,105,102,106,105,-88.97320107,0.5425455201,6.32950639,0,0.005122367672,0
star_co_plus_hi_ctl49,49,1,-0.01352377367,0.995487799,0.05934668117,103,104,105,106,103,21.30022015,0.3437069623,17.9759538,0,0.005122367672,0
star_co_plus_hi_ctl49,49,2,0.1263925887,0.9917341963,0.03813431518,102,105,102,106,105,-88.97320107,0.5425455201,6.32950639,0,0.005122367672,0
star_only,50,1,-0.07935598788,0.988559655,0.05127454964,103,103,106,105,104,-2.109410416,0.3996892806,5.433676767,0.03073420603,0,0
star_only,50,2,0.0890017976,0.980480754,0.05300397072,104,106,104,104,104,84.43805231,0.5168581016,0.2592402245,0.03073420603,0,0
co_independent_only,50,1,-0.03945751809,0.9941338315,0.04275017603,103,103,107,103,105,3.324266351,0.3059391657,0,0,0,0
co_independent_only,50,2,0.0905183283,0.9870676417,0.03987086278,104,106,104,104,104,84.69729254,0.5406907208,0,0,0,0
star_plus_co_independent,50,1,-0.07749779127,0.988559655,0.05127454964,103,103,106,105,104,-2.109410416,0.3996892806,5.433676767,0.03073420603,0,0
star_plus_co_independent,50,2,0.08811988378,0.980480754,0.05300397072,104,106,104,104,104,84.43805231,0.5168581016,0.2592402245,0.03073420603,0,0
star_co_plus_hi_ctl49,50,1,-0.07468013685,0.988559655,0.05127454964,103,103,106,105,104,-2.109410416,0.3996892806,5.433676767,0.03073420603,0,0
star_co_plus_hi_ctl49,50,2,0.08599781014,0.980480754,0.05300397072,104,106,104,104,104,84.43805231,0.5168581016,0.2592402245,0.03073420603,0,0
star_only,51,1,-0.01307431159,0.9997657174,0.06239460133,102,103,108,105,102,10.35392923,0.3312599285,7.02966288,0.1030165054,0,0
star_only,51,2,0.1081201483,0.9992745632,0.04417151881,103,106,105,104,103,86.67627414,0.5941635725,1.978981606,0.1030165054,0,0
co_independent_only,51,1,-0.04122277856,0.9941338315,0.04275017603,103,103,107,103,105,3.324266351,0.3059391657,0,0,0.0005691519636,0
co_independent_only,51,2,0.08716471757,0.9870676417,0.03987086278,104,106,104,104,104,84.69729254,0.5406907208,0,0,0.0005691519636,0
star_plus_co_independent,51,1,-0.01278192407,0.9997657174,0.06239460133,102,103,108,105,102,10.35392923,0.3312599285,7.02966288,0.1030165054,0.0005691519636,0
star_plus_co_independent,51,2,0.1042989282,0.9992745632,0.04417151881,103,106,105,104,103,86.67627414,0.5941635725,1.978981606,0.1030165054,0.0005691519636,0
star_co_plus_hi_ctl49,51,1,-0.00640753941,0.9997657174,0.06239460133,102,103,108,105,102,10.35392923,0.3312599285,7.02966288,0.1030165054,0.0005691519636,0
star_co_plus_hi_ctl49,51,2,0.09626768753,0.9992745632,0.04417151881,103,106,105,104,103,86.67627414,0.5941635725,1.978981606,0.1030165054,0.0005691519636,0
star_only,52,1,-0.05115574868,0.9980576085,0.04452952394,103,103,105,104,106,7.525848974,0.3308867458,4.201582623,0.006829823563,0,0
star_only,52,2,0.09696127081,0.9976952352,0.03771407864,103,106,105,103,104,86.32294537,0.5144274853,1.625652832,0.006829823563,0,0
co_independent_only,52,1,-0.04538974967,0.9941338315,0.04275017603,103,103,107,103,105,3.324266351,0.3059391657,0,0,0,0
co_independent_only,52,2,0.0928477446,0.9870676417,0.03987086278,104,106,104,104,104,84.69729254,0.5406907208,0,0,0,0
star_plus_co_independent,52,1,-0.05277521657,0.9980576085,0.04452952394,103,103,105,104,106,7.525848974,0.3308867458,4.201582623,0.006829823563,0,0
star_plus_co_independent,52,2,0.09816867748,0.9976952352,0.03771407864,103,106,105,103,104,86.32294537,0.5144274853,1.625652832,0.006829823563,0,0
star_co_plus_hi_ctl49,52,1,-0.04778319457,0.9980576085,0.04452952394,103,103,105,104,106,7.525848974,0.3308867458,4.201582623,0.006829823563,0,0
star_co_plus_hi_ctl49,52,2,0.0936113167,0.9976952352,0.03771407864,103,106,105,103,104,86.32294537,0.5144274853,1.625652832,0.006829823563,0,0
star_only,53,1,-0.09999395645,0.9715422112,0.03559157435,103,105,103,104,106,-9.631094435,0.3119872459,12.95536079,0,0,0
star_only,53,2,0.08710166569,0.9412038802,0.03725950016,104,106,104,104,104,84.54540373,0.5256485201,0.1518888097,0,0,0
co_independent_only,53,1,-0.04652650458,0.9941338315,0.04275017603,103,103,107,103,105,3.324266351,0.3059391657,0,0,0,0
co_independent_only,53,2,0.09325178962,0.9870676417,0.03987086278,104,106,104,104,104,84.69729254,0.5406907208,0,0,0,0
star_plus_co_independent,53,1,-0.1013049942,0.9715422112,0.03559157435,103,105,103,104,106,-9.631094435,0.3119872459,12.95536079,0,0,0
star_plus_co_independent,53,2,0.08917283425,0.9412038802,0.03725950016,104,106,104,104,104,84.54540373,0.5256485201,0.1518888097,0,0,0
star_co_plus_hi_ctl49,53,1,-0.1036222209,0.9715422112,0.03559157435,103,105,103,104,106,-9.631094435,0.3119872459,12.95536079,0,0,0
star_co_plus_hi_ctl49,53,2,0.09199912907,0.9412038802,0.03725950016,104,106,104,104,104,84.54540373,0.5256485201,0.1518888097,0,0,0
star_only,54,1,-0.004864816706,0.9968702258,0.03984974381,103,103,106,104,105,7.66224944,0.2728435534,4.337983089,0.002845759818,0,0
star_only,54,2,0.08518357448,0.9993245614,0.03054300298,103,107,104,104,103,85.51335942,0.5463676632,0.8160668883,0.002845759818,0,0
co_independent_only,54,1,-0.04518753011,0.9941338315,0.04275017603,103,103,107,103,105,3.324266351,0.3059391657,0,0,0.002276607854,0
co_independent_only,54,2,0.09174159839,0.9870676417,0.03987086278,104,106,104,104,104,84.69729254,0.5406907208,0,0,0.002276607854,0
star_plus_co_independent,54,1,-0.00684320088,0.9968702258,0.03984974381,103,103,106,104,105,7.66224944,0.2728435534,4.337983089,0.002845759818,0.002276607854,0
star_plus_co_independent,54,2,0.08589035603,0.9993245614,0.03054300298,103,107,104,104,103,85.51335942,0.5463676632,0.8160668883,0.002845759818,0.002276607854,0
star_co_plus_hi_ctl49,54,1,-0.005201120078,0.9968702258,0.03984974381,103,103,106,104,105,7.66224944,0.2728435534,4.337983089,0.002845759818,0.002276607854,0
star_co_plus_hi_ctl49,54,2,0.08820008609,0.9993245614,0.03054300298,103,107,104,104,103,85.51335942,0.5463676632,0.8160668883,0.002845759818,0.002276607854,0
star_only,55,1,-0.07040675386,0.9802976888,0.03329483759,102,102,105,106,105,0.8942382824,0.2854436155,2.430028069,0,0,0
star_only,55,2,0.1014073695,0.9788361482,0.03106789954,103,107,104,104,103,85.99843031,0.5706867048,1.301137772,0,0,0
co_independent_only,55,1,-0.04214117663,0.9941338315,0.04275017603,103,103,107,103,105,3.324266351,0.3059391657,0,0,0,0
co_independent_only,55,2,0.08989528203,0.9870676417,0.03987086278,104,106,104,104,104,84.69729254,0.5406907208,0,0,0,0
star_plus_co_independent,55,1,-0.06871505142,0.9802976888,0.03329483759,102,102,105,106,105,0.8942382824,0.2854436155,2.430028069,0,0,0
star_plus_co_independent,55,2,0.09971047113,0.9788361482,0.03106789954,103,107,104,104,103,85.99843031,0.5706867048,1.301137772,0,0,0
star_co_plus_hi_ctl49,55,1,-0.07138709482,0.9802976888,0.03329483759,102,102,105,106,105,0.8942382824,0.2854436155,2.430028069,0,0,0
star_co_plus_hi_ctl49,55,2,0.1030035654,0.9788361482,0.03106789954,103,107,104,104,103,85.99843031,0.5706867048,1.301137772,0,0,0
star_only,56,1,-0.04305233012,0.9999343676,0.05349795894,104,104,105,104,105,8.875002252,0.3415556227,5.5507359,0.001707455891,0,0
star_only,56,2,0.100421496,0.9999997645,0.04420646354,103,107,104,104,103,86.23409357,0.4989948863,1.536801039,0.001707455891,0,0
co_independent_only,56,1,-0.04279955428,0.9941338315,0.04275017603,103,103,107,103,105,3.324266351,0.3059391657,0,0,0,0
co_independent_only,56,2,0.09088524427,0.9870676417,0.03987086278,104,106,104,104,104,84.69729254,0.5406907208,0,0,0,0
star_plus_co_independent,56,1,-0.04389064415,0.9999343676,0.05349795894,104,104,105,104,105,8.875002252,0.3415556227,5.5507359,0.001707455891,0,0
star_plus_co_independent,56,2,0.1005990846,0.9999997645,0.04420646354,103,107,104,104,103,86.23409357,0.4989948863,1.536801039,0.001707455891,0,0
star_co_plus_hi_ctl49,56,1,-0.04319457558,0.9999343676,0.05349795894,104,104,105,104,105,8.875002252,0.3415556227,5.5507359,0.001707455891,0,0
star_co_plus_hi_ctl49,56,2,0.09929681042,0.9999997645,0.04420646354,103,107,104,104,103,86.23409357,0.4989948863,1.536801039,0.001707455891,0,0
star_only,57,1,0.02151483682,0.9995302762,0.05860872334,104,104,106,104,104,14.74574877,0.2866490864,11.42148242,0.01081388731,0,0
star_only,57,2,0.09643109827,0.9976423517,0.03803225925,104,106,104,104,104,86.26689997,0.5622731601,1.56960743,0.01081388731,0,0
co_independent_only,57,1,-0.03991862593,0.9941338315,0.04275017603,103,103,107,103,105,3.324266351,0.3059391657,0,0,0.00796812749,0
co_independent_only,57,2,0.08847131245,0.9870676417,0.03987086278,104,106,104,104,104,84.69729254,0.5406907208,0,0,0.00796812749,0
star_plus_co_independent,57,1,0.02545185147,0.9995302762,0.05860872334,104,104,106,104,104,14.74574877,0.2866490864,11.42148242,0.01081388731,0.00796812749,0
star_plus_co_independent,57,2,0.09343416311,0.9976423517,0.03803225925,104,106,104,104,104,86.26689997,0.5622731601,1.56960743,0.01081388731,0.00796812749,0
star_co_plus_hi_ctl49,57,1,0.02567274114,0.9995302762,0.05860872334,104,104,106,104,104,14.74574877,0.2866490864,11.42148242,0.01081388731,0.00796812749,0
star_co_plus_hi_ctl49,57,2,0.09783534078,0.9976423517,0.03803225925,104,106,104,104,104,86.26689997,0.5622731601,1.56960743,0.01081388731,0.00796812749,0
star_only,58,1,-0.1272212554,0.9684627995,0.04888093588,103,103,107,105,103,-7.199967716,0.3642957257,10.52423407,0,0,0
star_only,58,2,0.1126831202,0.9686461413,0.04796373822,103,107,104,104,103,87.3664727,0.534621714,2.669180163,0,0,0
co_independent_only,58,1,-0.04839696896,0.9941338315,0.04275017603,103,103,107,103,105,3.324266351,0.3059391657,0,0,0.01536710302,0
co_independent_only,58,2,0.09760079654,0.9870676417,0.03987086278,104,106,104,104,104,84.69729254,0.5406907208,0,0,0.01536710302,0
star_plus_co_independent,58,1,-0.1331961767,0.9684627995,0.04888093588,103,103,107,105,103,-7.199967716,0.3642957257,10.52423407,0,0.01536710302,0
star_plus_co_independent,58,2,0.1191196161,0.9686461413,0.04796373822,103,107,104,104,103,87.3664727,0.534621714,2.669180163,0,0.01536710302,0
star_co_plus_hi_ctl49,58,1,-0.132547876,0.9684627995,0.04888093588,103,103,107,105,103,-7.199967716,0.3642957257,10.52423407,0,0.01536710302,0
star_co_plus_hi_ctl49,58,2,0.1169455606,0.9686461413,0.04796373822,103,107,104,104,103,87.3664727,0.534621714,2.669180163,0,0.01536710302,0
star_only,59,1,0.009540326317,0.9983961447,0.04218757362,103,103,107,105,103,10.14329719,0.2616849614,6.819030841,0.003984063745,0,0
star_only,59,2,0.1091113189,0.9928770132,0.02964397881,103,107,104,104,103,87.06573489,0.5606499274,2.368442354,0.003984063745,0,0
co_independent_only,59,1,-0.0383462658,0.9941338315,0.04275017603,103,103,107,103,105,3.324266351,0.3059391657,0,0,0.005122367672,0
co_independent_only,59,2,0.08731136872,0.9870676417,0.03987086278,104,106,104,104,104,84.69729254,0.5406907208,0,0,0.005122367672,0
star_plus_co_independent,59,1,0.01400037999,0.9983961447,0.04218757362,103,103,107,105,103,10.14329719,0.2616849614,6.819030841,0.003984063745,0.005122367672,0
star_plus_co_independent,59,2,0.1053097954,0.9928770132,0.02964397881,103,107,104,104,103,87.06573489,0.5606499274,2.368442354,0.003984063745,0.005122367672,0
star_co_plus_hi_ctl49,59,1,0.01632047772,0.9983961447,0.04218757362,103,103,107,105,103,10.14329719,0.2616849614,6.819030841,0.003984063745,0.005122367672,0
star_co_plus_hi_ctl49,59,2,0.09606133501,0.9928770132,0.02964397881,103,107,104,104,103,87.06573489,0.5606499274,2.368442354,0.003984063745,0.005122367672,0
star_only,60,1,-0.09308638754,0.9999234714,0.0374971129,103,103,105,104,106,7.478900516,0.3515994263,4.154634164,0,0,0
star_only,60,2,0.1209250791,0.9999263439,0.0364039364,103,107,105,103,103,87.4270027,0.5146652647,2.729710163,0,0,0
co_independent_only,60,1,-0.04101724459,0.9941338315,0.04275017603,103,103,107,103,105,3.324266351,0.3059391657,0,0,0,0
co_independent_only,60,2,0.09073064871,0.9870676417,0.03987086278,104,106,104,104,104,84.69729254,0.5406907208,0,0,0,0
star_plus_co_independent,60,1,-0.09166621262,0.9999234714,0.0374971129,103,103,105,104,106,7.478900516,0.3515994263,4.154634164,0,0,0
star_plus_co_independent,60,2,0.1212032229,0.9999263439,0.0364039364,103,107,105,103,103,87.4270027,0.5146652647,2.729710163,0,0,0
star_co_plus_hi_ctl49,60,1,-0.0886023283,0.9999234714,0.0374971129,103,103,105,104,106,7.478900516,0.3515994263,4.154634164,0,0,0
star_co_plus_hi_ctl49,60,2,0.117103325,0.9999263439,0.0364039364,103,107,105,103,103,87.4270027,0.5146652647,2.729710163,0,0,0
star_only,61,1,0.0145191192,0.999069717,0.07012185578,103,103,106,104,105,19.67537253,0.3736308581,16.35110618,0,0,0
star_only,61,2,0.09376885326,0.9817217911,0.04129165677,103,107,104,104,103,83.6051028,0.5587227753,1.092189733,0,0,0
co_independent_only,61,1,-0.04667971535,0.9941338315,0.04275017603,103,103,107,103,105,3.324266351,0.3059391657,0,0,0.007398975526,0
co_independent_only,61,2,0.09463005204,0.9870676417,0.03987086278,104,106,104,104,104,84.69729254,0.5406907208,0,0,0.007398975526,0
star_plus_co_independent,61,1,0.01287782753,0.999069717,0.07012185578,103,103,106,104,105,19.67537253,0.3736308581,16.35110618,0,0.007398975526,0
star_plus_co_independent,61,2,0.09715218486,0.9817217911,0.04129165677,103,107,104,104,103,83.6051028,0.5587227753,1.092189733,0,0.007398975526,0
star_co_plus_hi_ctl49,61,1,0.01118766898,0.999069717,0.07012185578,103,103,106,104,105,19.67537253,0.3736308581,16.35110618,0,0.007398975526,0
star_co_plus_hi_ctl49,61,2,0.09861976973,0.9817217911,0.04129165677,103,107,104,104,103,83.6051028,0.5587227753,1.092189733,0,0.007398975526,0
star_only,62,1,-0.05201173134,0.9912348112,0.03045438044,102,102,107,104,105,2.502742311,0.2466018021,0.82152404,0,0,0
star_only,62,2,0.0923945935,0.9911173825,0.02798979148,103,107,104,104,103,85.88671981,0.5186852821,1.18942728,0,0,0
co_independent_only,62,1,-0.04345208807,0.9941338315,0.04275017603,103,103,107,103,105,3.324266351,0.3059391657,0,0,0,0
co_independent_only,62,2,0.08882340987,0.9870676417,0.03987086278,104,106,104,104,104,84.69729254,0.5406907208,0,0,0,0
star_plus_co_independent,62,1,-0.05180206685,0.9912348112,0.03045438044,102,102,107,104,105,2.502742311,0.2466018021,0.82152404,0,0,0
star_plus_co_independent,62,2,0.0902737591,0.9911173825,0.02798979148,103,107,104,104,103,85.88671981,0.5186852821,1.18942728,0,0,0
star_co_plus_hi_ctl49,62,1,-0.04997061604,0.9912348112,0.03045438044,102,102,107,104,105,2.502742311,0.2466018021,0.82152404,0,0,0
star_co_plus_hi_ctl49,62,2,0.09053380444,0.9911173825,0.02798979148,103,107,104,104,103,85.88671981,0.5186852821,1.18942728,0,0,0
star_only,63,1,-0.04393538209,0.9742485347,0.04674709659,103,103,106,104,105,0.2681123411,0.3387964696,3.05615401,0,0,0
star_only,63,2,0.07634190498,0.9788522275,0.04145364394,102,105,106,102,105,81.85738517,0.5135420354,2.839907367,0,0,0
co_independent_only,63,1,-0.0386356492,0.9941338315,0.04275017603,103,103,107,103,105,3.324266351,0.3059391657,0,0,0,0
co_independent_only,63,2,0.08604094436,0.9870676417,0.03987086278,104,106,104,104,104,84.69729254,0.5406907208,0,0,0,0
star_plus_co_independent,63,1,-0.03926750753,0.9742485347,0.04674709659,103,103,106,104,105,0.2681123411,0.3387964696,3.05615401,0,0,0
star_plus_co_independent,63,2,0.07191379664,0.9788522275,0.04145364394,102,105,106,102,105,81.85738517,0.5135420354,2.839907367,0,0,0
star_co_plus_hi_ctl49,63,1,-0.03835417496,0.9742485347,0.04674709659,103,103,106,104,105,0.2681123411,0.3387964696,3.05615401,0,0,0
star_co_plus_hi_ctl49,63,2,0.06941112125,0.9788522275,0.04145364394,102,105,106,102,105,81.85738517,0.5135420354,2.839907367,0,0,0
star_only,64,1,-0.03682805236,0.9999492275,0.05644129712,103,103,107,103,105,6.177540549,0.3830825529,2.853274197,0,0,0
star_only,64,2,0.09776346558,0.9999760392,0.048177705,103,107,104,104,103,83.75031517,0.549943709,0.9469773649,0,0,0
co_independent_only,64,1,-0.046755834,0.9941338315,0.04275017603,103,103,107,103,105,3.324266351,0.3059391657,0,0,0,0
co_independent_only,64,2,0.09806606024,0.9870676417,0.03987086278,104,106,104,104,104,84.69729254,0.5406907208,0,0,0,0
star_plus_co_independent,64,1,-0.03908643155,0.9999492275,0.05644129712,103,103,107,103,105,6.177540549,0.3830825529,2.853274197,0,0,0
star_plus_co_independent,64,2,0.1046959438,0.9999760392,0.048177705,103,107,104,104,103,83.75031517,0.549943709,0.9469773649,0,0,0
star_co_plus_hi_ctl49,64,1,-0.04163418838,0.9999492275,0.05644129712,103,103,107,103,105,6.177540549,0.3830825529,2.853274197,0,0,0
star_co_plus_hi_ctl49,64,2,0.1061732759,0.9999760392,0.048177705,103,107,104,104,103,83.75031517,0.549943709,0.9469773649,0,0,0
star_only,65,1,-0.05322447695,0.995247956,0.05704642609,104,104,105,105,104,4.385426396,0.3896262509,1.061160045,0,0,0
star_only,65,2,0.09748321923,0.9966346101,0.05043478043,104,106,104,104,104,84.53347798,0.5677384412,0.1638145555,0,0,0
co_independent_only,65,1,-0.04134983467,0.9941338315,0.04275017603,103,103,107,103,105,3.324266351,0.3059391657,0,0,0.005691519636,0
co_independent_only,65,2,0.08982029979,0.9870676417,0.03987086278,104,106,104,104,104,84.69729254,0.5406907208,0,0,0.005691519636,0
star_plus_co_independent,65,1,-0.05150198562,0.995247956,0.05704642609,104,104,105,105,104,4.385426396,0.3896262509,1.061160045,0,0.005691519636,0
star_plus_co_independent,65,2,0.09621217458,0.9966346101,0.05043478043,104,106,104,104,104,84.53347798,0.5677384412,0.1638145555,0,0.005691519636,0
star_co_plus_hi_ctl49,65,1,-0.05214391246,0.995247956,0.05704642609,104,104,105,105,104,4.385426396,0.3896262509,1.061160045,0,0.005691519636,0
star_co_plus_hi_ctl49,65,2,0.1001393778,0.9966346101,0.05043478043,104,106,104,104,104,84.53347798,0.5677384412,0.1638145555,0,0.005691519636,0
star_only,66,1,-0.07439976258,0.996426379,0.04677430836,104,104,105,105,104,4.341602298,0.3434519002,1.017335947,0.002845759818,0,0
star_only,66,2,0.1064826303,0.9988713359,0.04399090949,103,106,104,105,103,88.19026966,0.5335540642,3.492977126,0.002845759818,0,0
co_independent_only,66,1,-0.05093954304,0.9941338315,0.04275017603,103,103,107,103,105,3.324266351,0.3059391657,0,0,0.00796812749,0
co_independent_only,66,2,0.09825185066,0.9870676417,0.03987086278,104,106,104,104,104,84.69729254,0.5406907208,0,0,0.00796812749,0
star_plus_co_independent,66,1,-0.08197830947,0.996426379,0.04677430836,104,104,105,105,104,4.341602298,0.3434519002,1.017335947,0.002845759818,0.00796812749,0
star_plus_co_independent,66,2,0.1134642808,0.9988713359,0.04399090949,103,106,104,105,103,88.19026966,0.5335540642,3.492977126,0.002845759818,0.00796812749,0
star_co_plus_hi_ctl49,66,1,-0.08641754882,0.996426379,0.04677430836,104,104,105,105,104,4.341602298,0.3434519002,1.017335947,0.002845759818,0.00796812749,0
star_co_plus_hi_ctl49,66,2,0.1190313417,0.9988713359,0.04399090949,103,106,104,105,103,88.19026966,0.5335540642,3.492977126,0.002845759818,0.00796812749,0
star_only,67,1,-0.06197678378,0.9981471345,0.05491309069,103,103,106,104,105,-0.7730550001,0.3826139294,4.097321352,0.0005691519636,0,0
star_only,67,2,0.08400509222,0.9955718476,0.05188677293,103,107,105,103,103,82.83466324,0.5065846434,1.862629294,0.0005691519636,0,0
co_independent_only,67,1,-0.04267149704,0.9941338315,0.04275017603,103,103,107,103,105,3.324266351,0.3059391657,0,0,0.01195219124,0
co_independent_only,67,2,0.09070726024,0.9870676417,0.03987086278,104,106,104,104,104,84.69729254,0.5406907208,0,0,0.01195219124,0
star_plus_co_independent,67,1,-0.06120112233,0.9981471345,0.05491309069,103,103,106,104,105,-0.7730550001,0.3826139294,4.097321352,0.0005691519636,0.01195219124,0
star_plus_co_independent,67,2,0.08322422956,0.9955718476,0.05188677293,103,107,105,103,103,82.83466324,0.5065846434,1.862629294,0.0005691519636,0.01195219124,0
star_co_plus_hi_ctl49,67,1,-0.05884114713,0.9981471345,0.05491309069,103,103,106,104,105,-0.7730550001,0.3826139294,4.097321352,0.0005691519636,0.01195219124,0
star_co_plus_hi_ctl49,67,2,0.08018044048,0.9955718476,0.05188677293,103,107,105,103,103,82.83466324,0.5065846434,1.862629294,0.0005691519636,0.01195219124,0
star_only,68,1,0.03132608888,0.9871200134,0.07060290875,100,100,108,105,105,27.18269889,0.377992929,23.85843253,0,0,0
star_only,68,2,0.07253577256,0.9501192972,0.04039380983,103,105,107,103,103,82.18708104,0.4991546544,2.510211492,0,0,0
co_independent_only,68,1,-0.04313501589,0.9941338315,0.04275017603,103,103,107,103,105,3.324266351,0.3059391657,0,0,0.002276607854,0
co_independent_only,68,2,0.0879978368,0.9870676417,0.03987086278,104,106,104,104,104,84.69729254,0.5406907208,0,0,0.002276607854,0
star_plus_co_independent,68,1,0.02523825,0.9871200134,0.07060290875,100,100,108,105,105,27.18269889,0.377992929,23.85843253,0,0.002276607854,0
star_plus_co_independent,68,2,0.06901196328,0.9501192972,0.04039380983,103,105,107,103,103,82.18708104,0.4991546544,2.510211492,0,0.002276607854,0
star_co_plus_hi_ctl49,68,1,0.02910998457,0.9871200134,0.07060290875,100,100,108,105,105,27.18269889,0.377992929,23.85843253,0,0.002276607854,0
star_co_plus_hi_ctl49,68,2,0.06739469209,0.9501192972,0.04039380983,103,105,107,103,103,82.18708104,0.4991546544,2.510211492,0,0.002276607854,0
star_only,69,1,-0.1162871514,0.9847020439,0.03809428985,103,105,103,104,106,-9.627896013,0.304103175,12.95216236,0,0,0
star_only,69,2,0.09223078434,0.9497236064,0.03669303982,103,107,104,104,103,85.94309811,0.5390007062,1.245805573,0,0,0
co_independent_only,69,1,-0.04125382325,0.9941338315,0.04275017603,103,103,107,103,105,3.324266351,0.3059391657,0,0,0.005122367672,0
co_independent_only,69,2,0.09176504016,0.9870676417,0.03987086278,104,106,104,104,104,84.69729254,0.5406907208,0,0,0.005122367672,0
star_plus_co_independent,69,1,-0.1179818607,0.9847020439,0.03809428985,103,105,103,104,106,-9.627896013,0.304103175,12.95216236,0,0.005122367672,0
star_plus_co_independent,69,2,0.09240309202,0.9497236064,0.03669303982,103,107,104,104,103,85.94309811,0.5390007062,1.245805573,0,0.005122367672,0
star_co_plus_hi_ctl49,69,1,-0.1207500309,0.9847020439,0.03809428985,103,105,103,104,106,-9.627896013,0.304103175,12.95216236,0,0.005122367672,0
star_co_plus_hi_ctl49,69,2,0.09312686567,0.9497236064,0.03669303982,103,107,104,104,103,85.94309811,0.5390007062,1.245805573,0,0.005122367672,0
star_only,70,1,-0.06056186563,0.9981664598,0.05044503655,103,103,106,104,105,2.871811583,0.3556450241,0.4524547687,0,0,0
star_only,70,2,0.09189897328,0.9956736448,0.04713353849,103,107,104,104,103,85.76867841,0.5627173815,1.071385879,0,0,0
co_independent_only,70,1,-0.04931925537,0.9941338315,0.04275017603,103,103,107,103,105,3.324266351,0.3059391657,0,0,0,0
co_independent_only,70,2,0.09825020581,0.9870676417,0.03987086278,104,106,104,104,104,84.69729254,0.5406907208,0,0,0,0
star_plus_co_independent,70,1,-0.066538397,0.9981664598,0.05044503655,103,103,106,104,105,2.871811583,0.3556450241,0.4524547687,0,0,0
star_plus_co_independent,70,2,0.09870107784,0.9956736448,0.04713353849,103,107,104,104,103,85.76867841,0.5627173815,1.071385879,0,0,0
star_co_plus_hi_ctl49,70,1,-0.06414998263,0.9981664598,0.05044503655,103,103,106,104,105,2.871811583,0.3556450241,0.4524547687,0,0,0
star_co_plus_hi_ctl49,70,2,0.0964230939,0.9956736448,0.04713353849,103,107,104,104,103,85.76867841,0.5627173815,1.071385879,0,0,0
star_only,71,1,0.0723572471,0.9998638897,0.05696443278,104,104,105,105,104,21.04242368,0.2485965763,17.71815732,0.01650540694,0,0
star_only,71,2,0.0986084579,0.8923449901,0.0245259536,103,106,105,104,103,86.40129929,0.5684864251,1.704006758,0.01650540694,0,0
co_independent_only,71,1,-0.04150421625,0.9941338315,0.04275017603,103,103,107,103,105,3.324266351,0.3059391657,0,0,0.0005691519636,0
co_independent_only,71,2,0.0919972839,0.9870676417,0.03987086278,104,106,104,104,104,84.69729254,0.5406907208,0,0,0.0005691519636,0
star_plus_co_independent,71,1,0.07582014789,0.9998638897,0.05696443278,104,104,105,105,104,21.04242368,0.2485965763,17.71815732,0.01650540694,0.0005691519636,0
star_plus_co_independent,71,2,0.09884791307,0.8923449901,0.0245259536,103,106,105,104,103,86.40129929,0.5684864251,1.704006758,0.01650540694,0.0005691519636,0
star_co_plus_hi_ctl49,71,1,0.07310390129,0.9998638897,0.05696443278,104,104,105,105,104,21.04242368,0.2485965763,17.71815732,0.01650540694,0.0005691519636,0
star_co_plus_hi_ctl49,71,2,0.1017344579,0.8923449901,0.0245259536,103,106,105,104,103,86.40129929,0.5684864251,1.704006758,0.01650540694,0.0005691519636,0
star_only,72,1,-0.1042390282,0.953283013,0.03570096256,104,104,106,104,104,-5.307924703,0.2555188513,8.632191055,0,0,0
star_only,72,2,0.0892159689,0.9637558994,0.03358206423,103,106,105,104,103,86.43669429,0.5455305107,1.739401759,0,0,0
co_independent_only,72,1,-0.04244210815,0.9941338315,0.04275017603,103,103,107,103,105,3.324266351,0.3059391657,0,0,0,0
co_independent_only,72,2,0.09043432202,0.9870676417,0.03987086278,104,106,104,104,104,84.69729254,0.5406907208,0,0,0,0
star_plus_co_independent,72,1,-0.1035984612,0.953283013,0.03570096256,104,104,106,104,104,-5.307924703,0.2555188513,8.632191055,0,0,0
star_plus_co_independent,72,2,0.08843344435,0.9637558994,0.03358206423,103,106,105,104,103,86.43669429,0.5455305107,1.739401759,0,0,0
star_co_plus_hi_ctl49,72,1,-0.1005162321,0.953283013,0.03570096256,104,104,106,104,104,-5.307924703,0.2555188513,8.632191055,0,0,0
star_co_plus_hi_ctl49,72,2,0.08623210854,0.9637558994,0.03358206423,103,106,105,104,103,86.43669429,0.5455305107,1.739401759,0,0,0
star_only,73,1,0.01216808251,0.9987052951,0.04664514206,104,104,105,104,105,8.931644037,0.2603600765,5.607377686,0.01309049516,0,0
star_only,73,2,0.07998371284,0.993918673,0.0346422124,103,106,104,105,103,85.22652401,0.5541608146,0.529231477,0.01309049516,0,0
co_independent_only,73,1,-0.04128431858,0.9941338315,0.04275017603,103,103,107,103,105,3.324266351,0.3059391657,0,0,0.0005691519636,0
co_independent_only,73,2,0.08861785956,0.9870676417,0.03987086278,104,106,104,104,104,84.69729254,0.5406907208,0,0,0.0005691519636,0
star_plus_co_independent,73,1,0.01271205525,0.9987052951,0.04664514206,104,104,105,104,105,8.931644037,0.2603600765,5.607377686,0.01309049516,0.0005691519636,0
star_plus_co_independent,73,2,0.07738718769,0.993918673,0.0346422124,103,106,104,105,103,85.22652401,0.5541608146,0.529231477,0.01309049516,0.0005691519636,0
star_co_plus_hi_ctl49,73,1,0.01294618994,0.9987052951,0.04664514206,104,104,105,104,105,8.931644037,0.2603600765,5.607377686,0.01309049516,0.0005691519636,0
star_co_plus_hi_ctl49,73,2,0.08105508737,0.993918673,0.0346422124,103,106,104,105,103,85.22652401,0.5541608146,0.529231477,0.01309049516,0.0005691519636,0
star_only,74,1,-0.1316684663,0.973764058,0.03741265276,103,105,104,106,103,-8.696929306,0.2564459712,12.02119566,0.01821286283,0,0
star_only,74,2,0.09963051353,0.9336558706,0.03432880301,103,107,104,104,103,87.1045942,0.5120619551,2.407301665,0.01821286283,0,0
co_independent_only,74,1,-0.04626990372,0.9941338315,0.04275017603,103,103,107,103,105,3.324266351,0.3059391657,0,0,0.001138303927,0
co_independent_only,74,2,0.09463970543,0.9870676417,0.03987086278,104,106,104,104,104,84.69729254,0.5406907208,0,0,0.001138303927,0
star_plus_co_independent,74,1,-0.1349947242,0.973764058,0.03741265276,103,105,104,106,103,-8.696929306,0.2564459712,12.02119566,0.01821286283,0.001138303927,0
star_plus_co_independent,74,2,0.1029818883,0.9336558706,0.03432880301,103,107,104,104,103,87.1045942,0.5120619551,2.407301665,0.01821286283,0.001138303927,0
star_co_plus_hi_ctl49,74,1,-0.1264587145,0.973764058,0.03741265276,103,105,104,106,103,-8.696929306,0.2564459712,12.02119566,0.01821286283,0.001138303927,0
star_co_plus_hi_ctl49,74,2,0.09590218824,0.9336558706,0.03432880301,103,107,104,104,103,87.1045942,0.5120619551,2.407301665,0.01821286283,0.001138303927,0
star_only,75,1,0.1018671553,0.9977906351,0.06540117713,104,104,105,104,105,28.68977828,0.2145748469,25.36551193,0,0,0
star_only,75,2,0.0997363008,0.8693591043,0.01716271249,103,107,104,104,103,87.18721417,0.6025057954,2.489921633,0,0,0
co_independent_only,75,1,-0.04793622723,0.9941338315,0.04275017603,103,103,107,103,105,3.324266351,0.3059391657,0,0,0.009675583381,0
co_independent_only,75,2,0.09810123422,0.9870676417,0.03987086278,104,106,104,104,104,84.69729254,0.5406907208,0,0,0.009675583381,0
star_plus_co_independent,75,1,0.1011293341,0.9977906351,0.06540117713,104,104,105,104,105,28.68977828,0.2145748469,25.36551193,0,0.009675583381,0
star_plus_co_independent,75,2,0.1061036514,0.8693591043,0.01716271249,103,107,104,104,103,87.18721417,0.6025057954,2.489921633,0,0.009675583381,0
star_co_plus_hi_ctl49,75,1,0.09904876386,0.9977906351,0.06540117713,104,104,105,104,105,28.68977828,0.2145748469,25.36551193,0,0.009675583381,0
star_co_plus_hi_ctl49,75,2,0.1072898223,0.8693591043,0.01716271249,103,107,104,104,103,87.18721417,0.6025057954,2.489921633,0,0.009675583381,0
star_only,76,1,-0.0199265844,0.9999679247,0.04954924842,104,104,105,104,105,7.112132067,0.2840023634,3.787865716,0,0,0
star_only,76,2,0.09406415989,0.9984079784,0.04067745144,103,107,104,104,103,84.34675381,0.5587744542,0.3505387219,0,0,0
co_independent_only,76,1,-0.04352382682,0.9941338315,0.04275017603,103,103,107,103,105,3.324266351,0.3059391657,0,0,0,0
co_independent_only,76,2,0.09028129867,0.9870676417,0.03987086278,104,106,104,104,104,84.69729254,0.5406907208,0,0,0,0
star_plus_co_independent,76,1,-0.02073999443,0.9999679247,0.04954924842,104,104,105,104,105,7.112132067,0.2840023634,3.787865716,0,0,0
star_plus_co_independent,76,2,0.09297911595,0.9984079784,0.04067745144,103,107,104,104,103,84.34675381,0.5587744542,0.3505387219,0,0,0
star_co_plus_hi_ctl49,76,1,-0.01588393713,0.9999679247,0.04954924842,104,104,105,104,105,7.112132067,0.2840023634,3.787865716,0,0,0
star_co_plus_hi_ctl49,76,2,0.09448135229,0.9984079784,0.04067745144,103,107,104,104,103,84.34675381,0.5587744542,0.3505387219,0,0,0
star_only,77,1,-0.1341014699,0.9469438903,0.04177576551,103,104,105,106,103,-13.2303218,0.2752108585,16.55458815,0.005691519636,0,0
star_only,77,2,0.1024879644,0.8912764871,0.03510285457,103,107,104,104,103,87.16462689,0.5392890658,2.467334359,0.005691519636,0,0
co_independent_only,77,1,-0.04644334605,0.9941338315,0.04275017603,103,103,107,103,105,3.324266351,0.3059391657,0,0,0,0
co_independent_only,77,2,0.09309535481,0.9870676417,0.03987086278,104,106,104,104,104,84.69729254,0.5406907208,0,0,0,0
star_plus_co_independent,77,1,-0.1322535479,0.9469438903,0.04177576551,103,104,105,106,103,-13.2303218,0.2752108585,16.55458815,0.005691519636,0,0
star_plus_co_independent,77,2,0.1038511449,0.8912764871,0.03510285457,103,107,104,104,103,87.16462689,0.5392890658,2.467334359,0.005691519636,0,0
star_co_plus_hi_ctl49,77,1,-0.1308675245,0.9469438903,0.04177576551,103,104,105,106,103,-13.2303218,0.2752108585,16.55458815,0.005691519636,0,0
star_co_plus_hi_ctl49,77,2,0.1031631605,0.8912764871,0.03510285457,103,107,104,104,103,87.16462689,0.5392890658,2.467334359,0.005691519636,0,0
star_only,78,1,-0.0711091346,0.9930402364,0.05904178201,103,103,106,104,105,0.09718861656,0.407335747,3.227077735,0.02333523051,0,0
star_only,78,2,0.09134491495,0.9959383588,0.0587781586,103,107,103,105,103,84.09859648,0.5385573816,0.5986960502,0.02333523051,0,0
co_independent_only,78,1,-0.03801715122,0.9941338315,0.04275017603,103,103,107,103,105,3.324266351,0.3059391657,0,0,0.002276607854,0
co_independent_only,78,2,0.08317261939,0.9870676417,0.03987086278,104,106,104,104,104,84.69729254,0.5406907208,0,0,0.002276607854,0
star_plus_co_independent,78,1,-0.06450961463,0.9930402364,0.05904178201,103,103,106,104,105,0.09718861656,0.407335747,3.227077735,0.02333523051,0.002276607854,0
star_plus_co_independent,78,2,0.08325585871,0.9959383588,0.0587781586,103,107,103,105,103,84.09859648,0.5385573816,0.5986960502,0.02333523051,0.002276607854,0
star_co_plus_hi_ctl49,78,1,-0.06922088953,0.9930402364,0.05904178201,103,103,106,104,105,0.09718861656,0.407335747,3.227077735,0.02333523051,0.002276607854,0
star_co_plus_hi_ctl49,78,2,0.08860177121,0.9959383588,0.0587781586,103,107,103,105,103,84.09859648,0.5385573816,0.5986960502,0.02333523051,0.002276607854,0
star_only,79,1,-0.1265857649,0.9506161778,0.03876700018,100,100,108,103,107,-18.26532758,0.2144350731,21.58959393,0,0,0
star_only,79,2,0.08909725512,0.8937923687,0.03156352679,103,104,106,103,105,81.12949142,0.5753122812,3.567801117,0,0,0
co_independent_only,79,1,-0.04368822193,0.9941338315,0.04275017603,103,103,107,103,105,3.324266351,0.3059391657,0,0,0.001707455891,0
co_independent_only,79,2,0.08819862977,0.9870676417,0.03987086278,104,106,104,104,104,84.69729254,0.5406907208,0,0,0.001707455891,0
star_plus_co_independent,79,1,-0.1222745967,0.9506161778,0.03876700018,100,100,108,103,107,-18.26532758,0.2144350731,21.58959393,0,0.001707455891,0
star_plus_co_independent,79,2,0.08581839551,0.8937923687,0.03156352679,103,104,106,103,105,81.12949142,0.5753122812,3.567801117,0,0.001707455891,0
star_co_plus_hi_ctl49,79,1,-0.1250082456,0.9506161778,0.03876700018,100,100,108,103,107,-18.26532758,0.2144350731,21.58959393,0,0.001707455891,0
star_co_plus_hi_ctl49,79,2,0.08757473065,0.8937923687,0.03156352679,103,104,106,103,105,81.12949142,0.5753122812,3.567801117,0,0.001707455891,0
star_only,80,1,-0.06427881195,0.9999982421,0.07358248799,102,103,108,105,102,10.4185288,0.4204326673,7.094262445,0.02675014229,0,0
star_only,80,2,0.1119105094,0.998628882,0.06133751323,103,107,104,104,103,86.7027375,0.5638517387,2.005444969,0.02675014229,0,0
co_independent_only,80,1,-0.05004400027,0.9941338315,0.04275017603,103,103,107,103,105,3.324266351,0.3059391657,0,0,0.01365964713,0
co_independent_only,80,2,0.09585695057,0.9870676417,0.03987086278,104,106,104,104,104,84.69729254,0.5406907208,0,0,0.01365964713,0
star_plus_co_independent,80,1,-0.0712463057,0.9999982421,0.07358248799,102,103,108,105,102,10.4185288,0.4204326673,7.094262445,0.02675014229,0.01365964713,0
star_plus_co_independent,80,2,0.1162875532,0.998628882,0.06133751323,103,107,104,104,103,86.7027375,0.5638517387,2.005444969,0.02675014229,0.01365964713,0
star_co_plus_hi_ctl49,80,1,-0.06508355177,0.9999982421,0.07358248799,102,103,108,105,102,10.4185288,0.4204326673,7.094262445,0.02675014229,0.01365964713,0
star_co_plus_hi_ctl49,80,2,0.1113632959,0.998628882,0.06133751323,103,107,104,104,103,86.7027375,0.5638517387,2.005444969,0.02675014229,0.01365964713,0
star_only,81,1,-0.04168737895,0.995581561,0.04394135152,103,103,107,103,105,3.088829456,0.3396348134,0.2354368956,0,0,0
star_only,81,2,0.08532051863,0.9919447288,0.03863910519,103,107,104,104,103,83.75720162,0.5017445033,0.9400909174,0,0,0
co_independent_only,81,1,-0.03928593418,0.9941338315,0.04275017603,103,103,107,103,105,3.324266351,0.3059391657,0,0,0.003414911781,0
co_independent_only,81,2,0.08826613722,0.9870676417,0.03987086278,104,106,104,104,104,84.69729254,0.5406907208,0,0,0.003414911781,0
star_plus_co_independent,81,1,-0.03755058804,0.995581561,0.04394135152,103,103,107,103,105,3.088829456,0.3396348134,0.2354368956,0,0.003414911781,0
star_plus_co_independent,81,2,0.08233442714,0.9919447288,0.03863910519,103,107,104,104,103,83.75720162,0.5017445033,0.9400909174,0,0.003414911781,0
star_co_plus_hi_ctl49,81,1,-0.04251045852,0.995581561,0.04394135152,103,103,107,103,105,3.088829456,0.3396348134,0.2354368956,0,0.003414911781,0
star_co_plus_hi_ctl49,81,2,0.08311076993,0.9919447288,0.03863910519,103,107,104,104,103,83.75720162,0.5017445033,0.9400909174,0,0.003414911781,0
star_only,82,1,0.02289056519,0.9950038463,0.05127490481,104,104,106,104,104,12.97265145,0.2593002221,9.648385099,0,0,0
star_only,82,2,0.07641570939,0.9955716493,0.03265305934,103,107,103,105,103,84.06262317,0.5234430014,0.6346693647,0,0,0
co_independent_only,82,1,-0.04402374666,0.9941338315,0.04275017603,103,103,107,103,105,3.324266351,0.3059391657,0,0,0.001707455891,0
co_independent_only,82,2,0.09170683922,0.9870676417,0.03987086278,104,106,104,104,104,84.69729254,0.5406907208,0,0,0.001707455891,0
star_plus_co_independent,82,1,0.02359529123,0.9950038463,0.05127490481,104,104,106,104,104,12.97265145,0.2593002221,9.648385099,0,0.001707455891,0
star_plus_co_independent,82,2,0.07673199416,0.9955716493,0.03265305934,103,107,103,105,103,84.06262317,0.5234430014,0.6346693647,0,0.001707455891,0
star_co_plus_hi_ctl49,82,1,0.01394485823,0.9950038463,0.05127490481,104,104,106,104,104,12.97265145,0.2593002221,9.648385099,0,0.001707455891,0
star_co_plus_hi_ctl49,82,2,0.08321798529,0.9955716493,0.03265305934,103,107,103,105,103,84.06262317,0.5234430014,0.6346693647,0,0.001707455891,0
star_only,83,1,-0.1044259708,0.9640580433,0.04835938486,102,102,108,104,104,-6.929657551,0.3667791363,10.2539239,0,0,0
star_only,83,2,0.09417400793,0.9662505886,0.05030117227,102,106,105,105,102,84.94917311,0.5539880444,0.2518805798,0,0,0
co_independent_only,83,1,-0.04591806745,0.9941338315,0.04275017603,103,103,107,103,105,3.324266351,0.3059391657,0,0,0,0
co_independent_only,83,2,0.09513537823,0.9870676417,0.03987086278,104,106,104,104,104,84.69729254,0.5406907208,0,0,0,0
star_plus_co_independent,83,1,-0.1085278157,0.9640580433,0.04835938486,102,102,108,104,104,-6.929657551,0.3667791363,10.2539239,0,0,0
star_plus_co_independent,83,2,0.09787382131,0.9662505886,0.05030117227,102,106,105,105,102,84.94917311,0.5539880444,0.2518805798,0,0,0
star_co_plus_hi_ctl49,83,1,-0.1004283342,0.9640580433,0.04835938486,102,102,108,104,104,-6.929657551,0.3667791363,10.2539239,0,0,0
star_co_plus_hi_ctl49,83,2,0.09092712617,0.9662505886,0.05030117227,102,106,105,105,102,84.94917311,0.5539880444,0.2518805798,0,0,0
star_only,84,1,-0.02730020492,0.9965035222,0.06641173916,103,103,107,103,105,12.49575511,0.4224580812,9.171488754,0.005691519636,0,0
star_only,84,2,0.0943720936,0.9823103038,0.05407939239,103,107,104,104,103,84.33584137,0.5105073331,0.3614511681,0.005691519636,0,0
co_independent_only,84,1,-0.03885966856,0.9941338315,0.04275017603,103,103,107,103,105,3.324266351,0.3059391657,0,0,0,0
co_independent_only,84,2,0.08757576581,0.9870676417,0.03987086278,104,106,104,104,104,84.69729254,0.5406907208,0,0,0,0
star_plus_co_independent,84,1,-0.0222804639,0.9965035222,0.06641173916,103,103,107,103,105,12.49575511,0.4224580812,9.171488754,0.005691519636,0,0
star_plus_co_independent,84,2,0.09076503513,0.9823103038,0.05407939239,103,107,104,104,103,84.33584137,0.5105073331,0.3614511681,0.005691519636,0,0
star_co_plus_hi_ctl49,84,1,-0.01895718053,0.9965035222,0.06641173916,103,103,107,103,105,12.49575511,0.4224580812,9.171488754,0.005691519636,0,0
star_co_plus_hi_ctl49,84,2,0.09153455872,0.9823103038,0.05407939239,103,107,104,104,103,84.33584137,0.5105073331,0.3614511681,0.005691519636,0,0
star_only,85,1,-0.09584960499,0.9335531854,0.02948836478,103,104,106,105,103,-2.214546847,0.2623582095,5.538813199,0,0,0
star_only,85,2,0.1007378405,0.9378856512,0.03042030594,103,107,104,104,103,85.82086331,0.566850213,1.12357077,0,0,0
co_independent_only,85,1,-0.04379440015,0.9941338315,0.04275017603,103,103,107,103,105,3.324266351,0.3059391657,0,0,0,0
co_independent_only,85,2,0.09569610353,0.9870676417,0.03987086278,104,106,104,104,104,84.69729254,0.5406907208,0,0,0,0
star_plus_co_independent,85,1,-0.1000220136,0.9335531854,0.02948836478,103,104,106,105,103,-2.214546847,0.2623582095,5.538813199,0,0,0
star_plus_co_independent,85,2,0.1052576684,0.9378856512,0.03042030594,103,107,104,104,103,85.82086331,0.566850213,1.12357077,0,0,0
star_co_plus_hi_ctl49,85,1,-0.100438263,0.9335531854,0.02948836478,103,104,106,105,103,-2.214546847,0.2623582095,5.538813199,0,0,0
star_co_plus_hi_ctl49,85,2,0.1056632103,0.9378856512,0.03042030594,103,107,104,104,103,85.82086331,0.566850213,1.12357077,0,0,0
star_only,86,1,-0.07353254488,0.9844579615,0.05296399167,103,104,106,105,103,-2.179580461,0.3923188034,5.503846813,0,0,0
star_only,86,2,0.08966119563,0.9840062455,0.05208582754,102,107,105,104,102,82.89949636,0.5027660652,1.797796171,0,0,0
co_independent_only,86,1,-0.04293158659,0.9941338315,0.04275017603,103,103,107,103,105,3.324266351,0.3059391657,0,0,0,0
co_independent_only,86,2,0.0913732944,0.9870676417,0.03987086278,104,106,104,104,104,84.69729254,0.5406907208,0,0,0,0
star_plus_co_independent,86,1,-0.07331752678,0.9844579615,0.05296399167,103,104,106,105,103,-2.179580461,0.3923188034,5.503846813,0,0,0
star_plus_co_independent,86,2,0.08980092068,0.9840062455,0.05208582754,102,107,105,104,102,82.89949636,0.5027660652,1.797796171,0,0,0
star_co_plus_hi_ctl49,86,1,-0.06978359862,0.9844579615,0.05296399167,103,104,106,105,103,-2.179580461,0.3923188034,5.503846813,0,0,0
star_co_plus_hi_ctl49,86,2,0.08721790892,0.9840062455,0.05208582754,102,107,105,104,102,82.89949636,0.5027660652,1.797796171,0,0,0
star_only,87,1,0.01438625573,0.9968809427,0.05735004515,103,103,107,103,105,12.43447684,0.2835478549,9.11021049,0,0,0
star_only,87,2,0.08018241118,0.9965740566,0.03726880076,103,107,104,104,103,83.59068214,0.5517092859,1.106610399,0,0,0
co_independent_only,87,1,-0.04310624218,0.9941338315,0.04275017603,103,103,107,103,105,3.324266351,0.3059391657,0,0,0,0
co_independent_only,87,2,0.08849795765,0.9870676417,0.03987086278,104,106,104,104,104,84.69729254,0.5406907208,0,0,0,0
star_plus_co_independent,87,1,0.01289416197,0.9968809427,0.05735004515,103,103,107,103,105,12.43447684,0.2835478549,9.11021049,0,0,0
star_plus_co_independent,87,2,0.07764334033,0.9965740566,0.03726880076,103,107,104,104,103,83.59068214,0.5517092859,1.106610399,0,0,0
star_co_plus_hi_ctl49,87,1,0.01584629265,0.9968809427,0.05735004515,103,103,107,103,105,12.43447684,0.2835478549,9.11021049,0,0,0
star_co_plus_hi_ctl49,87,2,0.07654058679,0.9965740566,0.03726880076,103,107,104,104,103,83.59068214,0.5517092859,1.106610399,0,0,0
star_only,88,1,-0.03700272481,0.9615681602,0.02417571999,103,103,107,104,104,-2.694347385,0.206679131,6.018613736,0,0,0
star_only,88,2,0.05800387288,0.9516543243,0.0243190377,103,106,105,104,103,84.91208859,0.5454561384,0.2147960569,0,0,0
co_independent_only,88,1,-0.03800266101,0.9941338315,0.04275017603,103,103,107,103,105,3.324266351,0.3059391657,0,0,0,0
co_independent_only,88,2,0.08734565359,0.9870676417,0.03987086278,104,106,104,104,104,84.69729254,0.5406907208,0,0,0,0
star_plus_co_independent,88,1,-0.0314185013,0.9615681602,0.02417571999,103,103,107,104,104,-2.694347385,0.206679131,6.018613736,0,0,0
star_plus_co_independent,88,2,0.0528718247,0.9516543243,0.0243190377,103,106,105,104,103,84.91208859,0.5454561384,0.2147960569,0,0,0
star_co_plus_hi_ctl49,88,1,-0.02678181481,0.9615681602,0.02417571999,103,103,107,104,104,-2.694347385,0.206679131,6.018613736,0,0,0
star_co_plus_hi_ctl49,88,2,0.04908884398,0.9516543243,0.0243190377,103,106,105,104,103,84.91208859,0.5454561384,0.2147960569,0,0,0
star_only,89,1,-0.0662839675,0.9988576583,0.05170560327,104,104,105,104,105,7.321203043,0.3759625109,3.996936692,0,0,0
star_only,89,2,0.1082112356,0.9997252039,0.04580557574,103,107,105,103,103,87.44018146,0.5367631967,2.74288892,0,0,0
co_independent_only,89,1,-0.04584189483,0.9941338315,0.04275017603,103,103,107,103,105,3.324266351,0.3059391657,0,0,0.002276607854,0
co_independent_only,89,2,0.09102069734,0.9870676417,0.03987086278,104,106,104,104,104,84.69729254,0.5406907208,0,0,0.002276607854,0
star_plus_co_independent,89,1,-0.06833602873,0.9988576583,0.05170560327,104,104,105,104,105,7.321203043,0.3759625109,3.996936692,0,0.002276607854,0
star_plus_co_independent,89,2,0.1077352564,0.9997252039,0.04580557574,103,107,105,103,103,87.44018146,0.5367631967,2.74288892,0,0.002276607854,0
star_co_plus_hi_ctl49,89,1,-0.06800565473,0.9988576583,0.05170560327,104,104,105,104,105,7.321203043,0.3759625109,3.996936692,0,0.002276607854,0
star_co_plus_hi_ctl49,89,2,0.1073314455,0.9997252039,0.04580557574,103,107,105,103,103,87.44018146,0.5367631967,2.74288892,0,0.002276607854,0
star_only,90,1,-0.04448720164,0.9998893381,0.04446493314,102,102,106,104,106,5.174344219,0.30749375,1.850077868,0.01309049516,0,0
star_only,90,2,0.1018889517,0.9999987287,0.03917236307,104,106,104,104,104,86.28386657,0.5620546811,1.586574038,0.01309049516,0,0
co_independent_only,90,1,-0.04485206477,0.9941338315,0.04275017603,103,103,107,103,105,3.324266351,0.3059391657,0,0,0.0005691519636,0
co_independent_only,90,2,0.09207175907,0.9870676417,0.03987086278,104,106,104,104,104,84.69729254,0.5406907208,0,0,0.0005691519636,0
star_plus_co_independent,90,1,-0.04593604822,0.9998893381,0.04446493314,102,102,106,104,106,5.174344219,0.30749375,1.850077868,0.01309049516,0.0005691519636,0
star_plus_co_independent,90,2,0.1027374387,0.9999987287,0.03917236307,104,106,104,104,104,86.28386657,0.5620546811,1.586574038,0.01309049516,0.0005691519636,0
star_co_plus_hi_ctl49,90,1,-0.04728394774,0.9998893381,0.04446493314,102,102,106,104,106,5.174344219,0.30749375,1.850077868,0.01309049516,0.0005691519636,0
star_co_plus_hi_ctl49,90,2,0.1049921962,0.9999987287,0.03917236307,104,106,104,104,104,86.28386657,0.5620546811,1.586574038,0.01309049516,0.0005691519636,0
star_only,91,1,0.002168259668,0.9974505769,0.06313682965,104,104,105,104,105,19.09928487,0.3383215814,15.77501852,0.001138303927,0,0
star_only,91,2,0.1034240008,0.9803476339,0.03801885985,103,107,105,103,103,87.46961403,0.52841073,2.772321492,0.001138303927,0,0
co_independent_only,91,1,-0.04787138518,0.9941338315,0.04275017603,103,103,107,103,105,3.324266351,0.3059391657,0,0,0.006829823563,0
co_independent_only,91,2,0.09294630373,0.9870676417,0.03987086278,104,106,104,104,104,84.69729254,0.5406907208,0,0,0.006829823563,0
star_plus_co_independent,91,1,-0.004458979578,0.9974505769,0.06313682965,104,104,105,104,105,19.09928487,0.3383215814,15.77501852,0.001138303927,0.006829823563,0
star_plus_co_independent,91,2,0.10541757,0.9803476339,0.03801885985,103,107,105,103,103,87.46961403,0.52841073,2.772321492,0.001138303927,0.006829823563,0
star_co_plus_hi_ctl49,91,1,-0.005964530445,0.9974505769,0.06313682965,104,104,105,104,105,19.09928487,0.3383215814,15.77501852,0.001138303927,0.006829823563,0
star_co_plus_hi_ctl49,91,2,0.107816467,0.9803476339,0.03801885985,103,107,105,103,103,87.46961403,0.52841073,2.772321492,0.001138303927,0.006829823563,0
star_only,92,1,0.06898105886,0.9999925175,0.05118329484,103,103,106,105,104,20.59299991,0.205127918,17.26873356,0,0,0
star_only,92,2,0.05188504383,0.9921152926,0.01999203269,102,104,107,102,105,81.4285449,0.5153337037,3.268747638,0,0,0
co_independent_only,92,1,-0.03268931077,0.9941338315,0.04275017603,103,103,107,103,105,3.324266351,0.3059391657,0,0,0.001138303927,0
co_independent_only,92,2,0.07948069314,0.9870676417,0.03987086278,104,106,104,104,104,84.69729254,0.5406907208,0,0,0.001138303927,0
star_plus_co_independent,92,1,0.07512636983,0.9999925175,0.05118329484,103,103,106,105,104,20.59299991,0.205127918,17.26873356,0,0.001138303927,0
star_plus_co_independent,92,2,0.03995353125,0.9921152926,0.01999203269,102,104,107,102,105,81.4285449,0.5153337037,3.268747638,0,0.001138303927,0
star_co_plus_hi_ctl49,92,1,0.07711254962,0.9999925175,0.05118329484,103,103,106,105,104,20.59299991,0.205127918,17.26873356,0,0.001138303927,0
star_co_plus_hi_ctl49,92,2,0.03917001209,0.9921152926,0.01999203269,102,104,107,102,105,81.4285449,0.5153337037,3.268747638,0,0.001138303927,0
star_only,93,1,0.0002067346013,0.998718268,0.05269869524,104,104,105,104,105,9.09170144,0.2784231874,5.767435089,0.02105862265,0,0
star_only,93,2,0.08906151786,0.9981725024,0.03718075458,103,105,106,104,103,82.12962274,0.5505833409,2.5676698,0.02105862265,0,0
co_independent_only,93,1,-0.05107612932,0.9941338315,0.04275017603,103,103,107,103,105,3.324266351,0.3059391657,0,0,0.001138303927,0
co_independent_only,93,2,0.09561217172,0.9870676417,0.03987086278,104,106,104,104,104,84.69729254,0.5406907208,0,0,0.001138303927,0
star_plus_co_independent,93,1,-0.008824858359,0.998718268,0.05269869524,104,104,105,104,105,9.09170144,0.2784231874,5.767435089,0.02105862265,0.001138303927,0
star_plus_co_independent,93,2,0.09252509659,0.9981725024,0.03718075458,103,105,106,104,103,82.12962274,0.5505833409,2.5676698,0.02105862265,0.001138303927,0
star_co_plus_hi_ctl49,93,1,-0.001616049421,0.998718268,0.05269869524,104,104,105,104,105,9.09170144,0.2784231874,5.767435089,0.02105862265,0.001138303927,0
star_co_plus_hi_ctl49,93,2,0.09036873465,0.9981725024,0.03718075458,103,105,106,104,103,82.12962274,0.5505833409,2.5676698,0.02105862265,0.001138303927,0
star_only,94,1,0.07892982564,0.9982920501,0.09431355701,103,103,106,104,105,32.40111123,0.2602033801,29.07684488,0.05008537279,0,0
star_only,94,2,0.08792654129,0.9847158803,0.03764164599,103,106,105,104,103,84.94203012,0.5917873727,0.2447375813,0.05008537279,0,0
co_independent_only,94,1,-0.04047316186,0.9941338315,0.04275017603,103,103,107,103,105,3.324266351,0.3059391657,0,0,0,0
co_independent_only,94,2,0.09134041116,0.9870676417,0.03987086278,104,106,104,104,104,84.69729254,0.5406907208,0,0,0,0
star_plus_co_independent,94,1,0.08126337727,0.9982920501,0.09431355701,103,103,106,104,105,32.40111123,0.2602033801,29.07684488,0.05008537279,0,0
star_plus_co_independent,94,2,0.08777788434,0.9847158803,0.03764164599,103,106,105,104,103,84.94203012,0.5917873727,0.2447375813,0.05008537279,0,0
star_co_plus_hi_ctl49,94,1,0.0804445052,0.9982920501,0.09431355701,103,103,106,104,105,32.40111123,0.2602033801,29.07684488,0.05008537279,0,0
star_co_plus_hi_ctl49,94,2,0.08948963622,0.9847158803,0.03764164599,103,106,105,104,103,84.94203012,0.5917873727,0.2447375813,0.05008537279,0,0
star_only,95,1,-0.07247452361,0.9998528994,0.05824723321,103,103,106,104,105,8.547105068,0.3883499723,5.222838717,0.01195219124,0,0
star_only,95,2,0.1109269737,0.9996273751,0.05362931045,103,107,104,104,103,87.32015677,0.4955796517,2.622864236,0.01195219124,0,0
co_independent_only,95,1,-0.0440149482,0.9941338315,0.04275017603,103,103,107,103,105,3.324266351,0.3059391657,0,0,0,0
co_independent_only,95,2,0.09246659069,0.9870676417,0.03987086278,104,106,104,104,104,84.69729254,0.5406907208,0,0,0,0
star_plus_co_independent,95,1,-0.07329582582,0.9998528994,0.05824723321,103,103,106,104,105,8.547105068,0.3883499723,5.222838717,0.01195219124,0,0
star_plus_co_independent,95,2,0.112244181,0.9996273751,0.05362931045,103,107,104,104,103,87.32015677,0.4955796517,2.622864236,0.01195219124,0,0
star_co_plus_hi_ctl49,95,1,-0.07128206616,0.9998528994,0.05824723321,103,103,106,104,105,8.547105068,0.3883499723,5.222838717,0.01195219124,0,0
star_co_plus_hi_ctl49,95,2,0.1084005475,0.9996273751,0.05362931045,103,107,104,104,103,87.32015677,0.4955796517,2.622864236,0.01195219124,0,0
star_only,96,1,-0.07134594615,0.9997078861,0.05517310937,102,102,107,103,106,3.648106824,0.4053217041,0.3238404722,0,0,0
star_only,96,2,0.10272007,0.9994114362,0.05351690668,103,106,104,105,103,85.40322306,0.547083823,0.7059305212,0,0,0
co_independent_only,96,1,-0.042729192,0.9941338315,0.04275017603,103,103,107,103,105,3.324266351,0.3059391657,0,0,0,0
co_independent_only,96,2,0.09268465779,0.9870676417,0.03987086278,104,106,104,104,104,84.69729254,0.5406907208,0,0,0,0
star_plus_co_independent,96,1,-0.07198537291,0.9997078861,0.05517310937,102,102,107,103,106,3.648106824,0.4053217041,0.3238404722,0,0,0
star_plus_co_independent,96,2,0.104649298,0.9994114362,0.05351690668,103,106,104,105,103,85.40322306,0.547083823,0.7059305212,0,0,0
star_co_plus_hi_ctl49,96,1,-0.06940347125,0.9997078861,0.05517310937,102,102,107,103,106,3.648106824,0.4053217041,0.3238404722,0,0,0
star_co_plus_hi_ctl49,96,2,0.09966311438,0.9994114362,0.05351690668,103,106,104,105,103,85.40322306,0.547083823,0.7059305212,0,0,0
star_only,97,1,-0.1070036392,0.995817361,0.04998970965,103,103,106,104,105,-0.5948397351,0.3998197106,3.919106086,0,0,0
star_only,97,2,0.1140568042,0.9961406788,0.04806309027,103,106,105,104,103,87.87261586,0.5274257678,3.175323328,0,0,0
co_independent_only,97,1,-0.04162895392,0.9941338315,0.04275017603,103,103,107,103,105,3.324266351,0.3059391657,0,0,0,0
co_independent_only,97,2,0.09019457224,0.9870676417,0.03987086278,104,106,104,104,104,84.69729254,0.5406907208,0,0,0,0
star_plus_co_independent,97,1,-0.1063143333,0.995817361,0.04998970965,103,103,106,104,105,-0.5948397351,0.3998197106,3.919106086,0,0,0
star_plus_co_independent,97,2,0.1139609443,0.9961406788,0.04806309027,103,106,105,104,103,87.87261586,0.5274257678,3.175323328,0,0,0
star_co_plus_hi_ctl49,97,1,-0.1090615243,0.995817361,0.04998970965,103,103,106,104,105,-0.5948397351,0.3998197106,3.919106086,0,0,0
star_co_plus_hi_ctl49,97,2,0.115927711,0.9961406788,0.04806309027,103,106,105,104,103,87.87261586,0.5274257678,3.175323328,0,0,0
star_only,98,1,-0.03318757196,0.9950059059,0.04470484969,104,104,105,104,105,0.3814389012,0.3066314864,2.94282745,0,0,0
star_only,98,2,0.08538863652,0.9924330608,0.03905691595,102,105,106,102,105,81.9290392,0.5494970546,2.768253333,0,0,0
co_independent_only,98,1,-0.04014644046,0.9941338315,0.04275017603,103,103,107,103,105,3.324266351,0.3059391657,0,0,0.002845759818,0
co_independent_only,98,2,0.0916679922,0.9870676417,0.03987086278,104,106,104,104,104,84.69729254,0.5406907208,0,0,0.002845759818,0
star_plus_co_independent,98,1,-0.03002667894,0.9950059059,0.04470484969,104,104,105,104,105,0.3814389012,0.3066314864,2.94282745,0,0.002845759818,0
star_plus_co_independent,98,2,0.08696893983,0.9924330608,0.03905691595,102,105,106,102,105,81.9290392,0.5494970546,2.768253333,0,0.002845759818,0
star_co_plus_hi_ctl49,98,1,-0.02445747101,0.9950059059,0.04470484969,104,104,105,104,105,0.3814389012,0.3066314864,2.94282745,0,0.002845759818,0
star_co_plus_hi_ctl49,98,2,0.08526090707,0.9924330608,0.03905691595,102,105,106,102,105,81.9290392,0.5494970546,2.768253333,0,0.002845759818,0
star_only,99,1,-0.02224143771,0.9895991399,0.04104860346,102,102,107,103,106,3.590443693,0.2933296497,0.2661773418,0,0,0
star_only,99,2,0.07216915367,0.9821727811,0.03326599432,103,107,105,103,103,82.3576361,0.5058841409,2.339656434,0,0,0
co_independent_only,99,1,-0.0447806017,0.9941338315,0.04275017603,103,103,107,103,105,3.324266351,0.3059391657,0,0,0.002276607854,0
co_independent_only,99,2,0.09038068572,0.9870676417,0.03987086278,104,106,104,104,104,84.69729254,0.5406907208,0,0,0.002276607854,0
star_plus_co_independent,99,1,-0.0241256592,0.9895991399,0.04104860346,102,102,107,103,106,3.590443693,0.2933296497,0.2661773418,0,0.002276607854,0
star_plus_co_independent,99,2,0.0711448105,0.9821727811,0.03326599432,103,107,105,103,103,82.3576361,0.5058841409,2.339656434,0,0.002276607854,0
star_co_plus_hi_ctl49,99,1,-0.02549003766,0.9895991399,0.04104860346,102,102,107,103,106,3.590443693,0.2933296497,0.2661773418,0,0.002276607854,0
star_co_plus_hi_ctl49,99,2,0.06959602133,0.9821727811,0.03326599432,103,107,105,103,103,82.3576361,0.5058841409,2.339656434,0,0.002276607854,0
star_only,100,1,-0.04046030789,0.9925716036,0.04002838207,102,102,107,104,105,-0.03498022166,0.3248715456,3.359246573,0,0,0
star_only,100,2,0.07877554514,0.9890605639,0.03568452625,102,108,104,104,102,83.2769981,0.515571166,1.420294439,0,0,0
co_independent_only,100,1,-0.03912504679,0.9941338315,0.04275017603,103,103,107,103,105,3.324266351,0.3059391657,0,0,0,0
co_independent_only,100,2,0.08697014365,0.9870676417,0.03987086278,104,106,104,104,104,84.69729254,0.5406907208,0,0,0,0
star_plus_co_independent,100,1,-0.03595198357,0.9925716036,0.04002838207,102,102,107,104,105,-0.03498022166,0.3248715456,3.359246573,0,0,0
star_plus_co_independent,100,2,0.07439925274,0.9890605639,0.03568452625,102,108,104,104,102,83.2769981,0.515571166,1.420294439,0,0,0
star_co_plus_hi_ctl49,100,1,-0.03636785435,0.9925716036,0.04002838207,102,102,107,104,105,-0.03498022166,0.3248715456,3.359246573,0,0,0
star_co_plus_hi_ctl49,100,2,0.07572350108,0.9890605639,0.03568452625,102,108,104,104,102,83.2769981,0.515571166,1.420294439,0,0,0
star_only,101,1,-0.05915342297,0.9962518637,0.05926984683,102,102,105,104,107,0.6350795865,0.3821649788,2.689186765,0.03187250996,0,0
star_only,101,2,0.09028619978,0.9983215164,0.05407421319,103,107,105,103,103,82.87084691,0.5645398436,1.826445625,0.03187250996,0,0
co_independent_only,101,1,-0.03858044194,0.9941338315,0.04275017603,103,103,107,103,105,3.324266351,0.3059391657,0,0,0.009675583381,0
co_independent_only,101,2,0.09278490705,0.9870676417,0.03987086278,104,106,104,104,104,84.69729254,0.5406907208,0,0,0.009675583381,0
star_plus_co_independent,101,1,-0.0560745919,0.9962518637,0.05926984683,102,102,105,104,107,0.6350795865,0.3821649788,2.689186765,0.03187250996,0.009675583381,0
star_plus_co_independent,101,2,0.09236324864,0.9983215164,0.05407421319,103,107,105,103,103,82.87084691,0.5645398436,1.826445625,0.03187250996,0.009675583381,0
star_co_plus_hi_ctl49,101,1,-0.05826748493,0.9962518637,0.05926984683,102,102,105,104,107,0.6350795865,0.3821649788,2.689186765,0.03187250996,0.009675583381,0
star_co_plus_hi_ctl49,101,2,0.09515663485,0.9983215164,0.05407421319,103,107,105,103,103,82.87084691,0.5645398436,1.826445625,0.03187250996,0.009675583381,0
star_only,102,1,-0.08422438876,0.9986933673,0.04277762353,102,102,106,104,106,5.266217253,0.3735383113,1.941950902,0,0,0
star_only,102,2,0.1137954447,0.9998840338,0.0397652602,103,106,105,104,103,86.58354495,0.4932929276,1.886252411,0,0,0
co_independent_only,102,1,-0.04923572996,0.9941338315,0.04275017603,103,103,107,103,105,3.324266351,0.3059391657,0,0,0.003414911781,0
co_independent_only,102,2,0.09658188786,0.9870676417,0.03987086278,104,106,104,104,104,84.69729254,0.5406907208,0,0,0.003414911781,0
star_plus_co_independent,102,1,-0.08917942409,0.9986933673,0.04277762353,102,102,106,104,106,5.266217253,0.3735383113,1.941950902,0,0.003414911781,0
star_plus_co_independent,102,2,0.1185034329,0.9998840338,0.0397652602,103,106,105,104,103,86.58354495,0.4932929276,1.886252411,0,0.003414911781,0
star_co_plus_hi_ctl49,102,1,-0.09606054733,0.9986933673,0.04277762353,102,102,106,104,106,5.266217253,0.3735383113,1.941950902,0,0.003414911781,0
star_co_plus_hi_ctl49,102,2,0.1243067018,0.9998840338,0.0397652602,103,106,105,104,103,86.58354495,0.4932929276,1.886252411,0,0.003414911781,0
star_only,103,1,-0.02509705757,0.9863509327,0.03146343371,103,103,106,104,105,7.977854268,0.2633775424,4.653587917,0,0,0
star_only,103,2,0.1138239371,0.9875776789,0.02394282282,103,106,105,104,103,87.9174484,0.5545914133,3.22015586,0,0,0
co_independent_only,103,1,-0.04424192099,0.9941338315,0.04275017603,103,103,107,103,105,3.324266351,0.3059391657,0,0,0.0005691519636,0
co_independent_only,103,2,0.09324432213,0.9870676417,0.03987086278,104,106,104,104,104,84.69729254,0.5406907208,0,0,0.0005691519636,0
star_plus_co_independent,103,1,-0.02542427163,0.9863509327,0.03146343371,103,103,106,104,105,7.977854268,0.2633775424,4.653587917,0,0.0005691519636,0
star_plus_co_independent,103,2,0.1160328139,0.9875776789,0.02394282282,103,106,105,104,103,87.9174484,0.5545914133,3.22015586,0,0.0005691519636,0
star_co_plus_hi_ctl49,103,1,-0.02275297275,0.9863509327,0.03146343371,103,103,106,104,105,7.977854268,0.2633775424,4.653587917,0,0.0005691519636,0
star_co_plus_hi_ctl49,103,2,0.1143883824,0.9875776789,0.02394282282,103,106,105,104,103,87.9174484,0.5545914133,3.22015586,0,0.0005691519636,0
star_only,104,1,-0.06345644443,0.9838601977,0.04244492232,103,103,107,105,103,-2.499673458,0.2947331902,5.823939809,0.04723961298,0,0
star_only,104,2,0.0935493525,0.9766429209,0.0411550865,102,108,104,104,102,83.25100419,0.569876793,1.446288347,0.04723961298,0,0
co_independent_only,104,1,-0.04114442284,0.9941338315,0.04275017603,103,103,107,103,105,3.324266351,0.3059391657,0,0,0,0
co_independent_only,104,2,0.09028224295,0.9870676417,0.03987086278,104,106,104,104,104,84.69729254,0.5406907208,0,0,0,0
star_plus_co_independent,104,1,-0.06194828602,0.9838601977,0.04244492232,103,103,107,105,103,-2.499673458,0.2947331902,5.823939809,0.04723961298,0,0
star_plus_co_independent,104,2,0.09317113958,0.9766429209,0.0411550865,102,108,104,104,102,83.25100419,0.569876793,1.446288347,0.04723961298,0,0
star_co_plus_hi_ctl49,104,1,-0.06578418721,0.9838601977,0.04244492232,103,103,107,105,103,-2.499673458,0.2947331902,5.823939809,0.04723961298,0,0
star_co_plus_hi_ctl49,104,2,0.0957189238,0.9766429209,0.0411550865,102,108,104,104,102,83.25100419,0.569876793,1.446288347,0.04723961298,0,0
star_only,105,1,-0.08415013638,0.9750735182,0.04781446255,103,103,107,105,103,-2.394638119,0.3745918978,5.71890447,0.009106431417,0,0
star_only,105,2,0.09433539386,0.9662137899,0.04966560618,104,106,104,104,104,84.52029628,0.5132308845,0.1769962508,0.009106431417,0,0
co_independent_only,105,1,-0.04709536481,0.9941338315,0.04275017603,103,103,107,103,105,3.324266351,0.3059391657,0,0,0.004553215709,0
co_independent_only,105,2,0.09542560685,0.9870676417,0.03987086278,104,106,104,104,104,84.69729254,0.5406907208,0,0,0.004553215709,0
star_plus_co_independent,105,1,-0.08813779223,0.9750735182,0.04781446255,103,103,107,105,103,-2.394638119,0.3745918978,5.71890447,0.009106431417,0.004553215709,0
star_plus_co_independent,105,2,0.09847625018,0.9662137899,0.04966560618,104,106,104,104,104,84.52029628,0.5132308845,0.1769962508,0.009106431417,0.004553215709,0
star_co_plus_hi_ctl49,105,1,-0.08743525904,0.9750735182,0.04781446255,103,103,107,105,103,-2.394638119,0.3745918978,5.71890447,0.009106431417,0.004553215709,0
star_co_plus_hi_ctl49,105,2,0.09798339534,0.9662137899,0.04966560618,104,106,104,104,104,84.52029628,0.5132308845,0.1769962508,0.009106431417,0.004553215709,0
star_only,106,1,0.002583368163,0.9967976147,0.04814780663,102,102,107,105,104,10.98892637,0.2359514258,7.664660017,0.001707455891,0,0
star_only,106,2,0.08173548744,0.9799480956,0.03170734601,103,106,105,104,103,84.86332268,0.5146535996,0.1660301489,0.001707455891,0,0
co_independent_only,106,1,-0.04458952911,0.9941338315,0.04275017603,103,103,107,103,105,3.324266351,0.3059391657,0,0,0.009106431417,0
co_independent_only,106,2,0.09703392181,0.9870676417,0.03987086278,104,106,104,104,104,84.69729254,0.5406907208,0,0,0.009106431417,0
star_plus_co_independent,106,1,0.005571680889,0.9967976147,0.04814780663,102,102,107,105,104,10.98892637,0.2359514258,7.664660017,0.001707455891,0.009106431417,0
star_plus_co_independent,106,2,0.08685957541,0.9799480956,0.03170734601,103,106,105,104,103,84.86332268,0.5146535996,0.1660301489,0.001707455891,0.009106431417,0
star_co_plus_hi_ctl49,106,1,0.004382515526,0.9967976147,0.04814780663,102,102,107,105,104,10.98892637,0.2359514258,7.664660017,0.001707455891,0.009106431417,0
star_co_plus_hi_ctl49,106,2,0.08464885644,0.9799480956,0.03170734601,103,106,105,104,103,84.86332268,0.5146535996,0.1660301489,0.001707455891,0.009106431417,0
star_only,107,1,0.04571848366,0.991575212,0.05563330549,102,102,107,106,103,26.09133852,0.3065909857,22.76707217,0.001138303927,0,0
star_only,107,2,0.1314301879,0.9227493908,0.0314890997,104,106,104,104,104,89.07378129,0.564612434,4.376488751,0.001138303927,0,0
co_independent_only,107,1,-0.04359808892,0.9941338315,0.04275017603,103,103,107,103,105,3.324266351,0.3059391657,0,0,0.001138303927,0
co_independent_only,107,2,0.09081823484,0.9870676417,0.03987086278,104,106,104,104,104,84.69729254,0.5406907208,0,0,0.001138303927,0
star_plus_co_independent,107,1,0.04612787149,0.991575212,0.05563330549,102,102,107,106,103,26.09133852,0.3065909857,22.76707217,0.001138303927,0.001138303927,0
star_plus_co_independent,107,2,0.131754782,0.9227493908,0.0314890997,104,106,104,104,104,89.07378129,0.564612434,4.376488751,0.001138303927,0.001138303927,0
star_co_plus_hi_ctl49,107,1,0.0522085305,0.991575212,0.05563330549,102,102,107,106,103,26.09133852,0.3065909857,22.76707217,0.001138303927,0.001138303927,0
star_co_plus_hi_ctl49,107,2,0.1255227946,0.9227493908,0.0314890997,104,106,104,104,104,89.07378129,0.564612434,4.376488751,0.001138303927,0.001138303927,0
star_only,108,1,-0.08448165144,0.9999168702,0.04938520434,102,103,108,105,102,10.44959639,0.3794392265,7.125330039,0,0,0
star_only,108,2,0.1265461767,0.9966581773,0.04468408037,103,106,104,105,103,89.10660155,0.5188216643,4.409309012,0,0,0
co_independent_only,108,1,-0.04618851532,0.9941338315,0.04275017603,103,103,107,103,105,3.324266351,0.3059391657,0,0,0.00796812749,0
co_independent_only,108,2,0.09369959405,0.9870676417,0.03987086278,104,106,104,104,104,84.69729254,0.5406907208,0,0,0.00796812749,0
star_plus_co_independent,108,1,-0.0867916154,0.9999168702,0.04938520434,102,103,108,105,102,10.44959639,0.3794392265,7.125330039,0,0.00796812749,0
star_plus_co_independent,108,2,0.1284439134,0.9966581773,0.04468408037,103,106,104,105,103,89.10660155,0.5188216643,4.409309012,0,0.00796812749,0
star_co_plus_hi_ctl49,108,1,-0.0876096128,0.9999168702,0.04938520434,102,103,108,105,102,10.44959639,0.3794392265,7.125330039,0,0.00796812749,0
star_co_plus_hi_ctl49,108,2,0.1269611555,0.9966581773,0.04468408037,103,106,104,105,103,89.10660155,0.5188216643,4.409309012,0,0.00796812749,0
star_only,109,1,-0.1239643549,0.9314741061,0.02748980236,103,103,106,104,105,-6.121313849,0.2202615592,9.445580201,0,0,0
star_only,109,2,0.09751077628,0.923767454,0.0255651385,103,107,105,103,103,87.4135739,0.5431815739,2.716281364,0,0,0
co_independent_only,109,1,-0.04309957792,0.9941338315,0.04275017603,103,103,107,103,105,3.324266351,0.3059391657,0,0,0,0
co_independent_only,109,2,0.08896639528,0.9870676417,0.03987086278,104,106,104,104,104,84.69729254,0.5406907208,0,0,0,0
star_plus_co_independent,109,1,-0.1210621382,0.9314741061,0.02748980236,103,103,106,104,105,-6.121313849,0.2202615592,9.445580201,0,0,0
star_plus_co_independent,109,2,0.09541591729,0.923767454,0.0255651385,103,107,105,103,103,87.4135739,0.5431815739,2.716281364,0,0,0
star_co_plus_hi_ctl49,109,1,-0.1196489163,0.9314741061,0.02748980236,103,103,106,104,105,-6.121313849,0.2202615592,9.445580201,0,0,0
star_co_plus_hi_ctl49,109,2,0.09428648182,0.923767454,0.0255651385,103,107,105,103,103,87.4135739,0.5431815739,2.716281364,0,0,0
star_only,110,1,0.009276214565,0.9965127431,0.03666111673,104,104,105,104,105,7.281244804,0.1802820393,3.956978453,0,0,0
star_only,110,2,0.09070328774,0.9856862109,0.02688628662,103,106,104,105,103,85.32684964,0.5439258934,0.6295571082,0,0,0
co_independent_only,110,1,-0.04375637251,0.9941338315,0.04275017603,103,103,107,103,105,3.324266351,0.3059391657,0,0,0.003414911781,0
co_independent_only,110,2,0.08865084334,0.9870676417,0.03987086278,104,106,104,104,104,84.69729254,0.5406907208,0,0,0.003414911781,0
star_plus_co_independent,110,1,0.006542850828,0.9965127431,0.03666111673,104,104,105,104,105,7.281244804,0.1802820393,3.956978453,0,0.003414911781,0
star_plus_co_independent,110,2,0.08821778941,0.9856862109,0.02688628662,103,106,104,105,103,85.32684964,0.5439258934,0.6295571082,0,0.003414911781,0
star_co_plus_hi_ctl49,110,1,0.003852040871,0.9965127431,0.03666111673,104,104,105,104,105,7.281244804,0.1802820393,3.956978453,0,0.003414911781,0
star_co_plus_hi_ctl49,110,2,0.08867393236,0.9856862109,0.02688628662,103,106,104,105,103,85.32684964,0.5439258934,0.6295571082,0,0.003414911781,0
star_only,111,1,0.02583551484,0.9969129908,0.04360021993,103,103,106,104,105,13.45265555,0.2392299602,10.1283892,0,0,0
star_only,111,2,0.08796593083,0.9989844826,0.02919620143,104,106,104,104,104,84.45003395,0.5406922429,0.2472585854,0,0,0
co_independent_only,111,1,-0.04440596826,0.9941338315,0.04275017603,103,103,107,103,105,3.324266351,0.3059391657,0,0,0.006829823563,0
co_independent_only,111,2,0.0938945421,0.9870676417,0.03987086278,104,106,104,104,104,84.69729254,0.5406907208,0,0,0.006829823563,0
star_plus_co_independent,111,1,0.02644742678,0.9969129908,0.04360021993,103,103,106,104,105,13.45265555,0.2392299602,10.1283892,0,0.006829823563,0
star_plus_co_independent,111,2,0.09050923153,0.9989844826,0.02919620143,104,106,104,104,104,84.45003395,0.5406922429,0.2472585854,0,0.006829823563,0
star_co_plus_hi_ctl49,111,1,0.03056508944,0.9969129908,0.04360021993,103,103,106,104,105,13.45265555,0.2392299602,10.1283892,0,0.006829823563,0
star_co_plus_hi_ctl49,111,2,0.09067862168,0.9989844826,0.02919620143,104,106,104,104,104,84.45003395,0.5406922429,0.2472585854,0,0.006829823563,0
star_only,112,1,-0.09951305936,0.9531631221,0.03622600013,102,102,106,105,105,-5.027116693,0.3367678139,8.351383044,0,0,0
star_only,112,2,0.09179994083,0.9581954216,0.03557504593,103,106,105,104,103,86.41226738,0.5133110717,1.714974847,0,0,0
co_independent_only,112,1,-0.04381637471,0.9941338315,0.04275017603,103,103,107,103,105,3.324266351,0.3059391657,0,0,0.004553215709,0
co_independent_only,112,2,0.092834855,0.9870676417,0.03987086278,104,106,104,104,104,84.69729254,0.5406907208,0,0,0.004553215709,0
star_plus_co_independent,112,1,-0.100855453,0.9531631221,0.03622600013,102,102,106,105,105,-5.027116693,0.3367678139,8.351383044,0,0.004553215709,0
star_plus_co_independent,112,2,0.09302322437,0.9581954216,0.03557504593,103,106,105,104,103,86.41226738,0.5133110717,1.714974847,0,0.004553215709,0
star_co_plus_hi_ctl49,112,1,-0.1069235829,0.9531631221,0.03622600013,102,102,106,105,105,-5.027116693,0.3367678139,8.351383044,0,0.004553215709,0
star_co_plus_hi_ctl49,112,2,0.0988107513,0.9581954216,0.03557504593,103,106,105,104,103,86.41226738,0.5133110717,1.714974847,0,0.004553215709,0
star_only,113,1,-0.0881230201,0.8970662218,0.03330210968,104,104,106,104,104,-5.345832287,0.2531039153,8.670098638,0,0,0
star_only,113,2,0.07932422027,0.9027745668,0.03306040268,103,106,104,105,103,85.25461018,0.5508188907,0.557317649,0,0,0
co_independent_only,113,1,-0.04217357071,0.9941338315,0.04275017603,103,103,107,103,105,3.324266351,0.3059391657,0,0,0.003414911781,0
co_independent_only,113,2,0.09149617298,0.9870676417,0.03987086278,104,106,104,104,104,84.69729254,0.5406907208,0,0,0.003414911781,0
star_plus_co_independent,113,1,-0.08831742098,0.8970662218,0.03330210968,104,104,106,104,104,-5.345832287,0.2531039153,8.670098638,0,0.003414911781,0
star_plus_co_independent,113,2,0.07932417361,0.9027745668,0.03306040268,103,106,104,105,103,85.25461018,0.5508188907,0.557317649,0,0.003414911781,0
star_co_plus_hi_ctl49,113,1,-0.08833437513,0.8970662218,0.03330210968,104,104,106,104,104,-5.345832287,0.2531039153,8.670098638,0,0.003414911781,0
star_co_plus_hi_ctl49,113,2,0.07979030285,0.9027745668,0.03306040268,103,106,104,105,103,85.25461018,0.5508188907,0.557317649,0,0.003414911781,0
star_only,114,1,-0.06307498228,0.9786845631,0.02989430976,102,102,107,104,105,1.324269582,0.2640078839,1.999996769,0,0,0
star_only,114,2,0.1003601829,0.9808845134,0.02779260581,103,107,104,104,103,86.68890507,0.5391116661,1.991612533,0,0,0
co_independent_only,114,1,-0.04686281097,0.9941338315,0.04275017603,103,103,107,103,105,3.324266351,0.3059391657,0,0,0,0
co_independent_only,114,2,0.09389981014,0.9870676417,0.03987086278,104,106,104,104,104,84.69729254,0.5406907208,0,0,0,0
star_plus_co_independent,114,1,-0.06642933195,0.9786845631,0.02989430976,102,102,107,104,105,1.324269582,0.2640078839,1.999996769,0,0,0
star_plus_co_independent,114,2,0.1028537156,0.9808845134,0.02779260581,103,107,104,104,103,86.68890507,0.5391116661,1.991612533,0,0,0
star_co_plus_hi_ctl49,114,1,-0.06748054948,0.9786845631,0.02989430976,102,102,107,104,105,1.324269582,0.2640078839,1.999996769,0,0,0
star_co_plus_hi_ctl49,114,2,0.1010193915,0.9808845134,0.02779260581,103,107,104,104,103,86.68890507,0.5391116661,1.991612533,0,0,0
star_only,115,1,0.0283101654,0.9925340106,0.04141836525,104,104,105,104,105,8.737032313,0.2180605794,5.412765961,0.01365964713,0,0
star_only,115,2,0.08832129888,0.9677471119,0.0238257932,104,106,104,104,104,86.31931232,0.571868018,1.622019786,0.01365964713,0,0
co_independent_only,115,1,-0.04633881103,0.9941338315,0.04275017603,103,103,107,103,105,3.324266351,0.3059391657,0,0,0,0
co_independent_only,115,2,0.0923549225,0.9870676417,0.03987086278,104,106,104,104,104,84.69729254,0.5406907208,0,0,0,0
star_plus_co_independent,115,1,0.02466321868,0.9925340106,0.04141836525,104,104,105,104,105,8.737032313,0.2180605794,5.412765961,0.01365964713,0,0
star_plus_co_independent,115,2,0.08982664588,0.9677471119,0.0238257932,104,106,104,104,104,86.31931232,0.571868018,1.622019786,0.01365964713,0,0
star_co_plus_hi_ctl49,115,1,0.03546433289,0.9925340106,0.04141836525,104,104,105,104,105,8.737032313,0.2180605794,5.412765961,0.01365964713,0,0
star_co_plus_hi_ctl49,115,2,0.08379968077,0.9677471119,0.0238257932,104,106,104,104,104,86.31931232,0.571868018,1.622019786,0.01365964713,0,0
star_only,116,1,0.02555766396,0.9940800626,0.04433556124,103,103,106,104,105,4.679819746,0.2588976914,1.355553395,0.01309049516,0,0
star_only,116,2,0.0631723651,0.9875359461,0.02799073771,103,107,105,103,103,82.33463466,0.5458581864,2.362657872,0.01309049516,0,0
co_independent_only,116,1,-0.04469356677,0.9941338315,0.04275017603,103,103,107,103,105,3.324266351,0.3059391657,0,0,0.002276607854,0
co_independent_only,116,2,0.08894729445,0.9870676417,0.03987086278,104,106,104,104,104,84.69729254,0.5406907208,0,0,0.002276607854,0
star_plus_co_independent,116,1,0.02191894224,0.9940800626,0.04433556124,103,103,106,104,105,4.679819746,0.2588976914,1.355553395,0.01309049516,0.002276607854,0
star_plus_co_independent,116,2,0.06137698824,0.9875359461,0.02799073771,103,107,105,103,103,82.33463466,0.5458581864,2.362657872,0.01309049516,0.002276607854,0
star_co_plus_hi_ctl49,116,1,0.02190901936,0.9940800626,0.04433556124,103,103,106,104,105,4.679819746,0.2588976914,1.355553395,0.01309049516,0.002276607854,0
star_co_plus_hi_ctl49,116,2,0.06446819238,0.9875359461,0.02799073771,103,107,105,103,103,82.33463466,0.5458581864,2.362657872,0.01309049516,0.002276607854,0
star_only,117,1,-0.09746100738,0.9729774665,0.0474692882,103,103,105,106,104,-7.886943567,0.3443342541,11.21120992,0.06772908367,0,0
star_only,117,2,0.09066402538,0.9624591049,0.04951105342,104,106,104,104,104,84.58786729,0.5005500752,0.1094252442,0.06772908367,0,0
co_independent_only,117,1,-0.04748492913,0.9941338315,0.04275017603,103,103,107,103,105,3.324266351,0.3059391657,0,0,0.002845759818,0
co_independent_only,117,2,0.09654590243,0.9870676417,0.03987086278,104,106,104,104,104,84.69729254,0.5406907208,0,0,0.002845759818,0
star_plus_co_independent,117,1,-0.1029417656,0.9729774665,0.0474692882,103,103,105,106,104,-7.886943567,0.3443342541,11.21120992,0.06772908367,0.002845759818,0
star_plus_co_independent,117,2,0.09590908526,0.9624591049,0.04951105342,104,106,104,104,104,84.58786729,0.5005500752,0.1094252442,0.06772908367,0.002845759818,0
star_co_plus_hi_ctl49,117,1,-0.100460223,0.9729774665,0.0474692882,103,103,105,106,104,-7.886943567,0.3443342541,11.21120992,0.06772908367,0.002845759818,0
star_co_plus_hi_ctl49,117,2,0.09373694869,0.9624591049,0.04951105342,104,106,104,104,104,84.58786729,0.5005500752,0.1094252442,0.06772908367,0.002845759818,0
star_only,118,1,-0.04105398125,0.986292807,0.03428747302,103,103,107,104,104,2.134265024,0.2515004662,1.190001328,0,0,0
star_only,118,2,0.09296606353,0.9839720761,0.03116197033,103,107,104,104,103,86.04299959,0.5528410048,1.345707057,0,0,0
co_independent_only,118,1,-0.04696732328,0.9941338315,0.04275017603,103,103,107,103,105,3.324266351,0.3059391657,0,0,0.0005691519636,0
co_independent_only,118,2,0.09451148625,0.9870676417,0.03987086278,104,106,104,104,104,84.69729254,0.5406907208,0,0,0.0005691519636,0
star_plus_co_independent,118,1,-0.04463068883,0.986292807,0.03428747302,103,103,107,104,104,2.134265024,0.2515004662,1.190001328,0,0.0005691519636,0
star_plus_co_independent,118,2,0.09620462112,0.9839720761,0.03116197033,103,107,104,104,103,86.04299959,0.5528410048,1.345707057,0,0.0005691519636,0
star_co_plus_hi_ctl49,118,1,-0.04165818639,0.986292807,0.03428747302,103,103,107,104,104,2.134265024,0.2515004662,1.190001328,0,0.0005691519636,0
star_co_plus_hi_ctl49,118,2,0.09714822586,0.9839720761,0.03116197033,103,107,104,104,103,86.04299959,0.5528410048,1.345707057,0,0.0005691519636,0
star_only,119,1,-0.1331026346,0.9697745541,0.03279266739,102,102,108,104,104,-6.790283145,0.2754779554,10.1145495,0,0,0
star_only,119,2,0.1072873715,0.9711917292,0.03151056648,103,107,105,103,103,87.55528528,0.5418534704,2.857992746,0,0,0
co_independent_only,119,1,-0.04528301922,0.9941338315,0.04275017603,103,103,107,103,105,3.324266351,0.3059391657,0,0,0,0
co_independent_only,119,2,0.09514237062,0.9870676417,0.03987086278,104,106,104,104,104,84.69729254,0.5406907208,0,0,0,0
star_plus_co_independent,119,1,-0.1362030325,0.9697745541,0.03279266739,102,102,108,104,104,-6.790283145,0.2754779554,10.1145495,0,0,0
star_plus_co_independent,119,2,0.1102270501,0.9711917292,0.03151056648,103,107,105,103,103,87.55528528,0.5418534704,2.857992746,0,0,0
star_co_plus_hi_ctl49,119,1,-0.142895044,0.9697745541,0.03279266739,102,102,108,104,104,-6.790283145,0.2754779554,10.1145495,0,0,0
star_co_plus_hi_ctl49,119,2,0.1154271942,0.9711917292,0.03151056648,103,107,105,103,103,87.55528528,0.5418534704,2.857992746,0,0,0
star_only,120,1,-0.1117184479,0.9904682021,0.04518172283,102,105,103,108,102,-14.8780106,0.2932735193,18.20227695,0.005691519636,0,0
star_only,120,2,0.08524522675,0.9486764627,0.04137433926,103,107,103,105,103,84.13420905,0.5156847694,0.5630834878,0.005691519636,0,0
co_independent_only,120,1,-0.03999938162,0.9941338315,0.04275017603,103,103,107,103,105,3.324266351,0.3059391657,0,0,0,0
co_independent_only,120,2,0.08602963343,0.9870676417,0.03987086278,104,106,104,104,104,84.69729254,0.5406907208,0,0,0,0
star_plus_co_independent,120,1,-0.1061276662,0.9904682021,0.04518172283,102,105,103,108,102,-14.8780106,0.2932735193,18.20227695,0.005691519636,0,0
star_plus_co_independent,120,2,0.0800289044,0.9486764627,0.04137433926,103,107,103,105,103,84.13420905,0.5156847694,0.5630834878,0.005691519636,0,0
star_co_plus_hi_ctl49,120,1,-0.1093214217,0.9904682021,0.04518172283,102,105,103,108,102,-14.8780106,0.2932735193,18.20227695,0.005691519636,0,0
star_co_plus_hi_ctl49,120,2,0.0814160002,0.9486764627,0.04137433926,103,107,103,105,103,84.13420905,0.5156847694,0.5630834878,0.005691519636,0,0
star_only,121,1,-0.03877225534,0.9952019069,0.04661840056,103,103,107,104,104,6.650543382,0.3580563444,3.32627703,0,0,0
star_only,121,2,0.08724598544,0.9917990767,0.04096354578,103,106,104,105,103,84.83873126,0.5214803055,0.1414387262,0,0,0
co_independent_only,121,1,-0.04555574454,0.9941338315,0.04275017603,103,103,107,103,105,3.324266351,0.3059391657,0,0,0.001707455891,0
co_independent_only,121,2,0.09267505122,0.9870676417,0.03987086278,104,106,104,104,104,84.69729254,0.5406907208,0,0,0.001707455891,0
star_plus_co_independent,121,1,-0.04062923519,0.9952019069,0.04661840056,103,103,107,104,104,6.650543382,0.3580563444,3.32627703,0,0.001707455891,0
star_plus_co_independent,121,2,0.08874445551,0.9917990767,0.04096354578,103,106,104,105,103,84.83873126,0.5214803055,0.1414387262,0,0.001707455891,0
star_co_plus_hi_ctl49,121,1,-0.03906075082,0.9952019069,0.04661840056,103,103,107,104,104,6.650543382,0.3580563444,3.32627703,0,0.001707455891,0
star_co_plus_hi_ctl49,121,2,0.08741744213,0.9917990767,0.04096354578,103,106,104,105,103,84.83873126,0.5214803055,0.1414387262,0,0.001707455891,0
star_only,122,1,-0.03026049644,0.9931792295,0.04317246393,103,103,107,104,104,6.793136116,0.3037878081,3.468869764,0.02390438247,0,0
star_only,122,2,0.08418766012,0.9981480166,0.03741979735,103,106,104,105,103,85.19543841,0.5145559493,0.4981458716,0.02390438247,0,0
co_independent_only,122,1,-0.04298040656,0.9941338315,0.04275017603,103,103,107,103,105,3.324266351,0.3059391657,0,0,0.006829823563,0
co_independent_only,122,2,0.09026415991,0.9870676417,0.03987086278,104,106,104,104,104,84.69729254,0.5406907208,0,0,0.006829823563,0
star_plus_co_independent,122,1,-0.0298663782,0.9931792295,0.04317246393,103,103,107,104,104,6.793136116,0.3037878081,3.468869764,0.02390438247,0.006829823563,0
star_plus_co_independent,122,2,0.08326505985,0.9981480166,0.03741979735,103,106,104,105,103,85.19543841,0.5145559493,0.4981458716,0.02390438247,0.006829823563,0
star_co_plus_hi_ctl49,122,1,-0.03032219273,0.9931792295,0.04317246393,103,103,107,104,104,6.793136116,0.3037878081,3.468869764,0.02390438247,0.006829823563,0
star_co_plus_hi_ctl49,122,2,0.08469356505,0.9981480166,0.03741979735,103,106,104,105,103,85.19543841,0.5145559493,0.4981458716,0.02390438247,0.006829823563,0
star_only,123,1,0.03982128988,0.9925432386,0.0355377071,104,104,106,104,104,12.86799688,0.2136207193,9.543730524,0,0,0
star_only,123,2,0.08703495464,0.9992570972,0.0210828041,103,107,104,104,103,83.43624246,0.5265870201,1.26105008,0,0,0
co_independent_only,123,1,-0.04590503462,0.9941338315,0.04275017603,103,103,107,103,105,3.324266351,0.3059391657,0,0,0,0
co_independent_only,123,2,0.0971716956,0.9870676417,0.03987086278,104,106,104,104,104,84.69729254,0.5406907208,0,0,0,0
star_plus_co_independent,123,1,0.04279403308,0.9925432386,0.0355377071,104,104,106,104,104,12.86799688,0.2136207193,9.543730524,0,0,0
star_plus_co_independent,123,2,0.09295204549,0.9992570972,0.0210828041,103,107,104,104,103,83.43624246,0.5265870201,1.26105008,0,0,0
star_co_plus_hi_ctl49,123,1,0.04433562785,0.9925432386,0.0355377071,104,104,106,104,104,12.86799688,0.2136207193,9.543730524,0,0,0
star_co_plus_hi_ctl49,123,2,0.09587603292,0.9992570972,0.0210828041,103,107,104,104,103,83.43624246,0.5265870201,1.26105008,0,0,0
star_only,124,1,-0.04000905352,0.9972706392,0.0541748515,103,103,107,103,105,12.36034352,0.3301185681,9.036077169,0,0,0
star_only,124,2,0.1077358889,0.9973910186,0.0421440864,103,106,105,104,103,87.88472589,0.523832796,3.187433355,0,0,0
co_independent_only,124,1,-0.04656695132,0.9941338315,0.04275017603,103,103,107,103,105,3.324266351,0.3059391657,0,0,0.001138303927,0
co_independent_only,124,2,0.09132599522,0.9870676417,0.03987086278,104,106,104,104,104,84.69729254,0.5406907208,0,0,0.001138303927,0
star_plus_co_independent,124,1,-0.0433413932,0.9972706392,0.0541748515,103,103,107,103,105,12.36034352,0.3301185681,9.036077169,0,0.001138303927,0
star_plus_co_independent,124,2,0.1071184074,0.9973910186,0.0421440864,103,106,105,104,103,87.88472589,0.523832796,3.187433355,0,0.001138303927,0
star_co_plus_hi_ctl49,124,1,-0.03950337244,0.9972706392,0.0541748515,103,103,107,103,105,12.36034352,0.3301185681,9.036077169,0,0.001138303927,0
star_co_plus_hi_ctl49,124,2,0.1064953977,0.9973910186,0.0421440864,103,106,105,104,103,87.88472589,0.523832796,3.187433355,0,0.001138303927,0
star_only,125,1,-0.06988799495,0.9954001937,0.04346580814,103,103,107,104,104,-2.875897819,0.3701500765,6.20016417,0,0,0
star_only,125,2,0.0843245712,0.9935847734,0.04304108037,103,107,105,103,103,82.53515183,0.4673169025,2.162140706,0,0,0
co_independent_only,125,1,-0.03761141867,0.9941338315,0.04275017603,103,103,107,103,105,3.324266351,0.3059391657,0,0,0.0005691519636,0
co_independent_only,125,2,0.08737754643,0.9870676417,0.03987086278,104,106,104,104,104,84.69729254,0.5406907208,0,0,0.0005691519636,0
star_plus_co_independent,125,1,-0.0650053067,0.9954001937,0.04346580814,103,103,107,104,104,-2.875897819,0.3701500765,6.20016417,0,0.0005691519636,0
star_plus_co_independent,125,2,0.08027276711,0.9935847734,0.04304108037,103,107,105,103,103,82.53515183,0.4673169025,2.162140706,0,0.0005691519636,0
star_co_plus_hi_ctl49,125,1,-0.06561710864,0.9954001937,0.04346580814,103,103,107,104,104,-2.875897819,0.3701500765,6.20016417,0,0.0005691519636,0
star_co_plus_hi_ctl49,125,2,0.07971874277,0.9935847734,0.04304108037,103,107,105,103,103,82.53515183,0.4673169025,2.162140706,0,0.0005691519636,0
star_only,126,1,-0.09461772847,0.9522489478,0.04703305412,104,104,106,104,104,-12.76010715,0.355157364,16.08437351,0,0,0
star_only,126,2,0.08361801639,0.9375981899,0.04594786144,103,105,106,103,104,82.04044627,0.5272369001,2.656846269,0,0,0
co_independent_only,126,1,-0.04270563979,0.9941338315,0.04275017603,103,103,107,103,105,3.324266351,0.3059391657,0,0,0,0
co_independent_only,126,2,0.09240972238,0.9870676417,0.03987086278,104,106,104,104,104,84.69729254,0.5406907208,0,0,0,0
star_plus_co_independent,126,1,-0.09558012371,0.9522489478,0.04703305412,104,104,106,104,104,-12.76010715,0.355157364,16.08437351,0,0,0
star_plus_co_independent,126,2,0.08430213426,0.9375981899,0.04594786144,103,105,106,103,104,82.04044627,0.5272369001,2.656846269,0,0,0
star_co_plus_hi_ctl49,126,1,-0.09712598971,0.9522489478,0.04703305412,104,104,106,104,104,-12.76010715,0.355157364,16.08437351,0,0,0
star_co_plus_hi_ctl49,126,2,0.0867988061,0.9375981899,0.04594786144,103,105,106,103,104,82.04044627,0.5272369001,2.656846269,0,0,0
star_only,127,1,-0.06820385052,0.9768383006,0.04901084232,103,103,107,104,104,-3.237579302,0.3635120986,6.561845654,0,0,0
star_only,127,2,0.08777205164,0.9682472287,0.04675243034,103,107,105,103,103,82.83461766,0.5191665797,1.86267487,0,0,0
co_independent_only,127,1,-0.04795258781,0.9941338315,0.04275017603,103,103,107,103,105,3.324266351,0.3059391657,0,0,0.009106431417,0
co_independent_only,127,2,0.09638583061,0.9870676417,0.03987086278,104,106,104,104,104,84.69729254,0.5406907208,0,0,0.009106431417,0
star_plus_co_independent,127,1,-0.07310875289,0.9768383006,0.04901084232,103,103,107,104,104,-3.237579302,0.3635120986,6.561845654,0,0.009106431417,0
star_plus_co_independent,127,2,0.09269258991,0.9682472287,0.04675243034,103,107,105,103,103,82.83461766,0.5191665797,1.86267487,0,0.009106431417,0
star_co_plus_hi_ctl49,127,1,-0.06645936198,0.9768383006,0.04901084232,103,103,107,104,104,-3.237579302,0.3635120986,6.561845654,0,0.009106431417,0
star_co_plus_hi_ctl49,127,2,0.08621059564,0.9682472287,0.04675243034,103,107,105,103,103,82.83461766,0.5191665797,1.86267487,0,0.009106431417,0
star_only,128,1,-0.06806506485,0.9970117968,0.04008417059,103,103,107,103,105,5.900213043,0.368241936,2.575946692,0,0,0
star_only,128,2,0.1173305451,0.9994229663,0.03599156894,103,106,105,104,103,87.88295656,0.5247828041,3.185664026,0,0,0
co_independent_only,128,1,-0.04482436739,0.9941338315,0.04275017603,103,103,107,103,105,3.324266351,0.3059391657,0,0,0.0005691519636,0
co_independent_only,128,2,0.09286365619,0.9870676417,0.03987086278,104,106,104,104,104,84.69729254,0.5406907208,0,0,0.0005691519636,0
star_plus_co_independent,128,1,-0.06931877618,0.9970117968,0.04008417059,103,103,107,103,105,5.900213043,0.368241936,2.575946692,0,0.0005691519636,0
star_plus_co_independent,128,2,0.1183207805,0.9994229663,0.03599156894,103,106,105,104,103,87.88295656,0.5247828041,3.185664026,0,0.0005691519636,0
star_co_plus_hi_ctl49,128,1,-0.07114332942,0.9970117968,0.04008417059,103,103,107,103,105,5.900213043,0.368241936,2.575946692,0,0.0005691519636,0
star_co_plus_hi_ctl49,128,2,0.1164523454,0.9994229663,0.03599156894,103,106,105,104,103,87.88295656,0.5247828041,3.185664026,0,0.0005691519636,0
star_only,129,1,-0.1189082698,0.9760689564,0.02366877847,103,103,107,105,103,-2.302448154,0.1591781378,5.626714505,0,0,0
star_only,129,2,0.1210192894,0.97600413,0.02403370737,103,107,104,104,103,86.90119137,0.5921497226,2.203898833,0,0,0
co_independent_only,129,1,-0.04121303118,0.9941338315,0.04275017603,103,103,107,103,105,3.324266351,0.3059391657,0,0,0.006260671599,0
co_independent_only,129,2,0.09073610243,0.9870676417,0.03987086278,104,106,104,104,104,84.69729254,0.5406907208,0,0,0.006260671599,0
star_plus_co_independent,129,1,-0.1187930418,0.9760689564,0.02366877847,103,103,107,105,103,-2.302448154,0.1591781378,5.626714505,0,0.006260671599,0
star_plus_co_independent,129,2,0.1209433205,0.97600413,0.02403370737,103,107,104,104,103,86.90119137,0.5921497226,2.203898833,0,0.006260671599,0
star_co_plus_hi_ctl49,129,1,-0.1191997768,0.9760689564,0.02366877847,103,103,107,105,103,-2.302448154,0.1591781378,5.626714505,0,0.006260671599,0
star_co_plus_hi_ctl49,129,2,0.1212914571,0.97600413,0.02403370737,103,107,104,104,103,86.90119137,0.5921497226,2.203898833,0,0.006260671599,0
star_only,130,1,0.01578105228,0.9999842757,0.0631356196,102,102,107,103,106,17.31202197,0.3040018348,13.98775562,0.02902675014,0,0
star_only,130,2,0.1292135688,0.9950413623,0.03847027928,103,106,104,105,103,89.31062279,0.5963584442,4.613330257,0.02902675014,0,0
co_independent_only,130,1,-0.0388504443,0.9941338315,0.04275017603,103,103,107,103,105,3.324266351,0.3059391657,0,0,0.002845759818,0
co_independent_only,130,2,0.08494443993,0.9870676417,0.03987086278,104,106,104,104,104,84.69729254,0.5406907208,0,0,0.002845759818,0
star_plus_co_independent,130,1,0.0167258218,0.9999842757,0.0631356196,102,102,107,103,106,17.31202197,0.3040018348,13.98775562,0.02902675014,0.002845759818,0
star_plus_co_independent,130,2,0.1237947784,0.9950413623,0.03847027928,103,106,104,105,103,89.31062279,0.5963584442,4.613330257,0.02902675014,0.002845759818,0
star_co_plus_hi_ctl49,130,1,0.01300941464,0.9999842757,0.0631356196,102,102,107,103,106,17.31202197,0.3040018348,13.98775562,0.02902675014,0.002845759818,0
star_co_plus_hi_ctl49,130,2,0.1282244192,0.9950413623,0.03847027928,103,106,104,105,103,89.31062279,0.5963584442,4.613330257,0.02902675014,0.002845759818,0
star_only,131,1,-0.04197487239,0.9999995837,0.04552477218,104,104,105,104,105,8.977472551,0.3242198265,5.653206199,0,0,0
star_only,131,2,0.1182842752,0.9980188946,0.03689842629,103,106,105,104,103,87.99172463,0.5551521319,3.294432095,0,0,0
co_independent_only,131,1,-0.04245250141,0.9941338315,0.04275017603,103,103,107,103,105,3.324266351,0.3059391657,0,0,0,0
co_independent_only,131,2,0.0895318305,0.9870676417,0.03987086278,104,106,104,104,104,84.69729254,0.5406907208,0,0,0,0
star_plus_co_independent,131,1,-0.0423954183,0.9999995837,0.04552477218,104,104,105,104,105,8.977472551,0.3242198265,5.653206199,0,0,0
star_plus_co_independent,131,2,0.1169610778,0.9980188946,0.03689842629,103,106,105,104,103,87.99172463,0.5551521319,3.294432095,0,0,0
star_co_plus_hi_ctl49,131,1,-0.04635685975,0.9999995837,0.04552477218,104,104,105,104,105,8.977472551,0.3242198265,5.653206199,0,0,0
star_co_plus_hi_ctl49,131,2,0.1142207076,0.9980188946,0.03689842629,103,106,105,104,103,87.99172463,0.5551521319,3.294432095,0,0,0
star_only,132,1,-0.1088152038,0.9752617795,0.04025698995,103,103,106,104,105,0.177465078,0.3035452403,3.146801273,0.01764371087,0,0
star_only,132,2,0.1224634333,0.9832502894,0.03977366469,103,106,105,104,103,87.98837116,0.5691335074,3.291078624,0.01764371087,0,0
co_independent_only,132,1,-0.04187379533,0.9941338315,0.04275017603,103,103,107,103,105,3.324266351,0.3059391657,0,0,0.0125213432,0
co_independent_only,132,2,0.08866012465,0.9870676417,0.03987086278,104,106,104,104,104,84.69729254,0.5406907208,0,0,0.0125213432,0
star_plus_co_independent,132,1,-0.1063783957,0.9752617795,0.04025698995,103,103,106,104,105,0.177465078,0.3035452403,3.146801273,0.01764371087,0.0125213432,0
star_plus_co_independent,132,2,0.1197150366,0.9832502894,0.03977366469,103,106,105,104,103,87.98837116,0.5691335074,3.291078624,0.01764371087,0.0125213432,0
star_co_plus_hi_ctl49,132,1,-0.111230268,0.9752617795,0.04025698995,103,103,106,104,105,0.177465078,0.3035452403,3.146801273,0.01764371087,0.0125213432,0
star_co_plus_hi_ctl49,132,2,0.1250564627,0.9832502894,0.03977366469,103,106,105,104,103,87.98837116,0.5691335074,3.291078624,0.01764371087,0.0125213432,0
star_only,133,1,-0.1068166653,0.968990834,0.04341539808,102,105,105,106,102,-13.4703694,0.3115981519,16.79463575,0.006260671599,0,0
star_only,133,2,0.08990207378,0.9451837923,0.04110451188,102,107,105,104,102,82.93497011,0.5576998473,1.76232243,0.006260671599,0,0
co_independent_only,133,1,-0.0467130065,0.9941338315,0.04275017603,103,103,107,103,105,3.324266351,0.3059391657,0,0,0.007398975526,0
co_independent_only,133,2,0.09406840469,0.9870676417,0.03987086278,104,106,104,104,104,84.69729254,0.5406907208,0,0,0.007398975526,0
star_plus_co_independent,133,1,-0.1090143004,0.968990834,0.04341539808,102,105,105,106,102,-13.4703694,0.3115981519,16.79463575,0.006260671599,0.007398975526,0
star_plus_co_independent,133,2,0.09279232806,0.9451837923,0.04110451188,102,107,105,104,102,82.93497011,0.5576998473,1.76232243,0.006260671599,0.007398975526,0
star_co_plus_hi_ctl49,133,1,-0.1116447902,0.968990834,0.04341539808,102,105,105,106,102,-13.4703694,0.3115981519,16.79463575,0.006260671599,0.007398975526,0
star_co_plus_hi_ctl49,133,2,0.09601031432,0.9451837923,0.04110451188,102,107,105,104,102,82.93497011,0.5576998473,1.76232243,0.006260671599,0.007398975526,0
star_only,134,1,-0.03113417117,0.9956827215,0.0487190924,104,104,105,105,104,4.438339179,0.3520201452,1.114072828,0,0,0
star_only,134,2,0.08553795322,0.9977281353,0.03974986974,103,107,105,103,103,82.52369509,0.5224249356,2.173597448,0,0,0
co_independent_only,134,1,-0.04586483751,0.9941338315,0.04275017603,103,103,107,103,105,3.324266351,0.3059391657,0,0,0.002276607854,0
co_independent_only,134,2,0.09537354949,0.9870676417,0.03987086278,104,106,104,104,104,84.69729254,0.5406907208,0,0,0.002276607854,0
star_plus_co_independent,134,1,-0.03321748019,0.9956827215,0.0487190924,104,104,105,105,104,4.438339179,0.3520201452,1.114072828,0,0.002276607854,0
star_plus_co_independent,134,2,0.08982736569,0.9977281353,0.03974986974,103,107,105,103,103,82.52369509,0.5224249356,2.173597448,0,0.002276607854,0
star_co_plus_hi_ctl49,134,1,-0.03234377284,0.9956827215,0.0487190924,104,104,105,105,104,4.438339179,0.3520201452,1.114072828,0,0.002276607854,0
star_co_plus_hi_ctl49,134,2,0.09277281316,0.9977281353,0.03974986974,103,107,105,103,103,82.52369509,0.5224249356,2.173597448,0,0.002276607854,0
star_only,135,1,-0.08188715366,0.9688743436,0.04408379044,103,103,107,104,104,-4.068502103,0.3300732441,7.392768455,0.003984063745,0,0
star_only,135,2,0.09139484523,0.9585396267,0.04435003265,103,107,104,104,103,84.26423256,0.5266495647,0.433059972,0.003984063745,0,0
co_independent_only,135,1,-0.04168975696,0.9941338315,0.04275017603,103,103,107,103,105,3.324266351,0.3059391657,0,0,0.003984063745,0
co_independent_only,135,2,0.08787312664,0.9870676417,0.03987086278,104,106,104,104,104,84.69729254,0.5406907208,0,0,0.003984063745,0
star_plus_co_independent,135,1,-0.07896354413,0.9688743436,0.04408379044,103,103,107,104,104,-4.068502103,0.3300732441,7.392768455,0.003984063745,0.003984063745,0
star_plus_co_independent,135,2,0.08802305657,0.9585396267,0.04435003265,103,107,104,104,103,84.26423256,0.5266495647,0.433059972,0.003984063745,0.003984063745,0
star_co_plus_hi_ctl49,135,1,-0.08040603131,0.9688743436,0.04408379044,103,103,107,104,104,-4.068502103,0.3300732441,7.392768455,0.003984063745,0.003984063745,0
star_co_plus_hi_ctl49,135,2,0.08875223356,0.9585396267,0.04435003265,103,107,104,104,103,84.26423256,0.5266495647,0.433059972,0.003984063745,0.003984063745,0
star_only,136,1,-0.0825689446,0.986864877,0.04024285378,102,102,108,103,105,1.892075933,0.3046649693,1.432190419,0,0,0
star_only,136,2,0.1079446671,0.9878720051,0.03818344816,103,107,104,104,103,87.24297666,0.5511625554,2.545684128,0,0,0
co_independent_only,136,1,-0.04751755642,0.9941338315,0.04275017603,103,103,107,103,105,3.324266351,0.3059391657,0,0,0,0
co_independent_only,136,2,0.09354517415,0.9870676417,0.03987086278,104,106,104,104,104,84.69729254,0.5406907208,0,0,0,0
star_plus_co_independent,136,1,-0.08599277128,0.986864877,0.04024285378,102,102,108,103,105,1.892075933,0.3046649693,1.432190419,0,0,0
star_plus_co_independent,136,2,0.1101574209,0.9878720051,0.03818344816,103,107,104,104,103,87.24297666,0.5511625554,2.545684128,0,0,0
star_co_plus_hi_ctl49,136,1,-0.09003141427,0.986864877,0.04024285378,102,102,108,103,105,1.892075933,0.3046649693,1.432190419,0,0,0
star_co_plus_hi_ctl49,136,2,0.115048815,0.9878720051,0.03818344816,103,107,104,104,103,87.24297666,0.5511625554,2.545684128,0,0,0
star_only,137,1,-0.03365912118,0.9999575272,0.03651501121,104,104,105,104,105,7.317995761,0.2787477181,3.99372941,0,0,0
star_only,137,2,0.09928220742,0.9999715142,0.03063194245,103,107,104,104,103,85.68121947,0.5332823725,0.9839269381,0,0,0
co_independent_only,137,1,-0.04506642164,0.9941338315,0.04275017603,103,103,107,103,105,3.324266351,0.3059391657,0,0,0.004553215709,0
co_independent_only,137,2,0.09591358459,0.9870676417,0.03987086278,104,106,104,104,104,84.69729254,0.5406907208,0,0,0.004553215709,0
star_plus_co_independent,137,1,-0.03454973962,0.9999575272,0.03651501121,104,104,105,104,105,7.317995761,0.2787477181,3.99372941,0,0.004553215709,0
star_plus_co_independent,137,2,0.1041202561,0.9999715142,0.03063194245,103,107,104,104,103,85.68121947,0.5332823725,0.9839269381,0,0.004553215709,0
star_co_plus_hi_ctl49,137,1,-0.04265269508,0.9999575272,0.03651501121,104,104,105,104,105,7.317995761,0.2787477181,3.99372941,0,0.004553215709,0
star_co_plus_hi_ctl49,137,2,0.1088976866,0.9999715142,0.03063194245,103,107,104,104,103,85.68121947,0.5332823725,0.9839269381,0,0.004553215709,0
star_only,138,1,-0.1178551229,0.9764165957,0.04606763296,99,99,109,102,108,-19.3009793,0.3107907752,22.62524565,0,0,0
star_only,138,2,0.09302774855,0.9222048975,0.03636990803,103,107,104,104,103,85.7108639,0.4729819749,1.013571362,0,0,0
co_independent_only,138,1,-0.03996874733,0.9941338315,0.04275017603,103,103,107,103,105,3.324266351,0.3059391657,0,0,0,0
co_independent_only,138,2,0.08964961693,0.9870676417,0.03987086278,104,106,104,104,104,84.69729254,0.5406907208,0,0,0,0
star_plus_co_independent,138,1,-0.1183969936,0.9764165957,0.04606763296,99,99,109,102,108,-19.3009793,0.3107907752,22.62524565,0,0,0
star_plus_co_independent,138,2,0.09113898973,0.9222048975,0.03636990803,103,107,104,104,103,85.7108639,0.4729819749,1.013571362,0,0,0
star_co_plus_hi_ctl49,138,1,-0.1231628542,0.9764165957,0.04606763296,99,99,109,102,108,-19.3009793,0.3107907752,22.62524565,0,0,0
star_co_plus_hi_ctl49,138,2,0.09538023536,0.9222048975,0.03636990803,103,107,104,104,103,85.7108639,0.4729819749,1.013571362,0,0,0
star_only,139,1,-0.08824574655,0.9312506059,0.02406596354,103,103,106,104,105,-1.609248101,0.22206814,4.933514452,0,0,0
star_only,139,2,0.1044279117,0.9299581726,0.02327477366,103,107,104,104,103,87.01825022,0.553883441,2.320957688,0,0,0
co_independent_only,139,1,-0.04440160627,0.9941338315,0.04275017603,103,103,107,103,105,3.324266351,0.3059391657,0,0,0.005122367672,0
co_independent_only,139,2,0.09251098784,0.9870676417,0.03987086278,104,106,104,104,104,84.69729254,0.5406907208,0,0,0.005122367672,0
star_plus_co_independent,139,1,-0.08934804613,0.9312506059,0.02406596354,103,103,106,104,105,-1.609248101,0.22206814,4.933514452,0,0.005122367672,0
star_plus_co_independent,139,2,0.1054408885,0.9299581726,0.02327477366,103,107,104,104,103,87.01825022,0.553883441,2.320957688,0,0.005122367672,0
star_co_plus_hi_ctl49,139,1,-0.08307926037,0.9312506059,0.02406596354,103,103,106,104,105,-1.609248101,0.22206814,4.933514452,0,0.005122367672,0
star_co_plus_hi_ctl49,139,2,0.0990625225,0.9299581726,0.02327477366,103,107,104,104,103,87.01825022,0.553883441,2.320957688,0,0.005122367672,0
star_only,140,1,-0.07223749282,0.9449211118,0.04484629812,103,103,107,104,104,-5.706386902,0.3381963638,9.030653254,0.004553215709,0,0
star_only,140,2,0.08051832131,0.9506263716,0.04273651565,103,107,105,103,103,82.7468921,0.486515344,1.950400432,0.004553215709,0,0
co_independent_only,140,1,-0.03945987063,0.9941338315,0.04275017603,103,103,107,103,105,3.324266351,0.3059391657,0,0,0.001707455891,0
co_independent_only,140,2,0.08808773316,0.9870676417,0.03987086278,104,106,104,104,104,84.69729254,0.5406907208,0,0,0.001707455891,0
star_plus_co_independent,140,1,-0.06914975735,0.9449211118,0.04484629812,103,103,107,104,104,-5.706386902,0.3381963638,9.030653254,0.004553215709,0.001707455891,0
star_plus_co_independent,140,2,0.0776587877,0.9506263716,0.04273651565,103,107,105,103,103,82.7468921,0.486515344,1.950400432,0.004553215709,0.001707455891,0
star_co_plus_hi_ctl49,140,1,-0.0640444837,0.9449211118,0.04484629812,103,103,107,104,104,-5.706386902,0.3381963638,9.030653254,0.004553215709,0.001707455891,0
star_co_plus_hi_ctl49,140,2,0.0729228942,0.9506263716,0.04273651565,103,107,105,103,103,82.7468921,0.486515344,1.950400432,0.004553215709,0.001707455891,0
star_only,141,1,-0.1085336388,0.9711745317,0.04239189935,103,103,106,105,104,-5.117828894,0.3060133781,8.442095246,0,0,0
star_only,141,2,0.1024396133,0.9765339615,0.0419038688,103,107,104,104,103,85.80563067,0.5571435949,1.108338133,0,0,0
co_independent_only,141,1,-0.04309788605,0.9941338315,0.04275017603,103,103,107,103,105,3.324266351,0.3059391657,0,0,0.002845759818,0
co_independent_only,141,2,0.09023646982,0.9870676417,0.03987086278,104,106,104,104,104,84.69729254,0.5406907208,0,0,0.002845759818,0
star_plus_co_independent,141,1,-0.1075005586,0.9711745317,0.04239189935,103,103,106,105,104,-5.117828894,0.3060133781,8.442095246,0,0.002845759818,0
star_plus_co_independent,141,2,0.1015495804,0.9765339615,0.0419038688,103,107,104,104,103,85.80563067,0.5571435949,1.108338133,0,0.002845759818,0
star_co_plus_hi_ctl49,141,1,-0.1088190075,0.9711745317,0.04239189935,103,103,106,105,104,-5.117828894,0.3060133781,8.442095246,0,0.002845759818,0
star_co_plus_hi_ctl49,141,2,0.1027303791,0.9765339615,0.0419038688,103,107,104,104,103,85.80563067,0.5571435949,1.108338133,0,0.002845759818,0
star_only,142,1,-0.003541025843,0.9253321925,0.02922730511,103,103,107,103,105,2.003392996,0.1724720115,1.320873356,0,0,0
star_only,142,2,0.07359395583,0.8904124744,0.02452092456,103,106,104,105,103,84.82100725,0.5802709546,0.1237147153,0,0,0
co_independent_only,142,1,-0.04934923438,0.9941338315,0.04275017603,103,103,107,103,105,3.324266351,0.3059391657,0,0,0.003984063745,0
co_independent_only,142,2,0.09961417277,0.9870676417,0.03987086278,104,106,104,104,104,84.69729254,0.5406907208,0,0,0.003984063745,0
star_plus_co_independent,142,1,-0.008294241764,0.9253321925,0.02922730511,103,103,107,103,105,2.003392996,0.1724720115,1.320873356,0,0.003984063745,0
star_plus_co_independent,142,2,0.0814980299,0.8904124744,0.02452092456,103,106,104,105,103,84.82100725,0.5802709546,0.1237147153,0,0.003984063745,0
star_co_plus_hi_ctl49,142,1,-0.01102344191,0.9253321925,0.02922730511,103,103,107,103,105,2.003392996,0.1724720115,1.320873356,0,0.003984063745,0
star_co_plus_hi_ctl49,142,2,0.08345593065,0.8904124744,0.02452092456,103,106,104,105,103,84.82100725,0.5802709546,0.1237147153,0,0.003984063745,0
star_only,143,1,-0.06358903466,0.9619661917,0.04139256501,103,103,106,104,105,-0.7953986045,0.2274915021,4.119664956,0.005122367672,0,0
star_only,143,2,0.086679314,0.9408643344,0.03863841854,103,106,104,105,103,85.35505181,0.5753294707,0.6577592763,0.005122367672,0,0
co_independent_only,143,1,-0.04055700951,0.9941338315,0.04275017603,103,103,107,103,105,3.324266351,0.3059391657,0,0,0.006260671599,0
co_independent_only,143,2,0.08617768706,0.9870676417,0.03987086278,104,106,104,104,104,84.69729254,0.5406907208,0,0,0.006260671599,0
star_plus_co_independent,143,1,-0.05971917263,0.9619661917,0.04139256501,103,103,106,104,105,-0.7953986045,0.2274915021,4.119664956,0.005122367672,0.006260671599,0
star_plus_co_independent,143,2,0.08182827894,0.9408643344,0.03863841854,103,106,104,105,103,85.35505181,0.5753294707,0.6577592763,0.005122367672,0.006260671599,0
star_co_plus_hi_ctl49,143,1,-0.06141350546,0.9619661917,0.04139256501,103,103,106,104,105,-0.7953986045,0.2274915021,4.119664956,0.005122367672,0.006260671599,0
star_co_plus_hi_ctl49,143,2,0.08334230326,0.9408643344,0.03863841854,103,106,104,105,103,85.35505181,0.5753294707,0.6577592763,0.005122367672,0.006260671599,0
star_only,144,1,-0.01044535394,0.9924033937,0.0459264614,103,103,107,104,104,-0.2508029255,0.3044218908,3.575069277,0.03642572567,0,0
star_only,144,2,0.06816366432,0.9996985635,0.03937426206,104,104,105,104,105,80.75758138,0.5460083033,3.939711157,0.03642572567,0,0
co_independent_only,144,1,-0.04050888698,0.9941338315,0.04275017603,103,103,107,103,105,3.324266351,0.3059391657,0,0,0.001138303927,0
co_independent_only,144,2,0.08539830088,0.9870676417,0.03987086278,104,106,104,104,104,84.69729254,0.5406907208,0,0,0.001138303927,0
star_plus_co_independent,144,1,-0.008731421923,0.9924033937,0.0459264614,103,103,107,104,104,-0.2508029255,0.3044218908,3.575069277,0.03642572567,0.001138303927,0
star_plus_co_independent,144,2,0.06255965546,0.9996985635,0.03937426206,104,104,105,104,105,80.75758138,0.5460083033,3.939711157,0.03642572567,0.001138303927,0
star_co_plus_hi_ctl49,144,1,-0.01204779275,0.9924033937,0.0459264614,103,103,107,104,104,-0.2508029255,0.3044218908,3.575069277,0.03642572567,0.001138303927,0
star_co_plus_hi_ctl49,144,2,0.0629701411,0.9996985635,0.03937426206,104,104,105,104,105,80.75758138,0.5460083033,3.939711157,0.03642572567,0.001138303927,0
star_only,145,1,-0.06770019323,0.9850897581,0.04974287202,103,103,106,104,105,-0.7435734211,0.3824574818,4.067839773,0,0,0
star_only,145,2,0.08639053556,0.9827206997,0.04760693455,103,106,104,105,103,83.87984761,0.4944834387,0.81744493,0,0,0
co_independent_only,145,1,-0.03817306333,0.9941338315,0.04275017603,103,103,107,103,105,3.324266351,0.3059391657,0,0,0.009675583381,0
co_independent_only,145,2,0.08618065836,0.9870676417,0.03987086278,104,106,104,104,104,84.69729254,0.5406907208,0,0,0.009675583381,0
star_plus_co_independent,145,1,-0.06257486381,0.9850897581,0.04974287202,103,103,106,104,105,-0.7435734211,0.3824574818,4.067839773,0,0.009675583381,0
star_plus_co_independent,145,2,0.08097847341,0.9827206997,0.04760693455,103,106,104,105,103,83.87984761,0.4944834387,0.81744493,0,0.009675583381,0
star_co_plus_hi_ctl49,145,1,-0.05919217979,0.9850897581,0.04974287202,103,103,106,104,105,-0.7435734211,0.3824574818,4.067839773,0,0.009675583381,0
star_co_plus_hi_ctl49,145,2,0.0765010115,0.9827206997,0.04760693455,103,106,104,105,103,83.87984761,0.4944834387,0.81744493,0,0.009675583381,0
star_only,146,1,-0.01586475078,0.9998781363,0.054879872,103,103,106,104,105,8.307609063,0.3493885604,4.983342711,0,0,0
star_only,146,2,0.08048716277,0.9954855101,0.04295711644,103,107,105,103,103,82.48666832,0.5257316257,2.210624212,0,0,0
co_independent_only,146,1,-0.04621128362,0.9941338315,0.04275017603,103,103,107,103,105,3.324266351,0.3059391657,0,0,0.001138303927,0
co_independent_only,146,2,0.097357666,0.9870676417,0.03987086278,104,106,104,104,104,84.69729254,0.5406907208,0,0,0.001138303927,0
star_plus_co_independent,146,1,-0.01650437256,0.9998781363,0.054879872,103,103,106,104,105,8.307609063,0.3493885604,4.983342711,0,0.001138303927,0
star_plus_co_independent,146,2,0.08589553475,0.9954855101,0.04295711644,103,107,105,103,103,82.48666832,0.5257316257,2.210624212,0,0.001138303927,0
star_co_plus_hi_ctl49,146,1,-0.0153632477,0.9998781363,0.054879872,103,103,106,104,105,8.307609063,0.3493885604,4.983342711,0,0.001138303927,0
star_co_plus_hi_ctl49,146,2,0.08851792629,0.9954855101,0.04295711644,103,107,105,103,103,82.48666832,0.5257316257,2.210624212,0,0.001138303927,0
star_only,147,1,-0.0888307199,0.9810837557,0.05505237401,102,107,102,102,107,-10.81379133,0.3775557849,14.13805768,0.01593625498,0,0
star_only,147,2,0.08391742554,0.9731716795,0.05126314324,103,105,106,104,103,82.14093953,0.5130531407,2.556353001,0.01593625498,0,0
co_independent_only,147,1,-0.04070606895,0.9941338315,0.04275017603,103,103,107,103,105,3.324266351,0.3059391657,0,0,0.001138303927,0
co_independent_only,147,2,0.08621633554,0.9870676417,0.03987086278,104,106,104,104,104,84.69729254,0.5406907208,0,0,0.001138303927,0
star_plus_co_independent,147,1,-0.08268887137,0.9810837557,0.05505237401,102,107,102,102,107,-10.81379133,0.3775557849,14.13805768,0.01593625498,0.001138303927,0
star_plus_co_independent,147,2,0.07855533427,0.9731716795,0.05126314324,103,105,106,104,103,82.14093953,0.5130531407,2.556353001,0.01593625498,0.001138303927,0
star_co_plus_hi_ctl49,147,1,-0.08143781128,0.9810837557,0.05505237401,102,107,102,102,107,-10.81379133,0.3775557849,14.13805768,0.01593625498,0.001138303927,0
star_co_plus_hi_ctl49,147,2,0.07794401258,0.9731716795,0.05126314324,103,105,106,104,103,82.14093953,0.5130531407,2.556353001,0.01593625498,0.001138303927,0
star_only,148,1,0.01583539659,0.9994591869,0.07212572683,104,104,105,104,105,19.05492104,0.3049502648,15.73065469,0.02048947069,0,0
star_only,148,2,0.1062353769,0.9873790818,0.03961787118,103,106,105,104,103,86.46173499,0.5559767122,1.764442452,0.02048947069,0,0
co_independent_only,148,1,-0.04308074031,0.9941338315,0.04275017603,103,103,107,103,105,3.324266351,0.3059391657,0,0,0.003414911781,0
co_independent_only,148,2,0.09321253894,0.9870676417,0.03987086278,104,106,104,104,104,84.69729254,0.5406907208,0,0,0.003414911781,0
star_plus_co_independent,148,1,0.01904156326,0.9994591869,0.07212572683,104,104,105,104,105,19.05492104,0.3049502648,15.73065469,0.02048947069,0.003414911781,0
star_plus_co_independent,148,2,0.108359577,0.9873790818,0.03961787118,103,106,105,104,103,86.46173499,0.5559767122,1.764442452,0.02048947069,0.003414911781,0
star_co_plus_hi_ctl49,148,1,0.01606229019,0.9994591869,0.07212572683,104,104,105,104,105,19.05492104,0.3049502648,15.73065469,0.02048947069,0.003414911781,0
star_co_plus_hi_ctl49,148,2,0.1118446036,0.9873790818,0.03961787118,103,106,105,104,103,86.46173499,0.5559767122,1.764442452,0.02048947069,0.003414911781,0
star_only,149,1,-0.1367396912,0.9809446064,0.03105074467,103,106,103,104,105,-9.699546918,0.2867495286,13.02381327,0,0,0
star_only,149,2,0.1113346704,0.9387567855,0.02799151646,103,107,105,103,103,87.53825736,0.5279211408,2.840964826,0,0,0
co_independent_only,149,1,-0.04734519203,0.9941338315,0.04275017603,103,103,107,103,105,3.324266351,0.3059391657,0,0,0.003414911781,0
co_independent_only,149,2,0.09209448712,0.9870676417,0.03987086278,104,106,104,104,104,84.69729254,0.5406907208,0,0,0.003414911781,0
star_plus_co_independent,149,1,-0.1327043891,0.9809446064,0.03105074467,103,106,103,104,105,-9.699546918,0.2867495286,13.02381327,0,0.003414911781,0
star_plus_co_independent,149,2,0.1114865394,0.9387567855,0.02799151646,103,107,105,103,103,87.53825736,0.5279211408,2.840964826,0,0.003414911781,0
star_co_plus_hi_ctl49,149,1,-0.132043639,0.9809446064,0.03105074467,103,106,103,104,105,-9.699546918,0.2867495286,13.02381327,0,0.003414911781,0
star_co_plus_hi_ctl49,149,2,0.1097726315,0.9387567855,0.02799151646,103,107,105,103,103,87.53825736,0.5279211408,2.840964826,0,0.003414911781,0
star_only,150,1,-0.03189669798,0.9935582612,0.04183197026,103,103,107,104,104,6.464671068,0.3023931051,3.140404716,0,0,0
star_only,150,2,0.09673627781,0.9950770907,0.03587324401,103,107,104,104,103,85.93591799,0.5092105128,1.238625454,0,0,0
co_independent_only,150,1,-0.04044712446,0.9941338315,0.04275017603,103,103,107,103,105,3.324266351,0.3059391657,0,0,0,0
co_independent_only,150,2,0.08959491183,0.9870676417,0.03987086278,104,106,104,104,104,84.69729254,0.5406907208,0,0,0,0
star_plus_co_independent,150,1,-0.02845487929,0.9935582612,0.04183197026,103,103,107,104,104,6.464671068,0.3023931051,3.140404716,0,0,0
star_plus_co_independent,150,2,0.0950959297,0.9950770907,0.03587324401,103,107,104,104,103,85.93591799,0.5092105128,1.238625454,0,0,0
star_co_plus_hi_ctl49,150,1,-0.02441233375,0.9935582612,0.04183197026,103,103,107,104,104,6.464671068,0.3023931051,3.140404716,0,0,0
star_co_plus_hi_ctl49,150,2,0.09100473059,0.9950770907,0.03587324401,103,107,104,104,103,85.93591799,0.5092105128,1.238625454,0,0,0
star_only,151,1,0.02207688839,0.9992893179,0.06570879806,103,103,105,105,105,20.23006412,0.31600188,16.90579777,0.05179282869,0,0
star_only,151,2,0.07021187016,0.9917242172,0.03808246681,103,105,106,104,103,82.13115773,0.485827333,2.566134803,0.05179282869,0,0
co_independent_only,151,1,-0.04368166983,0.9941338315,0.04275017603,103,103,107,103,105,3.324266351,0.3059391657,0,0,0,0
co_independent_only,151,2,0.09012691594,0.9870676417,0.03987086278,104,106,104,104,104,84.69729254,0.5406907208,0,0,0,0
star_plus_co_independent,151,1,0.01938422716,0.9992893179,0.06570879806,103,103,105,105,105,20.23006412,0.31600188,16.90579777,0.05179282869,0,0
star_plus_co_independent,151,2,0.06927305782,0.9917242172,0.03808246681,103,105,106,104,103,82.13115773,0.485827333,2.566134803,0.05179282869,0,0
star_co_plus_hi_ctl49,151,1,0.02580405685,0.9992893179,0.06570879806,103,103,105,105,105,20.23006412,0.31600188,16.90579777,0.05179282869,0,0
star_co_plus_hi_ctl49,151,2,0.06381323023,0.9917242172,0.03808246681,103,105,106,104,103,82.13115773,0.485827333,2.566134803,0.05179282869,0,0
star_only,152,1,0.02888733089,0.9997086549,0.06137854593,103,103,107,103,105,12.44245842,0.2939348749,9.118192073,0.01138303927,0,0
star_only,152,2,0.07958480967,0.9976205163,0.03972839634,103,107,105,103,103,82.40299822,0.562570037,2.294294312,0.01138303927,0,0
co_independent_only,152,1,-0.04518625777,0.9941338315,0.04275017603,103,103,107,103,105,3.324266351,0.3059391657,0,0,0,0
co_independent_only,152,2,0.09276951462,0.9870676417,0.03987086278,104,106,104,104,104,84.69729254,0.5406907208,0,0,0,0
star_plus_co_independent,152,1,0.02690802226,0.9997086549,0.06137854593,103,103,107,103,105,12.44245842,0.2939348749,9.118192073,0.01138303927,0,0
star_plus_co_independent,152,2,0.0812296641,0.9976205163,0.03972839634,103,107,105,103,103,82.40299822,0.562570037,2.294294312,0.01138303927,0,0
star_co_plus_hi_ctl49,152,1,0.02301434356,0.9997086549,0.06137854593,103,103,107,103,105,12.44245842,0.2939348749,9.118192073,0.01138303927,0,0
star_co_plus_hi_ctl49,152,2,0.08286001281,0.9976205163,0.03972839634,103,107,105,103,103,82.40299822,0.562570037,2.294294312,0.01138303927,0,0
star_only,153,1,-0.1046994693,0.9680170052,0.04228450415,101,106,103,101,108,-10.60608987,0.3184964171,13.93035622,0,0,0
star_only,153,2,0.0887242187,0.9355025359,0.03906147288,103,107,104,104,103,83.51822065,0.5477918204,1.179071887,0,0,0
co_independent_only,153,1,-0.04602655161,0.9941338315,0.04275017603,103,103,107,103,105,3.324266351,0.3059391657,0,0,0.001138303927,0
co_independent_only,153,2,0.09603123433,0.9870676417,0.03987086278,104,106,104,104,104,84.69729254,0.5406907208,0,0,0.001138303927,0
star_plus_co_independent,153,1,-0.1108630931,0.9680170052,0.04228450415,101,106,103,101,108,-10.60608987,0.3184964171,13.93035622,0,0.001138303927,0
star_plus_co_independent,153,2,0.0934715489,0.9355025359,0.03906147288,103,107,104,104,103,83.51822065,0.5477918204,1.179071887,0,0.001138303927,0
star_co_plus_hi_ctl49,153,1,-0.1140913793,0.9680170052,0.04228450415,101,106,103,101,108,-10.60608987,0.3184964171,13.93035622,0,0.001138303927,0
star_co_plus_hi_ctl49,153,2,0.09473908399,0.9355025359,0.03906147288,103,107,104,104,103,83.51822065,0.5477918204,1.179071887,0,0.001138303927,0
star_only,154,1,-0.03797977413,0.982402213,0.04202646536,103,103,107,104,104,-4.435550777,0.3181816354,7.759817128,0.02048947069,0,0
star_only,154,2,0.07158908914,0.9938454864,0.03920987311,102,104,107,102,105,81.46183873,0.5087222568,3.235453808,0.02048947069,0,0
co_independent_only,154,1,-0.0456453339,0.9941338315,0.04275017603,103,103,107,103,105,3.324266351,0.3059391657,0,0,0,0
co_independent_only,154,2,0.09421231475,0.9870676417,0.03987086278,104,106,104,104,104,84.69729254,0.5406907208,0,0,0,0
star_plus_co_independent,154,1,-0.04074745168,0.982402213,0.04202646536,103,103,107,104,104,-4.435550777,0.3181816354,7.759817128,0.02048947069,0,0
star_plus_co_independent,154,2,0.07411753241,0.9938454864,0.03920987311,102,104,107,102,105,81.46183873,0.5087222568,3.235453808,0.02048947069,0,0
star_co_plus_hi_ctl49,154,1,-0.0411913421,0.982402213,0.04202646536,103,103,107,104,104,-4.435550777,0.3181816354,7.759817128,0.02048947069,0,0
star_co_plus_hi_ctl49,154,2,0.07730248501,0.9938454864,0.03920987311,102,104,107,102,105,81.46183873,0.5087222568,3.235453808,0.02048947069,0,0
star_only,155,1,-0.09968440615,0.9587114715,0.04373495094,102,105,105,106,102,-8.124073987,0.3622951608,11.44834034,0,0,0
star_only,155,2,0.08712424655,0.9459419091,0.0463355439,104,106,104,104,104,84.5226797,0.5288529261,0.1746128382,0,0,0
co_independent_only,155,1,-0.04851544038,0.9941338315,0.04275017603,103,103,107,103,105,3.324266351,0.3059391657,0,0,0.001138303927,0
co_independent_only,155,2,0.09418306083,0.9870676417,0.03987086278,104,106,104,104,104,84.69729254,0.5406907208,0,0,0.001138303927,0
star_plus_co_independent,155,1,-0.1019693863,0.9587114715,0.04373495094,102,105,105,106,102,-8.124073987,0.3622951608,11.44834034,0,0.001138303927,0
star_plus_co_independent,155,2,0.09008279845,0.9459419091,0.0463355439,104,106,104,104,104,84.5226797,0.5288529261,0.1746128382,0,0.001138303927,0
star_co_plus_hi_ctl49,155,1,-0.09994556899,0.9587114715,0.04373495094,102,105,105,106,102,-8.124073987,0.3622951608,11.44834034,0,0.001138303927,0
star_co_plus_hi_ctl49,155,2,0.0879310389,0.9459419091,0.0463355439,104,106,104,104,104,84.5226797,0.5288529261,0.1746128382,0,0.001138303927,0
star_only,156,1,-0.07292625509,0.9912661532,0.03680431881,104,104,106,104,104,-0.9207944214,0.2729040566,4.245060773,0,0,0
star_only,156,2,0.0925699021,0.9907034077,0.03507353334,103,107,104,104,103,85.64114616,0.5588087516,0.9438536295,0,0,0
co_independent_only,156,1,-0.042842781,0.9941338315,0.04275017603,103,103,107,103,105,3.324266351,0.3059391657,0,0,0.002276607854,0
co_independent_only,156,2,0.09104880979,0.9870676417,0.03987086278,104,106,104,104,104,84.69729254,0.5406907208,0,0,0.002276607854,0
star_plus_co_independent,156,1,-0.07250567542,0.9912661532,0.03680431881,104,104,106,104,104,-0.9207944214,0.2729040566,4.245060773,0,0.002276607854,0
star_plus_co_independent,156,2,0.09266032856,0.9907034077,0.03507353334,103,107,104,104,103,85.64114616,0.5588087516,0.9438536295,0,0.002276607854,0
star_co_plus_hi_ctl49,156,1,-0.06930147307,0.9912661532,0.03680431881,104,104,106,104,104,-0.9207944214,0.2729040566,4.245060773,0,0.002276607854,0
star_co_plus_hi_ctl49,156,2,0.08877782366,0.9907034077,0.03507353334,103,107,104,104,103,85.64114616,0.5588087516,0.9438536295,0,0.002276607854,0
star_only,157,1,-0.01663367111,0.9836491897,0.04996540963,102,102,105,105,106,0.7680881044,0.3207458381,2.556178247,0.09618668184,0,0
star_only,157,2,0.07608961564,0.9868088188,0.04198839527,102,108,104,104,102,83.15744425,0.580871942,1.539848281,0.09618668184,0,0
co_independent_only,157,1,-0.04323943838,0.9941338315,0.04275017603,103,103,107,103,105,3.324266351,0.3059391657,0,0,0.01195219124,0
co_independent_only,157,2,0.0908394185,0.9870676417,0.03987086278,104,106,104,104,104,84.69729254,0.5406907208,0,0,0.01195219124,0
star_plus_co_independent,157,1,-0.01720861798,0.9836491897,0.04996540963,102,102,105,105,106,0.7680881044,0.3207458381,2.556178247,0.09618668184,0.01195219124,0
star_plus_co_independent,157,2,0.07612887271,0.9868088188,0.04198839527,102,108,104,104,102,83.15744425,0.580871942,1.539848281,0.09618668184,0.01195219124,0
star_co_plus_hi_ctl49,157,1,-0.02183722223,0.9836491897,0.04996540963,102,102,105,105,106,0.7680881044,0.3207458381,2.556178247,0.09618668184,0.01195219124,0
star_co_plus_hi_ctl49,157,2,0.0785191828,0.9868088188,0.04198839527,102,108,104,104,102,83.15744425,0.580871942,1.539848281,0.09618668184,0.01195219124,0
star_only,158,1,-0.08847837813,0.9817028271,0.04401341847,103,104,105,106,103,-7.940862925,0.3577051643,11.26512928,0,0,0
star_only,158,2,0.08233870436,0.9738927122,0.043944016,102,108,104,104,102,83.02562273,0.5266525158,1.671669806,0,0,0
co_independent_only,158,1,-0.0441961333,0.9941338315,0.04275017603,103,103,107,103,105,3.324266351,0.3059391657,0,0,0.001707455891,0
co_independent_only,158,2,0.09235298549,0.9870676417,0.03987086278,104,106,104,104,104,84.69729254,0.5406907208,0,0,0.001707455891,0
star_plus_co_independent,158,1,-0.0905327868,0.9817028271,0.04401341847,103,104,105,106,103,-7.940862925,0.3577051643,11.26512928,0,0.001707455891,0
star_plus_co_independent,158,2,0.08374121636,0.9738927122,0.043944016,102,108,104,104,102,83.02562273,0.5266525158,1.671669806,0,0.001707455891,0
star_co_plus_hi_ctl49,158,1,-0.08349226883,0.9817028271,0.04401341847,103,104,105,106,103,-7.940862925,0.3577051643,11.26512928,0,0.001707455891,0
star_co_plus_hi_ctl49,158,2,0.07726439785,0.9738927122,0.043944016,102,108,104,104,102,83.02562273,0.5266525158,1.671669806,0,0.001707455891,0
star_only,159,1,-0.1118889743,0.963914419,0.05217784762,103,105,103,106,104,-15.44733557,0.3267244426,18.77160192,0.005122367672,0,0
star_only,159,2,0.08865114173,0.8870495929,0.04403695197,103,107,104,104,103,83.36576941,0.5432384099,1.331523121,0.005122367672,0,0
co_independent_only,159,1,-0.04394950894,0.9941338315,0.04275017603,103,103,107,103,105,3.324266351,0.3059391657,0,0,0,0
co_independent_only,159,2,0.09170690585,0.9870676417,0.03987086278,104,106,104,104,104,84.69729254,0.5406907208,0,0,0,0
star_plus_co_independent,159,1,-0.1109918117,0.963914419,0.05217784762,103,105,103,106,104,-15.44733557,0.3267244426,18.77160192,0.005122367672,0,0
star_plus_co_independent,159,2,0.08884335225,0.8870495929,0.04403695197,103,107,104,104,103,83.36576941,0.5432384099,1.331523121,0.005122367672,0,0
star_co_plus_hi_ctl49,159,1,-0.109617139,0.963914419,0.05217784762,103,105,103,106,104,-15.44733557,0.3267244426,18.77160192,0.005122367672,0,0
star_co_plus_hi_ctl49,159,2,0.08672597106,0.8870495929,0.04403695197,103,107,104,104,103,83.36576941,0.5432384099,1.331523121,0.005122367672,0,0
star_only,160,1,-0.0363758314,0.9905465129,0.05500051686,102,103,108,105,102,10.74152768,0.3800578272,7.417261324,0,0,0
star_only,160,2,0.0975107144,0.998283038,0.04321724506,103,106,104,105,103,83.95200174,0.5273858755,0.7452907917,0,0,0
co_independent_only,160,1,-0.04407507024,0.9941338315,0.04275017603,103,103,107,103,105,3.324266351,0.3059391657,0,0,0.002845759818,0
co_independent_only,160,2,0.08950506569,0.9870676417,0.03987086278,104,106,104,104,104,84.69729254,0.5406907208,0,0,0.002845759818,0
star_plus_co_independent,160,1,-0.03761296668,0.9905465129,0.05500051686,102,103,108,105,102,10.74152768,0.3800578272,7.417261324,0,0.002845759818,0
star_plus_co_independent,160,2,0.09551222983,0.998283038,0.04321724506,103,106,104,105,103,83.95200174,0.5273858755,0.7452907917,0,0.002845759818,0
star_co_plus_hi_ctl49,160,1,-0.04442338332,0.9905465129,0.05500051686,102,103,108,105,102,10.74152768,0.3800578272,7.417261324,0,0.002845759818,0
star_co_plus_hi_ctl49,160,2,0.09885951224,0.998283038,0.04321724506,103,106,104,105,103,83.95200174,0.5273858755,0.7452907917,0,0.002845759818,0
star_only,161,1,-0.1016935696,0.9756190479,0.04807367359,104,105,104,105,104,-9.371110137,0.3748915397,12.69537649,0,0,0
star_only,161,2,0.09229961698,0.9406744069,0.04794196966,103,107,104,104,103,83.76140176,0.5456322983,0.9358907745,0,0,0
co_independent_only,161,1,-0.03733449185,0.9941338315,0.04275017603,103,103,107,103,105,3.324266351,0.3059391657,0,0,0,0
co_independent_only,161,2,0.08340921244,0.9870676417,0.03987086278,104,106,104,104,104,84.69729254,0.5406907208,0,0,0,0
star_plus_co_independent,161,1,-0.09396278404,0.9756190479,0.04807367359,104,105,104,105,104,-9.371110137,0.3748915397,12.69537649,0,0,0
star_plus_co_independent,161,2,0.08449979103,0.9406744069,0.04794196966,103,107,104,104,103,83.76140176,0.5456322983,0.9358907745,0,0,0
star_co_plus_hi_ctl49,161,1,-0.09467654492,0.9756190479,0.04807367359,104,105,104,105,104,-9.371110137,0.3748915397,12.69537649,0,0,0
star_co_plus_hi_ctl49,161,2,0.08613139385,0.9406744069,0.04794196966,103,107,104,104,103,83.76140176,0.5456322983,0.9358907745,0,0,0
star_only,162,1,-1.16800402e-05,0.9914337525,0.05864828243,104,104,106,104,104,9.422322988,0.3073168734,6.098056636,0,0,0
star_only,162,2,0.08085611276,0.9860471363,0.03992885273,104,106,104,104,104,84.4672397,0.5938795574,0.2300528361,0,0,0
co_independent_only,162,1,-0.04503436142,0.9941338315,0.04275017603,103,103,107,103,105,3.324266351,0.3059391657,0,0,0,0
co_independent_only,162,2,0.09292555172,0.9870676417,0.03987086278,104,106,104,104,104,84.69729254,0.5406907208,0,0,0,0
star_plus_co_independent,162,1,-0.00171116779,0.9914337525,0.05864828243,104,104,106,104,104,9.422322988,0.3073168734,6.098056636,0,0,0
star_plus_co_independent,162,2,0.08277492134,0.9860471363,0.03992885273,104,106,104,104,104,84.4672397,0.5938795574,0.2300528361,0,0,0
star_co_plus_hi_ctl49,162,1,-0.005160355074,0.9914337525,0.05864828243,104,104,106,104,104,9.422322988,0.3073168734,6.098056636,0,0,0
star_co_plus_hi_ctl49,162,2,0.08208193611,0.9860471363,0.03992885273,104,106,104,104,104,84.4672397,0.5938795574,0.2300528361,0,0,0
star_only,163,1,-0.07237619171,0.9916453389,0.04563806478,103,103,106,104,105,-1.551583222,0.3471116422,4.875849574,0.01536710302,0,0
star_only,163,2,0.09093233323,0.989371915,0.04511398944,103,107,103,105,103,83.99806883,0.5165245044,0.6992237076,0.01536710302,0,0
co_independent_only,163,1,-0.04015399398,0.9941338315,0.04275017603,103,103,107,103,105,3.324266351,0.3059391657,0,0,0.002276607854,0
co_independent_only,163,2,0.08658712515,0.9870676417,0.03987086278,104,106,104,104,104,84.69729254,0.5406907208,0,0,0.002276607854,0
star_plus_co_independent,163,1,-0.06830871043,0.9916453389,0.04563806478,103,103,106,104,105,-1.551583222,0.3471116422,4.875849574,0.01536710302,0.002276607854,0
star_plus_co_independent,163,2,0.08639782774,0.989371915,0.04511398944,103,107,103,105,103,83.99806883,0.5165245044,0.6992237076,0.01536710302,0.002276607854,0
star_co_plus_hi_ctl49,163,1,-0.06764871481,0.9916453389,0.04563806478,103,103,106,104,105,-1.551583222,0.3471116422,4.875849574,0.01536710302,0.002276607854,0
star_co_plus_hi_ctl49,163,2,0.08521373211,0.989371915,0.04511398944,103,107,103,105,103,83.99806883,0.5165245044,0.6992237076,0.01536710302,0.002276607854,0
star_only,164,1,0.03802385004,0.9990890464,0.05380418389,103,103,106,104,105,19.79927934,0.2482851014,16.47501299,0,0,0
star_only,164,2,0.08797255885,0.9963992435,0.03074932881,103,107,105,103,103,82.77694273,0.5176032444,1.920349809,0,0,0
co_independent_only,164,1,-0.04596854392,0.9941338315,0.04275017603,103,103,107,103,105,3.324266351,0.3059391657,0,0,0,0
co_independent_only,164,2,0.09084938444,0.9870676417,0.03987086278,104,106,104,104,104,84.69729254,0.5406907208,0,0,0,0
star_plus_co_independent,164,1,0.03284812434,0.9990890464,0.05380418389,103,103,106,104,105,19.79927934,0.2482851014,16.47501299,0,0,0
star_plus_co_independent,164,2,0.08671967282,0.9963992435,0.03074932881,103,107,105,103,103,82.77694273,0.5176032444,1.920349809,0,0,0
star_co_plus_hi_ctl49,164,1,0.0272960614,0.9990890464,0.05380418389,103,103,106,104,105,19.79927934,0.2482851014,16.47501299,0,0,0
star_co_plus_hi_ctl49,164,2,0.0871092792,0.9963992435,0.03074932881,103,107,105,103,103,82.77694273,0.5176032444,1.920349809,0,0,0
star_only,165,1,-0.05787711011,0.9985161765,0.05279979952,103,103,106,104,105,5.002416126,0.3969954098,1.678149775,0.005691519636,0,0
star_only,165,2,0.09170981717,0.9995097142,0.04657444806,102,108,104,104,102,83.28483665,0.4774543653,1.412455884,0.005691519636,0,0
co_independent_only,165,1,-0.04193296483,0.9941338315,0.04275017603,103,103,107,103,105,3.324266351,0.3059391657,0,0,0.001707455891,0
co_independent_only,165,2,0.0895109513,0.9870676417,0.03987086278,104,106,104,104,104,84.69729254,0.5406907208,0,0,0.001707455891,0
star_plus_co_independent,165,1,-0.0559653988,0.9985161765,0.05279979952,103,103,106,104,105,5.002416126,0.3969954098,1.678149775,0.005691519636,0.001707455891,0
star_plus_co_independent,165,2,0.09022213652,0.9995097142,0.04657444806,102,108,104,104,102,83.28483665,0.4774543653,1.412455884,0.005691519636,0.001707455891,0
star_co_plus_hi_ctl49,165,1,-0.0664930605,0.9985161765,0.05279979952,103,103,106,104,105,5.002416126,0.3969954098,1.678149775,0.005691519636,0.001707455891,0
star_co_plus_hi_ctl49,165,2,0.1006228501,0.9995097142,0.04657444806,102,108,104,104,102,83.28483665,0.4774543653,1.412455884,0.005691519636,0.001707455891,0
star_only,166,1,0.0228071952,0.9998210459,0.05918976649,104,104,105,105,104,20.99057217,0.3236834387,17.66630582,0,0,0
star_only,166,2,0.0952846271,0.9671650761,0.03307158486,103,106,105,104,103,86.44774438,0.5279472316,1.75045185,0,0,0
co_independent_only,166,1,-0.04475025134,0.9941338315,0.04275017603,103,103,107,103,105,3.324266351,0.3059391657,0,0,0,0
co_independent_only,166,2,0.09005508903,0.9870676417,0.03987086278,104,106,104,104,104,84.69729254,0.5406907208,0,0,0,0
star_plus_co_independent,166,1,0.01754016677,0.9998210459,0.05918976649,104,104,105,105,104,20.99057217,0.3236834387,17.66630582,0,0,0
star_plus_co_independent,166,2,0.09479801103,0.9671650761,0.03307158486,103,106,105,104,103,86.44774438,0.5279472316,1.75045185,0,0,0
star_co_plus_hi_ctl49,166,1,0.01530265873,0.9998210459,0.05918976649,104,104,105,105,104,20.99057217,0.3236834387,17.66630582,0,0,0
star_co_plus_hi_ctl49,166,2,0.1054929657,0.9671650761,0.03307158486,103,106,105,104,103,86.44774438,0.5279472316,1.75045185,0,0,0
star_only,167,1,-0.04401080301,0.9987759317,0.05414104606,104,104,106,104,104,14.73516148,0.3735812445,11.41089513,0,0,0
star_only,167,2,0.113472965,0.9995363351,0.0416083912,103,107,104,104,103,87.34873768,0.5039331699,2.651445141,0,0,0
co_independent_only,167,1,-0.04428018284,0.9941338315,0.04275017603,103,103,107,103,105,3.324266351,0.3059391657,0,0,0.00796812749,0
co_independent_only,167,2,0.09438735632,0.9870676417,0.03987086278,104,106,104,104,104,84.69729254,0.5406907208,0,0,0.00796812749,0
star_plus_co_independent,167,1,-0.04391056888,0.9987759317,0.05414104606,104,104,106,104,104,14.73516148,0.3735812445,11.41089513,0,0.00796812749,0
star_plus_co_independent,167,2,0.1167529831,0.9995363351,0.0416083912,103,107,104,104,103,87.34873768,0.5039331699,2.651445141,0,0.00796812749,0
star_co_plus_hi_ctl49,167,1,-0.04746165445,0.9987759317,0.05414104606,104,104,106,104,104,14.73516148,0.3735812445,11.41089513,0,0.00796812749,0
star_co_plus_hi_ctl49,167,2,0.1148101247,0.9995363351,0.0416083912,103,107,104,104,103,87.34873768,0.5039331699,2.651445141,0,0.00796812749,0
star_only,168,1,-0.0414331778,0.9975957253,0.04712203864,103,103,107,103,105,5.981107637,0.3528972396,2.656841286,0,0,0
star_only,168,2,0.08684223548,0.9998293506,0.04091068802,103,107,103,105,103,84.0824322,0.5033446244,0.6148603393,0,0,0
co_independent_only,168,1,-0.04437021816,0.9941338315,0.04275017603,103,103,107,103,105,3.324266351,0.3059391657,0,0,0,0
co_independent_only,168,2,0.09139457365,0.9870676417,0.03987086278,104,106,104,104,104,84.69729254,0.5406907208,0,0,0,0
star_plus_co_independent,168,1,-0.04247529803,0.9975957253,0.04712203864,103,103,107,103,105,5.981107637,0.3528972396,2.656841286,0,0,0
star_plus_co_independent,168,2,0.08719036724,0.9998293506,0.04091068802,103,107,103,105,103,84.0824322,0.5033446244,0.6148603393,0,0,0
star_co_plus_hi_ctl49,168,1,-0.04111339031,0.9975957253,0.04712203864,103,103,107,103,105,5.981107637,0.3528972396,2.656841286,0,0,0
star_co_plus_hi_ctl49,168,2,0.08689760534,0.9998293506,0.04091068802,103,107,103,105,103,84.0824322,0.5033446244,0.6148603393,0,0,0
star_only,169,1,-0.09243161279,0.9668670571,0.04475863429,103,103,106,104,105,-6.185233469,0.3064746429,9.50949982,0.01081388731,0,0
star_only,169,2,0.08839582653,0.9587818563,0.04528224576,103,106,104,105,103,84.79212735,0.5502764059,0.09483481825,0.01081388731,0,0
co_independent_only,169,1,-0.04147468685,0.9941338315,0.04275017603,103,103,107,103,105,3.324266351,0.3059391657,0,0,0.004553215709,0
co_independent_only,169,2,0.0896959331,0.9870676417,0.03987086278,104,106,104,104,104,84.69729254,0.5406907208,0,0,0.004553215709,0
star_plus_co_independent,169,1,-0.09100474649,0.9668670571,0.04475863429,103,103,106,104,105,-6.185233469,0.3064746429,9.50949982,0.01081388731,0.004553215709,0
star_plus_co_independent,169,2,0.08679888362,0.9587818563,0.04528224576,103,106,104,105,103,84.79212735,0.5502764059,0.09483481825,0.01081388731,0.004553215709,0
star_co_plus_hi_ctl49,169,1,-0.09084510555,0.9668670571,0.04475863429,103,103,106,104,105,-6.185233469,0.3064746429,9.50949982,0.01081388731,0.004553215709,0
star_co_plus_hi_ctl49,169,2,0.08675366743,0.9587818563,0.04528224576,103,106,104,105,103,84.79212735,0.5502764059,0.09483481825,0.01081388731,0.004553215709,0
star_only,170,1,-0.1132023824,0.966203749,0.05439385919,104,105,105,104,104,-27.9368131,0.2289232411,31.26107946,0.009106431417,0,0
star_only,170,2,0.07566956299,0.8283208817,0.03433747516,103,107,105,103,103,82.61291646,0.5275654584,2.084376072,0.009106431417,0,0
co_independent_only,170,1,-0.04346870134,0.9941338315,0.04275017603,103,103,107,103,105,3.324266351,0.3059391657,0,0,0,0
co_independent_only,170,2,0.09369684411,0.9870676417,0.03987086278,104,106,104,104,104,84.69729254,0.5406907208,0,0,0,0
star_plus_co_independent,170,1,-0.1190752577,0.966203749,0.05439385919,104,105,105,104,104,-27.9368131,0.2289232411,31.26107946,0.009106431417,0,0
star_plus_co_independent,170,2,0.07778054282,0.8283208817,0.03433747516,103,107,105,103,103,82.61291646,0.5275654584,2.084376072,0.009106431417,0,0
star_co_plus_hi_ctl49,170,1,-0.1132362674,0.966203749,0.05439385919,104,105,105,104,104,-27.9368131,0.2289232411,31.26107946,0.009106431417,0,0
star_co_plus_hi_ctl49,170,2,0.07767813767,0.8283208817,0.03433747516,103,107,105,103,103,82.61291646,0.5275654584,2.084376072,0.009106431417,0,0
star_only,171,1,0.06236845589,0.9999098298,0.060124604,103,103,107,104,104,22.81551225,0.2618017988,19.4912459,0,0,0
star_only,171,2,0.09486182507,0.962854067,0.02779422323,103,107,104,104,103,83.34839275,0.5723218563,1.348899788,0,0,0
co_independent_only,171,1,-0.04086432206,0.9941338315,0.04275017603,103,103,107,103,105,3.324266351,0.3059391657,0,0,0,0
co_independent_only,171,2,0.08891010005,0.9870676417,0.03987086278,104,106,104,104,104,84.69729254,0.5406907208,0,0,0,0
star_plus_co_independent,171,1,0.06289396354,0.9999098298,0.060124604,103,103,107,104,104,22.81551225,0.2618017988,19.4912459,0,0,0
star_plus_co_independent,171,2,0.09258447309,0.962854067,0.02779422323,103,107,104,104,103,83.34839275,0.5723218563,1.348899788,0,0,0
star_co_plus_hi_ctl49,171,1,0.06534033179,0.9999098298,0.060124604,103,103,107,104,104,22.81551225,0.2618017988,19.4912459,0,0,0
star_co_plus_hi_ctl49,171,2,0.08966798676,0.962854067,0.02779422323,103,107,104,104,103,83.34839275,0.5723218563,1.348899788,0,0,0
star_only,172,1,-0.09947920527,0.9699197494,0.04101454811,101,106,103,101,108,-10.54888608,0.2995583023,13.87315243,0.001707455891,0,0
star_only,172,2,0.08298227274,0.9412495624,0.03814116402,103,107,104,104,103,83.73839323,0.5139544608,0.9588993053,0.001707455891,0,0
co_independent_only,172,1,-0.04067667024,0.9941338315,0.04275017603,103,103,107,103,105,3.324266351,0.3059391657,0,0,0.002845759818,0
co_independent_only,172,2,0.08820796333,0.9870676417,0.03987086278,104,106,104,104,104,84.69729254,0.5406907208,0,0,0.002845759818,0
star_plus_co_independent,172,1,-0.09685106612,0.9699197494,0.04101454811,101,106,103,101,108,-10.54888608,0.2995583023,13.87315243,0.001707455891,0.002845759818,0
star_plus_co_independent,172,2,0.07997916498,0.9412495624,0.03814116402,103,107,104,104,103,83.73839323,0.5139544608,0.9588993053,0.001707455891,0.002845759818,0
star_co_plus_hi_ctl49,172,1,-0.09493799982,0.9699197494,0.04101454811,101,106,103,101,108,-10.54888608,0.2995583023,13.87315243,0.001707455891,0.002845759818,0
star_co_plus_hi_ctl49,172,2,0.0780630828,0.9412495624,0.03814116402,103,107,104,104,103,83.73839323,0.5139544608,0.9588993053,0.001707455891,0.002845759818,0
star_only,173,1,0.009272273933,0.9987276026,0.05311727128,104,104,106,104,104,12.91488179,0.3000285622,9.590615437,0,0,0
star_only,173,2,0.0802618537,0.9990341603,0.03480763196,103,107,104,104,103,83.71265494,0.5417461913,0.9846375971,0,0,0
co_independent_only,173,1,-0.04615598767,0.9941338315,0.04275017603,103,103,107,103,105,3.324266351,0.3059391657,0,0,0,0
co_independent_only,173,2,0.09248427181,0.9870676417,0.03987086278,104,106,104,104,104,84.69729254,0.5406907208,0,0,0,0
star_plus_co_independent,173,1,0.005347873495,0.9987276026,0.05311727128,104,104,106,104,104,12.91488179,0.3000285622,9.590615437,0,0,0
star_plus_co_independent,173,2,0.08168934033,0.9990341603,0.03480763196,103,107,104,104,103,83.71265494,0.5417461913,0.9846375971,0,0,0
star_co_plus_hi_ctl49,173,1,0.004620267736,0.9987276026,0.05311727128,104,104,106,104,104,12.91488179,0.3000285622,9.590615437,0,0,0
star_co_plus_hi_ctl49,173,2,0.08105656436,0.9990341603,0.03480763196,103,107,104,104,103,83.71265494,0.5417461913,0.9846375971,0,0,0
star_only,174,1,-0.03853171073,0.9840839793,0.05036241099,104,104,105,105,104,4.533075027,0.3256765675,1.208808676,0.07285145134,0,0
star_only,174,2,0.08687388832,0.991771721,0.04299063648,103,107,103,105,103,85.4366738,0.5442223967,0.7393812637,0.07285145134,0,0
co_independent_only,174,1,-0.04043470675,0.9941338315,0.04275017603,103,103,107,103,105,3.324266351,0.3059391657,0,0,0.01195219124,0
co_independent_only,174,2,0.08578872116,0.9870676417,0.03987086278,104,106,104,104,104,84.69729254,0.5406907208,0,0,0.01195219124,0
star_plus_co_independent,174,1,-0.03587570707,0.9840839793,0.05036241099,104,104,105,105,104,4.533075027,0.3256765675,1.208808676,0.07285145134,0.01195219124,0
star_plus_co_independent,174,2,0.08167146144,0.991771721,0.04299063648,103,107,103,105,103,85.4366738,0.5442223967,0.7393812637,0.07285145134,0.01195219124,0
star_co_plus_hi_ctl49,174,1,-0.03791690659,0.9840839793,0.05036241099,104,104,105,105,104,4.533075027,0.3256765675,1.208808676,0.07285145134,0.01195219124,0
star_co_plus_hi_ctl49,174,2,0.0827510211,0.991771721,0.04299063648,103,107,103,105,103,85.4366738,0.5442223967,0.7393812637,0.07285145134,0.01195219124,0
star_only,175,1,-0.06086997925,0.9696358728,0.03775879631,103,103,107,103,105,-1.364588309,0.2559619781,4.688854661,0.02447353443,0,0
star_only,175,2,0.09533285489,0.9670494854,0.03772683414,103,106,104,105,103,84.84831968,0.5887296027,0.1510271405,0.02447353443,0,0
co_independent_only,175,1,-0.03793498328,0.9941338315,0.04275017603,103,103,107,103,105,3.324266351,0.3059391657,0,0,0.002276607854,0
co_independent_only,175,2,0.08589238662,0.9870676417,0.03987086278,104,106,104,104,104,84.69729254,0.5406907208,0,0,0.002276607854,0
star_plus_co_independent,175,1,-0.05539104807,0.9696358728,0.03775879631,103,103,107,103,105,-1.364588309,0.2559619781,4.688854661,0.02447353443,0.002276607854,0
star_plus_co_independent,175,2,0.08994839845,0.9670494854,0.03772683414,103,106,104,105,103,84.84831968,0.5887296027,0.1510271405,0.02447353443,0.002276607854,0
star_co_plus_hi_ctl49,175,1,-0.05558833807,0.9696358728,0.03775879631,103,103,107,103,105,-1.364588309,0.2559619781,4.688854661,0.02447353443,0.002276607854,0
star_co_plus_hi_ctl49,175,2,0.09099742717,0.9670494854,0.03772683414,103,106,104,105,103,84.84831968,0.5887296027,0.1510271405,0.02447353443,0.002276607854,0
star_only,176,1,0.06574892447,0.9969755177,0.06881039892,103,104,106,103,105,29.42718584,0.260991867,26.10291949,0,0,0
star_only,176,2,0.07813747288,0.9345932009,0.02968376205,103,107,104,104,103,84.2254142,0.5353319789,0.471878335,0,0,0
co_independent_only,176,1,-0.04123959279,0.9941338315,0.04275017603,103,103,107,103,105,3.324266351,0.3059391657,0,0,0.004553215709,0
co_independent_only,176,2,0.08824049141,0.9870676417,0.03987086278,104,106,104,104,104,84.69729254,0.5406907208,0,0,0.004553215709,0
star_plus_co_independent,176,1,0.06689156404,0.9969755177,0.06881039892,103,104,106,103,105,29.42718584,0.260991867,26.10291949,0,0.004553215709,0
star_plus_co_independent,176,2,0.07507114737,0.9345932009,0.02968376205,103,107,104,104,103,84.2254142,0.5353319789,0.471878335,0,0.004553215709,0
star_co_plus_hi_ctl49,176,1,0.06637840146,0.9969755177,0.06881039892,103,104,106,103,105,29.42718584,0.260991867,26.10291949,0,0.004553215709,0
star_co_plus_hi_ctl49,176,2,0.07816942612,0.9345932009,0.02968376205,103,107,104,104,103,84.2254142,0.5353319789,0.471878335,0,0.004553215709,0
star_only,177,1,-0.1223332251,0.9733355071,0.04786464854,102,102,106,104,106,-16.90412035,0.3047055017,20.2283867,0,0,0
star_only,177,2,0.08691268714,0.8951008647,0.03825586683,102,106,105,105,102,85.12335491,0.5370663237,0.4260623772,0,0,0
co_independent_only,177,1,-0.04352891755,0.9941338315,0.04275017603,103,103,107,103,105,3.324266351,0.3059391657,0,0,0,0
co_independent_only,177,2,0.09115747808,0.9870676417,0.03987086278,104,106,104,104,104,84.69729254,0.5406907208,0,0,0,0
star_plus_co_independent,177,1,-0.1232944913,0.9733355071,0.04786464854,102,102,106,104,106,-16.90412035,0.3047055017,20.2283867,0,0,0
star_plus_co_independent,177,2,0.08693110876,0.8951008647,0.03825586683,102,106,105,105,102,85.12335491,0.5370663237,0.4260623772,0,0,0
star_co_plus_hi_ctl49,177,1,-0.1171740819,0.9733355071,0.04786464854,102,102,106,104,106,-16.90412035,0.3047055017,20.2283867,0,0,0
star_co_plus_hi_ctl49,177,2,0.08222047932,0.8951008647,0.03825586683,102,106,105,105,102,85.12335491,0.5370663237,0.4260623772,0,0,0
star_only,178,1,-0.03324461985,0.9834257536,0.03901134298,104,104,105,105,104,4.118150517,0.2500047609,0.7938841657,0.008537279454,0,0
star_only,178,2,0.08981371984,0.990910626,0.03239328545,103,106,105,104,103,86.57624561,0.5574306215,1.878953073,0.008537279454,0,0
co_independent_only,178,1,-0.04695687029,0.9941338315,0.04275017603,103,103,107,103,105,3.324266351,0.3059391657,0,0,0.002276607854,0
co_independent_only,178,2,0.09371453958,0.9870676417,0.03987086278,104,106,104,104,104,84.69729254,0.5406907208,0,0,0.002276607854,0
star_plus_co_independent,178,1,-0.03694035308,0.9834257536,0.03901134298,104,104,105,105,104,4.118150517,0.2500047609,0.7938841657,0.008537279454,0.002276607854,0
star_plus_co_independent,178,2,0.09236117175,0.990910626,0.03239328545,103,106,105,104,103,86.57624561,0.5574306215,1.878953073,0.008537279454,0.002276607854,0
star_co_plus_hi_ctl49,178,1,-0.03527406836,0.9834257536,0.03901134298,104,104,105,105,104,4.118150517,0.2500047609,0.7938841657,0.008537279454,0.002276607854,0
star_co_plus_hi_ctl49,178,2,0.08850524416,0.990910626,0.03239328545,103,106,105,104,103,86.57624561,0.5574306215,1.878953073,0.008537279454,0.002276607854,0
star_only,179,1,-0.01741394639,0.9965193534,0.04815916887,104,104,106,104,104,11.7675549,0.3284880711,8.443288547,0,0,0
star_only,179,2,0.0850765185,0.9999546715,0.03434826944,102,106,105,105,102,85.09120095,0.4918336941,0.3939084175,0,0,0
co_independent_only,179,1,-0.04724996551,0.9941338315,0.04275017603,103,103,107,103,105,3.324266351,0.3059391657,0,0,0,0
co_independent_only,179,2,0.09640916337,0.9870676417,0.03987086278,104,106,104,104,104,84.69729254,0.5406907208,0,0,0,0
star_plus_co_independent,179,1,-0.02046728772,0.9965193534,0.04815916887,104,104,106,104,104,11.7675549,0.3284880711,8.443288547,0,0,0
star_plus_co_independent,179,2,0.09002316303,0.9999546715,0.03434826944,102,106,105,105,102,85.09120095,0.4918336941,0.3939084175,0,0,0
star_co_plus_hi_ctl49,179,1,-0.01791346426,0.9965193534,0.04815916887,104,104,106,104,104,11.7675549,0.3284880711,8.443288547,0,0,0
star_co_plus_hi_ctl49,179,2,0.09167877167,0.9999546715,0.03434826944,102,106,105,105,102,85.09120095,0.4918336941,0.3939084175,0,0,0
star_only,180,1,-0.09122962138,0.9430411889,0.04316730678,102,102,108,104,104,-6.922332464,0.3539610541,10.24659882,0,0,0
star_only,180,2,0.0840935665,0.9413322108,0.04547495225,103,107,104,104,103,84.28612679,0.5124950526,0.4111657403,0,0,0
co_independent_only,180,1,-0.03755585525,0.9941338315,0.04275017603,103,103,107,103,105,3.324266351,0.3059391657,0,0,0.002276607854,0
co_independent_only,180,2,0.0819761634,0.9870676417,0.03987086278,104,106,104,104,104,84.69729254,0.5406907208,0,0,0.002276607854,0
star_plus_co_independent,180,1,-0.08204958151,0.9430411889,0.04316730678,102,102,108,104,104,-6.922332464,0.3539610541,10.24659882,0,0.002276607854,0
star_plus_co_independent,180,2,0.07494696317,0.9413322108,0.04547495225,103,107,104,104,103,84.28612679,0.5124950526,0.4111657403,0,0.002276607854,0
star_co_plus_hi_ctl49,180,1,-0.08119463802,0.9430411889,0.04316730678,102,102,108,104,104,-6.922332464,0.3539610541,10.24659882,0,0.002276607854,0
star_co_plus_hi_ctl49,180,2,0.07381644957,0.9413322108,0.04547495225,103,107,104,104,103,84.28612679,0.5124950526,0.4111657403,0,0.002276607854,0
star_only,181,1,-0.05720330258,0.9848647191,0.04032345399,103,103,106,104,105,0.257556578,0.2839164529,3.066709773,0.003414911781,0,0
star_only,181,2,0.09517717488,0.9872794265,0.04044074853,103,106,104,105,103,84.73619432,0.5603414586,0.03890178653,0.003414911781,0,0
co_independent_only,181,1,-0.04039483327,0.9941338315,0.04275017603,103,103,107,103,105,3.324266351,0.3059391657,0,0,0.007398975526,0
co_independent_only,181,2,0.08993923847,0.9870676417,0.03987086278,104,106,104,104,104,84.69729254,0.5406907208,0,0,0.007398975526,0
star_plus_co_independent,181,1,-0.05466757781,0.9848647191,0.04032345399,103,103,106,104,105,0.257556578,0.2839164529,3.066709773,0.003414911781,0.007398975526,0
star_plus_co_independent,181,2,0.09382877398,0.9872794265,0.04044074853,103,106,104,105,103,84.73619432,0.5603414586,0.03890178653,0.003414911781,0.007398975526,0
star_co_plus_hi_ctl49,181,1,-0.05789626323,0.9848647191,0.04032345399,103,103,106,104,105,0.257556578,0.2839164529,3.066709773,0.003414911781,0.007398975526,0
star_co_plus_hi_ctl49,181,2,0.09803795027,0.9872794265,0.04044074853,103,106,104,105,103,84.73619432,0.5603414586,0.03890178653,0.003414911781,0.007398975526,0
star_only,182,1,-0.08741282667,0.9710672644,0.04415012216,103,103,106,104,105,-1.836139605,0.311715289,5.160405957,0.01081388731,0,0
star_only,182,2,0.101263446,0.9672761665,0.04379798525,103,107,103,105,103,85.45244865,0.514824614,0.7551561179,0.01081388731,0,0
co_independent_only,182,1,-0.04545030853,0.9941338315,0.04275017603,103,103,107,103,105,3.324266351,0.3059391657,0,0,0.0005691519636,0
co_independent_only,182,2,0.09724160032,0.9870676417,0.03987086278,104,106,104,104,104,84.69729254,0.5406907208,0,0,0.0005691519636,0
star_plus_co_independent,182,1,-0.09221176122,0.9710672644,0.04415012216,103,103,106,104,105,-1.836139605,0.311715289,5.160405957,0.01081388731,0.0005691519636,0
star_plus_co_independent,182,2,0.1073246046,0.9672761665,0.04379798525,103,107,103,105,103,85.45244865,0.514824614,0.7551561179,0.01081388731,0.0005691519636,0
star_co_plus_hi_ctl49,182,1,-0.09101288005,0.9710672644,0.04415012216,103,103,106,104,105,-1.836139605,0.311715289,5.160405957,0.01081388731,0.0005691519636,0
star_co_plus_hi_ctl49,182,2,0.1057974445,0.9672761665,0.04379798525,103,107,103,105,103,85.45244865,0.514824614,0.7551561179,0.01081388731,0.0005691519636,0
star_only,183,1,-0.006711162782,0.9970931144,0.04361660046,102,102,106,104,106,5.130355681,0.278601309,1.80608933,0,0,0
star_only,183,2,0.07701502205,0.9927087017,0.03376591215,103,107,104,104,103,83.72723731,0.5528971761,0.9700552285,0,0,0
co_independent_only,183,1,-0.03809475901,0.9941338315,0.04275017603,103,103,107,103,105,3.324266351,0.3059391657,0,0,0,0
co_independent_only,183,2,0.08697277754,0.9870676417,0.03987086278,104,106,104,104,104,84.69729254,0.5406907208,0,0,0,0
star_plus_co_independent,183,1,-0.00150455457,0.9970931144,0.04361660046,102,102,106,104,106,5.130355681,0.278601309,1.80608933,0,0,0
star_plus_co_independent,183,2,0.07253500132,0.9927087017,0.03376591215,103,107,104,104,103,83.72723731,0.5528971761,0.9700552285,0,0,0
star_co_plus_hi_ctl49,183,1,-0.006149516598,0.9970931144,0.04361660046,102,102,106,104,106,5.130355681,0.278601309,1.80608933,0,0,0
star_co_plus_hi_ctl49,183,2,0.07760692944,0.9927087017,0.03376591215,103,107,104,104,103,83.72723731,0.5528971761,0.9700552285,0,0,0
star_only,184,1,-0.1100197812,0.9900984534,0.03797191431,103,103,107,104,104,-2.758762743,0.318437225,6.083029094,0,0,0
star_only,184,2,0.1100197812,0.9900984534,0.03797191431,103,107,104,104,103,87.20917713,0.5131323686,2.511884597,0,0,0
co_independent_only,184,1,-0.04001982052,0.9941338315,0.04275017603,103,103,107,103,105,3.324266351,0.3059391657,0,0,0.004553215709,0
co_independent_only,184,2,0.0904149934,0.9870676417,0.03987086278,104,106,104,104,104,84.69729254,0.5406907208,0,0,0.004553215709,0
star_plus_co_independent,184,1,-0.1103679092,0.9900984534,0.03797191431,103,103,107,104,104,-2.758762743,0.318437225,6.083029094,0,0.004553215709,0
star_plus_co_independent,184,2,0.1103679092,0.9900984534,0.03797191431,103,107,104,104,103,87.20917713,0.5131323686,2.511884597,0,0.004553215709,0
star_co_plus_hi_ctl49,184,1,-0.1170226691,0.9900984534,0.03797191431,103,103,107,104,104,-2.758762743,0.318437225,6.083029094,0,0.004553215709,0
star_co_plus_hi_ctl49,184,2,0.1170226691,0.9900984534,0.03797191431,103,107,104,104,103,87.20917713,0.5131323686,2.511884597,0,0.004553215709,0
star_only,185,1,-0.09590024742,0.9716312977,0.04855053487,104,105,104,105,104,-9.391850757,0.3735298154,12.71611711,0,0,0
star_only,185,2,0.09085283031,0.9428375016,0.04851674029,103,107,104,104,103,83.43352818,0.5176828814,1.26376436,0,0,0
co_independent_only,185,1,-0.04320412261,0.9941338315,0.04275017603,103,103,107,103,105,3.324266351,0.3059391657,0,0,0,0
co_independent_only,185,2,0.08957592844,0.9870676417,0.03987086278,104,106,104,104,104,84.69729254,0.5406907208,0,0,0,0
star_plus_co_independent,185,1,-0.0941276923,0.9716312977,0.04855053487,104,105,104,105,104,-9.391850757,0.3735298154,12.71611711,0,0,0
star_plus_co_independent,185,2,0.08917808045,0.9428375016,0.04851674029,103,107,104,104,103,83.43352818,0.5176828814,1.26376436,0,0,0
star_co_plus_hi_ctl49,185,1,-0.09009395459,0.9716312977,0.04855053487,104,105,104,105,104,-9.391850757,0.3735298154,12.71611711,0,0,0
star_co_plus_hi_ctl49,185,2,0.0840914316,0.9428375016,0.04851674029,103,107,104,104,103,83.43352818,0.5176828814,1.26376436,0,0,0
star_only,186,1,-0.04900893943,0.9870487941,0.04282609857,103,103,106,104,105,2.774525635,0.3253917032,0.5497407167,0.001707455891,0,0
star_only,186,2,0.09358792054,0.9794732082,0.03949815812,103,106,104,105,103,84.83732107,0.5396504214,0.140028538,0.001707455891,0,0
co_independent_only,186,1,-0.04718208627,0.9941338315,0.04275017603,103,103,107,103,105,3.324266351,0.3059391657,0,0,0,0
co_independent_only,186,2,0.09572656594,0.9870676417,0.03987086278,104,106,104,104,104,84.69729254,0.5406907208,0,0,0,0
star_plus_co_independent,186,1,-0.05288777183,0.9870487941,0.04282609857,103,103,106,104,105,2.774525635,0.3253917032,0.5497407167,0.001707455891,0,0
star_plus_co_independent,186,2,0.09805473434,0.9794732082,0.03949815812,103,106,104,105,103,84.83732107,0.5396504214,0.140028538,0.001707455891,0,0
star_co_plus_hi_ctl49,186,1,-0.0519187742,0.9870487941,0.04282609857,103,103,106,104,105,2.774525635,0.3253917032,0.5497407167,0.001707455891,0,0
star_co_plus_hi_ctl49,186,2,0.09896963639,0.9794732082,0.03949815812,103,106,104,105,103,84.83732107,0.5396504214,0.140028538,0.001707455891,0,0
star_only,187,1,-0.09821087236,0.9384943746,0.0430552347,103,103,106,106,103,-7.726463048,0.3214946422,11.0507294,0.03813318156,0,0
star_only,187,2,0.09557794449,0.9401707172,0.04290936006,102,108,104,104,102,83.06156789,0.5440569376,1.635724642,0.03813318156,0,0
co_independent_only,187,1,-0.04807364098,0.9941338315,0.04275017603,103,103,107,103,105,3.324266351,0.3059391657,0,0,0,0
co_independent_only,187,2,0.09566673912,0.9870676417,0.03987086278,104,106,104,104,104,84.69729254,0.5406907208,0,0,0,0
star_plus_co_independent,187,1,-0.1021266517,0.9384943746,0.0430552347,103,103,106,106,103,-7.726463048,0.3214946422,11.0507294,0.03813318156,0,0
star_plus_co_independent,187,2,0.09951231112,0.9401707172,0.04290936006,102,108,104,104,102,83.06156789,0.5440569376,1.635724642,0.03813318156,0,0
star_co_plus_hi_ctl49,187,1,-0.1056725732,0.9384943746,0.0430552347,103,103,106,106,103,-7.726463048,0.3214946422,11.0507294,0.03813318156,0,0
star_co_plus_hi_ctl49,187,2,0.1030734341,0.9401707172,0.04290936006,102,108,104,104,102,83.06156789,0.5440569376,1.635724642,0.03813318156,0,0
star_only,188,1,0.03328120309,0.999951054,0.03498818798,104,104,105,104,105,9.099395346,0.1981843978,5.775128995,0,0,0
star_only,188,2,0.09002414158,0.9954673153,0.02398795283,104,106,104,104,104,84.69314876,0.504888701,0.004143774992,0,0,0
co_independent_only,188,1,-0.04131963158,0.9941338315,0.04275017603,103,103,107,103,105,3.324266351,0.3059391657,0,0,0.002276607854,0
co_independent_only,188,2,0.08694965448,0.9870676417,0.03987086278,104,106,104,104,104,84.69729254,0.5406907208,0,0,0.002276607854,0
star_plus_co_independent,188,1,0.03353098975,0.999951054,0.03498818798,104,104,105,104,105,9.099395346,0.1981843978,5.775128995,0,0.002276607854,0
star_plus_co_independent,188,2,0.08570072001,0.9954673153,0.02398795283,104,106,104,104,104,84.69314876,0.504888701,0.004143774992,0,0.002276607854,0
star_co_plus_hi_ctl49,188,1,0.02768415622,0.999951054,0.03498818798,104,104,105,104,105,9.099395346,0.1981843978,5.775128995,0,0.002276607854,0
star_co_plus_hi_ctl49,188,2,0.08536339022,0.9954673153,0.02398795283,104,106,104,104,104,84.69314876,0.504888701,0.004143774992,0,0.002276607854,0
star_only,189,1,-0.0484044359,0.977027852,0.03568330799,103,103,106,105,104,-3.49411811,0.2810747939,6.818384461,0,0,0
star_only,189,2,0.08172569247,0.9737877338,0.03336304817,102,107,105,104,102,82.98573312,0.5607832926,1.711559413,0,0,0
co_independent_only,189,1,-0.04011950437,0.9941338315,0.04275017603,103,103,107,103,105,3.324266351,0.3059391657,0,0,0.003984063745,0
co_independent_only,189,2,0.08524969161,0.9870676417,0.03987086278,104,106,104,104,104,84.69729254,0.5406907208,0,0,0.003984063745,0
star_plus_co_independent,189,1,-0.0444554381,0.977027852,0.03568330799,103,103,106,105,104,-3.49411811,0.2810747939,6.818384461,0,0.003984063745,0
star_plus_co_independent,189,2,0.07621668555,0.9737877338,0.03336304817,102,107,105,104,102,82.98573312,0.5607832926,1.711559413,0,0.003984063745,0
star_co_plus_hi_ctl49,189,1,-0.04441041548,0.977027852,0.03568330799,103,103,106,105,104,-3.49411811,0.2810747939,6.818384461,0,0.003984063745,0
star_co_plus_hi_ctl49,189,2,0.07797258662,0.9737877338,0.03336304817,102,107,105,104,102,82.98573312,0.5607832926,1.711559413,0,0.003984063745,0
star_only,190,1,-0.1021069029,0.9878557288,0.02433650536,103,103,106,105,104,-1.947133912,0.2411069861,5.271400263,0,0,0
star_only,190,2,0.1068598723,0.9820708429,0.02471244949,103,107,104,104,103,87.2439737,0.5579511927,2.546681165,0,0,0
co_independent_only,190,1,-0.04803291603,0.9941338315,0.04275017603,103,103,107,103,105,3.324266351,0.3059391657,0,0,0.006260671599,0
co_independent_only,190,2,0.09698545651,0.9870676417,0.03987086278,104,106,104,104,104,84.69729254,0.5406907208,0,0,0.006260671599,0
star_plus_co_independent,190,1,-0.1072059756,0.9878557288,0.02433650536,103,103,106,105,104,-1.947133912,0.2411069861,5.271400263,0,0.006260671599,0
star_plus_co_independent,190,2,0.1119531615,0.9820708429,0.02471244949,103,107,104,104,103,87.2439737,0.5579511927,2.546681165,0,0.006260671599,0
star_co_plus_hi_ctl49,190,1,-0.09804532225,0.9878557288,0.02433650536,103,103,106,105,104,-1.947133912,0.2411069861,5.271400263,0,0.006260671599,0
star_co_plus_hi_ctl49,190,2,0.1027580445,0.9820708429,0.02471244949,103,107,104,104,103,87.2439737,0.5579511927,2.546681165,0,0.006260671599,0
star_only,191,1,-0.02940042996,0.9972202371,0.04852095691,102,102,108,102,106,5.586637979,0.3060855658,2.262371627,0.1109846329,0,0
star_only,191,2,0.09204984935,0.9997605485,0.04038991726,103,107,104,104,103,85.71476126,0.5325252956,1.017468729,0.1109846329,0,0
co_independent_only,191,1,-0.0430789687,0.9941338315,0.04275017603,103,103,107,103,105,3.324266351,0.3059391657,0,0,0.003414911781,0
co_independent_only,191,2,0.09106215519,0.9870676417,0.03987086278,104,106,104,104,104,84.69729254,0.5406907208,0,0,0.003414911781,0
star_plus_co_independent,191,1,-0.02892990911,0.9972202371,0.04852095691,102,102,108,102,106,5.586637979,0.3060855658,2.262371627,0.1109846329,0.003414911781,0
star_plus_co_independent,191,2,0.09168958622,0.9997605485,0.04038991726,103,107,104,104,103,85.71476126,0.5325252956,1.017468729,0.1109846329,0.003414911781,0
star_co_plus_hi_ctl49,191,1,-0.02963936625,0.9972202371,0.04852095691,102,102,108,102,106,5.586637979,0.3060855658,2.262371627,0.1109846329,0.003414911781,0
star_co_plus_hi_ctl49,191,2,0.09545641265,0.9997605485,0.04038991726,103,107,104,104,103,85.71476126,0.5325252956,1.017468729,0.1109846329,0.003414911781,0
star_only,192,1,-0.0007389260694,0.9751490144,0.03314125524,102,102,106,105,105,1.045932679,0.2288894013,2.278333672,0,0,0
star_only,192,2,0.07240838602,0.9601756976,0.0262448062,103,107,104,104,103,83.56545748,0.5641399048,1.131835053,0,0,0
co_independent_only,192,1,-0.03644229608,0.9941338315,0.04275017603,103,103,107,103,105,3.324266351,0.3059391657,0,0,0,0
co_independent_only,192,2,0.08021904445,0.9870676417,0.03987086278,104,106,104,104,104,84.69729254,0.5406907208,0,0,0,0
star_plus_co_independent,192,1,0.003626838382,0.9751490144,0.03314125524,102,102,106,105,105,1.045932679,0.2288894013,2.278333672,0,0,0
star_plus_co_independent,192,2,0.06250299477,0.9601756976,0.0262448062,103,107,104,104,103,83.56545748,0.5641399048,1.131835053,0,0,0
star_co_plus_hi_ctl49,192,1,0.005843669379,0.9751490144,0.03314125524,102,102,106,105,105,1.045932679,0.2288894013,2.278333672,0,0,0
star_co_plus_hi_ctl49,192,2,0.06184135988,0.9601756976,0.0262448062,103,107,104,104,103,83.56545748,0.5641399048,1.131835053,0,0,0
star_only,193,1,0.02324526089,0.9950867943,0.06225534201,103,103,106,105,104,20.61760202,0.3187882836,17.29333567,0,0,0
star_only,193,2,0.1022858266,0.965576288,0.03530395873,103,107,104,104,103,86.75883534,0.5321125897,2.061542806,0,0,0
co_independent_only,193,1,-0.04131060128,0.9941338315,0.04275017603,103,103,107,103,105,3.324266351,0.3059391657,0,0,0,0
co_independent_only,193,2,0.09101853399,0.9870676417,0.03987086278,104,106,104,104,104,84.69729254,0.5406907208,0,0,0,0
star_plus_co_independent,193,1,0.02671819016,0.9950867943,0.06225534201,103,103,106,105,104,20.61760202,0.3187882836,17.29333567,0,0,0
star_plus_co_independent,193,2,0.1020363636,0.965576288,0.03530395873,103,107,104,104,103,86.75883534,0.5321125897,2.061542806,0,0,0
star_co_plus_hi_ctl49,193,1,0.0215783031,0.9950867943,0.06225534201,103,103,106,105,104,20.61760202,0.3187882836,17.29333567,0,0,0
star_co_plus_hi_ctl49,193,2,0.1028085844,0.965576288,0.03530395873,103,107,104,104,103,86.75883534,0.5321125897,2.061542806,0,0,0
star_only,194,1,-0.08987134933,0.996576244,0.0497039842,103,103,106,104,105,2.611946719,0.389078251,0.7123196325,0.01935116676,0,0
star_only,194,2,0.1096053316,0.9978574177,0.04789490917,103,106,105,104,103,86.53229891,0.5178116555,1.835006375,0.01935116676,0,0
co_independent_only,194,1,-0.04011083364,0.9941338315,0.04275017603,103,103,107,103,105,3.324266351,0.3059391657,0,0,0.006829823563,0
co_independent_only,194,2,0.08543585447,0.9870676417,0.03987086278,104,106,104,104,104,84.69729254,0.5406907208,0,0,0.006829823563,0
star_plus_co_independent,194,1,-0.08589675738,0.996576244,0.0497039842,103,103,106,104,105,2.611946719,0.389078251,0.7123196325,0.01935116676,0.006829823563,0
star_plus_co_independent,194,2,0.1041712683,0.9978574177,0.04789490917,103,106,105,104,103,86.53229891,0.5178116555,1.835006375,0.01935116676,0.006829823563,0
star_co_plus_hi_ctl49,194,1,-0.09413291658,0.996576244,0.0497039842,103,103,106,104,105,2.611946719,0.389078251,0.7123196325,0.01935116676,0.006829823563,0
star_co_plus_hi_ctl49,194,2,0.112689074,0.9978574177,0.04789490917,103,106,105,104,103,86.53229891,0.5178116555,1.835006375,0.01935116676,0.006829823563,0
star_only,195,1,-0.1038093864,0.9837705947,0.04965979469,103,103,107,103,105,-4.562605279,0.3160726043,7.88687163,0.005691519636,0,0
star_only,195,2,0.1018598087,0.9843665805,0.0487611268,103,107,104,104,103,85.907602,0.5407723066,1.210309468,0.005691519636,0,0
co_independent_only,195,1,-0.0405858665,0.9941338315,0.04275017603,103,103,107,103,105,3.324266351,0.3059391657,0,0,0,0
co_independent_only,195,2,0.09120130242,0.9870676417,0.03987086278,104,106,104,104,104,84.69729254,0.5406907208,0,0,0,0
star_plus_co_independent,195,1,-0.1038396547,0.9837705947,0.04965979469,103,103,107,103,105,-4.562605279,0.3160726043,7.88687163,0.005691519636,0,0
star_plus_co_independent,195,2,0.1018015071,0.9843665805,0.0487611268,103,107,104,104,103,85.907602,0.5407723066,1.210309468,0.005691519636,0,0
star_co_plus_hi_ctl49,195,1,-0.1066018647,0.9837705947,0.04965979469,103,103,107,103,105,-4.562605279,0.3160726043,7.88687163,0.005691519636,0,0
star_co_plus_hi_ctl49,195,2,0.1044465121,0.9843665805,0.0487611268,103,107,104,104,103,85.907602,0.5407723066,1.210309468,0.005691519636,0,0
star_only,196,1,-0.1224069006,0.9525081669,0.03115449606,103,105,104,106,103,-9.105996543,0.2341609246,12.43026289,0,0,0
star_only,196,2,0.08247312551,0.911230766,0.03083806163,103,107,104,104,103,85.94956362,0.5402119046,1.252271082,0,0,0
co_independent_only,196,1,-0.03789729478,0.9941338315,0.04275017603,103,103,107,103,105,3.324266351,0.3059391657,0,0,0,0
co_independent_only,196,2,0.08854258646,0.9870676417,0.03987086278,104,106,104,104,104,84.69729254,0.5406907208,0,0,0,0
star_plus_co_independent,196,1,-0.123222899,0.9525081669,0.03115449606,103,105,104,106,103,-9.105996543,0.2341609246,12.43026289,0,0,0
star_plus_co_independent,196,2,0.07919273828,0.911230766,0.03083806163,103,107,104,104,103,85.94956362,0.5402119046,1.252271082,0,0,0
star_co_plus_hi_ctl49,196,1,-0.1210097571,0.9525081669,0.03115449606,103,105,104,106,103,-9.105996543,0.2341609246,12.43026289,0,0,0
star_co_plus_hi_ctl49,196,2,0.07804526475,0.911230766,0.03083806163,103,107,104,104,103,85.94956362,0.5402119046,1.252271082,0,0,0
star_only,197,1,-0.08601369649,0.9731856648,0.04099860041,102,105,105,106,102,-8.053480759,0.3615802827,11.37774711,0.02447353443,0,0
star_only,197,2,0.08590606197,0.9724570769,0.04097763308,102,107,105,104,102,82.96749481,0.4928918051,1.729797725,0.02447353443,0,0
co_independent_only,197,1,-0.04168384779,0.9941338315,0.04275017603,103,103,107,103,105,3.324266351,0.3059391657,0,0,0.008537279454,0
co_independent_only,197,2,0.09141673159,0.9870676417,0.03987086278,104,106,104,104,104,84.69729254,0.5406907208,0,0,0.008537279454,0
star_plus_co_independent,197,1,-0.08673239205,0.9731856648,0.04099860041,102,105,105,106,102,-8.053480759,0.3615802827,11.37774711,0.02447353443,0.008537279454,0
star_plus_co_independent,197,2,0.08646733852,0.9724570769,0.04097763308,102,107,105,104,102,82.96749481,0.4928918051,1.729797725,0.02447353443,0.008537279454,0
star_co_plus_hi_ctl49,197,1,-0.08976774432,0.9731856648,0.04099860041,102,105,105,106,102,-8.053480759,0.3615802827,11.37774711,0.02447353443,0.008537279454,0
star_co_plus_hi_ctl49,197,2,0.08964896139,0.9724570769,0.04097763308,102,107,105,104,102,82.96749481,0.4928918051,1.729797725,0.02447353443,0.008537279454,0
star_only,198,1,-0.09613058441,0.9628151562,0.03964931669,103,103,107,104,104,-6.396139395,0.310404154,9.720405746,0,0,0
star_only,198,2,0.08649655253,0.9621823729,0.04039200982,102,106,105,105,102,84.9522823,0.5103947673,0.2549897653,0,0,0
co_independent_only,198,1,-0.04890424922,0.9941338315,0.04275017603,103,103,107,103,105,3.324266351,0.3059391657,0,0,0.0005691519636,0
co_independent_only,198,2,0.09808726607,0.9870676417,0.03987086278,104,106,104,104,104,84.69729254,0.5406907208,0,0,0.0005691519636,0
star_plus_co_independent,198,1,-0.1027336795,0.9628151562,0.03964931669,103,103,107,104,104,-6.396139395,0.310404154,9.720405746,0,0.0005691519636,0
star_plus_co_independent,198,2,0.09308214123,0.9621823729,0.04039200982,102,106,105,105,102,84.9522823,0.5103947673,0.2549897653,0,0.0005691519636,0
star_co_plus_hi_ctl49,198,1,-0.1029401574,0.9628151562,0.03964931669,103,103,107,104,104,-6.396139395,0.310404154,9.720405746,0,0.0005691519636,0
star_co_plus_hi_ctl49,198,2,0.09291446746,0.9621823729,0.04039200982,102,106,105,105,102,84.9522823,0.5103947673,0.2549897653,0,0.0005691519636,0
star_only,199,1,-0.1308688328,0.9705725488,0.04815859113,100,100,108,103,107,-18.35394542,0.2694392788,21.67821177,0.01138303927,0,0
star_only,199,2,0.08896111188,0.8828869127,0.03581754337,103,107,104,104,103,85.99709945,0.5454383336,1.299806915,0.01138303927,0,0
co_independent_only,199,1,-0.04119999292,0.9941338315,0.04275017603,103,103,107,103,105,3.324266351,0.3059391657,0,0,0,0
co_independent_only,199,2,0.08808202111,0.9870676417,0.03987086278,104,106,104,104,104,84.69729254,0.5406907208,0,0,0,0
star_plus_co_independent,199,1,-0.1282880636,0.9705725488,0.04815859113,100,100,108,103,107,-18.35394542,0.2694392788,21.67821177,0.01138303927,0,0
star_plus_co_independent,199,2,0.08603332545,0.8828869127,0.03581754337,103,107,104,104,103,85.99709945,0.5454383336,1.299806915,0.01138303927,0,0
star_co_plus_hi_ctl49,199,1,-0.1371731157,0.9705725488,0.04815859113,100,100,108,103,107,-18.35394542,0.2694392788,21.67821177,0.01138303927,0,0
star_co_plus_hi_ctl49,199,2,0.09266320882,0.8828869127,0.03581754337,103,107,104,104,103,85.99709945,0.5454383336,1.299806915,0.01138303927,0,0
star_only,200,1,-0.09446035136,0.9812449207,0.04297161349,103,103,106,104,105,-1.582611728,0.3475175293,4.90687808,0,0,0
star_only,200,2,0.1049201268,0.9824407948,0.04289539622,103,107,104,104,103,86.004229,0.5371520569,1.306936466,0,0,0
co_independent_only,200,1,-0.04092083646,0.9941338315,0.04275017603,103,103,107,103,105,3.324266351,0.3059391657,0,0,0.004553215709,0
co_independent_only,200,2,0.09133860753,0.9870676417,0.03987086278,104,106,104,104,104,84.69729254,0.5406907208,0,0,0.004553215709,0
star_plus_co_independent,200,1,-0.09404727045,0.9812449207,0.04297161349,103,103,106,104,105,-1.582611728,0.3475175293,4.90687808,0,0.004553215709,0
star_plus_co_independent,200,2,0.1050223287,0.9824407948,0.04289539622,103,107,104,104,103,86.004229,0.5371520569,1.306936466,0,0.004553215709,0
star_co_plus_hi_ctl49,200,1,-0.09988121466,0.9812449207,0.04297161349,103,103,106,104,105,-1.582611728,0.3475175293,4.90687808,0,0.004553215709,0
star_co_plus_hi_ctl49,200,2,0.1120762547,0.9824407948,0.04289539622,103,107,104,104,103,86.004229,0.5371520569,1.306936466,0,0.004553215709,0
star_only,201,1,-0.07100525126,0.9857830681,0.03282870616,103,105,104,106,103,-8.986167596,0.2711564649,12.31043395,0,0,0
star_only,201,2,0.06674658195,0.9683138863,0.03281628364,102,105,106,102,105,81.51609568,0.5277652732,3.18119685,0,0,0
co_independent_only,201,1,-0.04118924055,0.9941338315,0.04275017603,103,103,107,103,105,3.324266351,0.3059391657,0,0,0,0
co_independent_only,201,2,0.08854484941,0.9870676417,0.03987086278,104,106,104,104,104,84.69729254,0.5406907208,0,0,0,0
star_plus_co_independent,201,1,-0.06741762257,0.9857830681,0.03282870616,103,105,104,106,103,-8.986167596,0.2711564649,12.31043395,0,0,0
star_plus_co_independent,201,2,0.06341157951,0.9683138863,0.03281628364,102,105,106,102,105,81.51609568,0.5277652732,3.18119685,0,0,0
star_co_plus_hi_ctl49,201,1,-0.06858235364,0.9857830681,0.03282870616,103,105,104,106,103,-8.986167596,0.2711564649,12.31043395,0,0,0
star_co_plus_hi_ctl49,201,2,0.06437680444,0.9683138863,0.03281628364,102,105,106,102,105,81.51609568,0.5277652732,3.18119685,0,0,0
star_only,202,1,-0.04059899382,0.990936359,0.05298798149,104,104,104,106,104,15.76629973,0.3503990291,12.44203338,0.006260671599,0,0
star_only,202,2,0.1215287311,0.9867374483,0.04147612082,103,107,103,105,103,88.79265256,0.5177170359,4.095360029,0.006260671599,0,0
co_independent_only,202,1,-0.05007304666,0.9941338315,0.04275017603,103,103,107,103,105,3.324266351,0.3059391657,0,0,0.002276607854,0
co_independent_only,202,2,0.09520363763,0.9870676417,0.03987086278,104,106,104,104,104,84.69729254,0.5406907208,0,0,0.002276607854,0
star_plus_co_independent,202,1,-0.04626077082,0.990936359,0.05298798149,104,104,104,106,104,15.76629973,0.3503990291,12.44203338,0.006260671599,0.002276607854,0
star_plus_co_independent,202,2,0.1243107486,0.9867374483,0.04147612082,103,107,103,105,103,88.79265256,0.5177170359,4.095360029,0.006260671599,0.002276607854,0
star_co_plus_hi_ctl49,202,1,-0.04798102346,0.990936359,0.05298798149,104,104,104,106,104,15.76629973,0.3503990291,12.44203338,0.006260671599,0.002276607854,0
star_co_plus_hi_ctl49,202,2,0.12887695,0.9867374483,0.04147612082,103,107,103,105,103,88.79265256,0.5177170359,4.095360029,0.006260671599,0.002276607854,0
star_only,203,1,-0.01982845892,0.9964483827,0.04459051396,103,103,106,104,105,4.977372481,0.2994986067,1.653106129,0.006829823563,0,0
star_only,203,2,0.08078600202,0.9956346688,0.03596139141,102,108,104,104,102,83.32243127,0.4976538884,1.374861262,0.006829823563,0,0
co_independent_only,203,1,-0.04073013558,0.9941338315,0.04275017603,103,103,107,103,105,3.324266351,0.3059391657,0,0,0,0
co_independent_only,203,2,0.0897614513,0.9870676417,0.03987086278,104,106,104,104,104,84.69729254,0.5406907208,0,0,0,0
star_plus_co_independent,203,1,-0.01703329356,0.9964483827,0.04459051396,103,103,106,104,105,4.977372481,0.2994986067,1.653106129,0.006829823563,0,0
star_plus_co_independent,203,2,0.07932428908,0.9956346688,0.03596139141,102,108,104,104,102,83.32243127,0.4976538884,1.374861262,0.006829823563,0,0
star_co_plus_hi_ctl49,203,1,-0.01815168428,0.9964483827,0.04459051396,103,103,106,104,105,4.977372481,0.2994986067,1.653106129,0.006829823563,0,0
star_co_plus_hi_ctl49,203,2,0.07940740015,0.9956346688,0.03596139141,102,108,104,104,102,83.32243127,0.4976538884,1.374861262,0.006829823563,0,0
star_only,204,1,0.01434950962,0.996852772,0.03933855899,104,104,105,104,105,7.364877038,0.2802350403,4.040610687,0.006829823563,0,0
star_only,204,2,0.08163483939,0.9951213681,0.02833069862,103,107,105,103,103,82.61357708,0.5044280942,2.083715451,0.006829823563,0,0
co_independent_only,204,1,-0.04313300002,0.9941338315,0.04275017603,103,103,107,103,105,3.324266351,0.3059391657,0,0,0.004553215709,0
co_independent_only,204,2,0.09065602783,0.9870676417,0.03987086278,104,106,104,104,104,84.69729254,0.5406907208,0,0,0.004553215709,0
star_plus_co_independent,204,1,0.01360906079,0.996852772,0.03933855899,104,104,105,104,105,7.364877038,0.2802350403,4.040610687,0.006829823563,0.004553215709,0
star_plus_co_independent,204,2,0.08167514592,0.9951213681,0.02833069862,103,107,105,103,103,82.61357708,0.5044280942,2.083715451,0.006829823563,0.004553215709,0
star_co_plus_hi_ctl49,204,1,0.01095609623,0.996852772,0.03933855899,104,104,105,104,105,7.364877038,0.2802350403,4.040610687,0.006829823563,0.004553215709,0
star_co_plus_hi_ctl49,204,2,0.08405679261,0.9951213681,0.02833069862,103,107,105,103,103,82.61357708,0.5044280942,2.083715451,0.006829823563,0.004553215709,0
star_only,205,1,-0.0354082704,0.9971936736,0.05249202451,101,101,108,102,107,3.835386598,0.3432375914,0.5111202462,0.01365964713,0,0
star_only,205,2,0.09394451761,0.9975851131,0.0457912273,103,107,104,104,103,83.79378247,0.5550062572,0.9035100688,0.01365964713,0,0
co_independent_only,205,1,-0.04453378574,0.9941338315,0.04275017603,103,103,107,103,105,3.324266351,0.3059391657,0,0,0.002276607854,0
co_independent_only,205,2,0.09651776045,0.9870676417,0.03987086278,104,106,104,104,104,84.69729254,0.5406907208,0,0,0.002276607854,0
star_plus_co_independent,205,1,-0.0357987864,0.9971936736,0.05249202451,101,101,108,102,107,3.835386598,0.3432375914,0.5111202462,0.01365964713,0.002276607854,0
star_plus_co_independent,205,2,0.0993053066,0.9975851131,0.0457912273,103,107,104,104,103,83.79378247,0.5550062572,0.9035100688,0.01365964713,0.002276607854,0
star_co_plus_hi_ctl49,205,1,-0.03606971758,0.9971936736,0.05249202451,101,101,108,102,107,3.835386598,0.3432375914,0.5111202462,0.01365964713,0.002276607854,0
star_co_plus_hi_ctl49,205,2,0.1028644434,0.9975851131,0.0457912273,103,107,104,104,103,83.79378247,0.5550062572,0.9035100688,0.01365964713,0.002276607854,0
star_only,206,1,-0.007477528917,0.9979179452,0.06062381548,103,103,106,103,106,13.26103008,0.3462719283,9.936763725,0,0,0
star_only,206,2,0.08203615422,0.9987971365,0.04224618777,103,106,106,103,103,82.2715718,0.5246797114,2.425720739,0,0,0
co_independent_only,206,1,-0.04358264304,0.9941338315,0.04275017603,103,103,107,103,105,3.324266351,0.3059391657,0,0,0,0
co_independent_only,206,2,0.08946900427,0.9870676417,0.03987086278,104,106,104,104,104,84.69729254,0.5406907208,0,0,0,0
star_plus_co_independent,206,1,-0.009009829642,0.9979179452,0.06062381548,103,103,106,103,106,13.26103008,0.3462719283,9.936763725,0,0,0
star_plus_co_independent,206,2,0.08037098528,0.9987971365,0.04224618777,103,106,106,103,103,82.2715718,0.5246797114,2.425720739,0,0,0
star_co_plus_hi_ctl49,206,1,-0.01241459132,0.9979179452,0.06062381548,103,103,106,103,106,13.26103008,0.3462719283,9.936763725,0,0,0
star_co_plus_hi_ctl49,206,2,0.078875596,0.9987971365,0.04224618777,103,106,106,103,103,82.2715718,0.5246797114,2.425720739,0,0,0
star_only,207,1,-0.04962447995,0.9939119733,0.04732604675,103,103,105,104,106,0.5382523579,0.3231699805,2.786013993,0.009106431417,0,0
star_only,207,2,0.08599568383,0.9969719247,0.04453189385,103,106,104,105,103,83.98570188,0.532499374,0.7115906554,0.009106431417,0,0
co_independent_only,207,1,-0.03978045992,0.9941338315,0.04275017603,103,103,107,103,105,3.324266351,0.3059391657,0,0,0,0
co_independent_only,207,2,0.0887148096,0.9870676417,0.03987086278,104,106,104,104,104,84.69729254,0.5406907208,0,0,0,0
star_plus_co_independent,207,1,-0.04609527081,0.9939119733,0.04732604675,103,103,105,104,106,0.5382523579,0.3231699805,2.786013993,0.009106431417,0,0
star_plus_co_independent,207,2,0.08331254646,0.9969719247,0.04453189385,103,106,104,105,103,83.98570188,0.532499374,0.7115906554,0.009106431417,0,0
star_co_plus_hi_ctl49,207,1,-0.04797883914,0.9939119733,0.04732604675,103,103,105,104,106,0.5382523579,0.3231699805,2.786013993,0.009106431417,0,0
star_co_plus_hi_ctl49,207,2,0.08680627102,0.9969719247,0.04453189385,103,106,104,105,103,83.98570188,0.532499374,0.7115906554,0.009106431417,0,0
star_only,208,1,0.1493294752,0.9659271825,0.04300848907,103,105,104,106,103,62.96104442,0.1490637715,59.63677807,0,0,0
star_only,208,2,-0.009573485382,0.8504003612,0.009274867787,103,107,104,104,103,85.83013662,0.6041151119,1.132844086,0,0,0
co_independent_only,208,1,-0.04140042225,0.9941338315,0.04275017603,103,103,107,103,105,3.324266351,0.3059391657,0,0,0.01081388731,0
co_independent_only,208,2,0.08972734949,0.9870676417,0.03987086278,104,106,104,104,104,84.69729254,0.5406907208,0,0,0.01081388731,0
star_plus_co_independent,208,1,0.1471242647,0.9659271825,0.04300848907,103,105,104,106,103,62.96104442,0.1490637715,59.63677807,0,0.01081388731,0
star_plus_co_independent,208,2,-0.01083046801,0.8504003612,0.009274867787,103,107,104,104,103,85.83013662,0.6041151119,1.132844086,0,0.01081388731,0
star_co_plus_hi_ctl49,208,1,0.1548818496,0.9659271825,0.04300848907,103,105,104,106,103,62.96104442,0.1490637715,59.63677807,0,0.01081388731,0
star_co_plus_hi_ctl49,208,2,-0.01243135809,0.8504003612,0.009274867787,103,107,104,104,103,85.83013662,0.6041151119,1.132844086,0,0.01081388731,0
star_only,209,1,-0.05168983452,0.9994058967,0.0600889871,103,103,106,103,106,13.21695954,0.3884077605,9.89269319,0.001707455891,0,0
star_only,209,2,0.13531413,0.9936534459,0.04870333404,103,106,104,105,103,89.22005399,0.5588451511,4.522761451,0.001707455891,0,0
co_independent_only,209,1,-0.04087264625,0.9941338315,0.04275017603,103,103,107,103,105,3.324266351,0.3059391657,0,0,0,0
co_independent_only,209,2,0.08673995436,0.9870676417,0.03987086278,104,106,104,104,104,84.69729254,0.5406907208,0,0,0,0
star_plus_co_independent,209,1,-0.04971410959,0.9994058967,0.0600889871,103,103,106,103,106,13.21695954,0.3884077605,9.89269319,0.001707455891,0,0
star_plus_co_independent,209,2,0.1305283129,0.9936534459,0.04870333404,103,106,104,105,103,89.22005399,0.5588451511,4.522761451,0.001707455891,0,0
star_co_plus_hi_ctl49,209,1,-0.04914457323,0.9994058967,0.0600889871,103,103,106,103,106,13.21695954,0.3884077605,9.89269319,0.001707455891,0,0
star_co_plus_hi_ctl49,209,2,0.1287316862,0.9936534459,0.04870333404,103,106,104,105,103,89.22005399,0.5588451511,4.522761451,0.001707455891,0,0
star_only,210,1,-0.06851391227,0.9855708386,0.03474766609,103,104,106,105,103,-2.195381415,0.2846174289,5.519647767,0,0,0
star_only,210,2,0.08731525519,0.9818156401,0.03681221204,103,106,104,105,103,84.83947891,0.5750818465,0.1421863731,0,0,0
co_independent_only,210,1,-0.04605967854,0.9941338315,0.04275017603,103,103,107,103,105,3.324266351,0.3059391657,0,0,0.002845759818,0
co_independent_only,210,2,0.09594245377,0.9870676417,0.03987086278,104,106,104,104,104,84.69729254,0.5406907208,0,0,0.002845759818,0
star_plus_co_independent,210,1,-0.07253711223,0.9855708386,0.03474766609,103,104,106,105,103,-2.195381415,0.2846174289,5.519647767,0,0.002845759818,0
star_plus_co_independent,210,2,0.0919723555,0.9818156401,0.03681221204,103,106,104,105,103,84.83947891,0.5750818465,0.1421863731,0,0.002845759818,0
star_co_plus_hi_ctl49,210,1,-0.07363878033,0.9855708386,0.03474766609,103,104,106,105,103,-2.195381415,0.2846174289,5.519647767,0,0.002845759818,0
star_co_plus_hi_ctl49,210,2,0.09253583471,0.9818156401,0.03681221204,103,106,104,105,103,84.83947891,0.5750818465,0.1421863731,0,0.002845759818,0
star_only,211,1,0.02056484122,0.9933998802,0.06127556477,102,102,107,106,103,26.36878241,0.3747321614,23.04451606,0,0,0
star_only,211,2,0.08347190312,0.9699005103,0.03522248286,103,107,104,104,103,83.80663766,0.509558357,0.8906548711,0,0,0
co_independent_only,211,1,-0.04468456908,0.9941338315,0.04275017603,103,103,107,103,105,3.324266351,0.3059391657,0,0,0.004553215709,0
co_independent_only,211,2,0.09437291378,0.9870676417,0.03987086278,104,106,104,104,104,84.69729254,0.5406907208,0,0,0.004553215709,0
star_plus_co_independent,211,1,0.02233406266,0.9933998802,0.06127556477,102,102,107,106,103,26.36878241,0.3747321614,23.04451606,0,0.004553215709,0
star_plus_co_independent,211,2,0.08618133104,0.9699005103,0.03522248286,103,107,104,104,103,83.80663766,0.509558357,0.8906548711,0,0.004553215709,0
star_co_plus_hi_ctl49,211,1,0.02272783682,0.9933998802,0.06127556477,102,102,107,106,103,26.36878241,0.3747321614,23.04451606,0,0.004553215709,0
star_co_plus_hi_ctl49,211,2,0.08906786289,0.9699005103,0.03522248286,103,107,104,104,103,83.80663766,0.509558357,0.8906548711,0,0.004553215709,0
star_only,212,1,-0.09696911705,0.9792817026,0.04381209635,103,103,107,104,104,-5.862298823,0.3452386315,9.186565174,0,0,0
star_only,212,2,0.09180188379,0.9843778236,0.0433186353,102,106,105,105,102,85.16956026,0.5243253469,0.4722677254,0,0,0
co_independent_only,212,1,-0.04309164021,0.9941338315,0.04275017603,103,103,107,103,105,3.324266351,0.3059391657,0,0,0.0005691519636,0
co_independent_only,212,2,0.09127626172,0.9870676417,0.03987086278,104,106,104,104,104,84.69729254,0.5406907208,0,0,0.0005691519636,0
star_plus_co_independent,212,1,-0.09695490716,0.9792817026,0.04381209635,103,103,107,104,104,-5.862298823,0.3452386315,9.186565174,0,0.0005691519636,0
star_plus_co_independent,212,2,0.09176486614,0.9843778236,0.0433186353,102,106,105,105,102,85.16956026,0.5243253469,0.4722677254,0,0.0005691519636,0
star_co_plus_hi_ctl49,212,1,-0.0937110266,0.9792817026,0.04381209635,103,103,107,104,104,-5.862298823,0.3452386315,9.186565174,0,0.0005691519636,0
star_co_plus_hi_ctl49,212,2,0.08850084173,0.9843778236,0.0433186353,102,106,105,105,102,85.16956026,0.5243253469,0.4722677254,0,0.0005691519636,0
star_only,213,1,-0.01158515684,0.9898849659,0.05235793833,103,103,107,103,105,17.85539691,0.3161314818,14.53113056,0,0,0
star_only,213,2,0.1319522141,0.9742245889,0.03915883883,103,107,104,104,103,89.00433909,0.5631451275,4.307046552,0,0,0
co_independent_only,213,1,-0.04419305963,0.9941338315,0.04275017603,103,103,107,103,105,3.324266351,0.3059391657,0,0,0.003984063745,0
co_independent_only,213,2,0.09263486658,0.9870676417,0.03987086278,104,106,104,104,104,84.69729254,0.5406907208,0,0,0.003984063745,0
star_plus_co_independent,213,1,-0.01035900621,0.9898849659,0.05235793833,103,103,107,103,105,17.85539691,0.3161314818,14.53113056,0,0.003984063745,0
star_plus_co_independent,213,2,0.1317934026,0.9742245889,0.03915883883,103,107,104,104,103,89.00433909,0.5631451275,4.307046552,0,0.003984063745,0
star_co_plus_hi_ctl49,213,1,-0.01292722733,0.9898849659,0.05235793833,103,103,107,103,105,17.85539691,0.3161314818,14.53113056,0,0.003984063745,0
star_co_plus_hi_ctl49,213,2,0.1330322445,0.9742245889,0.03915883883,103,107,104,104,103,89.00433909,0.5631451275,4.307046552,0,0.003984063745,0
star_only,214,1,-0.1050698904,0.9717644738,0.04866941357,103,103,106,104,105,-5.183739362,0.3612876345,8.508005714,0.01479795105,0,0
star_only,214,2,0.09967435592,0.9776765764,0.04731744937,103,107,104,104,103,85.70013463,0.517723504,1.00284209,0.01479795105,0,0
co_independent_only,214,1,-0.04452093763,0.9941338315,0.04275017603,103,103,107,103,105,3.324266351,0.3059391657,0,0,0.002276607854,0
co_independent_only,214,2,0.09160162648,0.9870676417,0.03987086278,104,106,104,104,104,84.69729254,0.5406907208,0,0,0.002276607854,0
star_plus_co_independent,214,1,-0.1050440077,0.9717644738,0.04866941357,103,103,106,104,105,-5.183739362,0.3612876345,8.508005714,0.01479795105,0.002276607854,0
star_plus_co_independent,214,2,0.0997200945,0.9776765764,0.04731744937,103,107,104,104,103,85.70013463,0.517723504,1.00284209,0.01479795105,0.002276607854,0
star_co_plus_hi_ctl49,214,1,-0.1045999008,0.9717644738,0.04866941357,103,103,106,104,105,-5.183739362,0.3612876345,8.508005714,0.01479795105,0.002276607854,0
star_co_plus_hi_ctl49,214,2,0.09928319364,0.9776765764,0.04731744937,103,107,104,104,103,85.70013463,0.517723504,1.00284209,0.01479795105,0.002276607854,0
star_only,215,1,-0.02300589705,0.9984323637,0.07138243916,103,103,105,106,104,15.61956491,0.3340412234,12.29529855,0.001707455891,0,0
star_only,215,2,0.09549506663,0.9999510685,0.04934143838,103,107,104,104,103,85.69452726,0.5327675476,0.9972347249,0.001707455891,0,0
co_independent_only,215,1,-0.04439654997,0.9941338315,0.04275017603,103,103,107,103,105,3.324266351,0.3059391657,0,0,0,0
co_independent_only,215,2,0.09166746084,0.9870676417,0.03987086278,104,106,104,104,104,84.69729254,0.5406907208,0,0,0,0
star_plus_co_independent,215,1,-0.02529724035,0.9984323637,0.07138243916,103,103,105,106,104,15.61956491,0.3340412234,12.29529855,0.001707455891,0,0
star_plus_co_independent,215,2,0.09613622665,0.9999510685,0.04934143838,103,107,104,104,103,85.69452726,0.5327675476,0.9972347249,0.001707455891,0,0
star_co_plus_hi_ctl49,215,1,-0.02326880989,0.9984323637,0.07138243916,103,103,105,106,104,15.61956491,0.3340412234,12.29529855,0.001707455891,0,0
star_co_plus_hi_ctl49,215,2,0.1067587425,0.9999510685,0.04934143838,103,107,104,104,103,85.69452726,0.5327675476,0.9972347249,0.001707455891,0,0
star_only,216,1,-0.07251695278,0.9995682834,0.05985599273,103,103,107,103,105,2.986378972,0.3721538201,0.3378873797,0.0187820148,0,0
star_only,216,2,0.1018169257,0.9963788752,0.05738756581,103,106,105,104,103,84.88061843,0.5486018518,0.1833258916,0.0187820148,0,0
co_independent_only,216,1,-0.04142343663,0.9941338315,0.04275017603,103,103,107,103,105,3.324266351,0.3059391657,0,0,0.001138303927,0
co_independent_only,216,2,0.09186946541,0.9870676417,0.03987086278,104,106,104,104,104,84.69729254,0.5406907208,0,0,0.001138303927,0
star_plus_co_independent,216,1,-0.07147818961,0.9995682834,0.05985599273,103,103,107,103,105,2.986378972,0.3721538201,0.3378873797,0.0187820148,0.001138303927,0
star_plus_co_independent,216,2,0.1027065651,0.9963788752,0.05738756581,103,106,105,104,103,84.88061843,0.5486018518,0.1833258916,0.0187820148,0.001138303927,0
star_co_plus_hi_ctl49,216,1,-0.06904914626,0.9995682834,0.05985599273,103,103,107,103,105,2.986378972,0.3721538201,0.3378873797,0.0187820148,0.001138303927,0
star_co_plus_hi_ctl49,216,2,0.09973065874,0.9963788752,0.05738756581,103,106,105,104,103,84.88061843,0.5486018518,0.1833258916,0.0187820148,0.001138303927,0
star_only,217,1,-0.01762875644,0.9994313288,0.06613566427,103,104,107,103,104,12.15379206,0.3629392347,8.829525709,0.01365964713,0,0
star_only,217,2,0.0986409998,0.9983897554,0.04938020168,103,107,104,104,103,83.77384697,0.5530333234,0.9234455636,0.01365964713,0,0
co_independent_only,217,1,-0.04358323983,0.9941338315,0.04275017603,103,103,107,103,105,3.324266351,0.3059391657,0,0,0.006260671599,0
co_independent_only,217,2,0.09353779551,0.9870676417,0.03987086278,104,106,104,104,104,84.69729254,0.5406907208,0,0,0.006260671599,0
star_plus_co_independent,217,1,-0.01607354063,0.9994313288,0.06613566427,103,104,107,103,104,12.15379206,0.3629392347,8.829525709,0.01365964713,0.006260671599,0
star_plus_co_independent,217,2,0.1012602716,0.9983897554,0.04938020168,103,107,104,104,103,83.77384697,0.5530333234,0.9234455636,0.01365964713,0.006260671599,0
star_co_plus_hi_ctl49,217,1,-0.0144576366,0.9994313288,0.06613566427,103,104,107,103,104,12.15379206,0.3629392347,8.829525709,0.01365964713,0.006260671599,0
star_co_plus_hi_ctl49,217,2,0.1028040232,0.9983897554,0.04938020168,103,107,104,104,103,83.77384697,0.5530333234,0.9234455636,0.01365964713,0.006260671599,0
star_only,218,1,-0.06614930317,0.9941983126,0.04057285003,103,103,106,104,105,2.843714658,0.3059241333,0.4805516932,0,0,0
star_only,218,2,0.103199819,0.9921264286,0.03694223579,103,107,104,104,103,87.07102341,0.5474984461,2.373730878,0,0,0
co_independent_only,218,1,-0.04444372623,0.9941338315,0.04275017603,103,103,107,103,105,3.324266351,0.3059391657,0,0,0.001707455891,0
co_independent_only,218,2,0.092899714,0.9870676417,0.03987086278,104,106,104,104,104,84.69729254,0.5406907208,0,0,0.001707455891,0
star_plus_co_independent,218,1,-0.06724303883,0.9941983126,0.04057285003,103,103,106,104,105,2.843714658,0.3059241333,0.4805516932,0,0.001707455891,0
star_plus_co_independent,218,2,0.104908872,0.9921264286,0.03694223579,103,107,104,104,103,87.07102341,0.5474984461,2.373730878,0,0.001707455891,0
star_co_plus_hi_ctl49,218,1,-0.06219589533,0.9941983126,0.04057285003,103,103,106,104,105,2.843714658,0.3059241333,0.4805516932,0,0.001707455891,0
star_co_plus_hi_ctl49,218,2,0.09991671971,0.9921264286,0.03694223579,103,107,104,104,103,87.07102341,0.5474984461,2.373730878,0,0.001707455891,0
star_only,219,1,-0.07568258693,0.9929271997,0.05067125588,104,104,106,104,104,4.637913278,0.4041622382,1.313646926,0,0,0
star_only,219,2,0.1105457949,0.9947245107,0.0467975135,103,107,104,104,103,86.0572272,0.5406918021,1.359934667,0,0,0
co_independent_only,219,1,-0.04352455909,0.9941338315,0.04275017603,103,103,107,103,105,3.324266351,0.3059391657,0,0,0,0
co_independent_only,219,2,0.09422518774,0.9870676417,0.03987086278,104,106,104,104,104,84.69729254,0.5406907208,0,0,0,0
star_plus_co_independent,219,1,-0.07685543595,0.9929271997,0.05067125588,104,104,106,104,104,4.637913278,0.4041622382,1.313646926,0,0,0
star_plus_co_independent,219,2,0.1139631933,0.9947245107,0.0467975135,103,107,104,104,103,86.0572272,0.5406918021,1.359934667,0,0,0
star_co_plus_hi_ctl49,219,1,-0.07981827416,0.9929271997,0.05067125588,104,104,106,104,104,4.637913278,0.4041622382,1.313646926,0,0,0
star_co_plus_hi_ctl49,219,2,0.1186170123,0.9947245107,0.0467975135,103,107,104,104,103,86.0572272,0.5406918021,1.359934667,0,0,0
star_only,220,1,0.1422884081,0.9402189755,0.04419732534,104,105,104,105,104,61.48247134,0.2205034476,58.15820499,0.004553215709,0,0
star_only,220,2,0.01947641907,0.8082553987,0.01714160336,103,107,104,104,103,83.71254443,0.5670775778,0.9847481064,0.004553215709,0,0
co_independent_only,220,1,-0.04284436555,0.9941338315,0.04275017603,103,103,107,103,105,3.324266351,0.3059391657,0,0,0.001707455891,0
co_independent_only,220,2,0.09075058371,0.9870676417,0.03987086278,104,106,104,104,104,84.69729254,0.5406907208,0,0,0.001707455891,0
star_plus_co_independent,220,1,0.1435775868,0.9402189755,0.04419732534,104,105,104,105,104,61.48247134,0.2205034476,58.15820499,0.004553215709,0.001707455891,0
star_plus_co_independent,220,2,0.01753633682,0.8082553987,0.01714160336,103,107,104,104,103,83.71254443,0.5670775778,0.9847481064,0.004553215709,0.001707455891,0
star_co_plus_hi_ctl49,220,1,0.1476428709,0.9402189755,0.04419732534,104,105,104,105,104,61.48247134,0.2205034476,58.15820499,0.004553215709,0.001707455891,0
star_co_plus_hi_ctl49,220,2,0.01992655212,0.8082553987,0.01714160336,103,107,104,104,103,83.71254443,0.5670775778,0.9847481064,0.004553215709,0.001707455891,0
star_only,221,1,-0.02568798374,0.999736303,0.05471992078,104,104,105,104,105,8.785837025,0.335965836,5.461570674,0,0,0
star_only,221,2,0.0939414428,0.999806257,0.04579764928,103,106,104,105,103,85.2136439,0.5512638006,0.516351363,0,0,0
co_independent_only,221,1,-0.04913451713,0.9941338315,0.04275017603,103,103,107,103,105,3.324266351,0.3059391657,0,0,0,0
co_independent_only,221,2,0.09477058598,0.9870676417,0.03987086278,104,106,104,104,104,84.69729254,0.5406907208,0,0,0,0
star_plus_co_independent,221,1,-0.03209893537,0.999736303,0.05471992078,104,104,105,104,105,8.785837025,0.335965836,5.461570674,0,0,0
star_plus_co_independent,221,2,0.09767473112,0.999806257,0.04579764928,103,106,104,105,103,85.2136439,0.5512638006,0.516351363,0,0,0
star_co_plus_hi_ctl49,221,1,-0.03322270954,0.999736303,0.05471992078,104,104,105,104,105,8.785837025,0.335965836,5.461570674,0,0,0
star_co_plus_hi_ctl49,221,2,0.09981229669,0.999806257,0.04579764928,103,106,104,105,103,85.2136439,0.5512638006,0.516351363,0,0,0
star_only,222,1,-0.1069465012,0.980489,0.03691258811,102,105,105,106,102,-8.462906736,0.290098623,11.78717309,0.02276607854,0,0
star_only,222,2,0.08931900644,0.9623536775,0.03900116383,104,106,104,104,104,84.45318985,0.5532322059,0.2441026869,0.02276607854,0,0
co_independent_only,222,1,-0.04730807743,0.9941338315,0.04275017603,103,103,107,103,105,3.324266351,0.3059391657,0,0,0,0
co_independent_only,222,2,0.09514656909,0.9870676417,0.03987086278,104,106,104,104,104,84.69729254,0.5406907208,0,0,0,0
star_plus_co_independent,222,1,-0.110025929,0.980489,0.03691258811,102,105,105,106,102,-8.462906736,0.290098623,11.78717309,0.02276607854,0,0
star_plus_co_independent,222,2,0.09320463297,0.9623536775,0.03900116383,104,106,104,104,104,84.45318985,0.5532322059,0.2441026869,0.02276607854,0,0
star_co_plus_hi_ctl49,222,1,-0.1081386851,0.980489,0.03691258811,102,105,105,106,102,-8.462906736,0.290098623,11.78717309,0.02276607854,0,0
star_co_plus_hi_ctl49,222,2,0.09178443977,0.9623536775,0.03900116383,104,106,104,104,104,84.45318985,0.5532322059,0.2441026869,0.02276607854,0,0
star_only,223,1,-0.06609306804,0.9972505919,0.03843506411,102,102,107,104,105,1.805528445,0.2866100915,1.518737906,0.009675583381,0,0
star_only,223,2,0.1059454835,0.9968957041,0.03651538186,103,107,104,104,103,85.95633977,0.5745068127,1.259047231,0.009675583381,0,0
co_independent_only,223,1,-0.04260204923,0.9941338315,0.04275017603,103,103,107,103,105,3.324266351,0.3059391657,0,0,0,0
co_independent_only,223,2,0.08852586708,0.9870676417,0.03987086278,104,106,104,104,104,84.69729254,0.5406907208,0,0,0,0
star_plus_co_independent,223,1,-0.06473880454,0.9972505919,0.03843506411,102,102,107,104,105,1.805528445,0.2866100915,1.518737906,0.009675583381,0,0
star_plus_co_independent,223,2,0.1030277103,0.9968957041,0.03651538186,103,107,104,104,103,85.95633977,0.5745068127,1.259047231,0.009675583381,0,0
star_co_plus_hi_ctl49,223,1,-0.06648410651,0.9972505919,0.03843506411,102,102,107,104,105,1.805528445,0.2866100915,1.518737906,0.009675583381,0,0
star_co_plus_hi_ctl49,223,2,0.1037097514,0.9968957041,0.03651538186,103,107,104,104,103,85.95633977,0.5745068127,1.259047231,0.009675583381,0,0
star_only,224,1,-0.09111540456,0.9667698066,0.0449577067,102,105,105,106,102,-8.224574383,0.3570885176,11.54884073,0,0,0
star_only,224,2,0.08770257931,0.9532943897,0.04639521702,103,107,104,104,103,84.26829559,0.496796783,0.4289969422,0,0,0
co_independent_only,224,1,-0.04437441085,0.9941338315,0.04275017603,103,103,107,103,105,3.324266351,0.3059391657,0,0,0.009106431417,0
co_independent_only,224,2,0.09176560835,0.9870676417,0.03987086278,104,106,104,104,104,84.69729254,0.5406907208,0,0,0.009106431417,0
star_plus_co_independent,224,1,-0.0917886897,0.9667698066,0.0449577067,102,105,105,106,102,-8.224574383,0.3570885176,11.54884073,0,0.009106431417,0
star_plus_co_independent,224,2,0.08825362104,0.9532943897,0.04639521702,103,107,104,104,103,84.26829559,0.496796783,0.4289969422,0,0.009106431417,0
star_co_plus_hi_ctl49,224,1,-0.09204147121,0.9667698066,0.0449577067,102,105,105,106,102,-8.224574383,0.3570885176,11.54884073,0,0.009106431417,0
star_co_plus_hi_ctl49,224,2,0.08843060834,0.9532943897,0.04639521702,103,107,104,104,103,84.26829559,0.496796783,0.4289969422,0,0.009106431417,0
star_only,225,1,0.001519353039,0.9901437134,0.03722518838,103,103,106,105,104,4.059895286,0.2204028048,0.7356289347,0.002276607854,0,0
star_only,225,2,0.08152607731,0.9786609003,0.02757519169,103,106,105,104,103,84.9311404,0.5578749153,0.2338478679,0.002276607854,0,0
co_independent_only,225,1,-0.04277226552,0.9941338315,0.04275017603,103,103,107,103,105,3.324266351,0.3059391657,0,0,0.003984063745,0
co_independent_only,225,2,0.0934004323,0.9870676417,0.03987086278,104,106,104,104,104,84.69729254,0.5406907208,0,0,0.003984063745,0
star_plus_co_independent,225,1,0.003657260448,0.9901437134,0.03722518838,103,103,106,105,104,4.059895286,0.2204028048,0.7356289347,0.002276607854,0.003984063745,0
star_plus_co_independent,225,2,0.08310674137,0.9786609003,0.02757519169,103,106,105,104,103,84.9311404,0.5578749153,0.2338478679,0.002276607854,0.003984063745,0
star_co_plus_hi_ctl49,225,1,0.007459006067,0.9901437134,0.03722518838,103,103,106,105,104,4.059895286,0.2204028048,0.7356289347,0.002276607854,0.003984063745,0
star_co_plus_hi_ctl49,225,2,0.08272256349,0.9786609003,0.02757519169,103,106,105,104,103,84.9311404,0.5578749153,0.2338478679,0.002276607854,0.003984063745,0
star_only,226,1,0.03002268692,0.9892126511,0.05379372256,102,102,107,104,105,27.49050511,0.2575917508,24.16623875,0,0,0
star_only,226,2,0.1096323398,0.9858487959,0.02825054838,103,107,103,105,103,88.66761495,0.5124841008,3.970322417,0,0,0
co_independent_only,226,1,-0.04159317692,0.9941338315,0.04275017603,103,103,107,103,105,3.324266351,0.3059391657,0,0,0.006829823563,0
co_independent_only,226,2,0.09150176569,0.9870676417,0.03987086278,104,106,104,104,104,84.69729254,0.5406907208,0,0,0.006829823563,0
star_plus_co_independent,226,1,0.03269752935,0.9892126511,0.05379372256,102,102,107,104,105,27.49050511,0.2575917508,24.16623875,0,0.006829823563,0
star_plus_co_independent,226,2,0.1091322176,0.9858487959,0.02825054838,103,107,103,105,103,88.66761495,0.5124841008,3.970322417,0,0.006829823563,0
star_co_plus_hi_ctl49,226,1,0.02922883487,0.9892126511,0.05379372256,102,102,107,104,105,27.49050511,0.2575917508,24.16623875,0,0.006829823563,0
star_co_plus_hi_ctl49,226,2,0.1108877352,0.9858487959,0.02825054838,103,107,103,105,103,88.66761495,0.5124841008,3.970322417,0,0.006829823563,0
star_only,227,1,0.03804378544,0.9997960161,0.06785727832,104,104,105,104,105,28.63992521,0.2889262671,25.31565886,0.01536710302,0,0
star_only,227,2,0.1020943463,0.9957282603,0.04331641529,103,106,104,105,103,85.26588877,0.55382246,0.568596235,0.01536710302,0,0
co_independent_only,227,1,-0.03918124087,0.9941338315,0.04275017603,103,103,107,103,105,3.324266351,0.3059391657,0,0,0.009675583381,0
co_independent_only,227,2,0.085067737,0.9870676417,0.03987086278,104,106,104,104,104,84.69729254,0.5406907208,0,0,0.009675583381,0
star_plus_co_independent,227,1,0.03922764291,0.9997960161,0.06785727832,104,104,105,104,105,28.63992521,0.2889262671,25.31565886,0.01536710302,0.009675583381,0
star_plus_co_independent,227,2,0.0956956649,0.9957282603,0.04331641529,103,106,104,105,103,85.26588877,0.55382246,0.568596235,0.01536710302,0.009675583381,0
star_co_plus_hi_ctl49,227,1,0.03877477039,0.9997960161,0.06785727832,104,104,105,104,105,28.63992521,0.2889262671,25.31565886,0.01536710302,0.009675583381,0
star_co_plus_hi_ctl49,227,2,0.1016388498,0.9957282603,0.04331641529,103,106,104,105,103,85.26588877,0.55382246,0.568596235,0.01536710302,0.009675583381,0
star_only,228,1,-0.1126187952,0.9795338334,0.04110364818,103,103,107,103,105,-0.5495863121,0.3497231437,3.873852664,0.003414911781,0,0
star_only,228,2,0.1189046977,0.9802302319,0.04008583732,104,106,104,104,104,88.1048033,0.5193566765,3.407510762,0.003414911781,0,0
co_independent_only,228,1,-0.04850429593,0.9941338315,0.04275017603,103,103,107,103,105,3.324266351,0.3059391657,0,0,0.001138303927,0
co_independent_only,228,2,0.09388804032,0.9870676417,0.03987086278,104,106,104,104,104,84.69729254,0.5406907208,0,0,0.001138303927,0
star_plus_co_independent,228,1,-0.1154680879,0.9795338334,0.04110364818,103,103,107,103,105,-0.5495863121,0.3497231437,3.873852664,0.003414911781,0.001138303927,0
star_plus_co_independent,228,2,0.1214694923,0.9802302319,0.04008583732,104,106,104,104,104,88.1048033,0.5193566765,3.407510762,0.003414911781,0.001138303927,0
star_co_plus_hi_ctl49,228,1,-0.1240539294,0.9795338334,0.04110364818,103,103,107,103,105,-0.5495863121,0.3497231437,3.873852664,0.003414911781,0.001138303927,0
star_co_plus_hi_ctl49,228,2,0.1304200345,0.9802302319,0.04008583732,104,106,104,104,104,88.1048033,0.5193566765,3.407510762,0.003414911781,0.001138303927,0
star_only,229,1,0.07098684023,0.9899215931,0.06681789064,101,101,107,105,105,27.24217724,0.2454128793,23.91791089,0,0,0
star_only,229,2,0.06873055398,0.9814926869,0.02897085217,103,106,106,103,103,82.29662754,0.5571910205,2.400664996,0,0,0
co_independent_only,229,1,-0.03622765598,0.9941338315,0.04275017603,103,103,107,103,105,3.324266351,0.3059391657,0,0,0,0
co_independent_only,229,2,0.08321775402,0.9870676417,0.03987086278,104,106,104,104,104,84.69729254,0.5406907208,0,0,0,0
star_plus_co_independent,229,1,0.07297032447,0.9899215931,0.06681789064,101,101,107,105,105,27.24217724,0.2454128793,23.91791089,0,0,0
star_plus_co_independent,229,2,0.06101794417,0.9814926869,0.02897085217,103,106,106,103,103,82.29662754,0.5571910205,2.400664996,0,0,0
star_co_plus_hi_ctl49,229,1,0.06966566265,0.9899215931,0.06681789064,101,101,107,105,105,27.24217724,0.2454128793,23.91791089,0,0,0
star_co_plus_hi_ctl49,229,2,0.06219236556,0.9814926869,0.02897085217,103,106,106,103,103,82.29662754,0.5571910205,2.400664996,0,0,0
star_only,230,1,-0.115757613,0.984237608,0.04518077104,104,104,105,104,105,-12.32175709,0.3085103514,15.64602344,0.002276607854,0,0
star_only,230,2,0.09094941958,0.9619710332,0.0435167473,103,106,104,105,103,84.74823746,0.5609207769,0.05094492705,0.002276607854,0,0
co_independent_only,230,1,-0.04012231887,0.9941338315,0.04275017603,103,103,107,103,105,3.324266351,0.3059391657,0,0,0.00796812749,0
co_independent_only,230,2,0.08921481106,0.9870676417,0.03987086278,104,106,104,104,104,84.69729254,0.5406907208,0,0,0.00796812749,0
star_plus_co_independent,230,1,-0.1153699846,0.984237608,0.04518077104,104,104,105,104,105,-12.32175709,0.3085103514,15.64602344,0.002276607854,0.00796812749,0
star_plus_co_independent,230,2,0.08891201999,0.9619710332,0.0435167473,103,106,104,105,103,84.74823746,0.5609207769,0.05094492705,0.002276607854,0.00796812749,0
star_co_plus_hi_ctl49,230,1,-0.119081066,0.984237608,0.04518077104,104,104,105,104,105,-12.32175709,0.3085103514,15.64602344,0.002276607854,0.00796812749,0
star_co_plus_hi_ctl49,230,2,0.09674645109,0.9619710332,0.0435167473,103,106,104,105,103,84.74823746,0.5609207769,0.05094492705,0.002276607854,0.00796812749,0
star_only,231,1,-0.08458769389,0.9792315908,0.05007564661,103,103,106,104,105,-1.789272797,0.3886806661,5.113539148,0.003414911781,0,0
star_only,231,2,0.09579089483,0.9817129361,0.04943171631,103,107,104,104,103,85.57650418,0.5469483632,0.8792116402,0.003414911781,0,0
co_independent_only,231,1,-0.04194956121,0.9941338315,0.04275017603,103,103,107,103,105,3.324266351,0.3059391657,0,0,0.002276607854,0
co_independent_only,231,2,0.09264502655,0.9870676417,0.03987086278,104,106,104,104,104,84.69729254,0.5406907208,0,0,0.002276607854,0
star_plus_co_independent,231,1,-0.08498489638,0.9792315908,0.05007564661,103,103,106,104,105,-1.789272797,0.3886806661,5.113539148,0.003414911781,0.002276607854,0
star_plus_co_independent,231,2,0.09681749307,0.9817129361,0.04943171631,103,107,104,104,103,85.57650418,0.5469483632,0.8792116402,0.003414911781,0.002276607854,0
star_co_plus_hi_ctl49,231,1,-0.09397431562,0.9792315908,0.05007564661,103,103,106,104,105,-1.789272797,0.3886806661,5.113539148,0.003414911781,0.002276607854,0
star_co_plus_hi_ctl49,231,2,0.1054543237,0.9817129361,0.04943171631,103,107,104,104,103,85.57650418,0.5469483632,0.8792116402,0.003414911781,0.002276607854,0
star_only,232,1,-0.041238914,0.9995406622,0.04963761183,103,103,107,103,105,5.864137818,0.3745958345,2.539871466,0.01479795105,0,0
star_only,232,2,0.1000427412,0.9981111337,0.04381090582,103,106,104,105,103,85.18800345,0.529061004,0.4907109117,0.01479795105,0,0
co_independent_only,232,1,-0.0482606707,0.9941338315,0.04275017603,103,103,107,103,105,3.324266351,0.3059391657,0,0,0.009106431417,0
co_independent_only,232,2,0.09532615028,0.9870676417,0.03987086278,104,106,104,104,104,84.69729254,0.5406907208,0,0,0.009106431417,0
star_plus_co_independent,232,1,-0.04590337625,0.9995406622,0.04963761183,103,103,107,103,105,5.864137818,0.3745958345,2.539871466,0.01479795105,0.009106431417,0
star_plus_co_independent,232,2,0.1039580038,0.9981111337,0.04381090582,103,106,104,105,103,85.18800345,0.529061004,0.4907109117,0.01479795105,0.009106431417,0
star_co_plus_hi_ctl49,232,1,-0.04573366958,0.9995406622,0.04963761183,103,103,107,103,105,5.864137818,0.3745958345,2.539871466,0.01479795105,0.009106431417,0
star_co_plus_hi_ctl49,232,2,0.1069329483,0.9981111337,0.04381090582,103,106,104,105,103,85.18800345,0.529061004,0.4907109117,0.01479795105,0.009106431417,0
star_only,233,1,-0.01844564279,0.9996057734,0.06430982744,103,103,107,104,104,11.45322411,0.3900053098,8.128957763,0.01138303927,0,0
star_only,233,2,0.08747632947,0.9999761252,0.04668792956,103,107,105,103,103,82.76827922,0.5158170586,1.929013311,0.01138303927,0,0
co_independent_only,233,1,-0.04145819811,0.9941338315,0.04275017603,103,103,107,103,105,3.324266351,0.3059391657,0,0,0,0
co_independent_only,233,2,0.09031697218,0.9870676417,0.03987086278,104,106,104,104,104,84.69729254,0.5406907208,0,0,0,0
star_plus_co_independent,233,1,-0.01722555902,0.9996057734,0.06430982744,103,103,107,104,104,11.45322411,0.3900053098,8.128957763,0.01138303927,0,0
star_plus_co_independent,233,2,0.08636181755,0.9999761252,0.04668792956,103,107,105,103,103,82.76827922,0.5158170586,1.929013311,0.01138303927,0,0
star_co_plus_hi_ctl49,233,1,-0.01812319398,0.9996057734,0.06430982744,103,103,107,104,104,11.45322411,0.3900053098,8.128957763,0.01138303927,0,0
star_co_plus_hi_ctl49,233,2,0.08520858144,0.9999761252,0.04668792956,103,107,105,103,103,82.76827922,0.5158170586,1.929013311,0.01138303927,0,0
star_only,234,1,-0.00443002787,0.9956596944,0.04977672133,102,102,107,103,106,5.498011316,0.2866706027,2.173744964,0.01024473534,0,0
star_only,234,2,0.0841454479,0.9867610392,0.03507717063,103,107,105,103,103,82.65307363,0.5583029687,2.044218904,0.01024473534,0,0
co_independent_only,234,1,-0.04454158201,0.9941338315,0.04275017603,103,103,107,103,105,3.324266351,0.3059391657,0,0,0.0005691519636,0
co_independent_only,234,2,0.09339090864,0.9870676417,0.03987086278,104,106,104,104,104,84.69729254,0.5406907208,0,0,0.0005691519636,0
star_plus_co_independent,234,1,-0.005189756591,0.9956596944,0.04977672133,102,102,107,103,106,5.498011316,0.2866706027,2.173744964,0.01024473534,0.0005691519636,0
star_plus_co_independent,234,2,0.08666188926,0.9867610392,0.03507717063,103,107,105,103,103,82.65307363,0.5583029687,2.044218904,0.01024473534,0.0005691519636,0
star_co_plus_hi_ctl49,234,1,0.0006412761543,0.9956596944,0.04977672133,102,102,107,103,106,5.498011316,0.2866706027,2.173744964,0.01024473534,0.0005691519636,0
star_co_plus_hi_ctl49,234,2,0.07676227771,0.9867610392,0.03507717063,103,107,105,103,103,82.65307363,0.5583029687,2.044218904,0.01024473534,0.0005691519636,0
star_only,235,1,-0.07401611566,0.9883520877,0.03949954195,102,102,107,104,105,1.397657358,0.2934304306,1.926608993,0,0,0
star_only,235,2,0.1024341732,0.9900651289,0.03681748453,103,107,104,104,103,86.93761722,0.522993953,2.240324682,0,0,0
co_independent_only,235,1,-0.04502091859,0.9941338315,0.04275017603,103,103,107,103,105,3.324266351,0.3059391657,0,0,0.0005691519636,0
co_independent_only,235,2,0.0940584373,0.9870676417,0.03987086278,104,106,104,104,104,84.69729254,0.5406907208,0,0,0.0005691519636,0
star_plus_co_independent,235,1,-0.07603638175,0.9883520877,0.03949954195,102,102,107,104,105,1.397657358,0.2934304306,1.926608993,0,0.0005691519636,0
star_plus_co_independent,235,2,0.1047553767,0.9900651289,0.03681748453,103,107,104,104,103,86.93761722,0.522993953,2.240324682,0,0.0005691519636,0
star_co_plus_hi_ctl49,235,1,-0.07109131611,0.9883520877,0.03949954195,102,102,107,104,105,1.397657358,0.2934304306,1.926608993,0,0.0005691519636,0
star_co_plus_hi_ctl49,235,2,0.1004827634,0.9900651289,0.03681748453,103,107,104,104,103,86.93761722,0.522993953,2.240324682,0,0.0005691519636,0
star_only,236,1,-0.1185777294,0.9453448489,0.03988184118,103,103,105,104,106,-24.13403236,0.1978204239,27.45829871,0,0,0
star_only,236,2,0.06490386481,0.8652758494,0.03166648001,101,103,101,108,106,79.65060246,0.5407066095,5.046690075,0,0,0
co_independent_only,236,1,-0.0441776269,0.9941338315,0.04275017603,103,103,107,103,105,3.324266351,0.3059391657,0,0,0.007398975526,0
co_independent_only,236,2,0.09191659135,0.9870676417,0.03987086278,104,106,104,104,104,84.69729254,0.5406907208,0,0,0.007398975526,0
star_plus_co_independent,236,1,-0.118840634,0.9453448489,0.03988184118,103,103,105,104,106,-24.13403236,0.1978204239,27.45829871,0,0.007398975526,0
star_plus_co_independent,236,2,0.06605499773,0.8652758494,0.03166648001,101,103,101,108,106,79.65060246,0.5407066095,5.046690075,0,0.007398975526,0
star_co_plus_hi_ctl49,236,1,-0.1106169784,0.9453448489,0.03988184118,103,103,105,104,106,-24.13403236,0.1978204239,27.45829871,0,0.007398975526,0
star_co_plus_hi_ctl49,236,2,0.06559656294,0.8652758494,0.03166648001,101,103,101,108,106,79.65060246,0.5407066095,5.046690075,0,0.007398975526,0
star_only,237,1,-0.09620938518,0.9706804634,0.03993335408,103,103,106,104,105,-6.106285883,0.3209938325,9.430552234,0,0,0
star_only,237,2,0.09094541041,0.9604666153,0.04044719076,104,106,104,104,104,84.42685241,0.5644058045,0.2704401252,0,0,0
co_independent_only,237,1,-0.03392087016,0.9941338315,0.04275017603,103,103,107,103,105,3.324266351,0.3059391657,0,0,0.01024473534,0
co_independent_only,237,2,0.082635535,0.9870676417,0.03987086278,104,106,104,104,104,84.69729254,0.5406907208,0,0,0.01024473534,0
star_plus_co_independent,237,1,-0.08776417108,0.9706804634,0.03993335408,103,103,106,104,105,-6.106285883,0.3209938325,9.430552234,0,0.01024473534,0
star_plus_co_independent,237,2,0.08227564146,0.9604666153,0.04044719076,104,106,104,104,104,84.42685241,0.5644058045,0.2704401252,0,0.01024473534,0
star_co_plus_hi_ctl49,237,1,-0.09013399281,0.9706804634,0.03993335408,103,103,106,104,105,-6.106285883,0.3209938325,9.430552234,0,0.01024473534,0
star_co_plus_hi_ctl49,237,2,0.08471870117,0.9604666153,0.04044719076,104,106,104,104,104,84.42685241,0.5644058045,0.2704401252,0,0.01024473534,0
star_only,238,1,0.07262124311,0.9945395134,0.06690258891,103,104,105,103,106,28.43400095,0.2426763949,25.1097346,0,0,0
star_only,238,2,0.08643230699,0.9555158177,0.02394599841,103,107,104,104,103,85.50725137,0.5643878896,0.8099588322,0,0,0
co_independent_only,238,1,-0.04723554116,0.9941338315,0.04275017603,103,103,107,103,105,3.324266351,0.3059391657,0,0,0,0
co_independent_only,238,2,0.09327334271,0.9870676417,0.03987086278,104,106,104,104,104,84.69729254,0.5406907208,0,0,0,0
star_plus_co_independent,238,1,0.06961796373,0.9945395134,0.06690258891,103,104,105,103,106,28.43400095,0.2426763949,25.1097346,0,0,0
star_plus_co_independent,238,2,0.08868011755,0.9555158177,0.02394599841,103,107,104,104,103,85.50725137,0.5643878896,0.8099588322,0,0,0
star_co_plus_hi_ctl49,238,1,0.06710098362,0.9945395134,0.06690258891,103,104,105,103,106,28.43400095,0.2426763949,25.1097346,0,0,0
star_co_plus_hi_ctl49,238,2,0.09148449959,0.9555158177,0.02394599841,103,107,104,104,103,85.50725137,0.5643878896,0.8099588322,0,0,0
star_only,239,1,-0.019074619,0.9932828037,0.04979452132,103,104,106,103,105,9.227056645,0.2496570119,5.902790293,0.001138303927,0,0
star_only,239,2,0.08649192721,0.9757027333,0.03755602265,103,107,104,104,103,86.01639795,0.4980480839,1.319105412,0.001138303927,0,0
co_independent_only,239,1,-0.0455127762,0.9941338315,0.04275017603,103,103,107,103,105,3.324266351,0.3059391657,0,0,0.001707455891,0
co_independent_only,239,2,0.09158863716,0.9870676417,0.03987086278,104,106,104,104,104,84.69729254,0.5406907208,0,0,0.001707455891,0
star_plus_co_independent,239,1,-0.02195232833,0.9932828037,0.04979452132,103,104,106,103,105,9.227056645,0.2496570119,5.902790293,0.001138303927,0.001707455891,0
star_plus_co_independent,239,2,0.08722360954,0.9757027333,0.03755602265,103,107,104,104,103,86.01639795,0.4980480839,1.319105412,0.001138303927,0.001707455891,0
star_co_plus_hi_ctl49,239,1,-0.02285869493,0.9932828037,0.04979452132,103,104,106,103,105,9.227056645,0.2496570119,5.902790293,0.001138303927,0.001707455891,0
star_co_plus_hi_ctl49,239,2,0.08492631669,0.9757027333,0.03755602265,103,107,104,104,103,86.01639795,0.4980480839,1.319105412,0.001138303927,0.001707455891,0
star_only,240,1,-0.08587855661,0.9641936882,0.0390842124,102,102,108,104,104,-6.896606687,0.3209380767,10.22087304,0,0,0
star_only,240,2,0.08356500873,0.9670913042,0.04031279166,103,107,104,104,103,83.37537544,0.5460945172,1.321917093,0,0,0
co_independent_only,240,1,-0.04675906065,0.9941338315,0.04275017603,103,103,107,103,105,3.324266351,0.3059391657,0,0,0.01024473534,0
co_independent_only,240,2,0.09174382263,0.9870676417,0.03987086278,104,106,104,104,104,84.69729254,0.5406907208,0,0,0.01024473534,0
star_plus_co_independent,240,1,-0.08695426491,0.9641936882,0.0390842124,102,102,108,104,104,-6.896606687,0.3209380767,10.22087304,0,0.01024473534,0
star_plus_co_independent,240,2,0.08458316432,0.9670913042,0.04031279166,103,107,104,104,103,83.37537544,0.5460945172,1.321917093,0,0.01024473534,0
star_co_plus_hi_ctl49,240,1,-0.09206265099,0.9641936882,0.0390842124,102,102,108,104,104,-6.896606687,0.3209380767,10.22087304,0,0.01024473534,0
star_co_plus_hi_ctl49,240,2,0.08943916334,0.9670913042,0.04031279166,103,107,104,104,103,83.37537544,0.5460945172,1.321917093,0,0.01024473534,0
star_only,241,1,-0.06848792857,0.9894261186,0.03963786955,102,102,107,104,105,2.499544918,0.304225639,0.8247214331,0.02561183836,0,0
star_only,241,2,0.1046130661,0.9915179106,0.03784119902,103,107,104,104,103,86.14311454,0.5065893797,1.445822007,0.02561183836,0,0
co_independent_only,241,1,-0.04772241451,0.9941338315,0.04275017603,103,103,107,103,105,3.324266351,0.3059391657,0,0,0.00796812749,0
co_independent_only,241,2,0.09670369679,0.9870676417,0.03987086278,104,106,104,104,104,84.69729254,0.5406907208,0,0,0.00796812749,0
star_plus_co_independent,241,1,-0.07357887865,0.9894261186,0.03963786955,102,102,107,104,105,2.499544918,0.304225639,0.8247214331,0.02561183836,0.00796812749,0
star_plus_co_independent,241,2,0.1105760392,0.9915179106,0.03784119902,103,107,104,104,103,86.14311454,0.5065893797,1.445822007,0.02561183836,0.00796812749,0
star_co_plus_hi_ctl49,241,1,-0.07553622229,0.9894261186,0.03963786955,102,102,107,104,105,2.499544918,0.304225639,0.8247214331,0.02561183836,0.00796812749,0
star_co_plus_hi_ctl49,241,2,0.1123788871,0.9915179106,0.03784119902,103,107,104,104,103,86.14311454,0.5065893797,1.445822007,0.02561183836,0.00796812749,0
star_only,242,1,-0.01928126576,0.9886725282,0.04051804587,102,102,107,104,105,-0.0229214366,0.3044848749,3.347187788,0,0,0
star_only,242,2,0.07279582966,0.9791985896,0.03393316947,103,107,105,103,103,82.32438481,0.5332045789,2.372907723,0,0,0
co_independent_only,242,1,-0.04228646586,0.9941338315,0.04275017603,103,103,107,103,105,3.324266351,0.3059391657,0,0,0.002845759818,0
co_independent_only,242,2,0.08611153933,0.9870676417,0.03987086278,104,106,104,104,104,84.69729254,0.5406907208,0,0,0.002845759818,0
star_plus_co_independent,242,1,-0.01873038988,0.9886725282,0.04051804587,102,102,107,104,105,-0.0229214366,0.3044848749,3.347187788,0,0.002845759818,0
star_plus_co_independent,242,2,0.06758841563,0.9791985896,0.03393316947,103,107,105,103,103,82.32438481,0.5332045789,2.372907723,0,0.002845759818,0
star_co_plus_hi_ctl49,242,1,-0.01511091117,0.9886725282,0.04051804587,102,102,107,104,105,-0.0229214366,0.3044848749,3.347187788,0,0.002845759818,0
star_co_plus_hi_ctl49,242,2,0.06284899823,0.9791985896,0.03393316947,103,107,105,103,103,82.32438481,0.5332045789,2.372907723,0,0.002845759818,0
star_only,243,1,-0.1097477448,0.9526175876,0.03993910349,102,102,106,105,105,-5.034129103,0.3314388987,8.358395454,0,0,0
star_only,243,2,0.1042123233,0.9556129927,0.03942153976,103,107,104,104,103,86.18221316,0.5494659736,1.484920624,0,0,0
co_independent_only,243,1,-0.03966764777,0.9941338315,0.04275017603,103,103,107,103,105,3.324266351,0.3059391657,0,0,0.001138303927,0
co_independent_only,243,2,0.08883714492,0.9870676417,0.03987086278,104,106,104,104,104,84.69729254,0.5406907208,0,0,0.001138303927,0
star_plus_co_independent,243,1,-0.1073027372,0.9526175876,0.03993910349,102,102,106,105,105,-5.034129103,0.3314388987,8.358395454,0,0.001138303927,0
star_plus_co_independent,243,2,0.1015460245,0.9556129927,0.03942153976,103,107,104,104,103,86.18221316,0.5494659736,1.484920624,0,0.001138303927,0
star_co_plus_hi_ctl49,243,1,-0.1056092204,0.9526175876,0.03993910349,102,102,106,105,105,-5.034129103,0.3314388987,8.358395454,0,0.001138303927,0
star_co_plus_hi_ctl49,243,2,0.0998250391,0.9556129927,0.03942153976,103,107,104,104,103,86.18221316,0.5494659736,1.484920624,0,0.001138303927,0
star_only,244,1,0.004262726048,0.9997816959,0.0482455145,104,104,105,104,105,8.734955743,0.294553009,5.410689392,0,0,0
star_only,244,2,0.08358594672,0.9999955776,0.03222639162,103,106,106,103,103,82.21922928,0.5376372841,2.478063253,0,0,0
co_independent_only,244,1,-0.0387940334,0.9941338315,0.04275017603,103,103,107,103,105,3.324266351,0.3059391657,0,0,0,0
co_independent_only,244,2,0.0879218623,0.9870676417,0.03987086278,104,106,104,104,104,84.69729254,0.5406907208,0,0,0,0
star_plus_co_independent,244,1,0.008896722359,0.9997816959,0.0482455145,104,104,105,104,105,8.734955743,0.294553009,5.410689392,0,0,0
star_plus_co_independent,244,2,0.08060709253,0.9999955776,0.03222639162,103,106,106,103,103,82.21922928,0.5376372841,2.478063253,0,0,0
star_co_plus_hi_ctl49,244,1,0.008503614103,0.9997816959,0.0482455145,104,104,105,104,105,8.734955743,0.294553009,5.410689392,0,0,0
star_co_plus_hi_ctl49,244,2,0.08178649126,0.9999955776,0.03222639162,103,106,106,103,103,82.21922928,0.5376372841,2.478063253,0,0,0
star_only,245,1,0.01961833402,0.9978208358,0.06845424508,101,101,107,103,107,17.01591018,0.3262833566,13.69164383,0,0,0
star_only,245,2,0.09818184516,0.9891208261,0.04435649568,104,106,104,104,104,84.71156415,0.5581625042,0.01427161481,0,0,0
co_independent_only,245,1,-0.04708608748,0.9941338315,0.04275017603,103,103,107,103,105,3.324266351,0.3059391657,0,0,0,0
co_independent_only,245,2,0.09604524153,0.9870676417,0.03987086278,104,106,104,104,104,84.69729254,0.5406907208,0,0,0,0
star_plus_co_independent,245,1,0.01816799265,0.9978208358,0.06845424508,101,101,107,103,107,17.01591018,0.3262833566,13.69164383,0,0,0
star_plus_co_independent,245,2,0.1029604126,0.9891208261,0.04435649568,104,106,104,104,104,84.71156415,0.5581625042,0.01427161481,0,0,0
star_co_plus_hi_ctl49,245,1,0.02159650496,0.9978208358,0.06845424508,101,101,107,103,107,17.01591018,0.3262833566,13.69164383,0,0,0
star_co_plus_hi_ctl49,245,2,0.1058268983,0.9891208261,0.04435649568,104,106,104,104,104,84.71156415,0.5581625042,0.01427161481,0,0,0
star_only,246,1,-0.007092756425,0.9978109682,0.05022259735,103,103,106,103,106,13.25057324,0.3084614986,9.926306884,0,0,0
star_only,246,2,0.1013969469,0.9989370752,0.03642325766,103,107,104,104,103,86.76524867,0.543291915,2.067956136,0,0,0
co_independent_only,246,1,-0.03853906612,0.9941338315,0.04275017603,103,103,107,103,105,3.324266351,0.3059391657,0,0,0.001138303927,0
co_independent_only,246,2,0.08403739916,0.9870676417,0.03987086278,104,106,104,104,104,84.69729254,0.5406907208,0,0,0.001138303927,0
star_plus_co_independent,246,1,-0.004586277728,0.9978109682,0.05022259735,103,103,106,103,106,13.25057324,0.3084614986,9.926306884,0,0.001138303927,0
star_plus_co_independent,246,2,0.0940910347,0.9989370752,0.03642325766,103,107,104,104,103,86.76524867,0.543291915,2.067956136,0,0.001138303927,0
star_co_plus_hi_ctl49,246,1,-0.01140555146,0.9978109682,0.05022259735,103,103,106,103,106,13.25057324,0.3084614986,9.926306884,0,0.001138303927,0
star_co_plus_hi_ctl49,246,2,0.1044007732,0.9989370752,0.03642325766,103,107,104,104,103,86.76524867,0.543291915,2.067956136,0,0.001138303927,0
star_only,247,1,-0.07629124209,0.9919769197,0.04857089307,103,103,107,104,104,-0.1002098016,0.3176331071,3.424476153,0.02902675014,0,0
star_only,247,2,0.09999528692,0.9900828249,0.04727105269,103,107,104,104,103,85.88121516,0.5439535961,1.183922623,0.02902675014,0,0
co_independent_only,247,1,-0.04591404329,0.9941338315,0.04275017603,103,103,107,103,105,3.324266351,0.3059391657,0,0,0.001707455891,0
co_independent_only,247,2,0.09455684763,0.9870676417,0.03987086278,104,106,104,104,104,84.69729254,0.5406907208,0,0,0.001707455891,0
star_plus_co_independent,247,1,-0.07909298668,0.9919769197,0.04857089307,103,103,107,104,104,-0.1002098016,0.3176331071,3.424476153,0.02902675014,0.001707455891,0
star_plus_co_independent,247,2,0.1030515885,0.9900828249,0.04727105269,103,107,104,104,103,85.88121516,0.5439535961,1.183922623,0.02902675014,0.001707455891,0
star_co_plus_hi_ctl49,247,1,-0.08573022937,0.9919769197,0.04857089307,103,103,107,104,104,-0.1002098016,0.3176331071,3.424476153,0.02902675014,0.001707455891,0
star_co_plus_hi_ctl49,247,2,0.1081872153,0.9900828249,0.04727105269,103,107,104,104,103,85.88121516,0.5439535961,1.183922623,0.02902675014,0.001707455891,0
star_only,248,1,-0.1168760432,0.9532173803,0.04344882945,103,103,106,104,105,-12.50561992,0.3412996998,15.82988627,0,0,0
star_only,248,2,0.09521317803,0.9125328682,0.04279340047,103,106,104,105,103,84.77776636,0.5420674477,0.08047382256,0,0,0
co_independent_only,248,1,-0.04471244149,0.9941338315,0.04275017603,103,103,107,103,105,3.324266351,0.3059391657,0,0,0.001707455891,0
co_independent_only,248,2,0.09549841864,0.9870676417,0.03987086278,104,106,104,104,104,84.69729254,0.5406907208,0,0,0.001707455891,0
star_plus_co_independent,248,1,-0.1226817487,0.9532173803,0.04344882945,103,103,106,104,105,-12.50561992,0.3412996998,15.82988627,0,0.001707455891,0
star_plus_co_independent,248,2,0.0995086991,0.9125328682,0.04279340047,103,106,104,105,103,84.77776636,0.5420674477,0.08047382256,0,0.001707455891,0
star_co_plus_hi_ctl49,248,1,-0.1256915094,0.9532173803,0.04344882945,103,103,106,104,105,-12.50561992,0.3412996998,15.82988627,0,0.001707455891,0
star_co_plus_hi_ctl49,248,2,0.1033099718,0.9125328682,0.04279340047,103,106,104,105,103,84.77776636,0.5420674477,0.08047382256,0,0.001707455891,0
star_only,249,1,-0.001017634323,0.9961286341,0.05316262751,103,103,107,104,104,6.644681776,0.3000965248,3.320415424,0,0,0
star_only,249,2,0.0830334483,0.9972592798,0.0416747517,104,106,104,104,104,84.57345461,0.6087630399,0.1238379201,0,0,0
co_independent_only,249,1,-0.04344783158,0.9941338315,0.04275017603,103,103,107,103,105,3.324266351,0.3059391657,0,0,0,0
co_independent_only,249,2,0.09287160677,0.9870676417,0.03987086278,104,106,104,104,104,84.69729254,0.5406907208,0,0,0,0
star_plus_co_independent,249,1,-0.000111795151,0.9961286341,0.05316262751,103,103,107,104,104,6.644681776,0.3000965248,3.320415424,0,0,0
star_plus_co_independent,249,2,0.08458233965,0.9972592798,0.0416747517,104,106,104,104,104,84.57345461,0.6087630399,0.1238379201,0,0,0
star_co_plus_hi_ctl49,249,1,0.001326826482,0.9961286341,0.05316262751,103,103,107,104,104,6.644681776,0.3000965248,3.320415424,0,0,0
star_co_plus_hi_ctl49,249,2,0.08405131598,0.9972592798,0.0416747517,104,106,104,104,104,84.57345461,0.6087630399,0.1238379201,0,0,0
star_only,250,1,0.06619242147,0.9509373854,0.02979896358,103,103,107,104,104,6.701710412,0.1373513954,3.377444061,0,0,0
star_only,250,2,0.05393938612,0.8448099584,0.01461913419,103,107,104,104,103,84.3089214,0.5816968829,0.3883711365,0,0,0
co_independent_only,250,1,-0.04060830747,0.9941338315,0.04275017603,103,103,107,103,105,3.324266351,0.3059391657,0,0,0.01138303927,0
co_independent_only,250,2,0.08946792834,0.9870676417,0.03987086278,104,106,104,104,104,84.69729254,0.5406907208,0,0,0.01138303927,0
star_plus_co_independent,250,1,0.068733307,0.9509373854,0.02979896358,103,103,107,104,104,6.701710412,0.1373513954,3.377444061,0,0.01138303927,0
star_plus_co_independent,250,2,0.05166424557,0.8448099584,0.01461913419,103,107,104,104,103,84.3089214,0.5816968829,0.3883711365,0,0.01138303927,0
star_co_plus_hi_ctl49,250,1,0.06308135625,0.9509373854,0.02979896358,103,103,107,104,104,6.701710412,0.1373513954,3.377444061,0,0.01138303927,0
star_co_plus_hi_ctl49,250,2,0.04837202077,0.8448099584,0.01461913419,103,107,104,104,103,84.3089214,0.5816968829,0.3883711365,0,0.01138303927,0
star_only,251,1,-0.03915456492,0.9991883706,0.06124783642,103,103,107,103,105,5.906373523,0.3996720732,2.582107172,0.0005691519636,0,0
star_only,251,2,0.07542248859,0.999998309,0.05239132012,102,105,106,102,105,81.70581318,0.5207211852,2.99147935,0.0005691519636,0,0
co_independent_only,251,1,-0.04391115083,0.9941338315,0.04275017603,103,103,107,103,105,3.324266351,0.3059391657,0,0,0,0
co_independent_only,251,2,0.09244123262,0.9870676417,0.03987086278,104,106,104,104,104,84.69729254,0.5406907208,0,0,0,0
star_plus_co_independent,251,1,-0.03957589074,0.9991883706,0.06124783642,103,103,107,103,105,5.906373523,0.3996720732,2.582107172,0.0005691519636,0,0
star_plus_co_independent,251,2,0.07619739015,0.999998309,0.05239132012,102,105,106,102,105,81.70581318,0.5207211852,2.99147935,0.0005691519636,0,0
star_co_plus_hi_ctl49,251,1,-0.0359223565,0.9991883706,0.06124783642,103,103,107,103,105,5.906373523,0.3996720732,2.582107172,0.0005691519636,0,0
star_co_plus_hi_ctl49,251,2,0.07410339609,0.999998309,0.05239132012,102,105,106,102,105,81.70581318,0.5207211852,2.99147935,0.0005691519636,0,0
star_only,252,1,0.05662964266,0.999538193,0.04939875014,101,101,104,106,107,16.6317255,0.2209160203,13.30745915,0,0,0
star_only,252,2,0.0683191424,0.9996901644,0.02398123983,103,107,104,104,103,84.25954046,0.5569558605,0.437752078,0,0,0
co_independent_only,252,1,-0.03881540089,0.9941338315,0.04275017603,103,103,107,103,105,3.324266351,0.3059391657,0,0,0,0
co_independent_only,252,2,0.08496835992,0.9870676417,0.03987086278,104,106,104,104,104,84.69729254,0.5406907208,0,0,0,0
star_plus_co_independent,252,1,0.05747291815,0.999538193,0.04939875014,101,101,104,106,107,16.6317255,0.2209160203,13.30745915,0,0,0
star_plus_co_independent,252,2,0.06262372025,0.9996901644,0.02398123983,103,107,104,104,103,84.25954046,0.5569558605,0.437752078,0,0,0
star_co_plus_hi_ctl49,252,1,0.06570981901,0.999538193,0.04939875014,101,101,104,106,107,16.6317255,0.2209160203,13.30745915,0,0,0
star_co_plus_hi_ctl49,252,2,0.05580198326,0.9996901644,0.02398123983,103,107,104,104,103,84.25954046,0.5569558605,0.437752078,0,0,0
star_only,253,1,0.02633717851,0.9999998266,0.07364117889,104,104,106,104,104,18.63659337,0.3540177229,15.31232702,0.005691519636,0,0
star_only,253,2,0.08307073455,0.9910929835,0.03988543893,103,106,106,103,103,82.22448869,0.5611456541,2.472803845,0.005691519636,0,0
co_independent_only,253,1,-0.04462678472,0.9941338315,0.04275017603,103,103,107,103,105,3.324266351,0.3059391657,0,0,0,0
co_independent_only,253,2,0.09288266103,0.9870676417,0.03987086278,104,106,104,104,104,84.69729254,0.5406907208,0,0,0,0
star_plus_co_independent,253,1,0.02711775288,0.9999998266,0.07364117889,104,104,106,104,104,18.63659337,0.3540177229,15.31232702,0.005691519636,0,0
star_plus_co_independent,253,2,0.08434831016,0.9910929835,0.03988543893,103,106,106,103,103,82.22448869,0.5611456541,2.472803845,0.005691519636,0,0
star_co_plus_hi_ctl49,253,1,0.0297921496,0.9999998266,0.07364117889,104,104,106,104,104,18.63659337,0.3540177229,15.31232702,0.005691519636,0,0
star_co_plus_hi_ctl49,253,2,0.0930541833,0.9910929835,0.03988543893,103,106,106,103,103,82.22448869,0.5611456541,2.472803845,0.005691519636,0,0
star_only,254,1,0.01770459445,0.9999947107,0.06091388563,102,103,108,105,102,10.46106111,0.330485571,7.136794762,0.001138303927,0,0
star_only,254,2,0.07115207685,0.9966922819,0.04147966993,102,107,105,104,102,82.90928327,0.5596833038,1.788009264,0.001138303927,0,0
co_independent_only,254,1,-0.04087122152,0.9941338315,0.04275017603,103,103,107,103,105,3.324266351,0.3059391657,0,0,0.006829823563,0
co_independent_only,254,2,0.08943752555,0.9870676417,0.03987086278,104,106,104,104,104,84.69729254,0.5406907208,0,0,0.006829823563,0
star_plus_co_independent,254,1,0.02058867,0.9999947107,0.06091388563,102,103,108,105,102,10.46106111,0.330485571,7.136794762,0.001138303927,0.006829823563,0
star_plus_co_independent,254,2,0.06871286934,0.9966922819,0.04147966993,102,107,105,104,102,82.90928327,0.5596833038,1.788009264,0.001138303927,0.006829823563,0
star_co_plus_hi_ctl49,254,1,0.01420466066,0.9999947107,0.06091388563,102,103,108,105,102,10.46106111,0.330485571,7.136794762,0.001138303927,0.006829823563,0
star_co_plus_hi_ctl49,254,2,0.06714134919,0.9966922819,0.04147966993,102,107,105,104,102,82.90928327,0.5596833038,1.788009264,0.001138303927,0.006829823563,0
star_only,255,1,-0.1118833958,0.9330859357,0.0367500535,102,105,104,107,102,-8.592282479,0.2893648139,11.91654883,0,0,0
star_only,255,2,0.08343691914,0.8918403658,0.03769476538,103,107,103,105,103,84.02485643,0.5468102416,0.6724361022,0,0,0
co_independent_only,255,1,-0.04314148593,0.9941338315,0.04275017603,103,103,107,103,105,3.324266351,0.3059391657,0,0,0.003984063745,0
co_independent_only,255,2,0.09369346753,0.9870676417,0.03987086278,104,106,104,104,104,84.69729254,0.5406907208,0,0,0.003984063745,0
star_plus_co_independent,255,1,-0.1157531322,0.9330859357,0.0367500535,102,105,104,107,102,-8.592282479,0.2893648139,11.91654883,0,0.003984063745,0
star_plus_co_independent,255,2,0.08572178649,0.8918403658,0.03769476538,103,107,103,105,103,84.02485643,0.5468102416,0.6724361022,0,0.003984063745,0
star_co_plus_hi_ctl49,255,1,-0.1226668718,0.9330859357,0.0367500535,102,105,104,107,102,-8.592282479,0.2893648139,11.91654883,0,0.003984063745,0
star_co_plus_hi_ctl49,255,2,0.09161442314,0.8918403658,0.03769476538,103,107,103,105,103,84.02485643,0.5468102416,0.6724361022,0,0.003984063745,0
