scenario,draw,radial_index,radius_lo_arcsec,radius_hi_arcsec,q_shape_proxy,delta_uv,star_clipped_fraction,h2_clipped_fraction,hi_clipped_fraction
star_only,0,0,5,15,-0.06108624235,0.8274065474,0,0,0
star_only,0,1,15,25,-0.0323440789,0.996498585,0,0,0
star_only,0,2,25,35,0.03211442066,0.9787264072,0,0,0
star_only,0,3,35,45,0.03277695268,0.9919737155,0,0,0
star_only,0,4,45,55,-0.03021079876,0.9670338118,0,0,0
star_only,0,5,55,65,-0.08235514783,0.9917242097,0,0,0
co_independent_only,0,0,5,15,-0.05936999945,0.7770716789,0,0,0
co_independent_only,0,1,15,25,-0.03511204421,0.8923255771,0,0,0
co_independent_only,0,2,25,35,0.02925694631,0.931726178,0,0,0
co_independent_only,0,3,35,45,0.02377940406,0.9986816763,0,0,0
co_independent_only,0,4,45,55,-0.03962474893,0.9343224355,0,0,0
co_independent_only,0,5,55,65,-0.1061567676,0.9762370048,0,0,0
star_plus_co_independent,0,0,5,15,-0.06012997104,0.8274065474,0,0,0
star_plus_co_independent,0,1,15,25,-0.03164616921,0.996498585,0,0,0
star_plus_co_independent,0,2,25,35,0.02818100677,0.9787264072,0,0,0
star_plus_co_independent,0,3,35,45,0.03336569369,0.9919737155,0,0,0
star_plus_co_independent,0,4,45,55,-0.02980176771,0.9670338118,0,0,0
star_plus_co_independent,0,5,55,65,-0.08935659028,0.9917242097,0,0,0
star_plus_co_correlated_control,0,0,5,15,-0.06018860219,0.8274065474,0,0,0
star_plus_co_correlated_control,0,1,15,25,-0.03125773238,0.996498585,0,0,0
star_plus_co_correlated_control,0,2,25,35,0.03048529485,0.9787264072,0,0,0
star_plus_co_correlated_control,0,3,35,45,0.03335791471,0.9919737155,0,0,0
star_plus_co_correlated_control,0,4,45,55,-0.02987263426,0.9670338118,0,0,0
star_plus_co_correlated_control,0,5,55,65,-0.08114966851,0.9917242097,0,0,0
star_co_plus_hi_ctl01,0,0,5,15,-0.06014020207,0.8274065474,0,0,0
star_co_plus_hi_ctl01,0,1,15,25,-0.03164557806,0.996498585,0,0,0
star_co_plus_hi_ctl01,0,2,25,35,0.02853566817,0.9787264072,0,0,0
star_co_plus_hi_ctl01,0,3,35,45,0.03358000339,0.9919737155,0,0,0
star_co_plus_hi_ctl01,0,4,45,55,-0.03042510136,0.9670338118,0,0,0
star_co_plus_hi_ctl01,0,5,55,65,-0.08982192629,0.9917242097,0,0,0
star_co_plus_hi_ctl10,0,0,5,15,-0.06016770591,0.8274065474,0,0,0
star_co_plus_hi_ctl10,0,1,15,25,-0.03164411309,0.996498585,0,0,0
star_co_plus_hi_ctl10,0,2,25,35,0.02942716492,0.9787264072,0,0,0
star_co_plus_hi_ctl10,0,3,35,45,0.03415500381,0.9919737155,0,0,0
star_co_plus_hi_ctl10,0,4,45,55,-0.03210297038,0.9670338118,0,0,0
star_co_plus_hi_ctl10,0,5,55,65,-0.09065540742,0.9917242097,0,0,0
star_co_plus_hi_ctl49,0,0,5,15,-0.06021458048,0.8274065474,0,0,0
star_co_plus_hi_ctl49,0,1,15,25,-0.03164203346,0.996498585,0,0,0
star_co_plus_hi_ctl49,0,2,25,35,0.03094282482,0.9787264072,0,0,0
star_co_plus_hi_ctl49,0,3,35,45,0.03513122113,0.9919737155,0,0,0
star_co_plus_hi_ctl49,0,4,45,55,-0.03427302055,0.9670338118,0,0,0
star_co_plus_hi_ctl49,0,5,55,65,-0.09162410468,0.9917242097,0,0,0
star_only,1,0,5,15,-0.05680835312,0.7505988037,0,0,0
star_only,1,1,15,25,-0.04203744764,0.7122796476,0,0,0
star_only,1,2,25,35,0.02925172188,0.6078593114,0,0,0
star_only,1,3,35,45,0.04790990415,0.9789901573,0,0,0
star_only,1,4,45,55,0.1580042487,0.9972716604,0,0,0
star_only,1,5,55,65,0.1325929699,0.9936427582,0,0,0
co_independent_only,1,0,5,15,-0.06504247827,0.7770716789,0,0.003984063745,0
co_independent_only,1,1,15,25,-0.03928067224,0.8923255771,0,0.003984063745,0
co_independent_only,1,2,25,35,0.039014516,0.931726178,0,0.003984063745,0
co_independent_only,1,3,35,45,0.02338935037,0.9986816763,0,0.003984063745,0
co_independent_only,1,4,45,55,-0.0448815299,0.9343224355,0,0.003984063745,0
co_independent_only,1,5,55,65,-0.1096216155,0.9762370048,0,0.003984063745,0
star_plus_co_independent,1,0,5,15,-0.0609835882,0.7505988037,0,0.003984063745,0
star_plus_co_independent,1,1,15,25,-0.04947184611,0.7122796476,0,0.003984063745,0
star_plus_co_independent,1,2,25,35,0.03719331771,0.6078593114,0,0.003984063745,0
star_plus_co_independent,1,3,35,45,0.03597353024,0.9789901573,0,0.003984063745,0
star_plus_co_independent,1,4,45,55,0.1482330698,0.9972716604,0,0.003984063745,0
star_plus_co_independent,1,5,55,65,0.1213705309,0.9936427582,0,0.003984063745,0
star_plus_co_correlated_control,1,0,5,15,-0.05750105163,0.7505988037,0,0.02219692658,0
star_plus_co_correlated_control,1,1,15,25,-0.04302522683,0.7122796476,0,0.02219692658,0
star_plus_co_correlated_control,1,2,25,35,0.0307717687,0.6078593114,0,0.02219692658,0
star_plus_co_correlated_control,1,3,35,45,0.04834232495,0.9789901573,0,0.02219692658,0
star_plus_co_correlated_control,1,4,45,55,0.1600402672,0.9972716604,0,0.02219692658,0
star_plus_co_correlated_control,1,5,55,65,0.1367005213,0.9936427582,0,0.02219692658,0
star_co_plus_hi_ctl01,1,0,5,15,-0.06058408105,0.7505988037,0,0.003984063745,0
star_co_plus_hi_ctl01,1,1,15,25,-0.04899449674,0.7122796476,0,0.003984063745,0
star_co_plus_hi_ctl01,1,2,25,35,0.0365596396,0.6078593114,0,0.003984063745,0
star_co_plus_hi_ctl01,1,3,35,45,0.03684837447,0.9789901573,0,0.003984063745,0
star_co_plus_hi_ctl01,1,4,45,55,0.148102434,0.9972716604,0,0.003984063745,0
star_co_plus_hi_ctl01,1,5,55,65,0.1212864752,0.9936427582,0,0.003984063745,0
star_co_plus_hi_ctl10,1,0,5,15,-0.05950831706,0.7505988037,0,0.003984063745,0
star_co_plus_hi_ctl10,1,1,15,25,-0.04771080665,0.7122796476,0,0.003984063745,0
star_co_plus_hi_ctl10,1,2,25,35,0.03485479068,0.6078593114,0,0.003984063745,0
star_co_plus_hi_ctl10,1,3,35,45,0.03919726004,0.9789901573,0,0.003984063745,0
star_co_plus_hi_ctl10,1,4,45,55,0.1480492259,0.9972716604,0,0.003984063745,0
star_co_plus_hi_ctl10,1,5,55,65,0.122195706,0.9936427582,0,0.003984063745,0
star_co_plus_hi_ctl49,1,0,5,15,-0.05766889433,0.7505988037,0,0.003984063745,0
star_co_plus_hi_ctl49,1,1,15,25,-0.04501002667,0.7122796476,0,0.003984063745,0
star_co_plus_hi_ctl49,1,2,25,35,0.03207178172,0.6078593114,0,0.003984063745,0
star_co_plus_hi_ctl49,1,3,35,45,0.04319076814,0.9789901573,0,0.003984063745,0
star_co_plus_hi_ctl49,1,4,45,55,0.1483665238,0.9972716604,0,0.003984063745,0
star_co_plus_hi_ctl49,1,5,55,65,0.1246481304,0.9936427582,0,0.003984063745,0
star_only,2,0,5,15,-0.05987360065,0.7248958652,0.01365964713,0,0
star_only,2,1,15,25,-0.04170718815,0.7026869863,0.01365964713,0,0
star_only,2,2,25,35,0.03457571088,0.7284073954,0.01365964713,0,0
star_only,2,3,35,45,0.0408663059,0.9700278718,0.01365964713,0,0
star_only,2,4,45,55,0.01856215349,0.9992713827,0.01365964713,0,0
star_only,2,5,55,65,0.001728053059,0.9768437783,0.01365964713,0,0
co_independent_only,2,0,5,15,-0.06294156011,0.7770716789,0,0.002845759818,0
co_independent_only,2,1,15,25,-0.03729503503,0.8923255771,0,0.002845759818,0
co_independent_only,2,2,25,35,0.03794124042,0.931726178,0,0.002845759818,0
co_independent_only,2,3,35,45,0.02459848652,0.9986816763,0,0.002845759818,0
co_independent_only,2,4,45,55,-0.04242418536,0.9343224355,0,0.002845759818,0
co_independent_only,2,5,55,65,-0.1045202771,0.9762370048,0,0.002845759818,0
star_plus_co_independent,2,0,5,15,-0.06247914747,0.7248958652,0.01365964713,0.002845759818,0
star_plus_co_independent,2,1,15,25,-0.04417402457,0.7026869863,0.01365964713,0.002845759818,0
star_plus_co_independent,2,2,25,35,0.03750676458,0.7284073954,0.01365964713,0.002845759818,0
star_plus_co_independent,2,3,35,45,0.03734338168,0.9700278718,0.01365964713,0.002845759818,0
star_plus_co_independent,2,4,45,55,0.01432556807,0.9992713827,0.01365964713,0.002845759818,0
star_plus_co_independent,2,5,55,65,-0.00432275638,0.9768437783,0.01365964713,0.002845759818,0
star_plus_co_correlated_control,2,0,5,15,-0.06220225611,0.7248958652,0.01365964713,0.06829823563,0
star_plus_co_correlated_control,2,1,15,25,-0.04470261058,0.7026869863,0.01365964713,0.06829823563,0
star_plus_co_correlated_control,2,2,25,35,0.03875972813,0.7284073954,0.01365964713,0.06829823563,0
star_plus_co_correlated_control,2,3,35,45,0.04019367347,0.9700278718,0.01365964713,0.06829823563,0
star_plus_co_correlated_control,2,4,45,55,0.01958249486,0.9992713827,0.01365964713,0.06829823563,0
star_plus_co_correlated_control,2,5,55,65,0.00352260409,0.9768437783,0.01365964713,0.06829823563,0
star_co_plus_hi_ctl01,2,0,5,15,-0.06258618943,0.7248958652,0.01365964713,0.002845759818,0
star_co_plus_hi_ctl01,2,1,15,25,-0.04422967321,0.7026869863,0.01365964713,0.002845759818,0
star_co_plus_hi_ctl01,2,2,25,35,0.03711816103,0.7284073954,0.01365964713,0.002845759818,0
star_co_plus_hi_ctl01,2,3,35,45,0.0377300002,0.9700278718,0.01365964713,0.002845759818,0
star_co_plus_hi_ctl01,2,4,45,55,0.01450353039,0.9992713827,0.01365964713,0.002845759818,0
star_co_plus_hi_ctl01,2,5,55,65,-0.004122742178,0.9768437783,0.01365964713,0.002845759818,0
star_co_plus_hi_ctl10,2,0,5,15,-0.06287476005,0.7248958652,0.01365964713,0.002845759818,0
star_co_plus_hi_ctl10,2,1,15,25,-0.04437973831,0.7026869863,0.01365964713,0.002845759818,0
star_co_plus_hi_ctl10,2,2,25,35,0.03606987108,0.7284073954,0.01365964713,0.002845759818,0
star_co_plus_hi_ctl10,2,3,35,45,0.03877080865,0.9700278718,0.01365964713,0.002845759818,0
star_co_plus_hi_ctl10,2,4,45,55,0.01493910417,0.9992713827,0.01365964713,0.002845759818,0
star_co_plus_hi_ctl10,2,5,55,65,-0.003977618304,0.9768437783,0.01365964713,0.002845759818,0
star_co_plus_hi_ctl49,2,0,5,15,-0.06336931661,0.7248958652,0.01365964713,0.002845759818,0
star_co_plus_hi_ctl49,2,1,15,25,-0.04463707118,0.7026869863,0.01365964713,0.002845759818,0
star_co_plus_hi_ctl49,2,2,25,35,0.0342710267,0.7284073954,0.01365964713,0.002845759818,0
star_co_plus_hi_ctl49,2,3,35,45,0.04054418127,0.9700278718,0.01365964713,0.002845759818,0
star_co_plus_hi_ctl49,2,4,45,55,0.0132094845,0.9992713827,0.01365964713,0.002845759818,0
star_co_plus_hi_ctl49,2,5,55,65,-0.003757703135,0.9768437783,0.01365964713,0.002845759818,0
star_only,3,0,5,15,-0.0609054494,0.7819909184,0.005691519636,0,0
star_only,3,1,15,25,-0.03227093805,0.9368764389,0.005691519636,0,0
star_only,3,2,25,35,0.03460421123,0.9568785762,0.005691519636,0,0
star_only,3,3,35,45,0.01405338718,0.9878647125,0.005691519636,0,0
star_only,3,4,45,55,-0.07494457847,0.9466981737,0.005691519636,0,0
star_only,3,5,55,65,-0.1454762992,0.9458944419,0.005691519636,0,0
co_independent_only,3,0,5,15,-0.06133031978,0.7770716789,0,0.002845759818,0
co_independent_only,3,1,15,25,-0.0357185471,0.8923255771,0,0.002845759818,0
co_independent_only,3,2,25,35,0.03120253047,0.931726178,0,0.002845759818,0
co_independent_only,3,3,35,45,0.02427426679,0.9986816763,0,0.002845759818,0
co_independent_only,3,4,45,55,-0.04453018371,0.9343224355,0,0.002845759818,0
co_independent_only,3,5,55,65,-0.111978569,0.9762370048,0,0.002845759818,0
star_plus_co_independent,3,0,5,15,-0.06201128171,0.7819909184,0.005691519636,0.002845759818,0
star_plus_co_independent,3,1,15,25,-0.03165435933,0.9368764389,0.005691519636,0.002845759818,0
star_plus_co_independent,3,2,25,35,0.03103255473,0.9568785762,0.005691519636,0.002845759818,0
star_plus_co_independent,3,3,35,45,0.01421741321,0.9878647125,0.005691519636,0.002845759818,0
star_plus_co_independent,3,4,45,55,-0.07882454597,0.9466981737,0.005691519636,0.002845759818,0
star_plus_co_independent,3,5,55,65,-0.158098832,0.9458944419,0.005691519636,0.002845759818,0
star_plus_co_correlated_control,3,0,5,15,-0.05939297986,0.7819909184,0.005691519636,0,0
star_plus_co_correlated_control,3,1,15,25,-0.03043051079,0.9368764389,0.005691519636,0,0
star_plus_co_correlated_control,3,2,25,35,0.03140536329,0.9568785762,0.005691519636,0,0
star_plus_co_correlated_control,3,3,35,45,0.0156526871,0.9878647125,0.005691519636,0,0
star_plus_co_correlated_control,3,4,45,55,-0.07326493698,0.9466981737,0.005691519636,0,0
star_plus_co_correlated_control,3,5,55,65,-0.1406461494,0.9458944419,0.005691519636,0,0
star_co_plus_hi_ctl01,3,0,5,15,-0.06191750354,0.7819909184,0.005691519636,0.002845759818,0
star_co_plus_hi_ctl01,3,1,15,25,-0.03103925131,0.9368764389,0.005691519636,0.002845759818,0
star_co_plus_hi_ctl01,3,2,25,35,0.03099364636,0.9568785762,0.005691519636,0.002845759818,0
star_co_plus_hi_ctl01,3,3,35,45,0.01524688876,0.9878647125,0.005691519636,0.002845759818,0
star_co_plus_hi_ctl01,3,4,45,55,-0.07888017115,0.9466981737,0.005691519636,0.002845759818,0
star_co_plus_hi_ctl01,3,5,55,65,-0.1571075809,0.9458944419,0.005691519636,0.002845759818,0
star_co_plus_hi_ctl10,3,0,5,15,-0.06166493951,0.7819909184,0.005691519636,0.002845759818,0
star_co_plus_hi_ctl10,3,1,15,25,-0.02938254606,0.9368764389,0.005691519636,0.002845759818,0
star_co_plus_hi_ctl10,3,2,25,35,0.03088817851,0.9568785762,0.005691519636,0.002845759818,0
star_co_plus_hi_ctl10,3,3,35,45,0.01802529836,0.9878647125,0.005691519636,0.002845759818,0
star_co_plus_hi_ctl10,3,4,45,55,-0.07904186326,0.9466981737,0.005691519636,0.002845759818,0
star_co_plus_hi_ctl10,3,5,55,65,-0.1544295917,0.9458944419,0.005691519636,0.002845759818,0
star_co_plus_hi_ctl49,3,0,5,15,-0.06123293439,0.7819909184,0.005691519636,0.002845759818,0
star_co_plus_hi_ctl49,3,1,15,25,-0.02634554162,0.9368764389,0.005691519636,0.002845759818,0
star_co_plus_hi_ctl49,3,2,25,35,0.03070547601,0.9568785762,0.005691519636,0.002845759818,0
star_co_plus_hi_ctl49,3,3,35,45,0.01955390231,0.9878647125,0.005691519636,0.002845759818,0
star_co_plus_hi_ctl49,3,4,45,55,-0.07882141239,0.9466981737,0.005691519636,0.002845759818,0
star_co_plus_hi_ctl49,3,5,55,65,-0.1475465433,0.9458944419,0.005691519636,0.002845759818,0
star_only,4,0,5,15,-0.0608340713,0.7486040598,0.007398975526,0,0
star_only,4,1,15,25,-0.03596433512,0.84546896,0.007398975526,0,0
star_only,4,2,25,35,0.03460561375,0.9094087762,0.007398975526,0,0
star_only,4,3,35,45,0.024859573,0.9998087367,0.007398975526,0,0
star_only,4,4,45,55,-0.06565715467,0.9161564606,0.007398975526,0,0
star_only,4,5,55,65,-0.1315762075,0.9810089512,0.007398975526,0,0
co_independent_only,4,0,5,15,-0.0544471829,0.7770716789,0,0.001138303927,0
co_independent_only,4,1,15,25,-0.02810749605,0.8923255771,0,0.001138303927,0
co_independent_only,4,2,25,35,0.03173381727,0.931726178,0,0.001138303927,0
co_independent_only,4,3,35,45,0.02916682988,0.9986816763,0,0.001138303927,0
co_independent_only,4,4,45,55,-0.03706476583,0.9343224355,0,0.001138303927,0
co_independent_only,4,5,55,65,-0.09772820376,0.9762370048,0,0.001138303927,0
star_plus_co_independent,4,0,5,15,-0.05474311153,0.7486040598,0.007398975526,0.001138303927,0
star_plus_co_independent,4,1,15,25,-0.02798477959,0.84546896,0.007398975526,0.001138303927,0
star_plus_co_independent,4,2,25,35,0.03107145689,0.9094087762,0.007398975526,0.001138303927,0
star_plus_co_independent,4,3,35,45,0.02943691222,0.9998087367,0.007398975526,0.001138303927,0
star_plus_co_independent,4,4,45,55,-0.06236041277,0.9161564606,0.007398975526,0.001138303927,0
star_plus_co_independent,4,5,55,65,-0.1290600823,0.9810089512,0.007398975526,0.001138303927,0
star_plus_co_correlated_control,4,0,5,15,-0.06160229271,0.7486040598,0.007398975526,0.02390438247,0
star_plus_co_correlated_control,4,1,15,25,-0.03677512595,0.84546896,0.007398975526,0.02390438247,0
star_plus_co_correlated_control,4,2,25,35,0.03624020533,0.9094087762,0.007398975526,0.02390438247,0
star_plus_co_correlated_control,4,3,35,45,0.02419179434,0.9998087367,0.007398975526,0.02390438247,0
star_plus_co_correlated_control,4,4,45,55,-0.06642219664,0.9161564606,0.007398975526,0.02390438247,0
star_plus_co_correlated_control,4,5,55,65,-0.1341069024,0.9810089512,0.007398975526,0.02390438247,0
star_co_plus_hi_ctl01,4,0,5,15,-0.05416124242,0.7486040598,0.007398975526,0.001138303927,0
star_co_plus_hi_ctl01,4,1,15,25,-0.02741407425,0.84546896,0.007398975526,0.001138303927,0
star_co_plus_hi_ctl01,4,2,25,35,0.03016516207,0.9094087762,0.007398975526,0.001138303927,0
star_co_plus_hi_ctl01,4,3,35,45,0.02997704618,0.9998087367,0.007398975526,0.001138303927,0
star_co_plus_hi_ctl01,4,4,45,55,-0.0610404081,0.9161564606,0.007398975526,0.001138303927,0
star_co_plus_hi_ctl01,4,5,55,65,-0.1283835885,0.9810089512,0.007398975526,0.001138303927,0
star_co_plus_hi_ctl10,4,0,5,15,-0.05259422061,0.7486040598,0.007398975526,0.001138303927,0
star_co_plus_hi_ctl10,4,1,15,25,-0.02575706736,0.84546896,0.007398975526,0.001138303927,0
star_co_plus_hi_ctl10,4,2,25,35,0.02772390355,0.9094087762,0.007398975526,0.001138303927,0
star_co_plus_hi_ctl10,4,3,35,45,0.03143386424,0.9998087367,0.007398975526,0.001138303927,0
star_co_plus_hi_ctl10,4,4,45,55,-0.05749023363,0.9161564606,0.007398975526,0.001138303927,0
star_co_plus_hi_ctl10,4,5,55,65,-0.1266415947,0.9810089512,0.007398975526,0.001138303927,0
star_co_plus_hi_ctl49,4,0,5,15,-0.04994042761,0.7486040598,0.007398975526,0.001138303927,0
star_co_plus_hi_ctl49,4,1,15,25,-0.02281201171,0.84546896,0.007398975526,0.001138303927,0
star_co_plus_hi_ctl49,4,2,25,35,0.02354674191,0.9094087762,0.007398975526,0.001138303927,0
star_co_plus_hi_ctl49,4,3,35,45,0.03377018619,0.9998087367,0.007398975526,0.001138303927,0
star_co_plus_hi_ctl49,4,4,45,55,-0.05214773022,0.9161564606,0.007398975526,0.001138303927,0
star_co_plus_hi_ctl49,4,5,55,65,-0.1220308307,0.9810089512,0.007398975526,0.001138303927,0
star_only,5,0,5,15,-0.06109342408,0.7604477407,0.002276607854,0,0
star_only,5,1,15,25,-0.03483155249,0.9368262853,0.002276607854,0,0
star_only,5,2,25,35,0.03412555986,0.9745259111,0.002276607854,0,0
star_only,5,3,35,45,0.02389564203,0.9933557232,0.002276607854,0,0
star_only,5,4,45,55,-0.04636224218,0.9398913449,0.002276607854,0,0
star_only,5,5,55,65,-0.112000966,0.969842135,0.002276607854,0,0
co_independent_only,5,0,5,15,-0.06069735951,0.7770716789,0,0,0
co_independent_only,5,1,15,25,-0.03510834928,0.8923255771,0,0,0
co_independent_only,5,2,25,35,0.03101483419,0.931726178,0,0,0
co_independent_only,5,3,35,45,0.02349270105,0.9986816763,0,0,0
co_independent_only,5,4,45,55,-0.04512697346,0.9343224355,0,0,0
co_independent_only,5,5,55,65,-0.100945535,0.9762370048,0,0,0
star_plus_co_independent,5,0,5,15,-0.06153519879,0.7604477407,0.002276607854,0,0
star_plus_co_independent,5,1,15,25,-0.03381709646,0.9368262853,0.002276607854,0,0
star_plus_co_independent,5,2,25,35,0.03040054491,0.9745259111,0.002276607854,0,0
star_plus_co_independent,5,3,35,45,0.02274542927,0.9933557232,0.002276607854,0,0
star_plus_co_independent,5,4,45,55,-0.05182174993,0.9398913449,0.002276607854,0,0
star_plus_co_independent,5,5,55,65,-0.114270036,0.969842135,0.002276607854,0,0
star_plus_co_correlated_control,5,0,5,15,-0.06386322838,0.7604477407,0.002276607854,0.07683551508,0
star_plus_co_correlated_control,5,1,15,25,-0.03762753101,0.9368262853,0.002276607854,0.07683551508,0
star_plus_co_correlated_control,5,2,25,35,0.03870496386,0.9745259111,0.002276607854,0.07683551508,0
star_plus_co_correlated_control,5,3,35,45,0.02174385931,0.9933557232,0.002276607854,0.07683551508,0
star_plus_co_correlated_control,5,4,45,55,-0.04826763244,0.9398913449,0.002276607854,0.07683551508,0
star_plus_co_correlated_control,5,5,55,65,-0.1201897238,0.969842135,0.002276607854,0.07683551508,0
star_co_plus_hi_ctl01,5,0,5,15,-0.061166685,0.7604477407,0.002276607854,0,0
star_co_plus_hi_ctl01,5,1,15,25,-0.03378171231,0.9368262853,0.002276607854,0,0
star_co_plus_hi_ctl01,5,2,25,35,0.03014158276,0.9745259111,0.002276607854,0,0
star_co_plus_hi_ctl01,5,3,35,45,0.02351463916,0.9933557232,0.002276607854,0,0
star_co_plus_hi_ctl01,5,4,45,55,-0.05181502808,0.9398913449,0.002276607854,0,0
star_co_plus_hi_ctl01,5,5,55,65,-0.1144458691,0.969842135,0.002276607854,0,0
star_co_plus_hi_ctl10,5,0,5,15,-0.0601762565,0.7604477407,0.002276607854,0,0
star_co_plus_hi_ctl10,5,1,15,25,-0.03357058004,0.9368262853,0.002276607854,0,0
star_co_plus_hi_ctl10,5,2,25,35,0.02944904181,0.9745259111,0.002276607854,0,0
star_co_plus_hi_ctl10,5,3,35,45,0.0255864889,0.9933557232,0.002276607854,0,0
star_co_plus_hi_ctl10,5,4,45,55,-0.0517966559,0.9398913449,0.002276607854,0,0
star_co_plus_hi_ctl10,5,5,55,65,-0.1149207439,0.969842135,0.002276607854,0,0
star_co_plus_hi_ctl49,5,0,5,15,-0.05848906565,0.7604477407,0.002276607854,0,0
star_co_plus_hi_ctl49,5,1,15,25,-0.03234996973,0.9368262853,0.002276607854,0,0
star_co_plus_hi_ctl49,5,2,25,35,0.02822648064,0.9745259111,0.002276607854,0,0
star_co_plus_hi_ctl49,5,3,35,45,0.02862751179,0.9933557232,0.002276607854,0,0
star_co_plus_hi_ctl49,5,4,45,55,-0.05229227436,0.9398913449,0.002276607854,0,0
star_co_plus_hi_ctl49,5,5,55,65,-0.116053126,0.969842135,0.002276607854,0,0
star_only,6,0,5,15,-0.06051500778,0.7332921081,0.001707455891,0,0
star_only,6,1,15,25,-0.03318148178,0.8170152013,0.001707455891,0,0
star_only,6,2,25,35,0.03472870806,0.9090805568,0.001707455891,0,0
star_only,6,3,35,45,0.01954228188,0.999980733,0.001707455891,0,0
star_only,6,4,45,55,-0.07307482418,0.9868248845,0.001707455891,0,0
star_only,6,5,55,65,-0.1865155548,0.999250228,0.001707455891,0,0
co_independent_only,6,0,5,15,-0.06243578156,0.7770716789,0,0.001707455891,0
co_independent_only,6,1,15,25,-0.03628428631,0.8923255771,0,0.001707455891,0
co_independent_only,6,2,25,35,0.03635074492,0.931726178,0,0.001707455891,0
co_independent_only,6,3,35,45,0.02330992517,0.9986816763,0,0.001707455891,0
co_independent_only,6,4,45,55,-0.0385982822,0.9343224355,0,0.001707455891,0
co_independent_only,6,5,55,65,-0.09509701069,0.9762370048,0,0.001707455891,0
star_plus_co_independent,6,0,5,15,-0.06266723129,0.7332921081,0.001707455891,0.001707455891,0
star_plus_co_independent,6,1,15,25,-0.03325637274,0.8170152013,0.001707455891,0.001707455891,0
star_plus_co_independent,6,2,25,35,0.03631627689,0.9090805568,0.001707455891,0.001707455891,0
star_plus_co_independent,6,3,35,45,0.01843178206,0.999980733,0.001707455891,0.001707455891,0
star_plus_co_independent,6,4,45,55,-0.07059113219,0.9868248845,0.001707455891,0.001707455891,0
star_plus_co_independent,6,5,55,65,-0.1807849935,0.999250228,0.001707455891,0.001707455891,0
star_plus_co_correlated_control,6,0,5,15,-0.05793039901,0.7332921081,0.001707455891,0,0
star_plus_co_correlated_control,6,1,15,25,-0.02986611175,0.8170152013,0.001707455891,0,0
star_plus_co_correlated_control,6,2,25,35,0.02911883338,0.9090805568,0.001707455891,0,0
star_plus_co_correlated_control,6,3,35,45,0.02190446,0.999980733,0.001707455891,0,0
star_plus_co_correlated_control,6,4,45,55,-0.07128144587,0.9868248845,0.001707455891,0,0
star_plus_co_correlated_control,6,5,55,65,-0.1751743813,0.999250228,0.001707455891,0,0
star_co_plus_hi_ctl01,6,0,5,15,-0.06291430956,0.7332921081,0.001707455891,0.001707455891,0
star_co_plus_hi_ctl01,6,1,15,25,-0.03363286651,0.8170152013,0.001707455891,0.001707455891,0
star_co_plus_hi_ctl01,6,2,25,35,0.03698722822,0.9090805568,0.001707455891,0.001707455891,0
star_co_plus_hi_ctl01,6,3,35,45,0.0184288521,0.999980733,0.001707455891,0.001707455891,0
star_co_plus_hi_ctl01,6,4,45,55,-0.07084820701,0.9868248845,0.001707455891,0.001707455891,0
star_co_plus_hi_ctl01,6,5,55,65,-0.1811703851,0.999250228,0.001707455891,0.001707455891,0
star_co_plus_hi_ctl10,6,0,5,15,-0.06357889624,0.7332921081,0.001707455891,0.001707455891,0
star_co_plus_hi_ctl10,6,1,15,25,-0.03464708478,0.8170152013,0.001707455891,0.001707455891,0
star_co_plus_hi_ctl10,6,2,25,35,0.03878970856,0.9090805568,0.001707455891,0.001707455891,0
star_co_plus_hi_ctl10,6,3,35,45,0.01841823966,0.999980733,0.001707455891,0.001707455891,0
star_co_plus_hi_ctl10,6,4,45,55,-0.07154370155,0.9868248845,0.001707455891,0.001707455891,0
star_co_plus_hi_ctl10,6,5,55,65,-0.1822082363,0.999250228,0.001707455891,0.001707455891,0
star_co_plus_hi_ctl49,6,0,5,15,-0.0647128044,0.7332921081,0.001707455891,0.001707455891,0
star_co_plus_hi_ctl49,6,1,15,25,-0.03575801157,0.8170152013,0.001707455891,0.001707455891,0
star_co_plus_hi_ctl49,6,2,25,35,0.04143451812,0.9090805568,0.001707455891,0.001707455891,0
star_co_plus_hi_ctl49,6,3,35,45,0.01839091449,0.999980733,0.001707455891,0.001707455891,0
star_co_plus_hi_ctl49,6,4,45,55,-0.07274389099,0.9868248845,0.001707455891,0.001707455891,0
star_co_plus_hi_ctl49,6,5,55,65,-0.18419483,0.999250228,0.001707455891,0.001707455891,0
star_only,7,0,5,15,-0.06112994929,0.8340713771,0.002276607854,0,0
star_only,7,1,15,25,-0.02686254112,0.9942042053,0.002276607854,0,0
star_only,7,2,25,35,0.03404205337,0.9848805432,0.002276607854,0,0
star_only,7,3,35,45,0.01699939876,0.9584783795,0.002276607854,0,0
star_only,7,4,45,55,-0.09825770206,0.9646284463,0.002276607854,0,0
star_only,7,5,55,65,-0.118489056,0.9148297475,0.002276607854,0,0
co_independent_only,7,0,5,15,-0.0626402675,0.7770716789,0,0.001138303927,0
co_independent_only,7,1,15,25,-0.03924773348,0.8923255771,0,0.001138303927,0
co_independent_only,7,2,25,35,0.03718049501,0.931726178,0,0.001138303927,0
co_independent_only,7,3,35,45,0.02624270688,0.9986816763,0,0.001138303927,0
co_independent_only,7,4,45,55,-0.04264487163,0.9343224355,0,0.001138303927,0
co_independent_only,7,5,55,65,-0.1054324733,0.9762370048,0,0.001138303927,0
star_plus_co_independent,7,0,5,15,-0.06361620624,0.8340713771,0.002276607854,0.001138303927,0
star_plus_co_independent,7,1,15,25,-0.02843305208,0.9942042053,0.002276607854,0.001138303927,0
star_plus_co_independent,7,2,25,35,0.0353934639,0.9848805432,0.002276607854,0.001138303927,0
star_plus_co_independent,7,3,35,45,0.01998245351,0.9584783795,0.002276607854,0.001138303927,0
star_plus_co_independent,7,4,45,55,-0.09867769693,0.9646284463,0.002276607854,0.001138303927,0
star_plus_co_independent,7,5,55,65,-0.1238378023,0.9148297475,0.002276607854,0.001138303927,0
star_plus_co_correlated_control,7,0,5,15,-0.05859475272,0.8340713771,0.002276607854,0,0
star_plus_co_correlated_control,7,1,15,25,-0.02422578803,0.9942042053,0.002276607854,0,0
star_plus_co_correlated_control,7,2,25,35,0.02896046441,0.9848805432,0.002276607854,0,0
star_plus_co_correlated_control,7,3,35,45,0.01942955011,0.9584783795,0.002276607854,0,0
star_plus_co_correlated_control,7,4,45,55,-0.09547191787,0.9646284463,0.002276607854,0,0
star_plus_co_correlated_control,7,5,55,65,-0.1131533266,0.9148297475,0.002276607854,0,0
star_co_plus_hi_ctl01,7,0,5,15,-0.06397017353,0.8340713771,0.002276607854,0.001138303927,0
star_co_plus_hi_ctl01,7,1,15,25,-0.02825747991,0.9942042053,0.002276607854,0.001138303927,0
star_co_plus_hi_ctl01,7,2,25,35,0.03621212986,0.9848805432,0.002276607854,0.001138303927,0
star_co_plus_hi_ctl01,7,3,35,45,0.02071899797,0.9584783795,0.002276607854,0.001138303927,0
star_co_plus_hi_ctl01,7,4,45,55,-0.09784380773,0.9646284463,0.002276607854,0.001138303927,0
star_co_plus_hi_ctl01,7,5,55,65,-0.1217865604,0.9148297475,0.002276607854,0.001138303927,0
star_co_plus_hi_ctl10,7,0,5,15,-0.06492142403,0.8340713771,0.002276607854,0.001138303927,0
star_co_plus_hi_ctl10,7,1,15,25,-0.02778516459,0.9942042053,0.002276607854,0.001138303927,0
star_co_plus_hi_ctl10,7,2,25,35,0.03841461426,0.9848805432,0.002276607854,0.001138303927,0
star_co_plus_hi_ctl10,7,3,35,45,0.0227005004,0.9584783795,0.002276607854,0.001138303927,0
star_co_plus_hi_ctl10,7,4,45,55,-0.09560053343,0.9646284463,0.002276607854,0.001138303927,0
star_co_plus_hi_ctl10,7,5,55,65,-0.1159162645,0.9148297475,0.002276607854,0.001138303927,0
star_co_plus_hi_ctl49,7,0,5,15,-0.06654159534,0.8340713771,0.002276607854,0.001138303927,0
star_co_plus_hi_ctl49,7,1,15,25,-0.02697908988,0.9942042053,0.002276607854,0.001138303927,0
star_co_plus_hi_ctl49,7,2,25,35,0.04217399282,0.9848805432,0.002276607854,0.001138303927,0
star_co_plus_hi_ctl49,7,3,35,45,0.02608253681,0.9584783795,0.002276607854,0.001138303927,0
star_co_plus_hi_ctl49,7,4,45,55,-0.09228132122,0.9646284463,0.002276607854,0.001138303927,0
star_co_plus_hi_ctl49,7,5,55,65,-0.1083849945,0.9148297475,0.002276607854,0.001138303927,0
star_only,8,0,5,15,-0.05644087358,0.8476043868,0,0,0
star_only,8,1,15,25,-0.04292090583,0.8982918537,0,0,0
star_only,8,2,25,35,0.0345216652,0.9805244754,0,0,0
star_only,8,3,35,45,0.02091893446,0.7609450399,0,0,0
star_only,8,4,45,55,-0.008765760496,0.816067394,0,0,0
star_only,8,5,55,65,-0.06541771787,0.8975636028,0,0,0
co_independent_only,8,0,5,15,-0.0584691973,0.7770716789,0,0.005122367672,0
co_independent_only,8,1,15,25,-0.03485209116,0.8923255771,0,0.005122367672,0
co_independent_only,8,2,25,35,0.02514857568,0.931726178,0,0.005122367672,0
co_independent_only,8,3,35,45,0.01960017841,0.9986816763,0,0.005122367672,0
co_independent_only,8,4,45,55,-0.04577631371,0.9343224355,0,0.005122367672,0
co_independent_only,8,5,55,65,-0.1006830024,0.9762370048,0,0.005122367672,0
star_plus_co_independent,8,0,5,15,-0.05468515224,0.8476043868,0,0.005122367672,0
star_plus_co_independent,8,1,15,25,-0.03900820569,0.8982918537,0,0.005122367672,0
star_plus_co_independent,8,2,25,35,0.02497904336,0.9805244754,0,0.005122367672,0
star_plus_co_independent,8,3,35,45,0.01514499709,0.7609450399,0,0.005122367672,0
star_plus_co_independent,8,4,45,55,-0.01371666515,0.816067394,0,0.005122367672,0
star_plus_co_independent,8,5,55,65,-0.06611443647,0.8975636028,0,0.005122367672,0
star_plus_co_correlated_control,8,0,5,15,-0.05973074794,0.8476043868,0,0.1024473534,0
star_plus_co_correlated_control,8,1,15,25,-0.04762656915,0.8982918537,0,0.1024473534,0
star_plus_co_correlated_control,8,2,25,35,0.04109570725,0.9805244754,0,0.1024473534,0
star_plus_co_correlated_control,8,3,35,45,0.01796190404,0.7609450399,0,0.1024473534,0
star_plus_co_correlated_control,8,4,45,55,-0.008928448079,0.816067394,0,0.1024473534,0
star_plus_co_correlated_control,8,5,55,65,-0.07015184771,0.8975636028,0,0.1024473534,0
star_co_plus_hi_ctl01,8,0,5,15,-0.05456407688,0.8476043868,0,0.005122367672,0
star_co_plus_hi_ctl01,8,1,15,25,-0.03882057038,0.8982918537,0,0.005122367672,0
star_co_plus_hi_ctl01,8,2,25,35,0.02460290807,0.9805244754,0,0.005122367672,0
star_co_plus_hi_ctl01,8,3,35,45,0.01502955837,0.7609450399,0,0.005122367672,0
star_co_plus_hi_ctl01,8,4,45,55,-0.01296868748,0.816067394,0,0.005122367672,0
star_co_plus_hi_ctl01,8,5,55,65,-0.06460880788,0.8975636028,0,0.005122367672,0
star_co_plus_hi_ctl10,8,0,5,15,-0.05423830175,0.8476043868,0,0.005122367672,0
star_co_plus_hi_ctl10,8,1,15,25,-0.03831601753,0.8982918537,0,0.005122367672,0
star_co_plus_hi_ctl10,8,2,25,35,0.02371214789,0.9805244754,0,0.005122367672,0
star_co_plus_hi_ctl10,8,3,35,45,0.01472022342,0.7609450399,0,0.005122367672,0
star_co_plus_hi_ctl10,8,4,45,55,-0.01076327378,0.816067394,0,0.005122367672,0
star_co_plus_hi_ctl10,8,5,55,65,-0.06098877006,0.8975636028,0,0.005122367672,0
star_co_plus_hi_ctl49,8,0,5,15,-0.05368210369,0.8476043868,0,0.005122367672,0
star_co_plus_hi_ctl49,8,1,15,25,-0.03745564671,0.8982918537,0,0.005122367672,0
star_co_plus_hi_ctl49,8,2,25,35,0.02270123763,0.9805244754,0,0.005122367672,0
star_co_plus_hi_ctl49,8,3,35,45,0.01419635882,0.7609450399,0,0.005122367672,0
star_co_plus_hi_ctl49,8,4,45,55,-0.008479009467,0.816067394,0,0.005122367672,0
star_co_plus_hi_ctl49,8,5,55,65,-0.05479364123,0.8975636028,0,0.005122367672,0
star_only,9,0,5,15,-0.05978419104,0.7805234401,0,0,0
star_only,9,1,15,25,-0.04168584255,0.9113142254,0,0,0
star_only,9,2,25,35,0.0346412578,0.973823773,0,0,0
star_only,9,3,35,45,0.04231198869,0.975520414,0,0,0
star_only,9,4,45,55,0.04773669531,0.8348829549,0,0,0
star_only,9,5,55,65,-0.102769734,0.9966618582,0,0,0
co_independent_only,9,0,5,15,-0.05674350912,0.7770716789,0,0.005691519636,0
co_independent_only,9,1,15,25,-0.02954053774,0.8923255771,0,0.005691519636,0
co_independent_only,9,2,25,35,0.02803515052,0.931726178,0,0.005691519636,0
co_independent_only,9,3,35,45,0.03611374964,0.9986816763,0,0.005691519636,0
co_independent_only,9,4,45,55,-0.0338616474,0.9343224355,0,0.005691519636,0
co_independent_only,9,5,55,65,-0.09149055042,0.9762370048,0,0.005691519636,0
star_plus_co_independent,9,0,5,15,-0.05633549188,0.7805234401,0,0.005691519636,0
star_plus_co_independent,9,1,15,25,-0.03302019818,0.9113142254,0,0.005691519636,0
star_plus_co_independent,9,2,25,35,0.02754349626,0.973823773,0,0.005691519636,0
star_plus_co_independent,9,3,35,45,0.05587726514,0.975520414,0,0.005691519636,0
star_plus_co_independent,9,4,45,55,0.05423376417,0.8348829549,0,0.005691519636,0
star_plus_co_independent,9,5,55,65,-0.09505311774,0.9966618582,0,0.005691519636,0
star_plus_co_correlated_control,9,0,5,15,-0.06358812276,0.7805234401,0,0.1161070006,0
star_plus_co_correlated_control,9,1,15,25,-0.04658998489,0.9113142254,0,0.1161070006,0
star_plus_co_correlated_control,9,2,25,35,0.04168769593,0.973823773,0,0.1161070006,0
star_plus_co_correlated_control,9,3,35,45,0.04226784049,0.975520414,0,0.1161070006,0
star_plus_co_correlated_control,9,4,45,55,0.051400798,0.8348829549,0,0.1161070006,0
star_plus_co_correlated_control,9,5,55,65,-0.1126955017,0.9966618582,0,0.1161070006,0
star_co_plus_hi_ctl01,9,0,5,15,-0.05632195968,0.7805234401,0,0.005691519636,0
star_co_plus_hi_ctl01,9,1,15,25,-0.03308528224,0.9113142254,0,0.005691519636,0
star_co_plus_hi_ctl01,9,2,25,35,0.02772094403,0.973823773,0,0.005691519636,0
star_co_plus_hi_ctl01,9,3,35,45,0.05568133429,0.975520414,0,0.005691519636,0
star_co_plus_hi_ctl01,9,4,45,55,0.05452165935,0.8348829549,0,0.005691519636,0
star_co_plus_hi_ctl01,9,5,55,65,-0.09557659469,0.9966618582,0,0.005691519636,0
star_co_plus_hi_ctl10,9,0,5,15,-0.05628552893,0.7805234401,0,0.005691519636,0
star_co_plus_hi_ctl10,9,1,15,25,-0.033260525,0.9113142254,0,0.005691519636,0
star_co_plus_hi_ctl10,9,2,25,35,0.02822490585,0.973823773,0,0.005691519636,0
star_co_plus_hi_ctl10,9,3,35,45,0.05515364854,0.975520414,0,0.005691519636,0
star_co_plus_hi_ctl10,9,4,45,55,0.05529562639,0.8348829549,0,0.005691519636,0
star_co_plus_hi_ctl10,9,5,55,65,-0.095505998,0.9966618582,0,0.005691519636,0
star_co_plus_hi_ctl49,9,0,5,15,-0.05622326343,0.7805234401,0,0.005691519636,0
star_co_plus_hi_ctl49,9,1,15,25,-0.03356013111,0.9113142254,0,0.005691519636,0
star_co_plus_hi_ctl49,9,2,25,35,0.03011404104,0.973823773,0,0.005691519636,0
star_co_plus_hi_ctl49,9,3,35,45,0.05426627051,0.975520414,0,0.005691519636,0
star_co_plus_hi_ctl49,9,4,45,55,0.05624540911,0.8348829549,0,0.005691519636,0
star_co_plus_hi_ctl49,9,5,55,65,-0.0956650809,0.9966618582,0,0.005691519636,0
star_only,10,0,5,15,-0.06101094963,0.7856944737,0,0,0
star_only,10,1,15,25,-0.03378432282,0.9618937922,0,0,0
star_only,10,2,25,35,0.03466911879,0.9522634784,0,0,0
star_only,10,3,35,45,0.02631547738,0.9878357061,0,0,0
star_only,10,4,45,55,-0.05768720269,0.9776753998,0,0,0
star_only,10,5,55,65,-0.1234050245,0.9967791219,0,0,0
co_independent_only,10,0,5,15,-0.06429326685,0.7770716789,0,0.0005691519636,0
co_independent_only,10,1,15,25,-0.03643438602,0.8923255771,0,0.0005691519636,0
co_independent_only,10,2,25,35,0.03613439864,0.931726178,0,0.0005691519636,0
co_independent_only,10,3,35,45,0.02245000718,0.9986816763,0,0.0005691519636,0
co_independent_only,10,4,45,55,-0.03785220571,0.9343224355,0,0.0005691519636,0
co_independent_only,10,5,55,65,-0.09538620766,0.9762370048,0,0.0005691519636,0
star_plus_co_independent,10,0,5,15,-0.06509502266,0.7856944737,0,0.0005691519636,0
star_plus_co_independent,10,1,15,25,-0.0337397408,0.9618937922,0,0.0005691519636,0
star_plus_co_independent,10,2,25,35,0.0359501378,0.9522634784,0,0.0005691519636,0
star_plus_co_independent,10,3,35,45,0.02421812398,0.9878357061,0,0.0005691519636,0
star_plus_co_independent,10,4,45,55,-0.05534963351,0.9776753998,0,0.0005691519636,0
star_plus_co_independent,10,5,55,65,-0.1198761201,0.9967791219,0,0.0005691519636,0
star_plus_co_correlated_control,10,0,5,15,-0.06525071356,0.7856944737,0,0.1371656232,0
star_plus_co_correlated_control,10,1,15,25,-0.03792172179,0.9618937922,0,0.1371656232,0
star_plus_co_correlated_control,10,2,25,35,0.04195523508,0.9522634784,0,0.1371656232,0
star_plus_co_correlated_control,10,3,35,45,0.02336197132,0.9878357061,0,0.1371656232,0
star_plus_co_correlated_control,10,4,45,55,-0.06099441936,0.9776753998,0,0.1371656232,0
star_plus_co_correlated_control,10,5,55,65,-0.1369427654,0.9967791219,0,0.1371656232,0
star_co_plus_hi_ctl01,10,0,5,15,-0.06592468072,0.7856944737,0,0.0005691519636,0
star_co_plus_hi_ctl01,10,1,15,25,-0.0346452641,0.9618937922,0,0.0005691519636,0
star_co_plus_hi_ctl01,10,2,25,35,0.03684756224,0.9522634784,0,0.0005691519636,0
star_co_plus_hi_ctl01,10,3,35,45,0.02315360291,0.9878357061,0,0.0005691519636,0
star_co_plus_hi_ctl01,10,4,45,55,-0.0562025027,0.9776753998,0,0.0005691519636,0
star_co_plus_hi_ctl01,10,5,55,65,-0.1201227253,0.9967791219,0,0.0005691519636,0
star_co_plus_hi_ctl10,10,0,5,15,-0.06815996394,0.7856944737,0,0.0005691519636,0
star_co_plus_hi_ctl10,10,1,15,25,-0.03708359705,0.9618937922,0,0.0005691519636,0
star_co_plus_hi_ctl10,10,2,25,35,0.03925994265,0.9522634784,0,0.0005691519636,0
star_co_plus_hi_ctl10,10,3,35,45,0.02102091747,0.9878357061,0,0.0005691519636,0
star_co_plus_hi_ctl10,10,4,45,55,-0.05850212778,0.9776753998,0,0.0005691519636,0
star_co_plus_hi_ctl10,10,5,55,65,-0.1207410177,0.9967791219,0,0.0005691519636,0
star_co_plus_hi_ctl49,10,0,5,15,-0.07198622334,0.7856944737,0,0.0005691519636,0
star_co_plus_hi_ctl49,10,1,15,25,-0.04100713765,0.9618937922,0,0.0005691519636,0
star_co_plus_hi_ctl49,10,2,25,35,0.04331926393,0.9522634784,0,0.0005691519636,0
star_co_plus_hi_ctl49,10,3,35,45,0.01772682211,0.9878357061,0,0.0005691519636,0
star_co_plus_hi_ctl49,10,4,45,55,-0.06244470254,0.9776753998,0,0.0005691519636,0
star_co_plus_hi_ctl49,10,5,55,65,-0.1218092452,0.9967791219,0,0.0005691519636,0
star_only,11,0,5,15,-0.05732143992,0.7909176968,0.01422879909,0,0
star_only,11,1,15,25,-0.04291463084,0.6419292638,0.01422879909,0,0
star_only,11,2,25,35,0.03151990996,0.8805911468,0.01422879909,0,0
star_only,11,3,35,45,0.02824314211,0.9840445481,0.01422879909,0,0
star_only,11,4,45,55,-0.1351490856,0.9778205312,0.01422879909,0,0
star_only,11,5,55,65,-0.08228216287,0.969396938,0.01422879909,0,0
co_independent_only,11,0,5,15,-0.0585204488,0.7770716789,0,0,0
co_independent_only,11,1,15,25,-0.03812135652,0.8923255771,0,0,0
co_independent_only,11,2,25,35,0.02865529751,0.931726178,0,0,0
co_independent_only,11,3,35,45,0.02083829419,0.9986816763,0,0,0
co_independent_only,11,4,45,55,-0.04200898618,0.9343224355,0,0,0
co_independent_only,11,5,55,65,-0.09795883063,0.9762370048,0,0,0
star_plus_co_independent,11,0,5,15,-0.0555327473,0.7909176968,0.01422879909,0,0
star_plus_co_independent,11,1,15,25,-0.04289669673,0.6419292638,0.01422879909,0,0
star_plus_co_independent,11,2,25,35,0.02618348254,0.8805911468,0.01422879909,0,0
star_plus_co_independent,11,3,35,45,0.02506677131,0.9840445481,0.01422879909,0,0
star_plus_co_independent,11,4,45,55,-0.1393945217,0.9778205312,0.01422879909,0,0
star_plus_co_independent,11,5,55,65,-0.08040238541,0.969396938,0.01422879909,0,0
star_plus_co_correlated_control,11,0,5,15,-0.05755184399,0.7909176968,0.01422879909,0.002845759818,0
star_plus_co_correlated_control,11,1,15,25,-0.0432377234,0.6419292638,0.01422879909,0.002845759818,0
star_plus_co_correlated_control,11,2,25,35,0.03205903702,0.8805911468,0.01422879909,0.002845759818,0
star_plus_co_correlated_control,11,3,35,45,0.02804976029,0.9840445481,0.01422879909,0.002845759818,0
star_plus_co_correlated_control,11,4,45,55,-0.1356858405,0.9778205312,0.01422879909,0.002845759818,0
star_plus_co_correlated_control,11,5,55,65,-0.08267126111,0.969396938,0.01422879909,0.002845759818,0
star_co_plus_hi_ctl01,11,0,5,15,-0.05554002853,0.7909176968,0.01422879909,0,0
star_co_plus_hi_ctl01,11,1,15,25,-0.04296598904,0.6419292638,0.01422879909,0,0
star_co_plus_hi_ctl01,11,2,25,35,0.02617820687,0.8805911468,0.01422879909,0,0
star_co_plus_hi_ctl01,11,3,35,45,0.02432030926,0.9840445481,0.01422879909,0,0
star_co_plus_hi_ctl01,11,4,45,55,-0.1399579672,0.9778205312,0.01422879909,0,0
star_co_plus_hi_ctl01,11,5,55,65,-0.08096016963,0.969396938,0.01422879909,0,0
star_co_plus_hi_ctl10,11,0,5,15,-0.05555965822,0.7909176968,0.01422879909,0,0
star_co_plus_hi_ctl10,11,1,15,25,-0.04315282036,0.6419292638,0.01422879909,0,0
star_co_plus_hi_ctl10,11,2,25,35,0.02616402928,0.8805911468,0.01422879909,0,0
star_co_plus_hi_ctl10,11,3,35,45,0.02230892362,0.9840445481,0.01422879909,0,0
star_co_plus_hi_ctl10,11,4,45,55,-0.1414746984,0.9778205312,0.01422879909,0,0
star_co_plus_hi_ctl10,11,5,55,65,-0.08172640594,0.969396938,0.01422879909,0,0
star_co_plus_hi_ctl49,11,0,5,15,-0.05559330148,0.7909176968,0.01422879909,0,0
star_co_plus_hi_ctl49,11,1,15,25,-0.04347311172,0.6419292638,0.01422879909,0,0
star_co_plus_hi_ctl49,11,2,25,35,0.02615952854,0.8805911468,0.01422879909,0,0
star_co_plus_hi_ctl49,11,3,35,45,0.01886501926,0.9840445481,0.01422879909,0,0
star_co_plus_hi_ctl49,11,4,45,55,-0.1453561062,0.9778205312,0.01422879909,0,0
star_co_plus_hi_ctl49,11,5,55,65,-0.08433173738,0.969396938,0.01422879909,0,0
star_only,12,0,5,15,-0.06044464564,0.7997131127,0,0,0
star_only,12,1,15,25,-0.03679083966,0.9461657761,0,0,0
star_only,12,2,25,35,0.03466998494,0.9503067005,0,0,0
star_only,12,3,35,45,0.03162754381,0.999441735,0,0,0
star_only,12,4,45,55,0.01448705637,0.9351773521,0,0,0
star_only,12,5,55,65,0.04575036645,0.8458055239,0,0,0
co_independent_only,12,0,5,15,-0.05644846745,0.7770716789,0,0.002276607854,0
co_independent_only,12,1,15,25,-0.03370076774,0.8923255771,0,0.002276607854,0
co_independent_only,12,2,25,35,0.02906625946,0.931726178,0,0.002276607854,0
co_independent_only,12,3,35,45,0.02535246231,0.9986816763,0,0.002276607854,0
co_independent_only,12,4,45,55,-0.04167277071,0.9343224355,0,0.002276607854,0
co_independent_only,12,5,55,65,-0.0970254234,0.9762370048,0,0.002276607854,0
star_plus_co_independent,12,0,5,15,-0.05658683864,0.7997131127,0,0.002276607854,0
star_plus_co_independent,12,1,15,25,-0.0342652684,0.9461657761,0,0.002276607854,0
star_plus_co_independent,12,2,25,35,0.02929645692,0.9503067005,0,0.002276607854,0
star_plus_co_independent,12,3,35,45,0.0332692309,0.999441735,0,0.002276607854,0
star_plus_co_independent,12,4,45,55,0.01464075825,0.9351773521,0,0.002276607854,0
star_plus_co_independent,12,5,55,65,0.04726717858,0.8458055239,0,0.002276607854,0
star_plus_co_correlated_control,12,0,5,15,-0.06327785867,0.7997131127,0,0.08025042686,0
star_plus_co_correlated_control,12,1,15,25,-0.03989067444,0.9461657761,0,0.08025042686,0
star_plus_co_correlated_control,12,2,25,35,0.03970949211,0.9503067005,0,0.08025042686,0
star_plus_co_correlated_control,12,3,35,45,0.0300389728,0.999441735,0,0.08025042686,0
star_plus_co_correlated_control,12,4,45,55,0.01551602835,0.9351773521,0,0.08025042686,0
star_plus_co_correlated_control,12,5,55,65,0.05162459607,0.8458055239,0,0.08025042686,0
star_co_plus_hi_ctl01,12,0,5,15,-0.05642015305,0.7997131127,0,0.002276607854,0
star_co_plus_hi_ctl01,12,1,15,25,-0.03380674534,0.9461657761,0,0.002276607854,0
star_co_plus_hi_ctl01,12,2,25,35,0.02913284677,0.9503067005,0,0.002276607854,0
star_co_plus_hi_ctl01,12,3,35,45,0.03382916027,0.999441735,0,0.002276607854,0
star_co_plus_hi_ctl01,12,4,45,55,0.01619041812,0.9351773521,0,0.002276607854,0
star_co_plus_hi_ctl01,12,5,55,65,0.04937560637,0.8458055239,0,0.002276607854,0
star_co_plus_hi_ctl10,12,0,5,15,-0.05597261832,0.7997131127,0,0.002276607854,0
star_co_plus_hi_ctl10,12,1,15,25,-0.03257546984,0.9461657761,0,0.002276607854,0
star_co_plus_hi_ctl10,12,2,25,35,0.02869233386,0.9503067005,0,0.002276607854,0
star_co_plus_hi_ctl10,12,3,35,45,0.03645880674,0.999441735,0,0.002276607854,0
star_co_plus_hi_ctl10,12,4,45,55,0.02036110354,0.9351773521,0,0.002276607854,0
star_co_plus_hi_ctl10,12,5,55,65,0.05504933789,0.8458055239,0,0.002276607854,0
star_co_plus_hi_ctl49,12,0,5,15,-0.05521176816,0.7997131127,0,0.002276607854,0
star_co_plus_hi_ctl49,12,1,15,25,-0.0302921135,0.9461657761,0,0.002276607854,0
star_co_plus_hi_ctl49,12,2,25,35,0.02743802149,0.9503067005,0,0.002276607854,0
star_co_plus_hi_ctl49,12,3,35,45,0.04118828235,0.999441735,0,0.002276607854,0
star_co_plus_hi_ctl49,12,4,45,55,0.02696592644,0.9351773521,0,0.002276607854,0
star_co_plus_hi_ctl49,12,5,55,65,0.06481008933,0.8458055239,0,0.002276607854,0
star_only,13,0,5,15,-0.06100542774,0.7807684521,0,0,0
star_only,13,1,15,25,-0.03502343529,0.9419201498,0,0,0
star_only,13,2,25,35,0.03331870025,0.9450851222,0,0,0
star_only,13,3,35,45,0.02598321642,0.9978095894,0,0,0
star_only,13,4,45,55,-0.06924951745,0.9121140983,0,0,0
star_only,13,5,55,65,-0.1035109532,0.9456476193,0,0,0
co_independent_only,13,0,5,15,-0.06229915002,0.7770716789,0,0.002276607854,0
co_independent_only,13,1,15,25,-0.03714930305,0.8923255771,0,0.002276607854,0
co_independent_only,13,2,25,35,0.040708329,0.931726178,0,0.002276607854,0
co_independent_only,13,3,35,45,0.02289836817,0.9986816763,0,0.002276607854,0
co_independent_only,13,4,45,55,-0.04569547915,0.9343224355,0,0.002276607854,0
co_independent_only,13,5,55,65,-0.09739344421,0.9762370048,0,0.002276607854,0
star_plus_co_independent,13,0,5,15,-0.06303628012,0.7807684521,0,0.002276607854,0
star_plus_co_independent,13,1,15,25,-0.03581441594,0.9419201498,0,0.002276607854,0
star_plus_co_independent,13,2,25,35,0.03744981774,0.9450851222,0,0.002276607854,0
star_plus_co_independent,13,3,35,45,0.02394097305,0.9978095894,0,0.002276607854,0
star_plus_co_independent,13,4,45,55,-0.07487877981,0.9121140983,0,0.002276607854,0
star_plus_co_independent,13,5,55,65,-0.1016139193,0.9456476193,0,0.002276607854,0
star_plus_co_correlated_control,13,0,5,15,-0.06244615305,0.7807684521,0,0.0438247012,0
star_plus_co_correlated_control,13,1,15,25,-0.03649283238,0.9419201498,0,0.0438247012,0
star_plus_co_correlated_control,13,2,25,35,0.03577094356,0.9450851222,0,0.0438247012,0
star_plus_co_correlated_control,13,3,35,45,0.02476835885,0.9978095894,0,0.0438247012,0
star_plus_co_correlated_control,13,4,45,55,-0.07078393321,0.9121140983,0,0.0438247012,0
star_plus_co_correlated_control,13,5,55,65,-0.1073166169,0.9456476193,0,0.0438247012,0
star_co_plus_hi_ctl01,13,0,5,15,-0.06297822996,0.7807684521,0,0.002276607854,0
star_co_plus_hi_ctl01,13,1,15,25,-0.0360479359,0.9419201498,0,0.002276607854,0
star_co_plus_hi_ctl01,13,2,25,35,0.03688045851,0.9450851222,0,0.002276607854,0
star_co_plus_hi_ctl01,13,3,35,45,0.02341655678,0.9978095894,0,0.002276607854,0
star_co_plus_hi_ctl01,13,4,45,55,-0.07473153699,0.9121140983,0,0.002276607854,0
star_co_plus_hi_ctl01,13,5,55,65,-0.1017322074,0.9456476193,0,0.002276607854,0
star_co_plus_hi_ctl10,13,0,5,15,-0.06282199522,0.7807684521,0,0.002276607854,0
star_co_plus_hi_ctl10,13,1,15,25,-0.0366765449,0.9419201498,0,0.002276607854,0
star_co_plus_hi_ctl10,13,2,25,35,0.03535686444,0.9450851222,0,0.002276607854,0
star_co_plus_hi_ctl10,13,3,35,45,0.02162048144,0.9978095894,0,0.002276607854,0
star_co_plus_hi_ctl10,13,4,45,55,-0.07433532239,0.9121140983,0,0.002276607854,0
star_co_plus_hi_ctl10,13,5,55,65,-0.1018071174,0.9456476193,0,0.002276607854,0
star_co_plus_hi_ctl49,13,0,5,15,-0.06255511873,0.7807684521,0,0.002276607854,0
star_co_plus_hi_ctl49,13,1,15,25,-0.03775072394,0.9419201498,0,0.002276607854,0
star_co_plus_hi_ctl49,13,2,25,35,0.03274813455,0.9450851222,0,0.002276607854,0
star_co_plus_hi_ctl49,13,3,35,45,0.01803395561,0.9978095894,0,0.002276607854,0
star_co_plus_hi_ctl49,13,4,45,55,-0.07362948516,0.9121140983,0,0.002276607854,0
star_co_plus_hi_ctl49,13,5,55,65,-0.1009288511,0.9456476193,0,0.002276607854,0
star_only,14,0,5,15,-0.06109622147,0.6882954823,0,0,0
star_only,14,1,15,25,-0.03953646189,0.6621389475,0,0,0
star_only,14,2,25,35,0.03312311502,0.6796288475,0,0,0
star_only,14,3,35,45,0.04446085025,0.9917879609,0,0,0
star_only,14,4,45,55,0.08020988496,0.9981881738,0,0,0
star_only,14,5,55,65,0.07108503972,0.9998318035,0,0,0
co_independent_only,14,0,5,15,-0.05629014351,0.7770716789,0,0,0
co_independent_only,14,1,15,25,-0.03231992008,0.8923255771,0,0,0
co_independent_only,14,2,25,35,0.03172975863,0.931726178,0,0,0
co_independent_only,14,3,35,45,0.03097479648,0.9986816763,0,0,0
co_independent_only,14,4,45,55,-0.03703520236,0.9343224355,0,0,0
co_independent_only,14,5,55,65,-0.08358971477,0.9762370048,0,0,0
star_plus_co_independent,14,0,5,15,-0.05697969192,0.6882954823,0,0,0
star_plus_co_independent,14,1,15,25,-0.03524346815,0.6621389475,0,0,0
star_plus_co_independent,14,2,25,35,0.03170079669,0.6796288475,0,0,0
star_plus_co_independent,14,3,35,45,0.04995010985,0.9917879609,0,0,0
star_plus_co_independent,14,4,45,55,0.08594450433,0.9981881738,0,0,0
star_plus_co_independent,14,5,55,65,0.0838780852,0.9998318035,0,0,0
star_plus_co_correlated_control,14,0,5,15,-0.06028202496,0.6882954823,0,0,0
star_plus_co_correlated_control,14,1,15,25,-0.03834216222,0.6621389475,0,0,0
star_plus_co_correlated_control,14,2,25,35,0.03156296039,0.6796288475,0,0,0
star_plus_co_correlated_control,14,3,35,45,0.04458313179,0.9917879609,0,0,0
star_plus_co_correlated_control,14,4,45,55,0.07905365992,0.9981881738,0,0,0
star_plus_co_correlated_control,14,5,55,65,0.06824025718,0.9998318035,0,0,0
star_co_plus_hi_ctl01,14,0,5,15,-0.05700450049,0.6882954823,0,0,0
star_co_plus_hi_ctl01,14,1,15,25,-0.03532541387,0.6621389475,0,0,0
star_co_plus_hi_ctl01,14,2,25,35,0.03220720407,0.6796288475,0,0,0
star_co_plus_hi_ctl01,14,3,35,45,0.04944043153,0.9917879609,0,0,0
star_co_plus_hi_ctl01,14,4,45,55,0.08510827976,0.9981881738,0,0,0
star_co_plus_hi_ctl01,14,5,55,65,0.08303020263,0.9998318035,0,0,0
star_co_plus_hi_ctl10,14,0,5,15,-0.05707120334,0.6882954823,0,0,0
star_co_plus_hi_ctl10,14,1,15,25,-0.03543532414,0.6621389475,0,0,0
star_co_plus_hi_ctl10,14,2,25,35,0.03356826474,0.6796288475,0,0,0
star_co_plus_hi_ctl10,14,3,35,45,0.04806915581,0.9917879609,0,0,0
star_co_plus_hi_ctl10,14,4,45,55,0.08285734905,0.9981881738,0,0,0
star_co_plus_hi_ctl10,14,5,55,65,0.08109989513,0.9998318035,0,0,0
star_co_plus_hi_ctl49,14,0,5,15,-0.05718492043,0.6882954823,0,0,0
star_co_plus_hi_ctl49,14,1,15,25,-0.03563601301,0.6621389475,0,0,0
star_co_plus_hi_ctl49,14,2,25,35,0.03579541529,0.6796288475,0,0,0
star_co_plus_hi_ctl49,14,3,35,45,0.04593449551,0.9917879609,0,0,0
star_co_plus_hi_ctl49,14,4,45,55,0.07765859357,0.9981881738,0,0,0
star_co_plus_hi_ctl49,14,5,55,65,0.08061872183,0.9998318035,0,0,0
star_only,15,0,5,15,-0.05998624175,0.8540979607,0.05748434832,0,0
star_only,15,1,15,25,-0.0331161386,0.9723120148,0.05748434832,0,0
star_only,15,2,25,35,0.03366436016,0.9941958138,0.05748434832,0,0
star_only,15,3,35,45,0.03038872757,0.8603502156,0.05748434832,0,0
star_only,15,4,45,55,-0.005485674665,0.8234497537,0.05748434832,0,0
star_only,15,5,55,65,-0.001644398365,0.9060443232,0.05748434832,0,0
co_independent_only,15,0,5,15,-0.06196371639,0.7770716789,0,0,0
co_independent_only,15,1,15,25,-0.03561965458,0.8923255771,0,0,0
co_independent_only,15,2,25,35,0.04207620378,0.931726178,0,0,0
co_independent_only,15,3,35,45,0.02732541708,0.9986816763,0,0,0
co_independent_only,15,4,45,55,-0.03486222289,0.9343224355,0,0,0
co_independent_only,15,5,55,65,-0.0909196523,0.9762370048,0,0,0
star_plus_co_independent,15,0,5,15,-0.06168702238,0.8540979607,0.05748434832,0,0
star_plus_co_independent,15,1,15,25,-0.03206479219,0.9723120148,0.05748434832,0,0
star_plus_co_independent,15,2,25,35,0.04118358544,0.9941958138,0.05748434832,0,0
star_plus_co_independent,15,3,35,45,0.03329658819,0.8603502156,0.05748434832,0,0
star_plus_co_independent,15,4,45,55,0.0002593792298,0.8234497537,0.05748434832,0,0
star_plus_co_independent,15,5,55,65,0.006536267703,0.9060443232,0.05748434832,0,0
star_plus_co_correlated_control,15,0,5,15,-0.06270063755,0.8540979607,0.05748434832,0.07683551508,0
star_plus_co_correlated_control,15,1,15,25,-0.03576810798,0.9723120148,0.05748434832,0.07683551508,0
star_plus_co_correlated_control,15,2,25,35,0.03810646304,0.9941958138,0.05748434832,0.07683551508,0
star_plus_co_correlated_control,15,3,35,45,0.02871238328,0.8603502156,0.05748434832,0.07683551508,0
star_plus_co_correlated_control,15,4,45,55,-0.005443042618,0.8234497537,0.05748434832,0.07683551508,0
star_plus_co_correlated_control,15,5,55,65,-5.372826281e-05,0.9060443232,0.05748434832,0.07683551508,0
star_co_plus_hi_ctl01,15,0,5,15,-0.06155117646,0.8540979607,0.05748434832,0,0
star_co_plus_hi_ctl01,15,1,15,25,-0.03172596123,0.9723120148,0.05748434832,0,0
star_co_plus_hi_ctl01,15,2,25,35,0.04163382112,0.9941958138,0.05748434832,0,0
star_co_plus_hi_ctl01,15,3,35,45,0.03456593396,0.8603502156,0.05748434832,0,0
star_co_plus_hi_ctl01,15,4,45,55,0.001186501821,0.8234497537,0.05748434832,0,0
star_co_plus_hi_ctl01,15,5,55,65,0.007053226466,0.9060443232,0.05748434832,0,0
star_co_plus_hi_ctl10,15,0,5,15,-0.06118536157,0.8540979607,0.05748434832,0,0
star_co_plus_hi_ctl10,15,1,15,25,-0.03081341028,0.9723120148,0.05748434832,0,0
star_co_plus_hi_ctl10,15,2,25,35,0.04275496785,0.9941958138,0.05748434832,0,0
star_co_plus_hi_ctl10,15,3,35,45,0.03807886919,0.8603502156,0.05748434832,0,0
star_co_plus_hi_ctl10,15,4,45,55,0.003094936846,0.8234497537,0.05748434832,0,0
star_co_plus_hi_ctl10,15,5,55,65,0.008443034366,0.9060443232,0.05748434832,0,0
star_co_plus_hi_ctl49,15,0,5,15,-0.06055980104,0.8540979607,0.05748434832,0,0
star_co_plus_hi_ctl49,15,1,15,25,-0.02925248308,0.9723120148,0.05748434832,0,0
star_co_plus_hi_ctl49,15,2,25,35,0.04400032153,0.9941958138,0.05748434832,0,0
star_co_plus_hi_ctl49,15,3,35,45,0.04307479631,0.8603502156,0.05748434832,0,0
star_co_plus_hi_ctl49,15,4,45,55,0.006327613062,0.8234497537,0.05748434832,0,0
star_co_plus_hi_ctl49,15,5,55,65,0.01101143661,0.9060443232,0.05748434832,0,0
star_only,16,0,5,15,-0.06111975546,0.6235758298,0,0,0
star_only,16,1,15,25,-0.0363221828,0.4953718873,0,0,0
star_only,16,2,25,35,0.03472498307,0.580612817,0,0,0
star_only,16,3,35,45,0.04053456716,0.591461458,0,0,0
star_only,16,4,45,55,0.1271945912,0.5810027433,0,0,0
star_only,16,5,55,65,0.3146660089,0.848146821,0,0,0
co_independent_only,16,0,5,15,-0.05878610862,0.7770716789,0,0.0005691519636,0
co_independent_only,16,1,15,25,-0.03195610229,0.8923255771,0,0.0005691519636,0
co_independent_only,16,2,25,35,0.03156142394,0.931726178,0,0.0005691519636,0
co_independent_only,16,3,35,45,0.03718668405,0.9986816763,0,0.0005691519636,0
co_independent_only,16,4,45,55,-0.03106394048,0.9343224355,0,0.0005691519636,0
co_independent_only,16,5,55,65,-0.09418644657,0.9762370048,0,0.0005691519636,0
star_plus_co_independent,16,0,5,15,-0.05953685032,0.6235758298,0,0.0005691519636,0
star_plus_co_independent,16,1,15,25,-0.03214073505,0.4953718873,0,0.0005691519636,0
star_plus_co_independent,16,2,25,35,0.0317290478,0.580612817,0,0.0005691519636,0
star_plus_co_independent,16,3,35,45,0.05175682586,0.591461458,0,0.0005691519636,0
star_plus_co_independent,16,4,45,55,0.1325522272,0.5810027433,0,0.0005691519636,0
star_plus_co_independent,16,5,55,65,0.3042726396,0.848146821,0,0.0005691519636,0
star_plus_co_correlated_control,16,0,5,15,-0.06189987564,0.6235758298,0,0.02447353443,0
star_plus_co_correlated_control,16,1,15,25,-0.03714923473,0.4953718873,0,0.02447353443,0
star_plus_co_correlated_control,16,2,25,35,0.03634000518,0.580612817,0,0.02447353443,0
star_plus_co_correlated_control,16,3,35,45,0.04025097206,0.591461458,0,0.02447353443,0
star_plus_co_correlated_control,16,4,45,55,0.1289174887,0.5810027433,0,0.02447353443,0
star_plus_co_correlated_control,16,5,55,65,0.3231411676,0.848146821,0,0.02447353443,0
star_co_plus_hi_ctl01,16,0,5,15,-0.05942032586,0.6235758298,0,0.0005691519636,0
star_co_plus_hi_ctl01,16,1,15,25,-0.03187002307,0.4953718873,0,0.0005691519636,0
star_co_plus_hi_ctl01,16,2,25,35,0.03138809335,0.580612817,0,0.0005691519636,0
star_co_plus_hi_ctl01,16,3,35,45,0.05174031435,0.591461458,0,0.0005691519636,0
star_co_plus_hi_ctl01,16,4,45,55,0.1312812834,0.5810027433,0,0.0005691519636,0
star_co_plus_hi_ctl01,16,5,55,65,0.3023324679,0.848146821,0,0.0005691519636,0
star_co_plus_hi_ctl10,16,0,5,15,-0.05910644232,0.6235758298,0,0.0005691519636,0
star_co_plus_hi_ctl10,16,1,15,25,-0.0311411283,0.4953718873,0,0.0005691519636,0
star_co_plus_hi_ctl10,16,2,25,35,0.03046924616,0.580612817,0,0.0005691519636,0
star_co_plus_hi_ctl10,16,3,35,45,0.05169608459,0.591461458,0,0.0005691519636,0
star_co_plus_hi_ctl10,16,4,45,55,0.127853604,0.5810027433,0,0.0005691519636,0
star_co_plus_hi_ctl10,16,5,55,65,0.2990103295,0.848146821,0,0.0005691519636,0
star_co_plus_hi_ctl49,16,0,5,15,-0.05856935266,0.6235758298,0,0.0005691519636,0
star_co_plus_hi_ctl49,16,1,15,25,-0.02989500914,0.4953718873,0,0.0005691519636,0
star_co_plus_hi_ctl49,16,2,25,35,0.02889559336,0.580612817,0,0.0005691519636,0
star_co_plus_hi_ctl49,16,3,35,45,0.05162124083,0.591461458,0,0.0005691519636,0
star_co_plus_hi_ctl49,16,4,45,55,0.1238690333,0.5810027433,0,0.0005691519636,0
star_co_plus_hi_ctl49,16,5,55,65,0.2960661643,0.848146821,0,0.0005691519636,0
star_only,17,0,5,15,-0.05976599898,0.6696810143,0.003414911781,0,0
star_only,17,1,15,25,-0.04070981981,0.5782213898,0.003414911781,0,0
star_only,17,2,25,35,0.03444385356,0.7477822359,0.003414911781,0,0
star_only,17,3,35,45,0.03309423822,0.9806993169,0.003414911781,0,0
star_only,17,4,45,55,-0.05029633473,0.931551838,0.003414911781,0,0
star_only,17,5,55,65,-0.1521901343,0.9757087497,0.003414911781,0,0
co_independent_only,17,0,5,15,-0.05792075119,0.7770716789,0,0.008537279454,0
co_independent_only,17,1,15,25,-0.03279313398,0.8923255771,0,0.008537279454,0
co_independent_only,17,2,25,35,0.0349655228,0.931726178,0,0.008537279454,0
co_independent_only,17,3,35,45,0.0228053587,0.9986816763,0,0.008537279454,0
co_independent_only,17,4,45,55,-0.04178413901,0.9343224355,0,0.008537279454,0
co_independent_only,17,5,55,65,-0.109064549,0.9762370048,0,0.008537279454,0
star_plus_co_independent,17,0,5,15,-0.05748650726,0.6696810143,0.003414911781,0.008537279454,0
star_plus_co_independent,17,1,15,25,-0.03711572636,0.5782213898,0.003414911781,0.008537279454,0
star_plus_co_independent,17,2,25,35,0.03499333095,0.7477822359,0.003414911781,0.008537279454,0
star_plus_co_independent,17,3,35,45,0.03065570963,0.9806993169,0.003414911781,0.008537279454,0
star_plus_co_independent,17,4,45,55,-0.05132353665,0.931551838,0.003414911781,0.008537279454,0
star_plus_co_independent,17,5,55,65,-0.15950166,0.9757087497,0.003414911781,0.008537279454,0
star_plus_co_correlated_control,17,0,5,15,-0.057018827,0.6696810143,0.003414911781,0,0
star_plus_co_correlated_control,17,1,15,25,-0.03646215175,0.5782213898,0.003414911781,0,0
star_plus_co_correlated_control,17,2,25,35,0.02861924235,0.7477822359,0.003414911781,0,0
star_plus_co_correlated_control,17,3,35,45,0.03476547964,0.9806993169,0.003414911781,0,0
star_plus_co_correlated_control,17,4,45,55,-0.04950682671,0.931551838,0.003414911781,0,0
star_plus_co_correlated_control,17,5,55,65,-0.1432519844,0.9757087497,0.003414911781,0,0
star_co_plus_hi_ctl01,17,0,5,15,-0.0576177278,0.6696810143,0.003414911781,0.008537279454,0
star_co_plus_hi_ctl01,17,1,15,25,-0.03727526214,0.5782213898,0.003414911781,0.008537279454,0
star_co_plus_hi_ctl01,17,2,25,35,0.0346400666,0.7477822359,0.003414911781,0.008537279454,0
star_co_plus_hi_ctl01,17,3,35,45,0.03108120492,0.9806993169,0.003414911781,0.008537279454,0
star_co_plus_hi_ctl01,17,4,45,55,-0.05140879774,0.931551838,0.003414911781,0.008537279454,0
star_co_plus_hi_ctl01,17,5,55,65,-0.1606887551,0.9757087497,0.003414911781,0.008537279454,0
star_co_plus_hi_ctl10,17,0,5,15,-0.05797079985,0.6696810143,0.003414911781,0.008537279454,0
star_co_plus_hi_ctl10,17,1,15,25,-0.03770419226,0.5782213898,0.003414911781,0.008537279454,0
star_co_plus_hi_ctl10,17,2,25,35,0.03368976181,0.7477822359,0.003414911781,0.008537279454,0
star_co_plus_hi_ctl10,17,3,35,45,0.03210502902,0.9806993169,0.003414911781,0.008537279454,0
star_co_plus_hi_ctl10,17,4,45,55,-0.0520390808,0.931551838,0.003414911781,0.008537279454,0
star_co_plus_hi_ctl10,17,5,55,65,-0.1638841903,0.9757087497,0.003414911781,0.008537279454,0
star_co_plus_hi_ctl49,17,0,5,15,-0.0585736004,0.6696810143,0.003414911781,0.008537279454,0
star_co_plus_hi_ctl49,17,1,15,25,-0.0384353984,0.5782213898,0.003414911781,0.008537279454,0
star_co_plus_hi_ctl49,17,2,25,35,0.03199907257,0.7477822359,0.003414911781,0.008537279454,0
star_co_plus_hi_ctl49,17,3,35,45,0.03375373376,0.9806993169,0.003414911781,0.008537279454,0
star_co_plus_hi_ctl49,17,4,45,55,-0.05558828131,0.931551838,0.003414911781,0.008537279454,0
star_co_plus_hi_ctl49,17,5,55,65,-0.1659977574,0.9757087497,0.003414911781,0.008537279454,0
star_only,18,0,5,15,-0.06100366171,0.7546833378,0.002276607854,0,0
star_only,18,1,15,25,-0.0367874356,0.9080702179,0.002276607854,0,0
star_only,18,2,25,35,0.0332397091,0.912844991,0.002276607854,0,0
star_only,18,3,35,45,0.02573886656,0.9863642307,0.002276607854,0,0
star_only,18,4,45,55,-0.07411974022,0.9893001281,0.002276607854,0,0
star_only,18,5,55,65,-0.1702762369,0.9549901463,0.002276607854,0,0
co_independent_only,18,0,5,15,-0.05767832438,0.7770716789,0,0.003414911781,0
co_independent_only,18,1,15,25,-0.0280160289,0.8923255771,0,0.003414911781,0
co_independent_only,18,2,25,35,0.02983883122,0.931726178,0,0.003414911781,0
co_independent_only,18,3,35,45,0.03105380411,0.9986816763,0,0.003414911781,0
co_independent_only,18,4,45,55,-0.03998754134,0.9343224355,0,0.003414911781,0
co_independent_only,18,5,55,65,-0.09656251923,0.9762370048,0,0.003414911781,0
star_plus_co_independent,18,0,5,15,-0.05819264854,0.7546833378,0.002276607854,0.003414911781,0
star_plus_co_independent,18,1,15,25,-0.02849799611,0.9080702179,0.002276607854,0.003414911781,0
star_plus_co_independent,18,2,25,35,0.03032641676,0.912844991,0.002276607854,0.003414911781,0
star_plus_co_independent,18,3,35,45,0.03253610582,0.9863642307,0.002276607854,0.003414911781,0
star_plus_co_independent,18,4,45,55,-0.07650982239,0.9893001281,0.002276607854,0.003414911781,0
star_plus_co_independent,18,5,55,65,-0.1678292921,0.9549901463,0.002276607854,0.003414911781,0
star_plus_co_correlated_control,18,0,5,15,-0.06509727843,0.7546833378,0.002276607854,0.1291974957,0
star_plus_co_correlated_control,18,1,15,25,-0.04121665243,0.9080702179,0.002276607854,0.1291974957,0
star_plus_co_correlated_control,18,2,25,35,0.03944434965,0.912844991,0.002276607854,0.1291974957,0
star_plus_co_correlated_control,18,3,35,45,0.02281648537,0.9863642307,0.002276607854,0.1291974957,0
star_plus_co_correlated_control,18,4,45,55,-0.07862685765,0.9893001281,0.002276607854,0.1291974957,0
star_plus_co_correlated_control,18,5,55,65,-0.1902243876,0.9549901463,0.002276607854,0.1291974957,0
star_co_plus_hi_ctl01,18,0,5,15,-0.05847833149,0.7546833378,0.002276607854,0.003414911781,0
star_co_plus_hi_ctl01,18,1,15,25,-0.02893732535,0.9080702179,0.002276607854,0.003414911781,0
star_co_plus_hi_ctl01,18,2,25,35,0.03096160939,0.912844991,0.002276607854,0.003414911781,0
star_co_plus_hi_ctl01,18,3,35,45,0.03167830661,0.9863642307,0.002276607854,0.003414911781,0
star_co_plus_hi_ctl01,18,4,45,55,-0.07767573288,0.9893001281,0.002276607854,0.003414911781,0
star_co_plus_hi_ctl01,18,5,55,65,-0.168292819,0.9549901463,0.002276607854,0.003414911781,0
star_co_plus_hi_ctl10,18,0,5,15,-0.05924693936,0.7546833378,0.002276607854,0.003414911781,0
star_co_plus_hi_ctl10,18,1,15,25,-0.03011363364,0.9080702179,0.002276607854,0.003414911781,0
star_co_plus_hi_ctl10,18,2,25,35,0.03266915158,0.912844991,0.002276607854,0.003414911781,0
star_co_plus_hi_ctl10,18,3,35,45,0.02912880479,0.9863642307,0.002276607854,0.003414911781,0
star_co_plus_hi_ctl10,18,4,45,55,-0.08081448542,0.9893001281,0.002276607854,0.003414911781,0
star_co_plus_hi_ctl10,18,5,55,65,-0.1698800414,0.9549901463,0.002276607854,0.003414911781,0
star_co_plus_hi_ctl49,18,0,5,15,-0.06055894214,0.7546833378,0.002276607854,0.003414911781,0
star_co_plus_hi_ctl49,18,1,15,25,-0.03212518816,0.9080702179,0.002276607854,0.003414911781,0
star_co_plus_hi_ctl49,18,2,25,35,0.03561544447,0.912844991,0.002276607854,0.003414911781,0
star_co_plus_hi_ctl49,18,3,35,45,0.02423569304,0.9863642307,0.002276607854,0.003414911781,0
star_co_plus_hi_ctl49,18,4,45,55,-0.08586720577,0.9893001281,0.002276607854,0.003414911781,0
star_co_plus_hi_ctl49,18,5,55,65,-0.1747620536,0.9549901463,0.002276607854,0.003414911781,0
star_only,19,0,5,15,-0.05984458514,0.6933408948,0.03642572567,0,0
star_only,19,1,15,25,-0.03407341648,0.5990055216,0.03642572567,0,0
star_only,19,2,25,35,0.03452501969,0.7998136518,0.03642572567,0,0
star_only,19,3,35,45,0.01888911865,0.9808365615,0.03642572567,0,0
star_only,19,4,45,55,-0.02687128604,0.9743509146,0.03642572567,0,0
star_only,19,5,55,65,-0.07030314607,0.9764224426,0.03642572567,0,0
co_independent_only,19,0,5,15,-0.06171733658,0.7770716789,0,0,0
co_independent_only,19,1,15,25,-0.03879282289,0.8923255771,0,0,0
co_independent_only,19,2,25,35,0.03350140457,0.931726178,0,0,0
co_independent_only,19,3,35,45,0.01994275088,0.9986816763,0,0,0
co_independent_only,19,4,45,55,-0.03964044168,0.9343224355,0,0,0
co_independent_only,19,5,55,65,-0.09162450838,0.9762370048,0,0,0
star_plus_co_independent,19,0,5,15,-0.06122253856,0.6933408948,0.03642572567,0,0
star_plus_co_independent,19,1,15,25,-0.03665117634,0.5990055216,0.03642572567,0,0
star_plus_co_independent,19,2,25,35,0.03370836997,0.7998136518,0.03642572567,0,0
star_plus_co_independent,19,3,35,45,0.01410001358,0.9808365615,0.03642572567,0,0
star_plus_co_independent,19,4,45,55,-0.02658066406,0.9743509146,0.03642572567,0,0
star_plus_co_independent,19,5,55,65,-0.06259639391,0.9764224426,0.03642572567,0,0
star_plus_co_correlated_control,19,0,5,15,-0.0575445075,0.6933408948,0.03642572567,0,0
star_plus_co_correlated_control,19,1,15,25,-0.03105430627,0.5990055216,0.03642572567,0,0
star_plus_co_correlated_control,19,2,25,35,0.02936835577,0.7998136518,0.03642572567,0,0
star_plus_co_correlated_control,19,3,35,45,0.02116613621,0.9808365615,0.03642572567,0,0
star_plus_co_correlated_control,19,4,45,55,-0.02655324949,0.9743509146,0.03642572567,0,0
star_plus_co_correlated_control,19,5,55,65,-0.06891825394,0.9764224426,0.03642572567,0,0
star_co_plus_hi_ctl01,19,0,5,15,-0.06106167071,0.6933408948,0.03642572567,0,0
star_co_plus_hi_ctl01,19,1,15,25,-0.03617636975,0.5990055216,0.03642572567,0,0
star_co_plus_hi_ctl01,19,2,25,35,0.03373821452,0.7998136518,0.03642572567,0,0
star_co_plus_hi_ctl01,19,3,35,45,0.01455437786,0.9808365615,0.03642572567,0,0
star_co_plus_hi_ctl01,19,4,45,55,-0.02690010541,0.9743509146,0.03642572567,0,0
star_co_plus_hi_ctl01,19,5,55,65,-0.06450197679,0.9764224426,0.03642572567,0,0
star_co_plus_hi_ctl10,19,0,5,15,-0.06062862005,0.6933408948,0.03642572567,0,0
star_co_plus_hi_ctl10,19,1,15,25,-0.03489868952,0.5990055216,0.03642572567,0,0
star_co_plus_hi_ctl10,19,2,25,35,0.03380637326,0.7998136518,0.03642572567,0,0
star_co_plus_hi_ctl10,19,3,35,45,0.0157784461,0.9808365615,0.03642572567,0,0
star_co_plus_hi_ctl10,19,4,45,55,-0.02776047556,0.9743509146,0.03642572567,0,0
star_co_plus_hi_ctl10,19,5,55,65,-0.06969294509,0.9764224426,0.03642572567,0,0
star_co_plus_hi_ctl49,19,0,5,15,-0.05988857204,0.6933408948,0.03642572567,0,0
star_co_plus_hi_ctl49,19,1,15,25,-0.03271686346,0.5990055216,0.03642572567,0,0
star_co_plus_hi_ctl49,19,2,25,35,0.03392007384,0.7998136518,0.03642572567,0,0
star_co_plus_hi_ctl49,19,3,35,45,0.01787345283,0.9808365615,0.03642572567,0,0
star_co_plus_hi_ctl49,19,4,45,55,-0.03016580449,0.9743509146,0.03642572567,0,0
star_co_plus_hi_ctl49,19,5,55,65,-0.07864552832,0.9764224426,0.03642572567,0,0
star_only,20,0,5,15,-0.0593548042,0.8312096935,0,0,0
star_only,20,1,15,25,-0.03437730505,0.9165903829,0,0,0
star_only,20,2,25,35,0.03465685906,0.931565723,0,0,0
star_only,20,3,35,45,0.01861605726,0.980572124,0,0,0
star_only,20,4,45,55,-0.08804444809,0.9993512547,0,0,0
star_only,20,5,55,65,-0.1949357146,0.9982764268,0,0,0
co_independent_only,20,0,5,15,-0.05999689109,0.7770716789,0,0.0005691519636,0
co_independent_only,20,1,15,25,-0.03043532582,0.8923255771,0,0.0005691519636,0
co_independent_only,20,2,25,35,0.040765259,0.931726178,0,0.0005691519636,0
co_independent_only,20,3,35,45,0.02617552939,0.9986816763,0,0.0005691519636,0
co_independent_only,20,4,45,55,-0.03626081256,0.9343224355,0,0.0005691519636,0
co_independent_only,20,5,55,65,-0.09618925415,0.9762370048,0,0.0005691519636,0
star_plus_co_independent,20,0,5,15,-0.05924863936,0.8312096935,0,0.0005691519636,0
star_plus_co_independent,20,1,15,25,-0.02867524025,0.9165903829,0,0.0005691519636,0
star_plus_co_independent,20,2,25,35,0.04095507379,0.931565723,0,0.0005691519636,0
star_plus_co_independent,20,3,35,45,0.0195624609,0.980572124,0,0.0005691519636,0
star_plus_co_independent,20,4,45,55,-0.0853286938,0.9993512547,0,0.0005691519636,0
star_plus_co_independent,20,5,55,65,-0.1923422399,0.9982764268,0,0.0005691519636,0
star_plus_co_correlated_control,20,0,5,15,-0.0588809007,0.8312096935,0,0,0
star_plus_co_correlated_control,20,1,15,25,-0.03375124685,0.9165903829,0,0,0
star_plus_co_correlated_control,20,2,25,35,0.03361185024,0.931565723,0,0,0
star_plus_co_correlated_control,20,3,35,45,0.01909902762,0.980572124,0,0,0
star_plus_co_correlated_control,20,4,45,55,-0.08738491071,0.9993512547,0,0,0
star_plus_co_correlated_control,20,5,55,65,-0.1923243623,0.9982764268,0,0,0
star_co_plus_hi_ctl01,20,0,5,15,-0.0592072913,0.8312096935,0,0.0005691519636,0
star_co_plus_hi_ctl01,20,1,15,25,-0.02826120761,0.9165903829,0,0.0005691519636,0
star_co_plus_hi_ctl01,20,2,25,35,0.04120878352,0.931565723,0,0.0005691519636,0
star_co_plus_hi_ctl01,20,3,35,45,0.01959536204,0.980572124,0,0.0005691519636,0
star_co_plus_hi_ctl01,20,4,45,55,-0.08503185748,0.9993512547,0,0.0005691519636,0
star_co_plus_hi_ctl01,20,5,55,65,-0.1919097914,0.9982764268,0,0.0005691519636,0
star_co_plus_hi_ctl10,20,0,5,15,-0.05909604116,0.8312096935,0,0.0005691519636,0
star_co_plus_hi_ctl10,20,1,15,25,-0.0271476142,0.9165903829,0,0.0005691519636,0
star_co_plus_hi_ctl10,20,2,25,35,0.04186647391,0.931565723,0,0.0005691519636,0
star_co_plus_hi_ctl10,20,3,35,45,0.01968188261,0.980572124,0,0.0005691519636,0
star_co_plus_hi_ctl10,20,4,45,55,-0.08423285311,0.9993512547,0,0.0005691519636,0
star_co_plus_hi_ctl10,20,5,55,65,-0.1878842472,0.9982764268,0,0.0005691519636,0
star_co_plus_hi_ctl49,20,0,5,15,-0.05890611772,0.8312096935,0,0.0005691519636,0
star_co_plus_hi_ctl49,20,1,15,25,-0.02524783455,0.9165903829,0,0.0005691519636,0
star_co_plus_hi_ctl49,20,2,25,35,0.04282051683,0.931565723,0,0.0005691519636,0
star_co_plus_hi_ctl49,20,3,35,45,0.01982283523,0.980572124,0,0.0005691519636,0
star_co_plus_hi_ctl49,20,4,45,55,-0.08094451673,0.9993512547,0,0.0005691519636,0
star_co_plus_hi_ctl49,20,5,55,65,-0.1854814331,0.9982764268,0,0.0005691519636,0
star_only,21,0,5,15,-0.06082345969,0.760741296,0,0,0
star_only,21,1,15,25,-0.03519189462,0.8555304066,0,0,0
star_only,21,2,25,35,0.034649588,0.866398411,0,0,0
star_only,21,3,35,45,0.03041750016,0.9744943426,0,0,0
star_only,21,4,45,55,-0.01181778493,0.9914472001,0,0,0
star_only,21,5,55,65,-0.04678941045,0.9984629126,0,0,0
co_independent_only,21,0,5,15,-0.06612712977,0.7770716789,0,0.01138303927,0
co_independent_only,21,1,15,25,-0.0388241455,0.8923255771,0,0.01138303927,0
co_independent_only,21,2,25,35,0.03491347179,0.931726178,0,0.01138303927,0
co_independent_only,21,3,35,45,0.02065500021,0.9986816763,0,0.01138303927,0
co_independent_only,21,4,45,55,-0.0423770729,0.9343224355,0,0.01138303927,0
co_independent_only,21,5,55,65,-0.09874891098,0.9762370048,0,0.01138303927,0
star_plus_co_independent,21,0,5,15,-0.0668027669,0.760741296,0,0.01138303927,0
star_plus_co_independent,21,1,15,25,-0.03772460642,0.8555304066,0,0.01138303927,0
star_plus_co_independent,21,2,25,35,0.0351815839,0.866398411,0,0.01138303927,0
star_plus_co_independent,21,3,35,45,0.02695731704,0.9744943426,0,0.01138303927,0
star_plus_co_independent,21,4,45,55,-0.01416566884,0.9914472001,0,0.01138303927,0
star_plus_co_independent,21,5,55,65,-0.04617275852,0.9984629126,0,0.01138303927,0
star_plus_co_correlated_control,21,0,5,15,-0.06119177279,0.760741296,0,0.00796812749,0
star_plus_co_correlated_control,21,1,15,25,-0.03557092104,0.8555304066,0,0.00796812749,0
star_plus_co_correlated_control,21,2,25,35,0.03546491792,0.866398411,0,0.00796812749,0
star_plus_co_correlated_control,21,3,35,45,0.03015009414,0.9744943426,0,0.00796812749,0
star_plus_co_correlated_control,21,4,45,55,-0.01184773459,0.9914472001,0,0.00796812749,0
star_plus_co_correlated_control,21,5,55,65,-0.04693346067,0.9984629126,0,0.00796812749,0
star_co_plus_hi_ctl01,21,0,5,15,-0.066987932,0.760741296,0,0.01138303927,0
star_co_plus_hi_ctl01,21,1,15,25,-0.03798801049,0.8555304066,0,0.01138303927,0
star_co_plus_hi_ctl01,21,2,25,35,0.03552529712,0.866398411,0,0.01138303927,0
star_co_plus_hi_ctl01,21,3,35,45,0.02647554852,0.9744943426,0,0.01138303927,0
star_co_plus_hi_ctl01,21,4,45,55,-0.01442883547,0.9914472001,0,0.01138303927,0
star_co_plus_hi_ctl01,21,5,55,65,-0.04665101266,0.9984629126,0,0.01138303927,0
star_co_plus_hi_ctl10,21,0,5,15,-0.06748717487,0.760741296,0,0.01138303927,0
star_co_plus_hi_ctl10,21,1,15,25,-0.03869803766,0.8555304066,0,0.01138303927,0
star_co_plus_hi_ctl10,21,2,25,35,0.03645130527,0.866398411,0,0.01138303927,0
star_co_plus_hi_ctl10,21,3,35,45,0.02517782748,0.9744943426,0,0.01138303927,0
star_co_plus_hi_ctl10,21,4,45,55,-0.01513841606,0.9914472001,0,0.01138303927,0
star_co_plus_hi_ctl10,21,5,55,65,-0.04949130408,0.9984629126,0,0.01138303927,0
star_co_plus_hi_ctl49,21,0,5,15,-0.06834299804,0.760741296,0,0.01138303927,0
star_co_plus_hi_ctl49,21,1,15,25,-0.03991464093,0.8555304066,0,0.01138303927,0
star_co_plus_hi_ctl49,21,2,25,35,0.03803629374,0.866398411,0,0.01138303927,0
star_co_plus_hi_ctl49,21,3,35,45,0.02277095272,0.9744943426,0,0.01138303927,0
star_co_plus_hi_ctl49,21,4,45,55,-0.01705089648,0.9914472001,0,0.01138303927,0
star_co_plus_hi_ctl49,21,5,55,65,-0.05109645731,0.9984629126,0,0.01138303927,0
star_only,22,0,5,15,-0.06055692679,0.8328805575,0,0,0
star_only,22,1,15,25,-0.0329401833,0.9813340819,0,0,0
star_only,22,2,25,35,0.03304344231,0.9694923803,0,0,0
star_only,22,3,35,45,0.02645851135,0.9810392947,0,0,0
star_only,22,4,45,55,-0.0582117615,0.8870968662,0,0,0
star_only,22,5,55,65,-0.1386046668,0.9457558723,0,0,0
co_independent_only,22,0,5,15,-0.05687074047,0.7770716789,0,0.0005691519636,0
co_independent_only,22,1,15,25,-0.03379827463,0.8923255771,0,0.0005691519636,0
co_independent_only,22,2,25,35,0.02474148115,0.931726178,0,0.0005691519636,0
co_independent_only,22,3,35,45,0.02004538763,0.9986816763,0,0.0005691519636,0
co_independent_only,22,4,45,55,-0.04360068196,0.9343224355,0,0.0005691519636,0
co_independent_only,22,5,55,65,-0.1023671018,0.9762370048,0,0.0005691519636,0
star_plus_co_independent,22,0,5,15,-0.05709208762,0.8328805575,0,0.0005691519636,0
star_plus_co_independent,22,1,15,25,-0.0315484185,0.9813340819,0,0.0005691519636,0
star_plus_co_independent,22,2,25,35,0.02472587765,0.9694923803,0,0.0005691519636,0
star_plus_co_independent,22,3,35,45,0.02242950483,0.9810392947,0,0.0005691519636,0
star_plus_co_independent,22,4,45,55,-0.06226028285,0.8870968662,0,0.0005691519636,0
star_plus_co_independent,22,5,55,65,-0.1417209985,0.9457558723,0,0.0005691519636,0
star_plus_co_correlated_control,22,0,5,15,-0.06167007035,0.8328805575,0,0.03301081389,0
star_plus_co_correlated_control,22,1,15,25,-0.03400778609,0.9813340819,0,0.03301081389,0
star_plus_co_correlated_control,22,2,25,35,0.03498604617,0.9694923803,0,0.03301081389,0
star_plus_co_correlated_control,22,3,35,45,0.02552551255,0.9810392947,0,0.03301081389,0
star_plus_co_correlated_control,22,4,45,55,-0.0591908755,0.8870968662,0,0.03301081389,0
star_plus_co_correlated_control,22,5,55,65,-0.1427666432,0.9457558723,0,0.03301081389,0
star_co_plus_hi_ctl01,22,0,5,15,-0.05683610084,0.8328805575,0,0.0005691519636,0
star_co_plus_hi_ctl01,22,1,15,25,-0.03136037124,0.9813340819,0,0.0005691519636,0
star_co_plus_hi_ctl01,22,2,25,35,0.02449937284,0.9694923803,0,0.0005691519636,0
star_co_plus_hi_ctl01,22,3,35,45,0.02335049457,0.9810392947,0,0.0005691519636,0
star_co_plus_hi_ctl01,22,4,45,55,-0.06238946421,0.8870968662,0,0.0005691519636,0
star_co_plus_hi_ctl01,22,5,55,65,-0.1417143031,0.9457558723,0,0.0005691519636,0
star_co_plus_hi_ctl10,22,0,5,15,-0.05614851695,0.8328805575,0,0.0005691519636,0
star_co_plus_hi_ctl10,22,1,15,25,-0.03084598468,0.9813340819,0,0.0005691519636,0
star_co_plus_hi_ctl10,22,2,25,35,0.02389303749,0.9694923803,0,0.0005691519636,0
star_co_plus_hi_ctl10,22,3,35,45,0.02583215389,0.9810392947,0,0.0005691519636,0
star_co_plus_hi_ctl10,22,4,45,55,-0.06273835982,0.8870968662,0,0.0005691519636,0
star_co_plus_hi_ctl10,22,5,55,65,-0.1416944122,0.9457558723,0,0.0005691519636,0
star_co_plus_hi_ctl49,22,0,5,15,-0.05497861032,0.8328805575,0,0.0005691519636,0
star_co_plus_hi_ctl49,22,1,15,25,-0.02983868737,0.9813340819,0,0.0005691519636,0
star_co_plus_hi_ctl49,22,2,25,35,0.02286827435,0.9694923803,0,0.0005691519636,0
star_co_plus_hi_ctl49,22,3,35,45,0.03008121753,0.9810392947,0,0.0005691519636,0
star_co_plus_hi_ctl49,22,4,45,55,-0.06266741958,0.8870968662,0,0.0005691519636,0
star_co_plus_hi_ctl49,22,5,55,65,-0.1412069958,0.9457558723,0,0.0005691519636,0
star_only,23,0,5,15,-0.0611416592,0.7710665733,0,0,0
star_only,23,1,15,25,-0.03222173011,0.9526816265,0,0,0
star_only,23,2,25,35,0.03416501325,0.9334400846,0,0,0
star_only,23,3,35,45,0.02147520707,0.99427859,0,0,0
star_only,23,4,45,55,-0.06425051264,0.9946774907,0,0,0
star_only,23,5,55,65,-0.1512852863,0.999126532,0,0,0
co_independent_only,23,0,5,15,-0.05891961665,0.7770716789,0,0,0
co_independent_only,23,1,15,25,-0.03529181239,0.8923255771,0,0,0
co_independent_only,23,2,25,35,0.03360876226,0.931726178,0,0,0
co_independent_only,23,3,35,45,0.0196381722,0.9986816763,0,0,0
co_independent_only,23,4,45,55,-0.0444031342,0.9343224355,0,0,0
co_independent_only,23,5,55,65,-0.1030373568,0.9762370048,0,0,0
star_plus_co_independent,23,0,5,15,-0.05962283642,0.7710665733,0,0,0
star_plus_co_independent,23,1,15,25,-0.03171459567,0.9526816265,0,0,0
star_plus_co_independent,23,2,25,35,0.03305690512,0.9334400846,0,0,0
star_plus_co_independent,23,3,35,45,0.01673827424,0.99427859,0,0,0
star_plus_co_independent,23,4,45,55,-0.06772898563,0.9946774907,0,0,0
star_plus_co_independent,23,5,55,65,-0.1542855423,0.999126532,0,0,0
star_plus_co_correlated_control,23,0,5,15,-0.06425169863,0.7710665733,0,0.08708025043,0
star_plus_co_correlated_control,23,1,15,25,-0.03509241246,0.9526816265,0,0.08708025043,0
star_plus_co_correlated_control,23,2,25,35,0.03928466692,0.9334400846,0,0.08708025043,0
star_plus_co_correlated_control,23,3,35,45,0.01899963608,0.99427859,0,0.08708025043,0
star_plus_co_correlated_control,23,4,45,55,-0.06737271863,0.9946774907,0,0.08708025043,0
star_plus_co_correlated_control,23,5,55,65,-0.1642640273,0.999126532,0,0.08708025043,0
star_co_plus_hi_ctl01,23,0,5,15,-0.05918792454,0.7710665733,0,0,0
star_co_plus_hi_ctl01,23,1,15,25,-0.03144859787,0.9526816265,0,0,0
star_co_plus_hi_ctl01,23,2,25,35,0.0327906819,0.9334400846,0,0,0
star_co_plus_hi_ctl01,23,3,35,45,0.01750270722,0.99427859,0,0,0
star_co_plus_hi_ctl01,23,4,45,55,-0.06768795395,0.9946774907,0,0,0
star_co_plus_hi_ctl01,23,5,55,65,-0.1526971981,0.999126532,0,0,0
star_co_plus_hi_ctl10,23,0,5,15,-0.05801679351,0.7710665733,0,0,0
star_co_plus_hi_ctl10,23,1,15,25,-0.03073015934,0.9526816265,0,0,0
star_co_plus_hi_ctl10,23,2,25,35,0.03207765746,0.9334400846,0,0,0
star_co_plus_hi_ctl10,23,3,35,45,0.0195649512,0.99427859,0,0,0
star_co_plus_hi_ctl10,23,4,45,55,-0.06757161753,0.9946774907,0,0,0
star_co_plus_hi_ctl10,23,5,55,65,-0.1490267386,0.999126532,0,0,0
star_co_plus_hi_ctl49,23,0,5,15,-0.05601419473,0.7710665733,0,0,0
star_co_plus_hi_ctl49,23,1,15,25,-0.02942879096,0.9526816265,0,0,0
star_co_plus_hi_ctl49,23,2,25,35,0.03087142889,0.9334400846,0,0,0
star_co_plus_hi_ctl49,23,3,35,45,0.0231041802,0.99427859,0,0,0
star_co_plus_hi_ctl49,23,4,45,55,-0.06735287386,0.9946774907,0,0,0
star_co_plus_hi_ctl49,23,5,55,65,-0.1433719019,0.999126532,0,0,0
star_only,24,0,5,15,-0.06031892617,0.7586925221,0,0,0
star_only,24,1,15,25,-0.03898371421,0.8775709224,0,0,0
star_only,24,2,25,35,0.03460487772,0.9663174428,0,0,0
star_only,24,3,35,45,0.03945714027,0.9806186917,0,0,0
star_only,24,4,45,55,0.04165902611,0.8327429364,0,0,0
star_only,24,5,55,65,0.02339328296,0.8918793025,0,0,0
co_independent_only,24,0,5,15,-0.05947768534,0.7770716789,0,0.006260671599,0
co_independent_only,24,1,15,25,-0.03756250364,0.8923255771,0,0.006260671599,0
co_independent_only,24,2,25,35,0.03152784203,0.931726178,0,0.006260671599,0
co_independent_only,24,3,35,45,0.01955638238,0.9986816763,0,0.006260671599,0
co_independent_only,24,4,45,55,-0.0467666609,0.9343224355,0,0.006260671599,0
co_independent_only,24,5,55,65,-0.1057378776,0.9762370048,0,0.006260671599,0
star_plus_co_independent,24,0,5,15,-0.0595077064,0.7586925221,0,0.006260671599,0
star_plus_co_independent,24,1,15,25,-0.04030655163,0.8775709224,0,0.006260671599,0
star_plus_co_independent,24,2,25,35,0.03151525732,0.9663174428,0,0.006260671599,0
star_plus_co_independent,24,3,35,45,0.03365296226,0.9806186917,0,0.006260671599,0
star_plus_co_independent,24,4,45,55,0.03407447314,0.8327429364,0,0.006260671599,0
star_plus_co_independent,24,5,55,65,0.01650653802,0.8918793025,0,0.006260671599,0
star_plus_co_correlated_control,24,0,5,15,-0.05938983452,0.7586925221,0,0,0
star_plus_co_correlated_control,24,1,15,25,-0.03761474941,0.8775709224,0,0,0
star_plus_co_correlated_control,24,2,25,35,0.03253408043,0.9663174428,0,0,0
star_plus_co_correlated_control,24,3,35,45,0.03984236797,0.9806186917,0,0,0
star_plus_co_correlated_control,24,4,45,55,0.04090621471,0.8327429364,0,0,0
star_plus_co_correlated_control,24,5,55,65,0.02143183004,0.8918793025,0,0,0
star_co_plus_hi_ctl01,24,0,5,15,-0.05985705928,0.7586925221,0,0.006260671599,0
star_co_plus_hi_ctl01,24,1,15,25,-0.0404509046,0.8775709224,0,0.006260671599,0
star_co_plus_hi_ctl01,24,2,25,35,0.03252695153,0.9663174428,0,0.006260671599,0
star_co_plus_hi_ctl01,24,3,35,45,0.03354539033,0.9806186917,0,0.006260671599,0
star_co_plus_hi_ctl01,24,4,45,55,0.03383327526,0.8327429364,0,0.006260671599,0
star_co_plus_hi_ctl01,24,5,55,65,0.01750651325,0.8918793025,0,0.006260671599,0
star_co_plus_hi_ctl10,24,0,5,15,-0.06079797783,0.7586925221,0,0.006260671599,0
star_co_plus_hi_ctl10,24,1,15,25,-0.04083999466,0.8775709224,0,0.006260671599,0
star_co_plus_hi_ctl10,24,2,25,35,0.03524360587,0.9663174428,0,0.006260671599,0
star_co_plus_hi_ctl10,24,3,35,45,0.03325428418,0.9806186917,0,0.006260671599,0
star_co_plus_hi_ctl10,24,4,45,55,0.03318168908,0.8327429364,0,0.006260671599,0
star_co_plus_hi_ctl10,24,5,55,65,0.01727604276,0.8918793025,0,0.006260671599,0
star_co_plus_hi_ctl49,24,0,5,15,-0.06240752882,0.7586925221,0,0.006260671599,0
star_co_plus_hi_ctl49,24,1,15,25,-0.04150659738,0.8775709224,0,0.006260671599,0
star_co_plus_hi_ctl49,24,2,25,35,0.03986339114,0.9663174428,0,0.006260671599,0
star_co_plus_hi_ctl49,24,3,35,45,0.03275167049,0.9806186917,0,0.006260671599,0
star_co_plus_hi_ctl49,24,4,45,55,0.03206044138,0.8327429364,0,0.006260671599,0
star_co_plus_hi_ctl49,24,5,55,65,0.01584722665,0.8918793025,0,0.006260671599,0
star_only,25,0,5,15,-0.05836370369,0.8465638437,0,0,0
star_only,25,1,15,25,-0.02796938485,0.8252248543,0,0,0
star_only,25,2,25,35,0.03411992106,0.9605700013,0,0,0
star_only,25,3,35,45,0.02035183773,0.8982994797,0,0,0
star_only,25,4,45,55,-0.1307631004,0.8102764756,0,0,0
star_only,25,5,55,65,-0.1217627869,0.9430070248,0,0,0
co_independent_only,25,0,5,15,-0.0597171516,0.7770716789,0,0,0
co_independent_only,25,1,15,25,-0.03512645991,0.8923255771,0,0,0
co_independent_only,25,2,25,35,0.03274094535,0.931726178,0,0,0
co_independent_only,25,3,35,45,0.02201200354,0.9986816763,0,0,0
co_independent_only,25,4,45,55,-0.03843906107,0.9343224355,0,0,0
co_independent_only,25,5,55,65,-0.09921958657,0.9762370048,0,0,0
star_plus_co_independent,25,0,5,15,-0.05795468733,0.8465638437,0,0,0
star_plus_co_independent,25,1,15,25,-0.02782379123,0.8252248543,0,0,0
star_plus_co_independent,25,2,25,35,0.03219929092,0.9605700013,0,0,0
star_plus_co_independent,25,3,35,45,0.01716689321,0.8982994797,0,0,0
star_plus_co_independent,25,4,45,55,-0.1249287349,0.8102764756,0,0,0
star_plus_co_independent,25,5,55,65,-0.1219247314,0.9430070248,0,0,0
star_plus_co_correlated_control,25,0,5,15,-0.06075805142,0.8465638437,0,0.07057484348,0
star_plus_co_correlated_control,25,1,15,25,-0.02995391531,0.8252248543,0,0.07057484348,0
star_plus_co_correlated_control,25,2,25,35,0.03833800924,0.9605700013,0,0.07057484348,0
star_plus_co_correlated_control,25,3,35,45,0.01810129504,0.8982994797,0,0.07057484348,0
star_plus_co_correlated_control,25,4,45,55,-0.1362202067,0.8102764756,0,0.07057484348,0
star_plus_co_correlated_control,25,5,55,65,-0.1301966019,0.9430070248,0,0.07057484348,0
star_co_plus_hi_ctl01,25,0,5,15,-0.05799718283,0.8465638437,0,0,0
star_co_plus_hi_ctl01,25,1,15,25,-0.02784054186,0.8252248543,0,0,0
star_co_plus_hi_ctl01,25,2,25,35,0.03191121266,0.9605700013,0,0,0
star_co_plus_hi_ctl01,25,3,35,45,0.01660025035,0.8982994797,0,0,0
star_co_plus_hi_ctl01,25,4,45,55,-0.1242179671,0.8102764756,0,0,0
star_co_plus_hi_ctl01,25,5,55,65,-0.1234765797,0.9430070248,0,0,0
star_co_plus_hi_ctl10,25,0,5,15,-0.05811177413,0.8465638437,0,0,0
star_co_plus_hi_ctl10,25,1,15,25,-0.02785152448,0.8252248543,0,0,0
star_co_plus_hi_ctl10,25,2,25,35,0.03113454869,0.9605700013,0,0,0
star_co_plus_hi_ctl10,25,3,35,45,0.01484724628,0.8982994797,0,0,0
star_co_plus_hi_ctl10,25,4,45,55,-0.1223066546,0.8102764756,0,0,0
star_co_plus_hi_ctl10,25,5,55,65,-0.1276761651,0.9430070248,0,0,0
star_co_plus_hi_ctl49,25,0,5,15,-0.05830826147,0.8465638437,0,0,0
star_co_plus_hi_ctl49,25,1,15,25,-0.02787088178,0.8252248543,0,0,0
star_co_plus_hi_ctl49,25,2,25,35,0.02998651953,0.9605700013,0,0,0
star_co_plus_hi_ctl49,25,3,35,45,0.01123001154,0.8982994797,0,0,0
star_co_plus_hi_ctl49,25,4,45,55,-0.1190472737,0.8102764756,0,0,0
star_co_plus_hi_ctl49,25,5,55,65,-0.134087557,0.9430070248,0,0,0
star_only,26,0,5,15,-0.06112733906,0.7743306885,0,0,0
star_only,26,1,15,25,-0.0351711182,0.9284294265,0,0,0
star_only,26,2,25,35,0.03403612331,0.8985054295,0,0,0
star_only,26,3,35,45,0.0336098426,0.9884648881,0,0,0
star_only,26,4,45,55,-0.01757127371,0.9811297191,0,0,0
star_only,26,5,55,65,-0.08605211866,0.9966260964,0,0,0
co_independent_only,26,0,5,15,-0.05911479203,0.7770716789,0,0.003414911781,0
co_independent_only,26,1,15,25,-0.03411969587,0.8923255771,0,0.003414911781,0
co_independent_only,26,2,25,35,0.03803360801,0.931726178,0,0.003414911781,0
co_independent_only,26,3,35,45,0.02314574102,0.9986816763,0,0.003414911781,0
co_independent_only,26,4,45,55,-0.03555424159,0.9343224355,0,0.003414911781,0
co_independent_only,26,5,55,65,-0.09192756512,0.9762370048,0,0.003414911781,0
star_plus_co_independent,26,0,5,15,-0.05974061088,0.7743306885,0,0.003414911781,0
star_plus_co_independent,26,1,15,25,-0.03322134232,0.9284294265,0,0.003414911781,0
star_plus_co_independent,26,2,25,35,0.03737769985,0.8985054295,0,0.003414911781,0
star_plus_co_independent,26,3,35,45,0.03214166137,0.9884648881,0,0.003414911781,0
star_plus_co_independent,26,4,45,55,-0.01400751373,0.9811297191,0,0.003414911781,0
star_plus_co_independent,26,5,55,65,-0.07902967108,0.9966260964,0,0.003414911781,0
star_plus_co_correlated_control,26,0,5,15,-0.06430588943,0.7743306885,0,0.08935685828,0
star_plus_co_correlated_control,26,1,15,25,-0.03841699607,0.9284294265,0,0.08935685828,0
star_plus_co_correlated_control,26,2,25,35,0.03920291084,0.8985054295,0,0.08935685828,0
star_plus_co_correlated_control,26,3,35,45,0.03217481141,0.9884648881,0,0.08935685828,0
star_plus_co_correlated_control,26,4,45,55,-0.01819060742,0.9811297191,0,0.08935685828,0
star_plus_co_correlated_control,26,5,55,65,-0.09260095377,0.9966260964,0,0.08935685828,0
star_co_plus_hi_ctl01,26,0,5,15,-0.05967292394,0.7743306885,0,0.003414911781,0
star_co_plus_hi_ctl01,26,1,15,25,-0.03335289395,0.9284294265,0,0.003414911781,0
star_co_plus_hi_ctl01,26,2,25,35,0.03735845636,0.8985054295,0,0.003414911781,0
star_co_plus_hi_ctl01,26,3,35,45,0.03173570699,0.9884648881,0,0.003414911781,0
star_co_plus_hi_ctl01,26,4,45,55,-0.01419985433,0.9811297191,0,0.003414911781,0
star_co_plus_hi_ctl01,26,5,55,65,-0.07785963555,0.9966260964,0,0.003414911781,0
star_co_plus_hi_ctl10,26,0,5,15,-0.05949060087,0.7743306885,0,0.003414911781,0
star_co_plus_hi_ctl10,26,1,15,25,-0.03370741963,0.9284294265,0,0.003414911781,0
star_co_plus_hi_ctl10,26,2,25,35,0.03730683408,0.8985054295,0,0.003414911781,0
star_co_plus_hi_ctl10,26,3,35,45,0.03064328272,0.9884648881,0,0.003414911781,0
star_co_plus_hi_ctl10,26,4,45,55,-0.01583563587,0.9811297191,0,0.003414911781,0
star_co_plus_hi_ctl10,26,5,55,65,-0.07471318602,0.9966260964,0,0.003414911781,0
star_co_plus_hi_ctl49,26,0,5,15,-0.05917864673,0.7743306885,0,0.003414911781,0
star_co_plus_hi_ctl49,26,1,15,25,-0.03431460573,0.9284294265,0,0.003414911781,0
star_co_plus_hi_ctl49,26,2,25,35,0.03739703434,0.8985054295,0,0.003414911781,0
star_co_plus_hi_ctl49,26,3,35,45,0.03131809191,0.9884648881,0,0.003414911781,0
star_co_plus_hi_ctl49,26,4,45,55,-0.01830928299,0.9811297191,0,0.003414911781,0
star_co_plus_hi_ctl49,26,5,55,65,-0.07646963099,0.9966260964,0,0.003414911781,0
star_only,27,0,5,15,-0.06089246537,0.8411575571,0.009675583381,0,0
star_only,27,1,15,25,-0.03470014211,0.9933856529,0.009675583381,0,0
star_only,27,2,25,35,0.0314536722,0.977220096,0.009675583381,0,0
star_only,27,3,35,45,0.03059497842,0.9853945321,0.009675583381,0,0
star_only,27,4,45,55,-0.04747152616,0.8653157095,0.009675583381,0,0
star_only,27,5,55,65,-0.08929501506,0.963243668,0.009675583381,0,0
co_independent_only,27,0,5,15,-0.06333601187,0.7770716789,0,0.002276607854,0
co_independent_only,27,1,15,25,-0.03808794958,0.8923255771,0,0.002276607854,0
co_independent_only,27,2,25,35,0.0401530564,0.931726178,0,0.002276607854,0
co_independent_only,27,3,35,45,0.02364912629,0.9986816763,0,0.002276607854,0
co_independent_only,27,4,45,55,-0.04144382033,0.9343224355,0,0.002276607854,0
co_independent_only,27,5,55,65,-0.09123847435,0.9762370048,0,0.002276607854,0
star_plus_co_independent,27,0,5,15,-0.06404053787,0.8411575571,0.009675583381,0.002276607854,0
star_plus_co_independent,27,1,15,25,-0.0363799593,0.9933856529,0.009675583381,0.002276607854,0
star_plus_co_independent,27,2,25,35,0.03485432332,0.977220096,0.009675583381,0.002276607854,0
star_plus_co_independent,27,3,35,45,0.02932896121,0.9853945321,0.009675583381,0.002276607854,0
star_plus_co_independent,27,4,45,55,-0.04899107201,0.8653157095,0.009675583381,0.002276607854,0
star_plus_co_independent,27,5,55,65,-0.08148841639,0.963243668,0.009675583381,0.002276607854,0
star_plus_co_correlated_control,27,0,5,15,-0.0572373921,0.8411575571,0.009675583381,0,0
star_plus_co_correlated_control,27,1,15,25,-0.02971397485,0.9933856529,0.009675583381,0,0
star_plus_co_correlated_control,27,2,25,35,0.02509728941,0.977220096,0.009675583381,0,0
star_plus_co_correlated_control,27,3,35,45,0.03278620434,0.9853945321,0.009675583381,0,0
star_plus_co_correlated_control,27,4,45,55,-0.04644805739,0.8653157095,0.009675583381,0,0
star_plus_co_correlated_control,27,5,55,65,-0.08534305915,0.963243668,0.009675583381,0,0
star_co_plus_hi_ctl01,27,0,5,15,-0.06355212011,0.8411575571,0.009675583381,0.002276607854,0
star_co_plus_hi_ctl01,27,1,15,25,-0.03631161506,0.9933856529,0.009675583381,0.002276607854,0
star_co_plus_hi_ctl01,27,2,25,35,0.03454589408,0.977220096,0.009675583381,0.002276607854,0
star_co_plus_hi_ctl01,27,3,35,45,0.02935565421,0.9853945321,0.009675583381,0.002276607854,0
star_co_plus_hi_ctl01,27,4,45,55,-0.0487779325,0.8653157095,0.009675583381,0.002276607854,0
star_co_plus_hi_ctl01,27,5,55,65,-0.08000447295,0.963243668,0.009675583381,0.002276607854,0
star_co_plus_hi_ctl10,27,0,5,15,-0.06223846297,0.8411575571,0.009675583381,0.002276607854,0
star_co_plus_hi_ctl10,27,1,15,25,-0.03612699393,0.9933856529,0.009675583381,0.002276607854,0
star_co_plus_hi_ctl10,27,2,25,35,0.03371825405,0.977220096,0.009675583381,0.002276607854,0
star_co_plus_hi_ctl10,27,3,35,45,0.02942810453,0.9853945321,0.009675583381,0.002276607854,0
star_co_plus_hi_ctl10,27,4,45,55,-0.04770551766,0.8653157095,0.009675583381,0.002276607854,0
star_co_plus_hi_ctl10,27,5,55,65,-0.07600871088,0.963243668,0.009675583381,0.002276607854,0
star_co_plus_hi_ctl49,27,0,5,15,-0.05999739198,0.8411575571,0.009675583381,0.002276607854,0
star_co_plus_hi_ctl49,27,1,15,25,-0.03580934055,0.9933856529,0.009675583381,0.002276607854,0
star_co_plus_hi_ctl49,27,2,25,35,0.03231275618,0.977220096,0.009675583381,0.002276607854,0
star_co_plus_hi_ctl49,27,3,35,45,0.0295539131,0.9853945321,0.009675583381,0.002276607854,0
star_co_plus_hi_ctl49,27,4,45,55,-0.04509217503,0.8653157095,0.009675583381,0.002276607854,0
star_co_plus_hi_ctl49,27,5,55,65,-0.06884042776,0.963243668,0.009675583381,0.002276607854,0
star_only,28,0,5,15,-0.05949448903,0.7585586216,0,0,0
star_only,28,1,15,25,-0.03864177686,0.7947770338,0,0,0
star_only,28,2,25,35,0.03436851498,0.8310410628,0,0,0
star_only,28,3,35,45,0.03283292954,0.9879950411,0,0,0
star_only,28,4,45,55,-0.09804160324,0.9502780039,0,0,0
star_only,28,5,55,65,-0.1281681838,0.999960295,0,0,0
co_independent_only,28,0,5,15,-0.05966892428,0.7770716789,0,0.003414911781,0
co_independent_only,28,1,15,25,-0.03668540443,0.8923255771,0,0.003414911781,0
co_independent_only,28,2,25,35,0.03054087282,0.931726178,0,0.003414911781,0
co_independent_only,28,3,35,45,0.02683835751,0.9986816763,0,0.003414911781,0
co_independent_only,28,4,45,55,-0.04285600729,0.9343224355,0,0.003414911781,0
co_independent_only,28,5,55,65,-0.1057404248,0.9762370048,0,0.003414911781,0
star_plus_co_independent,28,0,5,15,-0.05883565082,0.7585586216,0,0.003414911781,0
star_plus_co_independent,28,1,15,25,-0.03906686009,0.7947770338,0,0.003414911781,0
star_plus_co_independent,28,2,25,35,0.03045045073,0.8310410628,0,0.003414911781,0
star_plus_co_independent,28,3,35,45,0.03562996342,0.9879950411,0,0.003414911781,0
star_plus_co_independent,28,4,45,55,-0.1029856245,0.9502780039,0,0.003414911781,0
star_plus_co_independent,28,5,55,65,-0.1348647481,0.999960295,0,0.003414911781,0
star_plus_co_correlated_control,28,0,5,15,-0.05718424239,0.7585586216,0,0,0
star_plus_co_correlated_control,28,1,15,25,-0.03519852121,0.7947770338,0,0,0
star_plus_co_correlated_control,28,2,25,35,0.02946395872,0.8310410628,0,0,0
star_plus_co_correlated_control,28,3,35,45,0.03435086276,0.9879950411,0,0,0
star_plus_co_correlated_control,28,4,45,55,-0.09520618232,0.9502780039,0,0,0
star_plus_co_correlated_control,28,5,55,65,-0.1223416579,0.999960295,0,0,0
star_co_plus_hi_ctl01,28,0,5,15,-0.05876404813,0.7585586216,0,0.003414911781,0
star_co_plus_hi_ctl01,28,1,15,25,-0.0387708867,0.7947770338,0,0.003414911781,0
star_co_plus_hi_ctl01,28,2,25,35,0.03059946411,0.8310410628,0,0.003414911781,0
star_co_plus_hi_ctl01,28,3,35,45,0.03628927255,0.9879950411,0,0.003414911781,0
star_co_plus_hi_ctl01,28,4,45,55,-0.1024409266,0.9502780039,0,0.003414911781,0
star_co_plus_hi_ctl01,28,5,55,65,-0.1325733346,0.999960295,0,0.003414911781,0
star_co_plus_hi_ctl10,28,0,5,15,-0.05857122798,0.7585586216,0,0.003414911781,0
star_co_plus_hi_ctl10,28,1,15,25,-0.03797426744,0.7947770338,0,0.003414911781,0
star_co_plus_hi_ctl10,28,2,25,35,0.03090172644,0.8310410628,0,0.003414911781,0
star_co_plus_hi_ctl10,28,3,35,45,0.03933405534,0.9879950411,0,0.003414911781,0
star_co_plus_hi_ctl10,28,4,45,55,-0.1009691774,0.9502780039,0,0.003414911781,0
star_co_plus_hi_ctl10,28,5,55,65,-0.1274877794,0.999960295,0,0.003414911781,0
star_co_plus_hi_ctl49,28,0,5,15,-0.05824148396,0.7585586216,0,0.003414911781,0
star_co_plus_hi_ctl49,28,1,15,25,-0.03649298353,0.7947770338,0,0.003414911781,0
star_co_plus_hi_ctl49,28,2,25,35,0.03117672402,0.8310410628,0,0.003414911781,0
star_co_plus_hi_ctl49,28,3,35,45,0.04444100666,0.9879950411,0,0.003414911781,0
star_co_plus_hi_ctl49,28,4,45,55,-0.09780683966,0.9502780039,0,0.003414911781,0
star_co_plus_hi_ctl49,28,5,55,65,-0.1180369677,0.999960295,0,0.003414911781,0
star_only,29,0,5,15,-0.0588797377,0.7729424466,0.01024473534,0,0
star_only,29,1,15,25,-0.03489653041,0.7494022148,0.01024473534,0,0
star_only,29,2,25,35,0.03462275748,0.8604310472,0.01024473534,0,0
star_only,29,3,35,45,0.03596301175,0.9965608776,0.01024473534,0,0
star_only,29,4,45,55,0.001187935884,0.9291741359,0.01024473534,0,0
star_only,29,5,55,65,0.04023720648,0.9587225162,0.01024473534,0,0
co_independent_only,29,0,5,15,-0.06300756078,0.7770716789,0,0,0
co_independent_only,29,1,15,25,-0.03655923061,0.8923255771,0,0,0
co_independent_only,29,2,25,35,0.04049641087,0.931726178,0,0,0
co_independent_only,29,3,35,45,0.0254453392,0.9986816763,0,0,0
co_independent_only,29,4,45,55,-0.0422392514,0.9343224355,0,0,0
co_independent_only,29,5,55,65,-0.1086012145,0.9762370048,0,0,0
star_plus_co_independent,29,0,5,15,-0.06158709169,0.7729424466,0.01024473534,0,0
star_plus_co_independent,29,1,15,25,-0.03507448868,0.7494022148,0.01024473534,0,0
star_plus_co_independent,29,2,25,35,0.04057168885,0.8604310472,0.01024473534,0,0
star_plus_co_independent,29,3,35,45,0.03448983922,0.9965608776,0.01024473534,0,0
star_plus_co_independent,29,4,45,55,-0.002130326335,0.9291741359,0.01024473534,0,0
star_plus_co_independent,29,5,55,65,0.02682735634,0.9587225162,0.01024473534,0,0
star_plus_co_correlated_control,29,0,5,15,-0.05592526393,0.7729424466,0.01024473534,0,0
star_plus_co_correlated_control,29,1,15,25,-0.03074363326,0.7494022148,0.01024473534,0,0
star_plus_co_correlated_control,29,2,25,35,0.02792244886,0.8604310472,0.01024473534,0,0
star_plus_co_correlated_control,29,3,35,45,0.03750452126,0.9965608776,0.01024473534,0,0
star_plus_co_correlated_control,29,4,45,55,-0.0001083878002,0.9291741359,0.01024473534,0,0
star_plus_co_correlated_control,29,5,55,65,0.0314666647,0.9587225162,0.01024473534,0,0
star_co_plus_hi_ctl01,29,0,5,15,-0.06123110859,0.7729424466,0.01024473534,0,0
star_co_plus_hi_ctl01,29,1,15,25,-0.03487378072,0.7494022148,0.01024473534,0,0
star_co_plus_hi_ctl01,29,2,25,35,0.03996573961,0.8604310472,0.01024473534,0,0
star_co_plus_hi_ctl01,29,3,35,45,0.03510480477,0.9965608776,0.01024473534,0,0
star_co_plus_hi_ctl01,29,4,45,55,-0.001395862665,0.9291741359,0.01024473534,0,0
star_co_plus_hi_ctl01,29,5,55,65,0.02707633,0.9587225162,0.01024473534,0,0
star_co_plus_hi_ctl10,29,0,5,15,-0.06027369182,0.7729424466,0.01024473534,0,0
star_co_plus_hi_ctl10,29,1,15,25,-0.0343337008,0.7494022148,0.01024473534,0,0
star_co_plus_hi_ctl10,29,2,25,35,0.03833435048,0.8604310472,0.01024473534,0,0
star_co_plus_hi_ctl10,29,3,35,45,0.03701847626,0.9965608776,0.01024473534,0,0
star_co_plus_hi_ctl10,29,4,45,55,0.0002778700693,0.9291741359,0.01024473534,0,0
star_co_plus_hi_ctl10,29,5,55,65,0.02767697493,0.9587225162,0.01024473534,0,0
star_co_plus_hi_ctl49,29,0,5,15,-0.058640501,0.7729424466,0.01024473534,0,0
star_co_plus_hi_ctl49,29,1,15,25,-0.0334114891,0.7494022148,0.01024473534,0,0
star_co_plus_hi_ctl49,29,2,25,35,0.03554342437,0.8604310472,0.01024473534,0,0
star_co_plus_hi_ctl49,29,3,35,45,0.04082494951,0.9965608776,0.01024473534,0,0
star_co_plus_hi_ctl49,29,4,45,55,0.002085970652,0.9291741359,0.01024473534,0,0
star_co_plus_hi_ctl49,29,5,55,65,0.03438188417,0.9587225162,0.01024473534,0,0
star_only,30,0,5,15,-0.06022397611,0.7677580624,0.02902675014,0,0
star_only,30,1,15,25,-0.03444229902,0.8387297375,0.02902675014,0,0
star_only,30,2,25,35,0.03463935808,0.8841970132,0.02902675014,0,0
star_only,30,3,35,45,0.0237674426,0.999943851,0.02902675014,0,0
star_only,30,4,45,55,-0.08593083959,0.9491699497,0.02902675014,0,0
star_only,30,5,55,65,-0.1217929573,0.974284907,0.02902675014,0,0
co_independent_only,30,0,5,15,-0.05996402292,0.7770716789,0,0.01024473534,0
co_independent_only,30,1,15,25,-0.03601011714,0.8923255771,0,0.01024473534,0
co_independent_only,30,2,25,35,0.03584436425,0.931726178,0,0.01024473534,0
co_independent_only,30,3,35,45,0.02482566385,0.9986816763,0,0.01024473534,0
co_independent_only,30,4,45,55,-0.04365953722,0.9343224355,0,0.01024473534,0
co_independent_only,30,5,55,65,-0.09633312336,0.9762370048,0,0.01024473534,0
star_plus_co_independent,30,0,5,15,-0.05989626584,0.7677580624,0.02902675014,0.01024473534,0
star_plus_co_independent,30,1,15,25,-0.03405678493,0.8387297375,0.02902675014,0.01024473534,0
star_plus_co_independent,30,2,25,35,0.03557037096,0.8841970132,0.02902675014,0.01024473534,0
star_plus_co_independent,30,3,35,45,0.02413560829,0.999943851,0.02902675014,0.01024473534,0
star_plus_co_independent,30,4,45,55,-0.08852839748,0.9491699497,0.02902675014,0.01024473534,0
star_plus_co_independent,30,5,55,65,-0.1187430471,0.974284907,0.02902675014,0.01024473534,0
star_plus_co_correlated_control,30,0,5,15,-0.0548536159,0.7677580624,0.02902675014,0,0
star_plus_co_correlated_control,30,1,15,25,-0.02686451221,0.8387297375,0.02902675014,0,0
star_plus_co_correlated_control,30,2,25,35,0.02327779007,0.8841970132,0.02902675014,0,0
star_plus_co_correlated_control,30,3,35,45,0.02671557834,0.999943851,0.02902675014,0,0
star_plus_co_correlated_control,30,4,45,55,-0.08111465185,0.9491699497,0.02902675014,0,0
star_plus_co_correlated_control,30,5,55,65,-0.1097676851,0.974284907,0.02902675014,0,0
star_co_plus_hi_ctl01,30,0,5,15,-0.05971618476,0.7677580624,0.02902675014,0.01024473534,0
star_co_plus_hi_ctl01,30,1,15,25,-0.03391592545,0.8387297375,0.02902675014,0.01024473534,0
star_co_plus_hi_ctl01,30,2,25,35,0.03486941841,0.8841970132,0.02902675014,0.01024473534,0
star_co_plus_hi_ctl01,30,3,35,45,0.0240197462,0.999943851,0.02902675014,0.01024473534,0
star_co_plus_hi_ctl01,30,4,45,55,-0.08892007516,0.9491699497,0.02902675014,0.01024473534,0
star_co_plus_hi_ctl01,30,5,55,65,-0.1190792829,0.974284907,0.02902675014,0.01024473534,0
star_co_plus_hi_ctl10,30,0,5,15,-0.05923121964,0.7677580624,0.02902675014,0.01024473534,0
star_co_plus_hi_ctl10,30,1,15,25,-0.03353611752,0.8387297375,0.02902675014,0.01024473534,0
star_co_plus_hi_ctl10,30,2,25,35,0.03298119597,0.8841970132,0.02902675014,0.01024473534,0
star_co_plus_hi_ctl10,30,3,35,45,0.02370769881,0.999943851,0.02902675014,0.01024473534,0
star_co_plus_hi_ctl10,30,4,45,55,-0.09015219177,0.9491699497,0.02902675014,0.01024473534,0
star_co_plus_hi_ctl10,30,5,55,65,-0.119980931,0.974284907,0.02902675014,0.01024473534,0
star_co_plus_hi_ctl49,30,0,5,15,-0.05840180175,0.7677580624,0.02902675014,0.01024473534,0
star_co_plus_hi_ctl49,30,1,15,25,-0.03286482954,0.8387297375,0.02902675014,0.01024473534,0
star_co_plus_hi_ctl49,30,2,25,35,0.0298481485,0.8841970132,0.02902675014,0.01024473534,0
star_co_plus_hi_ctl49,30,3,35,45,0.02317377165,0.999943851,0.02902675014,0.01024473534,0
star_co_plus_hi_ctl49,30,4,45,55,-0.09299718975,0.9491699497,0.02902675014,0.01024473534,0
star_co_plus_hi_ctl49,30,5,55,65,-0.1215101861,0.974284907,0.02902675014,0.01024473534,0
star_only,31,0,5,15,-0.06113688202,0.7031905436,0,0,0
star_only,31,1,15,25,-0.03489738997,0.7422927301,0,0,0
star_only,31,2,25,35,0.03469532585,0.7914913587,0,0,0
star_only,31,3,35,45,0.03530322611,0.9842980814,0,0,0
star_only,31,4,45,55,-0.03568789745,0.982512873,0,0,0
star_only,31,5,55,65,-0.1141929788,0.998402372,0,0,0
co_independent_only,31,0,5,15,-0.06189491663,0.7770716789,0,0.002276607854,0
co_independent_only,31,1,15,25,-0.03585854467,0.8923255771,0,0.002276607854,0
co_independent_only,31,2,25,35,0.03326065797,0.931726178,0,0.002276607854,0
co_independent_only,31,3,35,45,0.03064421461,0.9986816763,0,0.002276607854,0
co_independent_only,31,4,45,55,-0.04005735434,0.9343224355,0,0.002276607854,0
co_independent_only,31,5,55,65,-0.09831066473,0.9762370048,0,0.002276607854,0
star_plus_co_independent,31,0,5,15,-0.06284059156,0.7031905436,0,0.002276607854,0
star_plus_co_independent,31,1,15,25,-0.03449967834,0.7422927301,0,0.002276607854,0
star_plus_co_independent,31,2,25,35,0.03326636924,0.7914913587,0,0.002276607854,0
star_plus_co_independent,31,3,35,45,0.04179757752,0.9842980814,0,0.002276607854,0
star_plus_co_independent,31,4,45,55,-0.03566474762,0.982512873,0,0.002276607854,0
star_plus_co_independent,31,5,55,65,-0.1135825984,0.998402372,0,0.002276607854,0
star_plus_co_correlated_control,31,0,5,15,-0.05991184353,0.7031905436,0,0,0
star_plus_co_correlated_control,31,1,15,25,-0.03330294555,0.7422927301,0,0,0
star_plus_co_correlated_control,31,2,25,35,0.03208831566,0.7914913587,0,0,0
star_plus_co_correlated_control,31,3,35,45,0.03599307116,0.9842980814,0,0,0
star_plus_co_correlated_control,31,4,45,55,-0.03512124475,0.982512873,0,0,0
star_plus_co_correlated_control,31,5,55,65,-0.1114620357,0.998402372,0,0,0
star_co_plus_hi_ctl01,31,0,5,15,-0.06269963821,0.7031905436,0,0.002276607854,0
star_co_plus_hi_ctl01,31,1,15,25,-0.03394981536,0.7422927301,0,0.002276607854,0
star_co_plus_hi_ctl01,31,2,25,35,0.03317131355,0.7914913587,0,0.002276607854,0
star_co_plus_hi_ctl01,31,3,35,45,0.04273357671,0.9842980814,0,0.002276607854,0
star_co_plus_hi_ctl01,31,4,45,55,-0.03532878016,0.982512873,0,0.002276607854,0
star_co_plus_hi_ctl01,31,5,55,65,-0.1131995923,0.998402372,0,0.002276607854,0
star_co_plus_hi_ctl10,31,0,5,15,-0.0623196994,0.7031905436,0,0.002276607854,0
star_co_plus_hi_ctl10,31,1,15,25,-0.03246806195,0.7422927301,0,0.002276607854,0
star_co_plus_hi_ctl10,31,2,25,35,0.03291412327,0.7914913587,0,0.002276607854,0
star_co_plus_hi_ctl10,31,3,35,45,0.04525409239,0.9842980814,0,0.002276607854,0
star_co_plus_hi_ctl10,31,4,45,55,-0.03442624849,0.982512873,0,0.002276607854,0
star_co_plus_hi_ctl10,31,5,55,65,-0.1125328146,0.998402372,0,0.002276607854,0
star_co_plus_hi_ctl49,31,0,5,15,-0.06166873164,0.7031905436,0,0.002276607854,0
star_co_plus_hi_ctl49,31,1,15,25,-0.02975383089,0.7422927301,0,0.002276607854,0
star_co_plus_hi_ctl49,31,2,25,35,0.03299871479,0.7914913587,0,0.002276607854,0
star_co_plus_hi_ctl49,31,3,35,45,0.04956431454,0.9842980814,0,0.002276607854,0
star_co_plus_hi_ctl49,31,4,45,55,-0.03289030824,0.982512873,0,0.002276607854,0
star_co_plus_hi_ctl49,31,5,55,65,-0.1113914535,0.998402372,0,0.002276607854,0
star_only,32,0,5,15,-0.05781505687,0.7298848106,0,0,0
star_only,32,1,15,25,-0.04328123082,0.6818854588,0,0,0
star_only,32,2,25,35,0.03464830117,0.6080393646,0,0,0
star_only,32,3,35,45,0.04775849904,0.8822807036,0,0,0
star_only,32,4,45,55,0.1439218203,0.7214191975,0,0,0
star_only,32,5,55,65,0.08403567938,0.7644060816,0,0,0
co_independent_only,32,0,5,15,-0.0611246835,0.7770716789,0,0,0
co_independent_only,32,1,15,25,-0.03281516002,0.8923255771,0,0,0
co_independent_only,32,2,25,35,0.04157055819,0.931726178,0,0,0
co_independent_only,32,3,35,45,0.02746575388,0.9986816763,0,0,0
co_independent_only,32,4,45,55,-0.03325212545,0.9343224355,0,0,0
co_independent_only,32,5,55,65,-0.09472774491,0.9762370048,0,0,0
star_plus_co_independent,32,0,5,15,-0.05894670773,0.7298848106,0,0,0
star_plus_co_independent,32,1,15,25,-0.04120663819,0.6818854588,0,0,0
star_plus_co_independent,32,2,25,35,0.04161485665,0.6080393646,0,0,0
star_plus_co_independent,32,3,35,45,0.05207383955,0.8822807036,0,0,0
star_plus_co_independent,32,4,45,55,0.1391782218,0.7214191975,0,0,0
star_plus_co_independent,32,5,55,65,0.08139584081,0.7644060816,0,0,0
star_plus_co_correlated_control,32,0,5,15,-0.05524583279,0.7298848106,0,0,0
star_plus_co_correlated_control,32,1,15,25,-0.03901226032,0.6818854588,0,0,0
star_plus_co_correlated_control,32,2,25,35,0.02887888855,0.6080393646,0,0,0
star_plus_co_correlated_control,32,3,35,45,0.04750454029,0.8822807036,0,0,0
star_plus_co_correlated_control,32,4,45,55,0.1380598268,0.7214191975,0,0,0
star_plus_co_correlated_control,32,5,55,65,0.07270435808,0.7644060816,0,0,0
star_co_plus_hi_ctl01,32,0,5,15,-0.05872727281,0.7298848106,0,0,0
star_co_plus_hi_ctl01,32,1,15,25,-0.04113177304,0.6818854588,0,0,0
star_co_plus_hi_ctl01,32,2,25,35,0.04145507324,0.6080393646,0,0,0
star_co_plus_hi_ctl01,32,3,35,45,0.05192972645,0.8822807036,0,0,0
star_co_plus_hi_ctl01,32,4,45,55,0.1385891566,0.7214191975,0,0,0
star_co_plus_hi_ctl01,32,5,55,65,0.0798962969,0.7644060816,0,0,0
star_co_plus_hi_ctl10,32,0,5,15,-0.05813747616,0.7298848106,0,0,0
star_co_plus_hi_ctl10,32,1,15,25,-0.0408222223,0.6818854588,0,0,0
star_co_plus_hi_ctl10,32,2,25,35,0.04102658594,0.6080393646,0,0,0
star_co_plus_hi_ctl10,32,3,35,45,0.05154480176,0.8822807036,0,0,0
star_co_plus_hi_ctl10,32,4,45,55,0.1370042714,0.7214191975,0,0,0
star_co_plus_hi_ctl10,32,5,55,65,0.07666107104,0.7644060816,0,0,0
star_co_plus_hi_ctl49,32,0,5,15,-0.05713263832,0.7298848106,0,0,0
star_co_plus_hi_ctl49,32,1,15,25,-0.04018331231,0.6818854588,0,0,0
star_co_plus_hi_ctl49,32,2,25,35,0.04029984551,0.6080393646,0,0,0
star_co_plus_hi_ctl49,32,3,35,45,0.05124660526,0.8822807036,0,0,0
star_co_plus_hi_ctl49,32,4,45,55,0.1335297386,0.7214191975,0,0,0
star_co_plus_hi_ctl49,32,5,55,65,0.06966027171,0.7644060816,0,0,0
star_only,33,0,5,15,-0.05474529393,0.6841783469,0.002276607854,0,0
star_only,33,1,15,25,-0.0397324755,0.4205285631,0.002276607854,0,0
star_only,33,2,25,35,0.03152000081,0.4411756706,0.002276607854,0,0
star_only,33,3,35,45,0.0276074428,0.7768749551,0.002276607854,0,0
star_only,33,4,45,55,0.09048247304,0.8338838202,0.002276607854,0,0
star_only,33,5,55,65,0.09529432135,0.9994572745,0.002276607854,0,0
co_independent_only,33,0,5,15,-0.05912735974,0.7770716789,0,0.00796812749,0
co_independent_only,33,1,15,25,-0.03695600607,0.8923255771,0,0.00796812749,0
co_independent_only,33,2,25,35,0.03259054578,0.931726178,0,0.00796812749,0
co_independent_only,33,3,35,45,0.02088215317,0.9986816763,0,0.00796812749,0
co_independent_only,33,4,45,55,-0.03766812505,0.9343224355,0,0.00796812749,0
co_independent_only,33,5,55,65,-0.09927002284,0.9762370048,0,0.00796812749,0
star_plus_co_independent,33,0,5,15,-0.05375341246,0.6841783469,0.002276607854,0.00796812749,0
star_plus_co_independent,33,1,15,25,-0.03798608612,0.4205285631,0.002276607854,0.00796812749,0
star_plus_co_independent,33,2,25,35,0.02970717705,0.4411756706,0.002276607854,0.00796812749,0
star_plus_co_independent,33,3,35,45,0.03021324328,0.7768749551,0.002276607854,0.00796812749,0
star_plus_co_independent,33,4,45,55,0.08532293001,0.8338838202,0.002276607854,0.00796812749,0
star_plus_co_independent,33,5,55,65,0.09215568997,0.9994572745,0.002276607854,0.00796812749,0
star_plus_co_correlated_control,33,0,5,15,-0.05125093376,0.6841783469,0.002276607854,0,0
star_plus_co_correlated_control,33,1,15,25,-0.03488352693,0.4205285631,0.002276607854,0,0
star_plus_co_correlated_control,33,2,25,35,0.02308143012,0.4411756706,0.002276607854,0,0
star_plus_co_correlated_control,33,3,35,45,0.02433475059,0.7768749551,0.002276607854,0,0
star_plus_co_correlated_control,33,4,45,55,0.08418982995,0.8338838202,0.002276607854,0,0
star_plus_co_correlated_control,33,5,55,65,0.07821496863,0.9994572745,0.002276607854,0,0
star_co_plus_hi_ctl01,33,0,5,15,-0.05371568646,0.6841783469,0.002276607854,0.00796812749,0
star_co_plus_hi_ctl01,33,1,15,25,-0.03821096326,0.4205285631,0.002276607854,0.00796812749,0
star_co_plus_hi_ctl01,33,2,25,35,0.02950721445,0.4411756706,0.002276607854,0.00796812749,0
star_co_plus_hi_ctl01,33,3,35,45,0.03024480575,0.7768749551,0.002276607854,0.00796812749,0
star_co_plus_hi_ctl01,33,4,45,55,0.0851792375,0.8338838202,0.002276607854,0.00796812749,0
star_co_plus_hi_ctl01,33,5,55,65,0.09251606862,0.9994572745,0.002276607854,0.00796812749,0
star_co_plus_hi_ctl10,33,0,5,15,-0.05361406322,0.6841783469,0.002276607854,0.00796812749,0
star_co_plus_hi_ctl10,33,1,15,25,-0.038817346,0.4205285631,0.002276607854,0.00796812749,0
star_co_plus_hi_ctl10,33,2,25,35,0.02897014168,0.4411756706,0.002276607854,0.00796812749,0
star_co_plus_hi_ctl10,33,3,35,45,0.0303296529,0.7768749551,0.002276607854,0.00796812749,0
star_co_plus_hi_ctl10,33,4,45,55,0.08487294894,0.8338838202,0.002276607854,0.00796812749,0
star_co_plus_hi_ctl10,33,5,55,65,0.09348603822,0.9994572745,0.002276607854,0.00796812749,0
star_co_plus_hi_ctl49,33,0,5,15,-0.05344017419,0.6841783469,0.002276607854,0.00796812749,0
star_co_plus_hi_ctl49,33,1,15,25,-0.03985706728,0.4205285631,0.002276607854,0.00796812749,0
star_co_plus_hi_ctl49,33,2,25,35,0.02805643058,0.4411756706,0.002276607854,0.00796812749,0
star_co_plus_hi_ctl49,33,3,35,45,0.03065935746,0.7768749551,0.002276607854,0.00796812749,0
star_co_plus_hi_ctl49,33,4,45,55,0.08463983463,0.8338838202,0.002276607854,0.00796812749,0
star_co_plus_hi_ctl49,33,5,55,65,0.09674630497,0.9994572745,0.002276607854,0.00796812749,0
star_only,34,0,5,15,-0.05718169794,0.8928522551,0,0,0
star_only,34,1,15,25,-0.03236041732,0.9984823884,0,0,0
star_only,34,2,25,35,0.03377361857,0.9794984716,0,0,0
star_only,34,3,35,45,0.03109996242,0.7937134831,0,0,0
star_only,34,4,45,55,-0.04324876745,0.8606117081,0,0,0
star_only,34,5,55,65,0.002897892155,0.9213246521,0,0,0
co_independent_only,34,0,5,15,-0.06281039925,0.7770716789,0,0.004553215709,0
co_independent_only,34,1,15,25,-0.03859419955,0.8923255771,0,0.004553215709,0
co_independent_only,34,2,25,35,0.03692852433,0.931726178,0,0.004553215709,0
co_independent_only,34,3,35,45,0.0265417537,0.9986816763,0,0.004553215709,0
co_independent_only,34,4,45,55,-0.04059921411,0.9343224355,0,0.004553215709,0
co_independent_only,34,5,55,65,-0.1001238036,0.9762370048,0,0.004553215709,0
star_plus_co_independent,34,0,5,15,-0.05947202725,0.8928522551,0,0.004553215709,0
star_plus_co_independent,34,1,15,25,-0.03447614487,0.9984823884,0,0.004553215709,0
star_plus_co_independent,34,2,25,35,0.03546066105,0.9794984716,0,0.004553215709,0
star_plus_co_independent,34,3,35,45,0.0333549655,0.7937134831,0,0.004553215709,0
star_plus_co_independent,34,4,45,55,-0.04396904578,0.8606117081,0,0.004553215709,0
star_plus_co_independent,34,5,55,65,-9.309344016e-05,0.9213246521,0,0.004553215709,0
star_plus_co_correlated_control,34,0,5,15,-0.05730051356,0.8928522551,0,0,0
star_plus_co_correlated_control,34,1,15,25,-0.03247948943,0.9984823884,0,0,0
star_plus_co_correlated_control,34,2,25,35,0.03403001273,0.9794984716,0,0,0
star_plus_co_correlated_control,34,3,35,45,0.03101000535,0.7937134831,0,0,0
star_plus_co_correlated_control,34,4,45,55,-0.0433261977,0.8606117081,0,0,0
star_plus_co_correlated_control,34,5,55,65,0.003057436565,0.9213246521,0,0,0
star_co_plus_hi_ctl01,34,0,5,15,-0.0595322095,0.8928522551,0,0.004553215709,0
star_co_plus_hi_ctl01,34,1,15,25,-0.03488009223,0.9984823884,0,0.004553215709,0
star_co_plus_hi_ctl01,34,2,25,35,0.03561805026,0.9794984716,0,0.004553215709,0
star_co_plus_hi_ctl01,34,3,35,45,0.03303833043,0.7937134831,0,0.004553215709,0
star_co_plus_hi_ctl01,34,4,45,55,-0.04322885345,0.8606117081,0,0.004553215709,0
star_co_plus_hi_ctl01,34,5,55,65,0.0002585996549,0.9213246521,0,0.004553215709,0
star_co_plus_hi_ctl10,34,0,5,15,-0.05969437064,0.8928522551,0,0.004553215709,0
star_co_plus_hi_ctl10,34,1,15,25,-0.03551487201,0.9984823884,0,0.004553215709,0
star_co_plus_hi_ctl10,34,2,25,35,0.03613350998,0.9794984716,0,0.004553215709,0
star_co_plus_hi_ctl10,34,3,35,45,0.03218457279,0.7937134831,0,0.004553215709,0
star_co_plus_hi_ctl10,34,4,45,55,-0.04124258391,0.8606117081,0,0.004553215709,0
star_co_plus_hi_ctl10,34,5,55,65,0.001203849144,0.9213246521,0,0.004553215709,0
star_co_plus_hi_ctl49,34,0,5,15,-0.05997200704,0.8928522551,0,0.004553215709,0
star_co_plus_hi_ctl49,34,1,15,25,-0.03660496387,0.9984823884,0,0.004553215709,0
star_co_plus_hi_ctl49,34,2,25,35,0.03701444298,0.9794984716,0,0.004553215709,0
star_co_plus_hi_ctl49,34,3,35,45,0.03072087001,0.7937134831,0,0.004553215709,0
star_co_plus_hi_ctl49,34,4,45,55,-0.03746452015,0.8606117081,0,0.004553215709,0
star_co_plus_hi_ctl49,34,5,55,65,0.002735587115,0.9213246521,0,0.004553215709,0
star_only,35,0,5,15,-0.06103647021,0.8032792592,0,0,0
star_only,35,1,15,25,-0.03021997074,0.9861733481,0,0,0
star_only,35,2,25,35,0.03380660953,0.9656078302,0,0,0
star_only,35,3,35,45,0.02446540191,0.9968803877,0,0,0
star_only,35,4,45,55,-0.005031097079,0.9367788088,0,0,0
star_only,35,5,55,65,-0.01525291417,0.9477476881,0,0,0
co_independent_only,35,0,5,15,-0.06025193072,0.7770716789,0,0.001138303927,0
co_independent_only,35,1,15,25,-0.03393061569,0.8923255771,0,0.001138303927,0
co_independent_only,35,2,25,35,0.02960532879,0.931726178,0,0.001138303927,0
co_independent_only,35,3,35,45,0.02821053333,0.9986816763,0,0.001138303927,0
co_independent_only,35,4,45,55,-0.04775301815,0.9343224355,0,0.001138303927,0
co_independent_only,35,5,55,65,-0.09763126699,0.9762370048,0,0.001138303927,0
star_plus_co_independent,35,0,5,15,-0.06104074629,0.8032792592,0,0.001138303927,0
star_plus_co_independent,35,1,15,25,-0.02811486342,0.9861733481,0,0.001138303927,0
star_plus_co_independent,35,2,25,35,0.02861619716,0.9656078302,0,0.001138303927,0
star_plus_co_independent,35,3,35,45,0.02804710039,0.9968803877,0,0.001138303927,0
star_plus_co_independent,35,4,45,55,-0.009831897545,0.9367788088,0,0.001138303927,0
star_plus_co_independent,35,5,55,65,-0.01250533236,0.9477476881,0,0.001138303927,0
star_plus_co_correlated_control,35,0,5,15,-0.06002203331,0.8032792592,0,0,0
star_plus_co_correlated_control,35,1,15,25,-0.02906761254,0.9861733481,0,0,0
star_plus_co_correlated_control,35,2,25,35,0.03178338988,0.9656078302,0,0,0
star_plus_co_correlated_control,35,3,35,45,0.02534221994,0.9968803877,0,0,0
star_plus_co_correlated_control,35,4,45,55,-0.005068656024,0.9367788088,0,0,0
star_plus_co_correlated_control,35,5,55,65,-0.01615339067,0.9477476881,0,0,0
star_co_plus_hi_ctl01,35,0,5,15,-0.06117165538,0.8032792592,0,0.001138303927,0
star_co_plus_hi_ctl01,35,1,15,25,-0.0282564661,0.9861733481,0,0.001138303927,0
star_co_plus_hi_ctl01,35,2,25,35,0.02836225368,0.9656078302,0,0.001138303927,0
star_co_plus_hi_ctl01,35,3,35,45,0.02793661725,0.9968803877,0,0.001138303927,0
star_co_plus_hi_ctl01,35,4,45,55,-0.009920422266,0.9367788088,0,0.001138303927,0
star_co_plus_hi_ctl01,35,5,55,65,-0.01302035344,0.9477476881,0,0.001138303927,0
star_co_plus_hi_ctl10,35,0,5,15,-0.06152451165,0.8032792592,0,0.001138303927,0
star_co_plus_hi_ctl10,35,1,15,25,-0.02863836786,0.9861733481,0,0.001138303927,0
star_co_plus_hi_ctl10,35,2,25,35,0.02767698756,0.9656078302,0,0.001138303927,0
star_co_plus_hi_ctl10,35,3,35,45,0.02763826054,0.9968803877,0,0.001138303927,0
star_co_plus_hi_ctl10,35,4,45,55,-0.01016157601,0.9367788088,0,0.001138303927,0
star_co_plus_hi_ctl10,35,5,55,65,-0.01440767389,0.9477476881,0,0.001138303927,0
star_co_plus_hi_ctl49,35,0,5,15,-0.0621290489,0.8032792592,0,0.001138303927,0
star_co_plus_hi_ctl49,35,1,15,25,-0.02929342045,0.9861733481,0,0.001138303927,0
star_co_plus_hi_ctl49,35,2,25,35,0.02650029153,0.9656078302,0,0.001138303927,0
star_co_plus_hi_ctl49,35,3,35,45,0.02712519559,0.9968803877,0,0.001138303927,0
star_co_plus_hi_ctl49,35,4,45,55,-0.01003741302,0.9367788088,0,0.001138303927,0
star_co_plus_hi_ctl49,35,5,55,65,-0.01542412573,0.9477476881,0,0.001138303927,0
star_only,36,0,5,15,-0.06052243586,0.7722337971,0.02561183836,0,0
star_only,36,1,15,25,-0.03351180212,0.8848162925,0.02561183836,0,0
star_only,36,2,25,35,0.03448657595,0.9534050192,0.02561183836,0,0
star_only,36,3,35,45,0.02228181156,0.970104221,0.02561183836,0,0
star_only,36,4,45,55,-0.09297744222,0.9618666493,0.02561183836,0,0
star_only,36,5,55,65,-0.1638415165,0.9902310936,0.02561183836,0,0
co_independent_only,36,0,5,15,-0.06195563836,0.7770716789,0,0,0
co_independent_only,36,1,15,25,-0.03279363073,0.8923255771,0,0,0
co_independent_only,36,2,25,35,0.04108436267,0.931726178,0,0,0
co_independent_only,36,3,35,45,0.0279429032,0.9986816763,0,0,0
co_independent_only,36,4,45,55,-0.03474633595,0.9343224355,0,0,0
co_independent_only,36,5,55,65,-0.09865338781,0.9762370048,0,0,0
star_plus_co_independent,36,0,5,15,-0.06216449461,0.7722337971,0.02561183836,0,0
star_plus_co_independent,36,1,15,25,-0.03000025934,0.8848162925,0.02561183836,0,0
star_plus_co_independent,36,2,25,35,0.04058767886,0.9534050192,0.02561183836,0,0
star_plus_co_independent,36,3,35,45,0.02566250325,0.970104221,0.02561183836,0,0
star_plus_co_independent,36,4,45,55,-0.0844003268,0.9618666493,0.02561183836,0,0
star_plus_co_independent,36,5,55,65,-0.1614202517,0.9902310936,0.02561183836,0,0
star_plus_co_correlated_control,36,0,5,15,-0.06108296385,0.7722337971,0.02561183836,0.01593625498,0
star_plus_co_correlated_control,36,1,15,25,-0.03406038251,0.8848162925,0.02561183836,0.01593625498,0
star_plus_co_correlated_control,36,2,25,35,0.03567985372,0.9534050192,0.02561183836,0.01593625498,0
star_plus_co_correlated_control,36,3,35,45,0.02176018125,0.970104221,0.02561183836,0.01593625498,0
star_plus_co_correlated_control,36,4,45,55,-0.09380031834,0.9618666493,0.02561183836,0.01593625498,0
star_plus_co_correlated_control,36,5,55,65,-0.1663218976,0.9902310936,0.02561183836,0.01593625498,0
star_co_plus_hi_ctl01,36,0,5,15,-0.06224111447,0.7722337971,0.02561183836,0,0
star_co_plus_hi_ctl01,36,1,15,25,-0.03042885277,0.8848162925,0.02561183836,0,0
star_co_plus_hi_ctl01,36,2,25,35,0.04013005487,0.9534050192,0.02561183836,0,0
star_co_plus_hi_ctl01,36,3,35,45,0.02517076013,0.970104221,0.02561183836,0,0
star_co_plus_hi_ctl01,36,4,45,55,-0.08439907656,0.9618666493,0.02561183836,0,0
star_co_plus_hi_ctl01,36,5,55,65,-0.1624491961,0.9902310936,0.02561183836,0,0
star_co_plus_hi_ctl10,36,0,5,15,-0.06244774429,0.7722337971,0.02561183836,0,0
star_co_plus_hi_ctl10,36,1,15,25,-0.03158402531,0.8848162925,0.02561183836,0,0
star_co_plus_hi_ctl10,36,2,25,35,0.03889854581,0.9534050192,0.02561183836,0,0
star_co_plus_hi_ctl10,36,3,35,45,0.02384863609,0.970104221,0.02561183836,0,0
star_co_plus_hi_ctl10,36,4,45,55,-0.08439585961,0.9618666493,0.02561183836,0,0
star_co_plus_hi_ctl10,36,5,55,65,-0.1636799363,0.9902310936,0.02561183836,0,0
star_co_plus_hi_ctl49,36,0,5,15,-0.06280211785,0.7722337971,0.02561183836,0,0
star_co_plus_hi_ctl49,36,1,15,25,-0.03356290797,0.8848162925,0.02561183836,0,0
star_co_plus_hi_ctl49,36,2,25,35,0.03679534086,0.9534050192,0.02561183836,0,0
star_co_plus_hi_ctl49,36,3,35,45,0.02159471685,0.970104221,0.02561183836,0,0
star_co_plus_hi_ctl49,36,4,45,55,-0.08439085823,0.9618666493,0.02561183836,0,0
star_co_plus_hi_ctl49,36,5,55,65,-0.1659523258,0.9902310936,0.02561183836,0,0
star_only,37,0,5,15,-0.06028321637,0.6638950844,0.001707455891,0,0
star_only,37,1,15,25,-0.03999070296,0.5910046813,0.001707455891,0,0
star_only,37,2,25,35,0.03470083203,0.6208645164,0.001707455891,0,0
star_only,37,3,35,45,0.0459584785,0.8262158145,0.001707455891,0,0
star_only,37,4,45,55,0.05629921133,0.9246177879,0.001707455891,0,0
star_only,37,5,55,65,-0.01823888525,0.9995491352,0.001707455891,0,0
co_independent_only,37,0,5,15,-0.06181143612,0.7770716789,0,0.002845759818,0
co_independent_only,37,1,15,25,-0.03412651767,0.8923255771,0,0.002845759818,0
co_independent_only,37,2,25,35,0.03379602998,0.931726178,0,0.002845759818,0
co_independent_only,37,3,35,45,0.02278071867,0.9986816763,0,0.002845759818,0
co_independent_only,37,4,45,55,-0.04585326882,0.9343224355,0,0.002845759818,0
co_independent_only,37,5,55,65,-0.1075380758,0.9762370048,0,0.002845759818,0
star_plus_co_independent,37,0,5,15,-0.06180365423,0.6638950844,0.001707455891,0.002845759818,0
star_plus_co_independent,37,1,15,25,-0.03804305142,0.5910046813,0.001707455891,0.002845759818,0
star_plus_co_independent,37,2,25,35,0.03377983093,0.6208645164,0.001707455891,0.002845759818,0
star_plus_co_independent,37,3,35,45,0.04902107033,0.8262158145,0.001707455891,0.002845759818,0
star_plus_co_independent,37,4,45,55,0.05387006277,0.9246177879,0.001707455891,0.002845759818,0
star_plus_co_independent,37,5,55,65,-0.02526928364,0.9995491352,0.001707455891,0.002845759818,0
star_plus_co_correlated_control,37,0,5,15,-0.05853989441,0.6638950844,0.001707455891,0,0
star_plus_co_correlated_control,37,1,15,25,-0.03734958044,0.5910046813,0.001707455891,0,0
star_plus_co_correlated_control,37,2,25,35,0.03085399202,0.6208645164,0.001707455891,0,0
star_plus_co_correlated_control,37,3,35,45,0.04603436678,0.8262158145,0.001707455891,0,0
star_plus_co_correlated_control,37,4,45,55,0.054479923,0.9246177879,0.001707455891,0,0
star_plus_co_correlated_control,37,5,55,65,-0.01998422856,0.9995491352,0.001707455891,0,0
star_co_plus_hi_ctl01,37,0,5,15,-0.06166126609,0.6638950844,0.001707455891,0.002845759818,0
star_co_plus_hi_ctl01,37,1,15,25,-0.03795170322,0.5910046813,0.001707455891,0.002845759818,0
star_co_plus_hi_ctl01,37,2,25,35,0.03341696399,0.6208645164,0.001707455891,0.002845759818,0
star_co_plus_hi_ctl01,37,3,35,45,0.04923937006,0.8262158145,0.001707455891,0.002845759818,0
star_co_plus_hi_ctl01,37,4,45,55,0.05381673746,0.9246177879,0.001707455891,0.002845759818,0
star_co_plus_hi_ctl01,37,5,55,65,-0.02612442371,0.9995491352,0.001707455891,0.002845759818,0
star_co_plus_hi_ctl10,37,0,5,15,-0.0612786327,0.6638950844,0.001707455891,0.002845759818,0
star_co_plus_hi_ctl10,37,1,15,25,-0.03770590687,0.5910046813,0.001707455891,0.002845759818,0
star_co_plus_hi_ctl10,37,2,25,35,0.03219088421,0.6208645164,0.001707455891,0.002845759818,0
star_co_plus_hi_ctl10,37,3,35,45,0.04982785586,0.8262158145,0.001707455891,0.002845759818,0
star_co_plus_hi_ctl10,37,4,45,55,0.05367287127,0.9246177879,0.001707455891,0.002845759818,0
star_co_plus_hi_ctl10,37,5,55,65,-0.02775786254,0.9995491352,0.001707455891,0.002845759818,0
star_co_plus_hi_ctl49,37,0,5,15,-0.06062699843,0.6638950844,0.001707455891,0.002845759818,0
star_co_plus_hi_ctl49,37,1,15,25,-0.03728623117,0.5910046813,0.001707455891,0.002845759818,0
star_co_plus_hi_ctl49,37,2,25,35,0.03014629776,0.6208645164,0.001707455891,0.002845759818,0
star_co_plus_hi_ctl49,37,3,35,45,0.05083636793,0.8262158145,0.001707455891,0.002845759818,0
star_co_plus_hi_ctl49,37,4,45,55,0.05342594391,0.9246177879,0.001707455891,0.002845759818,0
star_co_plus_hi_ctl49,37,5,55,65,-0.02779255648,0.9995491352,0.001707455891,0.002845759818,0
star_only,38,0,5,15,-0.05964056513,0.7837180051,0,0,0
star_only,38,1,15,25,-0.03381973676,0.8431283422,0,0,0
star_only,38,2,25,35,0.03467225621,0.9311299035,0,0,0
star_only,38,3,35,45,0.01376792412,0.9992443178,0,0,0
star_only,38,4,45,55,-0.08719311877,0.9977871476,0,0,0
star_only,38,5,55,65,-0.1338164501,0.9930766312,0,0,0
co_independent_only,38,0,5,15,-0.06259082977,0.7770716789,0,0,0
co_independent_only,38,1,15,25,-0.03771265294,0.8923255771,0,0,0
co_independent_only,38,2,25,35,0.03772505871,0.931726178,0,0,0
co_independent_only,38,3,35,45,0.02003720609,0.9986816763,0,0,0
co_independent_only,38,4,45,55,-0.04131071357,0.9343224355,0,0,0
co_independent_only,38,5,55,65,-0.09894327797,0.9762370048,0,0,0
star_plus_co_independent,38,0,5,15,-0.06189610302,0.7837180051,0,0,0
star_plus_co_independent,38,1,15,25,-0.03506816875,0.8431283422,0,0,0
star_plus_co_independent,38,2,25,35,0.03775400256,0.9311299035,0,0,0
star_plus_co_independent,38,3,35,45,0.008892140553,0.9992443178,0,0,0
star_plus_co_independent,38,4,45,55,-0.0881840707,0.9977871476,0,0,0
star_plus_co_independent,38,5,55,65,-0.1342586858,0.9930766312,0,0,0
star_plus_co_correlated_control,38,0,5,15,-0.0590005987,0.7837180051,0,0,0
star_plus_co_correlated_control,38,1,15,25,-0.03298902286,0.8431283422,0,0,0
star_plus_co_correlated_control,38,2,25,35,0.03323087955,0.9311299035,0,0,0
star_plus_co_correlated_control,38,3,35,45,0.01446873254,0.9992443178,0,0,0
star_plus_co_correlated_control,38,4,45,55,-0.08631905963,0.9977871476,0,0,0
star_plus_co_correlated_control,38,5,55,65,-0.1316843371,0.9930766312,0,0,0
star_co_plus_hi_ctl01,38,0,5,15,-0.06238043631,0.7837180051,0,0,0
star_co_plus_hi_ctl01,38,1,15,25,-0.0354388403,0.8431283422,0,0,0
star_co_plus_hi_ctl01,38,2,25,35,0.03807070719,0.9311299035,0,0,0
star_co_plus_hi_ctl01,38,3,35,45,0.008174380636,0.9992443178,0,0,0
star_co_plus_hi_ctl01,38,4,45,55,-0.08892832565,0.9977871476,0,0,0
star_co_plus_hi_ctl01,38,5,55,65,-0.1350200214,0.9930766312,0,0,0
star_co_plus_hi_ctl10,38,0,5,15,-0.06368677052,0.7837180051,0,0,0
star_co_plus_hi_ctl10,38,1,15,25,-0.03643993379,0.8431283422,0,0,0
star_co_plus_hi_ctl10,38,2,25,35,0.0389323011,0.9311299035,0,0,0
star_co_plus_hi_ctl10,38,3,35,45,0.006364871351,0.9992443178,0,0,0
star_co_plus_hi_ctl10,38,4,45,55,-0.09171661581,0.9977871476,0,0,0
star_co_plus_hi_ctl10,38,5,55,65,-0.1370076109,0.9930766312,0,0,0
star_co_plus_hi_ctl49,38,0,5,15,-0.06592775784,0.7837180051,0,0,0
star_co_plus_hi_ctl49,38,1,15,25,-0.03816178946,0.8431283422,0,0,0
star_co_plus_hi_ctl49,38,2,25,35,0.04040554945,0.9311299035,0,0,0
star_co_plus_hi_ctl49,38,3,35,45,0.003262365682,0.9992443178,0,0,0
star_co_plus_hi_ctl49,38,4,45,55,-0.0963138156,0.9977871476,0,0,0
star_co_plus_hi_ctl49,38,5,55,65,-0.1442435441,0.9930766312,0,0,0
star_only,39,0,5,15,-0.06052037325,0.8260794325,0.05065452476,0,0
star_only,39,1,15,25,-0.03761379123,0.9644695881,0.05065452476,0,0
star_only,39,2,25,35,0.03259447352,0.967799992,0.05065452476,0,0
star_only,39,3,35,45,0.0415536634,0.9539272436,0.05065452476,0,0
star_only,39,4,45,55,0.037884625,0.8738394317,0.05065452476,0,0
star_only,39,5,55,65,0.02481396083,0.9745055654,0.05065452476,0,0
co_independent_only,39,0,5,15,-0.05923502471,0.7770716789,0,0.00796812749,0
co_independent_only,39,1,15,25,-0.03497210195,0.8923255771,0,0.00796812749,0
co_independent_only,39,2,25,35,0.03322034676,0.931726178,0,0.00796812749,0
co_independent_only,39,3,35,45,0.02812832162,0.9986816763,0,0.00796812749,0
co_independent_only,39,4,45,55,-0.03495899011,0.9343224355,0,0.00796812749,0
co_independent_only,39,5,55,65,-0.08756776034,0.9762370048,0,0.00796812749,0
star_plus_co_independent,39,0,5,15,-0.05945349297,0.8260794325,0.05065452476,0.00796812749,0
star_plus_co_independent,39,1,15,25,-0.03634765118,0.9644695881,0.05065452476,0.00796812749,0
star_plus_co_independent,39,2,25,35,0.03201091386,0.967799992,0.05065452476,0.00796812749,0
star_plus_co_independent,39,3,35,45,0.04427681464,0.9539272436,0.05065452476,0.00796812749,0
star_plus_co_independent,39,4,45,55,0.04290969984,0.8738394317,0.05065452476,0.00796812749,0
star_plus_co_independent,39,5,55,65,0.03229691618,0.9745055654,0.05065452476,0.00796812749,0
star_plus_co_correlated_control,39,0,5,15,-0.06020809947,0.8260794325,0.05065452476,0,0
star_plus_co_correlated_control,39,1,15,25,-0.03717721486,0.9644695881,0.05065452476,0,0
star_plus_co_correlated_control,39,2,25,35,0.03200417127,0.967799992,0.05065452476,0,0
star_plus_co_correlated_control,39,3,35,45,0.04165275608,0.9539272436,0.05065452476,0,0
star_plus_co_correlated_control,39,4,45,55,0.03765080653,0.8738394317,0.05065452476,0,0
star_plus_co_correlated_control,39,5,55,65,0.02420134621,0.9745055654,0.05065452476,0,0
star_co_plus_hi_ctl01,39,0,5,15,-0.05977090255,0.8260794325,0.05065452476,0.00796812749,0
star_co_plus_hi_ctl01,39,1,15,25,-0.03685316692,0.9644695881,0.05065452476,0.00796812749,0
star_co_plus_hi_ctl01,39,2,25,35,0.03190550123,0.967799992,0.05065452476,0.00796812749,0
star_co_plus_hi_ctl01,39,3,35,45,0.04359721318,0.9539272436,0.05065452476,0.00796812749,0
star_co_plus_hi_ctl01,39,4,45,55,0.04187679423,0.8738394317,0.05065452476,0.00796812749,0
star_co_plus_hi_ctl01,39,5,55,65,0.03170371737,0.9745055654,0.05065452476,0.00796812749,0
star_co_plus_hi_ctl10,39,0,5,15,-0.06062332197,0.8260794325,0.05065452476,0.00796812749,0
star_co_plus_hi_ctl10,39,1,15,25,-0.03777586975,0.9644695881,0.05065452476,0.00796812749,0
star_co_plus_hi_ctl10,39,2,25,35,0.03118516544,0.967799992,0.05065452476,0.00796812749,0
star_co_plus_hi_ctl10,39,3,35,45,0.04200968684,0.9539272436,0.05065452476,0.00796812749,0
star_co_plus_hi_ctl10,39,4,45,55,0.03914705776,0.8738394317,0.05065452476,0.00796812749,0
star_co_plus_hi_ctl10,39,5,55,65,0.03026318987,0.9745055654,0.05065452476,0.00796812749,0
star_co_plus_hi_ctl49,39,0,5,15,-0.06207320204,0.8260794325,0.05065452476,0.00796812749,0
star_co_plus_hi_ctl49,39,1,15,25,-0.03934708446,0.9644695881,0.05065452476,0.00796812749,0
star_co_plus_hi_ctl49,39,2,25,35,0.03089595091,0.967799992,0.05065452476,0.00796812749,0
star_co_plus_hi_ctl49,39,3,35,45,0.03930170505,0.9539272436,0.05065452476,0.00796812749,0
star_co_plus_hi_ctl49,39,4,45,55,0.03395232018,0.8738394317,0.05065452476,0.00796812749,0
star_co_plus_hi_ctl49,39,5,55,65,0.02659032961,0.9745055654,0.05065452476,0.00796812749,0
star_only,40,0,5,15,-0.06034698094,0.8040249808,0.006829823563,0,0
star_only,40,1,15,25,-0.03210793544,0.9069283185,0.006829823563,0,0
star_only,40,2,25,35,0.03416616146,0.9673310436,0.006829823563,0,0
star_only,40,3,35,45,0.01725622507,0.9632399721,0.006829823563,0,0
star_only,40,4,45,55,-0.06299472814,0.9212121955,0.006829823563,0,0
star_only,40,5,55,65,-0.02748449912,0.9511497571,0.006829823563,0,0
co_independent_only,40,0,5,15,-0.06113238985,0.7770716789,0,0.002276607854,0
co_independent_only,40,1,15,25,-0.03574900144,0.8923255771,0,0.002276607854,0
co_independent_only,40,2,25,35,0.03694983732,0.931726178,0,0.002276607854,0
co_independent_only,40,3,35,45,0.02410562798,0.9986816763,0,0.002276607854,0
co_independent_only,40,4,45,55,-0.04275950135,0.9343224355,0,0.002276607854,0
co_independent_only,40,5,55,65,-0.1049062363,0.9762370048,0,0.002276607854,0
star_plus_co_independent,40,0,5,15,-0.0611862375,0.8040249808,0.006829823563,0.002276607854,0
star_plus_co_independent,40,1,15,25,-0.03148244811,0.9069283185,0.006829823563,0.002276607854,0
star_plus_co_independent,40,2,25,35,0.03631156395,0.9673310436,0.006829823563,0.002276607854,0
star_plus_co_independent,40,3,35,45,0.01724483386,0.9632399721,0.006829823563,0.002276607854,0
star_plus_co_independent,40,4,45,55,-0.06622697184,0.9212121955,0.006829823563,0.002276607854,0
star_plus_co_independent,40,5,55,65,-0.03194604527,0.9511497571,0.006829823563,0.002276607854,0
star_plus_co_correlated_control,40,0,5,15,-0.06244953407,0.8040249808,0.006829823563,0.06260671599,0
star_plus_co_correlated_control,40,1,15,25,-0.03407524302,0.9069283185,0.006829823563,0.06260671599,0
star_plus_co_correlated_control,40,2,25,35,0.03780062302,0.9673310436,0.006829823563,0.06260671599,0
star_plus_co_correlated_control,40,3,35,45,0.0150867853,0.9632399721,0.006829823563,0.06260671599,0
star_plus_co_correlated_control,40,4,45,55,-0.06506187304,0.9212121955,0.006829823563,0.06260671599,0
star_plus_co_correlated_control,40,5,55,65,-0.02787900969,0.9511497571,0.006829823563,0.06260671599,0
star_co_plus_hi_ctl01,40,0,5,15,-0.06094279816,0.8040249808,0.006829823563,0.002276607854,0
star_co_plus_hi_ctl01,40,1,15,25,-0.0314732398,0.9069283185,0.006829823563,0.002276607854,0
star_co_plus_hi_ctl01,40,2,25,35,0.03607798662,0.9673310436,0.006829823563,0.002276607854,0
star_co_plus_hi_ctl01,40,3,35,45,0.01692406916,0.9632399721,0.006829823563,0.002276607854,0
star_co_plus_hi_ctl01,40,4,45,55,-0.06587423051,0.9212121955,0.006829823563,0.002276607854,0
star_co_plus_hi_ctl01,40,5,55,65,-0.02998500108,0.9511497571,0.006829823563,0.002276607854,0
star_co_plus_hi_ctl10,40,0,5,15,-0.06028931634,0.8040249808,0.006829823563,0.002276607854,0
star_co_plus_hi_ctl10,40,1,15,25,-0.03139040865,0.9069283185,0.006829823563,0.002276607854,0
star_co_plus_hi_ctl10,40,2,25,35,0.03554367125,0.9673310436,0.006829823563,0.002276607854,0
star_co_plus_hi_ctl10,40,3,35,45,0.01606475248,0.9632399721,0.006829823563,0.002276607854,0
star_co_plus_hi_ctl10,40,4,45,55,-0.06492291599,0.9212121955,0.006829823563,0.002276607854,0
star_co_plus_hi_ctl10,40,5,55,65,-0.02583195342,0.9511497571,0.006829823563,0.002276607854,0
star_co_plus_hi_ctl49,40,0,5,15,-0.05917876998,0.8040249808,0.006829823563,0.002276607854,0
star_co_plus_hi_ctl49,40,1,15,25,-0.03093596484,0.9069283185,0.006829823563,0.002276607854,0
star_co_plus_hi_ctl49,40,2,25,35,0.0348192068,0.9673310436,0.006829823563,0.002276607854,0
star_co_plus_hi_ctl49,40,3,35,45,0.01461030232,0.9632399721,0.006829823563,0.002276607854,0
star_co_plus_hi_ctl49,40,4,45,55,-0.06329128011,0.9212121955,0.006829823563,0.002276607854,0
star_co_plus_hi_ctl49,40,5,55,65,-0.01936194462,0.9511497571,0.006829823563,0.002276607854,0
star_only,41,0,5,15,-0.05937733614,0.7884271009,0,0,0
star_only,41,1,15,25,-0.03635234023,0.9345587917,0,0,0
star_only,41,2,25,35,0.03455220061,0.98310821,0,0,0
star_only,41,3,35,45,0.02369226711,0.9353998476,0,0,0
star_only,41,4,45,55,-0.07304221451,0.8398495262,0,0,0
star_only,41,5,55,65,-0.117578184,0.9767428046,0,0,0
co_independent_only,41,0,5,15,-0.06071386662,0.7770716789,0,0,0
co_independent_only,41,1,15,25,-0.03178382281,0.8923255771,0,0,0
co_independent_only,41,2,25,35,0.03516438028,0.931726178,0,0,0
co_independent_only,41,3,35,45,0.03454079527,0.9986816763,0,0,0
co_independent_only,41,4,45,55,-0.0296537211,0.9343224355,0,0,0
co_independent_only,41,5,55,65,-0.08905947184,0.9762370048,0,0,0
star_plus_co_independent,41,0,5,15,-0.05986538637,0.7884271009,0,0,0
star_plus_co_independent,41,1,15,25,-0.03199254744,0.9345587917,0,0,0
star_plus_co_independent,41,2,25,35,0.0344489001,0.98310821,0,0,0
star_plus_co_independent,41,3,35,45,0.0334413425,0.9353998476,0,0,0
star_plus_co_independent,41,4,45,55,-0.06375750135,0.8398495262,0,0,0
star_plus_co_independent,41,5,55,65,-0.107146236,0.9767428046,0,0,0
star_plus_co_correlated_control,41,0,5,15,-0.0618637371,0.7884271009,0,0.0734206033,0
star_plus_co_correlated_control,41,1,15,25,-0.03909067528,0.9345587917,0,0.0734206033,0
star_plus_co_correlated_control,41,2,25,35,0.03931383947,0.98310821,0,0.0734206033,0
star_plus_co_correlated_control,41,3,35,45,0.02160812204,0.9353998476,0,0.0734206033,0
star_plus_co_correlated_control,41,4,45,55,-0.07600148979,0.8398495262,0,0.0734206033,0
star_plus_co_correlated_control,41,5,55,65,-0.1257808402,0.9767428046,0,0.0734206033,0
star_co_plus_hi_ctl01,41,0,5,15,-0.05993123546,0.7884271009,0,0,0
star_co_plus_hi_ctl01,41,1,15,25,-0.03186653399,0.9345587917,0,0,0
star_co_plus_hi_ctl01,41,2,25,35,0.03482357165,0.98310821,0,0,0
star_co_plus_hi_ctl01,41,3,35,45,0.03376469646,0.9353998476,0,0,0
star_co_plus_hi_ctl01,41,4,45,55,-0.06343747404,0.8398495262,0,0,0
star_co_plus_hi_ctl01,41,5,55,65,-0.1059393947,0.9767428046,0,0,0
star_co_plus_hi_ctl10,41,0,5,15,-0.06010863949,0.7884271009,0,0,0
star_co_plus_hi_ctl10,41,1,15,25,-0.03152711098,0.9345587917,0,0,0
star_co_plus_hi_ctl10,41,2,25,35,0.03575320859,0.98310821,0,0,0
star_co_plus_hi_ctl10,41,3,35,45,0.03463659469,0.9353998476,0,0,0
star_co_plus_hi_ctl10,41,4,45,55,-0.06257416389,0.8398495262,0,0,0
star_co_plus_hi_ctl10,41,5,55,65,-0.09968956753,0.9767428046,0,0,0
star_co_plus_hi_ctl49,41,0,5,15,-0.06041228354,0.7884271009,0,0,0
star_co_plus_hi_ctl49,41,1,15,25,-0.03084176316,0.9345587917,0,0,0
star_co_plus_hi_ctl49,41,2,25,35,0.03734442583,0.98310821,0,0,0
star_co_plus_hi_ctl49,41,3,35,45,0.03613148062,0.9353998476,0,0,0
star_co_plus_hi_ctl49,41,4,45,55,-0.06128152142,0.8398495262,0,0,0
star_co_plus_hi_ctl49,41,5,55,65,-0.08859491473,0.9767428046,0,0,0
star_only,42,0,5,15,-0.05995685416,0.7652377412,0,0,0
star_only,42,1,15,25,-0.03348824322,0.721775013,0,0,0
star_only,42,2,25,35,0.03466332616,0.8379921298,0,0,0
star_only,42,3,35,45,0.02760047123,0.9162383668,0,0,0
star_only,42,4,45,55,-0.05009143275,0.9994376729,0,0,0
star_only,42,5,55,65,-0.02172775093,0.9962553282,0,0,0
co_independent_only,42,0,5,15,-0.05726201418,0.7770716789,0,0,0
co_independent_only,42,1,15,25,-0.03359809159,0.8923255771,0,0,0
co_independent_only,42,2,25,35,0.03383047966,0.931726178,0,0,0
co_independent_only,42,3,35,45,0.02902666352,0.9986816763,0,0,0
co_independent_only,42,4,45,55,-0.03653820658,0.9343224355,0,0,0
co_independent_only,42,5,55,65,-0.09876852771,0.9762370048,0,0,0
star_plus_co_independent,42,0,5,15,-0.05697135391,0.7652377412,0,0,0
star_plus_co_independent,42,1,15,25,-0.03133725353,0.721775013,0,0,0
star_plus_co_independent,42,2,25,35,0.03363644091,0.8379921298,0,0,0
star_plus_co_independent,42,3,35,45,0.03173876513,0.9162383668,0,0,0
star_plus_co_independent,42,4,45,55,-0.04654624712,0.9994376729,0,0,0
star_plus_co_independent,42,5,55,65,-0.02421188362,0.9962553282,0,0,0
star_plus_co_correlated_control,42,0,5,15,-0.06068198289,0.7652377412,0,0.02162777462,0
star_plus_co_correlated_control,42,1,15,25,-0.03420540177,0.721775013,0,0.02162777462,0
star_plus_co_correlated_control,42,2,25,35,0.03624030689,0.8379921298,0,0.02162777462,0
star_plus_co_correlated_control,42,3,35,45,0.02700784528,0.9162383668,0,0.02162777462,0
star_plus_co_correlated_control,42,4,45,55,-0.05063064117,0.9994376729,0,0.02162777462,0
star_plus_co_correlated_control,42,5,55,65,-0.0214000828,0.9962553282,0,0.02162777462,0
star_co_plus_hi_ctl01,42,0,5,15,-0.05747973342,0.7652377412,0,0,0
star_co_plus_hi_ctl01,42,1,15,25,-0.03150457957,0.721775013,0,0,0
star_co_plus_hi_ctl01,42,2,25,35,0.03491989155,0.8379921298,0,0,0
star_co_plus_hi_ctl01,42,3,35,45,0.03226194959,0.9162383668,0,0,0
star_co_plus_hi_ctl01,42,4,45,55,-0.04603673038,0.9994376729,0,0,0
star_co_plus_hi_ctl01,42,5,55,65,-0.02273254843,0.9962553282,0,0,0
star_co_plus_hi_ctl10,42,0,5,15,-0.05885035812,0.7652377412,0,0,0
star_co_plus_hi_ctl10,42,1,15,25,-0.03188632983,0.721775013,0,0,0
star_co_plus_hi_ctl10,42,2,25,35,0.03818017017,0.8379921298,0,0,0
star_co_plus_hi_ctl10,42,3,35,45,0.03366911681,0.9162383668,0,0,0
star_co_plus_hi_ctl10,42,4,45,55,-0.04466528095,0.9994376729,0,0,0
star_co_plus_hi_ctl10,42,5,55,65,-0.01866291939,0.9962553282,0,0,0
star_co_plus_hi_ctl49,42,0,5,15,-0.06119970585,0.7652377412,0,0,0
star_co_plus_hi_ctl49,42,1,15,25,-0.032536796,0.721775013,0,0,0
star_co_plus_hi_ctl49,42,2,25,35,0.04300975355,0.8379921298,0,0,0
star_co_plus_hi_ctl49,42,3,35,45,0.03604432886,0.9162383668,0,0,0
star_co_plus_hi_ctl49,42,4,45,55,-0.04232209565,0.9994376729,0,0,0
star_co_plus_hi_ctl49,42,5,55,65,-0.01175192331,0.9962553282,0,0,0
star_only,43,0,5,15,-0.06113268498,0.7890226813,0,0,0
star_only,43,1,15,25,-0.0333777121,0.9194846907,0,0,0
star_only,43,2,25,35,0.03347988135,0.9032018392,0,0,0
star_only,43,3,35,45,0.03465058844,0.9949549832,0,0,0
star_only,43,4,45,55,-0.01524995924,0.9466462921,0,0,0
star_only,43,5,55,65,-0.08420246222,0.8957170044,0,0,0
co_independent_only,43,0,5,15,-0.05909126757,0.7770716789,0,0.001138303927,0
co_independent_only,43,1,15,25,-0.03587248822,0.8923255771,0,0.001138303927,0
co_independent_only,43,2,25,35,0.03342159951,0.931726178,0,0.001138303927,0
co_independent_only,43,3,35,45,0.02045161079,0.9986816763,0,0.001138303927,0
co_independent_only,43,4,45,55,-0.04071010631,0.9343224355,0,0.001138303927,0
co_independent_only,43,5,55,65,-0.09490485995,0.9762370048,0,0.001138303927,0
star_plus_co_independent,43,0,5,15,-0.05985710642,0.7890226813,0,0.001138303927,0
star_plus_co_independent,43,1,15,25,-0.03332589449,0.9194846907,0,0.001138303927,0
star_plus_co_independent,43,2,25,35,0.03268061865,0.9032018392,0,0.001138303927,0
star_plus_co_independent,43,3,35,45,0.03201441002,0.9949549832,0,0.001138303927,0
star_plus_co_independent,43,4,45,55,-0.01585062923,0.9466462921,0,0.001138303927,0
star_plus_co_independent,43,5,55,65,-0.08022427101,0.8957170044,0,0.001138303927,0
star_plus_co_correlated_control,43,0,5,15,-0.05622502455,0.7890226813,0,0,0
star_plus_co_correlated_control,43,1,15,25,-0.02674333111,0.9194846907,0,0,0
star_plus_co_correlated_control,43,2,25,35,0.02407409871,0.9032018392,0,0,0
star_plus_co_correlated_control,43,3,35,45,0.03688393491,0.9949549832,0,0,0
star_plus_co_correlated_control,43,4,45,55,-0.01596141422,0.9466462921,0,0,0
star_plus_co_correlated_control,43,5,55,65,-0.07831185247,0.8957170044,0,0,0
star_co_plus_hi_ctl01,43,0,5,15,-0.05996355227,0.7890226813,0,0.001138303927,0
star_co_plus_hi_ctl01,43,1,15,25,-0.03329769872,0.9194846907,0,0.001138303927,0
star_co_plus_hi_ctl01,43,2,25,35,0.03250282066,0.9032018392,0,0.001138303927,0
star_co_plus_hi_ctl01,43,3,35,45,0.03236984335,0.9949549832,0,0.001138303927,0
star_co_plus_hi_ctl01,43,4,45,55,-0.01619474621,0.9466462921,0,0.001138303927,0
star_co_plus_hi_ctl01,43,5,55,65,-0.0795987173,0.8957170044,0,0.001138303927,0
star_co_plus_hi_ctl10,43,0,5,15,-0.06025030435,0.7890226813,0,0.001138303927,0
star_co_plus_hi_ctl10,43,1,15,25,-0.0331620988,0.9194846907,0,0.001138303927,0
star_co_plus_hi_ctl10,43,2,25,35,0.03211890539,0.9032018392,0,0.001138303927,0
star_co_plus_hi_ctl10,43,3,35,45,0.03333010317,0.9949549832,0,0.001138303927,0
star_co_plus_hi_ctl10,43,4,45,55,-0.01730841196,0.9466462921,0,0.001138303927,0
star_co_plus_hi_ctl10,43,5,55,65,-0.07791000915,0.8957170044,0,0.001138303927,0
star_co_plus_hi_ctl49,43,0,5,15,-0.06074102802,0.7890226813,0,0.001138303927,0
star_co_plus_hi_ctl49,43,1,15,25,-0.03278494801,0.9194846907,0,0.001138303927,0
star_co_plus_hi_ctl49,43,2,25,35,0.03250215123,0.9032018392,0,0.001138303927,0
star_co_plus_hi_ctl49,43,3,35,45,0.03498282039,0.9949549832,0,0.001138303927,0
star_co_plus_hi_ctl49,43,4,45,55,-0.01930732109,0.9466462921,0,0.001138303927,0
star_co_plus_hi_ctl49,43,5,55,65,-0.07639658069,0.8957170044,0,0.001138303927,0
star_only,44,0,5,15,-0.05914625498,0.7248715872,0,0,0
star_only,44,1,15,25,-0.03095880956,0.6601713005,0,0,0
star_only,44,2,25,35,0.03314786294,0.8326882529,0,0,0
star_only,44,3,35,45,0.003843563599,0.8816133836,0,0,0
star_only,44,4,45,55,-0.1470763604,0.9774712937,0,0,0
star_only,44,5,55,65,-0.2117529956,0.998918296,0,0,0
co_independent_only,44,0,5,15,-0.06236112834,0.7770716789,0,0,0
co_independent_only,44,1,15,25,-0.03936392132,0.8923255771,0,0,0
co_independent_only,44,2,25,35,0.03724302754,0.931726178,0,0,0
co_independent_only,44,3,35,45,0.02280623115,0.9986816763,0,0,0
co_independent_only,44,4,45,55,-0.04078174965,0.9343224355,0,0,0
co_independent_only,44,5,55,65,-0.106930379,0.9762370048,0,0,0
star_plus_co_independent,44,0,5,15,-0.06109644528,0.7248715872,0,0,0
star_plus_co_independent,44,1,15,25,-0.03368808441,0.6601713005,0,0,0
star_plus_co_independent,44,2,25,35,0.03698688115,0.8326882529,0,0,0
star_plus_co_independent,44,3,35,45,0.005026645875,0.8816133836,0,0,0
star_plus_co_independent,44,4,45,55,-0.1377222065,0.9774712937,0,0,0
star_plus_co_independent,44,5,55,65,-0.2127023792,0.998918296,0,0,0
star_plus_co_correlated_control,44,0,5,15,-0.06221166396,0.7248715872,0,0.08935685828,0
star_plus_co_correlated_control,44,1,15,25,-0.03377519666,0.6601713005,0,0.08935685828,0
star_plus_co_correlated_control,44,2,25,35,0.03911797631,0.8326882529,0,0.08935685828,0
star_plus_co_correlated_control,44,3,35,45,0.0003214947642,0.8816133836,0,0.08935685828,0
star_plus_co_correlated_control,44,4,45,55,-0.1549597531,0.9774712937,0,0.08935685828,0
star_plus_co_correlated_control,44,5,55,65,-0.2314861768,0.998918296,0,0.08935685828,0
star_co_plus_hi_ctl01,44,0,5,15,-0.06134978152,0.7248715872,0,0,0
star_co_plus_hi_ctl01,44,1,15,25,-0.03352077741,0.6601713005,0,0,0
star_co_plus_hi_ctl01,44,2,25,35,0.0381255357,0.8326882529,0,0,0
star_co_plus_hi_ctl01,44,3,35,45,0.005322848788,0.8816133836,0,0,0
star_co_plus_hi_ctl01,44,4,45,55,-0.1367155171,0.9774712937,0,0,0
star_co_plus_hi_ctl01,44,5,55,65,-0.2120376278,0.998918296,0,0,0
star_co_plus_hi_ctl10,44,0,5,15,-0.06203336434,0.7248715872,0,0,0
star_co_plus_hi_ctl10,44,1,15,25,-0.03306962424,0.6601713005,0,0,0
star_co_plus_hi_ctl10,44,2,25,35,0.04119494779,0.8326882529,0,0,0
star_co_plus_hi_ctl10,44,3,35,45,0.005123359741,0.8816133836,0,0,0
star_co_plus_hi_ctl10,44,4,45,55,-0.1340076098,0.9774712937,0,0,0
star_co_plus_hi_ctl10,44,5,55,65,-0.2102525,0.998918296,0,0,0
star_co_plus_hi_ctl49,44,0,5,15,-0.06320701569,0.7248715872,0,0,0
star_co_plus_hi_ctl49,44,1,15,25,-0.03229603278,0.6601713005,0,0,0
star_co_plus_hi_ctl49,44,2,25,35,0.04632737037,0.8326882529,0,0,0
star_co_plus_hi_ctl49,44,3,35,45,0.004783280263,0.8816133836,0,0,0
star_co_plus_hi_ctl49,44,4,45,55,-0.1293869438,0.9774712937,0,0,0
star_co_plus_hi_ctl49,44,5,55,65,-0.2072164652,0.998918296,0,0,0
star_only,45,0,5,15,-0.06076647631,0.8382609377,0,0,0
star_only,45,1,15,25,-0.03401372916,0.9912927259,0,0,0
star_only,45,2,25,35,0.03199854237,0.960270417,0,0,0
star_only,45,3,35,45,0.03245669674,0.9990163038,0,0,0
star_only,45,4,45,55,-0.04734776201,0.9122375408,0,0,0
star_only,45,5,55,65,-0.09123670647,0.9880068864,0,0,0
co_independent_only,45,0,5,15,-0.06320124133,0.7770716789,0,0.003984063745,0
co_independent_only,45,1,15,25,-0.03803324789,0.8923255771,0,0.003984063745,0
co_independent_only,45,2,25,35,0.0381906899,0.931726178,0,0.003984063745,0
co_independent_only,45,3,35,45,0.023394661,0.9986816763,0,0.003984063745,0
co_independent_only,45,4,45,55,-0.03879158858,0.9343224355,0,0.003984063745,0
co_independent_only,45,5,55,65,-0.09837473518,0.9762370048,0,0.003984063745,0
star_plus_co_independent,45,0,5,15,-0.06373712945,0.8382609377,0,0.003984063745,0
star_plus_co_independent,45,1,15,25,-0.03552747371,0.9912927259,0,0.003984063745,0
star_plus_co_independent,45,2,25,35,0.03520996922,0.960270417,0,0.003984063745,0
star_plus_co_independent,45,3,35,45,0.03150229707,0.9990163038,0,0.003984063745,0
star_plus_co_independent,45,4,45,55,-0.04608003545,0.9122375408,0,0.003984063745,0
star_plus_co_independent,45,5,55,65,-0.09045472625,0.9880068864,0,0.003984063745,0
star_plus_co_correlated_control,45,0,5,15,-0.05971855375,0.8382609377,0,0,0
star_plus_co_correlated_control,45,1,15,25,-0.03267081586,0.9912927259,0,0,0
star_plus_co_correlated_control,45,2,25,35,0.03009548253,0.960270417,0,0,0
star_plus_co_correlated_control,45,3,35,45,0.03314958677,0.9990163038,0,0,0
star_plus_co_correlated_control,45,4,45,55,-0.04665374044,0.9122375408,0,0,0
star_plus_co_correlated_control,45,5,55,65,-0.08960153326,0.9880068864,0,0,0
star_co_plus_hi_ctl01,45,0,5,15,-0.0641617202,0.8382609377,0,0.003984063745,0
star_co_plus_hi_ctl01,45,1,15,25,-0.03579165219,0.9912927259,0,0.003984063745,0
star_co_plus_hi_ctl01,45,2,25,35,0.03569508956,0.960270417,0,0.003984063745,0
star_co_plus_hi_ctl01,45,3,35,45,0.03136628849,0.9990163038,0,0.003984063745,0
star_co_plus_hi_ctl01,45,4,45,55,-0.04640125436,0.9122375408,0,0.003984063745,0
star_co_plus_hi_ctl01,45,5,55,65,-0.09029760362,0.9880068864,0,0.003984063745,0
star_co_plus_hi_ctl10,45,0,5,15,-0.06530571384,0.8382609377,0,0.003984063745,0
star_co_plus_hi_ctl10,45,1,15,25,-0.0365039234,0.9912927259,0,0.003984063745,0
star_co_plus_hi_ctl10,45,2,25,35,0.03699838932,0.960270417,0,0.003984063745,0
star_co_plus_hi_ctl10,45,3,35,45,0.03099850673,0.9990163038,0,0.003984063745,0
star_co_plus_hi_ctl10,45,4,45,55,-0.04726655944,0.9122375408,0,0.003984063745,0
star_co_plus_hi_ctl10,45,5,55,65,-0.09160653283,0.9880068864,0,0.003984063745,0
star_co_plus_hi_ctl49,45,0,5,15,-0.06726412279,0.8382609377,0,0.003984063745,0
star_co_plus_hi_ctl49,45,1,15,25,-0.03772489495,0.9912927259,0,0.003984063745,0
star_co_plus_hi_ctl49,45,2,25,35,0.03970801009,0.960270417,0,0.003984063745,0
star_co_plus_hi_ctl49,45,3,35,45,0.03069705451,0.9990163038,0,0.003984063745,0
star_co_plus_hi_ctl49,45,4,45,55,-0.04782238258,0.9122375408,0,0.003984063745,0
star_co_plus_hi_ctl49,45,5,55,65,-0.09325324202,0.9880068864,0,0.003984063745,0
star_only,46,0,5,15,-0.05993377763,0.8121207564,0.02105862265,0,0
star_only,46,1,15,25,-0.0327501338,0.923810278,0.02105862265,0,0
star_only,46,2,25,35,0.03471940857,0.9408755003,0.02105862265,0,0
star_only,46,3,35,45,0.018058207,0.9999519041,0.02105862265,0,0
star_only,46,4,45,55,-0.07183977787,0.9884379701,0.02105862265,0,0
star_only,46,5,55,65,-0.1470087137,0.9635757339,0.02105862265,0,0
co_independent_only,46,0,5,15,-0.05649941037,0.7770716789,0,0.01821286283,0
co_independent_only,46,1,15,25,-0.03275571192,0.8923255771,0,0.01821286283,0
co_independent_only,46,2,25,35,0.02967364964,0.931726178,0,0.01821286283,0
co_independent_only,46,3,35,45,0.02704055246,0.9986816763,0,0.01821286283,0
co_independent_only,46,4,45,55,-0.03939754945,0.9343224355,0,0.01821286283,0
co_independent_only,46,5,55,65,-0.09842270148,0.9762370048,0,0.01821286283,0
star_plus_co_independent,46,0,5,15,-0.05618689302,0.8121207564,0.02105862265,0.01821286283,0
star_plus_co_independent,46,1,15,25,-0.03010324286,0.923810278,0.02105862265,0.01821286283,0
star_plus_co_independent,46,2,25,35,0.0297549232,0.9408755003,0.02105862265,0.01821286283,0
star_plus_co_independent,46,3,35,45,0.02005660359,0.9999519041,0.02105862265,0.01821286283,0
star_plus_co_independent,46,4,45,55,-0.07156207169,0.9884379701,0.02105862265,0.01821286283,0
star_plus_co_independent,46,5,55,65,-0.1457187743,0.9635757339,0.02105862265,0.01821286283,0
star_plus_co_correlated_control,46,0,5,15,-0.06098855899,0.8121207564,0.02105862265,0.03187250996,0
star_plus_co_correlated_control,46,1,15,25,-0.03376747287,0.923810278,0.02105862265,0.03187250996,0
star_plus_co_correlated_control,46,2,25,35,0.03683809731,0.9408755003,0.02105862265,0.03187250996,0
star_plus_co_correlated_control,46,3,35,45,0.0169735448,0.9999519041,0.02105862265,0.03187250996,0
star_plus_co_correlated_control,46,4,45,55,-0.07302880587,0.9884379701,0.02105862265,0.03187250996,0
star_plus_co_correlated_control,46,5,55,65,-0.1512857154,0.9635757339,0.02105862265,0.03187250996,0
star_co_plus_hi_ctl01,46,0,5,15,-0.0562101134,0.8121207564,0.02105862265,0.01821286283,0
star_co_plus_hi_ctl01,46,1,15,25,-0.02990202993,0.923810278,0.02105862265,0.01821286283,0
star_co_plus_hi_ctl01,46,2,25,35,0.02969896273,0.9408755003,0.02105862265,0.01821286283,0
star_co_plus_hi_ctl01,46,3,35,45,0.01954977066,0.9999519041,0.02105862265,0.01821286283,0
star_co_plus_hi_ctl01,46,4,45,55,-0.0713603123,0.9884379701,0.02105862265,0.01821286283,0
star_co_plus_hi_ctl01,46,5,55,65,-0.1455252331,0.9635757339,0.02105862265,0.01821286283,0
star_co_plus_hi_ctl10,46,0,5,15,-0.05627266009,0.8121207564,0.02105862265,0.01821286283,0
star_co_plus_hi_ctl10,46,1,15,25,-0.02936155164,0.923810278,0.02105862265,0.01821286283,0
star_co_plus_hi_ctl10,46,2,25,35,0.02941663387,0.9408755003,0.02105862265,0.01821286283,0
star_co_plus_hi_ctl10,46,3,35,45,0.01818713396,0.9999519041,0.02105862265,0.01821286283,0
star_co_plus_hi_ctl10,46,4,45,55,-0.07119558738,0.9884379701,0.02105862265,0.01821286283,0
star_co_plus_hi_ctl10,46,5,55,65,-0.1444521535,0.9635757339,0.02105862265,0.01821286283,0
star_co_plus_hi_ctl49,46,0,5,15,-0.05637967509,0.8121207564,0.02105862265,0.01821286283,0
star_co_plus_hi_ctl49,46,1,15,25,-0.02844188439,0.923810278,0.02105862265,0.01821286283,0
star_co_plus_hi_ctl49,46,2,25,35,0.02893319334,0.9408755003,0.02105862265,0.01821286283,0
star_co_plus_hi_ctl49,46,3,35,45,0.01586429908,0.9999519041,0.02105862265,0.01821286283,0
star_co_plus_hi_ctl49,46,4,45,55,-0.07091556243,0.9884379701,0.02105862265,0.01821286283,0
star_co_plus_hi_ctl49,46,5,55,65,-0.1419150786,0.9635757339,0.02105862265,0.01821286283,0
star_only,47,0,5,15,-0.06101358827,0.7141381246,0.0005691519636,0,0
star_only,47,1,15,25,-0.03530894742,0.755151326,0.0005691519636,0,0
star_only,47,2,25,35,0.03470569687,0.8231556372,0.0005691519636,0,0
star_only,47,3,35,45,0.02263739272,0.873025033,0.0005691519636,0,0
star_only,47,4,45,55,-0.06146556005,0.8570357832,0.0005691519636,0,0
star_only,47,5,55,65,-0.1683619517,0.8059664235,0.0005691519636,0,0
co_independent_only,47,0,5,15,-0.058985734,0.7770716789,0,0.001707455891,0
co_independent_only,47,1,15,25,-0.0336412413,0.8923255771,0,0.001707455891,0
co_independent_only,47,2,25,35,0.03197594389,0.931726178,0,0.001707455891,0
co_independent_only,47,3,35,45,0.02537124484,0.9986816763,0,0.001707455891,0
co_independent_only,47,4,45,55,-0.03901296833,0.9343224355,0,0.001707455891,0
co_independent_only,47,5,55,65,-0.08806834387,0.9762370048,0,0.001707455891,0
star_plus_co_independent,47,0,5,15,-0.05961664454,0.7141381246,0.0005691519636,0.001707455891,0
star_plus_co_independent,47,1,15,25,-0.03289612128,0.755151326,0.0005691519636,0.001707455891,0
star_plus_co_independent,47,2,25,35,0.03187260512,0.8231556372,0.0005691519636,0.001707455891,0
star_plus_co_independent,47,3,35,45,0.02303065886,0.873025033,0.0005691519636,0.001707455891,0
star_plus_co_independent,47,4,45,55,-0.06166936739,0.8570357832,0.0005691519636,0.001707455891,0
star_plus_co_independent,47,5,55,65,-0.1602391838,0.8059664235,0.0005691519636,0.001707455891,0
star_plus_co_correlated_control,47,0,5,15,-0.05630912777,0.7141381246,0.0005691519636,0,0
star_plus_co_correlated_control,47,1,15,25,-0.02874499805,0.755151326,0.0005691519636,0,0
star_plus_co_correlated_control,47,2,25,35,0.02462434805,0.8231556372,0.0005691519636,0,0
star_plus_co_correlated_control,47,3,35,45,0.02558061541,0.873025033,0.0005691519636,0,0
star_plus_co_correlated_control,47,4,45,55,-0.05887133703,0.8570357832,0.0005691519636,0,0
star_plus_co_correlated_control,47,5,55,65,-0.1513566432,0.8059664235,0.0005691519636,0,0
star_co_plus_hi_ctl01,47,0,5,15,-0.05952605147,0.7141381246,0.0005691519636,0.001707455891,0
star_co_plus_hi_ctl01,47,1,15,25,-0.03275491897,0.755151326,0.0005691519636,0.001707455891,0
star_co_plus_hi_ctl01,47,2,25,35,0.03184819444,0.8231556372,0.0005691519636,0.001707455891,0
star_co_plus_hi_ctl01,47,3,35,45,0.02352909773,0.873025033,0.0005691519636,0.001707455891,0
star_co_plus_hi_ctl01,47,4,45,55,-0.06129249839,0.8570357832,0.0005691519636,0.001707455891,0
star_co_plus_hi_ctl01,47,5,55,65,-0.1586933673,0.8059664235,0.0005691519636,0.001707455891,0
star_co_plus_hi_ctl10,47,0,5,15,-0.05928272045,0.7141381246,0.0005691519636,0.001707455891,0
star_co_plus_hi_ctl10,47,1,15,25,-0.03237550899,0.755151326,0.0005691519636,0.001707455891,0
star_co_plus_hi_ctl10,47,2,25,35,0.03178252489,0.8231556372,0.0005691519636,0.001707455891,0
star_co_plus_hi_ctl10,47,3,35,45,0.02486936577,0.873025033,0.0005691519636,0.001707455891,0
star_co_plus_hi_ctl10,47,4,45,55,-0.06055262404,0.8570357832,0.0005691519636,0.001707455891,0
star_co_plus_hi_ctl10,47,5,55,65,-0.1545349907,0.8059664235,0.0005691519636,0.001707455891,0
star_co_plus_hi_ctl49,47,0,5,15,-0.05886870973,0.7141381246,0.0005691519636,0.001707455891,0
star_co_plus_hi_ctl49,47,1,15,25,-0.03172948773,0.755151326,0.0005691519636,0.001707455891,0
star_co_plus_hi_ctl49,47,2,25,35,0.03157898549,0.8231556372,0.0005691519636,0.001707455891,0
star_co_plus_hi_ctl49,47,3,35,45,0.02715469122,0.873025033,0.0005691519636,0.001707455891,0
star_co_plus_hi_ctl49,47,4,45,55,-0.06067658226,0.8570357832,0.0005691519636,0.001707455891,0
star_co_plus_hi_ctl49,47,5,55,65,-0.1469998079,0.8059664235,0.0005691519636,0.001707455891,0
star_only,48,0,5,15,-0.06106340916,0.788762084,0.00796812749,0,0
star_only,48,1,15,25,-0.03162606593,0.8974473629,0.00796812749,0,0
star_only,48,2,25,35,0.033751801,0.9427888951,0.00796812749,0,0
star_only,48,3,35,45,0.0263475179,0.9444335425,0.00796812749,0,0
star_only,48,4,45,55,-0.03633306659,0.9158935942,0.00796812749,0,0
star_only,48,5,55,65,-0.05247450423,0.9931598776,0.00796812749,0,0
co_independent_only,48,0,5,15,-0.05837864471,0.7770716789,0,0.005122367672,0
co_independent_only,48,1,15,25,-0.03772555869,0.8923255771,0,0.005122367672,0
co_independent_only,48,2,25,35,0.02740164181,0.931726178,0,0.005122367672,0
co_independent_only,48,3,35,45,0.0156115413,0.9986816763,0,0.005122367672,0
co_independent_only,48,4,45,55,-0.04795148381,0.9343224355,0,0.005122367672,0
co_independent_only,48,5,55,65,-0.106417358,0.9762370048,0,0.005122367672,0
star_plus_co_independent,48,0,5,15,-0.05931706426,0.788762084,0.00796812749,0.005122367672,0
star_plus_co_independent,48,1,15,25,-0.0339828366,0.8974473629,0.00796812749,0.005122367672,0
star_plus_co_independent,48,2,25,35,0.02558115608,0.9427888951,0.00796812749,0.005122367672,0
star_plus_co_independent,48,3,35,45,0.01744231302,0.9444335425,0.00796812749,0.005122367672,0
star_plus_co_independent,48,4,45,55,-0.04438651468,0.9158935942,0.00796812749,0.005122367672,0
star_plus_co_independent,48,5,55,65,-0.06062119603,0.9931598776,0.00796812749,0.005122367672,0
star_plus_co_correlated_control,48,0,5,15,-0.05849291028,0.788762084,0.00796812749,0,0
star_plus_co_correlated_control,48,1,15,25,-0.02851240274,0.8974473629,0.00796812749,0,0
star_plus_co_correlated_control,48,2,25,35,0.02868179454,0.9427888951,0.00796812749,0,0
star_plus_co_correlated_control,48,3,35,45,0.02835207871,0.9444335425,0.00796812749,0,0
star_plus_co_correlated_control,48,4,45,55,-0.03586331642,0.9158935942,0.00796812749,0,0
star_plus_co_correlated_control,48,5,55,65,-0.05246003911,0.9931598776,0.00796812749,0,0
star_co_plus_hi_ctl01,48,0,5,15,-0.05893127954,0.788762084,0.00796812749,0.005122367672,0
star_co_plus_hi_ctl01,48,1,15,25,-0.03363009351,0.8974473629,0.00796812749,0.005122367672,0
star_co_plus_hi_ctl01,48,2,25,35,0.02502055648,0.9427888951,0.00796812749,0.005122367672,0
star_co_plus_hi_ctl01,48,3,35,45,0.0171708274,0.9444335425,0.00796812749,0.005122367672,0
star_co_plus_hi_ctl01,48,4,45,55,-0.04415775865,0.9158935942,0.00796812749,0.005122367672,0
star_co_plus_hi_ctl01,48,5,55,65,-0.06012798225,0.9931598776,0.00796812749,0.005122367672,0
star_co_plus_hi_ctl10,48,0,5,15,-0.0578938515,0.788762084,0.00796812749,0.005122367672,0
star_co_plus_hi_ctl10,48,1,15,25,-0.03267952434,0.8974473629,0.00796812749,0.005122367672,0
star_co_plus_hi_ctl10,48,2,25,35,0.02351194366,0.9427888951,0.00796812749,0.005122367672,0
star_co_plus_hi_ctl10,48,3,35,45,0.01619187784,0.9444335425,0.00796812749,0.005122367672,0
star_co_plus_hi_ctl10,48,4,45,55,-0.04354185957,0.9158935942,0.00796812749,0.005122367672,0
star_co_plus_hi_ctl10,48,5,55,65,-0.06007894302,0.9931598776,0.00796812749,0.005122367672,0
star_co_plus_hi_ctl49,48,0,5,15,-0.05612464548,0.788762084,0.00796812749,0.005122367672,0
star_co_plus_hi_ctl49,48,1,15,25,-0.03105171513,0.8974473629,0.00796812749,0.005122367672,0
star_co_plus_hi_ctl49,48,2,25,35,0.02093552428,0.9427888951,0.00796812749,0.005122367672,0
star_co_plus_hi_ctl49,48,3,35,45,0.0145289445,0.9444335425,0.00796812749,0.005122367672,0
star_co_plus_hi_ctl49,48,4,45,55,-0.04248902284,0.9158935942,0.00796812749,0.005122367672,0
star_co_plus_hi_ctl49,48,5,55,65,-0.05916612507,0.9931598776,0.00796812749,0.005122367672,0
star_only,49,0,5,15,-0.06025917696,0.834375101,0,0,0
star_only,49,1,15,25,-0.0337066746,0.9276026764,0,0,0
star_only,49,2,25,35,0.03375037255,0.956169231,0,0,0
star_only,49,3,35,45,0.02788115744,0.9870427038,0,0,0
star_only,49,4,45,55,-0.03909609325,0.9540068046,0,0,0
star_only,49,5,55,65,-0.09468459648,0.9449525571,0,0,0
co_independent_only,49,0,5,15,-0.06201046252,0.7770716789,0,0,0
co_independent_only,49,1,15,25,-0.03564290364,0.8923255771,0,0,0
co_independent_only,49,2,25,35,0.0391756428,0.931726178,0,0,0
co_independent_only,49,3,35,45,0.02458348842,0.9986816763,0,0,0
co_independent_only,49,4,45,55,-0.04548791514,0.9343224355,0,0,0
co_independent_only,49,5,55,65,-0.1064840807,0.9762370048,0,0,0
star_plus_co_independent,49,0,5,15,-0.06197852022,0.834375101,0,0,0
star_plus_co_independent,49,1,15,25,-0.03264104758,0.9276026764,0,0,0
star_plus_co_independent,49,2,25,35,0.03762285527,0.956169231,0,0,0
star_plus_co_independent,49,3,35,45,0.02699398001,0.9870427038,0,0,0
star_plus_co_independent,49,4,45,55,-0.04466566334,0.9540068046,0,0,0
star_plus_co_independent,49,5,55,65,-0.1021773059,0.9449525571,0,0,0
star_plus_co_correlated_control,49,0,5,15,-0.05719804361,0.834375101,0,0,0
star_plus_co_correlated_control,49,1,15,25,-0.02962192428,0.9276026764,0,0,0
star_plus_co_correlated_control,49,2,25,35,0.02762364868,0.956169231,0,0,0
star_plus_co_correlated_control,49,3,35,45,0.03002421855,0.9870427038,0,0,0
star_plus_co_correlated_control,49,4,45,55,-0.03874314853,0.9540068046,0,0,0
star_plus_co_correlated_control,49,5,55,65,-0.09067456155,0.9449525571,0,0,0
star_co_plus_hi_ctl01,49,0,5,15,-0.0618217032,0.834375101,0,0,0
star_co_plus_hi_ctl01,49,1,15,25,-0.03252045528,0.9276026764,0,0,0
star_co_plus_hi_ctl01,49,2,25,35,0.03778759861,0.956169231,0,0,0
star_co_plus_hi_ctl01,49,3,35,45,0.02668901927,0.9870427038,0,0,0
star_co_plus_hi_ctl01,49,4,45,55,-0.04466099574,0.9540068046,0,0,0
star_co_plus_hi_ctl01,49,5,55,65,-0.1016741881,0.9449525571,0,0,0
star_co_plus_hi_ctl10,49,0,5,15,-0.06139897776,0.834375101,0,0,0
star_co_plus_hi_ctl10,49,1,15,25,-0.03219510209,0.9276026764,0,0,0
star_co_plus_hi_ctl10,49,2,25,35,0.03823163159,0.956169231,0,0,0
star_co_plus_hi_ctl10,49,3,35,45,0.02611230223,0.9870427038,0,0,0
star_co_plus_hi_ctl10,49,4,45,55,-0.04464876243,0.9540068046,0,0,0
star_co_plus_hi_ctl10,49,5,55,65,-0.1005488788,0.9449525571,0,0,0
star_co_plus_hi_ctl49,49,0,5,15,-0.06067461325,0.834375101,0,0,0
star_co_plus_hi_ctl49,49,1,15,25,-0.03163664941,0.9276026764,0,0,0
star_co_plus_hi_ctl49,49,2,25,35,0.03916119515,0.956169231,0,0,0
star_co_plus_hi_ctl49,49,3,35,45,0.02512530764,0.9870427038,0,0,0
star_co_plus_hi_ctl49,49,4,45,55,-0.04462897912,0.9540068046,0,0,0
star_co_plus_hi_ctl49,49,5,55,65,-0.09950066194,0.9449525571,0,0,0
star_only,50,0,5,15,-0.0601777004,0.7661119867,0,0,0
star_only,50,1,15,25,-0.03379058741,0.8267864844,0,0,0
star_only,50,2,25,35,0.03468127238,0.8400035977,0,0,0
star_only,50,3,35,45,0.01597812703,0.9296054673,0,0,0
star_only,50,4,45,55,-0.08374951654,0.9971561639,0,0,0
star_only,50,5,55,65,-0.2030297303,0.9976811867,0,0,0
co_independent_only,50,0,5,15,-0.05803612137,0.7770716789,0,0,0
co_independent_only,50,1,15,25,-0.03769097942,0.8923255771,0,0,0
co_independent_only,50,2,25,35,0.02957067431,0.931726178,0,0,0
co_independent_only,50,3,35,45,0.01855161199,0.9986816763,0,0,0
co_independent_only,50,4,45,55,-0.04278087845,0.9343224355,0,0,0
co_independent_only,50,5,55,65,-0.09574675681,0.9762370048,0,0,0
star_plus_co_independent,50,0,5,15,-0.05791814708,0.7661119867,0,0,0
star_plus_co_independent,50,1,15,25,-0.03571508042,0.8267864844,0,0,0
star_plus_co_independent,50,2,25,35,0.02962069094,0.8400035977,0,0,0
star_plus_co_independent,50,3,35,45,0.01004746438,0.9296054673,0,0,0
star_plus_co_independent,50,4,45,55,-0.08415841292,0.9971561639,0,0,0
star_plus_co_independent,50,5,55,65,-0.1942404759,0.9976811867,0,0,0
star_plus_co_correlated_control,50,0,5,15,-0.0611720943,0.7661119867,0,0.03016505407,0
star_plus_co_correlated_control,50,1,15,25,-0.03478021015,0.8267864844,0,0.03016505407,0
star_plus_co_correlated_control,50,2,25,35,0.03672058993,0.8400035977,0,0.03016505407,0
star_plus_co_correlated_control,50,3,35,45,0.01492449933,0.9296054673,0,0.03016505407,0
star_plus_co_correlated_control,50,4,45,55,-0.08506975078,0.9971561639,0,0.03016505407,0
star_plus_co_correlated_control,50,5,55,65,-0.2089907164,0.9976811867,0,0.03016505407,0
star_co_plus_hi_ctl01,50,0,5,15,-0.05782245905,0.7661119867,0,0,0
star_co_plus_hi_ctl01,50,1,15,25,-0.03549281415,0.8267864844,0,0,0
star_co_plus_hi_ctl01,50,2,25,35,0.028978009,0.8400035977,0,0,0
star_co_plus_hi_ctl01,50,3,35,45,0.00939799464,0.9296054673,0,0,0
star_co_plus_hi_ctl01,50,4,45,55,-0.08453912073,0.9971561639,0,0,0
star_co_plus_hi_ctl01,50,5,55,65,-0.1942981995,0.9976811867,0,0,0
star_co_plus_hi_ctl10,50,0,5,15,-0.05756512438,0.7661119867,0,0,0
star_co_plus_hi_ctl10,50,1,15,25,-0.03489540775,0.8267864844,0,0,0
star_co_plus_hi_ctl10,50,2,25,35,0.02723370619,0.8400035977,0,0,0
star_co_plus_hi_ctl10,50,3,35,45,0.007651472036,0.9296054673,0,0,0
star_co_plus_hi_ctl10,50,4,45,55,-0.08556182352,0.9971561639,0,0,0
star_co_plus_hi_ctl10,50,5,55,65,-0.1944515857,0.9976811867,0,0,0
star_co_plus_hi_ctl49,50,0,5,15,-0.05712621691,0.7661119867,0,0,0
star_co_plus_hi_ctl49,50,1,15,25,-0.03387760661,0.8267864844,0,0,0
star_co_plus_hi_ctl49,50,2,25,35,0.02425369102,0.8400035977,0,0,0
star_co_plus_hi_ctl49,50,3,35,45,0.004672941527,0.9296054673,0,0,0
star_co_plus_hi_ctl49,50,4,45,55,-0.08730231887,0.9971561639,0,0,0
star_co_plus_hi_ctl49,50,5,55,65,-0.1946400418,0.9976811867,0,0,0
star_only,51,0,5,15,-0.05844978435,0.813967585,0.01935116676,0,0
star_only,51,1,15,25,-0.02803846176,0.7182365886,0.01935116676,0,0
star_only,51,2,25,35,0.03465071214,0.9048017522,0.01935116676,0,0
star_only,51,3,35,45,0.0203988598,0.9995296039,0.01935116676,0,0
star_only,51,4,45,55,-0.1225420148,0.9979908728,0.01935116676,0,0
star_only,51,5,55,65,-0.1253558416,0.9985904076,0.01935116676,0,0
co_independent_only,51,0,5,15,-0.06145324435,0.7770716789,0,0.002276607854,0
co_independent_only,51,1,15,25,-0.03862071174,0.8923255771,0,0.002276607854,0
co_independent_only,51,2,25,35,0.03216354735,0.931726178,0,0.002276607854,0
co_independent_only,51,3,35,45,0.02445491536,0.9986816763,0,0.002276607854,0
co_independent_only,51,4,45,55,-0.03869814967,0.9343224355,0,0.002276607854,0
co_independent_only,51,5,55,65,-0.09288381292,0.9762370048,0,0.002276607854,0
star_plus_co_independent,51,0,5,15,-0.05948870633,0.813967585,0.01935116676,0.002276607854,0
star_plus_co_independent,51,1,15,25,-0.03006660553,0.7182365886,0.01935116676,0.002276607854,0
star_plus_co_independent,51,2,25,35,0.03189518755,0.9048017522,0.01935116676,0.002276607854,0
star_plus_co_independent,51,3,35,45,0.02044784555,0.9995296039,0.01935116676,0.002276607854,0
star_plus_co_independent,51,4,45,55,-0.1224626542,0.9979908728,0.01935116676,0.002276607854,0
star_plus_co_independent,51,5,55,65,-0.1186394313,0.9985904076,0.01935116676,0.002276607854,0
star_plus_co_correlated_control,51,0,5,15,-0.05926457833,0.813967585,0.01935116676,0.02618099032,0
star_plus_co_correlated_control,51,1,15,25,-0.02871404364,0.7182365886,0.01935116676,0.02618099032,0
star_plus_co_correlated_control,51,2,25,35,0.03637496178,0.9048017522,0.01935116676,0.02618099032,0
star_plus_co_correlated_control,51,3,35,45,0.01957556136,0.9995296039,0.01935116676,0.02618099032,0
star_plus_co_correlated_control,51,4,45,55,-0.1242286852,0.9979908728,0.01935116676,0.02618099032,0
star_plus_co_correlated_control,51,5,55,65,-0.1279900291,0.9985904076,0.01935116676,0.02618099032,0
star_co_plus_hi_ctl01,51,0,5,15,-0.05948639653,0.813967585,0.01935116676,0.002276607854,0
star_co_plus_hi_ctl01,51,1,15,25,-0.0305284431,0.7182365886,0.01935116676,0.002276607854,0
star_co_plus_hi_ctl01,51,2,25,35,0.03120111742,0.9048017522,0.01935116676,0.002276607854,0
star_co_plus_hi_ctl01,51,3,35,45,0.01962228665,0.9995296039,0.01935116676,0.002276607854,0
star_co_plus_hi_ctl01,51,4,45,55,-0.1234334161,0.9979908728,0.01935116676,0.002276607854,0
star_co_plus_hi_ctl01,51,5,55,65,-0.1184743795,0.9985904076,0.01935116676,0.002276607854,0
star_co_plus_hi_ctl10,51,0,5,15,-0.05948017583,0.813967585,0.01935116676,0.002276607854,0
star_co_plus_hi_ctl10,51,1,15,25,-0.03153414575,0.7182365886,0.01935116676,0.002276607854,0
star_co_plus_hi_ctl10,51,2,25,35,0.02917931125,0.9048017522,0.01935116676,0.002276607854,0
star_co_plus_hi_ctl10,51,3,35,45,0.01739613159,0.9995296039,0.01935116676,0.002276607854,0
star_co_plus_hi_ctl10,51,4,45,55,-0.1265591616,0.9979908728,0.01935116676,0.002276607854,0
star_co_plus_hi_ctl10,51,5,55,65,-0.1180366142,0.9985904076,0.01935116676,0.002276607854,0
star_co_plus_hi_ctl49,51,0,5,15,-0.05946953578,0.813967585,0.01935116676,0.002276607854,0
star_co_plus_hi_ctl49,51,1,15,25,-0.03255839132,0.7182365886,0.01935116676,0.002276607854,0
star_co_plus_hi_ctl49,51,2,25,35,0.02580697819,0.9048017522,0.01935116676,0.002276607854,0
star_co_plus_hi_ctl49,51,3,35,45,0.01443195788,0.9995296039,0.01935116676,0.002276607854,0
star_co_plus_hi_ctl49,51,4,45,55,-0.1324215691,0.9979908728,0.01935116676,0.002276607854,0
star_co_plus_hi_ctl49,51,5,55,65,-0.117310509,0.9985904076,0.01935116676,0.002276607854,0
star_only,52,0,5,15,-0.06083748821,0.81600788,0,0,0
star_only,52,1,15,25,-0.03508624166,0.9561762478,0,0,0
star_only,52,2,25,35,0.03410550619,0.9326013975,0,0,0
star_only,52,3,35,45,0.02529424339,0.9944212168,0,0,0
star_only,52,4,45,55,-0.04499946373,0.9968849315,0,0,0
star_only,52,5,55,65,-0.1216713303,0.991375783,0,0,0
co_independent_only,52,0,5,15,-0.06264778174,0.7770716789,0,0.005122367672,0
co_independent_only,52,1,15,25,-0.04316076768,0.8923255771,0,0.005122367672,0
co_independent_only,52,2,25,35,0.02968583088,0.931726178,0,0.005122367672,0
co_independent_only,52,3,35,45,0.02214276372,0.9986816763,0,0.005122367672,0
co_independent_only,52,4,45,55,-0.04131844207,0.9343224355,0,0.005122367672,0
co_independent_only,52,5,55,65,-0.09657233285,0.9762370048,0,0.005122367672,0
star_plus_co_independent,52,0,5,15,-0.06339416651,0.81600788,0,0.005122367672,0
star_plus_co_independent,52,1,15,25,-0.04201548882,0.9561762478,0,0.005122367672,0
star_plus_co_independent,52,2,25,35,0.02802807823,0.9326013975,0,0.005122367672,0
star_plus_co_independent,52,3,35,45,0.02284801308,0.9944212168,0,0.005122367672,0
star_plus_co_independent,52,4,45,55,-0.04627334152,0.9968849315,0,0.005122367672,0
star_plus_co_independent,52,5,55,65,-0.1190377295,0.991375783,0,0.005122367672,0
star_plus_co_correlated_control,52,0,5,15,-0.05883661033,0.81600788,0,0,0
star_plus_co_correlated_control,52,1,15,25,-0.03244083562,0.9561762478,0,0,0
star_plus_co_correlated_control,52,2,25,35,0.03003878327,0.9326013975,0,0,0
star_plus_co_correlated_control,52,3,35,45,0.02698347808,0.9944212168,0,0,0
star_plus_co_correlated_control,52,4,45,55,-0.04378455828,0.9968849315,0,0,0
star_plus_co_correlated_control,52,5,55,65,-0.1170679371,0.991375783,0,0,0
star_co_plus_hi_ctl01,52,0,5,15,-0.063493156,0.81600788,0,0.005122367672,0
star_co_plus_hi_ctl01,52,1,15,25,-0.04202989732,0.9561762478,0,0.005122367672,0
star_co_plus_hi_ctl01,52,2,25,35,0.02854400387,0.9326013975,0,0.005122367672,0
star_co_plus_hi_ctl01,52,3,35,45,0.0236248317,0.9944212168,0,0.005122367672,0
star_co_plus_hi_ctl01,52,4,45,55,-0.04585702129,0.9968849315,0,0.005122367672,0
star_co_plus_hi_ctl01,52,5,55,65,-0.1178085331,0.991375783,0,0.005122367672,0
star_co_plus_hi_ctl10,52,0,5,15,-0.0637603068,0.81600788,0,0.005122367672,0
star_co_plus_hi_ctl10,52,1,15,25,-0.04206896651,0.9561762478,0,0.005122367672,0
star_co_plus_hi_ctl10,52,2,25,35,0.02993341971,0.9326013975,0,0.005122367672,0
star_co_plus_hi_ctl10,52,3,35,45,0.02571733106,0.9944212168,0,0.005122367672,0
star_co_plus_hi_ctl10,52,4,45,55,-0.0447376693,0.9968849315,0,0.005122367672,0
star_co_plus_hi_ctl10,52,5,55,65,-0.1160273149,0.991375783,0,0.005122367672,0
star_co_plus_hi_ctl49,52,0,5,15,-0.06421913503,0.81600788,0,0.005122367672,0
star_co_plus_hi_ctl49,52,1,15,25,-0.04213669186,0.9561762478,0,0.005122367672,0
star_co_plus_hi_ctl49,52,2,25,35,0.03232573317,0.9326013975,0,0.005122367672,0
star_co_plus_hi_ctl49,52,3,35,45,0.02929782008,0.9944212168,0,0.005122367672,0
star_co_plus_hi_ctl49,52,4,45,55,-0.04193106171,0.9968849315,0,0.005122367672,0
star_co_plus_hi_ctl49,52,5,55,65,-0.1126686952,0.991375783,0,0.005122367672,0
star_only,53,0,5,15,-0.05927202373,0.6876806128,0.02333523051,0,0
star_only,53,1,15,25,-0.03716873065,0.5609968954,0.02333523051,0,0
star_only,53,2,25,35,0.03381409943,0.742119634,0.02333523051,0,0
star_only,53,3,35,45,0.01600612542,0.7574387352,0.02333523051,0,0
star_only,53,4,45,55,-0.1440694246,0.8164380203,0.02333523051,0,0
star_only,53,5,55,65,-0.1727014736,0.8882551537,0.02333523051,0,0
co_independent_only,53,0,5,15,-0.06147938695,0.7770716789,0,0.001707455891,0
co_independent_only,53,1,15,25,-0.03626006355,0.8923255771,0,0.001707455891,0
co_independent_only,53,2,25,35,0.03455299393,0.931726178,0,0.001707455891,0
co_independent_only,53,3,35,45,0.02446662836,0.9986816763,0,0.001707455891,0
co_independent_only,53,4,45,55,-0.03711463942,0.9343224355,0,0.001707455891,0
co_independent_only,53,5,55,65,-0.09501617995,0.9762370048,0,0.001707455891,0
star_plus_co_independent,53,0,5,15,-0.06044850104,0.6876806128,0.02333523051,0.001707455891,0
star_plus_co_independent,53,1,15,25,-0.0372980295,0.5609968954,0.02333523051,0.001707455891,0
star_plus_co_independent,53,2,25,35,0.03358879672,0.742119634,0.02333523051,0.001707455891,0
star_plus_co_independent,53,3,35,45,0.01485760797,0.7574387352,0.02333523051,0.001707455891,0
star_plus_co_independent,53,4,45,55,-0.1417807406,0.8164380203,0.02333523051,0.001707455891,0
star_plus_co_independent,53,5,55,65,-0.1695745937,0.8882551537,0.02333523051,0.001707455891,0
star_plus_co_correlated_control,53,0,5,15,-0.05982182918,0.6876806128,0.02333523051,0.01593625498,0
star_plus_co_correlated_control,53,1,15,25,-0.03779057124,0.5609968954,0.02333523051,0.01593625498,0
star_plus_co_correlated_control,53,2,25,35,0.0350845362,0.742119634,0.02333523051,0.01593625498,0
star_plus_co_correlated_control,53,3,35,45,0.01541522794,0.7574387352,0.02333523051,0.01593625498,0
star_plus_co_correlated_control,53,4,45,55,-0.1453975108,0.8164380203,0.02333523051,0.01593625498,0
star_plus_co_correlated_control,53,5,55,65,-0.175370414,0.8882551537,0.02333523051,0.01593625498,0
star_co_plus_hi_ctl01,53,0,5,15,-0.06044142379,0.6876806128,0.02333523051,0.001707455891,0
star_co_plus_hi_ctl01,53,1,15,25,-0.03741322065,0.5609968954,0.02333523051,0.001707455891,0
star_co_plus_hi_ctl01,53,2,25,35,0.03351911494,0.742119634,0.02333523051,0.001707455891,0
star_co_plus_hi_ctl01,53,3,35,45,0.01517980292,0.7574387352,0.02333523051,0.001707455891,0
star_co_plus_hi_ctl01,53,4,45,55,-0.1415368404,0.8164380203,0.02333523051,0.001707455891,0
star_co_plus_hi_ctl01,53,5,55,65,-0.1688078526,0.8882551537,0.02333523051,0.001707455891,0
star_co_plus_hi_ctl10,53,0,5,15,-0.06042245598,0.6876806128,0.02333523051,0.001707455891,0
star_co_plus_hi_ctl10,53,1,15,25,-0.03771982863,0.5609968954,0.02333523051,0.001707455891,0
star_co_plus_hi_ctl10,53,2,25,35,0.03333194718,0.742119634,0.02333523051,0.001707455891,0
star_co_plus_hi_ctl10,53,3,35,45,0.01604663965,0.7574387352,0.02333523051,0.001707455891,0
star_co_plus_hi_ctl10,53,4,45,55,-0.1408814224,0.8164380203,0.02333523051,0.001707455891,0
star_co_plus_hi_ctl10,53,5,55,65,-0.1667469393,0.8882551537,0.02333523051,0.001707455891,0
star_co_plus_hi_ctl49,53,0,5,15,-0.06039032338,0.6876806128,0.02333523051,0.001707455891,0
star_co_plus_hi_ctl49,53,1,15,25,-0.03804986848,0.5609968954,0.02333523051,0.001707455891,0
star_co_plus_hi_ctl49,53,2,25,35,0.03286569686,0.742119634,0.02333523051,0.001707455891,0
star_co_plus_hi_ctl49,53,3,35,45,0.01752631197,0.7574387352,0.02333523051,0.001707455891,0
star_co_plus_hi_ctl49,53,4,45,55,-0.1397652427,0.8164380203,0.02333523051,0.001707455891,0
star_co_plus_hi_ctl49,53,5,55,65,-0.16124737,0.8882551537,0.02333523051,0.001707455891,0
star_only,54,0,5,15,-0.06108907017,0.7599437117,0,0,0
star_only,54,1,15,25,-0.03802932207,0.9107236999,0,0,0
star_only,54,2,25,35,0.0328747033,0.9198425434,0,0,0
star_only,54,3,35,45,0.03837610996,0.9959910643,0,0,0
star_only,54,4,45,55,0.03560420588,0.8531072545,0,0,0
star_only,54,5,55,65,-0.05049218879,0.9700309203,0,0,0
co_independent_only,54,0,5,15,-0.05887595286,0.7770716789,0,0,0
co_independent_only,54,1,15,25,-0.03102207209,0.8923255771,0,0,0
co_independent_only,54,2,25,35,0.03747145486,0.931726178,0,0,0
co_independent_only,54,3,35,45,0.03143443436,0.9986816763,0,0,0
co_independent_only,54,4,45,55,-0.04029969196,0.9343224355,0,0,0
co_independent_only,54,5,55,65,-0.09638585983,0.9762370048,0,0,0
star_plus_co_independent,54,0,5,15,-0.05943331765,0.7599437117,0,0,0
star_plus_co_independent,54,1,15,25,-0.03280832277,0.9107236999,0,0,0
star_plus_co_independent,54,2,25,35,0.03632255478,0.9198425434,0,0,0
star_plus_co_independent,54,3,35,45,0.04333947301,0.9959910643,0,0,0
star_plus_co_independent,54,4,45,55,0.03512944634,0.8531072545,0,0,0
star_plus_co_independent,54,5,55,65,-0.05068547796,0.9700309203,0,0,0
star_plus_co_correlated_control,54,0,5,15,-0.06032107636,0.7599437117,0,0,0
star_plus_co_correlated_control,54,1,15,25,-0.03694426043,0.9107236999,0,0,0
star_plus_co_correlated_control,54,2,25,35,0.03142236444,0.9198425434,0,0,0
star_plus_co_correlated_control,54,3,35,45,0.0387238028,0.9959910643,0,0,0
star_plus_co_correlated_control,54,4,45,55,0.03506687334,0.8531072545,0,0,0
star_plus_co_correlated_control,54,5,55,65,-0.05018603301,0.9700309203,0,0,0
star_co_plus_hi_ctl01,54,0,5,15,-0.05945766294,0.7599437117,0,0,0
star_co_plus_hi_ctl01,54,1,15,25,-0.03260138713,0.9107236999,0,0,0
star_co_plus_hi_ctl01,54,2,25,35,0.03652018933,0.9198425434,0,0,0
star_co_plus_hi_ctl01,54,3,35,45,0.04389047825,0.9959910643,0,0,0
star_co_plus_hi_ctl01,54,4,45,55,0.03500212423,0.8531072545,0,0,0
star_co_plus_hi_ctl01,54,5,55,65,-0.05113678063,0.9700309203,0,0,0
star_co_plus_hi_ctl10,54,0,5,15,-0.05952323195,0.7599437117,0,0,0
star_co_plus_hi_ctl10,54,1,15,25,-0.0320437132,0.9107236999,0,0,0
star_co_plus_hi_ctl10,54,2,25,35,0.03696615282,0.9198425434,0,0,0
star_co_plus_hi_ctl10,54,3,35,45,0.04535865196,0.9959910643,0,0,0
star_co_plus_hi_ctl10,54,4,45,55,0.03465933552,0.8531072545,0,0,0
star_co_plus_hi_ctl10,54,5,55,65,-0.05170594952,0.9700309203,0,0,0
star_co_plus_hi_ctl49,54,0,5,15,-0.05963539286,0.7599437117,0,0,0
star_co_plus_hi_ctl49,54,1,15,25,-0.0310886295,0.9107236999,0,0,0
star_co_plus_hi_ctl49,54,2,25,35,0.03772989107,0.9198425434,0,0,0
star_co_plus_hi_ctl49,54,3,35,45,0.0478438846,0.9959910643,0,0,0
star_co_plus_hi_ctl49,54,4,45,55,0.03407694854,0.8531072545,0,0,0
star_co_plus_hi_ctl49,54,5,55,65,-0.05092053496,0.9700309203,0,0,0
star_only,55,0,5,15,-0.06055213792,0.7296746052,0.001707455891,0,0
star_only,55,1,15,25,-0.03788310235,0.8172822207,0.001707455891,0,0
star_only,55,2,25,35,0.03462974688,0.9409135768,0.001707455891,0,0
star_only,55,3,35,45,0.03073916862,0.9842832323,0.001707455891,0,0
star_only,55,4,45,55,-0.04456961605,0.8364495391,0.001707455891,0,0
star_only,55,5,55,65,-0.1616830973,0.9686307242,0.001707455891,0,0
co_independent_only,55,0,5,15,-0.0616911332,0.7770716789,0,0.01081388731,0
co_independent_only,55,1,15,25,-0.0388040744,0.8923255771,0,0.01081388731,0
co_independent_only,55,2,25,35,0.0386926488,0.931726178,0,0.01081388731,0
co_independent_only,55,3,35,45,0.02081532812,0.9986816763,0,0.01081388731,0
co_independent_only,55,4,45,55,-0.04129829779,0.9343224355,0,0.01081388731,0
co_independent_only,55,5,55,65,-0.09862319541,0.9762370048,0,0.01081388731,0
star_plus_co_independent,55,0,5,15,-0.06196248548,0.7296746052,0.001707455891,0.01081388731,0
star_plus_co_independent,55,1,15,25,-0.04064966346,0.8172822207,0.001707455891,0.01081388731,0
star_plus_co_independent,55,2,25,35,0.03881472381,0.9409135768,0.001707455891,0.01081388731,0
star_plus_co_independent,55,3,35,45,0.02656144564,0.9842832323,0.001707455891,0.01081388731,0
star_plus_co_independent,55,4,45,55,-0.04582080816,0.8364495391,0.001707455891,0.01081388731,0
star_plus_co_independent,55,5,55,65,-0.1594012282,0.9686307242,0.001707455891,0.01081388731,0
star_plus_co_correlated_control,55,0,5,15,-0.06016231906,0.7296746052,0.001707455891,0,0
star_plus_co_correlated_control,55,1,15,25,-0.03733232308,0.8172822207,0.001707455891,0,0
star_plus_co_correlated_control,55,2,25,35,0.03376389304,0.9409135768,0.001707455891,0,0
star_plus_co_correlated_control,55,3,35,45,0.03101889788,0.9842832323,0.001707455891,0,0
star_plus_co_correlated_control,55,4,45,55,-0.04432530197,0.8364495391,0.001707455891,0,0
star_plus_co_correlated_control,55,5,55,65,-0.160028222,0.9686307242,0.001707455891,0,0
star_co_plus_hi_ctl01,55,0,5,15,-0.06213698963,0.7296746052,0.001707455891,0.01081388731,0
star_co_plus_hi_ctl01,55,1,15,25,-0.04045453792,0.8172822207,0.001707455891,0.01081388731,0
star_co_plus_hi_ctl01,55,2,25,35,0.03996662341,0.9409135768,0.001707455891,0.01081388731,0
star_co_plus_hi_ctl01,55,3,35,45,0.02733835503,0.9842832323,0.001707455891,0.01081388731,0
star_co_plus_hi_ctl01,55,4,45,55,-0.04497845048,0.8364495391,0.001707455891,0.01081388731,0
star_co_plus_hi_ctl01,55,5,55,65,-0.1583846084,0.9686307242,0.001707455891,0.01081388731,0
star_co_plus_hi_ctl10,55,0,5,15,-0.06260720055,0.7296746052,0.001707455891,0.01081388731,0
star_co_plus_hi_ctl10,55,1,15,25,-0.03984493513,0.8172822207,0.001707455891,0.01081388731,0
star_co_plus_hi_ctl10,55,2,25,35,0.04306675448,0.9409135768,0.001707455891,0.01081388731,0
star_co_plus_hi_ctl10,55,3,35,45,0.02942657163,0.9842832323,0.001707455891,0.01081388731,0
star_co_plus_hi_ctl10,55,4,45,55,-0.04271647217,0.8364495391,0.001707455891,0.01081388731,0
star_co_plus_hi_ctl10,55,5,55,65,-0.1560739081,0.9686307242,0.001707455891,0.01081388731,0
star_co_plus_hi_ctl49,55,0,5,15,-0.06341228031,0.7296746052,0.001707455891,0.01081388731,0
star_co_plus_hi_ctl49,55,1,15,25,-0.03880213998,0.8172822207,0.001707455891,0.01081388731,0
star_co_plus_hi_ctl49,55,2,25,35,0.04836257638,0.9409135768,0.001707455891,0.01081388731,0
star_co_plus_hi_ctl49,55,3,35,45,0.03271144662,0.9842832323,0.001707455891,0.01081388731,0
star_co_plus_hi_ctl49,55,4,45,55,-0.03856017198,0.8364495391,0.001707455891,0.01081388731,0
star_co_plus_hi_ctl49,55,5,55,65,-0.1525804426,0.9686307242,0.001707455891,0.01081388731,0
star_only,56,0,5,15,-0.0603409809,0.8739399811,0,0,0
star_only,56,1,15,25,-0.0171608104,0.992013543,0,0,0
star_only,56,2,25,35,0.03290750744,0.9750222824,0,0,0
star_only,56,3,35,45,0.02056505853,0.924947067,0,0,0
star_only,56,4,45,55,-0.07754420862,0.8738824542,0,0,0
star_only,56,5,55,65,-0.07314727762,0.9163690448,0,0,0
co_independent_only,56,0,5,15,-0.0584413906,0.7770716789,0,0.007398975526,0
co_independent_only,56,1,15,25,-0.03397460327,0.8923255771,0,0.007398975526,0
co_independent_only,56,2,25,35,0.03211848517,0.931726178,0,0.007398975526,0
co_independent_only,56,3,35,45,0.02467626111,0.9986816763,0,0.007398975526,0
co_independent_only,56,4,45,55,-0.0458713751,0.9343224355,0,0.007398975526,0
co_independent_only,56,5,55,65,-0.1096910354,0.9762370048,0,0.007398975526,0
star_plus_co_independent,56,0,5,15,-0.0584858693,0.8739399811,0,0.007398975526,0
star_plus_co_independent,56,1,15,25,-0.01682094199,0.992013543,0,0.007398975526,0
star_plus_co_independent,56,2,25,35,0.03125556602,0.9750222824,0,0.007398975526,0
star_plus_co_independent,56,3,35,45,0.0202562516,0.924947067,0,0.007398975526,0
star_plus_co_independent,56,4,45,55,-0.08585885664,0.8738824542,0,0.007398975526,0
star_plus_co_independent,56,5,55,65,-0.08327272396,0.9163690448,0,0.007398975526,0
star_plus_co_correlated_control,56,0,5,15,-0.05757088224,0.8739399811,0,0,0
star_plus_co_correlated_control,56,1,15,25,-0.01505891578,0.992013543,0,0,0
star_plus_co_correlated_control,56,2,25,35,0.02762339648,0.9750222824,0,0,0
star_plus_co_correlated_control,56,3,35,45,0.02296810226,0.924947067,0,0,0
star_plus_co_correlated_control,56,4,45,55,-0.07569343678,0.8738824542,0,0,0
star_plus_co_correlated_control,56,5,55,65,-0.0713628372,0.9163690448,0,0,0
star_co_plus_hi_ctl01,56,0,5,15,-0.0584605932,0.8739399811,0,0.007398975526,0
star_co_plus_hi_ctl01,56,1,15,25,-0.01673908631,0.992013543,0,0.007398975526,0
star_co_plus_hi_ctl01,56,2,25,35,0.03092007556,0.9750222824,0,0.007398975526,0
star_co_plus_hi_ctl01,56,3,35,45,0.0208843107,0.924947067,0,0.007398975526,0
star_co_plus_hi_ctl01,56,4,45,55,-0.0860209052,0.8738824542,0,0.007398975526,0
star_co_plus_hi_ctl01,56,5,55,65,-0.08179344856,0.9163690448,0,0.007398975526,0
star_co_plus_hi_ctl10,56,0,5,15,-0.05839254762,0.8739399811,0,0.007398975526,0
star_co_plus_hi_ctl10,56,1,15,25,-0.01645167779,0.992013543,0,0.007398975526,0
star_co_plus_hi_ctl10,56,2,25,35,0.03001509978,0.9750222824,0,0.007398975526,0
star_co_plus_hi_ctl10,56,3,35,45,0.02257000718,0.924947067,0,0.007398975526,0
star_co_plus_hi_ctl10,56,4,45,55,-0.08646573978,0.8738824542,0,0.007398975526,0
star_co_plus_hi_ctl10,56,5,55,65,-0.07780406388,0.9163690448,0,0.007398975526,0
star_co_plus_hi_ctl49,56,0,5,15,-0.05827625247,0.8739399811,0,0.007398975526,0
star_co_plus_hi_ctl49,56,1,15,25,-0.0154286526,0.992013543,0,0.007398975526,0
star_co_plus_hi_ctl49,56,2,25,35,0.02842590734,0.9750222824,0,0.007398975526,0
star_co_plus_hi_ctl49,56,3,35,45,0.02471998977,0.924947067,0,0.007398975526,0
star_co_plus_hi_ctl49,56,4,45,55,-0.08717124973,0.8738824542,0,0.007398975526,0
star_co_plus_hi_ctl49,56,5,55,65,-0.07096184896,0.9163690448,0,0.007398975526,0
star_only,57,0,5,15,-0.05959417541,0.7684528629,0.001138303927,0,0
star_only,57,1,15,25,-0.03898015748,0.9012904853,0.001138303927,0,0
star_only,57,2,25,35,0.03471767185,0.9732908249,0.001138303927,0,0
star_only,57,3,35,45,0.02900419228,0.9706583163,0.001138303927,0,0
star_only,57,4,45,55,-0.01864097181,0.9258777969,0.001138303927,0,0
star_only,57,5,55,65,-0.1322065486,0.9889574956,0.001138303927,0,0
co_independent_only,57,0,5,15,-0.05805873776,0.7770716789,0,0.005122367672,0
co_independent_only,57,1,15,25,-0.03370184886,0.8923255771,0,0.005122367672,0
co_independent_only,57,2,25,35,0.03078777326,0.931726178,0,0.005122367672,0
co_independent_only,57,3,35,45,0.02261291038,0.9986816763,0,0.005122367672,0
co_independent_only,57,4,45,55,-0.04637003728,0.9343224355,0,0.005122367672,0
co_independent_only,57,5,55,65,-0.107458887,0.9762370048,0,0.005122367672,0
star_plus_co_independent,57,0,5,15,-0.0574178623,0.7684528629,0.001138303927,0.005122367672,0
star_plus_co_independent,57,1,15,25,-0.03626398892,0.9012904853,0.001138303927,0.005122367672,0
star_plus_co_independent,57,2,25,35,0.03083357363,0.9732908249,0.001138303927,0.005122367672,0
star_plus_co_independent,57,3,35,45,0.02706291661,0.9706583163,0.001138303927,0.005122367672,0
star_plus_co_independent,57,4,45,55,-0.0246592807,0.9258777969,0.001138303927,0.005122367672,0
star_plus_co_independent,57,5,55,65,-0.1402058064,0.9889574956,0.001138303927,0.005122367672,0
star_plus_co_correlated_control,57,0,5,15,-0.06141115284,0.7684528629,0.001138303927,0.05406943654,0
star_plus_co_correlated_control,57,1,15,25,-0.04114240107,0.9012904853,0.001138303927,0.05406943654,0
star_plus_co_correlated_control,57,2,25,35,0.03815537221,0.9732908249,0.001138303927,0.05406943654,0
star_plus_co_correlated_control,57,3,35,45,0.0275667221,0.9706583163,0.001138303927,0.05406943654,0
star_plus_co_correlated_control,57,4,45,55,-0.01902449738,0.9258777969,0.001138303927,0.05406943654,0
star_plus_co_correlated_control,57,5,55,65,-0.1391056486,0.9889574956,0.001138303927,0.05406943654,0
star_co_plus_hi_ctl01,57,0,5,15,-0.05781810869,0.7684528629,0.001138303927,0.005122367672,0
star_co_plus_hi_ctl01,57,1,15,25,-0.03714972566,0.9012904853,0.001138303927,0.005122367672,0
star_co_plus_hi_ctl01,57,2,25,35,0.03060513909,0.9732908249,0.001138303927,0.005122367672,0
star_co_plus_hi_ctl01,57,3,35,45,0.0266270107,0.9706583163,0.001138303927,0.005122367672,0
star_co_plus_hi_ctl01,57,4,45,55,-0.02547647548,0.9258777969,0.001138303927,0.005122367672,0
star_co_plus_hi_ctl01,57,5,55,65,-0.1407752398,0.9889574956,0.001138303927,0.005122367672,0
star_co_plus_hi_ctl10,57,0,5,15,-0.05889583901,0.7684528629,0.001138303927,0.005122367672,0
star_co_plus_hi_ctl10,57,1,15,25,-0.03935295925,0.9012904853,0.001138303927,0.005122367672,0
star_co_plus_hi_ctl10,57,2,25,35,0.0299909114,0.9732908249,0.001138303927,0.005122367672,0
star_co_plus_hi_ctl10,57,3,35,45,0.02545693134,0.9706583163,0.001138303927,0.005122367672,0
star_co_plus_hi_ctl10,57,4,45,55,-0.02785539538,0.9258777969,0.001138303927,0.005122367672,0
star_co_plus_hi_ctl10,57,5,55,65,-0.1424701565,0.9889574956,0.001138303927,0.005122367672,0
star_co_plus_hi_ctl49,57,0,5,15,-0.06073854639,0.7684528629,0.001138303927,0.005122367672,0
star_co_plus_hi_ctl49,57,1,15,25,-0.04274514445,0.9012904853,0.001138303927,0.005122367672,0
star_co_plus_hi_ctl49,57,2,25,35,0.02889541413,0.9732908249,0.001138303927,0.005122367672,0
star_co_plus_hi_ctl49,57,3,35,45,0.02336678207,0.9706583163,0.001138303927,0.005122367672,0
star_co_plus_hi_ctl49,57,4,45,55,-0.03074192477,0.9258777969,0.001138303927,0.005122367672,0
star_co_plus_hi_ctl49,57,5,55,65,-0.1511844184,0.9889574956,0.001138303927,0.005122367672,0
star_only,58,0,5,15,-0.05879095157,0.8275607977,0.04496300512,0,0
star_only,58,1,15,25,-0.03928243239,0.8529542169,0.04496300512,0,0
star_only,58,2,25,35,0.03464867693,0.9496808754,0.04496300512,0,0
star_only,58,3,35,45,0.02443368996,0.9399675054,0.04496300512,0,0
star_only,58,4,45,55,-0.04745712075,0.9549939145,0.04496300512,0,0
star_only,58,5,55,65,-0.04851168535,0.9850159693,0.04496300512,0,0
co_independent_only,58,0,5,15,-0.05604831047,0.7770716789,0,0,0
co_independent_only,58,1,15,25,-0.03400817487,0.8923255771,0,0,0
co_independent_only,58,2,25,35,0.02947170337,0.931726178,0,0,0
co_independent_only,58,3,35,45,0.01800956022,0.9986816763,0,0,0
co_independent_only,58,4,45,55,-0.04677295645,0.9343224355,0,0,0
co_independent_only,58,5,55,65,-0.11136056,0.9762370048,0,0,0
star_plus_co_independent,58,0,5,15,-0.05479654341,0.8275607977,0.04496300512,0,0
star_plus_co_independent,58,1,15,25,-0.03625489677,0.8529542169,0.04496300512,0,0
star_plus_co_independent,58,2,25,35,0.02934888608,0.9496808754,0.04496300512,0,0
star_plus_co_independent,58,3,35,45,0.01780981424,0.9399675054,0.04496300512,0,0
star_plus_co_independent,58,4,45,55,-0.0539524386,0.9549939145,0.04496300512,0,0
star_plus_co_independent,58,5,55,65,-0.06218950172,0.9850159693,0.04496300512,0,0
star_plus_co_correlated_control,58,0,5,15,-0.06003230293,0.8275607977,0.04496300512,0.03870233352,0
star_plus_co_correlated_control,58,1,15,25,-0.04079581405,0.8529542169,0.04496300512,0.03870233352,0
star_plus_co_correlated_control,58,2,25,35,0.03718591878,0.9496808754,0.04496300512,0.03870233352,0
star_plus_co_correlated_control,58,3,35,45,0.02329417134,0.9399675054,0.04496300512,0.03870233352,0
star_plus_co_correlated_control,58,4,45,55,-0.04835274918,0.9549939145,0.04496300512,0.03870233352,0
star_plus_co_correlated_control,58,5,55,65,-0.04942100312,0.9850159693,0.04496300512,0.03870233352,0
star_co_plus_hi_ctl01,58,0,5,15,-0.05494200017,0.8275607977,0.04496300512,0,0
star_co_plus_hi_ctl01,58,1,15,25,-0.03629751855,0.8529542169,0.04496300512,0,0
star_co_plus_hi_ctl01,58,2,25,35,0.02973833957,0.9496808754,0.04496300512,0,0
star_co_plus_hi_ctl01,58,3,35,45,0.01834987236,0.9399675054,0.04496300512,0,0
star_co_plus_hi_ctl01,58,4,45,55,-0.05353825641,0.9549939145,0.04496300512,0,0
star_co_plus_hi_ctl01,58,5,55,65,-0.06252097044,0.9850159693,0.04496300512,0,0
star_co_plus_hi_ctl10,58,0,5,15,-0.05533343696,0.8275607977,0.04496300512,0,0
star_co_plus_hi_ctl10,58,1,15,25,-0.03641237863,0.8529542169,0.04496300512,0,0
star_co_plus_hi_ctl10,58,2,25,35,0.03078550059,0.9496808754,0.04496300512,0,0
star_co_plus_hi_ctl10,58,3,35,45,0.01980335833,0.9399675054,0.04496300512,0,0
star_co_plus_hi_ctl10,58,4,45,55,-0.05242406243,0.9549939145,0.04496300512,0,0
star_co_plus_hi_ctl10,58,5,55,65,-0.06341248791,0.9850159693,0.04496300512,0,0
star_co_plus_hi_ctl49,58,0,5,15,-0.05600193893,0.8275607977,0.04496300512,0,0
star_co_plus_hi_ctl49,58,1,15,25,-0.03660903015,0.8529542169,0.04496300512,0,0
star_co_plus_hi_ctl49,58,2,25,35,0.03257085861,0.9496808754,0.04496300512,0,0
star_co_plus_hi_ctl49,58,3,35,45,0.02228613269,0.9399675054,0.04496300512,0,0
star_co_plus_hi_ctl49,58,4,45,55,-0.05052258958,0.9549939145,0.04496300512,0,0
star_co_plus_hi_ctl49,58,5,55,65,-0.06296621946,0.9850159693,0.04496300512,0,0
star_only,59,0,5,15,-0.05981797183,0.8221462863,0.01479795105,0,0
star_only,59,1,15,25,-0.04154760427,0.9809095326,0.01479795105,0,0
star_only,59,2,25,35,0.03405028411,0.9942694049,0.01479795105,0,0
star_only,59,3,35,45,0.04187748133,0.9160944315,0.01479795105,0,0
star_only,59,4,45,55,0.04729425462,0.8120972077,0.01479795105,0,0
star_only,59,5,55,65,-0.08895622177,0.9865206045,0.01479795105,0,0
co_independent_only,59,0,5,15,-0.06008472454,0.7770716789,0,0,0
co_independent_only,59,1,15,25,-0.03280206769,0.8923255771,0,0,0
co_independent_only,59,2,25,35,0.03965008976,0.931726178,0,0,0
co_independent_only,59,3,35,45,0.02626647082,0.9986816763,0,0,0
co_independent_only,59,4,45,55,-0.03533705455,0.9343224355,0,0,0
co_independent_only,59,5,55,65,-0.09914006307,0.9762370048,0,0,0
star_plus_co_independent,59,0,5,15,-0.05966236939,0.8221462863,0.01479795105,0,0
star_plus_co_independent,59,1,15,25,-0.03867476248,0.9809095326,0.01479795105,0,0
star_plus_co_independent,59,2,25,35,0.03874911026,0.9942694049,0.01479795105,0,0
star_plus_co_independent,59,3,35,45,0.0414629488,0.9160944315,0.01479795105,0,0
star_plus_co_independent,59,4,45,55,0.04687032275,0.8120972077,0.01479795105,0,0
star_plus_co_independent,59,5,55,65,-0.08916780387,0.9865206045,0.01479795105,0,0
star_plus_co_correlated_control,59,0,5,15,-0.05687438973,0.8221462863,0.01479795105,0,0
star_plus_co_correlated_control,59,1,15,25,-0.03695520754,0.9809095326,0.01479795105,0,0
star_plus_co_correlated_control,59,2,25,35,0.02742820748,0.9942694049,0.01479795105,0,0
star_plus_co_correlated_control,59,3,35,45,0.04278298392,0.9160944315,0.01479795105,0,0
star_plus_co_correlated_control,59,4,45,55,0.04426843667,0.8120972077,0.01479795105,0,0
star_plus_co_correlated_control,59,5,55,65,-0.08558883287,0.9865206045,0.01479795105,0,0
star_co_plus_hi_ctl01,59,0,5,15,-0.06009049793,0.8221462863,0.01479795105,0,0
star_co_plus_hi_ctl01,59,1,15,25,-0.03926284515,0.9809095326,0.01479795105,0,0
star_co_plus_hi_ctl01,59,2,25,35,0.04006316058,0.9942694049,0.01479795105,0,0
star_co_plus_hi_ctl01,59,3,35,45,0.0413130813,0.9160944315,0.01479795105,0,0
star_co_plus_hi_ctl01,59,4,45,55,0.04681537021,0.8120972077,0.01479795105,0,0
star_co_plus_hi_ctl01,59,5,55,65,-0.08882558514,0.9865206045,0.01479795105,0,0
star_co_plus_hi_ctl10,59,0,5,15,-0.06124048597,0.8221462863,0.01479795105,0,0
star_co_plus_hi_ctl10,59,1,15,25,-0.04068185219,0.9809095326,0.01479795105,0,0
star_co_plus_hi_ctl10,59,2,25,35,0.04293693984,0.9942694049,0.01479795105,0,0
star_co_plus_hi_ctl10,59,3,35,45,0.04090926602,0.9160944315,0.01479795105,0,0
star_co_plus_hi_ctl10,59,4,45,55,0.04666698412,0.8120972077,0.01479795105,0,0
star_co_plus_hi_ctl10,59,5,55,65,-0.08790016088,0.9865206045,0.01479795105,0,0
star_co_plus_hi_ctl49,59,0,5,15,-0.06319726055,0.8221462863,0.01479795105,0,0
star_co_plus_hi_ctl49,59,1,15,25,-0.04263515757,0.9809095326,0.01479795105,0,0
star_co_plus_hi_ctl49,59,2,25,35,0.04782971443,0.9942694049,0.01479795105,0,0
star_co_plus_hi_ctl49,59,3,35,45,0.04021789927,0.9160944315,0.01479795105,0,0
star_co_plus_hi_ctl49,59,4,45,55,0.04641185866,0.8120972077,0.01479795105,0,0
star_co_plus_hi_ctl49,59,5,55,65,-0.08565496626,0.9865206045,0.01479795105,0,0
star_only,60,0,5,15,-0.0599168148,0.7016799454,0,0,0
star_only,60,1,15,25,-0.03226560098,0.5724395874,0,0,0
star_only,60,2,25,35,0.03378288767,0.7746912375,0,0,0
star_only,60,3,35,45,-0.003641840926,0.90366093,0,0,0
star_only,60,4,45,55,-0.1160087178,0.980878539,0,0,0
star_only,60,5,55,65,-0.1128047707,0.9491571304,0,0,0
co_independent_only,60,0,5,15,-0.06339902951,0.7770716789,0,0.01593625498,0
co_independent_only,60,1,15,25,-0.03909387162,0.8923255771,0,0.01593625498,0
co_independent_only,60,2,25,35,0.03746243424,0.931726178,0,0.01593625498,0
co_independent_only,60,3,35,45,0.02390784846,0.9986816763,0,0.01593625498,0
co_independent_only,60,4,45,55,-0.04161930935,0.9343224355,0,0.01593625498,0
co_independent_only,60,5,55,65,-0.09763879921,0.9762370048,0,0.01593625498,0
star_plus_co_independent,60,0,5,15,-0.06298313229,0.7016799454,0,0.01593625498,0
star_plus_co_independent,60,1,15,25,-0.03474259815,0.5724395874,0,0.01593625498,0
star_plus_co_independent,60,2,25,35,0.03725588565,0.7746912375,0,0.01593625498,0
star_plus_co_independent,60,3,35,45,-0.004335506427,0.90366093,0,0.01593625498,0
star_plus_co_independent,60,4,45,55,-0.1189143462,0.980878539,0,0.01593625498,0
star_plus_co_independent,60,5,55,65,-0.1113987959,0.9491571304,0,0.01593625498,0
star_plus_co_correlated_control,60,0,5,15,-0.06477972334,0.7016799454,0,0.1952191235,0
star_plus_co_correlated_control,60,1,15,25,-0.03688832095,0.5724395874,0,0.1952191235,0
star_plus_co_correlated_control,60,2,25,35,0.04299265692,0.7746912375,0,0.1952191235,0
star_plus_co_correlated_control,60,3,35,45,-0.01101583166,0.90366093,0,0.1952191235,0
star_plus_co_correlated_control,60,4,45,55,-0.1235581523,0.980878539,0,0.1952191235,0
star_plus_co_correlated_control,60,5,55,65,-0.126461747,0.9491571304,0,0.1952191235,0
star_co_plus_hi_ctl01,60,0,5,15,-0.06303793609,0.7016799454,0,0.01593625498,0
star_co_plus_hi_ctl01,60,1,15,25,-0.03482250616,0.5724395874,0,0.01593625498,0
star_co_plus_hi_ctl01,60,2,25,35,0.03747648946,0.7746912375,0,0.01593625498,0
star_co_plus_hi_ctl01,60,3,35,45,-0.004385821398,0.90366093,0,0.01593625498,0
star_co_plus_hi_ctl01,60,4,45,55,-0.1194306242,0.980878539,0,0.01593625498,0
star_co_plus_hi_ctl01,60,5,55,65,-0.113577244,0.9491571304,0,0.01593625498,0
star_co_plus_hi_ctl10,60,0,5,15,-0.06318553537,0.7016799454,0,0.01593625498,0
star_co_plus_hi_ctl10,60,1,15,25,-0.03501253664,0.5724395874,0,0.01593625498,0
star_co_plus_hi_ctl10,60,2,25,35,0.03813575841,0.7746912375,0,0.01593625498,0
star_co_plus_hi_ctl10,60,3,35,45,-0.004522489352,0.90366093,0,0.01593625498,0
star_co_plus_hi_ctl10,60,4,45,55,-0.1208246152,0.980878539,0,0.01593625498,0
star_co_plus_hi_ctl10,60,5,55,65,-0.1192626513,0.9491571304,0,0.01593625498,0
star_co_plus_hi_ctl49,60,0,5,15,-0.06343800457,0.7016799454,0,0.01593625498,0
star_co_plus_hi_ctl49,60,1,15,25,-0.03500001816,0.5724395874,0,0.01593625498,0
star_co_plus_hi_ctl49,60,2,25,35,0.0392866635,0.7746912375,0,0.01593625498,0
star_co_plus_hi_ctl49,60,3,35,45,-0.005121047443,0.90366093,0,0.01593625498,0
star_co_plus_hi_ctl49,60,4,45,55,-0.1232209851,0.980878539,0,0.01593625498,0
star_co_plus_hi_ctl49,60,5,55,65,-0.128748425,0.9491571304,0,0.01593625498,0
star_only,61,0,5,15,-0.05914114927,0.7544000532,0,0,0
star_only,61,1,15,25,-0.03831764568,0.8647674416,0,0,0
star_only,61,2,25,35,0.03414838395,0.9853085671,0,0,0
star_only,61,3,35,45,0.008984507102,0.9702202068,0,0,0
star_only,61,4,45,55,-0.07903903538,0.9845289788,0,0,0
star_only,61,5,55,65,-0.2182521102,0.9932995514,0,0,0
co_independent_only,61,0,5,15,-0.06133537432,0.7770716789,0,0.00796812749,0
co_independent_only,61,1,15,25,-0.0363026053,0.8923255771,0,0.00796812749,0
co_independent_only,61,2,25,35,0.03420040475,0.931726178,0,0.00796812749,0
co_independent_only,61,3,35,45,0.02328765682,0.9986816763,0,0.00796812749,0
co_independent_only,61,4,45,55,-0.04065489836,0.9343224355,0,0.00796812749,0
co_independent_only,61,5,55,65,-0.1037847935,0.9762370048,0,0.00796812749,0
star_plus_co_independent,61,0,5,15,-0.06019270436,0.7544000532,0,0.00796812749,0
star_plus_co_independent,61,1,15,25,-0.0384403649,0.8647674416,0,0.00796812749,0
star_plus_co_independent,61,2,25,35,0.03390724011,0.9853085671,0,0.00796812749,0
star_plus_co_independent,61,3,35,45,0.007988049584,0.9702202068,0,0.00796812749,0
star_plus_co_independent,61,4,45,55,-0.07677254451,0.9845289788,0,0.00796812749,0
star_plus_co_independent,61,5,55,65,-0.2180147822,0.9932995514,0,0.00796812749,0
star_plus_co_correlated_control,61,0,5,15,-0.06126947847,0.7544000532,0,0.06374501992,0
star_plus_co_correlated_control,61,1,15,25,-0.04082166537,0.8647674416,0,0.06374501992,0
star_plus_co_correlated_control,61,2,25,35,0.03833321517,0.9853085671,0,0.06374501992,0
star_plus_co_correlated_control,61,3,35,45,0.006484613924,0.9702202068,0,0.06374501992,0
star_plus_co_correlated_control,61,4,45,55,-0.08179783357,0.9845289788,0,0.06374501992,0
star_plus_co_correlated_control,61,5,55,65,-0.233046064,0.9932995514,0,0.06374501992,0
star_co_plus_hi_ctl01,61,0,5,15,-0.06018122619,0.7544000532,0,0.00796812749,0
star_co_plus_hi_ctl01,61,1,15,25,-0.0379654442,0.8647674416,0,0.00796812749,0
star_co_plus_hi_ctl01,61,2,25,35,0.03357695902,0.9853085671,0,0.00796812749,0
star_co_plus_hi_ctl01,61,3,35,45,0.008305380997,0.9702202068,0,0.00796812749,0
star_co_plus_hi_ctl01,61,4,45,55,-0.0770154461,0.9845289788,0,0.00796812749,0
star_co_plus_hi_ctl01,61,5,55,65,-0.2163600391,0.9932995514,0,0.00796812749,0
star_co_plus_hi_ctl10,61,0,5,15,-0.06015040537,0.7544000532,0,0.00796812749,0
star_co_plus_hi_ctl10,61,1,15,25,-0.03668909234,0.8647674416,0,0.00796812749,0
star_co_plus_hi_ctl10,61,2,25,35,0.03268918826,0.9853085671,0,0.00796812749,0
star_co_plus_hi_ctl10,61,3,35,45,0.009360402771,0.9702202068,0,0.00796812749,0
star_co_plus_hi_ctl10,61,4,45,55,-0.07702023507,0.9845289788,0,0.00796812749,0
star_co_plus_hi_ctl10,61,5,55,65,-0.215063406,0.9932995514,0,0.00796812749,0
star_co_plus_hi_ctl49,61,0,5,15,-0.06009799702,0.7544000532,0,0.00796812749,0
star_co_plus_hi_ctl49,61,1,15,25,-0.03451503228,0.8647674416,0,0.00796812749,0
star_co_plus_hi_ctl49,61,2,25,35,0.03132155792,0.9853085671,0,0.00796812749,0
star_co_plus_hi_ctl49,61,3,35,45,0.01184377015,0.9702202068,0,0.00796812749,0
star_co_plus_hi_ctl49,61,4,45,55,-0.07623460485,0.9845289788,0,0.00796812749,0
star_co_plus_hi_ctl49,61,5,55,65,-0.2140721151,0.9932995514,0,0.00796812749,0
star_only,62,0,5,15,-0.05888757221,0.797334696,0,0,0
star_only,62,1,15,25,-0.04108588932,0.8073134894,0,0,0
star_only,62,2,25,35,0.03471180129,0.9299345965,0,0,0
star_only,62,3,35,45,0.0348602213,0.962257567,0,0,0
star_only,62,4,45,55,0.01256271045,0.8765413014,0,0,0
star_only,62,5,55,65,-0.09460032475,0.9081088769,0,0,0
co_independent_only,62,0,5,15,-0.06119891333,0.7770716789,0,0,0
co_independent_only,62,1,15,25,-0.03666135416,0.8923255771,0,0,0
co_independent_only,62,2,25,35,0.03529641358,0.931726178,0,0,0
co_independent_only,62,3,35,45,0.02776020575,0.9986816763,0,0,0
co_independent_only,62,4,45,55,-0.03707964911,0.9343224355,0,0,0
co_independent_only,62,5,55,65,-0.1025413125,0.9762370048,0,0,0
star_plus_co_independent,62,0,5,15,-0.05971499531,0.797334696,0,0,0
star_plus_co_independent,62,1,15,25,-0.04167122712,0.8073134894,0,0,0
star_plus_co_independent,62,2,25,35,0.03526447209,0.9299345965,0,0,0
star_plus_co_independent,62,3,35,45,0.03855120564,0.962257567,0,0,0
star_plus_co_independent,62,4,45,55,0.01538038588,0.8765413014,0,0,0
star_plus_co_independent,62,5,55,65,-0.09796152059,0.9081088769,0,0,0
star_plus_co_correlated_control,62,0,5,15,-0.05668180684,0.797334696,0,0,0
star_plus_co_correlated_control,62,1,15,25,-0.03756224807,0.8073134894,0,0,0
star_plus_co_correlated_control,62,2,25,35,0.02973147275,0.9299345965,0,0,0
star_plus_co_correlated_control,62,3,35,45,0.03618782155,0.962257567,0,0,0
star_plus_co_correlated_control,62,4,45,55,0.01158230756,0.8765413014,0,0,0
star_plus_co_correlated_control,62,5,55,65,-0.09144743703,0.9081088769,0,0,0
star_co_plus_hi_ctl01,62,0,5,15,-0.05942204326,0.797334696,0,0,0
star_co_plus_hi_ctl01,62,1,15,25,-0.04149004134,0.8073134894,0,0,0
star_co_plus_hi_ctl01,62,2,25,35,0.03425768366,0.9299345965,0,0,0
star_co_plus_hi_ctl01,62,3,35,45,0.03771361384,0.962257567,0,0,0
star_co_plus_hi_ctl01,62,4,45,55,0.01447648816,0.8765413014,0,0,0
star_co_plus_hi_ctl01,62,5,55,65,-0.09813627,0.9081088769,0,0,0
star_co_plus_hi_ctl10,62,0,5,15,-0.05863293156,0.797334696,0,0,0
star_co_plus_hi_ctl10,62,1,15,25,-0.04100208699,0.8073134894,0,0,0
star_co_plus_hi_ctl10,62,2,25,35,0.0311177316,0.9299345965,0,0,0
star_co_plus_hi_ctl10,62,3,35,45,0.03574128388,0.962257567,0,0,0
star_co_plus_hi_ctl10,62,4,45,55,0.01204462505,0.8765413014,0,0,0
star_co_plus_hi_ctl10,62,5,55,65,-0.1011626049,0.9081088769,0,0,0
star_co_plus_hi_ctl49,62,0,5,15,-0.0572827319,0.797334696,0,0,0
star_co_plus_hi_ctl49,62,1,15,25,-0.04024671993,0.8073134894,0,0,0
star_co_plus_hi_ctl49,62,2,25,35,0.02567950489,0.9299345965,0,0,0
star_co_plus_hi_ctl49,62,3,35,45,0.03291907345,0.962257567,0,0,0
star_co_plus_hi_ctl49,62,4,45,55,0.007893453095,0.8765413014,0,0,0
star_co_plus_hi_ctl49,62,5,55,65,-0.103977546,0.9081088769,0,0,0
star_only,63,0,5,15,-0.05873715266,0.7137018787,0.1149686966,0,0
star_only,63,1,15,25,-0.04288570508,0.625205,0.1149686966,0,0
star_only,63,2,25,35,0.03455612636,0.6564817691,0.1149686966,0,0
star_only,63,3,35,45,0.04088201744,0.8329321591,0.1149686966,0,0
star_only,63,4,45,55,0.03234960913,0.9713603625,0.1149686966,0,0
star_only,63,5,55,65,0.05138871428,0.9980951612,0.1149686966,0,0
co_independent_only,63,0,5,15,-0.0557105957,0.7770716789,0,0.007398975526,0
co_independent_only,63,1,15,25,-0.03201622358,0.8923255771,0,0.007398975526,0
co_independent_only,63,2,25,35,0.02598810747,0.931726178,0,0.007398975526,0
co_independent_only,63,3,35,45,0.02149827379,0.9986816763,0,0.007398975526,0
co_independent_only,63,4,45,55,-0.04571684163,0.9343224355,0,0.007398975526,0
co_independent_only,63,5,55,65,-0.1041206519,0.9762370048,0,0.007398975526,0
star_plus_co_independent,63,0,5,15,-0.05428192515,0.7137018787,0.1149686966,0.007398975526,0
star_plus_co_independent,63,1,15,25,-0.03578343312,0.625205,0.1149686966,0.007398975526,0
star_plus_co_independent,63,2,25,35,0.02588595721,0.6564817691,0.1149686966,0.007398975526,0
star_plus_co_independent,63,3,35,45,0.04113144672,0.8329321591,0.1149686966,0.007398975526,0
star_plus_co_independent,63,4,45,55,0.02887159339,0.9713603625,0.1149686966,0.007398975526,0
star_plus_co_independent,63,5,55,65,0.04689193252,0.9980951612,0.1149686966,0.007398975526,0
star_plus_co_correlated_control,63,0,5,15,-0.0543008769,0.7137018787,0.1149686966,0,0
star_plus_co_correlated_control,63,1,15,25,-0.03600657727,0.625205,0.1149686966,0,0
star_plus_co_correlated_control,63,2,25,35,0.02450926911,0.6564817691,0.1149686966,0,0
star_plus_co_correlated_control,63,3,35,45,0.04243445654,0.8329321591,0.1149686966,0,0
star_plus_co_correlated_control,63,4,45,55,0.02853221252,0.9713603625,0.1149686966,0,0
star_plus_co_correlated_control,63,5,55,65,0.03915654367,0.9980951612,0.1149686966,0,0
star_co_plus_hi_ctl01,63,0,5,15,-0.05420361624,0.7137018787,0.1149686966,0.007398975526,0
star_co_plus_hi_ctl01,63,1,15,25,-0.03595944803,0.625205,0.1149686966,0.007398975526,0
star_co_plus_hi_ctl01,63,2,25,35,0.02612277699,0.6564817691,0.1149686966,0.007398975526,0
star_co_plus_hi_ctl01,63,3,35,45,0.04023071846,0.8329321591,0.1149686966,0.007398975526,0
star_co_plus_hi_ctl01,63,4,45,55,0.02856476999,0.9713603625,0.1149686966,0.007398975526,0
star_co_plus_hi_ctl01,63,5,55,65,0.04643140327,0.9980951612,0.1149686966,0.007398975526,0
star_co_plus_hi_ctl10,63,0,5,15,-0.05399335286,0.7137018787,0.1149686966,0.007398975526,0
star_co_plus_hi_ctl10,63,1,15,25,-0.03643198,0.625205,0.1149686966,0.007398975526,0
star_co_plus_hi_ctl10,63,2,25,35,0.02675866834,0.6564817691,0.1149686966,0.007398975526,0
star_co_plus_hi_ctl10,63,3,35,45,0.03781427844,0.8329321591,0.1149686966,0.007398975526,0
star_co_plus_hi_ctl10,63,4,45,55,0.02800433425,0.9713603625,0.1149686966,0.007398975526,0
star_co_plus_hi_ctl10,63,5,55,65,0.04519203369,0.9980951612,0.1149686966,0.007398975526,0
star_co_plus_hi_ctl49,63,0,5,15,-0.05363584766,0.7137018787,0.1149686966,0.007398975526,0
star_co_plus_hi_ctl49,63,1,15,25,-0.03723515638,0.625205,0.1149686966,0.007398975526,0
star_co_plus_hi_ctl49,63,2,25,35,0.02783923012,0.6564817691,0.1149686966,0.007398975526,0
star_co_plus_hi_ctl49,63,3,35,45,0.0337125181,0.8329321591,0.1149686966,0.007398975526,0
star_co_plus_hi_ctl49,63,4,45,55,0.02544852684,0.9713603625,0.1149686966,0.007398975526,0
star_co_plus_hi_ctl49,63,5,55,65,0.04307526067,0.9980951612,0.1149686966,0.007398975526,0
star_only,64,0,5,15,-0.06023569585,0.8428150559,0.007398975526,0,0
star_only,64,1,15,25,-0.03325547469,0.9965010445,0.007398975526,0,0
star_only,64,2,25,35,0.03344647156,0.9921360624,0.007398975526,0,0
star_only,64,3,35,45,0.02696328046,0.9344250819,0.007398975526,0,0
star_only,64,4,45,55,-0.04719641842,0.8256634179,0.007398975526,0,0
star_only,64,5,55,65,-0.07314113504,0.9493000137,0.007398975526,0,0
co_independent_only,64,0,5,15,-0.06085047808,0.7770716789,0,0,0
co_independent_only,64,1,15,25,-0.03745543794,0.8923255771,0,0,0
co_independent_only,64,2,25,35,0.03370455609,0.931726178,0,0,0
co_independent_only,64,3,35,45,0.02364828383,0.9986816763,0,0,0
co_independent_only,64,4,45,55,-0.04194225444,0.9343224355,0,0,0
co_independent_only,64,5,55,65,-0.1006261246,0.9762370048,0,0,0
star_plus_co_independent,64,0,5,15,-0.06078895185,0.8428150559,0.007398975526,0,0
star_plus_co_independent,64,1,15,25,-0.0342138942,0.9965010445,0.007398975526,0,0
star_plus_co_independent,64,2,25,35,0.03236707329,0.9921360624,0.007398975526,0,0
star_plus_co_independent,64,3,35,45,0.0257905969,0.9344250819,0.007398975526,0,0
star_plus_co_independent,64,4,45,55,-0.04937725171,0.8256634179,0.007398975526,0,0
star_plus_co_independent,64,5,55,65,-0.07439646914,0.9493000137,0.007398975526,0,0
star_plus_co_correlated_control,64,0,5,15,-0.06231659331,0.8428150559,0.007398975526,0.06146841207,0
star_plus_co_correlated_control,64,1,15,25,-0.03528761353,0.9965010445,0.007398975526,0.06146841207,0
star_plus_co_correlated_control,64,2,25,35,0.03687169494,0.9921360624,0.007398975526,0.06146841207,0
star_plus_co_correlated_control,64,3,35,45,0.02523797595,0.9344250819,0.007398975526,0.06146841207,0
star_plus_co_correlated_control,64,4,45,55,-0.04867021282,0.8256634179,0.007398975526,0.06146841207,0
star_plus_co_correlated_control,64,5,55,65,-0.07676802894,0.9493000137,0.007398975526,0.06146841207,0
star_co_plus_hi_ctl01,64,0,5,15,-0.06061407557,0.8428150559,0.007398975526,0,0
star_co_plus_hi_ctl01,64,1,15,25,-0.03412367834,0.9965010445,0.007398975526,0,0
star_co_plus_hi_ctl01,64,2,25,35,0.03259031471,0.9921360624,0.007398975526,0,0
star_co_plus_hi_ctl01,64,3,35,45,0.02553789111,0.9344250819,0.007398975526,0,0
star_co_plus_hi_ctl01,64,4,45,55,-0.04967187606,0.8256634179,0.007398975526,0,0
star_co_plus_hi_ctl01,64,5,55,65,-0.07522778959,0.9493000137,0.007398975526,0,0
star_co_plus_hi_ctl10,64,0,5,15,-0.06014393514,0.8428150559,0.007398975526,0,0
star_co_plus_hi_ctl10,64,1,15,25,-0.03388082656,0.9965010445,0.007398975526,0,0
star_co_plus_hi_ctl10,64,2,25,35,0.03325222365,0.9921360624,0.007398975526,0,0
star_co_plus_hi_ctl10,64,3,35,45,0.02485712388,0.9344250819,0.007398975526,0,0
star_co_plus_hi_ctl10,64,4,45,55,-0.05076505602,0.8256634179,0.007398975526,0,0
star_co_plus_hi_ctl10,64,5,55,65,-0.07730872417,0.9493000137,0.007398975526,0,0
star_co_plus_hi_ctl49,64,0,5,15,-0.05934259234,0.8428150559,0.007398975526,0,0
star_co_plus_hi_ctl49,64,1,15,25,-0.03346583503,0.9965010445,0.007398975526,0,0
star_co_plus_hi_ctl49,64,2,25,35,0.03437456228,0.9921360624,0.007398975526,0,0
star_co_plus_hi_ctl49,64,3,35,45,0.02369208206,0.9344250819,0.007398975526,0,0
star_co_plus_hi_ctl49,64,4,45,55,-0.05328264767,0.8256634179,0.007398975526,0,0
star_co_plus_hi_ctl49,64,5,55,65,-0.07981302619,0.9493000137,0.007398975526,0,0
star_only,65,0,5,15,-0.05941155143,0.7693943665,0,0,0
star_only,65,1,15,25,-0.03712174751,0.8362608065,0,0,0
star_only,65,2,25,35,0.03430184723,0.9328917296,0,0,0
star_only,65,3,35,45,0.01921373833,0.9655160767,0,0,0
star_only,65,4,45,55,-0.06163902882,0.8695353539,0,0,0
star_only,65,5,55,65,-0.09769431742,0.9449359344,0,0,0
co_independent_only,65,0,5,15,-0.05747499638,0.7770716789,0,0,0
co_independent_only,65,1,15,25,-0.03469229445,0.8923255771,0,0,0
co_independent_only,65,2,25,35,0.02810288653,0.931726178,0,0,0
co_independent_only,65,3,35,45,0.02817508226,0.9986816763,0,0,0
co_independent_only,65,4,45,55,-0.03672061343,0.9343224355,0,0,0
co_independent_only,65,5,55,65,-0.09064267581,0.9762370048,0,0,0
star_plus_co_independent,65,0,5,15,-0.05661239761,0.7693943665,0,0,0
star_plus_co_independent,65,1,15,25,-0.03560100006,0.8362608065,0,0,0
star_plus_co_independent,65,2,25,35,0.02730923383,0.9328917296,0,0,0
star_plus_co_independent,65,3,35,45,0.02191086516,0.9655160767,0,0,0
star_plus_co_independent,65,4,45,55,-0.05914661382,0.8695353539,0,0,0
star_plus_co_independent,65,5,55,65,-0.08921115432,0.9449359344,0,0,0
star_plus_co_correlated_control,65,0,5,15,-0.0601031225,0.7693943665,0,0.02105862265,0
star_plus_co_correlated_control,65,1,15,25,-0.03790076206,0.8362608065,0,0.02105862265,0
star_plus_co_correlated_control,65,2,25,35,0.03584932596,0.9328917296,0,0.02105862265,0
star_plus_co_correlated_control,65,3,35,45,0.01851214909,0.9655160767,0,0.02105862265,0
star_plus_co_correlated_control,65,4,45,55,-0.06229809117,0.8695353539,0,0.02105862265,0
star_plus_co_correlated_control,65,5,55,65,-0.09920521772,0.9449359344,0,0.02105862265,0
star_co_plus_hi_ctl01,65,0,5,15,-0.05669978654,0.7693943665,0,0,0
star_co_plus_hi_ctl01,65,1,15,25,-0.03590490177,0.8362608065,0,0,0
star_co_plus_hi_ctl01,65,2,25,35,0.02713774624,0.9328917296,0,0,0
star_co_plus_hi_ctl01,65,3,35,45,0.02126937851,0.9655160767,0,0,0
star_co_plus_hi_ctl01,65,4,45,55,-0.05906424252,0.8695353539,0,0,0
star_co_plus_hi_ctl01,65,5,55,65,-0.08924252254,0.9449359344,0,0,0
star_co_plus_hi_ctl10,65,0,5,15,-0.05693491829,0.7693943665,0,0,0
star_co_plus_hi_ctl10,65,1,15,25,-0.03672291308,0.8362608065,0,0,0
star_co_plus_hi_ctl10,65,2,25,35,0.02667673747,0.9328917296,0,0,0
star_co_plus_hi_ctl10,65,3,35,45,0.01954375903,0.9655160767,0,0,0
star_co_plus_hi_ctl10,65,4,45,55,-0.05884361211,0.8695353539,0,0,0
star_co_plus_hi_ctl10,65,5,55,65,-0.09022454902,0.9449359344,0,0,0
star_co_plus_hi_ctl49,65,0,5,15,-0.05733634722,0.7693943665,0,0,0
star_co_plus_hi_ctl49,65,1,15,25,-0.03812055194,0.8362608065,0,0,0
star_co_plus_hi_ctl49,65,2,25,35,0.02586846539,0.9328917296,0,0,0
star_co_plus_hi_ctl49,65,3,35,45,0.01723466466,0.9655160767,0,0,0
star_co_plus_hi_ctl49,65,4,45,55,-0.05847029302,0.8695353539,0,0,0
star_co_plus_hi_ctl49,65,5,55,65,-0.08875938402,0.9449359344,0,0,0
star_only,66,0,5,15,-0.06092806054,0.7444419253,0.02845759818,0,0
star_only,66,1,15,25,-0.03538593324,0.8340667255,0.02845759818,0,0
star_only,66,2,25,35,0.03456389194,0.8875583503,0.02845759818,0,0
star_only,66,3,35,45,0.02540329568,0.9527162434,0.02845759818,0,0
star_only,66,4,45,55,-0.09596426644,0.9999648012,0.02845759818,0,0
star_only,66,5,55,65,-0.08557263856,0.9832493734,0.02845759818,0,0
co_independent_only,66,0,5,15,-0.05895088461,0.7770716789,0,0.001138303927,0
co_independent_only,66,1,15,25,-0.0334573911,0.8923255771,0,0.001138303927,0
co_independent_only,66,2,25,35,0.03245932648,0.931726178,0,0.001138303927,0
co_independent_only,66,3,35,45,0.02534749512,0.9986816763,0,0.001138303927,0
co_independent_only,66,4,45,55,-0.03565151799,0.9343224355,0,0.001138303927,0
co_independent_only,66,5,55,65,-0.09900244146,0.9762370048,0,0.001138303927,0
star_plus_co_independent,66,0,5,15,-0.05947704318,0.7444419253,0.02845759818,0.001138303927,0
star_plus_co_independent,66,1,15,25,-0.03281284115,0.8340667255,0.02845759818,0.001138303927,0
star_plus_co_independent,66,2,25,35,0.03202604272,0.8875583503,0.02845759818,0.001138303927,0
star_plus_co_independent,66,3,35,45,0.02633258301,0.9527162434,0.02845759818,0.001138303927,0
star_plus_co_independent,66,4,45,55,-0.09175197876,0.9999648012,0.02845759818,0.001138303927,0
star_plus_co_independent,66,5,55,65,-0.08520948555,0.9832493734,0.02845759818,0.001138303927,0
star_plus_co_correlated_control,66,0,5,15,-0.06366157023,0.7444419253,0.02845759818,0.07626636312,0
star_plus_co_correlated_control,66,1,15,25,-0.03821495198,0.8340667255,0.02845759818,0.07626636312,0
star_plus_co_correlated_control,66,2,25,35,0.03961779655,0.8875583503,0.02845759818,0.07626636312,0
star_plus_co_correlated_control,66,3,35,45,0.02336071828,0.9527162434,0.02845759818,0.07626636312,0
star_plus_co_correlated_control,66,4,45,55,-0.1002261204,0.9999648012,0.02845759818,0.07626636312,0
star_plus_co_correlated_control,66,5,55,65,-0.0913695934,0.9832493734,0.02845759818,0.07626636312,0
star_co_plus_hi_ctl01,66,0,5,15,-0.0596022749,0.7444419253,0.02845759818,0.001138303927,0
star_co_plus_hi_ctl01,66,1,15,25,-0.03264691418,0.8340667255,0.02845759818,0.001138303927,0
star_co_plus_hi_ctl01,66,2,25,35,0.03246563405,0.8875583503,0.02845759818,0.001138303927,0
star_co_plus_hi_ctl01,66,3,35,45,0.02746390154,0.9527162434,0.02845759818,0.001138303927,0
star_co_plus_hi_ctl01,66,4,45,55,-0.09035761821,0.9999648012,0.02845759818,0.001138303927,0
star_co_plus_hi_ctl01,66,5,55,65,-0.08341125218,0.9832493734,0.02845759818,0.001138303927,0
star_co_plus_hi_ctl10,66,0,5,15,-0.05993905531,0.7444419253,0.02845759818,0.001138303927,0
star_co_plus_hi_ctl10,66,1,15,25,-0.03220049332,0.8340667255,0.02845759818,0.001138303927,0
star_co_plus_hi_ctl10,66,2,25,35,0.03364915211,0.8875583503,0.02845759818,0.001138303927,0
star_co_plus_hi_ctl10,66,3,35,45,0.03050662544,0.9527162434,0.02845759818,0.001138303927,0
star_co_plus_hi_ctl10,66,4,45,55,-0.08660998331,0.9999648012,0.02845759818,0.001138303927,0
star_co_plus_hi_ctl10,66,5,55,65,-0.07752559438,0.9832493734,0.02845759818,0.001138303927,0
star_co_plus_hi_ctl49,66,0,5,15,-0.0605134431,0.7444419253,0.02845759818,0.001138303927,0
star_co_plus_hi_ctl49,66,1,15,25,-0.03143843562,0.8340667255,0.02845759818,0.001138303927,0
star_co_plus_hi_ctl49,66,2,25,35,0.03567220756,0.8875583503,0.02845759818,0.001138303927,0
star_co_plus_hi_ctl49,66,3,35,45,0.03569718267,0.9527162434,0.02845759818,0.001138303927,0
star_co_plus_hi_ctl49,66,4,45,55,-0.0819983311,0.9999648012,0.02845759818,0.001138303927,0
star_co_plus_hi_ctl49,66,5,55,65,-0.06861289493,0.9832493734,0.02845759818,0.001138303927,0
star_only,67,0,5,15,-0.06047195227,0.7254418045,0,0,0
star_only,67,1,15,25,-0.03338319496,0.7923472056,0,0,0
star_only,67,2,25,35,0.03469499293,0.8873656942,0,0,0
star_only,67,3,35,45,0.02874969038,0.9999218854,0,0,0
star_only,67,4,45,55,-0.0188695585,0.9725294565,0,0,0
star_only,67,5,55,65,-0.1036403557,0.9992830561,0,0,0
co_independent_only,67,0,5,15,-0.06316373362,0.7770716789,0,0.006829823563,0
co_independent_only,67,1,15,25,-0.03597323317,0.8923255771,0,0.006829823563,0
co_independent_only,67,2,25,35,0.03704634472,0.931726178,0,0.006829823563,0
co_independent_only,67,3,35,45,0.02695833622,0.9986816763,0,0.006829823563,0
co_independent_only,67,4,45,55,-0.04218435565,0.9343224355,0,0.006829823563,0
co_independent_only,67,5,55,65,-0.097775538,0.9762370048,0,0.006829823563,0
star_plus_co_independent,67,0,5,15,-0.0633554756,0.7254418045,0,0.006829823563,0
star_plus_co_independent,67,1,15,25,-0.0325625098,0.7923472056,0,0.006829823563,0
star_plus_co_independent,67,2,25,35,0.03690046251,0.8873656942,0,0.006829823563,0
star_plus_co_independent,67,3,35,45,0.03006561038,0.9999218854,0,0.006829823563,0
star_plus_co_independent,67,4,45,55,-0.02160885628,0.9725294565,0,0.006829823563,0
star_plus_co_independent,67,5,55,65,-0.1022996703,0.9992830561,0,0.006829823563,0
star_plus_co_correlated_control,67,0,5,15,-0.05935711548,0.7254418045,0,0,0
star_plus_co_correlated_control,67,1,15,25,-0.0319709193,0.7923472056,0,0,0
star_plus_co_correlated_control,67,2,25,35,0.03228302942,0.8873656942,0,0,0
star_plus_co_correlated_control,67,3,35,45,0.02960808065,0.9999218854,0,0,0
star_plus_co_correlated_control,67,4,45,55,-0.01865615117,0.9725294565,0,0,0
star_plus_co_correlated_control,67,5,55,65,-0.101466965,0.9992830561,0,0,0
star_co_plus_hi_ctl01,67,0,5,15,-0.0628663014,0.7254418045,0,0.006829823563,0
star_co_plus_hi_ctl01,67,1,15,25,-0.03200866987,0.7923472056,0,0.006829823563,0
star_co_plus_hi_ctl01,67,2,25,35,0.03642526103,0.8873656942,0,0.006829823563,0
star_co_plus_hi_ctl01,67,3,35,45,0.03039759599,0.9999218854,0,0.006829823563,0
star_co_plus_hi_ctl01,67,4,45,55,-0.02098054052,0.9725294565,0,0.006829823563,0
star_co_plus_hi_ctl01,67,5,55,65,-0.1012300235,0.9992830561,0,0.006829823563,0
star_co_plus_hi_ctl10,67,0,5,15,-0.06155125718,0.7254418045,0,0.006829823563,0
star_co_plus_hi_ctl10,67,1,15,25,-0.0305067563,0.7923472056,0,0.006829823563,0
star_co_plus_hi_ctl10,67,2,25,35,0.03521718805,0.8873656942,0,0.006829823563,0
star_co_plus_hi_ctl10,67,3,35,45,0.03128717546,0.9999218854,0,0.006829823563,0
star_co_plus_hi_ctl10,67,4,45,55,-0.01929040739,0.9725294565,0,0.006829823563,0
star_co_plus_hi_ctl10,67,5,55,65,-0.09835167945,0.9992830561,0,0.006829823563,0
star_co_plus_hi_ctl49,67,0,5,15,-0.05930999444,0.7254418045,0,0.006829823563,0
star_co_plus_hi_ctl49,67,1,15,25,-0.02794696136,0.7923472056,0,0.006829823563,0
star_co_plus_hi_ctl49,67,2,25,35,0.03320328358,0.8873656942,0,0.006829823563,0
star_co_plus_hi_ctl49,67,3,35,45,0.03279347193,0.9999218854,0,0.006829823563,0
star_co_plus_hi_ctl49,67,4,45,55,-0.01640638156,0.9725294565,0,0.006829823563,0
star_co_plus_hi_ctl49,67,5,55,65,-0.09363525584,0.9992830561,0,0.006829823563,0
star_only,68,0,5,15,-0.06052712989,0.7059279528,0,0,0
star_only,68,1,15,25,-0.03776712487,0.7853530274,0,0,0
star_only,68,2,25,35,0.03288854611,0.7690375854,0,0,0
star_only,68,3,35,45,0.03969650996,0.9639320603,0,0,0
star_only,68,4,45,55,-0.06453688195,0.8993219066,0,0,0
star_only,68,5,55,65,-0.236497944,0.9526311133,0,0,0
co_independent_only,68,0,5,15,-0.05922261713,0.7770716789,0,0.0005691519636,0
co_independent_only,68,1,15,25,-0.03947280872,0.8923255771,0,0.0005691519636,0
co_independent_only,68,2,25,35,0.02989019597,0.931726178,0,0.0005691519636,0
co_independent_only,68,3,35,45,0.01732546167,0.9986816763,0,0.0005691519636,0
co_independent_only,68,4,45,55,-0.05270363721,0.9343224355,0,0.0005691519636,0
co_independent_only,68,5,55,65,-0.1035742121,0.9762370048,0,0.0005691519636,0
star_plus_co_independent,68,0,5,15,-0.05993497201,0.7059279528,0,0.0005691519636,0
star_plus_co_independent,68,1,15,25,-0.04108638734,0.7853530274,0,0.0005691519636,0
star_plus_co_independent,68,2,25,35,0.02745035434,0.7690375854,0,0.0005691519636,0
star_plus_co_independent,68,3,35,45,0.03254570379,0.9639320603,0,0.0005691519636,0
star_plus_co_independent,68,4,45,55,-0.07783158691,0.8993219066,0,0.0005691519636,0
star_plus_co_independent,68,5,55,65,-0.2457497599,0.9526311133,0,0.0005691519636,0
star_plus_co_correlated_control,68,0,5,15,-0.06139156841,0.7059279528,0,0.02618099032,0
star_plus_co_correlated_control,68,1,15,25,-0.03873060383,0.7853530274,0,0.02618099032,0
star_plus_co_correlated_control,68,2,25,35,0.03443424962,0.7690375854,0,0.02618099032,0
star_plus_co_correlated_control,68,3,35,45,0.03934813347,0.9639320603,0,0.02618099032,0
star_plus_co_correlated_control,68,4,45,55,-0.06538033176,0.8993219066,0,0.02618099032,0
star_plus_co_correlated_control,68,5,55,65,-0.2425573463,0.9526311133,0,0.02618099032,0
star_co_plus_hi_ctl01,68,0,5,15,-0.059635794,0.7059279528,0,0.0005691519636,0
star_co_plus_hi_ctl01,68,1,15,25,-0.04066620406,0.7853530274,0,0.0005691519636,0
star_co_plus_hi_ctl01,68,2,25,35,0.02758620943,0.7690375854,0,0.0005691519636,0
star_co_plus_hi_ctl01,68,3,35,45,0.03304970676,0.9639320603,0,0.0005691519636,0
star_co_plus_hi_ctl01,68,4,45,55,-0.07809189034,0.8993219066,0,0.0005691519636,0
star_co_plus_hi_ctl01,68,5,55,65,-0.2452135159,0.9526311133,0,0.0005691519636,0
star_co_plus_hi_ctl10,68,0,5,15,-0.05882969749,0.7059279528,0,0.0005691519636,0
star_co_plus_hi_ctl10,68,1,15,25,-0.03953465345,0.7853530274,0,0.0005691519636,0
star_co_plus_hi_ctl10,68,2,25,35,0.02795204381,0.7690375854,0,0.0005691519636,0
star_co_plus_hi_ctl10,68,3,35,45,0.03437419955,0.9639320603,0,0.0005691519636,0
star_co_plus_hi_ctl10,68,4,45,55,-0.07879095092,0.8993219066,0,0.0005691519636,0
star_co_plus_hi_ctl10,68,5,55,65,-0.2407138916,0.9526311133,0,0.0005691519636,0
star_co_plus_hi_ctl49,68,0,5,15,-0.05744970985,0.7059279528,0,0.0005691519636,0
star_co_plus_hi_ctl49,68,1,15,25,-0.03759946561,0.7853530274,0,0.0005691519636,0
star_co_plus_hi_ctl49,68,2,25,35,0.02857762077,0.7690375854,0,0.0005691519636,0
star_co_plus_hi_ctl49,68,3,35,45,0.03664049094,0.9639320603,0,0.0005691519636,0
star_co_plus_hi_ctl49,68,4,45,55,-0.07932159598,0.8993219066,0,0.0005691519636,0
star_co_plus_hi_ctl49,68,5,55,65,-0.2339973231,0.9526311133,0,0.0005691519636,0
star_only,69,0,5,15,-0.06003260808,0.5561889631,0.0125213432,0,0
star_only,69,1,15,25,-0.04327547186,0.2292915761,0.0125213432,0,0
star_only,69,2,25,35,0.03419683145,0.225689735,0.0125213432,0,0
star_only,69,3,35,45,0.0475865731,0.5012900848,0.0125213432,0,0
star_only,69,4,45,55,0.1630318675,0.4367715607,0.0125213432,0,0
star_only,69,5,55,65,0.1565019473,0.6104877856,0.0125213432,0,0
co_independent_only,69,0,5,15,-0.06130553237,0.7770716789,0,0,0
co_independent_only,69,1,15,25,-0.03424737477,0.8923255771,0,0,0
co_independent_only,69,2,25,35,0.0343798138,0.931726178,0,0,0
co_independent_only,69,3,35,45,0.02079778437,0.9986816763,0,0,0
co_independent_only,69,4,45,55,-0.04083212685,0.9343224355,0,0,0
co_independent_only,69,5,55,65,-0.1002424909,0.9762370048,0,0,0
star_plus_co_independent,69,0,5,15,-0.06105981721,0.5561889631,0.0125213432,0,0
star_plus_co_independent,69,1,15,25,-0.04136069883,0.2292915761,0.0125213432,0,0
star_plus_co_independent,69,2,25,35,0.03383064238,0.225689735,0.0125213432,0,0
star_plus_co_independent,69,3,35,45,0.05536884493,0.5012900848,0.0125213432,0,0
star_plus_co_independent,69,4,45,55,0.1666018607,0.4367715607,0.0125213432,0,0
star_plus_co_independent,69,5,55,65,0.1613671043,0.6104877856,0.0125213432,0,0
star_plus_co_correlated_control,69,0,5,15,-0.05927380211,0.5561889631,0.0125213432,0,0
star_plus_co_correlated_control,69,1,15,25,-0.04203961964,0.2292915761,0.0125213432,0,0
star_plus_co_correlated_control,69,2,25,35,0.03248094427,0.225689735,0.0125213432,0,0
star_plus_co_correlated_control,69,3,35,45,0.04711435177,0.5012900848,0.0125213432,0,0
star_plus_co_correlated_control,69,4,45,55,0.1609145132,0.4367715607,0.0125213432,0,0
star_plus_co_correlated_control,69,5,55,65,0.1517809703,0.6104877856,0.0125213432,0,0
star_co_plus_hi_ctl01,69,0,5,15,-0.06099862128,0.5561889631,0.0125213432,0,0
star_co_plus_hi_ctl01,69,1,15,25,-0.04099874042,0.2292915761,0.0125213432,0,0
star_co_plus_hi_ctl01,69,2,25,35,0.03472572772,0.225689735,0.0125213432,0,0
star_co_plus_hi_ctl01,69,3,35,45,0.05512864524,0.5012900848,0.0125213432,0,0
star_co_plus_hi_ctl01,69,4,45,55,0.1659288521,0.4367715607,0.0125213432,0,0
star_co_plus_hi_ctl01,69,5,55,65,0.1596933188,0.6104877856,0.0125213432,0,0
star_co_plus_hi_ctl10,69,0,5,15,-0.06083412502,0.5561889631,0.0125213432,0,0
star_co_plus_hi_ctl10,69,1,15,25,-0.04002615996,0.2292915761,0.0125213432,0,0
star_co_plus_hi_ctl10,69,2,25,35,0.03713444374,0.225689735,0.0125213432,0,0
star_co_plus_hi_ctl10,69,3,35,45,0.05448228544,0.5012900848,0.0125213432,0,0
star_co_plus_hi_ctl10,69,4,45,55,0.1639624674,0.4367715607,0.0125213432,0,0
star_co_plus_hi_ctl10,69,5,55,65,0.1553232794,0.6104877856,0.0125213432,0,0
star_co_plus_hi_ctl49,69,0,5,15,-0.06055382626,0.5561889631,0.0125213432,0,0
star_co_plus_hi_ctl49,69,1,15,25,-0.03837014697,0.2292915761,0.0125213432,0,0
star_co_plus_hi_ctl49,69,2,25,35,0.04124800078,0.225689735,0.0125213432,0,0
star_co_plus_hi_ctl49,69,3,35,45,0.0533785218,0.5012900848,0.0125213432,0,0
star_co_plus_hi_ctl49,69,4,45,55,0.1598358795,0.4367715607,0.0125213432,0,0
star_co_plus_hi_ctl49,69,5,55,65,0.1474873976,0.6104877856,0.0125213432,0,0
star_only,70,0,5,15,-0.05863294827,0.675694248,0.008537279454,0,0
star_only,70,1,15,25,-0.04217605924,0.3874074465,0.008537279454,0,0
star_only,70,2,25,35,0.03422579287,0.5227448962,0.008537279454,0,0
star_only,70,3,35,45,0.03606915566,0.7369456046,0.008537279454,0,0
star_only,70,4,45,55,0.01211383145,0.9273988158,0.008537279454,0,0
star_only,70,5,55,65,-0.1249161505,0.9848627211,0.008537279454,0,0
co_independent_only,70,0,5,15,-0.05740371416,0.7770716789,0,0.002276607854,0
co_independent_only,70,1,15,25,-0.03193603558,0.8923255771,0,0.002276607854,0
co_independent_only,70,2,25,35,0.03262658936,0.931726178,0,0.002276607854,0
co_independent_only,70,3,35,45,0.03245778767,0.9986816763,0,0.002276607854,0
co_independent_only,70,4,45,55,-0.03070149206,0.9343224355,0,0.002276607854,0
co_independent_only,70,5,55,65,-0.09390197759,0.9762370048,0,0.002276607854,0
star_plus_co_independent,70,0,5,15,-0.05589034009,0.675694248,0.008537279454,0.002276607854,0
star_plus_co_independent,70,1,15,25,-0.03706069851,0.3874074465,0.008537279454,0.002276607854,0
star_plus_co_independent,70,2,25,35,0.0312278062,0.5227448962,0.008537279454,0.002276607854,0
star_plus_co_independent,70,3,35,45,0.0461652415,0.7369456046,0.008537279454,0.002276607854,0
star_plus_co_independent,70,4,45,55,0.02287150637,0.9273988158,0.008537279454,0.002276607854,0
star_plus_co_independent,70,5,55,65,-0.1199854618,0.9848627211,0.008537279454,0.002276607854,0
star_plus_co_correlated_control,70,0,5,15,-0.0570116149,0.675694248,0.008537279454,0,0
star_plus_co_correlated_control,70,1,15,25,-0.03951100006,0.3874074465,0.008537279454,0,0
star_plus_co_correlated_control,70,2,25,35,0.03047594674,0.5227448962,0.008537279454,0,0
star_plus_co_correlated_control,70,3,35,45,0.03698282556,0.7369456046,0.008537279454,0,0
star_plus_co_correlated_control,70,4,45,55,0.01157481598,0.9273988158,0.008537279454,0,0
star_plus_co_correlated_control,70,5,55,65,-0.1207377577,0.9848627211,0.008537279454,0,0
star_co_plus_hi_ctl01,70,0,5,15,-0.05600909026,0.675694248,0.008537279454,0.002276607854,0
star_co_plus_hi_ctl01,70,1,15,25,-0.03724367686,0.3874074465,0.008537279454,0.002276607854,0
star_co_plus_hi_ctl01,70,2,25,35,0.03122063765,0.5227448962,0.008537279454,0.002276607854,0
star_co_plus_hi_ctl01,70,3,35,45,0.04596276288,0.7369456046,0.008537279454,0.002276607854,0
star_co_plus_hi_ctl01,70,4,45,55,0.02284975617,0.9273988158,0.008537279454,0.002276607854,0
star_co_plus_hi_ctl01,70,5,55,65,-0.1192649288,0.9848627211,0.008537279454,0.002276607854,0
star_co_plus_hi_ctl10,70,0,5,15,-0.05632888338,0.675694248,0.008537279454,0.002276607854,0
star_co_plus_hi_ctl10,70,1,15,25,-0.0377365339,0.3874074465,0.008537279454,0.002276607854,0
star_co_plus_hi_ctl10,70,2,25,35,0.03120132828,0.5227448962,0.008537279454,0.002276607854,0
star_co_plus_hi_ctl10,70,3,35,45,0.04541721201,0.7369456046,0.008537279454,0.002276607854,0
star_co_plus_hi_ctl10,70,4,45,55,0.02278996172,0.9273988158,0.008537279454,0.002276607854,0
star_co_plus_hi_ctl10,70,5,55,65,-0.1173362524,0.9848627211,0.008537279454,0.002276607854,0
star_co_plus_hi_ctl49,70,0,5,15,-0.05687579465,0.675694248,0.008537279454,0.002276607854,0
star_co_plus_hi_ctl49,70,1,15,25,-0.03857975119,0.3874074465,0.008537279454,0.002276607854,0
star_co_plus_hi_ctl49,70,2,25,35,0.0311682901,0.5227448962,0.008537279454,0.002276607854,0
star_co_plus_hi_ctl49,70,3,35,45,0.04448326914,0.7369456046,0.008537279454,0.002276607854,0
star_co_plus_hi_ctl49,70,4,45,55,0.02189154946,0.9273988158,0.008537279454,0.002276607854,0
star_co_plus_hi_ctl49,70,5,55,65,-0.114712548,0.9848627211,0.008537279454,0.002276607854,0
star_only,71,0,5,15,-0.06109586947,0.7271267266,0,0,0
star_only,71,1,15,25,-0.03593730868,0.8283625916,0,0,0
star_only,71,2,25,35,0.03470683654,0.8605304765,0,0,0
star_only,71,3,35,45,0.02941092715,0.973052442,0,0,0
star_only,71,4,45,55,-0.03509518896,0.9869200354,0,0,0
star_only,71,5,55,65,-0.1494867766,0.9944889019,0,0,0
co_independent_only,71,0,5,15,-0.06228828066,0.7770716789,0,0,0
co_independent_only,71,1,15,25,-0.03470270557,0.8923255771,0,0,0
co_independent_only,71,2,25,35,0.04145888397,0.931726178,0,0,0
co_independent_only,71,3,35,45,0.02982806217,0.9986816763,0,0,0
co_independent_only,71,4,45,55,-0.0358386879,0.9343224355,0,0,0
co_independent_only,71,5,55,65,-0.1078090273,0.9762370048,0,0,0
star_plus_co_independent,71,0,5,15,-0.06307303149,0.7271267266,0,0,0
star_plus_co_independent,71,1,15,25,-0.03446238729,0.8283625916,0,0,0
star_plus_co_independent,71,2,25,35,0.04143929257,0.8605304765,0,0,0
star_plus_co_independent,71,3,35,45,0.03369702473,0.973052442,0,0,0
star_plus_co_independent,71,4,45,55,-0.03130489659,0.9869200354,0,0,0
star_plus_co_independent,71,5,55,65,-0.1564730368,0.9944889019,0,0,0
star_plus_co_correlated_control,71,0,5,15,-0.06018518644,0.7271267266,0,0,0
star_plus_co_correlated_control,71,1,15,25,-0.03471744207,0.8283625916,0,0,0
star_plus_co_correlated_control,71,2,25,35,0.03275725591,0.8605304765,0,0,0
star_plus_co_correlated_control,71,3,35,45,0.03008757555,0.973052442,0,0,0
star_plus_co_correlated_control,71,4,45,55,-0.03467909529,0.9869200354,0,0,0
star_plus_co_correlated_control,71,5,55,65,-0.146246078,0.9944889019,0,0,0
star_co_plus_hi_ctl01,71,0,5,15,-0.06291182025,0.7271267266,0,0,0
star_co_plus_hi_ctl01,71,1,15,25,-0.03420426794,0.8283625916,0,0,0
star_co_plus_hi_ctl01,71,2,25,35,0.04203735323,0.8605304765,0,0,0
star_co_plus_hi_ctl01,71,3,35,45,0.03366666151,0.973052442,0,0,0
star_co_plus_hi_ctl01,71,4,45,55,-0.0314370999,0.9869200354,0,0,0
star_co_plus_hi_ctl01,71,5,55,65,-0.1569790066,0.9944889019,0,0,0
star_co_plus_hi_ctl10,71,0,5,15,-0.06247742328,0.7271267266,0,0,0
star_co_plus_hi_ctl10,71,1,15,25,-0.03350819484,0.8283625916,0,0,0
star_co_plus_hi_ctl10,71,2,25,35,0.04348843133,0.8605304765,0,0,0
star_co_plus_hi_ctl10,71,3,35,45,0.03369612368,0.973052442,0,0,0
star_co_plus_hi_ctl10,71,4,45,55,-0.03179348806,0.9869200354,0,0,0
star_co_plus_hi_ctl10,71,5,55,65,-0.1583442262,0.9944889019,0,0,0
star_co_plus_hi_ctl49,71,0,5,15,-0.06173364519,0.7271267266,0,0,0
star_co_plus_hi_ctl49,71,1,15,25,-0.03231450423,0.8283625916,0,0,0
star_co_plus_hi_ctl49,71,2,25,35,0.04586067232,0.8605304765,0,0,0
star_co_plus_hi_ctl49,71,3,35,45,0.03582231829,0.973052442,0,0,0
star_co_plus_hi_ctl49,71,4,45,55,-0.03240420443,0.9869200354,0,0,0
star_co_plus_hi_ctl49,71,5,55,65,-0.1569277945,0.9944889019,0,0,0
star_only,72,0,5,15,-0.05910704848,0.8282498038,0,0,0
star_only,72,1,15,25,-0.03893249507,0.8264937656,0,0,0
star_only,72,2,25,35,0.03459555282,0.9568627746,0,0,0
star_only,72,3,35,45,0.03523147848,0.9320903068,0,0,0
star_only,72,4,45,55,0.003763406303,0.8140396052,0,0,0
star_only,72,5,55,65,-0.008753757282,0.938601706,0,0,0
co_independent_only,72,0,5,15,-0.05998079158,0.7770716789,0,0,0
co_independent_only,72,1,15,25,-0.03754242184,0.8923255771,0,0,0
co_independent_only,72,2,25,35,0.0338142124,0.931726178,0,0,0
co_independent_only,72,3,35,45,0.02142479989,0.9986816763,0,0,0
co_independent_only,72,4,45,55,-0.0454102769,0.9343224355,0,0,0
co_independent_only,72,5,55,65,-0.1114069716,0.9762370048,0,0,0
star_plus_co_independent,72,0,5,15,-0.05881785347,0.8282498038,0,0,0
star_plus_co_independent,72,1,15,25,-0.04026711883,0.8264937656,0,0,0
star_plus_co_independent,72,2,25,35,0.03337657054,0.9568627746,0,0,0
star_plus_co_independent,72,3,35,45,0.0331157531,0.9320903068,0,0,0
star_plus_co_independent,72,4,45,55,-0.001051713351,0.8140396052,0,0,0
star_plus_co_independent,72,5,55,65,-0.01734854684,0.938601706,0,0,0
star_plus_co_correlated_control,72,0,5,15,-0.05954224359,0.8282498038,0,0.01138303927,0
star_plus_co_correlated_control,72,1,15,25,-0.03945395526,0.8264937656,0,0.01138303927,0
star_plus_co_correlated_control,72,2,25,35,0.03555712098,0.9568627746,0,0.01138303927,0
star_plus_co_correlated_control,72,3,35,45,0.0349720255,0.9320903068,0,0.01138303927,0
star_plus_co_correlated_control,72,4,45,55,0.003844192415,0.8140396052,0,0.01138303927,0
star_plus_co_correlated_control,72,5,55,65,-0.008360593349,0.938601706,0,0.01138303927,0
star_co_plus_hi_ctl01,72,0,5,15,-0.05865741688,0.8282498038,0,0,0
star_co_plus_hi_ctl01,72,1,15,25,-0.03977893891,0.8264937656,0,0,0
star_co_plus_hi_ctl01,72,2,25,35,0.03323544601,0.9568627746,0,0,0
star_co_plus_hi_ctl01,72,3,35,45,0.033835939,0.9320903068,0,0,0
star_co_plus_hi_ctl01,72,4,45,55,-0.0003218939794,0.8140396052,0,0,0
star_co_plus_hi_ctl01,72,5,55,65,-0.01680405531,0.938601706,0,0,0
star_co_plus_hi_ctl10,72,0,5,15,-0.05822467838,0.8282498038,0,0,0
star_co_plus_hi_ctl10,72,1,15,25,-0.03846256155,0.8264937656,0,0,0
star_co_plus_hi_ctl10,72,2,25,35,0.03285487047,0.9568627746,0,0,0
star_co_plus_hi_ctl10,72,3,35,45,0.03577548475,0.9320903068,0,0,0
star_co_plus_hi_ctl10,72,4,45,55,0.001644598759,0.8140396052,0,0,0
star_co_plus_hi_ctl10,72,5,55,65,-0.01586730498,0.938601706,0,0,0
star_co_plus_hi_ctl49,72,0,5,15,-0.05748228637,0.8282498038,0,0,0
star_co_plus_hi_ctl49,72,1,15,25,-0.03620547579,0.8264937656,0,0,0
star_co_plus_hi_ctl49,72,2,25,35,0.03220221967,0.9568627746,0,0,0
star_co_plus_hi_ctl49,72,3,35,45,0.03909283946,0.9320903068,0,0,0
star_co_plus_hi_ctl49,72,4,45,55,0.005011444837,0.8140396052,0,0,0
star_co_plus_hi_ctl49,72,5,55,65,-0.01112673563,0.938601706,0,0,0
star_only,73,0,5,15,-0.06112508534,0.7805660904,0,0,0
star_only,73,1,15,25,-0.03090403079,0.9622541637,0,0,0
star_only,73,2,25,35,0.03388407437,0.9015488551,0,0,0
star_only,73,3,35,45,0.02889914336,0.9982846383,0,0,0
star_only,73,4,45,55,-0.05532219332,0.9575650243,0,0,0
star_only,73,5,55,65,-0.1084752016,0.9999996456,0,0,0
co_independent_only,73,0,5,15,-0.06083927621,0.7770716789,0,0,0
co_independent_only,73,1,15,25,-0.03242178863,0.8923255771,0,0,0
co_independent_only,73,2,25,35,0.03428375679,0.931726178,0,0,0
co_independent_only,73,3,35,45,0.03194512056,0.9986816763,0,0,0
co_independent_only,73,4,45,55,-0.03893203809,0.9343224355,0,0,0
co_independent_only,73,5,55,65,-0.0972304804,0.9762370048,0,0,0
star_plus_co_independent,73,0,5,15,-0.06159232707,0.7805660904,0,0,0
star_plus_co_independent,73,1,15,25,-0.02685580009,0.9622541637,0,0,0
star_plus_co_independent,73,2,25,35,0.03428028235,0.9015488551,0,0,0
star_plus_co_independent,73,3,35,45,0.03618516359,0.9982846383,0,0,0
star_plus_co_independent,73,4,45,55,-0.05504748394,0.9575650243,0,0,0
star_plus_co_independent,73,5,55,65,-0.106629351,0.9999996456,0,0,0
star_plus_co_correlated_control,73,0,5,15,-0.06247648565,0.7805660904,0,0.03984063745,0
star_plus_co_correlated_control,73,1,15,25,-0.03209263951,0.9622541637,0,0.03984063745,0
star_plus_co_correlated_control,73,2,25,35,0.03627484303,0.9015488551,0,0.03984063745,0
star_plus_co_correlated_control,73,3,35,45,0.02786323438,0.9982846383,0,0.03984063745,0
star_plus_co_correlated_control,73,4,45,55,-0.05643370876,0.9575650243,0,0.03984063745,0
star_plus_co_correlated_control,73,5,55,65,-0.112212708,0.9999996456,0,0.03984063745,0
star_co_plus_hi_ctl01,73,0,5,15,-0.06163928411,0.7805660904,0,0,0
star_co_plus_hi_ctl01,73,1,15,25,-0.02678170918,0.9622541637,0,0,0
star_co_plus_hi_ctl01,73,2,25,35,0.03399776029,0.9015488551,0,0,0
star_co_plus_hi_ctl01,73,3,35,45,0.03521933896,0.9982846383,0,0,0
star_co_plus_hi_ctl01,73,4,45,55,-0.05581350566,0.9575650243,0,0,0
star_co_plus_hi_ctl01,73,5,55,65,-0.1065141396,0.9999996456,0,0,0
star_co_plus_hi_ctl10,73,0,5,15,-0.06176564439,0.7805660904,0,0,0
star_co_plus_hi_ctl10,73,1,15,25,-0.02658287788,0.9622541637,0,0,0
star_co_plus_hi_ctl10,73,2,25,35,0.0332369437,0.9015488551,0,0,0
star_co_plus_hi_ctl10,73,3,35,45,0.03262285301,0.9982846383,0,0,0
star_co_plus_hi_ctl10,73,4,45,55,-0.05758969951,0.9575650243,0,0,0
star_co_plus_hi_ctl10,73,5,55,65,-0.1033738303,0.9999996456,0,0,0
star_co_plus_hi_ctl49,73,0,5,15,-0.06198142713,0.7805660904,0,0,0
star_co_plus_hi_ctl49,73,1,15,25,-0.02624517618,0.9622541637,0,0,0
star_co_plus_hi_ctl49,73,2,25,35,0.03193596613,0.9015488551,0,0,0
star_co_plus_hi_ctl49,73,3,35,45,0.02819730174,0.9982846383,0,0,0
star_co_plus_hi_ctl49,73,4,45,55,-0.06062609652,0.9575650243,0,0,0
star_co_plus_hi_ctl49,73,5,55,65,-0.1033995676,0.9999996456,0,0,0
star_only,74,0,5,15,-0.06062964574,0.746072153,0,0,0
star_only,74,1,15,25,-0.03637318023,0.8537839964,0,0,0
star_only,74,2,25,35,0.03464810049,0.9655153913,0,0,0
star_only,74,3,35,45,0.00859865471,0.999999912,0,0,0
star_only,74,4,45,55,-0.09739667798,0.9952763087,0,0,0
star_only,74,5,55,65,-0.1351180575,0.9730866452,0,0,0
co_independent_only,74,0,5,15,-0.06170488134,0.7770716789,0,0,0
co_independent_only,74,1,15,25,-0.03758172386,0.8923255771,0,0,0
co_independent_only,74,2,25,35,0.03397639914,0.931726178,0,0,0
co_independent_only,74,3,35,45,0.02268980215,0.9986816763,0,0,0
co_independent_only,74,4,45,55,-0.04271604099,0.9343224355,0,0,0
co_independent_only,74,5,55,65,-0.09895979407,0.9762370048,0,0,0
star_plus_co_independent,74,0,5,15,-0.06206942435,0.746072153,0,0,0
star_plus_co_independent,74,1,15,25,-0.03782548624,0.8537839964,0,0,0
star_plus_co_independent,74,2,25,35,0.03404817321,0.9655153913,0,0,0
star_plus_co_independent,74,3,35,45,0.007080510063,0.999999912,0,0,0
star_plus_co_independent,74,4,45,55,-0.1008189223,0.9952763087,0,0,0
star_plus_co_independent,74,5,55,65,-0.1346731086,0.9730866452,0,0,0
star_plus_co_correlated_control,74,0,5,15,-0.06185515235,0.746072153,0,0.03813318156,0
star_plus_co_correlated_control,74,1,15,25,-0.03768981335,0.8537839964,0,0.03813318156,0
star_plus_co_correlated_control,74,2,25,35,0.0370791327,0.9655153913,0,0.03813318156,0
star_plus_co_correlated_control,74,3,35,45,0.007178129178,0.999999912,0,0.03813318156,0
star_plus_co_correlated_control,74,4,45,55,-0.09930480633,0.9952763087,0,0.03813318156,0
star_plus_co_correlated_control,74,5,55,65,-0.139620486,0.9730866452,0,0.03813318156,0
star_co_plus_hi_ctl01,74,0,5,15,-0.06209653069,0.746072153,0,0,0
star_co_plus_hi_ctl01,74,1,15,25,-0.03753658106,0.8537839964,0,0,0
star_co_plus_hi_ctl01,74,2,25,35,0.03430428298,0.9655153913,0,0,0
star_co_plus_hi_ctl01,74,3,35,45,0.006809994888,0.999999912,0,0,0
star_co_plus_hi_ctl01,74,4,45,55,-0.1012492412,0.9952763087,0,0,0
star_co_plus_hi_ctl01,74,5,55,65,-0.1341261459,0.9730866452,0,0,0
star_co_plus_hi_ctl10,74,0,5,15,-0.06216952264,0.746072153,0,0,0
star_co_plus_hi_ctl10,74,1,15,25,-0.03676030732,0.8537839964,0,0,0
star_co_plus_hi_ctl10,74,2,25,35,0.03499437063,0.9655153913,0,0,0
star_co_plus_hi_ctl10,74,3,35,45,0.006042994159,0.999999912,0,0,0
star_co_plus_hi_ctl10,74,4,45,55,-0.1022724757,0.9952763087,0,0,0
star_co_plus_hi_ctl10,74,5,55,65,-0.132663595,0.9730866452,0,0,0
star_co_plus_hi_ctl49,74,0,5,15,-0.06229433435,0.746072153,0,0,0
star_co_plus_hi_ctl49,74,1,15,25,-0.03543858974,0.8537839964,0,0,0
star_co_plus_hi_ctl49,74,2,25,35,0.03617586868,0.9655153913,0,0,0
star_co_plus_hi_ctl49,74,3,35,45,0.004395260417,0.999999912,0,0,0
star_co_plus_hi_ctl49,74,4,45,55,-0.1036015422,0.9952763087,0,0,0
star_co_plus_hi_ctl49,74,5,55,65,-0.1307650566,0.9730866452,0,0,0
star_only,75,0,5,15,-0.06092388972,0.7776212462,0,0,0
star_only,75,1,15,25,-0.03481629844,0.9359114292,0,0,0
star_only,75,2,25,35,0.03472399792,0.9680264647,0,0,0
star_only,75,3,35,45,0.01779673423,0.9868713176,0,0,0
star_only,75,4,45,55,-0.08676351431,0.9463352982,0,0,0
star_only,75,5,55,65,-0.09461778033,0.9822426618,0,0,0
co_independent_only,75,0,5,15,-0.05831472769,0.7770716789,0,0,0
co_independent_only,75,1,15,25,-0.03053478052,0.8923255771,0,0,0
co_independent_only,75,2,25,35,0.03195404466,0.931726178,0,0,0
co_independent_only,75,3,35,45,0.02650431699,0.9986816763,0,0,0
co_independent_only,75,4,45,55,-0.03551035818,0.9343224355,0,0,0
co_independent_only,75,5,55,65,-0.09105992517,0.9762370048,0,0,0
star_plus_co_independent,75,0,5,15,-0.0587424505,0.7776212462,0,0,0
star_plus_co_independent,75,1,15,25,-0.02944542567,0.9359114292,0,0,0
star_plus_co_independent,75,2,25,35,0.03207961907,0.9680264647,0,0,0
star_plus_co_independent,75,3,35,45,0.01820364412,0.9868713176,0,0,0
star_plus_co_independent,75,4,45,55,-0.08309192424,0.9463352982,0,0,0
star_plus_co_independent,75,5,55,65,-0.08648481804,0.9822426618,0,0,0
star_plus_co_correlated_control,75,0,5,15,-0.05981591517,0.7776212462,0,0,0
star_plus_co_correlated_control,75,1,15,25,-0.03336866697,0.9359114292,0,0,0
star_plus_co_correlated_control,75,2,25,35,0.03233272452,0.9680264647,0,0,0
star_plus_co_correlated_control,75,3,35,45,0.0189029339,0.9868713176,0,0,0
star_plus_co_correlated_control,75,4,45,55,-0.08530712999,0.9463352982,0,0,0
star_plus_co_correlated_control,75,5,55,65,-0.0927995126,0.9822426618,0,0,0
star_co_plus_hi_ctl01,75,0,5,15,-0.05903060662,0.7776212462,0,0,0
star_co_plus_hi_ctl01,75,1,15,25,-0.02973166846,0.9359114292,0,0,0
star_co_plus_hi_ctl01,75,2,25,35,0.03344792556,0.9680264647,0,0,0
star_co_plus_hi_ctl01,75,3,35,45,0.0190927922,0.9868713176,0,0,0
star_co_plus_hi_ctl01,75,4,45,55,-0.0825209126,0.9463352982,0,0,0
star_co_plus_hi_ctl01,75,5,55,65,-0.08644686983,0.9822426618,0,0,0
star_co_plus_hi_ctl10,75,0,5,15,-0.05980691608,0.7776212462,0,0,0
star_co_plus_hi_ctl10,75,1,15,25,-0.03050187445,0.9359114292,0,0,0
star_co_plus_hi_ctl10,75,2,25,35,0.03712894409,0.9680264647,0,0,0
star_co_plus_hi_ctl10,75,3,35,45,0.02147977664,0.9868713176,0,0,0
star_co_plus_hi_ctl10,75,4,45,55,-0.08098693366,0.9463352982,0,0,0
star_co_plus_hi_ctl10,75,5,55,65,-0.08575814787,0.9822426618,0,0,0
star_co_plus_hi_ctl49,75,0,5,15,-0.06113560421,0.7776212462,0,0,0
star_co_plus_hi_ctl49,75,1,15,25,-0.03152667299,0.9359114292,0,0,0
star_co_plus_hi_ctl49,75,2,25,35,0.04339105268,0.9680264647,0,0,0
star_co_plus_hi_ctl49,75,3,35,45,0.02563383608,0.9868713176,0,0,0
star_co_plus_hi_ctl49,75,4,45,55,-0.07846823609,0.9463352982,0,0,0
star_co_plus_hi_ctl49,75,5,55,65,-0.08496201916,0.9822426618,0,0,0
star_only,76,0,5,15,-0.05769520898,0.8046867168,0.002845759818,0,0
star_only,76,1,15,25,-0.04176236207,0.6871651,0.002845759818,0,0
star_only,76,2,25,35,0.03402755523,0.8164537421,0.002845759818,0,0
star_only,76,3,35,45,0.03234925811,0.9626374347,0.002845759818,0,0
star_only,76,4,45,55,-0.05223391561,0.9945248008,0.002845759818,0,0
star_only,76,5,55,65,-0.09433292563,0.9995655262,0.002845759818,0,0
co_independent_only,76,0,5,15,-0.05805158971,0.7770716789,0,0,0
co_independent_only,76,1,15,25,-0.03590861009,0.8923255771,0,0,0
co_independent_only,76,2,25,35,0.034379027,0.931726178,0,0,0
co_independent_only,76,3,35,45,0.02138236267,0.9986816763,0,0,0
co_independent_only,76,4,45,55,-0.04426739522,0.9343224355,0,0,0
co_independent_only,76,5,55,65,-0.1022711045,0.9762370048,0,0,0
star_plus_co_independent,76,0,5,15,-0.0556706254,0.8046867168,0.002845759818,0,0
star_plus_co_independent,76,1,15,25,-0.04090748235,0.6871651,0.002845759818,0,0
star_plus_co_independent,76,2,25,35,0.03398776768,0.8164537421,0.002845759818,0,0
star_plus_co_independent,76,3,35,45,0.02941362202,0.9626374347,0.002845759818,0,0
star_plus_co_independent,76,4,45,55,-0.05645002381,0.9945248008,0.002845759818,0,0
star_plus_co_independent,76,5,55,65,-0.09751543697,0.9995655262,0.002845759818,0,0
star_plus_co_correlated_control,76,0,5,15,-0.05749632536,0.8046867168,0.002845759818,0,0
star_plus_co_correlated_control,76,1,15,25,-0.04144060004,0.6871651,0.002845759818,0,0
star_plus_co_correlated_control,76,2,25,35,0.03355564871,0.8164537421,0.002845759818,0,0
star_plus_co_correlated_control,76,3,35,45,0.03249024402,0.9626374347,0.002845759818,0,0
star_plus_co_correlated_control,76,4,45,55,-0.05207457524,0.9945248008,0.002845759818,0,0
star_plus_co_correlated_control,76,5,55,65,-0.09391860402,0.9995655262,0.002845759818,0,0
star_co_plus_hi_ctl01,76,0,5,15,-0.05566867733,0.8046867168,0.002845759818,0,0
star_co_plus_hi_ctl01,76,1,15,25,-0.04137014479,0.6871651,0.002845759818,0,0
star_co_plus_hi_ctl01,76,2,25,35,0.03360516031,0.8164537421,0.002845759818,0,0
star_co_plus_hi_ctl01,76,3,35,45,0.02868744502,0.9626374347,0.002845759818,0,0
star_co_plus_hi_ctl01,76,4,45,55,-0.05685030569,0.9945248008,0.002845759818,0,0
star_co_plus_hi_ctl01,76,5,55,65,-0.09810879725,0.9995655262,0.002845759818,0,0
star_co_plus_hi_ctl10,76,0,5,15,-0.05566354218,0.8046867168,0.002845759818,0,0
star_co_plus_hi_ctl10,76,1,15,25,-0.04261585026,0.6871651,0.002845759818,0,0
star_co_plus_hi_ctl10,76,2,25,35,0.03257916757,0.8164537421,0.002845759818,0,0
star_co_plus_hi_ctl10,76,3,35,45,0.02673255939,0.9626374347,0.002845759818,0,0
star_co_plus_hi_ctl10,76,4,45,55,-0.05763913223,0.9945248008,0.002845759818,0,0
star_co_plus_hi_ctl10,76,5,55,65,-0.09941508106,0.9995655262,0.002845759818,0,0
star_co_plus_hi_ctl49,76,0,5,15,-0.055655133,0.8046867168,0.002845759818,0,0
star_co_plus_hi_ctl49,76,1,15,25,-0.04474545105,0.6871651,0.002845759818,0,0
star_co_plus_hi_ctl49,76,2,25,35,0.03072552445,0.8164537421,0.002845759818,0,0
star_co_plus_hi_ctl49,76,3,35,45,0.02471371027,0.9626374347,0.002845759818,0,0
star_co_plus_hi_ctl49,76,4,45,55,-0.05861782054,0.9945248008,0.002845759818,0,0
star_co_plus_hi_ctl49,76,5,55,65,-0.1008831672,0.9995655262,0.002845759818,0,0
star_only,77,0,5,15,-0.05874703967,0.7790094643,0,0,0
star_only,77,1,15,25,-0.03358863712,0.8573093417,0,0,0
star_only,77,2,25,35,0.03468424255,0.932507433,0,0,0
star_only,77,3,35,45,0.01212729436,0.989145953,0,0,0
star_only,77,4,45,55,-0.09022949702,0.9237476008,0,0,0
star_only,77,5,55,65,-0.1525618127,0.9916488354,0,0,0
co_independent_only,77,0,5,15,-0.05812335949,0.7770716789,0,0.005691519636,0
co_independent_only,77,1,15,25,-0.03319355853,0.8923255771,0,0.005691519636,0
co_independent_only,77,2,25,35,0.03374563343,0.931726178,0,0.005691519636,0
co_independent_only,77,3,35,45,0.02677296799,0.9986816763,0,0.005691519636,0
co_independent_only,77,4,45,55,-0.03952067294,0.9343224355,0,0.005691519636,0
co_independent_only,77,5,55,65,-0.1031888327,0.9762370048,0,0.005691519636,0
star_plus_co_independent,77,0,5,15,-0.05679688669,0.7790094643,0,0.005691519636,0
star_plus_co_independent,77,1,15,25,-0.03095727123,0.8573093417,0,0.005691519636,0
star_plus_co_independent,77,2,25,35,0.03352604883,0.932507433,0,0.005691519636,0
star_plus_co_independent,77,3,35,45,0.01183486887,0.989145953,0,0.005691519636,0
star_plus_co_independent,77,4,45,55,-0.09129623368,0.9237476008,0,0.005691519636,0
star_plus_co_independent,77,5,55,65,-0.1581807716,0.9916488354,0,0.005691519636,0
star_plus_co_correlated_control,77,0,5,15,-0.06309281698,0.7790094643,0,0.1610700057,0
star_plus_co_correlated_control,77,1,15,25,-0.0380133543,0.8573093417,0,0.1610700057,0
star_plus_co_correlated_control,77,2,25,35,0.04281585694,0.932507433,0,0.1610700057,0
star_plus_co_correlated_control,77,3,35,45,0.007024626198,0.989145953,0,0.1610700057,0
star_plus_co_correlated_control,77,4,45,55,-0.0958028318,0.9237476008,0,0.1610700057,0
star_plus_co_correlated_control,77,5,55,65,-0.1716348597,0.9916488354,0,0.1610700057,0
star_co_plus_hi_ctl01,77,0,5,15,-0.05693712801,0.7790094643,0,0.005691519636,0
star_co_plus_hi_ctl01,77,1,15,25,-0.03135217661,0.8573093417,0,0.005691519636,0
star_co_plus_hi_ctl01,77,2,25,35,0.03333108152,0.932507433,0,0.005691519636,0
star_co_plus_hi_ctl01,77,3,35,45,0.01098324047,0.989145953,0,0.005691519636,0
star_co_plus_hi_ctl01,77,4,45,55,-0.09218322068,0.9237476008,0,0.005691519636,0
star_co_plus_hi_ctl01,77,5,55,65,-0.1603507485,0.9916488354,0,0.005691519636,0
star_co_plus_hi_ctl10,77,0,5,15,-0.05731343139,0.7790094643,0,0.005691519636,0
star_co_plus_hi_ctl10,77,1,15,25,-0.03241109823,0.8573093417,0,0.005691519636,0
star_co_plus_hi_ctl10,77,2,25,35,0.03280819902,0.932507433,0,0.005691519636,0
star_co_plus_hi_ctl10,77,3,35,45,0.008695767595,0.989145953,0,0.005691519636,0
star_co_plus_hi_ctl10,77,4,45,55,-0.09456648733,0.9237476008,0,0.005691519636,0
star_co_plus_hi_ctl10,77,5,55,65,-0.1656464432,0.9916488354,0,0.005691519636,0
star_co_plus_hi_ctl49,77,0,5,15,-0.0579524098,0.7790094643,0,0.005691519636,0
star_co_plus_hi_ctl49,77,1,15,25,-0.03402211505,0.8573093417,0,0.005691519636,0
star_co_plus_hi_ctl49,77,2,25,35,0.0319212039,0.932507433,0,0.005691519636,0
star_co_plus_hi_ctl49,77,3,35,45,0.00406771569,0.989145953,0,0.005691519636,0
star_co_plus_hi_ctl49,77,4,45,55,-0.09828095778,0.9237476008,0,0.005691519636,0
star_co_plus_hi_ctl49,77,5,55,65,-0.1750213366,0.9916488354,0,0.005691519636,0
star_only,78,0,5,15,-0.06101334083,0.7731685983,0,0,0
star_only,78,1,15,25,-0.0328533205,0.9243789759,0,0,0
star_only,78,2,25,35,0.03432410981,0.8982256852,0,0,0
star_only,78,3,35,45,0.02401201871,0.9943799402,0,0,0
star_only,78,4,45,55,-0.07185122388,0.9780086891,0,0,0
star_only,78,5,55,65,-0.1215116094,0.9999016914,0,0,0
co_independent_only,78,0,5,15,-0.05838581866,0.7770716789,0,0.003414911781,0
co_independent_only,78,1,15,25,-0.03524946641,0.8923255771,0,0.003414911781,0
co_independent_only,78,2,25,35,0.03376938289,0.931726178,0,0.003414911781,0
co_independent_only,78,3,35,45,0.02884327898,0.9986816763,0,0.003414911781,0
co_independent_only,78,4,45,55,-0.03601134759,0.9343224355,0,0.003414911781,0
co_independent_only,78,5,55,65,-0.09461003413,0.9762370048,0,0.003414911781,0
star_plus_co_independent,78,0,5,15,-0.05903537636,0.7731685983,0,0.003414911781,0
star_plus_co_independent,78,1,15,25,-0.03213455287,0.9243789759,0,0.003414911781,0
star_plus_co_independent,78,2,25,35,0.03369973742,0.8982256852,0,0.003414911781,0
star_plus_co_independent,78,3,35,45,0.0282747272,0.9943799402,0,0.003414911781,0
star_plus_co_independent,78,4,45,55,-0.06742205623,0.9780086891,0,0.003414911781,0
star_plus_co_independent,78,5,55,65,-0.1165815631,0.9999016914,0,0.003414911781,0
star_plus_co_correlated_control,78,0,5,15,-0.05768287964,0.7731685983,0,0,0
star_plus_co_correlated_control,78,1,15,25,-0.02852887569,0.9243789759,0,0,0
star_plus_co_correlated_control,78,2,25,35,0.02752009611,0.8982256852,0,0,0
star_plus_co_correlated_control,78,3,35,45,0.02646997595,0.9943799402,0,0,0
star_plus_co_correlated_control,78,4,45,55,-0.06988028362,0.9780086891,0,0,0
star_plus_co_correlated_control,78,5,55,65,-0.1144463599,0.9999016914,0,0,0
star_co_plus_hi_ctl01,78,0,5,15,-0.05877443523,0.7731685983,0,0.003414911781,0
star_co_plus_hi_ctl01,78,1,15,25,-0.03182154983,0.9243789759,0,0.003414911781,0
star_co_plus_hi_ctl01,78,2,25,35,0.03337487714,0.8982256852,0,0.003414911781,0
star_co_plus_hi_ctl01,78,3,35,45,0.02874443593,0.9943799402,0,0.003414911781,0
star_co_plus_hi_ctl01,78,4,45,55,-0.06688704421,0.9780086891,0,0.003414911781,0
star_co_plus_hi_ctl01,78,5,55,65,-0.1157594044,0.9999016914,0,0.003414911781,0
star_co_plus_hi_ctl10,78,0,5,15,-0.05807280064,0.7731685983,0,0.003414911781,0
star_co_plus_hi_ctl10,78,1,15,25,-0.03098171138,0.9243789759,0,0.003414911781,0
star_co_plus_hi_ctl10,78,2,25,35,0.03250055835,0.8982256852,0,0.003414911781,0
star_co_plus_hi_ctl10,78,3,35,45,0.03000468593,0.9943799402,0,0.003414911781,0
star_co_plus_hi_ctl10,78,4,45,55,-0.06545225651,0.9780086891,0,0.003414911781,0
star_co_plus_hi_ctl10,78,5,55,65,-0.1155427292,0.9999016914,0,0.003414911781,0
star_co_plus_hi_ctl49,78,0,5,15,-0.05687648945,0.7731685983,0,0.003414911781,0
star_co_plus_hi_ctl49,78,1,15,25,-0.02955573878,0.9243789759,0,0.003414911781,0
star_co_plus_hi_ctl49,78,2,25,35,0.03100708065,0.8982256852,0,0.003414911781,0
star_co_plus_hi_ctl49,78,3,35,45,0.03214431205,0.9943799402,0,0.003414911781,0
star_co_plus_hi_ctl49,78,4,45,55,-0.06335355185,0.9780086891,0,0.003414911781,0
star_co_plus_hi_ctl49,78,5,55,65,-0.1147723883,0.9999016914,0,0.003414911781,0
star_only,79,0,5,15,-0.0605340084,0.7055434342,0,0,0
star_only,79,1,15,25,-0.03565695847,0.6720944203,0,0,0
star_only,79,2,25,35,0.03461365426,0.7930301592,0,0,0
star_only,79,3,35,45,0.02765496968,0.8948057353,0,0,0
star_only,79,4,45,55,-0.01821121822,0.9962646521,0,0,0
star_only,79,5,55,65,-0.09651503925,0.9697334776,0,0,0
co_independent_only,79,0,5,15,-0.05967452393,0.7770716789,0,0,0
co_independent_only,79,1,15,25,-0.03831281044,0.8923255771,0,0,0
co_independent_only,79,2,25,35,0.03149587482,0.931726178,0,0,0
co_independent_only,79,3,35,45,0.02167131198,0.9986816763,0,0,0
co_independent_only,79,4,45,55,-0.04336606699,0.9343224355,0,0,0
co_independent_only,79,5,55,65,-0.0991724589,0.9762370048,0,0,0
star_plus_co_independent,79,0,5,15,-0.05994448308,0.7055434342,0,0,0
star_plus_co_independent,79,1,15,25,-0.0378673754,0.6720944203,0,0,0
star_plus_co_independent,79,2,25,35,0.03163467717,0.7930301592,0,0,0
star_plus_co_independent,79,3,35,45,0.02476046831,0.8948057353,0,0,0
star_plus_co_independent,79,4,45,55,-0.02244356734,0.9962646521,0,0,0
star_plus_co_independent,79,5,55,65,-0.09661309892,0.9697334776,0,0,0
star_plus_co_correlated_control,79,0,5,15,-0.05863700205,0.7055434342,0,0,0
star_plus_co_correlated_control,79,1,15,25,-0.03309379573,0.6720944203,0,0,0
star_plus_co_correlated_control,79,2,25,35,0.03042400162,0.7930301592,0,0,0
star_plus_co_correlated_control,79,3,35,45,0.02915991714,0.8948057353,0,0,0
star_plus_co_correlated_control,79,4,45,55,-0.01787829212,0.9962646521,0,0,0
star_plus_co_correlated_control,79,5,55,65,-0.09366291995,0.9697334776,0,0,0
star_co_plus_hi_ctl01,79,0,5,15,-0.05972987321,0.7055434342,0,0,0
star_co_plus_hi_ctl01,79,1,15,25,-0.03781622334,0.6720944203,0,0,0
star_co_plus_hi_ctl01,79,2,25,35,0.03078276509,0.7930301592,0,0,0
star_co_plus_hi_ctl01,79,3,35,45,0.02489453199,0.8948057353,0,0,0
star_co_plus_hi_ctl01,79,4,45,55,-0.02209498545,0.9962646521,0,0,0
star_co_plus_hi_ctl01,79,5,55,65,-0.09654478955,0.9697334776,0,0,0
star_co_plus_hi_ctl10,79,0,5,15,-0.0591533466,0.7055434342,0,0,0
star_co_plus_hi_ctl10,79,1,15,25,-0.03767857182,0.6720944203,0,0,0
star_co_plus_hi_ctl10,79,2,25,35,0.02849400707,0.7930301592,0,0,0
star_co_plus_hi_ctl10,79,3,35,45,0.024959168,0.8948057353,0,0,0
star_co_plus_hi_ctl10,79,4,45,55,-0.02115179982,0.9962646521,0,0,0
star_co_plus_hi_ctl10,79,5,55,65,-0.09635840817,0.9697334776,0,0,0
star_co_plus_hi_ctl49,79,0,5,15,-0.05817212763,0.7055434342,0,0,0
star_co_plus_hi_ctl49,79,1,15,25,-0.03744349965,0.6720944203,0,0,0
star_co_plus_hi_ctl49,79,2,25,35,0.02459800476,0.7930301592,0,0,0
star_co_plus_hi_ctl49,79,3,35,45,0.02525260361,0.8948057353,0,0,0
star_co_plus_hi_ctl49,79,4,45,55,-0.01967101023,0.9962646521,0,0,0
star_co_plus_hi_ctl49,79,5,55,65,-0.09603145234,0.9697334776,0,0,0
star_only,80,0,5,15,-0.06029670761,0.7386867845,0,0,0
star_only,80,1,15,25,-0.04226063856,0.7637049476,0,0,0
star_only,80,2,25,35,0.03436111809,0.7707155644,0,0,0
star_only,80,3,35,45,0.04816937864,0.9993164679,0,0,0
star_only,80,4,45,55,0.1493692462,0.9939217914,0,0,0
star_only,80,5,55,65,-0.08011648492,0.8856188021,0,0,0
co_independent_only,80,0,5,15,-0.05917530652,0.7770716789,0,0.001707455891,0
co_independent_only,80,1,15,25,-0.03175275254,0.8923255771,0,0.001707455891,0
co_independent_only,80,2,25,35,0.03416063801,0.931726178,0,0.001707455891,0
co_independent_only,80,3,35,45,0.02492273962,0.9986816763,0,0.001707455891,0
co_independent_only,80,4,45,55,-0.05045605228,0.9343224355,0,0.001707455891,0
co_independent_only,80,5,55,65,-0.1072670414,0.9762370048,0,0.001707455891,0
star_plus_co_independent,80,0,5,15,-0.05918012865,0.7386867845,0,0.001707455891,0
star_plus_co_independent,80,1,15,25,-0.03750970945,0.7637049476,0,0.001707455891,0
star_plus_co_independent,80,2,25,35,0.03399729691,0.7707155644,0,0.001707455891,0
star_plus_co_independent,80,3,35,45,0.044453402,0.9993164679,0,0.001707455891,0
star_plus_co_independent,80,4,45,55,0.1441254299,0.9939217914,0,0.001707455891,0
star_plus_co_independent,80,5,55,65,-0.08878868598,0.8856188021,0,0.001707455891,0
star_plus_co_correlated_control,80,0,5,15,-0.06294058986,0.7386867845,0,0.07512805919,0
star_plus_co_correlated_control,80,1,15,25,-0.04569319455,0.7637049476,0,0.07512805919,0
star_plus_co_correlated_control,80,2,25,35,0.03936353165,0.7707155644,0,0.07512805919,0
star_plus_co_correlated_control,80,3,35,45,0.04988648601,0.9993164679,0,0.07512805919,0
star_plus_co_correlated_control,80,4,45,55,0.1564375343,0.9939217914,0,0.07512805919,0
star_plus_co_correlated_control,80,5,55,65,-0.08533679228,0.8856188021,0,0.07512805919,0
star_co_plus_hi_ctl01,80,0,5,15,-0.05900543947,0.7386867845,0,0.001707455891,0
star_co_plus_hi_ctl01,80,1,15,25,-0.03751550098,0.7637049476,0,0.001707455891,0
star_co_plus_hi_ctl01,80,2,25,35,0.03343933704,0.7707155644,0,0.001707455891,0
star_co_plus_hi_ctl01,80,3,35,45,0.04486316125,0.9993164679,0,0.001707455891,0
star_co_plus_hi_ctl01,80,4,45,55,0.1450044789,0.9939217914,0,0.001707455891,0
star_co_plus_hi_ctl01,80,5,55,65,-0.08850383245,0.8856188021,0,0.001707455891,0
star_co_plus_hi_ctl10,80,0,5,15,-0.0585351066,0.7386867845,0,0.001707455891,0
star_co_plus_hi_ctl10,80,1,15,25,-0.03753129881,0.7637049476,0,0.001707455891,0
star_co_plus_hi_ctl10,80,2,25,35,0.03193894017,0.7707155644,0,0.001707455891,0
star_co_plus_hi_ctl10,80,3,35,45,0.04596681497,0.9993164679,0,0.001707455891,0
star_co_plus_hi_ctl10,80,4,45,55,0.1473703396,0.9939217914,0,0.001707455891,0
star_co_plus_hi_ctl10,80,5,55,65,-0.08766227762,0.8856188021,0,0.001707455891,0
star_co_plus_hi_ctl49,80,0,5,15,-0.05773109128,0.7386867845,0,0.001707455891,0
star_co_plus_hi_ctl49,80,1,15,25,-0.03777906805,0.7637049476,0,0.001707455891,0
star_co_plus_hi_ctl49,80,2,25,35,0.02938030587,0.7707155644,0,0.001707455891,0
star_co_plus_hi_ctl49,80,3,35,45,0.04785488883,0.9993164679,0,0.001707455891,0
star_co_plus_hi_ctl49,80,4,45,55,0.1517500886,0.9939217914,0,0.001707455891,0
star_co_plus_hi_ctl49,80,5,55,65,-0.08444605659,0.8856188021,0,0.001707455891,0
star_only,81,0,5,15,-0.0604786578,0.755161098,0,0,0
star_only,81,1,15,25,-0.03189752152,0.9339740332,0,0,0
star_only,81,2,25,35,0.03472402324,0.9743437184,0,0,0
star_only,81,3,35,45,0.006695751707,0.9786886726,0,0,0
star_only,81,4,45,55,-0.1271550468,0.9568002063,0,0,0
star_only,81,5,55,65,-0.2103765313,0.9997669418,0,0,0
co_independent_only,81,0,5,15,-0.06275446611,0.7770716789,0,0,0
co_independent_only,81,1,15,25,-0.03940389419,0.8923255771,0,0,0
co_independent_only,81,2,25,35,0.03235361582,0.931726178,0,0,0
co_independent_only,81,3,35,45,0.02282045752,0.9986816763,0,0,0
co_independent_only,81,4,45,55,-0.04278554658,0.9343224355,0,0,0
co_independent_only,81,5,55,65,-0.107577539,0.9762370048,0,0,0
star_plus_co_independent,81,0,5,15,-0.06297093525,0.755161098,0,0,0
star_plus_co_independent,81,1,15,25,-0.03480241309,0.9339740332,0,0,0
star_plus_co_independent,81,2,25,35,0.03236113663,0.9743437184,0,0,0
star_plus_co_independent,81,3,35,45,0.00464407003,0.9786886726,0,0,0
star_plus_co_independent,81,4,45,55,-0.1317443583,0.9568002063,0,0,0
star_plus_co_independent,81,5,55,65,-0.2207650771,0.9997669418,0,0,0
star_plus_co_correlated_control,81,0,5,15,-0.06030832465,0.755161098,0,0,0
star_plus_co_correlated_control,81,1,15,25,-0.03169870637,0.9339740332,0,0,0
star_plus_co_correlated_control,81,2,25,35,0.03434861817,0.9743437184,0,0,0
star_plus_co_correlated_control,81,3,35,45,0.006895831347,0.9786886726,0,0,0
star_plus_co_correlated_control,81,4,45,55,-0.1268075174,0.9568002063,0,0,0
star_plus_co_correlated_control,81,5,55,65,-0.2093586933,0.9997669418,0,0,0
star_co_plus_hi_ctl01,81,0,5,15,-0.06295458199,0.755161098,0,0,0
star_co_plus_hi_ctl01,81,1,15,25,-0.03482333123,0.9339740332,0,0,0
star_co_plus_hi_ctl01,81,2,25,35,0.03269875474,0.9743437184,0,0,0
star_co_plus_hi_ctl01,81,3,35,45,0.005482030534,0.9786886726,0,0,0
star_co_plus_hi_ctl01,81,4,45,55,-0.1312117914,0.9568002063,0,0,0
star_co_plus_hi_ctl01,81,5,55,65,-0.2188760871,0.9997669418,0,0,0
star_co_plus_hi_ctl10,81,0,5,15,-0.06291046258,0.755161098,0,0,0
star_co_plus_hi_ctl10,81,1,15,25,-0.03487985911,0.9339740332,0,0,0
star_co_plus_hi_ctl10,81,2,25,35,0.03360816609,0.9743437184,0,0,0
star_co_plus_hi_ctl10,81,3,35,45,0.007619234415,0.9786886726,0,0,0
star_co_plus_hi_ctl10,81,4,45,55,-0.1299209022,0.9568002063,0,0,0
star_co_plus_hi_ctl10,81,5,55,65,-0.2138080474,0.9997669418,0,0,0
star_co_plus_hi_ctl49,81,0,5,15,-0.06283473728,0.755161098,0,0,0
star_co_plus_hi_ctl49,81,1,15,25,-0.03497719623,0.9339740332,0,0,0
star_co_plus_hi_ctl49,81,2,25,35,0.03517345055,0.9743437184,0,0,0
star_co_plus_hi_ctl49,81,3,35,45,0.009981651449,0.9786886726,0,0,0
star_co_plus_hi_ctl49,81,4,45,55,-0.128956602,0.9568002063,0,0,0
star_co_plus_hi_ctl49,81,5,55,65,-0.2065257888,0.9997669418,0,0,0
star_only,82,0,5,15,-0.06089196812,0.7618616081,0.01365964713,0,0
star_only,82,1,15,25,-0.03061536042,0.9540459637,0.01365964713,0,0
star_only,82,2,25,35,0.03183544699,0.9163767514,0.01365964713,0,0
star_only,82,3,35,45,0.0286139046,0.9999852566,0.01365964713,0,0
star_only,82,4,45,55,-0.04215843071,0.8942916219,0.01365964713,0,0
star_only,82,5,55,65,-0.04507361832,0.9971281213,0.01365964713,0,0
co_independent_only,82,0,5,15,-0.06147806355,0.7770716789,0,0,0
co_independent_only,82,1,15,25,-0.03508996592,0.8923255771,0,0,0
co_independent_only,82,2,25,35,0.03818385432,0.931726178,0,0,0
co_independent_only,82,3,35,45,0.02728416276,0.9986816763,0,0,0
co_independent_only,82,4,45,55,-0.04067522388,0.9343224355,0,0,0
co_independent_only,82,5,55,65,-0.1059144217,0.9762370048,0,0,0
star_plus_co_independent,82,0,5,15,-0.06222725278,0.7618616081,0.01365964713,0,0
star_plus_co_independent,82,1,15,25,-0.02926455766,0.9540459637,0.01365964713,0,0
star_plus_co_independent,82,2,25,35,0.03413873512,0.9163767514,0.01365964713,0,0
star_plus_co_independent,82,3,35,45,0.03076735546,0.9999852566,0.01365964713,0,0
star_plus_co_independent,82,4,45,55,-0.04277900748,0.8942916219,0.01365964713,0,0
star_plus_co_independent,82,5,55,65,-0.05355026649,0.9971281213,0.01365964713,0,0
star_plus_co_correlated_control,82,0,5,15,-0.06346681779,0.7618616081,0.01365964713,0.0734206033,0
star_plus_co_correlated_control,82,1,15,25,-0.03285776189,0.9540459637,0.01365964713,0.0734206033,0
star_plus_co_correlated_control,82,2,25,35,0.03550962817,0.9163767514,0.01365964713,0.0734206033,0
star_plus_co_correlated_control,82,3,35,45,0.02685270766,0.9999852566,0.01365964713,0.0734206033,0
star_plus_co_correlated_control,82,4,45,55,-0.04373937174,0.8942916219,0.01365964713,0.0734206033,0
star_plus_co_correlated_control,82,5,55,65,-0.04714653056,0.9971281213,0.01365964713,0.0734206033,0
star_co_plus_hi_ctl01,82,0,5,15,-0.06222881296,0.7618616081,0.01365964713,0,0
star_co_plus_hi_ctl01,82,1,15,25,-0.02954089855,0.9540459637,0.01365964713,0,0
star_co_plus_hi_ctl01,82,2,25,35,0.03394319748,0.9163767514,0.01365964713,0,0
star_co_plus_hi_ctl01,82,3,35,45,0.03074229748,0.9999852566,0.01365964713,0,0
star_co_plus_hi_ctl01,82,4,45,55,-0.04323619208,0.8942916219,0.01365964713,0,0
star_co_plus_hi_ctl01,82,5,55,65,-0.05455925201,0.9971281213,0.01365964713,0,0
star_co_plus_hi_ctl10,82,0,5,15,-0.06223308308,0.7618616081,0.01365964713,0,0
star_co_plus_hi_ctl10,82,1,15,25,-0.03028544945,0.9540459637,0.01365964713,0,0
star_co_plus_hi_ctl10,82,2,25,35,0.0334178767,0.9163767514,0.01365964713,0,0
star_co_plus_hi_ctl10,82,3,35,45,0.03067461672,0.9999852566,0.01365964713,0,0
star_co_plus_hi_ctl10,82,4,45,55,-0.04430326895,0.8942916219,0.01365964713,0,0
star_co_plus_hi_ctl10,82,5,55,65,-0.05729475184,0.9971281213,0.01365964713,0,0
star_co_plus_hi_ctl49,82,0,5,15,-0.06224061805,0.7618616081,0.01365964713,0,0
star_co_plus_hi_ctl49,82,1,15,25,-0.0312641566,0.9540459637,0.01365964713,0,0
star_co_plus_hi_ctl49,82,2,25,35,0.03252372976,0.9163767514,0.01365964713,0,0
star_co_plus_hi_ctl49,82,3,35,45,0.03055819088,0.9999852566,0.01365964713,0,0
star_co_plus_hi_ctl49,82,4,45,55,-0.0455653465,0.8942916219,0.01365964713,0,0
star_co_plus_hi_ctl49,82,5,55,65,-0.06251186689,0.9971281213,0.01365964713,0,0
star_only,83,0,5,15,-0.06097021999,0.8307050993,0,0,0
star_only,83,1,15,25,-0.03396129243,0.9957882585,0,0,0
star_only,83,2,25,35,0.03402218809,0.9733108653,0,0,0
star_only,83,3,35,45,0.01813021059,0.9994623851,0,0,0
star_only,83,4,45,55,-0.07778404546,0.9831642452,0,0,0
star_only,83,5,55,65,-0.187690823,0.9881686684,0,0,0
co_independent_only,83,0,5,15,-0.06171982281,0.7770716789,0,0.005691519636,0
co_independent_only,83,1,15,25,-0.03383359063,0.8923255771,0,0.005691519636,0
co_independent_only,83,2,25,35,0.03693834186,0.931726178,0,0.005691519636,0
co_independent_only,83,3,35,45,0.02904338144,0.9986816763,0,0.005691519636,0
co_independent_only,83,4,45,55,-0.04279490703,0.9343224355,0,0.005691519636,0
co_independent_only,83,5,55,65,-0.09983837279,0.9762370048,0,0.005691519636,0
star_plus_co_independent,83,0,5,15,-0.06234541235,0.8307050993,0,0.005691519636,0
star_plus_co_independent,83,1,15,25,-0.03155971596,0.9957882585,0,0.005691519636,0
star_plus_co_independent,83,2,25,35,0.03632576239,0.9733108653,0,0.005691519636,0
star_plus_co_independent,83,3,35,45,0.02230057845,0.9994623851,0,0.005691519636,0
star_plus_co_independent,83,4,45,55,-0.08151582513,0.9831642452,0,0.005691519636,0
star_plus_co_independent,83,5,55,65,-0.1869349088,0.9881686684,0,0.005691519636,0
star_plus_co_correlated_control,83,0,5,15,-0.0607881994,0.8307050993,0,0,0
star_plus_co_correlated_control,83,1,15,25,-0.03373705924,0.9957882585,0,0,0
star_plus_co_correlated_control,83,2,25,35,0.03365225216,0.9733108653,0,0,0
star_plus_co_correlated_control,83,3,35,45,0.01831174806,0.9994623851,0,0,0
star_plus_co_correlated_control,83,4,45,55,-0.07756911517,0.9831642452,0,0,0
star_plus_co_correlated_control,83,5,55,65,-0.1867583014,0.9881686684,0,0,0
star_co_plus_hi_ctl01,83,0,5,15,-0.0623887149,0.8307050993,0,0.005691519636,0
star_co_plus_hi_ctl01,83,1,15,25,-0.03197051574,0.9957882585,0,0.005691519636,0
star_co_plus_hi_ctl01,83,2,25,35,0.03604371519,0.9733108653,0,0.005691519636,0
star_co_plus_hi_ctl01,83,3,35,45,0.02110675173,0.9994623851,0,0.005691519636,0
star_co_plus_hi_ctl01,83,4,45,55,-0.08119413082,0.9831642452,0,0.005691519636,0
star_co_plus_hi_ctl01,83,5,55,65,-0.1873500945,0.9881686684,0,0.005691519636,0
star_co_plus_hi_ctl10,83,0,5,15,-0.06250531777,0.8307050993,0,0.005691519636,0
star_co_plus_hi_ctl10,83,1,15,25,-0.03307699716,0.9957882585,0,0.005691519636,0
star_co_plus_hi_ctl10,83,2,25,35,0.03528414742,0.9733108653,0,0.005691519636,0
star_co_plus_hi_ctl10,83,3,35,45,0.01789200328,0.9994623851,0,0.005691519636,0
star_co_plus_hi_ctl10,83,4,45,55,-0.08033300788,0.9831642452,0,0.005691519636,0
star_co_plus_hi_ctl10,83,5,55,65,-0.1884692303,0.9881686684,0,0.005691519636,0
star_co_plus_hi_ctl49,83,0,5,15,-0.06270469681,0.8307050993,0,0.005691519636,0
star_co_plus_hi_ctl49,83,1,15,25,-0.03496998838,0.9957882585,0,0.005691519636,0
star_co_plus_hi_ctl49,83,2,25,35,0.03398507094,0.9733108653,0,0.005691519636,0
star_co_plus_hi_ctl49,83,3,35,45,0.01239481217,0.9994623851,0,0.005691519636,0
star_co_plus_hi_ctl49,83,4,45,55,-0.07966079337,0.9831642452,0,0.005691519636,0
star_co_plus_hi_ctl49,83,5,55,65,-0.1876931637,0.9881686684,0,0.005691519636,0
star_only,84,0,5,15,-0.06096759284,0.7932848672,0,0,0
star_only,84,1,15,25,-0.03354234562,0.9812239639,0,0,0
star_only,84,2,25,35,0.03448602707,0.9779526686,0,0,0
star_only,84,3,35,45,0.02675533252,0.9762701513,0,0,0
star_only,84,4,45,55,-0.03791095689,0.9028929669,0,0,0
star_only,84,5,55,65,-0.06254605918,0.9927056626,0,0,0
co_independent_only,84,0,5,15,-0.06419539138,0.7770716789,0,0,0
co_independent_only,84,1,15,25,-0.04325896714,0.8923255771,0,0,0
co_independent_only,84,2,25,35,0.03378118889,0.931726178,0,0,0
co_independent_only,84,3,35,45,0.0163711365,0.9986816763,0,0,0
co_independent_only,84,4,45,55,-0.04432338528,0.9343224355,0,0,0
co_independent_only,84,5,55,65,-0.1013020387,0.9762370048,0,0,0
star_plus_co_independent,84,0,5,15,-0.06548530011,0.7932848672,0,0,0
star_plus_co_independent,84,1,15,25,-0.04021804412,0.9812239639,0,0,0
star_plus_co_independent,84,2,25,35,0.03266764512,0.9779526686,0,0,0
star_plus_co_independent,84,3,35,45,0.01847080124,0.9762701513,0,0,0
star_plus_co_independent,84,4,45,55,-0.04227086226,0.9028929669,0,0,0
star_plus_co_independent,84,5,55,65,-0.06447781959,0.9927056626,0,0,0
star_plus_co_correlated_control,84,0,5,15,-0.06158398619,0.7932848672,0,0.01707455891,0
star_plus_co_correlated_control,84,1,15,25,-0.03413766921,0.9812239639,0,0.01707455891,0
star_plus_co_correlated_control,84,2,25,35,0.03577980156,0.9779526686,0,0.01707455891,0
star_plus_co_correlated_control,84,3,35,45,0.02625175624,0.9762701513,0,0.01707455891,0
star_plus_co_correlated_control,84,4,45,55,-0.03823057765,0.9028929669,0,0.01707455891,0
star_plus_co_correlated_control,84,5,55,65,-0.0631121123,0.9927056626,0,0.01707455891,0
star_co_plus_hi_ctl01,84,0,5,15,-0.06563948638,0.7932848672,0,0,0
star_co_plus_hi_ctl01,84,1,15,25,-0.04010590896,0.9812239639,0,0,0
star_co_plus_hi_ctl01,84,2,25,35,0.03248126606,0.9779526686,0,0,0
star_co_plus_hi_ctl01,84,3,35,45,0.01910140257,0.9762701513,0,0,0
star_co_plus_hi_ctl01,84,4,45,55,-0.0422178237,0.9028929669,0,0,0
star_co_plus_hi_ctl01,84,5,55,65,-0.06587503806,0.9927056626,0,0,0
star_co_plus_hi_ctl10,84,0,5,15,-0.06605547817,0.7932848672,0,0,0
star_co_plus_hi_ctl10,84,1,15,25,-0.03956149849,0.9812239639,0,0,0
star_co_plus_hi_ctl10,84,2,25,35,0.03198497258,0.9779526686,0,0,0
star_co_plus_hi_ctl10,84,3,35,45,0.0207972404,0.9762701513,0,0,0
star_co_plus_hi_ctl10,84,4,45,55,-0.04221987792,0.9028929669,0,0,0
star_co_plus_hi_ctl10,84,5,55,65,-0.06963258211,0.9927056626,0,0,0
star_co_plus_hi_ctl49,84,0,5,15,-0.0667695213,0.7932848672,0,0,0
star_co_plus_hi_ctl49,84,1,15,25,-0.03860679201,0.9812239639,0,0,0
star_co_plus_hi_ctl49,84,2,25,35,0.03135325281,0.9779526686,0,0,0
star_co_plus_hi_ctl49,84,3,35,45,0.0232263055,0.9762701513,0,0,0
star_co_plus_hi_ctl49,84,4,45,55,-0.04319565824,0.9028929669,0,0,0
star_co_plus_hi_ctl49,84,5,55,65,-0.0760415204,0.9927056626,0,0,0
star_only,85,0,5,15,-0.0602278931,0.7941039213,0,0,0
star_only,85,1,15,25,-0.03238429835,0.8454575015,0,0,0
star_only,85,2,25,35,0.03422528858,0.8694959211,0,0,0
star_only,85,3,35,45,0.02338854635,0.9846128904,0,0,0
star_only,85,4,45,55,-0.05792877722,0.9858599843,0,0,0
star_only,85,5,55,65,-0.1159671134,0.9966899799,0,0,0
co_independent_only,85,0,5,15,-0.05634526029,0.7770716789,0,0.008537279454,0
co_independent_only,85,1,15,25,-0.03151881729,0.8923255771,0,0.008537279454,0
co_independent_only,85,2,25,35,0.02787275151,0.931726178,0,0.008537279454,0
co_independent_only,85,3,35,45,0.02899066702,0.9986816763,0,0.008537279454,0
co_independent_only,85,4,45,55,-0.0389789699,0.9343224355,0,0.008537279454,0
co_independent_only,85,5,55,65,-0.09819790178,0.9762370048,0,0.008537279454,0
star_plus_co_independent,85,0,5,15,-0.05628949904,0.7941039213,0,0.008537279454,0
star_plus_co_independent,85,1,15,25,-0.02824120618,0.8454575015,0,0.008537279454,0
star_plus_co_independent,85,2,25,35,0.02860714678,0.8694959211,0,0.008537279454,0
star_plus_co_independent,85,3,35,45,0.02744768988,0.9846128904,0,0.008537279454,0
star_plus_co_independent,85,4,45,55,-0.05835829513,0.9858599843,0,0.008537279454,0
star_plus_co_independent,85,5,55,65,-0.1158601578,0.9966899799,0,0.008537279454,0
star_plus_co_correlated_control,85,0,5,15,-0.06660542548,0.7941039213,0,0.2942515652,0
star_plus_co_correlated_control,85,1,15,25,-0.03844142261,0.8454575015,0,0.2942515652,0
star_plus_co_correlated_control,85,2,25,35,0.04472107991,0.8694959211,0,0.2942515652,0
star_plus_co_correlated_control,85,3,35,45,0.01773915369,0.9846128904,0,0.2942515652,0
star_plus_co_correlated_control,85,4,45,55,-0.06048774663,0.9858599843,0,0.2942515652,0
star_plus_co_correlated_control,85,5,55,65,-0.134874036,0.9966899799,0,0.2942515652,0
star_co_plus_hi_ctl01,85,0,5,15,-0.05656046718,0.7941039213,0,0.008537279454,0
star_co_plus_hi_ctl01,85,1,15,25,-0.02882685938,0.8454575015,0,0.008537279454,0
star_co_plus_hi_ctl01,85,2,25,35,0.02914991146,0.8694959211,0,0.008537279454,0
star_co_plus_hi_ctl01,85,3,35,45,0.02674988102,0.9846128904,0,0.008537279454,0
star_co_plus_hi_ctl01,85,4,45,55,-0.05795516463,0.9858599843,0,0.008537279454,0
star_co_plus_hi_ctl01,85,5,55,65,-0.1156879377,0.9966899799,0,0.008537279454,0
star_co_plus_hi_ctl10,85,0,5,15,-0.05729174309,0.7941039213,0,0.008537279454,0
star_co_plus_hi_ctl10,85,1,15,25,-0.02993614683,0.8454575015,0,0.008537279454,0
star_co_plus_hi_ctl10,85,2,25,35,0.03055721332,0.8694959211,0,0.008537279454,0
star_co_plus_hi_ctl10,85,3,35,45,0.02487130673,0.9846128904,0,0.008537279454,0
star_co_plus_hi_ctl10,85,4,45,55,-0.05789481959,0.9858599843,0,0.008537279454,0
star_co_plus_hi_ctl10,85,5,55,65,-0.1152248385,0.9966899799,0,0.008537279454,0
star_co_plus_hi_ctl49,85,0,5,15,-0.0585476762,0.7941039213,0,0.008537279454,0
star_co_plus_hi_ctl49,85,1,15,25,-0.03157138599,0.8454575015,0,0.008537279454,0
star_co_plus_hi_ctl49,85,2,25,35,0.03218474775,0.8694959211,0,0.008537279454,0
star_co_plus_hi_ctl49,85,3,35,45,0.02312454074,0.9846128904,0,0.008537279454,0
star_co_plus_hi_ctl49,85,4,45,55,-0.05880642716,0.9858599843,0,0.008537279454,0
star_co_plus_hi_ctl49,85,5,55,65,-0.1135499528,0.9966899799,0,0.008537279454,0
star_only,86,0,5,15,-0.06063021586,0.8722491074,0,0,0
star_only,86,1,15,25,-0.03340813039,0.9948132884,0,0,0
star_only,86,2,25,35,0.03312625874,0.9936105233,0,0,0
star_only,86,3,35,45,0.03161177932,0.9376301672,0,0,0
star_only,86,4,45,55,-0.02494406143,0.8830914399,0,0,0
star_only,86,5,55,65,-0.04110613574,0.9785562354,0,0,0
co_independent_only,86,0,5,15,-0.06199063798,0.7770716789,0,0.009675583381,0
co_independent_only,86,1,15,25,-0.04006656323,0.8923255771,0,0.009675583381,0
co_independent_only,86,2,25,35,0.02857158386,0.931726178,0,0.009675583381,0
co_independent_only,86,3,35,45,0.01784267737,0.9986816763,0,0.009675583381,0
co_independent_only,86,4,45,55,-0.05237706106,0.9343224355,0,0.009675583381,0
co_independent_only,86,5,55,65,-0.1071608777,0.9762370048,0,0.009675583381,0
star_plus_co_independent,86,0,5,15,-0.06241823962,0.8722491074,0,0.009675583381,0
star_plus_co_independent,86,1,15,25,-0.03718146803,0.9948132884,0,0.009675583381,0
star_plus_co_independent,86,2,25,35,0.02515570607,0.9936105233,0,0.009675583381,0
star_plus_co_independent,86,3,35,45,0.02414732398,0.9376301672,0,0.009675583381,0
star_plus_co_independent,86,4,45,55,-0.03665866499,0.8830914399,0,0.009675583381,0
star_plus_co_independent,86,5,55,65,-0.04744981804,0.9785562354,0,0.009675583381,0
star_plus_co_correlated_control,86,0,5,15,-0.0634528727,0.8722491074,0,0.07911212294,0
star_plus_co_correlated_control,86,1,15,25,-0.03615869039,0.9948132884,0,0.07911212294,0
star_plus_co_correlated_control,86,2,25,35,0.03750927804,0.9936105233,0,0.07911212294,0
star_plus_co_correlated_control,86,3,35,45,0.03002560737,0.9376301672,0,0.07911212294,0
star_plus_co_correlated_control,86,4,45,55,-0.02585773465,0.8830914399,0,0.07911212294,0
star_plus_co_correlated_control,86,5,55,65,-0.04306229112,0.9785562354,0,0.07911212294,0
star_co_plus_hi_ctl01,86,0,5,15,-0.0625799805,0.8722491074,0,0.009675583381,0
star_co_plus_hi_ctl01,86,1,15,25,-0.03715221672,0.9948132884,0,0.009675583381,0
star_co_plus_hi_ctl01,86,2,25,35,0.02564500911,0.9936105233,0,0.009675583381,0
star_co_plus_hi_ctl01,86,3,35,45,0.02479210399,0.9376301672,0,0.009675583381,0
star_co_plus_hi_ctl01,86,4,45,55,-0.03653632895,0.8830914399,0,0.009675583381,0
star_co_plus_hi_ctl01,86,5,55,65,-0.04781314202,0.9785562354,0,0.009675583381,0
star_co_plus_hi_ctl10,86,0,5,15,-0.06301639912,0.8722491074,0,0.009675583381,0
star_co_plus_hi_ctl10,86,1,15,25,-0.03692856719,0.9948132884,0,0.009675583381,0
star_co_plus_hi_ctl10,86,2,25,35,0.0269653667,0.9936105233,0,0.009675583381,0
star_co_plus_hi_ctl10,86,3,35,45,0.02652807888,0.9376301672,0,0.009675583381,0
star_co_plus_hi_ctl10,86,4,45,55,-0.03620723977,0.8830914399,0,0.009675583381,0
star_co_plus_hi_ctl10,86,5,55,65,-0.04968035876,0.9785562354,0,0.009675583381,0
star_co_plus_hi_ctl49,86,0,5,15,-0.06376565585,0.8722491074,0,0.009675583381,0
star_co_plus_hi_ctl49,86,1,15,25,-0.03646341311,0.9948132884,0,0.009675583381,0
star_co_plus_hi_ctl49,86,2,25,35,0.02923251524,0.9936105233,0,0.009675583381,0
star_co_plus_hi_ctl49,86,3,35,45,0.02941523422,0.9376301672,0,0.009675583381,0
star_co_plus_hi_ctl49,86,4,45,55,-0.03595183157,0.8830914399,0,0.009675583381,0
star_co_plus_hi_ctl49,86,5,55,65,-0.05329485797,0.9785562354,0,0.009675583381,0
star_only,87,0,5,15,-0.05941408831,0.7765097747,0,0,0
star_only,87,1,15,25,-0.03116558994,0.7446759072,0,0,0
star_only,87,2,25,35,0.03457695692,0.8424645533,0,0,0
star_only,87,3,35,45,0.02263803377,0.9005766852,0,0,0
star_only,87,4,45,55,-0.1192525027,0.93701886,0,0,0
star_only,87,5,55,65,-0.1618364068,0.9635269174,0,0,0
co_independent_only,87,0,5,15,-0.06030364315,0.7770716789,0,0.004553215709,0
co_independent_only,87,1,15,25,-0.0356582242,0.8923255771,0,0.004553215709,0
co_independent_only,87,2,25,35,0.02905920648,0.931726178,0,0.004553215709,0
co_independent_only,87,3,35,45,0.02853380934,0.9986816763,0,0.004553215709,0
co_independent_only,87,4,45,55,-0.03912210739,0.9343224355,0,0.004553215709,0
co_independent_only,87,5,55,65,-0.09142250007,0.9762370048,0,0.004553215709,0
star_plus_co_independent,87,0,5,15,-0.05935098823,0.7765097747,0,0.004553215709,0
star_plus_co_independent,87,1,15,25,-0.03083223219,0.7446759072,0,0.004553215709,0
star_plus_co_independent,87,2,25,35,0.02868943284,0.8424645533,0,0.004553215709,0
star_plus_co_independent,87,3,35,45,0.02643230118,0.9005766852,0,0.004553215709,0
star_plus_co_independent,87,4,45,55,-0.1219012685,0.93701886,0,0.004553215709,0
star_plus_co_independent,87,5,55,65,-0.1536530162,0.9635269174,0,0.004553215709,0
star_plus_co_correlated_control,87,0,5,15,-0.06337955391,0.7765097747,0,0.1291974957,0
star_plus_co_correlated_control,87,1,15,25,-0.03482024889,0.7446759072,0,0.1291974957,0
star_plus_co_correlated_control,87,2,25,35,0.04200638284,0.8424645533,0,0.1291974957,0
star_plus_co_correlated_control,87,3,35,45,0.01932527969,0.9005766852,0,0.1291974957,0
star_plus_co_correlated_control,87,4,45,55,-0.1269454433,0.93701886,0,0.1291974957,0
star_plus_co_correlated_control,87,5,55,65,-0.180565362,0.9635269174,0,0.1291974957,0
star_co_plus_hi_ctl01,87,0,5,15,-0.0590987299,0.7765097747,0,0.004553215709,0
star_co_plus_hi_ctl01,87,1,15,25,-0.03051019515,0.7446759072,0,0.004553215709,0
star_co_plus_hi_ctl01,87,2,25,35,0.02800691761,0.8424645533,0,0.004553215709,0
star_co_plus_hi_ctl01,87,3,35,45,0.02741493814,0.9005766852,0,0.004553215709,0
star_co_plus_hi_ctl01,87,4,45,55,-0.1216556273,0.93701886,0,0.004553215709,0
star_co_plus_hi_ctl01,87,5,55,65,-0.1536695075,0.9635269174,0,0.004553215709,0
star_co_plus_hi_ctl10,87,0,5,15,-0.05841906,0.7765097747,0,0.004553215709,0
star_co_plus_hi_ctl10,87,1,15,25,-0.02964234268,0.7446759072,0,0.004553215709,0
star_co_plus_hi_ctl10,87,2,25,35,0.02616972765,0.8424645533,0,0.004553215709,0
star_co_plus_hi_ctl10,87,3,35,45,0.03005756365,0.9005766852,0,0.004553215709,0
star_co_plus_hi_ctl10,87,4,45,55,-0.1209977389,0.93701886,0,0.004553215709,0
star_co_plus_hi_ctl10,87,5,55,65,-0.1537531923,0.9635269174,0,0.004553215709,0
star_co_plus_hi_ctl49,87,0,5,15,-0.0572555339,0.7765097747,0,0.004553215709,0
star_co_plus_hi_ctl49,87,1,15,25,-0.02815607427,0.7446759072,0,0.004553215709,0
star_co_plus_hi_ctl49,87,2,25,35,0.02303050532,0.8424645533,0,0.004553215709,0
star_co_plus_hi_ctl49,87,3,35,45,0.03456492856,0.9005766852,0,0.004553215709,0
star_co_plus_hi_ctl49,87,4,45,55,-0.1208978475,0.93701886,0,0.004553215709,0
star_co_plus_hi_ctl49,87,5,55,65,-0.1524375856,0.9635269174,0,0.004553215709,0
star_only,88,0,5,15,-0.0606212112,0.7936680901,0,0,0
star_only,88,1,15,25,-0.02949098949,0.9584685924,0,0,0
star_only,88,2,25,35,0.03471778516,0.9672280917,0,0,0
star_only,88,3,35,45,0.006142988204,0.9970601451,0,0,0
star_only,88,4,45,55,-0.09509059711,0.9979310353,0,0,0
star_only,88,5,55,65,-0.1429921214,0.9835743378,0,0,0
co_independent_only,88,0,5,15,-0.06400608831,0.7770716789,0,0.001138303927,0
co_independent_only,88,1,15,25,-0.04175889709,0.8923255771,0,0.001138303927,0
co_independent_only,88,2,25,35,0.04133287012,0.931726178,0,0.001138303927,0
co_independent_only,88,3,35,45,0.02021891166,0.9986816763,0,0.001138303927,0
co_independent_only,88,4,45,55,-0.04599978032,0.9343224355,0,0.001138303927,0
co_independent_only,88,5,55,65,-0.1054759229,0.9762370048,0,0.001138303927,0
star_plus_co_independent,88,0,5,15,-0.06437715853,0.7936680901,0,0.001138303927,0
star_plus_co_independent,88,1,15,25,-0.03321991267,0.9584685924,0,0.001138303927,0
star_plus_co_independent,88,2,25,35,0.04146997302,0.9672280917,0,0.001138303927,0
star_plus_co_independent,88,3,35,45,0.006002389062,0.9970601451,0,0.001138303927,0
star_plus_co_independent,88,4,45,55,-0.0969233033,0.9979310353,0,0.001138303927,0
star_plus_co_independent,88,5,55,65,-0.1473524847,0.9835743378,0,0.001138303927,0
star_plus_co_correlated_control,88,0,5,15,-0.05976576791,0.7936680901,0,0,0
star_plus_co_correlated_control,88,1,15,25,-0.02853442434,0.9584685924,0,0,0
star_plus_co_correlated_control,88,2,25,35,0.0328405536,0.9672280917,0,0,0
star_plus_co_correlated_control,88,3,35,45,0.007145675497,0.9970601451,0,0,0
star_plus_co_correlated_control,88,4,45,55,-0.09383416981,0.9979310353,0,0,0
star_plus_co_correlated_control,88,5,55,65,-0.1400775249,0.9835743378,0,0,0
star_co_plus_hi_ctl01,88,0,5,15,-0.06426418491,0.7936680901,0,0.001138303927,0
star_co_plus_hi_ctl01,88,1,15,25,-0.03293439989,0.9584685924,0,0.001138303927,0
star_co_plus_hi_ctl01,88,2,25,35,0.04140482136,0.9672280917,0,0.001138303927,0
star_co_plus_hi_ctl01,88,3,35,45,0.007352571489,0.9970601451,0,0.001138303927,0
star_co_plus_hi_ctl01,88,4,45,55,-0.09688901969,0.9979310353,0,0.001138303927,0
star_co_plus_hi_ctl01,88,5,55,65,-0.1482605893,0.9835743378,0,0.001138303927,0
star_co_plus_hi_ctl10,88,0,5,15,-0.06396040478,0.7936680901,0,0.001138303927,0
star_co_plus_hi_ctl10,88,1,15,25,-0.03216694161,0.9584685924,0,0.001138303927,0
star_co_plus_hi_ctl10,88,2,25,35,0.04122973343,0.9672280917,0,0.001138303927,0
star_co_plus_hi_ctl10,88,3,35,45,0.01098949956,0.9970601451,0,0.001138303927,0
star_co_plus_hi_ctl10,88,4,45,55,-0.0967976745,0.9979310353,0,0.001138303927,0
star_co_plus_hi_ctl10,88,5,55,65,-0.1497384654,0.9835743378,0,0.001138303927,0
star_co_plus_hi_ctl49,88,0,5,15,-0.06344241785,0.7936680901,0,0.001138303927,0
star_co_plus_hi_ctl49,88,1,15,25,-0.0308592277,0.9584685924,0,0.001138303927,0
star_co_plus_hi_ctl49,88,2,25,35,0.0412671056,0.9672280917,0,0.001138303927,0
star_co_plus_hi_ctl49,88,3,35,45,0.01625157193,0.9970601451,0,0.001138303927,0
star_co_plus_hi_ctl49,88,4,45,55,-0.09778839791,0.9979310353,0,0.001138303927,0
star_co_plus_hi_ctl49,88,5,55,65,-0.1501995201,0.9835743378,0,0.001138303927,0
star_only,89,0,5,15,-0.05856140181,0.7885311428,0.01024473534,0,0
star_only,89,1,15,25,-0.03623737413,0.8324078723,0.01024473534,0,0
star_only,89,2,25,35,0.03466929932,0.9539985347,0.01024473534,0,0
star_only,89,3,35,45,0.03187659491,0.9496428676,0.01024473534,0,0
star_only,89,4,45,55,-0.05062329429,0.4213702239,0.01024473534,0,0
star_only,89,5,55,65,0.05228369706,0.9661021256,0.01024473534,0,0
co_independent_only,89,0,5,15,-0.06090797398,0.7770716789,0,0,0
co_independent_only,89,1,15,25,-0.03406407548,0.8923255771,0,0,0
co_independent_only,89,2,25,35,0.03407732713,0.931726178,0,0,0
co_independent_only,89,3,35,45,0.02688233573,0.9986816763,0,0,0
co_independent_only,89,4,45,55,-0.03633415209,0.9343224355,0,0,0
co_independent_only,89,5,55,65,-0.09825177303,0.9762370048,0,0,0
star_plus_co_independent,89,0,5,15,-0.05927530636,0.7885311428,0.01024473534,0,0
star_plus_co_independent,89,1,15,25,-0.03416298041,0.8324078723,0.01024473534,0,0
star_plus_co_independent,89,2,25,35,0.03415574674,0.9539985347,0.01024473534,0,0
star_plus_co_independent,89,3,35,45,0.03534536857,0.9496428676,0.01024473534,0,0
star_plus_co_independent,89,4,45,55,-0.04719951221,0.4213702239,0.01024473534,0,0
star_plus_co_independent,89,5,55,65,0.05395753421,0.9661021256,0.01024473534,0,0
star_plus_co_correlated_control,89,0,5,15,-0.05866529154,0.7885311428,0.01024473534,0,0
star_plus_co_correlated_control,89,1,15,25,-0.03635296921,0.8324078723,0.01024473534,0,0
star_plus_co_correlated_control,89,2,25,35,0.03490291408,0.9539985347,0.01024473534,0,0
star_plus_co_correlated_control,89,3,35,45,0.03180246955,0.9496428676,0.01024473534,0,0
star_plus_co_correlated_control,89,4,45,55,-0.05070269326,0.4213702239,0.01024473534,0,0
star_plus_co_correlated_control,89,5,55,65,0.05259368326,0.9661021256,0.01024473534,0,0
star_co_plus_hi_ctl01,89,0,5,15,-0.05953227692,0.7885311428,0.01024473534,0,0
star_co_plus_hi_ctl01,89,1,15,25,-0.03439746436,0.8324078723,0.01024473534,0,0
star_co_plus_hi_ctl01,89,2,25,35,0.03456979777,0.9539985347,0.01024473534,0,0
star_co_plus_hi_ctl01,89,3,35,45,0.03519651976,0.9496428676,0.01024473534,0,0
star_co_plus_hi_ctl01,89,4,45,55,-0.04716824009,0.4213702239,0.01024473534,0,0
star_co_plus_hi_ctl01,89,5,55,65,0.05394776739,0.9661021256,0.01024473534,0,0
star_co_plus_hi_ctl10,89,0,5,15,-0.06022291672,0.7885311428,0.01024473534,0,0
star_co_plus_hi_ctl10,89,1,15,25,-0.03502780788,0.8324078723,0.01024473534,0,0
star_co_plus_hi_ctl10,89,2,25,35,0.03563583133,0.9539985347,0.01024473534,0,0
star_co_plus_hi_ctl10,89,3,35,45,0.0347963162,0.9496428676,0.01024473534,0,0
star_co_plus_hi_ctl10,89,4,45,55,-0.04708377872,0.4213702239,0.01024473534,0,0
star_co_plus_hi_ctl10,89,5,55,65,0.05500572341,0.9661021256,0.01024473534,0,0
star_co_plus_hi_ctl49,89,0,5,15,-0.06139940951,0.7885311428,0.01024473534,0,0
star_co_plus_hi_ctl49,89,1,15,25,-0.03610205426,0.8324078723,0.01024473534,0,0
star_co_plus_hi_ctl49,89,2,25,35,0.03690694673,0.9539985347,0.01024473534,0,0
star_co_plus_hi_ctl49,89,3,35,45,0.03411406098,0.9496428676,0.01024473534,0,0
star_co_plus_hi_ctl49,89,4,45,55,-0.04693850772,0.4213702239,0.01024473534,0,0
star_co_plus_hi_ctl49,89,5,55,65,0.05755741668,0.9661021256,0.01024473534,0,0
star_only,90,0,5,15,-0.05996674624,0.6552398362,0.005122367672,0,0
star_only,90,1,15,25,-0.03529036353,0.5074703874,0.005122367672,0,0
star_only,90,2,25,35,0.03394042964,0.6881028705,0.005122367672,0,0
star_only,90,3,35,45,0.02831171358,0.6019974543,0.005122367672,0,0
star_only,90,4,45,55,0.03588406854,0.9825372097,0.005122367672,0,0
star_only,90,5,55,65,0.005170988134,0.9959149939,0.005122367672,0,0
co_independent_only,90,0,5,15,-0.06085823398,0.7770716789,0,0.008537279454,0
co_independent_only,90,1,15,25,-0.03838253672,0.8923255771,0,0.008537279454,0
co_independent_only,90,2,25,35,0.03582739583,0.931726178,0,0.008537279454,0
co_independent_only,90,3,35,45,0.0230043423,0.9986816763,0,0.008537279454,0
co_independent_only,90,4,45,55,-0.03764372276,0.9343224355,0,0.008537279454,0
co_independent_only,90,5,55,65,-0.08990593652,0.9762370048,0,0.008537279454,0
star_plus_co_independent,90,0,5,15,-0.06049358022,0.6552398362,0.005122367672,0.008537279454,0
star_plus_co_independent,90,1,15,25,-0.03749981972,0.5074703874,0.005122367672,0.008537279454,0
star_plus_co_independent,90,2,25,35,0.0356425373,0.6881028705,0.005122367672,0.008537279454,0
star_plus_co_independent,90,3,35,45,0.02656023657,0.6019974543,0.005122367672,0.008537279454,0
star_plus_co_independent,90,4,45,55,0.03805909711,0.9825372097,0.005122367672,0.008537279454,0
star_plus_co_independent,90,5,55,65,0.01328103798,0.9959149939,0.005122367672,0.008537279454,0
star_plus_co_correlated_control,90,0,5,15,-0.0594184084,0.6552398362,0.005122367672,0,0
star_plus_co_correlated_control,90,1,15,25,-0.03455472323,0.5074703874,0.005122367672,0,0
star_plus_co_correlated_control,90,2,25,35,0.03269654138,0.6881028705,0.005122367672,0,0
star_plus_co_correlated_control,90,3,35,45,0.02874602153,0.6019974543,0.005122367672,0,0
star_plus_co_correlated_control,90,4,45,55,0.03548807588,0.9825372097,0.005122367672,0,0
star_plus_co_correlated_control,90,5,55,65,0.004440301572,0.9959149939,0.005122367672,0,0
star_co_plus_hi_ctl01,90,0,5,15,-0.06049914749,0.6552398362,0.005122367672,0.008537279454,0
star_co_plus_hi_ctl01,90,1,15,25,-0.03733564367,0.5074703874,0.005122367672,0.008537279454,0
star_co_plus_hi_ctl01,90,2,25,35,0.03614582433,0.6881028705,0.005122367672,0.008537279454,0
star_co_plus_hi_ctl01,90,3,35,45,0.02656286906,0.6019974543,0.005122367672,0.008537279454,0
star_co_plus_hi_ctl01,90,4,45,55,0.03806236553,0.9825372097,0.005122367672,0.008537279454,0
star_co_plus_hi_ctl01,90,5,55,65,0.01267492693,0.9959149939,0.005122367672,0.008537279454,0
star_co_plus_hi_ctl10,90,0,5,15,-0.06051436251,0.6552398362,0.005122367672,0.008537279454,0
star_co_plus_hi_ctl10,90,1,15,25,-0.03689351144,0.5074703874,0.005122367672,0.008537279454,0
star_co_plus_hi_ctl10,90,2,25,35,0.03750378174,0.6881028705,0.005122367672,0.008537279454,0
star_co_plus_hi_ctl10,90,3,35,45,0.02656907983,0.6019974543,0.005122367672,0.008537279454,0
star_co_plus_hi_ctl10,90,4,45,55,0.0380573483,0.9825372097,0.005122367672,0.008537279454,0
star_co_plus_hi_ctl10,90,5,55,65,0.01105084532,0.9959149939,0.005122367672,0.008537279454,0
star_co_plus_hi_ctl49,90,0,5,15,-0.06054113908,0.6552398362,0.005122367672,0.008537279454,0
star_co_plus_hi_ctl49,90,1,15,25,-0.03597922512,0.5074703874,0.005122367672,0.008537279454,0
star_co_plus_hi_ctl49,90,2,25,35,0.03809184345,0.6881028705,0.005122367672,0.008537279454,0
star_co_plus_hi_ctl49,90,3,35,45,0.02756446472,0.6019974543,0.005122367672,0.008537279454,0
star_co_plus_hi_ctl49,90,4,45,55,0.03764984984,0.9825372097,0.005122367672,0.008537279454,0
star_co_plus_hi_ctl49,90,5,55,65,0.005388959125,0.9959149939,0.005122367672,0.008537279454,0
star_only,91,0,5,15,-0.05988114265,0.7219322803,0,0,0
star_only,91,1,15,25,-0.03660284239,0.6329557658,0,0,0
star_only,91,2,25,35,0.0337808833,0.782315108,0,0,0
star_only,91,3,35,45,0.01157054301,0.9105176366,0,0,0
star_only,91,4,45,55,-0.0815530833,0.9838876646,0,0,0
star_only,91,5,55,65,-0.08816195889,0.9950053774,0,0,0
co_independent_only,91,0,5,15,-0.05771151653,0.7770716789,0,0.004553215709,0
co_independent_only,91,1,15,25,-0.03278331771,0.8923255771,0,0.004553215709,0
co_independent_only,91,2,25,35,0.03384174507,0.931726178,0,0.004553215709,0
co_independent_only,91,3,35,45,0.0228750169,0.9986816763,0,0.004553215709,0
co_independent_only,91,4,45,55,-0.04186744218,0.9343224355,0,0.004553215709,0
co_independent_only,91,5,55,65,-0.1015249482,0.9762370048,0,0.004553215709,0
star_plus_co_independent,91,0,5,15,-0.05736833893,0.7219322803,0,0.004553215709,0
star_plus_co_independent,91,1,15,25,-0.03318228423,0.6329557658,0,0.004553215709,0
star_plus_co_independent,91,2,25,35,0.03216859495,0.782315108,0,0.004553215709,0
star_plus_co_independent,91,3,35,45,0.009709154335,0.9105176366,0,0.004553215709,0
star_plus_co_independent,91,4,45,55,-0.08275574803,0.9838876646,0,0.004553215709,0
star_plus_co_independent,91,5,55,65,-0.09064196966,0.9950053774,0,0.004553215709,0
star_plus_co_correlated_control,91,0,5,15,-0.05939884936,0.7219322803,0,0,0
star_plus_co_correlated_control,91,1,15,25,-0.03593254415,0.6329557658,0,0,0
star_plus_co_correlated_control,91,2,25,35,0.03268478833,0.782315108,0,0,0
star_plus_co_correlated_control,91,3,35,45,0.01211249671,0.9105176366,0,0,0
star_plus_co_correlated_control,91,4,45,55,-0.08094249399,0.9838876646,0,0,0
star_plus_co_correlated_control,91,5,55,65,-0.08730623584,0.9950053774,0,0,0
star_co_plus_hi_ctl01,91,0,5,15,-0.05751381896,0.7219322803,0,0.004553215709,0
star_co_plus_hi_ctl01,91,1,15,25,-0.0334428894,0.6329557658,0,0.004553215709,0
star_co_plus_hi_ctl01,91,2,25,35,0.03237031202,0.782315108,0,0.004553215709,0
star_co_plus_hi_ctl01,91,3,35,45,0.01010328946,0.9105176366,0,0.004553215709,0
star_co_plus_hi_ctl01,91,4,45,55,-0.08242438675,0.9838876646,0,0.004553215709,0
star_co_plus_hi_ctl01,91,5,55,65,-0.08983715616,0.9950053774,0,0.004553215709,0
star_co_plus_hi_ctl10,91,0,5,15,-0.05790579255,0.7219322803,0,0.004553215709,0
star_co_plus_hi_ctl10,91,1,15,25,-0.03414483412,0.6329557658,0,0.004553215709,0
star_co_plus_hi_ctl10,91,2,25,35,0.03270671013,0.782315108,0,0.004553215709,0
star_co_plus_hi_ctl10,91,3,35,45,0.01130598023,0.9105176366,0,0.004553215709,0
star_co_plus_hi_ctl10,91,4,45,55,-0.08152940413,0.9838876646,0,0.004553215709,0
star_co_plus_hi_ctl10,91,5,55,65,-0.08970913956,0.9950053774,0,0.004553215709,0
star_co_plus_hi_ctl49,91,0,5,15,-0.05857681438,0.7219322803,0,0.004553215709,0
star_co_plus_hi_ctl49,91,1,15,25,-0.03534576747,0.6329557658,0,0.004553215709,0
star_co_plus_hi_ctl49,91,2,25,35,0.03329631999,0.782315108,0,0.004553215709,0
star_co_plus_hi_ctl49,91,3,35,45,0.01370842441,0.9105176366,0,0.004553215709,0
star_co_plus_hi_ctl49,91,4,45,55,-0.08116288785,0.9838876646,0,0.004553215709,0
star_co_plus_hi_ctl49,91,5,55,65,-0.09556956632,0.9950053774,0,0.004553215709,0
star_only,92,0,5,15,-0.05947058259,0.8547308101,0,0,0
star_only,92,1,15,25,-0.021685383,0.9542813276,0,0,0
star_only,92,2,25,35,0.0342772425,0.9552361856,0,0,0
star_only,92,3,35,45,0.01241570387,0.9660537347,0,0,0
star_only,92,4,45,55,-0.1033422843,0.9581453019,0,0,0
star_only,92,5,55,65,-0.1401004081,0.9378399735,0,0,0
co_independent_only,92,0,5,15,-0.06336451743,0.7770716789,0,0,0
co_independent_only,92,1,15,25,-0.03590365049,0.8923255771,0,0,0
co_independent_only,92,2,25,35,0.0389070081,0.931726178,0,0,0
co_independent_only,92,3,35,45,0.03286625259,0.9986816763,0,0,0
co_independent_only,92,4,45,55,-0.03604924492,0.9343224355,0,0,0
co_independent_only,92,5,55,65,-0.09738332741,0.9762370048,0,0,0
star_plus_co_independent,92,0,5,15,-0.06248714155,0.8547308101,0,0,0
star_plus_co_independent,92,1,15,25,-0.01960534998,0.9542813276,0,0,0
star_plus_co_independent,92,2,25,35,0.03851878604,0.9552361856,0,0,0
star_plus_co_independent,92,3,35,45,0.02110180986,0.9660537347,0,0,0
star_plus_co_independent,92,4,45,55,-0.09920885443,0.9581453019,0,0,0
star_plus_co_independent,92,5,55,65,-0.1378787721,0.9378399735,0,0,0
star_plus_co_correlated_control,92,0,5,15,-0.05797268042,0.8547308101,0,0,0
star_plus_co_correlated_control,92,1,15,25,-0.02040579687,0.9542813276,0,0,0
star_plus_co_correlated_control,92,2,25,35,0.03110510164,0.9552361856,0,0,0
star_plus_co_correlated_control,92,3,35,45,0.01408261669,0.9660537347,0,0,0
star_plus_co_correlated_control,92,4,45,55,-0.100902742,0.9581453019,0,0,0
star_plus_co_correlated_control,92,5,55,65,-0.1354665886,0.9378399735,0,0,0
star_co_plus_hi_ctl01,92,0,5,15,-0.06256875475,0.8547308101,0,0,0
star_co_plus_hi_ctl01,92,1,15,25,-0.01937526966,0.9542813276,0,0,0
star_co_plus_hi_ctl01,92,2,25,35,0.03873429514,0.9552361856,0,0,0
star_co_plus_hi_ctl01,92,3,35,45,0.02152873655,0.9660537347,0,0,0
star_co_plus_hi_ctl01,92,4,45,55,-0.09918901998,0.9581453019,0,0,0
star_co_plus_hi_ctl01,92,5,55,65,-0.1387629562,0.9378399735,0,0,0
star_co_plus_hi_ctl10,92,0,5,15,-0.06278907939,0.8547308101,0,0,0
star_co_plus_hi_ctl10,92,1,15,25,-0.01875428985,0.9542813276,0,0,0
star_co_plus_hi_ctl10,92,2,25,35,0.03931565042,0.9552361856,0,0,0
star_co_plus_hi_ctl10,92,3,35,45,0.02268076276,0.9660537347,0,0,0
star_co_plus_hi_ctl10,92,4,45,55,-0.09902516013,0.9581453019,0,0,0
star_co_plus_hi_ctl10,92,5,55,65,-0.1419759109,0.9378399735,0,0,0
star_co_plus_hi_ctl49,92,0,5,15,-0.06316771807,0.8547308101,0,0,0
star_co_plus_hi_ctl49,92,1,15,25,-0.0176025487,0.9542813276,0,0,0
star_co_plus_hi_ctl49,92,2,25,35,0.0403132495,0.9552361856,0,0,0
star_co_plus_hi_ctl49,92,3,35,45,0.02465883164,0.9660537347,0,0,0
star_co_plus_hi_ctl49,92,4,45,55,-0.09822186922,0.9581453019,0,0,0
star_co_plus_hi_ctl49,92,5,55,65,-0.1467519286,0.9378399735,0,0,0
star_only,93,0,5,15,-0.06022157522,0.6865517841,0,0,0
star_only,93,1,15,25,-0.03484548452,0.6572876885,0,0,0
star_only,93,2,25,35,0.0345565044,0.887589625,0,0,0
star_only,93,3,35,45,0.01772457924,0.9909001004,0,0,0
star_only,93,4,45,55,-0.01366322971,0.9943028555,0,0,0
star_only,93,5,55,65,-0.06940173272,0.9869527807,0,0,0
co_independent_only,93,0,5,15,-0.06123249188,0.7770716789,0,0.005691519636,0
co_independent_only,93,1,15,25,-0.03470852507,0.8923255771,0,0.005691519636,0
co_independent_only,93,2,25,35,0.03321190826,0.931726178,0,0.005691519636,0
co_independent_only,93,3,35,45,0.02606264566,0.9986816763,0,0.005691519636,0
co_independent_only,93,4,45,55,-0.03813009296,0.9343224355,0,0.005691519636,0
co_independent_only,93,5,55,65,-0.09768319868,0.9762370048,0,0.005691519636,0
star_plus_co_independent,93,0,5,15,-0.06115859906,0.6865517841,0,0.005691519636,0
star_plus_co_independent,93,1,15,25,-0.03344546237,0.6572876885,0,0.005691519636,0
star_plus_co_independent,93,2,25,35,0.0330041165,0.887589625,0,0.005691519636,0
star_plus_co_independent,93,3,35,45,0.01900834807,0.9909001004,0,0.005691519636,0
star_plus_co_independent,93,4,45,55,-0.01206677768,0.9943028555,0,0.005691519636,0
star_plus_co_independent,93,5,55,65,-0.06768032408,0.9869527807,0,0.005691519636,0
star_plus_co_correlated_control,93,0,5,15,-0.0602449028,0.6865517841,0,0,0
star_plus_co_correlated_control,93,1,15,25,-0.03486950485,0.6572876885,0,0,0
star_plus_co_correlated_control,93,2,25,35,0.03460892785,0.887589625,0,0,0
star_plus_co_correlated_control,93,3,35,45,0.01770074652,0.9909001004,0,0,0
star_plus_co_correlated_control,93,4,45,55,-0.01366583667,0.9943028555,0,0,0
star_plus_co_correlated_control,93,5,55,65,-0.06942859458,0.9869527807,0,0,0
star_co_plus_hi_ctl01,93,0,5,15,-0.06126863654,0.6865517841,0,0.005691519636,0
star_co_plus_hi_ctl01,93,1,15,25,-0.03346927767,0.6572876885,0,0.005691519636,0
star_co_plus_hi_ctl01,93,2,25,35,0.03369966378,0.887589625,0,0.005691519636,0
star_co_plus_hi_ctl01,93,3,35,45,0.01939792772,0.9909001004,0,0.005691519636,0
star_co_plus_hi_ctl01,93,4,45,55,-0.01227008144,0.9943028555,0,0.005691519636,0
star_co_plus_hi_ctl01,93,5,55,65,-0.06838828772,0.9869527807,0,0.005691519636,0
star_co_plus_hi_ctl10,93,0,5,15,-0.06156473038,0.6865517841,0,0.005691519636,0
star_co_plus_hi_ctl10,93,1,15,25,-0.03353341822,0.6572876885,0,0.005691519636,0
star_co_plus_hi_ctl10,93,2,25,35,0.03557090344,0.887589625,0,0.005691519636,0
star_co_plus_hi_ctl10,93,3,35,45,0.02044469075,0.9909001004,0,0.005691519636,0
star_co_plus_hi_ctl10,93,4,45,55,-0.01281789402,0.9943028555,0,0.005691519636,0
star_co_plus_hi_ctl10,93,5,55,65,-0.07213620533,0.9869527807,0,0.005691519636,0
star_co_plus_hi_ctl49,93,0,5,15,-0.06207031445,0.6865517841,0,0.005691519636,0
star_co_plus_hi_ctl49,93,1,15,25,-0.03364313154,0.6572876885,0,0.005691519636,0
star_co_plus_hi_ctl49,93,2,25,35,0.03876483592,0.887589625,0,0.005691519636,0
star_co_plus_hi_ctl49,93,3,35,45,0.02222691802,0.9909001004,0,0.005691519636,0
star_co_plus_hi_ctl49,93,4,45,55,-0.01375583002,0.9943028555,0,0.005691519636,0
star_co_plus_hi_ctl49,93,5,55,65,-0.0757968033,0.9869527807,0,0.005691519636,0
star_only,94,0,5,15,-0.05857996801,0.7022482584,0.006260671599,0,0
star_only,94,1,15,25,-0.04148034829,0.5346184988,0.006260671599,0,0
star_only,94,2,25,35,0.03421887688,0.699597064,0.006260671599,0,0
star_only,94,3,35,45,0.04501851762,0.9522165858,0.006260671599,0,0
star_only,94,4,45,55,0.02402108826,0.959306849,0.006260671599,0,0
star_only,94,5,55,65,-0.02011511791,0.9999901874,0.006260671599,0,0
co_independent_only,94,0,5,15,-0.06246628877,0.7770716789,0,0,0
co_independent_only,94,1,15,25,-0.03565592423,0.8923255771,0,0,0
co_independent_only,94,2,25,35,0.04130662936,0.931726178,0,0,0
co_independent_only,94,3,35,45,0.01954647974,0.9986816763,0,0,0
co_independent_only,94,4,45,55,-0.04414096927,0.9343224355,0,0,0
co_independent_only,94,5,55,65,-0.1074249533,0.9762370048,0,0,0
star_plus_co_independent,94,0,5,15,-0.06084328639,0.7022482584,0.006260671599,0,0
star_plus_co_independent,94,1,15,25,-0.04217714664,0.5346184988,0.006260671599,0,0
star_plus_co_independent,94,2,25,35,0.0408684999,0.699597064,0.006260671599,0,0
star_plus_co_independent,94,3,35,45,0.04060495248,0.9522165858,0.006260671599,0,0
star_plus_co_independent,94,4,45,55,0.01936073461,0.959306849,0.006260671599,0,0
star_plus_co_independent,94,5,55,65,-0.02663543084,0.9999901874,0.006260671599,0,0
star_plus_co_correlated_control,94,0,5,15,-0.05784709603,0.7022482584,0.006260671599,0,0
star_plus_co_correlated_control,94,1,15,25,-0.04029751408,0.5346184988,0.006260671599,0,0
star_plus_co_correlated_control,94,2,25,35,0.03251496204,0.699597064,0.006260671599,0,0
star_plus_co_correlated_control,94,3,35,45,0.04510553366,0.9522165858,0.006260671599,0,0
star_plus_co_correlated_control,94,4,45,55,0.02362722416,0.959306849,0.006260671599,0,0
star_plus_co_correlated_control,94,5,55,65,-0.02056436759,0.9999901874,0.006260671599,0,0
star_co_plus_hi_ctl01,94,0,5,15,-0.06058282145,0.7022482584,0.006260671599,0,0
star_co_plus_hi_ctl01,94,1,15,25,-0.04180580877,0.5346184988,0.006260671599,0,0
star_co_plus_hi_ctl01,94,2,25,35,0.04014674577,0.699597064,0.006260671599,0,0
star_co_plus_hi_ctl01,94,3,35,45,0.04160633712,0.9522165858,0.006260671599,0,0
star_co_plus_hi_ctl01,94,4,45,55,0.02022592886,0.959306849,0.006260671599,0,0
star_co_plus_hi_ctl01,94,5,55,65,-0.02589503822,0.9999901874,0.006260671599,0,0
star_co_plus_hi_ctl10,94,0,5,15,-0.05988051668,0.7022482584,0.006260671599,0,0
star_co_plus_hi_ctl10,94,1,15,25,-0.04080461895,0.5346184988,0.006260671599,0,0
star_co_plus_hi_ctl10,94,2,25,35,0.03788379764,0.699597064,0.006260671599,0,0
star_co_plus_hi_ctl10,94,3,35,45,0.04430450096,0.9522165858,0.006260671599,0,0
star_co_plus_hi_ctl10,94,4,45,55,0.02255681854,0.959306849,0.006260671599,0,0
star_co_plus_hi_ctl10,94,5,55,65,-0.02390094956,0.9999901874,0.006260671599,0,0
star_co_plus_hi_ctl49,94,0,5,15,-0.05867646665,0.7022482584,0.006260671599,0,0
star_co_plus_hi_ctl49,94,1,15,25,-0.03908837889,0.5346184988,0.006260671599,0,0
star_co_plus_hi_ctl49,94,2,25,35,0.03388215975,0.699597064,0.006260671599,0,0
star_co_plus_hi_ctl49,94,3,35,45,0.04893140272,0.9522165858,0.006260671599,0,0
star_co_plus_hi_ctl49,94,4,45,55,0.0265463029,0.959306849,0.006260671599,0,0
star_co_plus_hi_ctl49,94,5,55,65,-0.020489919,0.9999901874,0.006260671599,0,0
star_only,95,0,5,15,-0.06092286268,0.6829540304,0,0,0
star_only,95,1,15,25,-0.03286475799,0.7272856428,0,0,0
star_only,95,2,25,35,0.03466598475,0.8075691905,0,0,0
star_only,95,3,35,45,0.0209688005,0.9133025544,0,0,0
star_only,95,4,45,55,-0.0451260458,0.9791472666,0,0,0
star_only,95,5,55,65,-0.1509693501,0.9999964184,0,0,0
co_independent_only,95,0,5,15,-0.06230461927,0.7770716789,0,0.001138303927,0
co_independent_only,95,1,15,25,-0.03746603534,0.8923255771,0,0.001138303927,0
co_independent_only,95,2,25,35,0.03844575669,0.931726178,0,0.001138303927,0
co_independent_only,95,3,35,45,0.02619248432,0.9986816763,0,0.001138303927,0
co_independent_only,95,4,45,55,-0.03628157074,0.9343224355,0,0.001138303927,0
co_independent_only,95,5,55,65,-0.09850205907,0.9762370048,0,0.001138303927,0
star_plus_co_independent,95,0,5,15,-0.06289111507,0.6829540304,0,0.001138303927,0
star_plus_co_independent,95,1,15,25,-0.03394645644,0.7272856428,0,0.001138303927,0
star_plus_co_independent,95,2,25,35,0.03830306904,0.8075691905,0,0.001138303927,0
star_plus_co_independent,95,3,35,45,0.02249463761,0.9133025544,0,0.001138303927,0
star_plus_co_independent,95,4,45,55,-0.04135905722,0.9791472666,0,0.001138303927,0
star_plus_co_independent,95,5,55,65,-0.1495831325,0.9999964184,0,0.001138303927,0
star_plus_co_correlated_control,95,0,5,15,-0.06019461093,0.6829540304,0,0,0
star_plus_co_correlated_control,95,1,15,25,-0.0319726515,0.7272856428,0,0,0
star_plus_co_correlated_control,95,2,25,35,0.03311782238,0.8075691905,0,0,0
star_plus_co_correlated_control,95,3,35,45,0.02165089769,0.9133025544,0,0,0
star_plus_co_correlated_control,95,4,45,55,-0.04467181164,0.9791472666,0,0,0
star_plus_co_correlated_control,95,5,55,65,-0.1482433826,0.9999964184,0,0,0
star_co_plus_hi_ctl01,95,0,5,15,-0.0631017975,0.6829540304,0,0.001138303927,0
star_co_plus_hi_ctl01,95,1,15,25,-0.03387941091,0.7272856428,0,0.001138303927,0
star_co_plus_hi_ctl01,95,2,25,35,0.03833394125,0.8075691905,0,0.001138303927,0
star_co_plus_hi_ctl01,95,3,35,45,0.02296960455,0.9133025544,0,0.001138303927,0
star_co_plus_hi_ctl01,95,4,45,55,-0.04114824519,0.9791472666,0,0.001138303927,0
star_co_plus_hi_ctl01,95,5,55,65,-0.1507926252,0.9999964184,0,0.001138303927,0
star_co_plus_hi_ctl10,95,0,5,15,-0.06366800161,0.6829540304,0,0.001138303927,0
star_co_plus_hi_ctl10,95,1,15,25,-0.03369916804,0.7272856428,0,0.001138303927,0
star_co_plus_hi_ctl10,95,2,25,35,0.03841713668,0.8075691905,0,0.001138303927,0
star_co_plus_hi_ctl10,95,3,35,45,0.02424630799,0.9133025544,0,0.001138303927,0
star_co_plus_hi_ctl10,95,4,45,55,-0.04058221165,0.9791472666,0,0.001138303927,0
star_co_plus_hi_ctl10,95,5,55,65,-0.1539711105,0.9999964184,0,0.001138303927,0
star_co_plus_hi_ctl49,95,0,5,15,-0.06463241706,0.6829540304,0,0.001138303927,0
star_co_plus_hi_ctl49,95,1,15,25,-0.0333919601,0.7272856428,0,0.001138303927,0
star_co_plus_hi_ctl49,95,2,25,35,0.03855960516,0.8075691905,0,0.001138303927,0
star_co_plus_hi_ctl49,95,3,35,45,0.02642173687,0.9133025544,0,0.001138303927,0
star_co_plus_hi_ctl49,95,4,45,55,-0.04017218344,0.9791472666,0,0.001138303927,0
star_co_plus_hi_ctl49,95,5,55,65,-0.1540835807,0.9999964184,0,0.001138303927,0
star_only,96,0,5,15,-0.06091738444,0.7774227116,0,0,0
star_only,96,1,15,25,-0.03167052331,0.9365001778,0,0,0
star_only,96,2,25,35,0.0344715986,0.8691109546,0,0,0
star_only,96,3,35,45,0.0210607544,0.9766079647,0,0,0
star_only,96,4,45,55,-0.07386216321,0.9995475641,0,0,0
star_only,96,5,55,65,-0.1204993491,0.9957639659,0,0,0
co_independent_only,96,0,5,15,-0.06225852348,0.7770716789,0,0,0
co_independent_only,96,1,15,25,-0.0374566298,0.8923255771,0,0,0
co_independent_only,96,2,25,35,0.03658729938,0.931726178,0,0,0
co_independent_only,96,3,35,45,0.02850104439,0.9986816763,0,0,0
co_independent_only,96,4,45,55,-0.03865168792,0.9343224355,0,0,0
co_independent_only,96,5,55,65,-0.09876851976,0.9762370048,0,0,0
star_plus_co_independent,96,0,5,15,-0.06297569715,0.7774227116,0,0,0
star_plus_co_independent,96,1,15,25,-0.03245379392,0.9365001778,0,0,0
star_plus_co_independent,96,2,25,35,0.03613262126,0.8691109546,0,0,0
star_plus_co_independent,96,3,35,45,0.0251581832,0.9766079647,0,0,0
star_plus_co_independent,96,4,45,55,-0.07238732098,0.9995475641,0,0,0
star_plus_co_independent,96,5,55,65,-0.1201019522,0.9957639659,0,0,0
star_plus_co_correlated_control,96,0,5,15,-0.06366342758,0.7774227116,0,0.07683551508,0
star_plus_co_correlated_control,96,1,15,25,-0.03417068234,0.9365001778,0,0.07683551508,0
star_plus_co_correlated_control,96,2,25,35,0.03919317292,0.8691109546,0,0.07683551508,0
star_plus_co_correlated_control,96,3,35,45,0.01873170543,0.9766079647,0,0.07683551508,0
star_plus_co_correlated_control,96,4,45,55,-0.07708098449,0.9995475641,0,0.07683551508,0
star_plus_co_correlated_control,96,5,55,65,-0.129436149,0.9957639659,0,0.07683551508,0
star_co_plus_hi_ctl01,96,0,5,15,-0.06258326019,0.7774227116,0,0,0
star_co_plus_hi_ctl01,96,1,15,25,-0.03222286763,0.9365001778,0,0,0
star_co_plus_hi_ctl01,96,2,25,35,0.03526209761,0.8691109546,0,0,0
star_co_plus_hi_ctl01,96,3,35,45,0.02537046318,0.9766079647,0,0,0
star_co_plus_hi_ctl01,96,4,45,55,-0.07329703733,0.9995475641,0,0,0
star_co_plus_hi_ctl01,96,5,55,65,-0.1222432839,0.9957639659,0,0,0
star_co_plus_hi_ctl10,96,0,5,15,-0.06152753283,0.7774227116,0,0,0
star_co_plus_hi_ctl10,96,1,15,25,-0.03160080663,0.9365001778,0,0,0
star_co_plus_hi_ctl10,96,2,25,35,0.03291858175,0.8691109546,0,0,0
star_co_plus_hi_ctl10,96,3,35,45,0.02593919931,0.9766079647,0,0,0
star_co_plus_hi_ctl10,96,4,45,55,-0.07531855665,0.9995475641,0,0,0
star_co_plus_hi_ctl10,96,5,55,65,-0.1290975573,0.9957639659,0,0,0
star_co_plus_hi_ctl49,96,0,5,15,-0.05972573795,0.7774227116,0,0,0
star_co_plus_hi_ctl49,96,1,15,25,-0.03002062655,0.9365001778,0,0,0
star_co_plus_hi_ctl49,96,2,25,35,0.02891334367,0.8691109546,0,0,0
star_co_plus_hi_ctl49,96,3,35,45,0.02690193165,0.9766079647,0,0,0
star_co_plus_hi_ctl49,96,4,45,55,-0.07847304898,0.9995475641,0,0,0
star_co_plus_hi_ctl49,96,5,55,65,-0.1382059998,0.9957639659,0,0,0
star_only,97,0,5,15,-0.05938598239,0.872018109,0,0,0
star_only,97,1,15,25,-0.03635938809,0.9891332686,0,0,0
star_only,97,2,25,35,0.03440944593,0.9956144395,0,0,0
star_only,97,3,35,45,0.0213479191,0.9205817788,0,0,0
star_only,97,4,45,55,-0.042195301,0.8607476131,0,0,0
star_only,97,5,55,65,-0.08267537384,0.9330307541,0,0,0
co_independent_only,97,0,5,15,-0.06100935868,0.7770716789,0,0,0
co_independent_only,97,1,15,25,-0.03620966374,0.8923255771,0,0,0
co_independent_only,97,2,25,35,0.04201899646,0.931726178,0,0,0
co_independent_only,97,3,35,45,0.02951312219,0.9986816763,0,0,0
co_independent_only,97,4,45,55,-0.03458142414,0.9343224355,0,0,0
co_independent_only,97,5,55,65,-0.09345963499,0.9762370048,0,0,0
star_plus_co_independent,97,0,5,15,-0.06010868048,0.872018109,0,0,0
star_plus_co_independent,97,1,15,25,-0.03647093106,0.9891332686,0,0,0
star_plus_co_independent,97,2,25,35,0.04147130247,0.9956144395,0,0,0
star_plus_co_independent,97,3,35,45,0.02720161851,0.9205817788,0,0,0
star_plus_co_independent,97,4,45,55,-0.03666153509,0.8607476131,0,0,0
star_plus_co_independent,97,5,55,65,-0.07833155181,0.9330307541,0,0,0
star_plus_co_correlated_control,97,0,5,15,-0.06018873732,0.872018109,0,0.0250426864,0
star_plus_co_correlated_control,97,1,15,25,-0.03724250052,0.9891332686,0,0.0250426864,0
star_plus_co_correlated_control,97,2,25,35,0.03604928809,0.9956144395,0,0.0250426864,0
star_plus_co_correlated_control,97,3,35,45,0.02056691852,0.9205817788,0,0.0250426864,0
star_plus_co_correlated_control,97,4,45,55,-0.04268903114,0.8607476131,0,0.0250426864,0
star_plus_co_correlated_control,97,5,55,65,-0.08401098503,0.9330307541,0,0.0250426864,0
star_co_plus_hi_ctl01,97,0,5,15,-0.05999161979,0.872018109,0,0,0
star_co_plus_hi_ctl01,97,1,15,25,-0.03638886454,0.9891332686,0,0,0
star_co_plus_hi_ctl01,97,2,25,35,0.04168161872,0.9956144395,0,0,0
star_co_plus_hi_ctl01,97,3,35,45,0.02751759184,0.9205817788,0,0,0
star_co_plus_hi_ctl01,97,4,45,55,-0.03615886343,0.8607476131,0,0,0
star_co_plus_hi_ctl01,97,5,55,65,-0.07824436476,0.9330307541,0,0,0
star_co_plus_hi_ctl10,97,0,5,15,-0.05967617638,0.872018109,0,0,0
star_co_plus_hi_ctl10,97,1,15,25,-0.03616762299,0.9891332686,0,0,0
star_co_plus_hi_ctl10,97,2,25,35,0.04211890807,0.9956144395,0,0,0
star_co_plus_hi_ctl10,97,3,35,45,0.02840154378,0.9205817788,0,0,0
star_co_plus_hi_ctl10,97,4,45,55,-0.03480540405,0.8607476131,0,0,0
star_co_plus_hi_ctl10,97,5,55,65,-0.07502947114,0.9330307541,0,0,0
star_co_plus_hi_ctl49,97,0,5,15,-0.05913602703,0.872018109,0,0,0
star_co_plus_hi_ctl49,97,1,15,25,-0.03578845204,0.9891332686,0,0,0
star_co_plus_hi_ctl49,97,2,25,35,0.042456365,0.9956144395,0,0,0
star_co_plus_hi_ctl49,97,3,35,45,0.03041043019,0.9205817788,0,0,0
star_co_plus_hi_ctl49,97,4,45,55,-0.03249148557,0.8607476131,0,0,0
star_co_plus_hi_ctl49,97,5,55,65,-0.07023818285,0.9330307541,0,0,0
star_only,98,0,5,15,-0.05969189921,0.7511638983,0.01650540694,0,0
star_only,98,1,15,25,-0.03829635984,0.6321671024,0.01650540694,0,0
star_only,98,2,25,35,0.03426052669,0.7885090431,0.01650540694,0,0
star_only,98,3,35,45,0.02022046528,0.918541782,0.01650540694,0,0
star_only,98,4,45,55,-0.06427382369,0.998337522,0.01650540694,0,0
star_only,98,5,55,65,-0.09987465638,0.9811712735,0.01650540694,0,0
co_independent_only,98,0,5,15,-0.06237218536,0.7770716789,0,0.003414911781,0
co_independent_only,98,1,15,25,-0.03699514664,0.8923255771,0,0.003414911781,0
co_independent_only,98,2,25,35,0.03974820866,0.931726178,0,0.003414911781,0
co_independent_only,98,3,35,45,0.01836100718,0.9986816763,0,0.003414911781,0
co_independent_only,98,4,45,55,-0.04391464411,0.9343224355,0,0.003414911781,0
co_independent_only,98,5,55,65,-0.1057780259,0.9762370048,0,0.003414911781,0
star_plus_co_independent,98,0,5,15,-0.06176825139,0.7511638983,0.01650540694,0.003414911781,0
star_plus_co_independent,98,1,15,25,-0.03937843439,0.6321671024,0.01650540694,0.003414911781,0
star_plus_co_independent,98,2,25,35,0.04003785311,0.7885090431,0.01650540694,0.003414911781,0
star_plus_co_independent,98,3,35,45,0.01472974276,0.918541782,0.01650540694,0.003414911781,0
star_plus_co_independent,98,4,45,55,-0.06541030142,0.998337522,0.01650540694,0.003414911781,0
star_plus_co_independent,98,5,55,65,-0.1064964396,0.9811712735,0.01650540694,0.003414911781,0
star_plus_co_correlated_control,98,0,5,15,-0.05959666874,0.7511638983,0.01650540694,0,0
star_plus_co_correlated_control,98,1,15,25,-0.03816526016,0.6321671024,0.01650540694,0,0
star_plus_co_correlated_control,98,2,25,35,0.03404320346,0.7885090431,0.01650540694,0,0
star_plus_co_correlated_control,98,3,35,45,0.02031419583,0.918541782,0.01650540694,0,0
star_plus_co_correlated_control,98,4,45,55,-0.06418049043,0.998337522,0.01650540694,0,0
star_plus_co_correlated_control,98,5,55,65,-0.09966500159,0.9811712735,0.01650540694,0,0
star_co_plus_hi_ctl01,98,0,5,15,-0.06172105811,0.7511638983,0.01650540694,0.003414911781,0
star_co_plus_hi_ctl01,98,1,15,25,-0.03930488015,0.6321671024,0.01650540694,0.003414911781,0
star_co_plus_hi_ctl01,98,2,25,35,0.04004149958,0.7885090431,0.01650540694,0.003414911781,0
star_co_plus_hi_ctl01,98,3,35,45,0.01515914874,0.918541782,0.01650540694,0.003414911781,0
star_co_plus_hi_ctl01,98,4,45,55,-0.06448238357,0.998337522,0.01650540694,0.003414911781,0
star_co_plus_hi_ctl01,98,5,55,65,-0.1054733007,0.9811712735,0.01650540694,0.003414911781,0
star_co_plus_hi_ctl10,98,0,5,15,-0.06159416734,0.7511638983,0.01650540694,0.003414911781,0
star_co_plus_hi_ctl10,98,1,15,25,-0.03910695428,0.6321671024,0.01650540694,0.003414911781,0
star_co_plus_hi_ctl10,98,2,25,35,0.04005130453,0.7885090431,0.01650540694,0.003414911781,0
star_co_plus_hi_ctl10,98,3,35,45,0.01631503284,0.918541782,0.01650540694,0.003414911781,0
star_co_plus_hi_ctl10,98,4,45,55,-0.06198394417,0.998337522,0.01650540694,0.003414911781,0
star_co_plus_hi_ctl10,98,5,55,65,-0.1027174794,0.9811712735,0.01650540694,0.003414911781,0
star_co_plus_hi_ctl49,98,0,5,15,-0.06137783295,0.7511638983,0.01650540694,0.003414911781,0
star_co_plus_hi_ctl49,98,1,15,25,-0.03876898406,0.6321671024,0.01650540694,0.003414911781,0
star_co_plus_hi_ctl49,98,2,25,35,0.04006802256,0.7885090431,0.01650540694,0.003414911781,0
star_co_plus_hi_ctl49,98,3,35,45,0.0183341008,0.918541782,0.01650540694,0.003414911781,0
star_co_plus_hi_ctl49,98,4,45,55,-0.05771255645,0.998337522,0.01650540694,0.003414911781,0
star_co_plus_hi_ctl49,98,5,55,65,-0.09793626893,0.9811712735,0.01650540694,0.003414911781,0
star_only,99,0,5,15,-0.06097785701,0.7849532377,0,0,0
star_only,99,1,15,25,-0.03206980489,0.9668340142,0,0,0
star_only,99,2,25,35,0.03448198395,0.9637552321,0,0,0
star_only,99,3,35,45,0.01547647418,0.9926538893,0,0,0
star_only,99,4,45,55,-0.09034218831,0.9054040511,0,0,0
star_only,99,5,55,65,-0.1870219371,0.9842641955,0,0,0
co_independent_only,99,0,5,15,-0.05574187087,0.7770716789,0,0.002276607854,0
co_independent_only,99,1,15,25,-0.03082601326,0.8923255771,0,0.002276607854,0
co_independent_only,99,2,25,35,0.02924710856,0.931726178,0,0.002276607854,0
co_independent_only,99,3,35,45,0.02842020878,0.9986816763,0,0.002276607854,0
co_independent_only,99,4,45,55,-0.03716049494,0.9343224355,0,0.002276607854,0
co_independent_only,99,5,55,65,-0.0925867822,0.9762370048,0,0.002276607854,0
star_plus_co_independent,99,0,5,15,-0.05624746608,0.7849532377,0,0.002276607854,0
star_plus_co_independent,99,1,15,25,-0.02735873679,0.9668340142,0,0.002276607854,0
star_plus_co_independent,99,2,25,35,0.02985612025,0.9637552321,0,0.002276607854,0
star_plus_co_independent,99,3,35,45,0.01907442021,0.9926538893,0,0.002276607854,0
star_plus_co_independent,99,4,45,55,-0.08813348523,0.9054040511,0,0.002276607854,0
star_plus_co_independent,99,5,55,65,-0.1796444362,0.9842641955,0,0.002276607854,0
star_plus_co_correlated_control,99,0,5,15,-0.06034327304,0.7849532377,0,0,0
star_plus_co_correlated_control,99,1,15,25,-0.03130858531,0.9668340142,0,0,0
star_plus_co_correlated_control,99,2,25,35,0.03315202476,0.9637552321,0,0,0
star_plus_co_correlated_control,99,3,35,45,0.01613598549,0.9926538893,0,0,0
star_plus_co_correlated_control,99,4,45,55,-0.08946477112,0.9054040511,0,0,0
star_plus_co_correlated_control,99,5,55,65,-0.1838210597,0.9842641955,0,0,0
star_co_plus_hi_ctl01,99,0,5,15,-0.05618418711,0.7849532377,0,0.002276607854,0
star_co_plus_hi_ctl01,99,1,15,25,-0.02749018955,0.9668340142,0,0.002276607854,0
star_co_plus_hi_ctl01,99,2,25,35,0.02976709586,0.9637552321,0,0.002276607854,0
star_co_plus_hi_ctl01,99,3,35,45,0.01854382348,0.9926538893,0,0.002276607854,0
star_co_plus_hi_ctl01,99,4,45,55,-0.08806757339,0.9054040511,0,0.002276607854,0
star_co_plus_hi_ctl01,99,5,55,65,-0.1805218865,0.9842641955,0,0.002276607854,0
star_co_plus_hi_ctl10,99,0,5,15,-0.05601373197,0.7849532377,0,0.002276607854,0
star_co_plus_hi_ctl10,99,1,15,25,-0.02784429374,0.9668340142,0,0.002276607854,0
star_co_plus_hi_ctl10,99,2,25,35,0.02952723542,0.9637552321,0,0.002276607854,0
star_co_plus_hi_ctl10,99,3,35,45,0.01711381679,0.9926538893,0,0.002276607854,0
star_co_plus_hi_ctl10,99,4,45,55,-0.08789095146,0.9054040511,0,0.002276607854,0
star_co_plus_hi_ctl10,99,5,55,65,-0.182880739,0.9842641955,0,0.002276607854,0
star_co_plus_hi_ctl49,99,0,5,15,-0.05572206535,0.7849532377,0,0.002276607854,0
star_co_plus_hi_ctl49,99,1,15,25,-0.02845023258,0.9668340142,0,0.002276607854,0
star_co_plus_hi_ctl49,99,2,25,35,0.02911662388,0.9637552321,0,0.002276607854,0
star_co_plus_hi_ctl49,99,3,35,45,0.0146644329,0.9926538893,0,0.002276607854,0
star_co_plus_hi_ctl49,99,4,45,55,-0.0875918529,0.9054040511,0,0.002276607854,0
star_co_plus_hi_ctl49,99,5,55,65,-0.187082132,0.9842641955,0,0.002276607854,0
star_only,100,0,5,15,-0.06066006756,0.7243541534,0,0,0
star_only,100,1,15,25,-0.03826654442,0.7568266652,0,0,0
star_only,100,2,25,35,0.03471594038,0.8027120786,0,0,0
star_only,100,3,35,45,0.04340856867,0.973424856,0,0,0
star_only,100,4,45,55,-0.01848751562,0.9959489061,0,0,0
star_only,100,5,55,65,-0.02077389014,0.945725897,0,0,0
co_independent_only,100,0,5,15,-0.05752356832,0.7770716789,0,0.008537279454,0
co_independent_only,100,1,15,25,-0.03632388912,0.8923255771,0,0.008537279454,0
co_independent_only,100,2,25,35,0.02841455462,0.931726178,0,0.008537279454,0
co_independent_only,100,3,35,45,0.02057794325,0.9986816763,0,0.008537279454,0
co_independent_only,100,4,45,55,-0.04246796897,0.9343224355,0,0.008537279454,0
co_independent_only,100,5,55,65,-0.1024060369,0.9762370048,0,0.008537279454,0
star_plus_co_independent,100,0,5,15,-0.05788260685,0.7243541534,0,0.008537279454,0
star_plus_co_independent,100,1,15,25,-0.03793066142,0.7568266652,0,0.008537279454,0
star_plus_co_independent,100,2,25,35,0.02840336469,0.8027120786,0,0.008537279454,0
star_plus_co_independent,100,3,35,45,0.04018536979,0.973424856,0,0.008537279454,0
star_plus_co_independent,100,4,45,55,-0.02144308592,0.9959489061,0,0.008537279454,0
star_plus_co_independent,100,5,55,65,-0.02388230568,0.945725897,0,0.008537279454,0
star_plus_co_correlated_control,100,0,5,15,-0.06215169187,0.7243541534,0,0.04439385316,0
star_plus_co_correlated_control,100,1,15,25,-0.03996657485,0.7568266652,0,0.04439385316,0
star_plus_co_correlated_control,100,2,25,35,0.03754850147,0.8027120786,0,0.04439385316,0
star_plus_co_correlated_control,100,3,35,45,0.04308222387,0.973424856,0,0.04439385316,0
star_plus_co_correlated_control,100,4,45,55,-0.01878810408,0.9959489061,0,0.04439385316,0
star_plus_co_correlated_control,100,5,55,65,-0.02052332319,0.945725897,0,0.04439385316,0
star_co_plus_hi_ctl01,100,0,5,15,-0.05784483691,0.7243541534,0,0.008537279454,0
star_co_plus_hi_ctl01,100,1,15,25,-0.03761283935,0.7568266652,0,0.008537279454,0
star_co_plus_hi_ctl01,100,2,25,35,0.02866760246,0.8027120786,0,0.008537279454,0
star_co_plus_hi_ctl01,100,3,35,45,0.04121733049,0.973424856,0,0.008537279454,0
star_co_plus_hi_ctl01,100,4,45,55,-0.02027669775,0.9959489061,0,0.008537279454,0
star_co_plus_hi_ctl01,100,5,55,65,-0.02276875282,0.945725897,0,0.008537279454,0
star_co_plus_hi_ctl10,100,0,5,15,-0.057743028,0.7243541534,0,0.008537279454,0
star_co_plus_hi_ctl10,100,1,15,25,-0.0366885723,0.7568266652,0,0.008537279454,0
star_co_plus_hi_ctl10,100,2,25,35,0.02935333044,0.8027120786,0,0.008537279454,0
star_co_plus_hi_ctl10,100,3,35,45,0.04427381357,0.973424856,0,0.008537279454,0
star_co_plus_hi_ctl10,100,4,45,55,-0.01713502154,0.9959489061,0,0.008537279454,0
star_co_plus_hi_ctl10,100,5,55,65,-0.01976584913,0.945725897,0,0.008537279454,0
star_co_plus_hi_ctl49,100,0,5,15,-0.05756859295,0.7243541534,0,0.008537279454,0
star_co_plus_hi_ctl49,100,1,15,25,-0.0350990139,0.7568266652,0,0.008537279454,0
star_co_plus_hi_ctl49,100,2,25,35,0.03052928685,0.8027120786,0,0.008537279454,0
star_co_plus_hi_ctl49,100,3,35,45,0.04951098026,0.973424856,0,0.008537279454,0
star_co_plus_hi_ctl49,100,4,45,55,-0.0134622713,0.9959489061,0,0.008537279454,0
star_co_plus_hi_ctl49,100,5,55,65,-0.01694435614,0.945725897,0,0.008537279454,0
star_only,101,0,5,15,-0.06109328476,0.8090140363,0,0,0
star_only,101,1,15,25,-0.03568189313,0.9890139664,0,0,0
star_only,101,2,25,35,0.03377534577,0.9531031782,0,0,0
star_only,101,3,35,45,0.03066055403,0.9985348302,0,0,0
star_only,101,4,45,55,-0.02429946392,0.955244049,0,0,0
star_only,101,5,55,65,-0.1055770052,0.9986112956,0,0,0
co_independent_only,101,0,5,15,-0.06155588386,0.7770716789,0,0.002845759818,0
co_independent_only,101,1,15,25,-0.03446412252,0.8923255771,0,0.002845759818,0
co_independent_only,101,2,25,35,0.03108013537,0.931726178,0,0.002845759818,0
co_independent_only,101,3,35,45,0.0276778318,0.9986816763,0,0.002845759818,0
co_independent_only,101,4,45,55,-0.03531762866,0.9343224355,0,0.002845759818,0
co_independent_only,101,5,55,65,-0.0894560915,0.9762370048,0,0.002845759818,0
star_plus_co_independent,101,0,5,15,-0.0623577982,0.8090140363,0,0.002845759818,0
star_plus_co_independent,101,1,15,25,-0.03398213656,0.9890139664,0,0.002845759818,0
star_plus_co_independent,101,2,25,35,0.03084799036,0.9531031782,0,0.002845759818,0
star_plus_co_independent,101,3,35,45,0.03404881697,0.9985348302,0,0.002845759818,0
star_plus_co_independent,101,4,45,55,-0.01943879612,0.955244049,0,0.002845759818,0
star_plus_co_independent,101,5,55,65,-0.09584833971,0.9986112956,0,0.002845759818,0
star_plus_co_correlated_control,101,0,5,15,-0.06226682567,0.8090140363,0,0.03471826978,0
star_plus_co_correlated_control,101,1,15,25,-0.03690191769,0.9890139664,0,0.03471826978,0
star_plus_co_correlated_control,101,2,25,35,0.03587597981,0.9531031782,0,0.03471826978,0
star_plus_co_correlated_control,101,3,35,45,0.02981781201,0.9985348302,0,0.03471826978,0
star_plus_co_correlated_control,101,4,45,55,-0.02464607759,0.955244049,0,0.03471826978,0
star_plus_co_correlated_control,101,5,55,65,-0.1086081791,0.9986112956,0,0.03471826978,0
star_co_plus_hi_ctl01,101,0,5,15,-0.06242758165,0.8090140363,0,0.002845759818,0
star_co_plus_hi_ctl01,101,1,15,25,-0.03458336134,0.9890139664,0,0.002845759818,0
star_co_plus_hi_ctl01,101,2,25,35,0.03115510123,0.9531031782,0,0.002845759818,0
star_co_plus_hi_ctl01,101,3,35,45,0.03323755824,0.9985348302,0,0.002845759818,0
star_co_plus_hi_ctl01,101,4,45,55,-0.01981046292,0.955244049,0,0.002845759818,0
star_co_plus_hi_ctl01,101,5,55,65,-0.09654443499,0.9986112956,0,0.002845759818,0
star_co_plus_hi_ctl10,101,0,5,15,-0.06261566467,0.8090140363,0,0.002845759818,0
star_co_plus_hi_ctl10,101,1,15,25,-0.0357398147,0.9890139664,0,0.002845759818,0
star_co_plus_hi_ctl10,101,2,25,35,0.03203593628,0.9531031782,0,0.002845759818,0
star_co_plus_hi_ctl10,101,3,35,45,0.03104696448,0.9985348302,0,0.002845759818,0
star_co_plus_hi_ctl10,101,4,45,55,-0.02081253257,0.955244049,0,0.002845759818,0
star_co_plus_hi_ctl10,101,5,55,65,-0.09841383822,0.9986112956,0,0.002845759818,0
star_co_plus_hi_ctl49,101,0,5,15,-0.0629378575,0.8090140363,0,0.002845759818,0
star_co_plus_hi_ctl49,101,1,15,25,-0.03772815005,0.9890139664,0,0.002845759818,0
star_co_plus_hi_ctl49,101,2,25,35,0.03326815389,0.9531031782,0,0.002845759818,0
star_co_plus_hi_ctl49,101,3,35,45,0.02890046438,0.9985348302,0,0.002845759818,0
star_co_plus_hi_ctl49,101,4,45,55,-0.02253025942,0.955244049,0,0.002845759818,0
star_co_plus_hi_ctl49,101,5,55,65,-0.1014659137,0.9986112956,0,0.002845759818,0
star_only,102,0,5,15,-0.05764339786,0.8210468179,0,0,0
star_only,102,1,15,25,-0.03575473958,0.7251366296,0,0,0
star_only,102,2,25,35,0.0346634269,0.9202853202,0,0,0
star_only,102,3,35,45,0.01506229107,0.997732986,0,0,0
star_only,102,4,45,55,-0.1196776294,0.9977024537,0,0,0
star_only,102,5,55,65,-0.1533398311,0.9999742144,0,0,0
co_independent_only,102,0,5,15,-0.06332961263,0.7770716789,0,0.001138303927,0
co_independent_only,102,1,15,25,-0.04003092201,0.8923255771,0,0.001138303927,0
co_independent_only,102,2,25,35,0.03792279298,0.931726178,0,0.001138303927,0
co_independent_only,102,3,35,45,0.02334188603,0.9986816763,0,0.001138303927,0
co_independent_only,102,4,45,55,-0.04394765363,0.9343224355,0,0.001138303927,0
co_independent_only,102,5,55,65,-0.1057888459,0.9762370048,0,0.001138303927,0
star_plus_co_independent,102,0,5,15,-0.06027439013,0.8210468179,0,0.001138303927,0
star_plus_co_independent,102,1,15,25,-0.03954385456,0.7251366296,0,0.001138303927,0
star_plus_co_independent,102,2,25,35,0.03808075348,0.9202853202,0,0.001138303927,0
star_plus_co_independent,102,3,35,45,0.01537827763,0.997732986,0,0.001138303927,0
star_plus_co_independent,102,4,45,55,-0.1213377685,0.9977024537,0,0.001138303927,0
star_plus_co_independent,102,5,55,65,-0.1589969222,0.9999742144,0,0.001138303927,0
star_plus_co_correlated_control,102,0,5,15,-0.05433559428,0.8210468179,0,0,0
star_plus_co_correlated_control,102,1,15,25,-0.03086313517,0.7251366296,0,0,0
star_plus_co_correlated_control,102,2,25,35,0.02701714954,0.9202853202,0,0,0
star_plus_co_correlated_control,102,3,35,45,0.01801196018,0.997732986,0,0,0
star_plus_co_correlated_control,102,4,45,55,-0.1149966427,0.9977024537,0,0,0
star_plus_co_correlated_control,102,5,55,65,-0.1423025225,0.9999742144,0,0,0
star_co_plus_hi_ctl01,102,0,5,15,-0.06058485014,0.8210468179,0,0.001138303927,0
star_co_plus_hi_ctl01,102,1,15,25,-0.03934498312,0.7251366296,0,0.001138303927,0
star_co_plus_hi_ctl01,102,2,25,35,0.03906982763,0.9202853202,0,0.001138303927,0
star_co_plus_hi_ctl01,102,3,35,45,0.01651332933,0.997732986,0,0.001138303927,0
star_co_plus_hi_ctl01,102,4,45,55,-0.1201004272,0.9977024537,0,0.001138303927,0
star_co_plus_hi_ctl01,102,5,55,65,-0.1573483114,0.9999742144,0,0.001138303927,0
star_co_plus_hi_ctl10,102,0,5,15,-0.06142027339,0.8210468179,0,0.001138303927,0
star_co_plus_hi_ctl10,102,1,15,25,-0.03880982842,0.7251366296,0,0.001138303927,0
star_co_plus_hi_ctl10,102,2,25,35,0.04173504236,0.9202853202,0,0.001138303927,0
star_co_plus_hi_ctl10,102,3,35,45,0.01956673182,0.997732986,0,0.001138303927,0
star_co_plus_hi_ctl10,102,4,45,55,-0.1167737259,0.9977024537,0,0.001138303927,0
star_co_plus_hi_ctl10,102,5,55,65,-0.1529133632,0.9999742144,0,0.001138303927,0
star_co_plus_hi_ctl49,102,0,5,15,-0.06284684935,0.8210468179,0,0.001138303927,0
star_co_plus_hi_ctl49,102,1,15,25,-0.03789596276,0.7251366296,0,0.001138303927,0
star_co_plus_hi_ctl49,102,2,25,35,0.04491712506,0.9202853202,0,0.001138303927,0
star_co_plus_hi_ctl49,102,3,35,45,0.02477768155,0.997732986,0,0.001138303927,0
star_co_plus_hi_ctl49,102,4,45,55,-0.1111026777,0.9977024537,0,0.001138303927,0
star_co_plus_hi_ctl49,102,5,55,65,-0.1445259275,0.9999742144,0,0.001138303927,0
star_only,103,0,5,15,-0.06096686109,0.7451185513,0.009106431417,0,0
star_only,103,1,15,25,-0.03561664696,0.8452662156,0.009106431417,0,0
star_only,103,2,25,35,0.03460532639,0.8913989169,0.009106431417,0,0
star_only,103,3,35,45,0.0214918267,0.9680165952,0.009106431417,0,0
star_only,103,4,45,55,-0.0604358901,0.9984567147,0.009106431417,0,0
star_only,103,5,55,65,-0.1812777949,0.9994930121,0.009106431417,0,0
co_independent_only,103,0,5,15,-0.05765976516,0.7770716789,0,0.005691519636,0
co_independent_only,103,1,15,25,-0.03186428842,0.8923255771,0,0.005691519636,0
co_independent_only,103,2,25,35,0.03481987357,0.931726178,0,0.005691519636,0
co_independent_only,103,3,35,45,0.02701242163,0.9986816763,0,0.005691519636,0
co_independent_only,103,4,45,55,-0.04074761005,0.9343224355,0,0.005691519636,0
co_independent_only,103,5,55,65,-0.09902677817,0.9762370048,0,0.005691519636,0
star_plus_co_independent,103,0,5,15,-0.05820859242,0.7451185513,0.009106431417,0.005691519636,0
star_plus_co_independent,103,1,15,25,-0.03137936099,0.8452662156,0.009106431417,0.005691519636,0
star_plus_co_independent,103,2,25,35,0.03444625596,0.8913989169,0.009106431417,0.005691519636,0
star_plus_co_independent,103,3,35,45,0.02422150042,0.9680165952,0.009106431417,0.005691519636,0
star_plus_co_independent,103,4,45,55,-0.06037175674,0.9984567147,0.009106431417,0.005691519636,0
star_plus_co_independent,103,5,55,65,-0.1784178931,0.9994930121,0.009106431417,0.005691519636,0
star_plus_co_correlated_control,103,0,5,15,-0.06006585232,0.7451185513,0.009106431417,0,0
star_plus_co_correlated_control,103,1,15,25,-0.03441622433,0.8452662156,0.009106431417,0,0
star_plus_co_correlated_control,103,2,25,35,0.03262388334,0.8913989169,0.009106431417,0,0
star_plus_co_correlated_control,103,3,35,45,0.022329164,0.9680165952,0.009106431417,0,0
star_plus_co_correlated_control,103,4,45,55,-0.05964445027,0.9984567147,0.009106431417,0,0
star_plus_co_correlated_control,103,5,55,65,-0.1770844034,0.9994930121,0.009106431417,0,0
star_co_plus_hi_ctl01,103,0,5,15,-0.0584310802,0.7451185513,0.009106431417,0.005691519636,0
star_co_plus_hi_ctl01,103,1,15,25,-0.03163316027,0.8452662156,0.009106431417,0.005691519636,0
star_co_plus_hi_ctl01,103,2,25,35,0.03363793564,0.8913989169,0.009106431417,0.005691519636,0
star_co_plus_hi_ctl01,103,3,35,45,0.02407780357,0.9680165952,0.009106431417,0.005691519636,0
star_co_plus_hi_ctl01,103,4,45,55,-0.06141334131,0.9984567147,0.009106431417,0.005691519636,0
star_co_plus_hi_ctl01,103,5,55,65,-0.1787462322,0.9994930121,0.009106431417,0.005691519636,0
star_co_plus_hi_ctl10,103,0,5,15,-0.05902938601,0.7451185513,0.009106431417,0.005691519636,0
star_co_plus_hi_ctl10,103,1,15,25,-0.03228048025,0.8452662156,0.009106431417,0.005691519636,0
star_co_plus_hi_ctl10,103,2,25,35,0.03146453223,0.8913989169,0.009106431417,0.005691519636,0
star_co_plus_hi_ctl10,103,3,35,45,0.02369174139,0.9680165952,0.009106431417,0.005691519636,0
star_co_plus_hi_ctl10,103,4,45,55,-0.06476777326,0.9984567147,0.009106431417,0.005691519636,0
star_co_plus_hi_ctl10,103,5,55,65,-0.1796350615,0.9994930121,0.009106431417,0.005691519636,0
star_co_plus_hi_ctl49,103,0,5,15,-0.06004974111,0.7451185513,0.009106431417,0.005691519636,0
star_co_plus_hi_ctl49,103,1,15,25,-0.03283353304,0.8452662156,0.009106431417,0.005691519636,0
star_co_plus_hi_ctl49,103,2,25,35,0.0280047836,0.8913989169,0.009106431417,0.005691519636,0
star_co_plus_hi_ctl49,103,3,35,45,0.02287652796,0.9680165952,0.009106431417,0.005691519636,0
star_co_plus_hi_ctl49,103,4,45,55,-0.06977964113,0.9984567147,0.009106431417,0.005691519636,0
star_co_plus_hi_ctl49,103,5,55,65,-0.1858617299,0.9994930121,0.009106431417,0.005691519636,0
star_only,104,0,5,15,-0.05988618459,0.7194316994,0.009106431417,0,0
star_only,104,1,15,25,-0.03601635263,0.6727324989,0.009106431417,0,0
star_only,104,2,25,35,0.03374410801,0.803855716,0.009106431417,0,0
star_only,104,3,35,45,0.0194485663,0.8926735407,0.009106431417,0,0
star_only,104,4,45,55,-0.1030369725,0.9875831238,0.009106431417,0,0
star_only,104,5,55,65,-0.1879589303,0.9643320677,0.009106431417,0,0
co_independent_only,104,0,5,15,-0.06090773271,0.7770716789,0,0.003984063745,0
co_independent_only,104,1,15,25,-0.04122749829,0.8923255771,0,0.003984063745,0
co_independent_only,104,2,25,35,0.03113643822,0.931726178,0,0.003984063745,0
co_independent_only,104,3,35,45,0.02142326549,0.9986816763,0,0.003984063745,0
co_independent_only,104,4,45,55,-0.04003568907,0.9343224355,0,0.003984063745,0
co_independent_only,104,5,55,65,-0.105789151,0.9762370048,0,0.003984063745,0
star_plus_co_independent,104,0,5,15,-0.06042604373,0.7194316994,0.009106431417,0.003984063745,0
star_plus_co_independent,104,1,15,25,-0.04110696192,0.6727324989,0.009106431417,0.003984063745,0
star_plus_co_independent,104,2,25,35,0.03088935459,0.803855716,0.009106431417,0.003984063745,0
star_plus_co_independent,104,3,35,45,0.0159423319,0.8926735407,0.009106431417,0.003984063745,0
star_plus_co_independent,104,4,45,55,-0.099807156,0.9875831238,0.009106431417,0.003984063745,0
star_plus_co_independent,104,5,55,65,-0.1927349832,0.9643320677,0.009106431417,0.003984063745,0
star_plus_co_correlated_control,104,0,5,15,-0.05655487375,0.7194316994,0.009106431417,0,0
star_plus_co_correlated_control,104,1,15,25,-0.03128434207,0.6727324989,0.009106431417,0,0
star_plus_co_correlated_control,104,2,25,35,0.02627268425,0.803855716,0.009106431417,0,0
star_plus_co_correlated_control,104,3,35,45,0.02216410049,0.8926735407,0.009106431417,0,0
star_plus_co_correlated_control,104,4,45,55,-0.09944121622,0.9875831238,0.009106431417,0,0
star_plus_co_correlated_control,104,5,55,65,-0.1733937906,0.9643320677,0.009106431417,0,0
star_co_plus_hi_ctl01,104,0,5,15,-0.06065376796,0.7194316994,0.009106431417,0.003984063745,0
star_co_plus_hi_ctl01,104,1,15,25,-0.04086432553,0.6727324989,0.009106431417,0.003984063745,0
star_co_plus_hi_ctl01,104,2,25,35,0.03239328045,0.803855716,0.009106431417,0.003984063745,0
star_co_plus_hi_ctl01,104,3,35,45,0.01673800222,0.8926735407,0.009106431417,0.003984063745,0
star_co_plus_hi_ctl01,104,4,45,55,-0.09890296262,0.9875831238,0.009106431417,0.003984063745,0
star_co_plus_hi_ctl01,104,5,55,65,-0.1923480067,0.9643320677,0.009106431417,0.003984063745,0
star_co_plus_hi_ctl10,104,0,5,15,-0.06126564319,0.7194316994,0.009106431417,0.003984063745,0
star_co_plus_hi_ctl10,104,1,15,25,-0.04021237168,0.6727324989,0.009106431417,0.003984063745,0
star_co_plus_hi_ctl10,104,2,25,35,0.0363117167,0.803855716,0.009106431417,0.003984063745,0
star_co_plus_hi_ctl10,104,3,35,45,0.01887924287,0.8926735407,0.009106431417,0.003984063745,0
star_co_plus_hi_ctl10,104,4,45,55,-0.09647658508,0.9875831238,0.009106431417,0.003984063745,0
star_co_plus_hi_ctl10,104,5,55,65,-0.1916370241,0.9643320677,0.009106431417,0.003984063745,0
star_co_plus_hi_ctl49,104,0,5,15,-0.06230742032,0.7194316994,0.009106431417,0.003984063745,0
star_co_plus_hi_ctl49,104,1,15,25,-0.03910231563,0.6727324989,0.009106431417,0.003984063745,0
star_co_plus_hi_ctl49,104,2,25,35,0.04135969032,0.803855716,0.009106431417,0.003984063745,0
star_co_plus_hi_ctl49,104,3,35,45,0.02212293379,0.8926735407,0.009106431417,0.003984063745,0
star_co_plus_hi_ctl49,104,4,45,55,-0.09235566718,0.9875831238,0.009106431417,0.003984063745,0
star_co_plus_hi_ctl49,104,5,55,65,-0.1923677245,0.9643320677,0.009106431417,0.003984063745,0
star_only,105,0,5,15,-0.05775878079,0.8586324041,0.002845759818,0,0
star_only,105,1,15,25,-0.03270598153,0.8162011153,0.002845759818,0,0
star_only,105,2,25,35,0.0345950559,0.9696787502,0.002845759818,0,0
star_only,105,3,35,45,0.01699377269,0.953162508,0.002845759818,0,0
star_only,105,4,45,55,-0.08499584183,0.9118854598,0.002845759818,0,0
star_only,105,5,55,65,-0.1039466607,0.9071352059,0.002845759818,0,0
co_independent_only,105,0,5,15,-0.06032728944,0.7770716789,0,0.003414911781,0
co_independent_only,105,1,15,25,-0.03465512056,0.8923255771,0,0.003414911781,0
co_independent_only,105,2,25,35,0.03532974129,0.931726178,0,0.003414911781,0
co_independent_only,105,3,35,45,0.02359600501,0.9986816763,0,0.003414911781,0
co_independent_only,105,4,45,55,-0.03898912495,0.9343224355,0,0.003414911781,0
co_independent_only,105,5,55,65,-0.1030795631,0.9762370048,0,0.003414911781,0
star_plus_co_independent,105,0,5,15,-0.05803316916,0.8586324041,0.002845759818,0.003414911781,0
star_plus_co_independent,105,1,15,25,-0.03134379187,0.8162011153,0.002845759818,0.003414911781,0
star_plus_co_independent,105,2,25,35,0.035371576,0.9696787502,0.002845759818,0.003414911781,0
star_plus_co_independent,105,3,35,45,0.01535141258,0.953162508,0.002845759818,0.003414911781,0
star_plus_co_independent,105,4,45,55,-0.08384560781,0.9118854598,0.002845759818,0.003414911781,0
star_plus_co_independent,105,5,55,65,-0.1079344761,0.9071352059,0.002845759818,0.003414911781,0
star_plus_co_correlated_control,105,0,5,15,-0.05725039685,0.8586324041,0.002845759818,0,0
star_plus_co_correlated_control,105,1,15,25,-0.03204530053,0.8162011153,0.002845759818,0,0
star_plus_co_correlated_control,105,2,25,35,0.03344775397,0.9696787502,0.002845759818,0,0
star_plus_co_correlated_control,105,3,35,45,0.01754320976,0.953162508,0.002845759818,0,0
star_plus_co_correlated_control,105,4,45,55,-0.0842947411,0.9118854598,0.002845759818,0,0
star_plus_co_correlated_control,105,5,55,65,-0.102725463,0.9071352059,0.002845759818,0,0
star_co_plus_hi_ctl01,105,0,5,15,-0.05780111766,0.8586324041,0.002845759818,0.003414911781,0
star_co_plus_hi_ctl01,105,1,15,25,-0.03091621143,0.8162011153,0.002845759818,0.003414911781,0
star_co_plus_hi_ctl01,105,2,25,35,0.03525416308,0.9696787502,0.002845759818,0.003414911781,0
star_co_plus_hi_ctl01,105,3,35,45,0.01618332099,0.953162508,0.002845759818,0.003414911781,0
star_co_plus_hi_ctl01,105,4,45,55,-0.08360126597,0.9118854598,0.002845759818,0.003414911781,0
star_co_plus_hi_ctl01,105,5,55,65,-0.1087629487,0.9071352059,0.002845759818,0.003414911781,0
star_co_plus_hi_ctl10,105,0,5,15,-0.0571772625,0.8586324041,0.002845759818,0.003414911781,0
star_co_plus_hi_ctl10,105,1,15,25,-0.02958196086,0.8162011153,0.002845759818,0.003414911781,0
star_co_plus_hi_ctl10,105,2,25,35,0.03500678146,0.9696787502,0.002845759818,0.003414911781,0
star_co_plus_hi_ctl10,105,3,35,45,0.01842037061,0.953162508,0.002845759818,0.003414911781,0
star_co_plus_hi_ctl10,105,4,45,55,-0.08294376314,0.9118854598,0.002845759818,0.003414911781,0
star_co_plus_hi_ctl10,105,5,55,65,-0.110471678,0.9071352059,0.002845759818,0.003414911781,0
star_co_plus_hi_ctl49,105,0,5,15,-0.05611390363,0.8586324041,0.002845759818,0.003414911781,0
star_co_plus_hi_ctl49,105,1,15,25,-0.027305712,0.8162011153,0.002845759818,0.003414911781,0
star_co_plus_hi_ctl49,105,2,25,35,0.03462612602,0.9696787502,0.002845759818,0.003414911781,0
star_co_plus_hi_ctl49,105,3,35,45,0.02223518857,0.953162508,0.002845759818,0.003414911781,0
star_co_plus_hi_ctl49,105,4,45,55,-0.08234658574,0.9118854598,0.002845759818,0.003414911781,0
star_co_plus_hi_ctl49,105,5,55,65,-0.1110365964,0.9071352059,0.002845759818,0.003414911781,0
star_only,106,0,5,15,-0.05925587679,0.8238622913,0,0,0
star_only,106,1,15,25,-0.03762081808,0.7263479802,0,0,0
star_only,106,2,25,35,0.03401470247,0.8664717738,0,0,0
star_only,106,3,35,45,0.04229425616,0.999874277,0,0,0
star_only,106,4,45,55,-0.05312471748,0.9694577315,0,0,0
star_only,106,5,55,65,-0.06645856946,0.9778652786,0,0,0
co_independent_only,106,0,5,15,-0.05746263529,0.7770716789,0,0,0
co_independent_only,106,1,15,25,-0.03478433448,0.8923255771,0,0,0
co_independent_only,106,2,25,35,0.03232429225,0.931726178,0,0,0
co_independent_only,106,3,35,45,0.02907263192,0.9986816763,0,0,0
co_independent_only,106,4,45,55,-0.0403551465,0.9343224355,0,0,0
co_independent_only,106,5,55,65,-0.1009031118,0.9762370048,0,0,0
star_plus_co_independent,106,0,5,15,-0.05647979406,0.8238622913,0,0,0
star_plus_co_independent,106,1,15,25,-0.03612399163,0.7263479802,0,0,0
star_plus_co_independent,106,2,25,35,0.03231850535,0.8664717738,0,0,0
star_plus_co_independent,106,3,35,45,0.04465303281,0.999874277,0,0,0
star_plus_co_independent,106,4,45,55,-0.05325534345,0.9694577315,0,0,0
star_plus_co_independent,106,5,55,65,-0.06961977011,0.9778652786,0,0,0
star_plus_co_correlated_control,106,0,5,15,-0.05577920436,0.8238622913,0,0,0
star_plus_co_correlated_control,106,1,15,25,-0.03246627028,0.7263479802,0,0,0
star_plus_co_correlated_control,106,2,25,35,0.0268184515,0.8664717738,0,0,0
star_plus_co_correlated_control,106,3,35,45,0.04332922467,0.999874277,0,0,0
star_plus_co_correlated_control,106,4,45,55,-0.0518479636,0.9694577315,0,0,0
star_plus_co_correlated_control,106,5,55,65,-0.06511324857,0.9778652786,0,0,0
star_co_plus_hi_ctl01,106,0,5,15,-0.05657041916,0.8238622913,0,0,0
star_co_plus_hi_ctl01,106,1,15,25,-0.0362081335,0.7263479802,0,0,0
star_co_plus_hi_ctl01,106,2,25,35,0.03232938825,0.8664717738,0,0,0
star_co_plus_hi_ctl01,106,3,35,45,0.04479000254,0.999874277,0,0,0
star_co_plus_hi_ctl01,106,4,45,55,-0.05251785521,0.9694577315,0,0,0
star_co_plus_hi_ctl01,106,5,55,65,-0.0694860939,0.9778652786,0,0,0
star_co_plus_hi_ctl10,106,0,5,15,-0.05681418995,0.8238622913,0,0,0
star_co_plus_hi_ctl10,106,1,15,25,-0.03643458109,0.7263479802,0,0,0
star_co_plus_hi_ctl10,106,2,25,35,0.03236087563,0.8664717738,0,0,0
star_co_plus_hi_ctl10,106,3,35,45,0.04515825878,0.999874277,0,0,0
star_co_plus_hi_ctl10,106,4,45,55,-0.05053582744,0.9694577315,0,0,0
star_co_plus_hi_ctl10,106,5,55,65,-0.06912579776,0.9778652786,0,0,0
star_co_plus_hi_ctl49,106,0,5,15,-0.05723013772,0.8238622913,0,0,0
star_co_plus_hi_ctl49,106,1,15,25,-0.03682136064,0.7263479802,0,0,0
star_co_plus_hi_ctl49,106,2,25,35,0.03245187052,0.8664717738,0,0,0
star_co_plus_hi_ctl49,106,3,35,45,0.04578602643,0.999874277,0,0,0
star_co_plus_hi_ctl49,106,4,45,55,-0.0488792161,0.9694577315,0,0,0
star_co_plus_hi_ctl49,106,5,55,65,-0.06850857802,0.9778652786,0,0,0
star_only,107,0,5,15,-0.06104100529,0.7209801776,0.01821286283,0,0
star_only,107,1,15,25,-0.03201683226,0.8149150731,0.01821286283,0,0
star_only,107,2,25,35,0.03472242581,0.855543789,0.01821286283,0,0
star_only,107,3,35,45,0.01758945165,0.9436035779,0.01821286283,0,0
star_only,107,4,45,55,-0.09840732174,0.996867842,0.01821286283,0,0
star_only,107,5,55,65,-0.1295161888,0.9945634224,0.01821286283,0,0
co_independent_only,107,0,5,15,-0.06006765555,0.7770716789,0,0.003984063745,0
co_independent_only,107,1,15,25,-0.03595567335,0.8923255771,0,0.003984063745,0
co_independent_only,107,2,25,35,0.03161685588,0.931726178,0,0.003984063745,0
co_independent_only,107,3,35,45,0.0275563754,0.9986816763,0,0.003984063745,0
co_independent_only,107,4,45,55,-0.04121314213,0.9343224355,0,0.003984063745,0
co_independent_only,107,5,55,65,-0.09362852323,0.9762370048,0,0.003984063745,0
star_plus_co_independent,107,0,5,15,-0.06093959374,0.7209801776,0.01821286283,0.003984063745,0
star_plus_co_independent,107,1,15,25,-0.03190687963,0.8149150731,0.01821286283,0.003984063745,0
star_plus_co_independent,107,2,25,35,0.03161059552,0.855543789,0.01821286283,0.003984063745,0
star_plus_co_independent,107,3,35,45,0.01976548929,0.9436035779,0.01821286283,0.003984063745,0
star_plus_co_independent,107,4,45,55,-0.1034254084,0.996867842,0.01821286283,0.003984063745,0
star_plus_co_independent,107,5,55,65,-0.125003697,0.9945634224,0.01821286283,0.003984063745,0
star_plus_co_correlated_control,107,0,5,15,-0.05740668824,0.7209801776,0.01821286283,0,0
star_plus_co_correlated_control,107,1,15,25,-0.02735896651,0.8149150731,0.01821286283,0,0
star_plus_co_correlated_control,107,2,25,35,0.02695697587,0.855543789,0.01821286283,0,0
star_plus_co_correlated_control,107,3,35,45,0.02047633219,0.9436035779,0.01821286283,0,0
star_plus_co_correlated_control,107,4,45,55,-0.09473216872,0.996867842,0.01821286283,0,0
star_plus_co_correlated_control,107,5,55,65,-0.1210150072,0.9945634224,0.01821286283,0,0
star_co_plus_hi_ctl01,107,0,5,15,-0.06074360905,0.7209801776,0.01821286283,0.003984063745,0
star_co_plus_hi_ctl01,107,1,15,25,-0.03221416664,0.8149150731,0.01821286283,0.003984063745,0
star_co_plus_hi_ctl01,107,2,25,35,0.03151380971,0.855543789,0.01821286283,0.003984063745,0
star_co_plus_hi_ctl01,107,3,35,45,0.01965985017,0.9436035779,0.01821286283,0.003984063745,0
star_co_plus_hi_ctl01,107,4,45,55,-0.1032787553,0.996867842,0.01821286283,0.003984063745,0
star_co_plus_hi_ctl01,107,5,55,65,-0.1257815344,0.9945634224,0.01821286283,0.003984063745,0
star_co_plus_hi_ctl10,107,0,5,15,-0.06021631357,0.7209801776,0.01821286283,0.003984063745,0
star_co_plus_hi_ctl10,107,1,15,25,-0.03260638241,0.8149150731,0.01821286283,0.003984063745,0
star_co_plus_hi_ctl10,107,2,25,35,0.03127793932,0.855543789,0.01821286283,0.003984063745,0
star_co_plus_hi_ctl10,107,3,35,45,0.01937328794,0.9436035779,0.01821286283,0.003984063745,0
star_co_plus_hi_ctl10,107,4,45,55,-0.1028877127,0.996867842,0.01821286283,0.003984063745,0
star_co_plus_hi_ctl10,107,5,55,65,-0.1278758988,0.9945634224,0.01821286283,0.003984063745,0
star_co_plus_hi_ctl49,107,0,5,15,-0.05931617882,0.7209801776,0.01821286283,0.003984063745,0
star_co_plus_hi_ctl49,107,1,15,25,-0.03307572208,0.8149150731,0.01821286283,0.003984063745,0
star_co_plus_hi_ctl49,107,2,25,35,0.03089912947,0.855543789,0.01821286283,0.003984063745,0
star_co_plus_hi_ctl49,107,3,35,45,0.01887621791,0.9436035779,0.01821286283,0.003984063745,0
star_co_plus_hi_ctl49,107,4,45,55,-0.1020103663,0.996867842,0.01821286283,0.003984063745,0
star_co_plus_hi_ctl49,107,5,55,65,-0.132586725,0.9945634224,0.01821286283,0.003984063745,0
star_only,108,0,5,15,-0.05730202114,0.8224260229,0,0,0
star_only,108,1,15,25,-0.04178265882,0.6541223359,0,0,0
star_only,108,2,25,35,0.03467541711,0.9388459116,0,0,0
star_only,108,3,35,45,0.03534128787,0.9154260559,0,0,0
star_only,108,4,45,55,-0.06072062312,0.9783251382,0,0,0
star_only,108,5,55,65,-0.01045212193,0.9449185254,0,0,0
co_independent_only,108,0,5,15,-0.06309268659,0.7770716789,0,0.0125213432,0
co_independent_only,108,1,15,25,-0.03923914429,0.8923255771,0,0.0125213432,0
co_independent_only,108,2,25,35,0.03861726206,0.931726178,0,0.0125213432,0
co_independent_only,108,3,35,45,0.02427861196,0.9986816763,0,0.0125213432,0
co_independent_only,108,4,45,55,-0.03956919768,0.9343224355,0,0.0125213432,0
co_independent_only,108,5,55,65,-0.09461715208,0.9762370048,0,0.0125213432,0
star_plus_co_independent,108,0,5,15,-0.05985997417,0.8224260229,0,0.0125213432,0
star_plus_co_independent,108,1,15,25,-0.04627450396,0.6541223359,0,0.0125213432,0
star_plus_co_independent,108,2,25,35,0.03826519311,0.9388459116,0,0.0125213432,0
star_plus_co_independent,108,3,35,45,0.03333150988,0.9154260559,0,0.0125213432,0
star_plus_co_independent,108,4,45,55,-0.05957232137,0.9783251382,0,0.0125213432,0
star_plus_co_independent,108,5,55,65,-0.007582016044,0.9449185254,0,0.0125213432,0
star_plus_co_correlated_control,108,0,5,15,-0.05854617019,0.8224260229,0,0.03984063745,0
star_plus_co_correlated_control,108,1,15,25,-0.04346630524,0.6541223359,0,0.03984063745,0
star_plus_co_correlated_control,108,2,25,35,0.0372096503,0.9388459116,0,0.03984063745,0
star_plus_co_correlated_control,108,3,35,45,0.03457452044,0.9154260559,0,0.03984063745,0
star_plus_co_correlated_control,108,4,45,55,-0.06194756033,0.9783251382,0,0.03984063745,0
star_plus_co_correlated_control,108,5,55,65,-0.009689623663,0.9449185254,0,0.03984063745,0
star_co_plus_hi_ctl01,108,0,5,15,-0.05963148435,0.8224260229,0,0.0125213432,0
star_co_plus_hi_ctl01,108,1,15,25,-0.04591103286,0.6541223359,0,0.0125213432,0
star_co_plus_hi_ctl01,108,2,25,35,0.03775387845,0.9388459116,0,0.0125213432,0
star_co_plus_hi_ctl01,108,3,35,45,0.03320946354,0.9154260559,0,0.0125213432,0
star_co_plus_hi_ctl01,108,4,45,55,-0.06087924668,0.9783251382,0,0.0125213432,0
star_co_plus_hi_ctl01,108,5,55,65,-0.009758682155,0.9449185254,0,0.0125213432,0
star_co_plus_hi_ctl10,108,0,5,15,-0.05901736466,0.8224260229,0,0.0125213432,0
star_co_plus_hi_ctl10,108,1,15,25,-0.04472667098,0.6541223359,0,0.0125213432,0
star_co_plus_hi_ctl10,108,2,25,35,0.03637700961,0.9388459116,0,0.0125213432,0
star_co_plus_hi_ctl10,108,3,35,45,0.03288058569,0.9154260559,0,0.0125213432,0
star_co_plus_hi_ctl10,108,4,45,55,-0.06402380578,0.9783251382,0,0.0125213432,0
star_co_plus_hi_ctl10,108,5,55,65,-0.0156111396,0.9449185254,0,0.0125213432,0
star_co_plus_hi_ctl49,108,0,5,15,-0.05797113706,0.8224260229,0,0.0125213432,0
star_co_plus_hi_ctl49,108,1,15,25,-0.04242632906,0.6541223359,0,0.0125213432,0
star_co_plus_hi_ctl49,108,2,25,35,0.03290800576,0.9388459116,0,0.0125213432,0
star_co_plus_hi_ctl49,108,3,35,45,0.0323174306,0.9154260559,0,0.0125213432,0
star_co_plus_hi_ctl49,108,4,45,55,-0.06889171518,0.9783251382,0,0.0125213432,0
star_co_plus_hi_ctl49,108,5,55,65,-0.02637268128,0.9449185254,0,0.0125213432,0
star_only,109,0,5,15,-0.06108485405,0.8085947215,0,0,0
star_only,109,1,15,25,-0.03093288716,0.9994015321,0,0,0
star_only,109,2,25,35,0.03407856767,0.9780069887,0,0,0
star_only,109,3,35,45,0.02609768307,0.9625335079,0,0,0
star_only,109,4,45,55,-0.04597793449,0.9385754932,0,0,0
star_only,109,5,55,65,-0.08313896715,0.980540968,0,0,0
co_independent_only,109,0,5,15,-0.06180118785,0.7770716789,0,0.003414911781,0
co_independent_only,109,1,15,25,-0.03834886389,0.8923255771,0,0.003414911781,0
co_independent_only,109,2,25,35,0.04061944733,0.931726178,0,0.003414911781,0
co_independent_only,109,3,35,45,0.02181351623,0.9986816763,0,0.003414911781,0
co_independent_only,109,4,45,55,-0.04504429749,0.9343224355,0,0.003414911781,0
co_independent_only,109,5,55,65,-0.1061814842,0.9762370048,0,0.003414911781,0
star_plus_co_independent,109,0,5,15,-0.06257621677,0.8085947215,0,0.003414911781,0
star_plus_co_independent,109,1,15,25,-0.03215024584,0.9994015321,0,0.003414911781,0
star_plus_co_independent,109,2,25,35,0.03891343581,0.9780069887,0,0.003414911781,0
star_plus_co_independent,109,3,35,45,0.02292675125,0.9625335079,0,0.003414911781,0
star_plus_co_independent,109,4,45,55,-0.05083252403,0.9385754932,0,0.003414911781,0
star_plus_co_independent,109,5,55,65,-0.09061550429,0.980540968,0,0.003414911781,0
star_plus_co_correlated_control,109,0,5,15,-0.06097189009,0.8085947215,0,0,0
star_plus_co_correlated_control,109,1,15,25,-0.03081015796,0.9994015321,0,0,0
star_plus_co_correlated_control,109,2,25,35,0.03384936902,0.9780069887,0,0,0
star_plus_co_correlated_control,109,3,35,45,0.02619124636,0.9625335079,0,0,0
star_plus_co_correlated_control,109,4,45,55,-0.04590513966,0.9385754932,0,0,0
star_plus_co_correlated_control,109,5,55,65,-0.08296085567,0.980540968,0,0,0
star_co_plus_hi_ctl01,109,0,5,15,-0.0625837854,0.8085947215,0,0.003414911781,0
star_co_plus_hi_ctl01,109,1,15,25,-0.03194856131,0.9994015321,0,0.003414911781,0
star_co_plus_hi_ctl01,109,2,25,35,0.03913479462,0.9780069887,0,0.003414911781,0
star_co_plus_hi_ctl01,109,3,35,45,0.02362660438,0.9625335079,0,0.003414911781,0
star_co_plus_hi_ctl01,109,4,45,55,-0.05046743573,0.9385754932,0,0.003414911781,0
star_co_plus_hi_ctl01,109,5,55,65,-0.08962482977,0.980540968,0,0.003414911781,0
star_co_plus_hi_ctl10,109,0,5,15,-0.06260410695,0.8085947215,0,0.003414911781,0
star_co_plus_hi_ctl10,109,1,15,25,-0.0314068765,0.9994015321,0,0.003414911781,0
star_co_plus_hi_ctl10,109,2,25,35,0.0397293438,0.9780069887,0,0.003414911781,0
star_co_plus_hi_ctl10,109,3,35,45,0.02550891773,0.9625335079,0,0.003414911781,0
star_co_plus_hi_ctl10,109,4,45,55,-0.04948268159,0.9385754932,0,0.003414911781,0
star_co_plus_hi_ctl10,109,5,55,65,-0.08694853095,0.980540968,0,0.003414911781,0
star_co_plus_hi_ctl49,109,0,5,15,-0.06263865715,0.8085947215,0,0.003414911781,0
star_co_plus_hi_ctl49,109,1,15,25,-0.03048535616,0.9994015321,0,0.003414911781,0
star_co_plus_hi_ctl49,109,2,25,35,0.04074087582,0.9780069887,0,0.003414911781,0
star_co_plus_hi_ctl49,109,3,35,45,0.02867788269,0.9625335079,0,0.003414911781,0
star_co_plus_hi_ctl49,109,4,45,55,-0.04763397571,0.9385754932,0,0.003414911781,0
star_co_plus_hi_ctl49,109,5,55,65,-0.08187632655,0.980540968,0,0.003414911781,0
star_only,110,0,5,15,-0.06106392703,0.7431896821,0,0,0
star_only,110,1,15,25,-0.03415330861,0.8754561417,0,0,0
star_only,110,2,25,35,0.03431573254,0.8852771457,0,0,0
star_only,110,3,35,45,0.02843561765,0.9529497437,0,0,0
star_only,110,4,45,55,-0.03823797769,0.9998140539,0,0,0
star_only,110,5,55,65,-0.1366607265,0.9698229133,0,0,0
co_independent_only,110,0,5,15,-0.06076532142,0.7770716789,0,0.001707455891,0
co_independent_only,110,1,15,25,-0.03470892857,0.8923255771,0,0.001707455891,0
co_independent_only,110,2,25,35,0.03055144338,0.931726178,0,0.001707455891,0
co_independent_only,110,3,35,45,0.02232587563,0.9986816763,0,0.001707455891,0
co_independent_only,110,4,45,55,-0.04542205902,0.9343224355,0,0.001707455891,0
co_independent_only,110,5,55,65,-0.1058125522,0.9762370048,0,0.001707455891,0
star_plus_co_independent,110,0,5,15,-0.06145442896,0.7431896821,0,0.001707455891,0
star_plus_co_independent,110,1,15,25,-0.03291797236,0.8754561417,0,0.001707455891,0
star_plus_co_independent,110,2,25,35,0.0298886933,0.8852771457,0,0.001707455891,0
star_plus_co_independent,110,3,35,45,0.02647957839,0.9529497437,0,0.001707455891,0
star_plus_co_independent,110,4,45,55,-0.04366973695,0.9998140539,0,0.001707455891,0
star_plus_co_independent,110,5,55,65,-0.1430347582,0.9698229133,0,0.001707455891,0
star_plus_co_correlated_control,110,0,5,15,-0.05938536912,0.7431896821,0,0,0
star_plus_co_correlated_control,110,1,15,25,-0.03200350616,0.8754561417,0,0,0
star_plus_co_correlated_control,110,2,25,35,0.03086721864,0.8852771457,0,0,0
star_plus_co_correlated_control,110,3,35,45,0.02972071243,0.9529497437,0,0,0
star_plus_co_correlated_control,110,4,45,55,-0.0373965286,0.9998140539,0,0,0
star_plus_co_correlated_control,110,5,55,65,-0.1318799331,0.9698229133,0,0,0
star_co_plus_hi_ctl01,110,0,5,15,-0.06179108173,0.7431896821,0,0.001707455891,0
star_co_plus_hi_ctl01,110,1,15,25,-0.03296583589,0.8754561417,0,0.001707455891,0
star_co_plus_hi_ctl01,110,2,25,35,0.03057040594,0.8852771457,0,0.001707455891,0
star_co_plus_hi_ctl01,110,3,35,45,0.02604037006,0.9529497437,0,0.001707455891,0
star_co_plus_hi_ctl01,110,4,45,55,-0.04508346544,0.9998140539,0,0.001707455891,0
star_co_plus_hi_ctl01,110,5,55,65,-0.1461772515,0.9698229133,0,0.001707455891,0
star_co_plus_hi_ctl10,110,0,5,15,-0.06269671255,0.7431896821,0,0.001707455891,0
star_co_plus_hi_ctl10,110,1,15,25,-0.03309392977,0.8754561417,0,0.001707455891,0
star_co_plus_hi_ctl10,110,2,25,35,0.03148206266,0.8852771457,0,0.001707455891,0
star_co_plus_hi_ctl10,110,3,35,45,0.0248639351,0.9529497437,0,0.001707455891,0
star_co_plus_hi_ctl10,110,4,45,55,-0.04772967607,0.9998140539,0,0.001707455891,0
star_co_plus_hi_ctl10,110,5,55,65,-0.1546011125,0.9698229133,0,0.001707455891,0
star_co_plus_hi_ctl49,110,0,5,15,-0.06424224862,0.7431896821,0,0.001707455891,0
star_co_plus_hi_ctl49,110,1,15,25,-0.03331029074,0.8754561417,0,0.001707455891,0
star_co_plus_hi_ctl49,110,2,25,35,0.03282655623,0.8852771457,0,0.001707455891,0
star_co_plus_hi_ctl49,110,3,35,45,0.02287341316,0.9529497437,0,0.001707455891,0
star_co_plus_hi_ctl49,110,4,45,55,-0.05324487005,0.9998140539,0,0.001707455891,0
star_co_plus_hi_ctl49,110,5,55,65,-0.1688791053,0.9698229133,0,0.001707455891,0
star_only,111,0,5,15,-0.05975457288,0.8093826811,0,0,0
star_only,111,1,15,25,-0.04199471463,0.8593068925,0,0,0
star_only,111,2,25,35,0.03469754945,0.9570264098,0,0,0
star_only,111,3,35,45,0.04192859765,0.8991928291,0,0,0
star_only,111,4,45,55,-0.0008883938269,0.6407794462,0,0,0
star_only,111,5,55,65,-0.03486105184,0.8288832416,0,0,0
co_independent_only,111,0,5,15,-0.06009218559,0.7770716789,0,0.005122367672,0
co_independent_only,111,1,15,25,-0.03405818897,0.8923255771,0,0.005122367672,0
co_independent_only,111,2,25,35,0.03698000222,0.931726178,0,0.005122367672,0
co_independent_only,111,3,35,45,0.0285372319,0.9986816763,0,0.005122367672,0
co_independent_only,111,4,45,55,-0.03257423009,0.9343224355,0,0.005122367672,0
co_independent_only,111,5,55,65,-0.09375116345,0.9762370048,0,0.005122367672,0
star_plus_co_independent,111,0,5,15,-0.05960376973,0.8093826811,0,0.005122367672,0
star_plus_co_independent,111,1,15,25,-0.04000610754,0.8593068925,0,0.005122367672,0
star_plus_co_independent,111,2,25,35,0.03685954683,0.9570264098,0,0.005122367672,0
star_plus_co_independent,111,3,35,45,0.04640926637,0.8991928291,0,0.005122367672,0
star_plus_co_independent,111,4,45,55,0.004646378905,0.6407794462,0,0.005122367672,0
star_plus_co_independent,111,5,55,65,-0.03104200843,0.8288832416,0,0.005122367672,0
star_plus_co_correlated_control,111,0,5,15,-0.05816645097,0.8093826811,0,0,0
star_plus_co_correlated_control,111,1,15,25,-0.0394501828,0.8593068925,0,0,0
star_plus_co_correlated_control,111,2,25,35,0.03115304182,0.9570264098,0,0,0
star_plus_co_correlated_control,111,3,35,45,0.04240632676,0.8991928291,0,0,0
star_plus_co_correlated_control,111,4,45,55,-0.001061685311,0.6407794462,0,0,0
star_plus_co_correlated_control,111,5,55,65,-0.03557595148,0.8288832416,0,0,0
star_co_plus_hi_ctl01,111,0,5,15,-0.05957430398,0.8093826811,0,0.005122367672,0
star_co_plus_hi_ctl01,111,1,15,25,-0.03997542302,0.8593068925,0,0.005122367672,0
star_co_plus_hi_ctl01,111,2,25,35,0.0363818448,0.9570264098,0,0.005122367672,0
star_co_plus_hi_ctl01,111,3,35,45,0.04726198237,0.8991928291,0,0.005122367672,0
star_co_plus_hi_ctl01,111,4,45,55,0.005729889299,0.6407794462,0,0.005122367672,0
star_co_plus_hi_ctl01,111,5,55,65,-0.02912993397,0.8288832416,0,0.005122367672,0
star_co_plus_hi_ctl10,111,0,5,15,-0.05949506177,0.8093826811,0,0.005122367672,0
star_co_plus_hi_ctl10,111,1,15,25,-0.03958810865,0.8593068925,0,0.005122367672,0
star_co_plus_hi_ctl10,111,2,25,35,0.03509774651,0.9570264098,0,0.005122367672,0
star_co_plus_hi_ctl10,111,3,35,45,0.04955897123,0.8991928291,0,0.005122367672,0
star_co_plus_hi_ctl10,111,4,45,55,0.008643745336,0.6407794462,0,0.005122367672,0
star_co_plus_hi_ctl10,111,5,55,65,-0.02408409577,0.8288832416,0,0.005122367672,0
star_co_plus_hi_ctl49,111,0,5,15,-0.05935990897,0.8093826811,0,0.005122367672,0
star_co_plus_hi_ctl49,111,1,15,25,-0.03878312498,0.8593068925,0,0.005122367672,0
star_co_plus_hi_ctl49,111,2,25,35,0.03290957945,0.9570264098,0,0.005122367672,0
star_co_plus_hi_ctl49,111,3,35,45,0.05348945589,0.8991928291,0,0.005122367672,0
star_co_plus_hi_ctl49,111,4,45,55,0.0136135249,0.6407794462,0,0.005122367672,0
star_co_plus_hi_ctl49,111,5,55,65,-0.02134329901,0.8288832416,0,0.005122367672,0
star_only,112,0,5,15,-0.06111965053,0.7453949939,0,0,0
star_only,112,1,15,25,-0.03319796887,0.8843759328,0,0,0
star_only,112,2,25,35,0.0346229926,0.8993126536,0,0,0
star_only,112,3,35,45,0.0241197555,0.9771536636,0,0,0
star_only,112,4,45,55,-0.06402513082,0.992108654,0,0,0
star_only,112,5,55,65,-0.1651462935,0.9693800694,0,0,0
co_independent_only,112,0,5,15,-0.05468030711,0.7770716789,0,0.005122367672,0
co_independent_only,112,1,15,25,-0.0296245643,0.8923255771,0,0.005122367672,0
co_independent_only,112,2,25,35,0.02672480839,0.931726178,0,0.005122367672,0
co_independent_only,112,3,35,45,0.02621017976,0.9986816763,0,0.005122367672,0
co_independent_only,112,4,45,55,-0.04128925755,0.9343224355,0,0.005122367672,0
co_independent_only,112,5,55,65,-0.09939288998,0.9762370048,0,0.005122367672,0
star_plus_co_independent,112,0,5,15,-0.05526596718,0.7453949939,0,0.005122367672,0
star_plus_co_independent,112,1,15,25,-0.02739263169,0.8843759328,0,0.005122367672,0
star_plus_co_independent,112,2,25,35,0.02715981461,0.8993126536,0,0.005122367672,0
star_plus_co_independent,112,3,35,45,0.02566128051,0.9771536636,0,0.005122367672,0
star_plus_co_independent,112,4,45,55,-0.06576444166,0.992108654,0,0.005122367672,0
star_plus_co_independent,112,5,55,65,-0.1646230292,0.9693800694,0,0.005122367672,0
star_plus_co_correlated_control,112,0,5,15,-0.05657447533,0.7453949939,0,0,0
star_plus_co_correlated_control,112,1,15,25,-0.02711358089,0.8843759328,0,0,0
star_plus_co_correlated_control,112,2,25,35,0.02518892273,0.8993126536,0,0,0
star_plus_co_correlated_control,112,3,35,45,0.02697643196,0.9771536636,0,0,0
star_plus_co_correlated_control,112,4,45,55,-0.06139973021,0.992108654,0,0,0
star_plus_co_correlated_control,112,5,55,65,-0.1491960694,0.9693800694,0,0,0
star_co_plus_hi_ctl01,112,0,5,15,-0.05547761504,0.7453949939,0,0.005122367672,0
star_co_plus_hi_ctl01,112,1,15,25,-0.02794938264,0.8843759328,0,0.005122367672,0
star_co_plus_hi_ctl01,112,2,25,35,0.02713278679,0.8993126536,0,0.005122367672,0
star_co_plus_hi_ctl01,112,3,35,45,0.02470490707,0.9771536636,0,0.005122367672,0
star_co_plus_hi_ctl01,112,4,45,55,-0.0660257135,0.992108654,0,0.005122367672,0
star_co_plus_hi_ctl01,112,5,55,65,-0.1649314588,0.9693800694,0,0.005122367672,0
star_co_plus_hi_ctl10,112,0,5,15,-0.056047529,0.7453949939,0,0.005122367672,0
star_co_plus_hi_ctl10,112,1,15,25,-0.02944846514,0.8843759328,0,0.005122367672,0
star_co_plus_hi_ctl10,112,2,25,35,0.02705977012,0.8993126536,0,0.005122367672,0
star_co_plus_hi_ctl10,112,3,35,45,0.02213278963,0.9771536636,0,0.005122367672,0
star_co_plus_hi_ctl10,112,4,45,55,-0.06672922069,0.992108654,0,0.005122367672,0
star_co_plus_hi_ctl10,112,5,55,65,-0.164862635,0.9693800694,0,0.005122367672,0
star_co_plus_hi_ctl49,112,0,5,15,-0.05702202349,0.7453949939,0,0.005122367672,0
star_co_plus_hi_ctl49,112,1,15,25,-0.0318529885,0.8843759328,0,0.005122367672,0
star_co_plus_hi_ctl49,112,2,25,35,0.02703129337,0.8993126536,0,0.005122367672,0
star_co_plus_hi_ctl49,112,3,35,45,0.0173191872,0.9771536636,0,0.005122367672,0
star_co_plus_hi_ctl49,112,4,45,55,-0.06887995784,0.992108654,0,0.005122367672,0
star_co_plus_hi_ctl49,112,5,55,65,-0.1643098563,0.9693800694,0,0.005122367672,0
star_only,113,0,5,15,-0.05926937777,0.635616737,0,0,0
star_only,113,1,15,25,-0.04247053828,0.3508080563,0,0,0
star_only,113,2,25,35,0.03458304278,0.2077472653,0,0,0
star_only,113,3,35,45,0.03277079573,0.4612399641,0,0,0
star_only,113,4,45,55,0.17844847,0.3952208568,0,0,0
star_only,113,5,55,65,0.2421158728,0.4065472371,0,0,0
co_independent_only,113,0,5,15,-0.05828971625,0.7770716789,0,0.0005691519636,0
co_independent_only,113,1,15,25,-0.03002322461,0.8923255771,0,0.0005691519636,0
co_independent_only,113,2,25,35,0.0355725566,0.931726178,0,0.0005691519636,0
co_independent_only,113,3,35,45,0.03119415948,0.9986816763,0,0.0005691519636,0
co_independent_only,113,4,45,55,-0.03803310374,0.9343224355,0,0.0005691519636,0
co_independent_only,113,5,55,65,-0.1059874848,0.9762370048,0,0.0005691519636,0
star_plus_co_independent,113,0,5,15,-0.05745685353,0.635616737,0,0.0005691519636,0
star_plus_co_independent,113,1,15,25,-0.03652034728,0.3508080563,0,0.0005691519636,0
star_plus_co_independent,113,2,25,35,0.03497271033,0.2077472653,0,0.0005691519636,0
star_plus_co_independent,113,3,35,45,0.03624365594,0.4612399641,0,0.0005691519636,0
star_plus_co_independent,113,4,45,55,0.1823946154,0.3952208568,0,0.0005691519636,0
star_plus_co_independent,113,5,55,65,0.2397327625,0.4065472371,0,0.0005691519636,0
star_plus_co_correlated_control,113,0,5,15,-0.06144494187,0.635616737,0,0.06488332385,0
star_plus_co_correlated_control,113,1,15,25,-0.04545448029,0.3508080563,0,0.06488332385,0
star_plus_co_correlated_control,113,2,25,35,0.03878509235,0.2077472653,0,0.06488332385,0
star_plus_co_correlated_control,113,3,35,45,0.03543934596,0.4612399641,0,0.06488332385,0
star_plus_co_correlated_control,113,4,45,55,0.1853940693,0.3952208568,0,0.06488332385,0
star_plus_co_correlated_control,113,5,55,65,0.2613861245,0.4065472371,0,0.06488332385,0
star_co_plus_hi_ctl01,113,0,5,15,-0.05744663657,0.635616737,0,0.0005691519636,0
star_co_plus_hi_ctl01,113,1,15,25,-0.03677885495,0.3508080563,0,0.0005691519636,0
star_co_plus_hi_ctl01,113,2,25,35,0.03535891858,0.2077472653,0,0.0005691519636,0
star_co_plus_hi_ctl01,113,3,35,45,0.03562503545,0.4612399641,0,0.0005691519636,0
star_co_plus_hi_ctl01,113,4,45,55,0.1825357463,0.3952208568,0,0.0005691519636,0
star_co_plus_hi_ctl01,113,5,55,65,0.2399384662,0.4065472371,0,0.0005691519636,0
star_co_plus_hi_ctl10,113,0,5,15,-0.05741911912,0.635616737,0,0.0005691519636,0
star_co_plus_hi_ctl10,113,1,15,25,-0.03747492048,0.3508080563,0,0.0005691519636,0
star_co_plus_hi_ctl10,113,2,25,35,0.03639677686,0.2077472653,0,0.0005691519636,0
star_co_plus_hi_ctl10,113,3,35,45,0.0339643816,0.4612399641,0,0.0005691519636,0
star_co_plus_hi_ctl10,113,4,45,55,0.1825449773,0.3952208568,0,0.0005691519636,0
star_co_plus_hi_ctl10,113,5,55,65,0.2404902586,0.4065472371,0,0.0005691519636,0
star_co_plus_hi_ctl49,113,0,5,15,-0.05737204777,0.635616737,0,0.0005691519636,0
star_co_plus_hi_ctl49,113,1,15,25,-0.03831387263,0.3508080563,0,0.0005691519636,0
star_co_plus_hi_ctl49,113,2,25,35,0.03816433742,0.2077472653,0,0.0005691519636,0
star_co_plus_hi_ctl49,113,3,35,45,0.03114205406,0.4612399641,0,0.0005691519636,0
star_co_plus_hi_ctl49,113,4,45,55,0.1821234944,0.3952208568,0,0.0005691519636,0
star_co_plus_hi_ctl49,113,5,55,65,0.2414267066,0.4065472371,0,0.0005691519636,0
star_only,114,0,5,15,-0.06029665534,0.821329598,0.002276607854,0,0
star_only,114,1,15,25,-0.03148712469,0.876647313,0.002276607854,0,0
star_only,114,2,25,35,0.03376157412,0.9027314745,0.002276607854,0,0
star_only,114,3,35,45,0.02661277324,0.9946584644,0.002276607854,0,0
star_only,114,4,45,55,-0.02925439228,0.9919641691,0.002276607854,0,0
star_only,114,5,55,65,-0.04165209409,0.9968864375,0.002276607854,0,0
co_independent_only,114,0,5,15,-0.06121937666,0.7770716789,0,0.0005691519636,0
co_independent_only,114,1,15,25,-0.03769975003,0.8923255771,0,0.0005691519636,0
co_independent_only,114,2,25,35,0.03658372396,0.931726178,0,0.0005691519636,0
co_independent_only,114,3,35,45,0.02704046044,0.9986816763,0,0.0005691519636,0
co_independent_only,114,4,45,55,-0.03530477332,0.9343224355,0,0.0005691519636,0
co_independent_only,114,5,55,65,-0.09260792521,0.9762370048,0,0.0005691519636,0
star_plus_co_independent,114,0,5,15,-0.06122496094,0.821329598,0.002276607854,0.0005691519636,0
star_plus_co_independent,114,1,15,25,-0.03276581569,0.876647313,0.002276607854,0.0005691519636,0
star_plus_co_independent,114,2,25,35,0.03556265481,0.9027314745,0.002276607854,0.0005691519636,0
star_plus_co_independent,114,3,35,45,0.02912173889,0.9946584644,0.002276607854,0.0005691519636,0
star_plus_co_independent,114,4,45,55,-0.02458292879,0.9919641691,0.002276607854,0.0005691519636,0
star_plus_co_independent,114,5,55,65,-0.03522461284,0.9968864375,0.002276607854,0.0005691519636,0
star_plus_co_correlated_control,114,0,5,15,-0.0622469871,0.821329598,0.002276607854,0.05748434832,0
star_plus_co_correlated_control,114,1,15,25,-0.03327292288,0.876647313,0.002276607854,0.05748434832,0
star_plus_co_correlated_control,114,2,25,35,0.03706222264,0.9027314745,0.002276607854,0.05748434832,0
star_plus_co_correlated_control,114,3,35,45,0.02496804705,0.9946584644,0.002276607854,0.05748434832,0
star_plus_co_correlated_control,114,4,45,55,-0.03002131192,0.9919641691,0.002276607854,0.05748434832,0
star_plus_co_correlated_control,114,5,55,65,-0.04291185035,0.9968864375,0.002276607854,0.05748434832,0
star_co_plus_hi_ctl01,114,0,5,15,-0.06139083519,0.821329598,0.002276607854,0.0005691519636,0
star_co_plus_hi_ctl01,114,1,15,25,-0.03305901824,0.876647313,0.002276607854,0.0005691519636,0
star_co_plus_hi_ctl01,114,2,25,35,0.03508871368,0.9027314745,0.002276607854,0.0005691519636,0
star_co_plus_hi_ctl01,114,3,35,45,0.02833671912,0.9946584644,0.002276607854,0.0005691519636,0
star_co_plus_hi_ctl01,114,4,45,55,-0.02573868356,0.9919641691,0.002276607854,0.0005691519636,0
star_co_plus_hi_ctl01,114,5,55,65,-0.03705463949,0.9968864375,0.002276607854,0.0005691519636,0
star_co_plus_hi_ctl10,114,0,5,15,-0.06183599448,0.821329598,0.002276607854,0.0005691519636,0
star_co_plus_hi_ctl10,114,1,15,25,-0.03363396522,0.876647313,0.002276607854,0.0005691519636,0
star_co_plus_hi_ctl10,114,2,25,35,0.03381667555,0.9027314745,0.002276607854,0.0005691519636,0
star_co_plus_hi_ctl10,114,3,35,45,0.02622892082,0.9946584644,0.002276607854,0.0005691519636,0
star_co_plus_hi_ctl10,114,4,45,55,-0.02884729413,0.9919641691,0.002276607854,0.0005691519636,0
star_co_plus_hi_ctl10,114,5,55,65,-0.04039272574,0.9968864375,0.002276607854,0.0005691519636,0
star_co_plus_hi_ctl49,114,0,5,15,-0.06259214741,0.821329598,0.002276607854,0.0005691519636,0
star_co_plus_hi_ctl49,114,1,15,25,-0.03437061022,0.876647313,0.002276607854,0.0005691519636,0
star_co_plus_hi_ctl49,114,2,25,35,0.03166482265,0.9027314745,0.002276607854,0.0005691519636,0
star_co_plus_hi_ctl49,114,3,35,45,0.02276117643,0.9946584644,0.002276607854,0.0005691519636,0
star_co_plus_hi_ctl49,114,4,45,55,-0.03412401182,0.9919641691,0.002276607854,0.0005691519636,0
star_co_plus_hi_ctl49,114,5,55,65,-0.04298257287,0.9968864375,0.002276607854,0.0005691519636,0
star_only,115,0,5,15,-0.05963601627,0.8033822099,0,0,0
star_only,115,1,15,25,-0.03771713611,0.9256963231,0,0,0
star_only,115,2,25,35,0.03450341751,0.944491774,0,0,0
star_only,115,3,35,45,0.02813993794,0.9844035661,0,0,0
star_only,115,4,45,55,-0.1634138703,0.8567583602,0,0,0
star_only,115,5,55,65,-0.1582776508,0.9999738249,0,0,0
co_independent_only,115,0,5,15,-0.05809139544,0.7770716789,0,0,0
co_independent_only,115,1,15,25,-0.03013428217,0.8923255771,0,0,0
co_independent_only,115,2,25,35,0.03019597497,0.931726178,0,0,0
co_independent_only,115,3,35,45,0.03303610531,0.9986816763,0,0,0
co_independent_only,115,4,45,55,-0.02879592444,0.9343224355,0,0,0
co_independent_only,115,5,55,65,-0.08862776811,0.9762370048,0,0,0
star_plus_co_independent,115,0,5,15,-0.0575667473,0.8033822099,0,0,0
star_plus_co_independent,115,1,15,25,-0.03131103991,0.9256963231,0,0,0
star_plus_co_independent,115,2,25,35,0.03096815,0.944491774,0,0,0
star_plus_co_independent,115,3,35,45,0.03771208542,0.9844035661,0,0,0
star_plus_co_independent,115,4,45,55,-0.1639985471,0.8567583602,0,0,0
star_plus_co_independent,115,5,55,65,-0.1476697517,0.9999738249,0,0,0
star_plus_co_correlated_control,115,0,5,15,-0.06479900445,0.8033822099,0,0.2151394422,0
star_plus_co_correlated_control,115,1,15,25,-0.04363593618,0.9256963231,0,0.2151394422,0
star_plus_co_correlated_control,115,2,25,35,0.04338514533,0.944491774,0,0.2151394422,0
star_plus_co_correlated_control,115,3,35,45,0.024644558,0.9844035661,0,0.2151394422,0
star_plus_co_correlated_control,115,4,45,55,-0.1751039517,0.8567583602,0,0.2151394422,0
star_plus_co_correlated_control,115,5,55,65,-0.1814303033,0.9999738249,0,0.2151394422,0
star_co_plus_hi_ctl01,115,0,5,15,-0.05738109914,0.8033822099,0,0,0
star_co_plus_hi_ctl01,115,1,15,25,-0.03154924283,0.9256963231,0,0,0
star_co_plus_hi_ctl01,115,2,25,35,0.03088910485,0.944491774,0,0,0
star_co_plus_hi_ctl01,115,3,35,45,0.03799334081,0.9844035661,0,0,0
star_co_plus_hi_ctl01,115,4,45,55,-0.1635401729,0.8567583602,0,0,0
star_co_plus_hi_ctl01,115,5,55,65,-0.1464595837,0.9999738249,0,0,0
star_co_plus_hi_ctl10,115,0,5,15,-0.05688092506,0.8033822099,0,0,0
star_co_plus_hi_ctl10,115,1,15,25,-0.03219184545,0.9256963231,0,0,0
star_co_plus_hi_ctl10,115,2,25,35,0.03067677005,0.944491774,0,0,0
star_co_plus_hi_ctl10,115,3,35,45,0.03875118971,0.9844035661,0,0,0
star_co_plus_hi_ctl10,115,4,45,55,-0.16234285,0.8567583602,0,0,0
star_co_plus_hi_ctl10,115,5,55,65,-0.1436154189,0.9999738249,0,0,0
star_co_plus_hi_ctl49,115,0,5,15,-0.05602476228,0.8033822099,0,0,0
star_co_plus_hi_ctl49,115,1,15,25,-0.03328259351,0.9256963231,0,0,0
star_co_plus_hi_ctl49,115,2,25,35,0.03044949134,0.944491774,0,0,0
star_co_plus_hi_ctl49,115,3,35,45,0.04004400576,0.9844035661,0,0,0
star_co_plus_hi_ctl49,115,4,45,55,-0.160360596,0.8567583602,0,0,0
star_co_plus_hi_ctl49,115,5,55,65,-0.1389221815,0.9999738249,0,0,0
star_only,116,0,5,15,-0.05983455171,0.7835906165,0,0,0
star_only,116,1,15,25,-0.03699672434,0.9578135445,0,0,0
star_only,116,2,25,35,0.03472413222,0.9941133292,0,0,0
star_only,116,3,35,45,0.02280181642,0.943217889,0,0,0
star_only,116,4,45,55,-0.05503020378,0.8408853947,0,0,0
star_only,116,5,55,65,-0.1791621329,0.9691137746,0,0,0
co_independent_only,116,0,5,15,-0.06178317846,0.7770716789,0,0,0
co_independent_only,116,1,15,25,-0.03349311457,0.8923255771,0,0,0
co_independent_only,116,2,25,35,0.04053127177,0.931726178,0,0,0
co_independent_only,116,3,35,45,0.03140474049,0.9986816763,0,0,0
co_independent_only,116,4,45,55,-0.04163596955,0.9343224355,0,0,0
co_independent_only,116,5,55,65,-0.1035891888,0.9762370048,0,0,0
star_plus_co_independent,116,0,5,15,-0.06136705471,0.7835906165,0,0,0
star_plus_co_independent,116,1,15,25,-0.03454154988,0.9578135445,0,0,0
star_plus_co_independent,116,2,25,35,0.040530633,0.9941133292,0,0,0
star_plus_co_independent,116,3,35,45,0.02991078291,0.943217889,0,0,0
star_plus_co_independent,116,4,45,55,-0.05657838186,0.8408853947,0,0,0
star_plus_co_independent,116,5,55,65,-0.1803605113,0.9691137746,0,0,0
star_plus_co_correlated_control,116,0,5,15,-0.05728728947,0.7835906165,0,0,0
star_plus_co_correlated_control,116,1,15,25,-0.03335662322,0.9578135445,0,0,0
star_plus_co_correlated_control,116,2,25,35,0.02914135749,0.9941133292,0,0,0
star_plus_co_correlated_control,116,3,35,45,0.02501123786,0.943217889,0,0,0
star_plus_co_correlated_control,116,4,45,55,-0.05390844582,0.8408853947,0,0,0
star_plus_co_correlated_control,116,5,55,65,-0.1684757888,0.9691137746,0,0,0
star_co_plus_hi_ctl01,116,0,5,15,-0.06142365293,0.7835906165,0,0,0
star_co_plus_hi_ctl01,116,1,15,25,-0.03466164871,0.9578135445,0,0,0
star_co_plus_hi_ctl01,116,2,25,35,0.04065034013,0.9941133292,0,0,0
star_co_plus_hi_ctl01,116,3,35,45,0.02954275536,0.943217889,0,0,0
star_co_plus_hi_ctl01,116,4,45,55,-0.05723045556,0.8408853947,0,0,0
star_co_plus_hi_ctl01,116,5,55,65,-0.1820339856,0.9691137746,0,0,0
star_co_plus_hi_ctl10,116,0,5,15,-0.06157612864,0.7835906165,0,0,0
star_co_plus_hi_ctl10,116,1,15,25,-0.03498517381,0.9578135445,0,0,0
star_co_plus_hi_ctl10,116,2,25,35,0.04097226968,0.9941133292,0,0,0
star_co_plus_hi_ctl10,116,3,35,45,0.02828745725,0.943217889,0,0,0
star_co_plus_hi_ctl10,116,4,45,55,-0.0589844273,0.8408853947,0,0,0
star_co_plus_hi_ctl10,116,5,55,65,-0.1861157843,0.9691137746,0,0,0
star_co_plus_hi_ctl49,116,0,5,15,-0.06183708659,0.7835906165,0,0,0
star_co_plus_hi_ctl49,116,1,15,25,-0.03553880573,0.9578135445,0,0,0
star_co_plus_hi_ctl49,116,2,25,35,0.04152134935,0.9941133292,0,0,0
star_co_plus_hi_ctl49,116,3,35,45,0.02614532913,0.943217889,0,0,0
star_co_plus_hi_ctl49,116,4,45,55,-0.0610781478,0.8408853947,0,0,0
star_co_plus_hi_ctl49,116,5,55,65,-0.1917709811,0.9691137746,0,0,0
star_only,117,0,5,15,-0.05941875115,0.7326682841,0.001138303927,0,0
star_only,117,1,15,25,-0.03430363742,0.9166788147,0.001138303927,0,0
star_only,117,2,25,35,0.03302039015,0.9577267714,0.001138303927,0,0
star_only,117,3,35,45,0.03468650367,0.9924446448,0.001138303927,0,0
star_only,117,4,45,55,-0.04221998337,0.9992299963,0.001138303927,0,0
star_only,117,5,55,65,-0.1881718548,0.9760693576,0.001138303927,0,0
co_independent_only,117,0,5,15,-0.06267764915,0.7770716789,0,0.0005691519636,0
co_independent_only,117,1,15,25,-0.03866574269,0.8923255771,0,0.0005691519636,0
co_independent_only,117,2,25,35,0.03651553851,0.931726178,0,0.0005691519636,0
co_independent_only,117,3,35,45,0.02385432439,0.9986816763,0,0.0005691519636,0
co_independent_only,117,4,45,55,-0.03765871894,0.9343224355,0,0.0005691519636,0
co_independent_only,117,5,55,65,-0.0916805445,0.9762370048,0,0.0005691519636,0
star_plus_co_independent,117,0,5,15,-0.06227038444,0.7326682841,0.001138303927,0.0005691519636,0
star_plus_co_independent,117,1,15,25,-0.03653480318,0.9166788147,0.001138303927,0.0005691519636,0
star_plus_co_independent,117,2,25,35,0.03482878378,0.9577267714,0.001138303927,0.0005691519636,0
star_plus_co_independent,117,3,35,45,0.03409074375,0.9924446448,0.001138303927,0.0005691519636,0
star_plus_co_independent,117,4,45,55,-0.03994070799,0.9992299963,0.001138303927,0.0005691519636,0
star_plus_co_independent,117,5,55,65,-0.1821485521,0.9760693576,0.001138303927,0.0005691519636,0
star_plus_co_correlated_control,117,0,5,15,-0.06403245844,0.7326682841,0.001138303927,0.1696072851,0
star_plus_co_correlated_control,117,1,15,25,-0.03898461967,0.9166788147,0.001138303927,0.1696072851,0
star_plus_co_correlated_control,117,2,25,35,0.03997827637,0.9577267714,0.001138303927,0.1696072851,0
star_plus_co_correlated_control,117,3,35,45,0.03292805055,0.9924446448,0.001138303927,0.1696072851,0
star_plus_co_correlated_control,117,4,45,55,-0.04418789634,0.9992299963,0.001138303927,0.1696072851,0
star_plus_co_correlated_control,117,5,55,65,-0.2138109874,0.9760693576,0.001138303927,0.1696072851,0
star_co_plus_hi_ctl01,117,0,5,15,-0.06248551028,0.7326682841,0.001138303927,0.0005691519636,0
star_co_plus_hi_ctl01,117,1,15,25,-0.03668531824,0.9166788147,0.001138303927,0.0005691519636,0
star_co_plus_hi_ctl01,117,2,25,35,0.03438497098,0.9577267714,0.001138303927,0.0005691519636,0
star_co_plus_hi_ctl01,117,3,35,45,0.0343057441,0.9924446448,0.001138303927,0.0005691519636,0
star_co_plus_hi_ctl01,117,4,45,55,-0.03958543241,0.9992299963,0.001138303927,0.0005691519636,0
star_co_plus_hi_ctl01,117,5,55,65,-0.1825085655,0.9760693576,0.001138303927,0.0005691519636,0
star_co_plus_hi_ctl10,117,0,5,15,-0.06306542906,0.7326682841,0.001138303927,0.0005691519636,0
star_co_plus_hi_ctl10,117,1,15,25,-0.03709077488,0.9166788147,0.001138303927,0.0005691519636,0
star_co_plus_hi_ctl10,117,2,25,35,0.03316658597,0.9577267714,0.001138303927,0.0005691519636,0
star_co_plus_hi_ctl10,117,3,35,45,0.0348837398,0.9924446448,0.001138303927,0.0005691519636,0
star_co_plus_hi_ctl10,117,4,45,55,-0.03863276563,0.9992299963,0.001138303927,0.0005691519636,0
star_co_plus_hi_ctl10,117,5,55,65,-0.1816355249,0.9760693576,0.001138303927,0.0005691519636,0
star_co_plus_hi_ctl49,117,0,5,15,-0.06405919608,0.7326682841,0.001138303927,0.0005691519636,0
star_co_plus_hi_ctl49,117,1,15,25,-0.0377845971,0.9166788147,0.001138303927,0.0005691519636,0
star_co_plus_hi_ctl49,117,2,25,35,0.03116841143,0.9577267714,0.001138303927,0.0005691519636,0
star_co_plus_hi_ctl49,117,3,35,45,0.03586886571,0.9924446448,0.001138303927,0.0005691519636,0
star_co_plus_hi_ctl49,117,4,45,55,-0.03705094354,0.9992299963,0.001138303927,0.0005691519636,0
star_co_plus_hi_ctl49,117,5,55,65,-0.18565882,0.9760693576,0.001138303927,0.0005691519636,0
star_only,118,0,5,15,-0.06077336164,0.7879922055,0.002845759818,0,0
star_only,118,1,15,25,-0.03245233903,0.9750735067,0.002845759818,0,0
star_only,118,2,25,35,0.03452323666,0.9388443361,0.002845759818,0,0
star_only,118,3,35,45,0.02757589312,0.9904308369,0.002845759818,0,0
star_only,118,4,45,55,-0.08787173786,0.8790383371,0.002845759818,0,0
star_only,118,5,55,65,-0.09494829584,0.9993979247,0.002845759818,0,0
co_independent_only,118,0,5,15,-0.06293605521,0.7770716789,0,0.003984063745,0
co_independent_only,118,1,15,25,-0.03862709957,0.8923255771,0,0.003984063745,0
co_independent_only,118,2,25,35,0.04143554135,0.931726178,0,0.003984063745,0
co_independent_only,118,3,35,45,0.02420555018,0.9986816763,0,0.003984063745,0
co_independent_only,118,4,45,55,-0.04219426944,0.9343224355,0,0.003984063745,0
co_independent_only,118,5,55,65,-0.094829389,0.9762370048,0,0.003984063745,0
star_plus_co_independent,118,0,5,15,-0.06346528721,0.7879922055,0.002845759818,0.003984063745,0
star_plus_co_independent,118,1,15,25,-0.03409939393,0.9750735067,0.002845759818,0.003984063745,0
star_plus_co_independent,118,2,25,35,0.04091846696,0.9388443361,0.002845759818,0.003984063745,0
star_plus_co_independent,118,3,35,45,0.02699854105,0.9904308369,0.002845759818,0.003984063745,0
star_plus_co_independent,118,4,45,55,-0.09170644194,0.8790383371,0.002845759818,0.003984063745,0
star_plus_co_independent,118,5,55,65,-0.09067471703,0.9993979247,0.002845759818,0.003984063745,0
star_plus_co_correlated_control,118,0,5,15,-0.06467719195,0.7879922055,0.002845759818,0.1166761525,0
star_plus_co_correlated_control,118,1,15,25,-0.03612239134,0.9750735067,0.002845759818,0.1166761525,0
star_plus_co_correlated_control,118,2,25,35,0.04116618681,0.9388443361,0.002845759818,0.1166761525,0
star_plus_co_correlated_control,118,3,35,45,0.02503080296,0.9904308369,0.002845759818,0.1166761525,0
star_plus_co_correlated_control,118,4,45,55,-0.09337151902,0.8790383371,0.002845759818,0.1166761525,0
star_plus_co_correlated_control,118,5,55,65,-0.1038580948,0.9993979247,0.002845759818,0.1166761525,0
star_co_plus_hi_ctl01,118,0,5,15,-0.06337377147,0.7879922055,0.002845759818,0.003984063745,0
star_co_plus_hi_ctl01,118,1,15,25,-0.03407041258,0.9750735067,0.002845759818,0.003984063745,0
star_co_plus_hi_ctl01,118,2,25,35,0.04093019084,0.9388443361,0.002845759818,0.003984063745,0
star_co_plus_hi_ctl01,118,3,35,45,0.02685922353,0.9904308369,0.002845759818,0.003984063745,0
star_co_plus_hi_ctl01,118,4,45,55,-0.09180707099,0.8790383371,0.002845759818,0.003984063745,0
star_co_plus_hi_ctl01,118,5,55,65,-0.09120602841,0.9993979247,0.002845759818,0.003984063745,0
star_co_plus_hi_ctl10,118,0,5,15,-0.06312782278,0.7879922055,0.002845759818,0.003984063745,0
star_co_plus_hi_ctl10,118,1,15,25,-0.03399249252,0.9750735067,0.002845759818,0.003984063745,0
star_co_plus_hi_ctl10,118,2,25,35,0.04096149148,0.9388443361,0.002845759818,0.003984063745,0
star_co_plus_hi_ctl10,118,3,35,45,0.02648070984,0.9904308369,0.002845759818,0.003984063745,0
star_co_plus_hi_ctl10,118,4,45,55,-0.09208813694,0.8790383371,0.002845759818,0.003984063745,0
star_co_plus_hi_ctl10,118,5,55,65,-0.092721244,0.9993979247,0.002845759818,0.003984063745,0
star_co_plus_hi_ctl49,118,0,5,15,-0.06270889043,0.7879922055,0.002845759818,0.003984063745,0
star_co_plus_hi_ctl49,118,1,15,25,-0.03385965879,0.9750735067,0.002845759818,0.003984063745,0
star_co_plus_hi_ctl49,118,2,25,35,0.04096741011,0.9388443361,0.002845759818,0.003984063745,0
star_co_plus_hi_ctl49,118,3,35,45,0.02574681203,0.9904308369,0.002845759818,0.003984063745,0
star_co_plus_hi_ctl49,118,4,45,55,-0.09260299715,0.8790383371,0.002845759818,0.003984063745,0
star_co_plus_hi_ctl49,118,5,55,65,-0.09821047949,0.9993979247,0.002845759818,0.003984063745,0
star_only,119,0,5,15,-0.06093054904,0.7197798207,0,0,0
star_only,119,1,15,25,-0.0362908168,0.7375068016,0,0,0
star_only,119,2,25,35,0.03470996514,0.7963849958,0,0,0
star_only,119,3,35,45,0.01936774187,0.9393700447,0,0,0
star_only,119,4,45,55,-0.07133397994,0.9936955987,0,0,0
star_only,119,5,55,65,-0.1857383028,0.9875585375,0,0,0
co_independent_only,119,0,5,15,-0.06350447325,0.7770716789,0,0.006260671599,0
co_independent_only,119,1,15,25,-0.03490356725,0.8923255771,0,0.006260671599,0
co_independent_only,119,2,25,35,0.03580864957,0.931726178,0,0.006260671599,0
co_independent_only,119,3,35,45,0.02691841382,0.9986816763,0,0.006260671599,0
co_independent_only,119,4,45,55,-0.04312042104,0.9343224355,0,0.006260671599,0
co_independent_only,119,5,55,65,-0.1096180741,0.9762370048,0,0.006260671599,0
star_plus_co_independent,119,0,5,15,-0.06418340714,0.7197798207,0,0.006260671599,0
star_plus_co_independent,119,1,15,25,-0.03507599821,0.7375068016,0,0.006260671599,0
star_plus_co_independent,119,2,25,35,0.03581574968,0.7963849958,0,0.006260671599,0
star_plus_co_independent,119,3,35,45,0.02097572021,0.9393700447,0,0.006260671599,0
star_plus_co_independent,119,4,45,55,-0.07406312027,0.9936955987,0,0.006260671599,0
star_plus_co_independent,119,5,55,65,-0.1962162217,0.9875585375,0,0.006260671599,0
star_plus_co_correlated_control,119,0,5,15,-0.06273367226,0.7197798207,0,0.05350028458,0
star_plus_co_correlated_control,119,1,15,25,-0.03821124811,0.7375068016,0,0.05350028458,0
star_plus_co_correlated_control,119,2,25,35,0.03803463302,0.7963849958,0,0.05350028458,0
star_plus_co_correlated_control,119,3,35,45,0.01758590108,0.9393700447,0,0.05350028458,0
star_plus_co_correlated_control,119,4,45,55,-0.07333463038,0.9936955987,0,0.05350028458,0
star_plus_co_correlated_control,119,5,55,65,-0.1957314845,0.9875585375,0,0.05350028458,0
star_co_plus_hi_ctl01,119,0,5,15,-0.0641333282,0.7197798207,0,0.006260671599,0
star_co_plus_hi_ctl01,119,1,15,25,-0.03548066282,0.7375068016,0,0.006260671599,0
star_co_plus_hi_ctl01,119,2,25,35,0.03544777825,0.7963849958,0,0.006260671599,0
star_co_plus_hi_ctl01,119,3,35,45,0.02062465827,0.9393700447,0,0.006260671599,0
star_co_plus_hi_ctl01,119,4,45,55,-0.07535900028,0.9936955987,0,0.006260671599,0
star_co_plus_hi_ctl01,119,5,55,65,-0.1965029755,0.9875585375,0,0.006260671599,0
star_co_plus_hi_ctl10,119,0,5,15,-0.06399875771,0.7197798207,0,0.006260671599,0
star_co_plus_hi_ctl10,119,1,15,25,-0.03657046949,0.7375068016,0,0.006260671599,0
star_co_plus_hi_ctl10,119,2,25,35,0.03445937443,0.7963849958,0,0.006260671599,0
star_co_plus_hi_ctl10,119,3,35,45,0.01967621087,0.9393700447,0,0.006260671599,0
star_co_plus_hi_ctl10,119,4,45,55,-0.07884838065,0.9936955987,0,0.006260671599,0
star_co_plus_hi_ctl10,119,5,55,65,-0.1976137772,0.9875585375,0,0.006260671599,0
star_co_plus_hi_ctl49,119,0,5,15,-0.06376959727,0.7197798207,0,0.006260671599,0
star_co_plus_hi_ctl49,119,1,15,25,-0.03824727174,0.7375068016,0,0.006260671599,0
star_co_plus_hi_ctl49,119,2,25,35,0.03243218159,0.7963849958,0,0.006260671599,0
star_co_plus_hi_ctl49,119,3,35,45,0.01770825224,0.9393700447,0,0.006260671599,0
star_co_plus_hi_ctl49,119,4,45,55,-0.08416784911,0.9936955987,0,0.006260671599,0
star_co_plus_hi_ctl49,119,5,55,65,-0.1995165376,0.9875585375,0,0.006260671599,0
star_only,120,0,5,15,-0.05860971396,0.7168201165,0,0,0
star_only,120,1,15,25,-0.04173979661,0.605413016,0,0,0
star_only,120,2,25,35,0.03454691691,0.732890441,0,0,0
star_only,120,3,35,45,0.04608514684,0.9725144162,0,0,0
star_only,120,4,45,55,-0.05096302242,0.9992161269,0,0,0
star_only,120,5,55,65,-0.07372107761,0.9807124692,0,0,0
co_independent_only,120,0,5,15,-0.06083658571,0.7770716789,0,0,0
co_independent_only,120,1,15,25,-0.03820805427,0.8923255771,0,0,0
co_independent_only,120,2,25,35,0.0315909754,0.931726178,0,0,0
co_independent_only,120,3,35,45,0.01787147143,0.9986816763,0,0,0
co_independent_only,120,4,45,55,-0.04275584887,0.9343224355,0,0,0
co_independent_only,120,5,55,65,-0.1090313656,0.9762370048,0,0,0
star_plus_co_independent,120,0,5,15,-0.05899501073,0.7168201165,0,0,0
star_plus_co_independent,120,1,15,25,-0.04348813285,0.605413016,0,0,0
star_plus_co_independent,120,2,25,35,0.0316714084,0.732890441,0,0,0
star_plus_co_independent,120,3,35,45,0.04227748532,0.9725144162,0,0,0
star_plus_co_independent,120,4,45,55,-0.05326636929,0.9992161269,0,0,0
star_plus_co_independent,120,5,55,65,-0.08376635511,0.9807124692,0,0,0
star_plus_co_correlated_control,120,0,5,15,-0.05639431174,0.7168201165,0,0,0
star_plus_co_correlated_control,120,1,15,25,-0.03812914805,0.605413016,0,0,0
star_plus_co_correlated_control,120,2,25,35,0.02946367551,0.732890441,0,0,0
star_plus_co_correlated_control,120,3,35,45,0.04616100189,0.9725144162,0,0,0
star_plus_co_correlated_control,120,4,45,55,-0.0497766063,0.9992161269,0,0,0
star_plus_co_correlated_control,120,5,55,65,-0.07209462498,0.9807124692,0,0,0
star_co_plus_hi_ctl01,120,0,5,15,-0.05922954501,0.7168201165,0,0,0
star_co_plus_hi_ctl01,120,1,15,25,-0.04410855093,0.605413016,0,0,0
star_co_plus_hi_ctl01,120,2,25,35,0.03132823338,0.732890441,0,0,0
star_co_plus_hi_ctl01,120,3,35,45,0.04168508569,0.9725144162,0,0,0
star_co_plus_hi_ctl01,120,4,45,55,-0.05398866531,0.9992161269,0,0,0
star_co_plus_hi_ctl01,120,5,55,65,-0.08436380747,0.9807124692,0,0,0
star_co_plus_hi_ctl10,120,0,5,15,-0.05986056932,0.7168201165,0,0,0
star_co_plus_hi_ctl10,120,1,15,25,-0.04577815151,0.605413016,0,0,0
star_co_plus_hi_ctl10,120,2,25,35,0.03040531603,0.732890441,0,0,0
star_co_plus_hi_ctl10,120,3,35,45,0.04008887893,0.9725144162,0,0,0
star_co_plus_hi_ctl10,120,4,45,55,-0.05593331762,0.9992161269,0,0,0
star_co_plus_hi_ctl10,120,5,55,65,-0.08577663006,0.9807124692,0,0,0
star_co_plus_hi_ctl49,120,0,5,15,-0.06093781237,0.7168201165,0,0,0
star_co_plus_hi_ctl49,120,1,15,25,-0.04861381754,0.605413016,0,0,0
star_co_plus_hi_ctl49,120,2,25,35,0.02882988749,0.732890441,0,0,0
star_co_plus_hi_ctl49,120,3,35,45,0.03735605284,0.9725144162,0,0,0
star_co_plus_hi_ctl49,120,4,45,55,-0.05925745669,0.9992161269,0,0,0
star_co_plus_hi_ctl49,120,5,55,65,-0.0899663849,0.9807124692,0,0,0
star_only,121,0,5,15,-0.05896106733,0.7710653934,0,0,0
star_only,121,1,15,25,-0.03965724105,0.7260799318,0,0,0
star_only,121,2,25,35,0.03286182647,0.8767248608,0,0,0
star_only,121,3,35,45,0.03833599667,0.9594389636,0,0,0
star_only,121,4,45,55,-0.08479086123,0.7553483254,0,0,0
star_only,121,5,55,65,-0.1239850648,0.9100928818,0,0,0
co_independent_only,121,0,5,15,-0.0549397073,0.7770716789,0,0.0005691519636,0
co_independent_only,121,1,15,25,-0.03240225492,0.8923255771,0,0.0005691519636,0
co_independent_only,121,2,25,35,0.02678752991,0.931726178,0,0.0005691519636,0
co_independent_only,121,3,35,45,0.02552495222,0.9986816763,0,0.0005691519636,0
co_independent_only,121,4,45,55,-0.03679234159,0.9343224355,0,0.0005691519636,0
co_independent_only,121,5,55,65,-0.09888092923,0.9762370048,0,0.0005691519636,0
star_plus_co_independent,121,0,5,15,-0.05381358952,0.7710653934,0,0.0005691519636,0
star_plus_co_independent,121,1,15,25,-0.03443281255,0.7260799318,0,0.0005691519636,0
star_plus_co_independent,121,2,25,35,0.0234432714,0.8767248608,0,0.0005691519636,0
star_plus_co_independent,121,3,35,45,0.04151224117,0.9594389636,0,0.0005691519636,0
star_plus_co_independent,121,4,45,55,-0.08209372486,0.7553483254,0,0.0005691519636,0
star_plus_co_independent,121,5,55,65,-0.1237292998,0.9100928818,0,0.0005691519636,0
star_plus_co_correlated_control,121,0,5,15,-0.05531347245,0.7710653934,0,0,0
star_plus_co_correlated_control,121,1,15,25,-0.03405137172,0.7260799318,0,0,0
star_plus_co_correlated_control,121,2,25,35,0.02459765073,0.8767248608,0,0,0
star_plus_co_correlated_control,121,3,35,45,0.03991075194,0.9594389636,0,0,0
star_plus_co_correlated_control,121,4,45,55,-0.08161948646,0.7553483254,0,0,0
star_plus_co_correlated_control,121,5,55,65,-0.1157309462,0.9100928818,0,0,0
star_co_plus_hi_ctl01,121,0,5,15,-0.05387572305,0.7710653934,0,0.0005691519636,0
star_co_plus_hi_ctl01,121,1,15,25,-0.0343520771,0.7260799318,0,0.0005691519636,0
star_co_plus_hi_ctl01,121,2,25,35,0.02382148009,0.8767248608,0,0.0005691519636,0
star_co_plus_hi_ctl01,121,3,35,45,0.04190519081,0.9594389636,0,0.0005691519636,0
star_co_plus_hi_ctl01,121,4,45,55,-0.08184257061,0.7553483254,0,0.0005691519636,0
star_co_plus_hi_ctl01,121,5,55,65,-0.1221896604,0.9100928818,0,0.0005691519636,0
star_co_plus_hi_ctl10,121,0,5,15,-0.05404292217,0.7710653934,0,0.0005691519636,0
star_co_plus_hi_ctl10,121,1,15,25,-0.03413455495,0.7260799318,0,0.0005691519636,0
star_co_plus_hi_ctl10,121,2,25,35,0.02484039737,0.8767248608,0,0.0005691519636,0
star_co_plus_hi_ctl10,121,3,35,45,0.04295563953,0.9594389636,0,0.0005691519636,0
star_co_plus_hi_ctl10,121,4,45,55,-0.08116566655,0.7553483254,0,0.0005691519636,0
star_co_plus_hi_ctl10,121,5,55,65,-0.1182306197,0.9100928818,0,0.0005691519636,0
star_co_plus_hi_ctl49,121,0,5,15,-0.05432844181,0.7710653934,0,0.0005691519636,0
star_co_plus_hi_ctl49,121,1,15,25,-0.03376220182,0.7260799318,0,0.0005691519636,0
star_co_plus_hi_ctl49,121,2,25,35,0.02658432506,0.8767248608,0,0.0005691519636,0
star_co_plus_hi_ctl49,121,3,35,45,0.04473635021,0.9594389636,0,0.0005691519636,0
star_co_plus_hi_ctl49,121,4,45,55,-0.07964426807,0.7553483254,0,0.0005691519636,0
star_co_plus_hi_ctl49,121,5,55,65,-0.1113858108,0.9100928818,0,0.0005691519636,0
star_only,122,0,5,15,-0.05984828721,0.8518920755,0,0,0
star_only,122,1,15,25,-0.03915012201,0.9966820368,0,0,0
star_only,122,2,25,35,0.03356692872,0.9931905532,0,0,0
star_only,122,3,35,45,0.03229944153,0.9928171067,0,0,0
star_only,122,4,45,55,-0.02598268358,0.9758369975,0,0,0
star_only,122,5,55,65,-0.05055944583,0.9999980554,0,0,0
co_independent_only,122,0,5,15,-0.05787427069,0.7770716789,0,0,0
co_independent_only,122,1,15,25,-0.03067536678,0.8923255771,0,0,0
co_independent_only,122,2,25,35,0.03321012869,0.931726178,0,0,0
co_independent_only,122,3,35,45,0.02987606975,0.9986816763,0,0,0
co_independent_only,122,4,45,55,-0.03784697786,0.9343224355,0,0,0
co_independent_only,122,5,55,65,-0.09663104258,0.9762370048,0,0,0
star_plus_co_independent,122,0,5,15,-0.0574908475,0.8518920755,0,0,0
star_plus_co_independent,122,1,15,25,-0.03364047439,0.9966820368,0,0,0
star_plus_co_independent,122,2,25,35,0.0340148703,0.9931905532,0,0,0
star_plus_co_independent,122,3,35,45,0.03857946312,0.9928171067,0,0,0
star_plus_co_independent,122,4,45,55,-0.0234061219,0.9758369975,0,0,0
star_plus_co_independent,122,5,55,65,-0.04675640793,0.9999980554,0,0,0
star_plus_co_correlated_control,122,0,5,15,-0.06523493078,0.8518920755,0,0.2305065452,0
star_plus_co_correlated_control,122,1,15,25,-0.04557917123,0.9966820368,0,0.2305065452,0
star_plus_co_correlated_control,122,2,25,35,0.04203778554,0.9931905532,0,0.2305065452,0
star_plus_co_correlated_control,122,3,35,45,0.02964622326,0.9928171067,0,0.2305065452,0
star_plus_co_correlated_control,122,4,45,55,-0.02621745517,0.9758369975,0,0.2305065452,0
star_plus_co_correlated_control,122,5,55,65,-0.05345683923,0.9999980554,0,0.2305065452,0
star_co_plus_hi_ctl01,122,0,5,15,-0.05721931504,0.8518920755,0,0,0
star_co_plus_hi_ctl01,122,1,15,25,-0.03368920144,0.9966820368,0,0,0
star_co_plus_hi_ctl01,122,2,25,35,0.0330246441,0.9931905532,0,0,0
star_co_plus_hi_ctl01,122,3,35,45,0.03807402848,0.9928171067,0,0,0
star_co_plus_hi_ctl01,122,4,45,55,-0.02408922449,0.9758369975,0,0,0
star_co_plus_hi_ctl01,122,5,55,65,-0.04743737816,0.9999980554,0,0,0
star_co_plus_hi_ctl10,122,0,5,15,-0.05648804121,0.8518920755,0,0,0
star_co_plus_hi_ctl10,122,1,15,25,-0.03381595656,0.9966820368,0,0,0
star_co_plus_hi_ctl10,122,2,25,35,0.03036065944,0.9931905532,0,0,0
star_co_plus_hi_ctl10,122,3,35,45,0.03671271831,0.9928171067,0,0,0
star_co_plus_hi_ctl10,122,4,45,55,-0.02592857804,0.9758369975,0,0,0
star_co_plus_hi_ctl10,122,5,55,65,-0.04903844382,0.9999980554,0,0,0
star_co_plus_hi_ctl49,122,0,5,15,-0.05523727995,0.8518920755,0,0,0
star_co_plus_hi_ctl49,122,1,15,25,-0.03403309625,0.9966820368,0,0,0
star_co_plus_hi_ctl49,122,2,25,35,0.02563799206,0.9931905532,0,0,0
star_co_plus_hi_ctl49,122,3,35,45,0.03468053033,0.9928171067,0,0,0
star_co_plus_hi_ctl49,122,4,45,55,-0.02907346826,0.9758369975,0,0,0
star_co_plus_hi_ctl49,122,5,55,65,-0.05172222065,0.9999980554,0,0,0
star_only,123,0,5,15,-0.05641672408,0.8480112193,0,0,0
star_only,123,1,15,25,-0.04219278066,0.6499000701,0,0,0
star_only,123,2,25,35,0.03434193307,0.9333646974,0,0,0
star_only,123,3,35,45,0.04733097114,0.7506408086,0,0,0
star_only,123,4,45,55,-0.07818950032,0.5740269288,0,0,0
star_only,123,5,55,65,-0.04458940119,0.9044016297,0,0,0
co_independent_only,123,0,5,15,-0.06132157401,0.7770716789,0,0.002276607854,0
co_independent_only,123,1,15,25,-0.0376232545,0.8923255771,0,0.002276607854,0
co_independent_only,123,2,25,35,0.03550557139,0.931726178,0,0.002276607854,0
co_independent_only,123,3,35,45,0.02668564877,0.9986816763,0,0.002276607854,0
co_independent_only,123,4,45,55,-0.04225383452,0.9343224355,0,0.002276607854,0
co_independent_only,123,5,55,65,-0.104000027,0.9762370048,0,0.002276607854,0
star_plus_co_independent,123,0,5,15,-0.05721687944,0.8480112193,0,0.002276607854,0
star_plus_co_independent,123,1,15,25,-0.04572188711,0.6499000701,0,0.002276607854,0
star_plus_co_independent,123,2,25,35,0.03537977995,0.9333646974,0,0.002276607854,0
star_plus_co_independent,123,3,35,45,0.04320263341,0.7506408086,0,0.002276607854,0
star_plus_co_independent,123,4,45,55,-0.07923974663,0.5740269288,0,0.002276607854,0
star_plus_co_independent,123,5,55,65,-0.05135440505,0.9044016297,0,0.002276607854,0
star_plus_co_correlated_control,123,0,5,15,-0.05307197092,0.8480112193,0,0,0
star_plus_co_correlated_control,123,1,15,25,-0.03711531828,0.6499000701,0,0,0
star_plus_co_correlated_control,123,2,25,35,0.02635010787,0.9333646974,0,0,0
star_plus_co_correlated_control,123,3,35,45,0.04740577669,0.7506408086,0,0,0
star_plus_co_correlated_control,123,4,45,55,-0.07554773082,0.5740269288,0,0,0
star_plus_co_correlated_control,123,5,55,65,-0.04568908686,0.9044016297,0,0,0
star_co_plus_hi_ctl01,123,0,5,15,-0.05730067646,0.8480112193,0,0.002276607854,0
star_co_plus_hi_ctl01,123,1,15,25,-0.04611959687,0.6499000701,0,0.002276607854,0
star_co_plus_hi_ctl01,123,2,25,35,0.035332105,0.9333646974,0,0.002276607854,0
star_co_plus_hi_ctl01,123,3,35,45,0.04301739483,0.7506408086,0,0.002276607854,0
star_co_plus_hi_ctl01,123,4,45,55,-0.07934539608,0.5740269288,0,0.002276607854,0
star_co_plus_hi_ctl01,123,5,55,65,-0.0504033421,0.9044016297,0,0.002276607854,0
star_co_plus_hi_ctl10,123,0,5,15,-0.05752616078,0.8480112193,0,0.002276607854,0
star_co_plus_hi_ctl10,123,1,15,25,-0.04719058171,0.6499000701,0,0.002276607854,0
star_co_plus_hi_ctl10,123,2,25,35,0.0352039815,0.9333646974,0,0.002276607854,0
star_co_plus_hi_ctl10,123,3,35,45,0.04251828142,0.7506408086,0,0.002276607854,0
star_co_plus_hi_ctl10,123,4,45,55,-0.07914740316,0.5740269288,0,0.002276607854,0
star_co_plus_hi_ctl10,123,5,55,65,-0.04848088364,0.9044016297,0,0.002276607854,0
star_co_plus_hi_ctl49,123,0,5,15,-0.05791117748,0.8480112193,0,0.002276607854,0
star_co_plus_hi_ctl49,123,1,15,25,-0.04902204202,0.6499000701,0,0.002276607854,0
star_co_plus_hi_ctl49,123,2,25,35,0.03506560487,0.9333646974,0,0.002276607854,0
star_co_plus_hi_ctl49,123,3,35,45,0.04179766985,0.7506408086,0,0.002276607854,0
star_co_plus_hi_ctl49,123,4,45,55,-0.07624148016,0.5740269288,0,0.002276607854,0
star_co_plus_hi_ctl49,123,5,55,65,-0.04519017666,0.9044016297,0,0.002276607854,0
star_only,124,0,5,15,-0.06104492979,0.7713449332,0,0,0
star_only,124,1,15,25,-0.03321307725,0.9314235056,0,0,0
star_only,124,2,25,35,0.03469875184,0.9324069331,0,0,0
star_only,124,3,35,45,0.02110633429,0.9983443643,0,0,0
star_only,124,4,45,55,-0.0564091362,0.9956933456,0,0,0
star_only,124,5,55,65,-0.1447269258,0.9944779504,0,0,0
co_independent_only,124,0,5,15,-0.05948971029,0.7770716789,0,0.01138303927,0
co_independent_only,124,1,15,25,-0.03646282066,0.8923255771,0,0.01138303927,0
co_independent_only,124,2,25,35,0.03089307534,0.931726178,0,0.01138303927,0
co_independent_only,124,3,35,45,0.02047515564,0.9986816763,0,0.01138303927,0
co_independent_only,124,4,45,55,-0.03674782019,0.9343224355,0,0.01138303927,0
co_independent_only,124,5,55,65,-0.08782709861,0.9762370048,0,0.01138303927,0
star_plus_co_independent,124,0,5,15,-0.06020106468,0.7713449332,0,0.01138303927,0
star_plus_co_independent,124,1,15,25,-0.03407291064,0.9314235056,0,0.01138303927,0
star_plus_co_independent,124,2,25,35,0.03089418052,0.9324069331,0,0.01138303927,0
star_plus_co_independent,124,3,35,45,0.01630126092,0.9983443643,0,0.01138303927,0
star_plus_co_independent,124,4,45,55,-0.05356249432,0.9956933456,0,0.01138303927,0
star_plus_co_independent,124,5,55,65,-0.1334418702,0.9944779504,0,0.01138303927,0
star_plus_co_correlated_control,124,0,5,15,-0.05930431539,0.7713449332,0,0,0
star_plus_co_correlated_control,124,1,15,25,-0.03104153164,0.9314235056,0,0,0
star_plus_co_correlated_control,124,2,25,35,0.03098722647,0.9324069331,0,0,0
star_plus_co_correlated_control,124,3,35,45,0.02272560818,0.9983443643,0,0,0
star_plus_co_correlated_control,124,4,45,55,-0.05501967489,0.9956933456,0,0,0
star_plus_co_correlated_control,124,5,55,65,-0.1393256941,0.9944779504,0,0,0
star_co_plus_hi_ctl01,124,0,5,15,-0.06008531487,0.7713449332,0,0.01138303927,0
star_co_plus_hi_ctl01,124,1,15,25,-0.03398725725,0.9314235056,0,0.01138303927,0
star_co_plus_hi_ctl01,124,2,25,35,0.03077280134,0.9324069331,0,0.01138303927,0
star_co_plus_hi_ctl01,124,3,35,45,0.01660797144,0.9983443643,0,0.01138303927,0
star_co_plus_hi_ctl01,124,4,45,55,-0.05403249532,0.9956933456,0,0.01138303927,0
star_co_plus_hi_ctl01,124,5,55,65,-0.1336012865,0.9944779504,0,0.01138303927,0
star_co_plus_hi_ctl10,124,0,5,15,-0.05977365607,0.7713449332,0,0.01138303927,0
star_co_plus_hi_ctl10,124,1,15,25,-0.03375676002,0.9314235056,0,0.01138303927,0
star_co_plus_hi_ctl10,124,2,25,35,0.03044658882,0.9324069331,0,0.01138303927,0
star_co_plus_hi_ctl10,124,3,35,45,0.01743251268,0.9983443643,0,0.01138303927,0
star_co_plus_hi_ctl10,124,4,45,55,-0.05529615322,0.9956933456,0,0.01138303927,0
star_co_plus_hi_ctl10,124,5,55,65,-0.1340307712,0.9944779504,0,0.01138303927,0
star_co_plus_hi_ctl49,124,0,5,15,-0.05924083994,0.7713449332,0,0.01138303927,0
star_co_plus_hi_ctl49,124,1,15,25,-0.03336312509,0.9314235056,0,0.01138303927,0
star_co_plus_hi_ctl49,124,2,25,35,0.02989092162,0.9324069331,0,0.01138303927,0
star_co_plus_hi_ctl49,124,3,35,45,0.01883784339,0.9983443643,0,0.01138303927,0
star_co_plus_hi_ctl49,124,4,45,55,-0.05745037462,0.9956933456,0,0.01138303927,0
star_co_plus_hi_ctl49,124,5,55,65,-0.1373913242,0.9944779504,0,0.01138303927,0
star_only,125,0,5,15,-0.05946996705,0.7870245429,0.001138303927,0,0
star_only,125,1,15,25,-0.04092168323,0.6733112663,0.001138303927,0,0
star_only,125,2,25,35,0.03469453689,0.8493916955,0.001138303927,0,0
star_only,125,3,35,45,0.04407437707,0.9760607941,0.001138303927,0,0
star_only,125,4,45,55,0.06810186865,0.9212351999,0.001138303927,0,0
star_only,125,5,55,65,0.1155297804,0.9742032652,0.001138303927,0,0
co_independent_only,125,0,5,15,-0.05956016929,0.7770716789,0,0.001707455891,0
co_independent_only,125,1,15,25,-0.03747182915,0.8923255771,0,0.001707455891,0
co_independent_only,125,2,25,35,0.03023473192,0.931726178,0,0.001707455891,0
co_independent_only,125,3,35,45,0.02008878744,0.9986816763,0,0.001707455891,0
co_independent_only,125,4,45,55,-0.04773505746,0.9343224355,0,0.001707455891,0
co_independent_only,125,5,55,65,-0.1066432012,0.9762370048,0,0.001707455891,0
star_plus_co_independent,125,0,5,15,-0.05870800116,0.7870245429,0.001138303927,0.001707455891,0
star_plus_co_independent,125,1,15,25,-0.04160216011,0.6733112663,0.001138303927,0.001707455891,0
star_plus_co_independent,125,2,25,35,0.03021326237,0.8493916955,0.001138303927,0.001707455891,0
star_plus_co_independent,125,3,35,45,0.04289006472,0.9760607941,0.001138303927,0.001707455891,0
star_plus_co_independent,125,4,45,55,0.06417245807,0.9212351999,0.001138303927,0.001707455891,0
star_plus_co_independent,125,5,55,65,0.1156034489,0.9742032652,0.001138303927,0.001707455891,0
star_plus_co_correlated_control,125,0,5,15,-0.06108961382,0.7870245429,0.001138303927,0.04894706887,0
star_plus_co_correlated_control,125,1,15,25,-0.04297053571,0.6733112663,0.001138303927,0.04894706887,0
star_plus_co_correlated_control,125,2,25,35,0.03778391933,0.8493916955,0.001138303927,0.04894706887,0
star_plus_co_correlated_control,125,3,35,45,0.04377883263,0.9760607941,0.001138303927,0.04894706887,0
star_plus_co_correlated_control,125,4,45,55,0.07020640907,0.9212351999,0.001138303927,0.04894706887,0
star_plus_co_correlated_control,125,5,55,65,0.123277537,0.9742032652,0.001138303927,0.04894706887,0
star_co_plus_hi_ctl01,125,0,5,15,-0.05884272846,0.7870245429,0.001138303927,0.001707455891,0
star_co_plus_hi_ctl01,125,1,15,25,-0.04152524929,0.6733112663,0.001138303927,0.001707455891,0
star_co_plus_hi_ctl01,125,2,25,35,0.03047591164,0.8493916955,0.001138303927,0.001707455891,0
star_co_plus_hi_ctl01,125,3,35,45,0.04358824068,0.9760607941,0.001138303927,0.001707455891,0
star_co_plus_hi_ctl01,125,4,45,55,0.06398629207,0.9212351999,0.001138303927,0.001707455891,0
star_co_plus_hi_ctl01,125,5,55,65,0.1144245162,0.9742032652,0.001138303927,0.001707455891,0
star_co_plus_hi_ctl10,125,0,5,15,-0.05920500169,0.7870245429,0.001138303927,0.001707455891,0
star_co_plus_hi_ctl10,125,1,15,25,-0.04113483748,0.6733112663,0.001138303927,0.001707455891,0
star_co_plus_hi_ctl10,125,2,25,35,0.03118358233,0.8493916955,0.001138303927,0.001707455891,0
star_co_plus_hi_ctl10,125,3,35,45,0.04560082456,0.9760607941,0.001138303927,0.001707455891,0
star_co_plus_hi_ctl10,125,4,45,55,0.06438207703,0.9212351999,0.001138303927,0.001707455891,0
star_co_plus_hi_ctl10,125,5,55,65,0.1097628207,0.9742032652,0.001138303927,0.001707455891,0
star_co_plus_hi_ctl49,125,0,5,15,-0.0598227228,0.7870245429,0.001138303927,0.001707455891,0
star_co_plus_hi_ctl49,125,1,15,25,-0.04027574781,0.6733112663,0.001138303927,0.001707455891,0
star_co_plus_hi_ctl49,125,2,25,35,0.03239505799,0.8493916955,0.001138303927,0.001707455891,0
star_co_plus_hi_ctl49,125,3,35,45,0.04873164437,0.9760607941,0.001138303927,0.001707455891,0
star_co_plus_hi_ctl49,125,4,45,55,0.06555539147,0.9212351999,0.001138303927,0.001707455891,0
star_co_plus_hi_ctl49,125,5,55,65,0.1030645617,0.9742032652,0.001138303927,0.001707455891,0
star_only,126,0,5,15,-0.05885488099,0.7216774678,0,0,0
star_only,126,1,15,25,-0.04204893005,0.5714582682,0,0,0
star_only,126,2,25,35,0.03308134425,0.7510125989,0,0,0
star_only,126,3,35,45,0.02609631596,0.8139883529,0,0,0
star_only,126,4,45,55,-0.09874929899,0.9156125765,0,0,0
star_only,126,5,55,65,-0.2046861896,0.9174638809,0,0,0
co_independent_only,126,0,5,15,-0.06264396163,0.7770716789,0,0.003984063745,0
co_independent_only,126,1,15,25,-0.03859390735,0.8923255771,0,0.003984063745,0
co_independent_only,126,2,25,35,0.03666728074,0.931726178,0,0.003984063745,0
co_independent_only,126,3,35,45,0.02651125343,0.9986816763,0,0.003984063745,0
co_independent_only,126,4,45,55,-0.04067716757,0.9343224355,0,0.003984063745,0
co_independent_only,126,5,55,65,-0.09982831886,0.9762370048,0,0.003984063745,0
star_plus_co_independent,126,0,5,15,-0.06100555196,0.7216774678,0,0.003984063745,0
star_plus_co_independent,126,1,15,25,-0.04593364459,0.5714582682,0,0.003984063745,0
star_plus_co_independent,126,2,25,35,0.03560046406,0.7510125989,0,0.003984063745,0
star_plus_co_independent,126,3,35,45,0.02771414411,0.8139883529,0,0.003984063745,0
star_plus_co_independent,126,4,45,55,-0.09895881392,0.9156125765,0,0.003984063745,0
star_plus_co_independent,126,5,55,65,-0.2054936769,0.9174638809,0,0.003984063745,0
star_plus_co_correlated_control,126,0,5,15,-0.05528264411,0.7216774678,0,0,0
star_plus_co_correlated_control,126,1,15,25,-0.03641659265,0.5714582682,0,0,0
star_plus_co_correlated_control,126,2,25,35,0.02495240128,0.7510125989,0,0,0
star_plus_co_correlated_control,126,3,35,45,0.02860616006,0.8139883529,0,0,0
star_plus_co_correlated_control,126,4,45,55,-0.09488935447,0.9156125765,0,0,0
star_plus_co_correlated_control,126,5,55,65,-0.1868414089,0.9174638809,0,0,0
star_co_plus_hi_ctl01,126,0,5,15,-0.06083735942,0.7216774678,0,0.003984063745,0
star_co_plus_hi_ctl01,126,1,15,25,-0.0457267633,0.5714582682,0,0.003984063745,0
star_co_plus_hi_ctl01,126,2,25,35,0.03513657003,0.7510125989,0,0.003984063745,0
star_co_plus_hi_ctl01,126,3,35,45,0.02743805752,0.8139883529,0,0.003984063745,0
star_co_plus_hi_ctl01,126,4,45,55,-0.09814510788,0.9156125765,0,0.003984063745,0
star_co_plus_hi_ctl01,126,5,55,65,-0.2045934871,0.9174638809,0,0.003984063745,0
star_co_plus_hi_ctl10,126,0,5,15,-0.06038512692,0.7216774678,0,0.003984063745,0
star_co_plus_hi_ctl10,126,1,15,25,-0.04517052697,0.5714582682,0,0.003984063745,0
star_co_plus_hi_ctl10,126,2,25,35,0.0338887509,0.7510125989,0,0.003984063745,0
star_co_plus_hi_ctl10,126,3,35,45,0.02669688741,0.8139883529,0,0.003984063745,0
star_co_plus_hi_ctl10,126,4,45,55,-0.09667600483,0.9156125765,0,0.003984063745,0
star_co_plus_hi_ctl10,126,5,55,65,-0.2019373472,0.9174638809,0,0.003984063745,0
star_co_plus_hi_ctl49,126,0,5,15,-0.05961410361,0.7216774678,0,0.003984063745,0
star_co_plus_hi_ctl49,126,1,15,25,-0.04422225631,0.5714582682,0,0.003984063745,0
star_co_plus_hi_ctl49,126,2,25,35,0.03179609443,0.7510125989,0,0.003984063745,0
star_co_plus_hi_ctl49,126,3,35,45,0.02543712078,0.8139883529,0,0.003984063745,0
star_co_plus_hi_ctl49,126,4,45,55,-0.09417568425,0.9156125765,0,0.003984063745,0
star_co_plus_hi_ctl49,126,5,55,65,-0.1975843033,0.9174638809,0,0.003984063745,0
star_only,127,0,5,15,-0.06020084119,0.7312323988,0.01365964713,0,0
star_only,127,1,15,25,-0.03699496052,0.7285350633,0.01365964713,0,0
star_only,127,2,25,35,0.03460515388,0.8449544271,0.01365964713,0,0
star_only,127,3,35,45,0.01679617598,0.9976490975,0.01365964713,0,0
star_only,127,4,45,55,-0.07459160527,0.9923478132,0.01365964713,0,0
star_only,127,5,55,65,-0.2015816336,0.9844652766,0.01365964713,0,0
co_independent_only,127,0,5,15,-0.06076398964,0.7770716789,0,0.001138303927,0
co_independent_only,127,1,15,25,-0.035932908,0.8923255771,0,0.001138303927,0
co_independent_only,127,2,25,35,0.03554906606,0.931726178,0,0.001138303927,0
co_independent_only,127,3,35,45,0.02921109353,0.9986816763,0,0.001138303927,0
co_independent_only,127,4,45,55,-0.04165655103,0.9343224355,0,0.001138303927,0
co_independent_only,127,5,55,65,-0.1001936226,0.9762370048,0,0.001138303927,0
star_plus_co_independent,127,0,5,15,-0.06067191062,0.7312323988,0.01365964713,0.001138303927,0
star_plus_co_independent,127,1,15,25,-0.03689074216,0.7285350633,0.01365964713,0.001138303927,0
star_plus_co_independent,127,2,25,35,0.03542990735,0.8449544271,0.01365964713,0.001138303927,0
star_plus_co_independent,127,3,35,45,0.02278475122,0.9976490975,0.01365964713,0.001138303927,0
star_plus_co_independent,127,4,45,55,-0.07713095529,0.9923478132,0.01365964713,0.001138303927,0
star_plus_co_independent,127,5,55,65,-0.2028792487,0.9844652766,0.01365964713,0.001138303927,0
star_plus_co_correlated_control,127,0,5,15,-0.05756618407,0.7312323988,0.01365964713,0,0
star_plus_co_correlated_control,127,1,15,25,-0.0332514844,0.7285350633,0.01365964713,0,0
star_plus_co_correlated_control,127,2,25,35,0.02876515003,0.8449544271,0.01365964713,0,0
star_plus_co_correlated_control,127,3,35,45,0.01930233661,0.9976490975,0.01365964713,0,0
star_plus_co_correlated_control,127,4,45,55,-0.07278056892,0.9923478132,0.01365964713,0,0
star_plus_co_correlated_control,127,5,55,65,-0.1886142703,0.9844652766,0.01365964713,0,0
star_co_plus_hi_ctl01,127,0,5,15,-0.0605869295,0.7312323988,0.01365964713,0.001138303927,0
star_co_plus_hi_ctl01,127,1,15,25,-0.03679040912,0.7285350633,0.01365964713,0.001138303927,0
star_co_plus_hi_ctl01,127,2,25,35,0.03578536808,0.8449544271,0.01365964713,0.001138303927,0
star_co_plus_hi_ctl01,127,3,35,45,0.02269776309,0.9976490975,0.01365964713,0.001138303927,0
star_co_plus_hi_ctl01,127,4,45,55,-0.0769234195,0.9923478132,0.01365964713,0.001138303927,0
star_co_plus_hi_ctl01,127,5,55,65,-0.2032657149,0.9844652766,0.01365964713,0.001138303927,0
star_co_plus_hi_ctl10,127,0,5,15,-0.06035869099,0.7312323988,0.01365964713,0.001138303927,0
star_co_plus_hi_ctl10,127,1,15,25,-0.03652088623,0.7285350633,0.01365964713,0.001138303927,0
star_co_plus_hi_ctl10,127,2,25,35,0.03685932341,0.8449544271,0.01365964713,0.001138303927,0
star_co_plus_hi_ctl10,127,3,35,45,0.02285610639,0.9976490975,0.01365964713,0.001138303927,0
star_co_plus_hi_ctl10,127,4,45,55,-0.07663341599,0.9923478132,0.01365964713,0.001138303927,0
star_co_plus_hi_ctl10,127,5,55,65,-0.2043037999,0.9844652766,0.01365964713,0.001138303927,0
star_co_plus_hi_ctl49,127,0,5,15,-0.05997042246,0.7312323988,0.01365964713,0.001138303927,0
star_co_plus_hi_ctl49,127,1,15,25,-0.0360622095,0.7285350633,0.01365964713,0.001138303927,0
star_co_plus_hi_ctl49,127,2,25,35,0.03895834279,0.8449544271,0.01365964713,0.001138303927,0
star_co_plus_hi_ctl49,127,3,35,45,0.02343429141,0.9976490975,0.01365964713,0.001138303927,0
star_co_plus_hi_ctl49,127,4,45,55,-0.07658821473,0.9923478132,0.01365964713,0.001138303927,0
star_co_plus_hi_ctl49,127,5,55,65,-0.2060701836,0.9844652766,0.01365964713,0.001138303927,0
star_only,128,0,5,15,-0.05596277455,0.7702507051,0.004553215709,0,0
star_only,128,1,15,25,-0.04220861812,0.401681381,0.004553215709,0,0
star_only,128,2,25,35,0.03371151525,0.9036212181,0.004553215709,0,0
star_only,128,3,35,45,0.04303487035,0.820518684,0.004553215709,0,0
star_only,128,4,45,55,-0.03116390514,0.7620339785,0.004553215709,0,0
star_only,128,5,55,65,0.008969189829,0.9350773941,0.004553215709,0,0
co_independent_only,128,0,5,15,-0.06117644089,0.7770716789,0,0,0
co_independent_only,128,1,15,25,-0.03836825014,0.8923255771,0,0,0
co_independent_only,128,2,25,35,0.03614636548,0.931726178,0,0,0
co_independent_only,128,3,35,45,0.01945015521,0.9986816763,0,0,0
co_independent_only,128,4,45,55,-0.04704805199,0.9343224355,0,0,0
co_independent_only,128,5,55,65,-0.1105815554,0.9762370048,0,0,0
star_plus_co_independent,128,0,5,15,-0.05676069699,0.7702507051,0.004553215709,0,0
star_plus_co_independent,128,1,15,25,-0.04506126966,0.401681381,0.004553215709,0,0
star_plus_co_independent,128,2,25,35,0.03401555465,0.9036212181,0.004553215709,0,0
star_plus_co_independent,128,3,35,45,0.03886734182,0.820518684,0.004553215709,0,0
star_plus_co_independent,128,4,45,55,-0.03832802409,0.7620339785,0.004553215709,0,0
star_plus_co_independent,128,5,55,65,-0.001992808778,0.9350773941,0.004553215709,0,0
star_plus_co_correlated_control,128,0,5,15,-0.05289290689,0.7702507051,0.004553215709,0,0
star_plus_co_correlated_control,128,1,15,25,-0.03705418877,0.401681381,0.004553215709,0,0
star_plus_co_correlated_control,128,2,25,35,0.02706114589,0.9036212181,0.004553215709,0,0
star_plus_co_correlated_control,128,3,35,45,0.04390021994,0.820518684,0.004553215709,0,0
star_plus_co_correlated_control,128,4,45,55,-0.03106322552,0.7620339785,0.004553215709,0,0
star_plus_co_correlated_control,128,5,55,65,0.002486846974,0.9350773941,0.004553215709,0,0
star_co_plus_hi_ctl01,128,0,5,15,-0.0572283053,0.7702507051,0.004553215709,0,0
star_co_plus_hi_ctl01,128,1,15,25,-0.04525896913,0.401681381,0.004553215709,0,0
star_co_plus_hi_ctl01,128,2,25,35,0.03501590009,0.9036212181,0.004553215709,0,0
star_co_plus_hi_ctl01,128,3,35,45,0.0389481682,0.820518684,0.004553215709,0,0
star_co_plus_hi_ctl01,128,4,45,55,-0.03763165039,0.7620339785,0.004553215709,0,0
star_co_plus_hi_ctl01,128,5,55,65,-0.00127974937,0.9350773941,0.004553215709,0,0
star_co_plus_hi_ctl10,128,0,5,15,-0.05848820523,0.7702507051,0.004553215709,0,0
star_co_plus_hi_ctl10,128,1,15,25,-0.0457915292,0.401681381,0.004553215709,0,0
star_co_plus_hi_ctl10,128,2,25,35,0.03750427087,0.9036212181,0.004553215709,0,0
star_co_plus_hi_ctl10,128,3,35,45,0.03916557957,0.820518684,0.004553215709,0,0
star_co_plus_hi_ctl10,128,4,45,55,-0.03575603821,0.7620339785,0.004553215709,0,0
star_co_plus_hi_ctl10,128,5,55,65,0.0006452683735,0.9350773941,0.004553215709,0,0
star_co_plus_hi_ctl49,128,0,5,15,-0.06064504324,0.7702507051,0.004553215709,0,0
star_co_plus_hi_ctl49,128,1,15,25,-0.04670285328,0.401681381,0.004553215709,0,0
star_co_plus_hi_ctl49,128,2,25,35,0.04183786395,0.9036212181,0.004553215709,0,0
star_co_plus_hi_ctl49,128,3,35,45,0.03953654339,0.820518684,0.004553215709,0,0
star_co_plus_hi_ctl49,128,4,45,55,-0.03254738871,0.7620339785,0.004553215709,0,0
star_co_plus_hi_ctl49,128,5,55,65,0.004586550801,0.9350773941,0.004553215709,0,0
star_only,129,0,5,15,-0.05838765857,0.7563837152,0.06317586796,0,0
star_only,129,1,15,25,-0.04173929403,0.786256999,0.06317586796,0,0
star_only,129,2,25,35,0.03469378418,0.9039508901,0.06317586796,0,0
star_only,129,3,35,45,0.01988759426,0.9734771097,0.06317586796,0,0
star_only,129,4,45,55,-0.1127786023,0.9727928119,0.06317586796,0,0
star_only,129,5,55,65,-0.2418718726,0.9885096138,0.06317586796,0,0
co_independent_only,129,0,5,15,-0.05750141944,0.7770716789,0,0,0
co_independent_only,129,1,15,25,-0.03473734217,0.8923255771,0,0,0
co_independent_only,129,2,25,35,0.03029454618,0.931726178,0,0,0
co_independent_only,129,3,35,45,0.033067342,0.9986816763,0,0,0
co_independent_only,129,4,45,55,-0.0366831973,0.9343224355,0,0,0
co_independent_only,129,5,55,65,-0.09285210976,0.9762370048,0,0,0
star_plus_co_independent,129,0,5,15,-0.05565801131,0.7563837152,0.06317586796,0,0
star_plus_co_independent,129,1,15,25,-0.03972334391,0.786256999,0.06317586796,0,0
star_plus_co_independent,129,2,25,35,0.03013565476,0.9039508901,0.06317586796,0,0
star_plus_co_independent,129,3,35,45,0.02793364564,0.9734771097,0.06317586796,0,0
star_plus_co_independent,129,4,45,55,-0.1129536551,0.9727928119,0.06317586796,0,0
star_plus_co_independent,129,5,55,65,-0.2365987451,0.9885096138,0.06317586796,0,0
star_plus_co_correlated_control,129,0,5,15,-0.05842960038,0.7563837152,0.06317586796,0,0
star_plus_co_correlated_control,129,1,15,25,-0.04179475757,0.786256999,0.06317586796,0,0
star_plus_co_correlated_control,129,2,25,35,0.03479064959,0.9039508901,0.06317586796,0,0
star_plus_co_correlated_control,129,3,35,45,0.01984494975,0.9734771097,0.06317586796,0,0
star_plus_co_correlated_control,129,4,45,55,-0.1128571198,0.9727928119,0.06317586796,0,0
star_plus_co_correlated_control,129,5,55,65,-0.2421835308,0.9885096138,0.06317586796,0,0
star_co_plus_hi_ctl01,129,0,5,15,-0.05548348274,0.7563837152,0.06317586796,0,0
star_co_plus_hi_ctl01,129,1,15,25,-0.03940585582,0.786256999,0.06317586796,0,0
star_co_plus_hi_ctl01,129,2,25,35,0.02984394022,0.9039508901,0.06317586796,0,0
star_co_plus_hi_ctl01,129,3,35,45,0.02780724184,0.9734771097,0.06317586796,0,0
star_co_plus_hi_ctl01,129,4,45,55,-0.1138911626,0.9727928119,0.06317586796,0,0
star_co_plus_hi_ctl01,129,5,55,65,-0.2380334844,0.9885096138,0.06317586796,0,0
star_co_plus_hi_ctl10,129,0,5,15,-0.05501202071,0.7563837152,0.06317586796,0,0
star_co_plus_hi_ctl10,129,1,15,25,-0.03854797824,0.786256999,0.06317586796,0,0
star_co_plus_hi_ctl10,129,2,25,35,0.02905647222,0.9039508901,0.06317586796,0,0
star_co_plus_hi_ctl10,129,3,35,45,0.02747351214,0.9734771097,0.06317586796,0,0
star_co_plus_hi_ctl10,129,4,45,55,-0.1168734428,0.9727928119,0.06317586796,0,0
star_co_plus_hi_ctl10,129,5,55,65,-0.2428746919,0.9885096138,0.06317586796,0,0
star_co_plus_hi_ctl49,129,0,5,15,-0.05420076175,0.7563837152,0.06317586796,0,0
star_co_plus_hi_ctl49,129,1,15,25,-0.03698863924,0.786256999,0.06317586796,0,0
star_co_plus_hi_ctl49,129,2,25,35,0.02766396236,0.9039508901,0.06317586796,0,0
star_co_plus_hi_ctl49,129,3,35,45,0.0238204506,0.9734771097,0.06317586796,0,0
star_co_plus_hi_ctl49,129,4,45,55,-0.1219796876,0.9727928119,0.06317586796,0,0
star_co_plus_hi_ctl49,129,5,55,65,-0.2492568535,0.9885096138,0.06317586796,0,0
star_only,130,0,5,15,-0.06016207691,0.6590002404,0.01195219124,0,0
star_only,130,1,15,25,-0.04158878316,0.490430084,0.01195219124,0,0
star_only,130,2,25,35,0.03428649022,0.5576335173,0.01195219124,0,0
star_only,130,3,35,45,0.04812521419,0.9174141791,0.01195219124,0,0
star_only,130,4,45,55,0.161119143,0.9988806372,0.01195219124,0,0
star_only,130,5,55,65,0.08549674039,0.9981145676,0.01195219124,0,0
co_independent_only,130,0,5,15,-0.05722562534,0.7770716789,0,0,0
co_independent_only,130,1,15,25,-0.03389217225,0.8923255771,0,0,0
co_independent_only,130,2,25,35,0.02479777199,0.931726178,0,0,0
co_independent_only,130,3,35,45,0.02280683257,0.9986816763,0,0,0
co_independent_only,130,4,45,55,-0.04263226973,0.9343224355,0,0,0
co_independent_only,130,5,55,65,-0.09933641406,0.9762370048,0,0,0
star_plus_co_independent,130,0,5,15,-0.05710214703,0.6590002404,0.01195219124,0,0
star_plus_co_independent,130,1,15,25,-0.03709876798,0.490430084,0.01195219124,0,0
star_plus_co_independent,130,2,25,35,0.02431540851,0.5576335173,0.01195219124,0,0
star_plus_co_independent,130,3,35,45,0.05728893973,0.9174141791,0.01195219124,0,0
star_plus_co_independent,130,4,45,55,0.1634524589,0.9988806372,0.01195219124,0,0
star_plus_co_independent,130,5,55,65,0.08992058482,0.9981145676,0.01195219124,0,0
star_plus_co_correlated_control,130,0,5,15,-0.06470338917,0.6590002404,0.01195219124,0.1650540694,0
star_plus_co_correlated_control,130,1,15,25,-0.04738663397,0.490430084,0.01195219124,0.1650540694,0
star_plus_co_correlated_control,130,2,25,35,0.04276627937,0.5576335173,0.01195219124,0.1650540694,0
star_plus_co_correlated_control,130,3,35,45,0.05104141593,0.9174141791,0.01195219124,0.1650540694,0
star_plus_co_correlated_control,130,4,45,55,0.173250927,0.9988806372,0.01195219124,0.1650540694,0
star_plus_co_correlated_control,130,5,55,65,0.103961947,0.9981145676,0.01195219124,0.1650540694,0
star_co_plus_hi_ctl01,130,0,5,15,-0.05708639255,0.6590002404,0.01195219124,0,0
star_co_plus_hi_ctl01,130,1,15,25,-0.037203968,0.490430084,0.01195219124,0,0
star_co_plus_hi_ctl01,130,2,25,35,0.02407783238,0.5576335173,0.01195219124,0,0
star_co_plus_hi_ctl01,130,3,35,45,0.05665007101,0.9174141791,0.01195219124,0,0
star_co_plus_hi_ctl01,130,4,45,55,0.1628849982,0.9988806372,0.01195219124,0,0
star_co_plus_hi_ctl01,130,5,55,65,0.08889377868,0.9981145676,0.01195219124,0,0
star_co_plus_hi_ctl10,130,0,5,15,-0.05704411521,0.6590002404,0.01195219124,0,0
star_co_plus_hi_ctl10,130,1,15,25,-0.0374863108,0.490430084,0.01195219124,0,0
star_co_plus_hi_ctl10,130,2,25,35,0.02343904157,0.5576335173,0.01195219124,0,0
star_co_plus_hi_ctl10,130,3,35,45,0.05493365626,0.9174141791,0.01195219124,0,0
star_co_plus_hi_ctl10,130,4,45,55,0.1613602199,0.9988806372,0.01195219124,0,0
star_co_plus_hi_ctl10,130,5,55,65,0.08630217093,0.9981145676,0.01195219124,0,0
star_co_plus_hi_ctl49,130,0,5,15,-0.05697231307,0.6590002404,0.01195219124,0,0
star_co_plus_hi_ctl49,130,1,15,25,-0.03802997533,0.490430084,0.01195219124,0,0
star_co_plus_hi_ctl49,130,2,25,35,0.02235344426,0.5576335173,0.01195219124,0,0
star_co_plus_hi_ctl49,130,3,35,45,0.0520118384,0.9174141791,0.01195219124,0,0
star_co_plus_hi_ctl49,130,4,45,55,0.1580480915,0.9988806372,0.01195219124,0,0
star_co_plus_hi_ctl49,130,5,55,65,0.08290200107,0.9981145676,0.01195219124,0,0
star_only,131,0,5,15,-0.05973928478,0.7926106614,0,0,0
star_only,131,1,15,25,-0.03136428554,0.8972032,0,0,0
star_only,131,2,25,35,0.03454564339,0.9448836506,0,0,0
star_only,131,3,35,45,0.02099781072,0.9835090904,0,0,0
star_only,131,4,45,55,-0.06029785407,0.9513192381,0,0,0
star_only,131,5,55,65,-0.1458133165,0.9779803333,0,0,0
co_independent_only,131,0,5,15,-0.05658311704,0.7770716789,0,0,0
co_independent_only,131,1,15,25,-0.03304321921,0.8923255771,0,0,0
co_independent_only,131,2,25,35,0.02672988046,0.931726178,0,0,0
co_independent_only,131,3,35,45,0.0254181475,0.9986816763,0,0,0
co_independent_only,131,4,45,55,-0.04569181157,0.9343224355,0,0,0
co_independent_only,131,5,55,65,-0.1028413476,0.9762370048,0,0,0
star_plus_co_independent,131,0,5,15,-0.05604846548,0.7926106614,0,0,0
star_plus_co_independent,131,1,15,25,-0.02898650871,0.8972032,0,0,0
star_plus_co_independent,131,2,25,35,0.02654583898,0.9448836506,0,0,0
star_plus_co_independent,131,3,35,45,0.02182040796,0.9835090904,0,0,0
star_plus_co_independent,131,4,45,55,-0.06678961934,0.9513192381,0,0,0
star_plus_co_independent,131,5,55,65,-0.1483542597,0.9779803333,0,0,0
star_plus_co_correlated_control,131,0,5,15,-0.0591163468,0.7926106614,0,0,0
star_plus_co_correlated_control,131,1,15,25,-0.03061426005,0.8972032,0,0,0
star_plus_co_correlated_control,131,2,25,35,0.03319924109,0.9448836506,0,0,0
star_plus_co_correlated_control,131,3,35,45,0.02159860629,0.9835090904,0,0,0
star_plus_co_correlated_control,131,4,45,55,-0.05973580373,0.9513192381,0,0,0
star_plus_co_correlated_control,131,5,55,65,-0.1434838711,0.9779803333,0,0,0
star_co_plus_hi_ctl01,131,0,5,15,-0.05627180281,0.7926106614,0,0,0
star_co_plus_hi_ctl01,131,1,15,25,-0.0288981865,0.8972032,0,0,0
star_co_plus_hi_ctl01,131,2,25,35,0.027428882,0.9448836506,0,0,0
star_co_plus_hi_ctl01,131,3,35,45,0.02239153749,0.9835090904,0,0,0
star_co_plus_hi_ctl01,131,4,45,55,-0.06732117595,0.9513192381,0,0,0
star_co_plus_hi_ctl01,131,5,55,65,-0.1480545655,0.9779803333,0,0,0
star_co_plus_hi_ctl10,131,0,5,15,-0.05687332064,0.7926106614,0,0,0
star_co_plus_hi_ctl10,131,1,15,25,-0.02865971635,0.8972032,0,0,0
star_co_plus_hi_ctl10,131,2,25,35,0.02980642277,0.9448836506,0,0,0
star_co_plus_hi_ctl10,131,3,35,45,0.0237121439,0.9835090904,0,0,0
star_co_plus_hi_ctl10,131,4,45,55,-0.06875773461,0.9513192381,0,0,0
star_co_plus_hi_ctl10,131,5,55,65,-0.1483478958,0.9779803333,0,0,0
star_co_plus_hi_ctl49,131,0,5,15,-0.05790228338,0.7926106614,0,0,0
star_co_plus_hi_ctl49,131,1,15,25,-0.02821797415,0.8972032,0,0,0
star_co_plus_hi_ctl49,131,2,25,35,0.03422593174,0.9448836506,0,0,0
star_co_plus_hi_ctl49,131,3,35,45,0.02597237999,0.9835090904,0,0,0
star_co_plus_hi_ctl49,131,4,45,55,-0.06955155948,0.9513192381,0,0,0
star_co_plus_hi_ctl49,131,5,55,65,-0.1504316508,0.9779803333,0,0,0
star_only,132,0,5,15,-0.06022133173,0.797260867,0.04040978941,0,0
star_only,132,1,15,25,-0.03519004737,0.9053511679,0.04040978941,0,0
star_only,132,2,25,35,0.03425165168,0.9247526009,0.04040978941,0,0
star_only,132,3,35,45,0.01853345759,0.9987516137,0.04040978941,0,0
star_only,132,4,45,55,-0.07360962048,0.9833494033,0.04040978941,0,0
star_only,132,5,55,65,-0.1031429788,0.982009806,0.04040978941,0,0
co_independent_only,132,0,5,15,-0.06040953356,0.7770716789,0,0.005691519636,0
co_independent_only,132,1,15,25,-0.03712418738,0.8923255771,0,0.005691519636,0
co_independent_only,132,2,25,35,0.03049909092,0.931726178,0,0.005691519636,0
co_independent_only,132,3,35,45,0.02622329534,0.9986816763,0,0.005691519636,0
co_independent_only,132,4,45,55,-0.04193289036,0.9343224355,0,0.005691519636,0
co_independent_only,132,5,55,65,-0.1028748491,0.9762370048,0,0.005691519636,0
star_plus_co_independent,132,0,5,15,-0.06033870647,0.797260867,0.04040978941,0.005691519636,0
star_plus_co_independent,132,1,15,25,-0.03626971731,0.9053511679,0.04040978941,0.005691519636,0
star_plus_co_independent,132,2,25,35,0.03053733329,0.9247526009,0.04040978941,0.005691519636,0
star_plus_co_independent,132,3,35,45,0.02005679767,0.9987516137,0.04040978941,0.005691519636,0
star_plus_co_independent,132,4,45,55,-0.07525049826,0.9833494033,0.04040978941,0.005691519636,0
star_plus_co_independent,132,5,55,65,-0.1067818586,0.982009806,0.04040978941,0.005691519636,0
star_plus_co_correlated_control,132,0,5,15,-0.06100351561,0.797260867,0.04040978941,0.02447353443,0
star_plus_co_correlated_control,132,1,15,25,-0.03600511712,0.9053511679,0.04040978941,0.02447353443,0
star_plus_co_correlated_control,132,2,25,35,0.03594102996,0.9247526009,0.04040978941,0.02447353443,0
star_plus_co_correlated_control,132,3,35,45,0.01774191748,0.9987516137,0.04040978941,0.02447353443,0
star_plus_co_correlated_control,132,4,45,55,-0.07450621296,0.9833494033,0.04040978941,0.02447353443,0
star_plus_co_correlated_control,132,5,55,65,-0.1049768939,0.982009806,0.04040978941,0.02447353443,0
star_co_plus_hi_ctl01,132,0,5,15,-0.05995114539,0.797260867,0.04040978941,0.005691519636,0
star_co_plus_hi_ctl01,132,1,15,25,-0.03614679213,0.9053511679,0.04040978941,0.005691519636,0
star_co_plus_hi_ctl01,132,2,25,35,0.02967089605,0.9247526009,0.04040978941,0.005691519636,0
star_co_plus_hi_ctl01,132,3,35,45,0.02042970667,0.9987516137,0.04040978941,0.005691519636,0
star_co_plus_hi_ctl01,132,4,45,55,-0.07476146023,0.9833494033,0.04040978941,0.005691519636,0
star_co_plus_hi_ctl01,132,5,55,65,-0.1057118834,0.982009806,0.04040978941,0.005691519636,0
star_co_plus_hi_ctl10,132,0,5,15,-0.05890789675,0.797260867,0.04040978941,0.005691519636,0
star_co_plus_hi_ctl10,132,1,15,25,-0.03581528564,0.9053511679,0.04040978941,0.005691519636,0
star_co_plus_hi_ctl10,132,2,25,35,0.02734701029,0.9247526009,0.04040978941,0.005691519636,0
star_co_plus_hi_ctl10,132,3,35,45,0.02143753915,0.9987516137,0.04040978941,0.005691519636,0
star_co_plus_hi_ctl10,132,4,45,55,-0.07344126522,0.9833494033,0.04040978941,0.005691519636,0
star_co_plus_hi_ctl10,132,5,55,65,-0.1028305212,0.982009806,0.04040978941,0.005691519636,0
star_co_plus_hi_ctl49,132,0,5,15,-0.05712524642,0.797260867,0.04040978941,0.005691519636,0
star_co_plus_hi_ctl49,132,1,15,25,-0.03520739781,0.9053511679,0.04040978941,0.005691519636,0
star_co_plus_hi_ctl49,132,2,25,35,0.02340421291,0.9247526009,0.04040978941,0.005691519636,0
star_co_plus_hi_ctl49,132,3,35,45,0.02291580085,0.9987516137,0.04040978941,0.005691519636,0
star_co_plus_hi_ctl49,132,4,45,55,-0.07145451716,0.9833494033,0.04040978941,0.005691519636,0
star_co_plus_hi_ctl49,132,5,55,65,-0.09790297867,0.982009806,0.04040978941,0.005691519636,0
star_only,133,0,5,15,-0.06079084549,0.7465585656,0,0,0
star_only,133,1,15,25,-0.02965446033,0.9201417456,0,0,0
star_only,133,2,25,35,0.03414599032,0.9178592037,0,0,0
star_only,133,3,35,45,0.0197656445,0.9998292948,0,0,0
star_only,133,4,45,55,-0.05524156342,0.9482973041,0,0,0
star_only,133,5,55,65,-0.1783765045,0.921848413,0,0,0
co_independent_only,133,0,5,15,-0.0569374481,0.7770716789,0,0,0
co_independent_only,133,1,15,25,-0.03189896023,0.8923255771,0,0,0
co_independent_only,133,2,25,35,0.02998113779,0.931726178,0,0,0
co_independent_only,133,3,35,45,0.02430061315,0.9986816763,0,0,0
co_independent_only,133,4,45,55,-0.04019058294,0.9343224355,0,0,0
co_independent_only,133,5,55,65,-0.106813886,0.9762370048,0,0,0
star_plus_co_independent,133,0,5,15,-0.05735077443,0.7465585656,0,0,0
star_plus_co_independent,133,1,15,25,-0.02656628491,0.9201417456,0,0,0
star_plus_co_independent,133,2,25,35,0.02987564959,0.9178592037,0,0,0
star_plus_co_independent,133,3,35,45,0.01885941837,0.9998292948,0,0,0
star_plus_co_independent,133,4,45,55,-0.05588953821,0.9482973041,0,0,0
star_plus_co_independent,133,5,55,65,-0.1889444473,0.921848413,0,0,0
star_plus_co_correlated_control,133,0,5,15,-0.0583833318,0.7465585656,0,0,0
star_plus_co_correlated_control,133,1,15,25,-0.02694568917,0.9201417456,0,0,0
star_plus_co_correlated_control,133,2,25,35,0.02927735607,0.9178592037,0,0,0
star_plus_co_correlated_control,133,3,35,45,0.02202564702,0.9998292948,0,0,0
star_plus_co_correlated_control,133,4,45,55,-0.05396243576,0.9482973041,0,0,0
star_plus_co_correlated_control,133,5,55,65,-0.1685183796,0.921848413,0,0,0
star_co_plus_hi_ctl01,133,0,5,15,-0.05730683094,0.7465585656,0,0,0
star_co_plus_hi_ctl01,133,1,15,25,-0.02634918407,0.9201417456,0,0,0
star_co_plus_hi_ctl01,133,2,25,35,0.02990617048,0.9178592037,0,0,0
star_co_plus_hi_ctl01,133,3,35,45,0.01873144885,0.9998292948,0,0,0
star_co_plus_hi_ctl01,133,4,45,55,-0.05581870831,0.9482973041,0,0,0
star_co_plus_hi_ctl01,133,5,55,65,-0.1893157612,0.921848413,0,0,0
star_co_plus_hi_ctl10,133,0,5,15,-0.05718852468,0.7465585656,0,0,0
star_co_plus_hi_ctl10,133,1,15,25,-0.02576469108,0.9201417456,0,0,0
star_co_plus_hi_ctl10,133,2,25,35,0.02999353317,0.9178592037,0,0,0
star_co_plus_hi_ctl10,133,3,35,45,0.01838692037,0.9998292948,0,0,0
star_co_plus_hi_ctl10,133,4,45,55,-0.0556292924,0.9482973041,0,0,0
star_co_plus_hi_ctl10,133,5,55,65,-0.1897045409,0.921848413,0,0,0
star_co_plus_hi_ctl49,133,0,5,15,-0.05698630903,0.7465585656,0,0,0
star_co_plus_hi_ctl49,133,1,15,25,-0.02476562156,0.9201417456,0,0,0
star_co_plus_hi_ctl49,133,2,25,35,0.03017267142,0.9178592037,0,0,0
star_co_plus_hi_ctl49,133,3,35,45,0.0174977346,0.9998292948,0,0,0
star_co_plus_hi_ctl49,133,4,45,55,-0.05530982268,0.9482973041,0,0,0
star_co_plus_hi_ctl49,133,5,55,65,-0.1885074153,0.921848413,0,0,0
star_only,134,0,5,15,-0.05945757428,0.7826241198,0,0,0
star_only,134,1,15,25,-0.0330856784,0.9049442819,0,0,0
star_only,134,2,25,35,0.03448173056,0.9434028955,0,0,0
star_only,134,3,35,45,0.02615386145,0.9657335893,0,0,0
star_only,134,4,45,55,-0.06782538741,0.7889504214,0,0,0
star_only,134,5,55,65,-0.1018504168,0.9462667455,0,0,0
co_independent_only,134,0,5,15,-0.05756605312,0.7770716789,0,0.001138303927,0
co_independent_only,134,1,15,25,-0.03781764188,0.8923255771,0,0.001138303927,0
co_independent_only,134,2,25,35,0.03213037009,0.931726178,0,0.001138303927,0
co_independent_only,134,3,35,45,0.0192554505,0.9986816763,0,0.001138303927,0
co_independent_only,134,4,45,55,-0.04455827533,0.9343224355,0,0.001138303927,0
co_independent_only,134,5,55,65,-0.1086189393,0.9762370048,0,0.001138303927,0
star_plus_co_independent,134,0,5,15,-0.05671574631,0.7826241198,0,0.001138303927,0
star_plus_co_independent,134,1,15,25,-0.03515235414,0.9049442819,0,0.001138303927,0
star_plus_co_independent,134,2,25,35,0.03215691492,0.9434028955,0,0.001138303927,0
star_plus_co_independent,134,3,35,45,0.02071452639,0.9657335893,0,0.001138303927,0
star_plus_co_independent,134,4,45,55,-0.0710639194,0.7889504214,0,0.001138303927,0
star_plus_co_independent,134,5,55,65,-0.1112283616,0.9462667455,0,0.001138303927,0
star_plus_co_correlated_control,134,0,5,15,-0.06146375152,0.7826241198,0,0.05976095618,0
star_plus_co_correlated_control,134,1,15,25,-0.0350628531,0.9049442819,0,0.05976095618,0
star_plus_co_correlated_control,134,2,25,35,0.03838591231,0.9434028955,0,0.05976095618,0
star_plus_co_correlated_control,134,3,35,45,0.0244100855,0.9657335893,0,0.05976095618,0
star_plus_co_correlated_control,134,4,45,55,-0.07000264676,0.7889504214,0,0.05976095618,0
star_plus_co_correlated_control,134,5,55,65,-0.1073976781,0.9462667455,0,0.05976095618,0
star_co_plus_hi_ctl01,134,0,5,15,-0.05679165075,0.7826241198,0,0.001138303927,0
star_co_plus_hi_ctl01,134,1,15,25,-0.03484800553,0.9049442819,0,0.001138303927,0
star_co_plus_hi_ctl01,134,2,25,35,0.03261439356,0.9434028955,0,0.001138303927,0
star_co_plus_hi_ctl01,134,3,35,45,0.02090664271,0.9657335893,0,0.001138303927,0
star_co_plus_hi_ctl01,134,4,45,55,-0.07077420103,0.7889504214,0,0.001138303927,0
star_co_plus_hi_ctl01,134,5,55,65,-0.1109009051,0.9462667455,0,0.001138303927,0
star_co_plus_hi_ctl10,134,0,5,15,-0.05699707854,0.7826241198,0,0.001138303927,0
star_co_plus_hi_ctl10,134,1,15,25,-0.03402665933,0.9049442819,0,0.001138303927,0
star_co_plus_hi_ctl10,134,2,25,35,0.03365744481,0.9434028955,0,0.001138303927,0
star_co_plus_hi_ctl10,134,3,35,45,0.02142438113,0.9657335893,0,0.001138303927,0
star_co_plus_hi_ctl10,134,4,45,55,-0.06999409006,0.7889504214,0,0.001138303927,0
star_co_plus_hi_ctl10,134,5,55,65,-0.1107938282,0.9462667455,0,0.001138303927,0
star_co_plus_hi_ctl49,134,0,5,15,-0.0573518782,0.7826241198,0,0.001138303927,0
star_co_plus_hi_ctl49,134,1,15,25,-0.03261608418,0.9049442819,0,0.001138303927,0
star_co_plus_hi_ctl49,134,2,25,35,0.03529966111,0.9434028955,0,0.001138303927,0
star_co_plus_hi_ctl49,134,3,35,45,0.02231107934,0.9657335893,0,0.001138303927,0
star_co_plus_hi_ctl49,134,4,45,55,-0.06890875803,0.7889504214,0,0.001138303927,0
star_co_plus_hi_ctl49,134,5,55,65,-0.1125053353,0.9462667455,0,0.001138303927,0
star_only,135,0,5,15,-0.06043945009,0.7891054579,0,0,0
star_only,135,1,15,25,-0.03438732666,0.9330248776,0,0,0
star_only,135,2,25,35,0.03461204227,0.9359978262,0,0,0
star_only,135,3,35,45,0.004683946541,0.9997872107,0,0,0
star_only,135,4,45,55,-0.1117617946,0.975581745,0,0,0
star_only,135,5,55,65,-0.2024577215,0.9945719541,0,0,0
co_independent_only,135,0,5,15,-0.05811476988,0.7770716789,0,0.01365964713,0
co_independent_only,135,1,15,25,-0.03277133682,0.8923255771,0,0.01365964713,0
co_independent_only,135,2,25,35,0.03525153331,0.931726178,0,0.01365964713,0
co_independent_only,135,3,35,45,0.02710523325,0.9986816763,0,0.01365964713,0
co_independent_only,135,4,45,55,-0.04339543693,0.9343224355,0,0.01365964713,0
co_independent_only,135,5,55,65,-0.1031468962,0.9762370048,0,0.01365964713,0
star_plus_co_independent,135,0,5,15,-0.05824794991,0.7891054579,0,0.01365964713,0
star_plus_co_independent,135,1,15,25,-0.0311411521,0.9330248776,0,0.01365964713,0
star_plus_co_independent,135,2,25,35,0.03500984567,0.9359978262,0,0.01365964713,0
star_plus_co_independent,135,3,35,45,0.008082474068,0.9997872107,0,0.01365964713,0
star_plus_co_independent,135,4,45,55,-0.1152818734,0.975581745,0,0.01365964713,0
star_plus_co_independent,135,5,55,65,-0.2018148315,0.9945719541,0,0.01365964713,0
star_plus_co_correlated_control,135,0,5,15,-0.06451396683,0.7891054579,0,0.1331815595,0
star_plus_co_correlated_control,135,1,15,25,-0.03851218107,0.9330248776,0,0.1331815595,0
star_plus_co_correlated_control,135,2,25,35,0.04207227721,0.9359978262,0,0.1331815595,0
star_plus_co_correlated_control,135,3,35,45,-0.0003949790388,0.9997872107,0,0.1331815595,0
star_plus_co_correlated_control,135,4,45,55,-0.1189232345,0.975581745,0,0.1331815595,0
star_plus_co_correlated_control,135,5,55,65,-0.2272698921,0.9945719541,0,0.1331815595,0
star_co_plus_hi_ctl01,135,0,5,15,-0.05807376469,0.7891054579,0,0.01365964713,0
star_co_plus_hi_ctl01,135,1,15,25,-0.03109290291,0.9330248776,0,0.01365964713,0
star_co_plus_hi_ctl01,135,2,25,35,0.03525872762,0.9359978262,0,0.01365964713,0
star_co_plus_hi_ctl01,135,3,35,45,0.007342271192,0.9997872107,0,0.01365964713,0
star_co_plus_hi_ctl01,135,4,45,55,-0.1149454812,0.975581745,0,0.01365964713,0
star_co_plus_hi_ctl01,135,5,55,65,-0.2018842631,0.9945719541,0,0.01365964713,0
star_co_plus_hi_ctl10,135,0,5,15,-0.05760390421,0.7891054579,0,0.01365964713,0
star_co_plus_hi_ctl10,135,1,15,25,-0.03096303261,0.9330248776,0,0.01365964713,0
star_co_plus_hi_ctl10,135,2,25,35,0.03549401759,0.9359978262,0,0.01365964713,0
star_co_plus_hi_ctl10,135,3,35,45,0.005351834205,0.9997872107,0,0.01365964713,0
star_co_plus_hi_ctl10,135,4,45,55,-0.1140419475,0.975581745,0,0.01365964713,0
star_co_plus_hi_ctl10,135,5,55,65,-0.2056030955,0.9945719541,0,0.01365964713,0
star_co_plus_hi_ctl49,135,0,5,15,-0.05679769577,0.7891054579,0,0.01365964713,0
star_co_plus_hi_ctl49,135,1,15,25,-0.03074114775,0.9330248776,0,0.01365964713,0
star_co_plus_hi_ctl49,135,2,25,35,0.03491583386,0.9359978262,0,0.01365964713,0
star_co_plus_hi_ctl49,135,3,35,45,0.001443017857,0.9997872107,0,0.01365964713,0
star_co_plus_hi_ctl49,135,4,45,55,-0.1125046733,0.975581745,0,0.01365964713,0
star_co_plus_hi_ctl49,135,5,55,65,-0.2130491806,0.9945719541,0,0.01365964713,0
star_only,136,0,5,15,-0.06110232056,0.754545857,0,0,0
star_only,136,1,15,25,-0.03592975197,0.9078374162,0,0,0
star_only,136,2,25,35,0.034561592,0.9377162593,0,0,0
star_only,136,3,35,45,0.03173551465,0.9997893409,0,0,0
star_only,136,4,45,55,0.008181391253,0.9664732997,0,0,0
star_only,136,5,55,65,-0.004922123964,0.9683639833,0,0,0
co_independent_only,136,0,5,15,-0.06192207069,0.7770716789,0,0.002845759818,0
co_independent_only,136,1,15,25,-0.03317246178,0.8923255771,0,0.002845759818,0
co_independent_only,136,2,25,35,0.03481913802,0.931726178,0,0.002845759818,0
co_independent_only,136,3,35,45,0.03659179898,0.9986816763,0,0.002845759818,0
co_independent_only,136,4,45,55,-0.03621239304,0.9343224355,0,0.002845759818,0
co_independent_only,136,5,55,65,-0.09146375322,0.9762370048,0,0.002845759818,0
star_plus_co_independent,136,0,5,15,-0.06273126012,0.754545857,0,0.002845759818,0
star_plus_co_independent,136,1,15,25,-0.03294773386,0.9078374162,0,0.002845759818,0
star_plus_co_independent,136,2,25,35,0.03498453692,0.9377162593,0,0.002845759818,0
star_plus_co_independent,136,3,35,45,0.04454660097,0.9997893409,0,0.002845759818,0
star_plus_co_independent,136,4,45,55,0.01519321973,0.9664732997,0,0.002845759818,0
star_plus_co_independent,136,5,55,65,0.004310121341,0.9683639833,0,0.002845759818,0
star_plus_co_correlated_control,136,0,5,15,-0.05898355875,0.754545857,0,0,0
star_plus_co_correlated_control,136,1,15,25,-0.03308182312,0.9078374162,0,0,0
star_plus_co_correlated_control,136,2,25,35,0.03013360631,0.9377162593,0,0,0
star_plus_co_correlated_control,136,3,35,45,0.03316139515,0.9997893409,0,0,0
star_plus_co_correlated_control,136,4,45,55,0.007554436853,0.9664732997,0,0,0
star_plus_co_correlated_control,136,5,55,65,-0.007964211975,0.9683639833,0,0,0
star_co_plus_hi_ctl01,136,0,5,15,-0.0630496834,0.754545857,0,0.002845759818,0
star_co_plus_hi_ctl01,136,1,15,25,-0.03373063065,0.9078374162,0,0.002845759818,0
star_co_plus_hi_ctl01,136,2,25,35,0.03498177059,0.9377162593,0,0.002845759818,0
star_co_plus_hi_ctl01,136,3,35,45,0.04286998604,0.9997893409,0,0.002845759818,0
star_co_plus_hi_ctl01,136,4,45,55,0.01376200811,0.9664732997,0,0.002845759818,0
star_co_plus_hi_ctl01,136,5,55,65,0.001687130093,0.9683639833,0,0.002845759818,0
star_co_plus_hi_ctl10,136,0,5,15,-0.06390775251,0.754545857,0,0.002845759818,0
star_co_plus_hi_ctl10,136,1,15,25,-0.03584185506,0.9078374162,0,0.002845759818,0
star_co_plus_hi_ctl10,136,2,25,35,0.03499134485,0.9377162593,0,0.002845759818,0
star_co_plus_hi_ctl10,136,3,35,45,0.03834655338,0.9997893409,0,0.002845759818,0
star_co_plus_hi_ctl10,136,4,45,55,0.009905924272,0.9664732997,0,0.002845759818,0
star_co_plus_hi_ctl10,136,5,55,65,-0.002466418967,0.9683639833,0,0.002845759818,0
star_co_plus_hi_ctl49,136,0,5,15,-0.06537711786,0.754545857,0,0.002845759818,0
star_co_plus_hi_ctl49,136,1,15,25,-0.03930457261,0.9078374162,0,0.002845759818,0
star_co_plus_hi_ctl49,136,2,25,35,0.03553472163,0.9377162593,0,0.002845759818,0
star_co_plus_hi_ctl49,136,3,35,45,0.03058208659,0.9997893409,0,0.002845759818,0
star_co_plus_hi_ctl49,136,4,45,55,0.003304846282,0.9664732997,0,0.002845759818,0
star_co_plus_hi_ctl49,136,5,55,65,-0.009034339457,0.9683639833,0,0.002845759818,0
star_only,137,0,5,15,-0.05945888403,0.8028117705,0,0,0
star_only,137,1,15,25,-0.03893826506,0.6754178202,0,0,0
star_only,137,2,25,35,0.03472095417,0.8696657854,0,0,0
star_only,137,3,35,45,0.03503781751,0.9992800794,0,0,0
star_only,137,4,45,55,-0.1008250087,0.9995672428,0,0,0
star_only,137,5,55,65,-0.1019324577,0.9991946396,0,0,0
co_independent_only,137,0,5,15,-0.05929428397,0.7770716789,0,0.009675583381,0
co_independent_only,137,1,15,25,-0.03426171061,0.8923255771,0,0.009675583381,0
co_independent_only,137,2,25,35,0.03599094598,0.931726178,0,0.009675583381,0
co_independent_only,137,3,35,45,0.02759350383,0.9986816763,0,0.009675583381,0
co_independent_only,137,4,45,55,-0.03917147348,0.9343224355,0,0.009675583381,0
co_independent_only,137,5,55,65,-0.09384050724,0.9762370048,0,0.009675583381,0
star_plus_co_independent,137,0,5,15,-0.05850178719,0.8028117705,0,0.009675583381,0
star_plus_co_independent,137,1,15,25,-0.0370851143,0.6754178202,0,0.009675583381,0
star_plus_co_independent,137,2,25,35,0.03600246917,0.8696657854,0,0.009675583381,0
star_plus_co_independent,137,3,35,45,0.03656687889,0.9992800794,0,0.009675583381,0
star_plus_co_independent,137,4,45,55,-0.1003672273,0.9995672428,0,0.009675583381,0
star_plus_co_independent,137,5,55,65,-0.09654227824,0.9991946396,0,0.009675583381,0
star_plus_co_correlated_control,137,0,5,15,-0.0542698325,0.8028117705,0,0,0
star_plus_co_correlated_control,137,1,15,25,-0.03110260751,0.6754178202,0,0,0
star_plus_co_correlated_control,137,2,25,35,0.0234184727,0.8696657854,0,0,0
star_plus_co_correlated_control,137,3,35,45,0.037344169,0.9992800794,0,0,0
star_plus_co_correlated_control,137,4,45,55,-0.09475864636,0.9995672428,0,0,0
star_plus_co_correlated_control,137,5,55,65,-0.09288799085,0.9991946396,0,0,0
star_co_plus_hi_ctl01,137,0,5,15,-0.05815252082,0.8028117705,0,0.009675583381,0
star_co_plus_hi_ctl01,137,1,15,25,-0.03676821248,0.6754178202,0,0.009675583381,0
star_co_plus_hi_ctl01,137,2,25,35,0.03573115987,0.8696657854,0,0.009675583381,0
star_co_plus_hi_ctl01,137,3,35,45,0.03710629135,0.9992800794,0,0.009675583381,0
star_co_plus_hi_ctl01,137,4,45,55,-0.1004091003,0.9995672428,0,0.009675583381,0
star_co_plus_hi_ctl01,137,5,55,65,-0.09496611953,0.9991946396,0,0.009675583381,0
star_co_plus_hi_ctl10,137,0,5,15,-0.05721319492,0.8028117705,0,0.009675583381,0
star_co_plus_hi_ctl10,137,1,15,25,-0.03591536711,0.6754178202,0,0.009675583381,0
star_co_plus_hi_ctl10,137,2,25,35,0.03501287671,0.8696657854,0,0.009675583381,0
star_co_plus_hi_ctl10,137,3,35,45,0.03846521881,0.9992800794,0,0.009675583381,0
star_co_plus_hi_ctl10,137,4,45,55,-0.1005186249,0.9995672428,0,0.009675583381,0
star_co_plus_hi_ctl10,137,5,55,65,-0.09071617751,0.9991946396,0,0.009675583381,0
star_co_plus_hi_ctl49,137,0,5,15,-0.05561095148,0.8028117705,0,0.009675583381,0
star_co_plus_hi_ctl49,137,1,15,25,-0.0344545254,0.6754178202,0,0.009675583381,0
star_co_plus_hi_ctl49,137,2,25,35,0.03381873091,0.8696657854,0,0.009675583381,0
star_co_plus_hi_ctl49,137,3,35,45,0.04078731632,0.9992800794,0,0.009675583381,0
star_co_plus_hi_ctl49,137,4,45,55,-0.1006950831,0.9995672428,0,0.009675583381,0
star_co_plus_hi_ctl49,137,5,55,65,-0.08360796189,0.9991946396,0,0.009675583381,0
star_only,138,0,5,15,-0.05575849944,0.7128500287,0,0,0
star_only,138,1,15,25,-0.0393699218,0.5536779963,0,0,0
star_only,138,2,25,35,0.02709074847,0.4582788756,0,0,0
star_only,138,3,35,45,0.04836927436,0.9999997743,0,0,0
star_only,138,4,45,55,0.09419515013,0.8943936169,0,0,0
star_only,138,5,55,65,-0.06904022186,0.9926844958,0,0,0
co_independent_only,138,0,5,15,-0.05908538497,0.7770716789,0,0.0125213432,0
co_independent_only,138,1,15,25,-0.03608710726,0.8923255771,0,0.0125213432,0
co_independent_only,138,2,25,35,0.03518682671,0.931726178,0,0.0125213432,0
co_independent_only,138,3,35,45,0.02230797939,0.9986816763,0,0.0125213432,0
co_independent_only,138,4,45,55,-0.04310500683,0.9343224355,0,0.0125213432,0
co_independent_only,138,5,55,65,-0.0994633687,0.9762370048,0,0.0125213432,0
star_plus_co_independent,138,0,5,15,-0.05465034876,0.7128500287,0,0.0125213432,0
star_plus_co_independent,138,1,15,25,-0.03955904449,0.5536779963,0,0.0125213432,0
star_plus_co_independent,138,2,25,35,0.02743574498,0.4582788756,0,0.0125213432,0
star_plus_co_independent,138,3,35,45,0.04513472195,0.9999997743,0,0.0125213432,0
star_plus_co_independent,138,4,45,55,0.09130649199,0.8943936169,0,0.0125213432,0
star_plus_co_independent,138,5,55,65,-0.06982388702,0.9926844958,0,0.0125213432,0
star_plus_co_correlated_control,138,0,5,15,-0.05640753836,0.7128500287,0,0.02105862265,0
star_plus_co_correlated_control,138,1,15,25,-0.04026767934,0.5536779963,0,0.02105862265,0
star_plus_co_correlated_control,138,2,25,35,0.02849123021,0.4582788756,0,0.02105862265,0
star_plus_co_correlated_control,138,3,35,45,0.04855712567,0.9999997743,0,0.02105862265,0
star_plus_co_correlated_control,138,4,45,55,0.09540040034,0.8943936169,0,0.02105862265,0
star_plus_co_correlated_control,138,5,55,65,-0.0698626835,0.9926844958,0,0.02105862265,0
star_co_plus_hi_ctl01,138,0,5,15,-0.05458588597,0.7128500287,0,0.0125213432,0
star_co_plus_hi_ctl01,138,1,15,25,-0.03949278651,0.5536779963,0,0.0125213432,0
star_co_plus_hi_ctl01,138,2,25,35,0.02756057885,0.4582788756,0,0.0125213432,0
star_co_plus_hi_ctl01,138,3,35,45,0.0450686242,0.9999997743,0,0.0125213432,0
star_co_plus_hi_ctl01,138,4,45,55,0.09082858487,0.8943936169,0,0.0125213432,0
star_co_plus_hi_ctl01,138,5,55,65,-0.0693423925,0.9926844958,0,0.0125213432,0
star_co_plus_hi_ctl10,138,0,5,15,-0.05441187444,0.7128500287,0,0.0125213432,0
star_co_plus_hi_ctl10,138,1,15,25,-0.03931395048,0.5536779963,0,0.0125213432,0
star_co_plus_hi_ctl10,138,2,25,35,0.02789731564,0.4582788756,0,0.0125213432,0
star_co_plus_hi_ctl10,138,3,35,45,0.04489038558,0.9999997743,0,0.0125213432,0
star_co_plus_hi_ctl10,138,4,45,55,0.08954346429,0.8943936169,0,0.0125213432,0
star_co_plus_hi_ctl10,138,5,55,65,-0.06804890232,0.9926844958,0,0.0125213432,0
star_co_plus_hi_ctl49,138,0,5,15,-0.05411287323,0.7128500287,0,0.0125213432,0
star_co_plus_hi_ctl49,138,1,15,25,-0.03900673249,0.5536779963,0,0.0125213432,0
star_co_plus_hi_ctl49,138,2,25,35,0.02833351782,0.4582788756,0,0.0125213432,0
star_co_plus_hi_ctl49,138,3,35,45,0.04458475562,0.9999997743,0,0.0125213432,0
star_co_plus_hi_ctl49,138,4,45,55,0.08735195262,0.8943936169,0,0.0125213432,0
star_co_plus_hi_ctl49,138,5,55,65,-0.06573693866,0.9926844958,0,0.0125213432,0
star_only,139,0,5,15,-0.05858080388,0.8159737275,0.03984063745,0,0
star_only,139,1,15,25,-0.04151842719,0.9030734523,0.03984063745,0,0
star_only,139,2,25,35,0.033052943,0.9886481979,0.03984063745,0,0
star_only,139,3,35,45,0.03339647442,0.758791287,0.03984063745,0,0
star_only,139,4,45,55,0.07964597534,0.6179533648,0.03984063745,0,0
star_only,139,5,55,65,0.06502139522,0.926465452,0.03984063745,0,0
co_independent_only,139,0,5,15,-0.06122834603,0.7770716789,0,0.004553215709,0
co_independent_only,139,1,15,25,-0.03553592791,0.8923255771,0,0.004553215709,0
co_independent_only,139,2,25,35,0.04088991243,0.931726178,0,0.004553215709,0
co_independent_only,139,3,35,45,0.02456557972,0.9986816763,0,0.004553215709,0
co_independent_only,139,4,45,55,-0.04207002276,0.9343224355,0,0.004553215709,0
co_independent_only,139,5,55,65,-0.1074574796,0.9762370048,0,0.004553215709,0
star_plus_co_independent,139,0,5,15,-0.0596094285,0.8159737275,0.03984063745,0.004553215709,0
star_plus_co_independent,139,1,15,25,-0.04183861416,0.9030734523,0.03984063745,0.004553215709,0
star_plus_co_independent,139,2,25,35,0.03939365655,0.9886481979,0.03984063745,0.004553215709,0
star_plus_co_independent,139,3,35,45,0.03252004393,0.758791287,0.03984063745,0.004553215709,0
star_plus_co_independent,139,4,45,55,0.07519564989,0.6179533648,0.03984063745,0.004553215709,0
star_plus_co_independent,139,5,55,65,0.0591299078,0.926465452,0.03984063745,0.004553215709,0
star_plus_co_correlated_control,139,0,5,15,-0.05880183525,0.8159737275,0.03984063745,0.002276607854,0
star_plus_co_correlated_control,139,1,15,25,-0.04180771684,0.9030734523,0.03984063745,0.002276607854,0
star_plus_co_correlated_control,139,2,25,35,0.03356744593,0.9886481979,0.03984063745,0.002276607854,0
star_plus_co_correlated_control,139,3,35,45,0.03324951604,0.758791287,0.03984063745,0.002276607854,0
star_plus_co_correlated_control,139,4,45,55,0.07997763277,0.6179533648,0.03984063745,0.002276607854,0
star_plus_co_correlated_control,139,5,55,65,0.06577723088,0.926465452,0.03984063745,0.002276607854,0
star_co_plus_hi_ctl01,139,0,5,15,-0.05930595988,0.8159737275,0.03984063745,0.004553215709,0
star_co_plus_hi_ctl01,139,1,15,25,-0.04175668339,0.9030734523,0.03984063745,0.004553215709,0
star_co_plus_hi_ctl01,139,2,25,35,0.03876026254,0.9886481979,0.03984063745,0.004553215709,0
star_co_plus_hi_ctl01,139,3,35,45,0.0328828295,0.758791287,0.03984063745,0.004553215709,0
star_co_plus_hi_ctl01,139,4,45,55,0.07526404551,0.6179533648,0.03984063745,0.004553215709,0
star_co_plus_hi_ctl01,139,5,55,65,0.05937378297,0.926465452,0.03984063745,0.004553215709,0
star_co_plus_hi_ctl10,139,0,5,15,-0.05849097762,0.8159737275,0.03984063745,0.004553215709,0
star_co_plus_hi_ctl10,139,1,15,25,-0.04153661401,0.9030734523,0.03984063745,0.004553215709,0
star_co_plus_hi_ctl10,139,2,25,35,0.03706022634,0.9886481979,0.03984063745,0.004553215709,0
star_co_plus_hi_ctl10,139,3,35,45,0.03386029673,0.758791287,0.03984063745,0.004553215709,0
star_co_plus_hi_ctl10,139,4,45,55,0.07544774302,0.6179533648,0.03984063745,0.004553215709,0
star_co_plus_hi_ctl10,139,5,55,65,0.06045032996,0.926465452,0.03984063745,0.004553215709,0
star_co_plus_hi_ctl49,139,0,5,15,-0.05710476883,0.8159737275,0.03984063745,0.004553215709,0
star_co_plus_hi_ctl49,139,1,15,25,-0.04114850818,0.9030734523,0.03984063745,0.004553215709,0
star_co_plus_hi_ctl49,139,2,25,35,0.03336911011,0.9886481979,0.03984063745,0.004553215709,0
star_co_plus_hi_ctl49,139,3,35,45,0.03530443025,0.758791287,0.03984063745,0.004553215709,0
star_co_plus_hi_ctl49,139,4,45,55,0.07576025337,0.6179533648,0.03984063745,0.004553215709,0
star_co_plus_hi_ctl49,139,5,55,65,0.06312937708,0.926465452,0.03984063745,0.004553215709,0
star_only,140,0,5,15,-0.05782739842,0.892629084,0.03357996585,0,0
star_only,140,1,15,25,-0.03763779909,0.980505192,0.03357996585,0,0
star_only,140,2,25,35,0.03424278199,0.9995727077,0.03357996585,0,0
star_only,140,3,35,45,0.01874521422,0.82824635,0.03357996585,0,0
star_only,140,4,45,55,-0.06283662142,0.8307779192,0.03357996585,0,0
star_only,140,5,55,65,-0.09841750629,0.9441352029,0.03357996585,0,0
co_independent_only,140,0,5,15,-0.05930825463,0.7770716789,0,0.006829823563,0
co_independent_only,140,1,15,25,-0.03737880716,0.8923255771,0,0.006829823563,0
co_independent_only,140,2,25,35,0.03135964067,0.931726178,0,0.006829823563,0
co_independent_only,140,3,35,45,0.02807173187,0.9986816763,0,0.006829823563,0
co_independent_only,140,4,45,55,-0.03812608095,0.9343224355,0,0.006829823563,0
co_independent_only,140,5,55,65,-0.0983925135,0.9762370048,0,0.006829823563,0
star_plus_co_independent,140,0,5,15,-0.05675331681,0.892629084,0.03357996585,0.006829823563,0
star_plus_co_independent,140,1,15,25,-0.03881014547,0.980505192,0.03357996585,0.006829823563,0
star_plus_co_independent,140,2,25,35,0.03121095352,0.9995727077,0.03357996585,0.006829823563,0
star_plus_co_independent,140,3,35,45,0.02213518977,0.82824635,0.03357996585,0.006829823563,0
star_plus_co_independent,140,4,45,55,-0.06097943676,0.8307779192,0.03357996585,0.006829823563,0
star_plus_co_independent,140,5,55,65,-0.0977185649,0.9441352029,0.03357996585,0.006829823563,0
star_plus_co_correlated_control,140,0,5,15,-0.05985744287,0.892629084,0.03357996585,0.06260671599,0
star_plus_co_correlated_control,140,1,15,25,-0.04003557687,0.980505192,0.03357996585,0.06260671599,0
star_plus_co_correlated_control,140,2,25,35,0.03794450041,0.9995727077,0.03357996585,0.06260671599,0
star_plus_co_correlated_control,140,3,35,45,0.01661742595,0.82824635,0.03357996585,0.06260671599,0
star_plus_co_correlated_control,140,4,45,55,-0.06492663732,0.8307779192,0.03357996585,0.06260671599,0
star_plus_co_correlated_control,140,5,55,65,-0.1039812855,0.9441352029,0.03357996585,0.06260671599,0
star_co_plus_hi_ctl01,140,0,5,15,-0.05634628007,0.892629084,0.03357996585,0.006829823563,0
star_co_plus_hi_ctl01,140,1,15,25,-0.03851573917,0.980505192,0.03357996585,0.006829823563,0
star_co_plus_hi_ctl01,140,2,25,35,0.03126972563,0.9995727077,0.03357996585,0.006829823563,0
star_co_plus_hi_ctl01,140,3,35,45,0.02241579923,0.82824635,0.03357996585,0.006829823563,0
star_co_plus_hi_ctl01,140,4,45,55,-0.06010514675,0.8307779192,0.03357996585,0.006829823563,0
star_co_plus_hi_ctl01,140,5,55,65,-0.09555334385,0.9441352029,0.03357996585,0.006829823563,0
star_co_plus_hi_ctl10,140,0,5,15,-0.05524847776,0.892629084,0.03357996585,0.006829823563,0
star_co_plus_hi_ctl10,140,1,15,25,-0.03772070269,0.980505192,0.03357996585,0.006829823563,0
star_co_plus_hi_ctl10,140,2,25,35,0.03135856613,0.9995727077,0.03357996585,0.006829823563,0
star_co_plus_hi_ctl10,140,3,35,45,0.02337122096,0.82824635,0.03357996585,0.006829823563,0
star_co_plus_hi_ctl10,140,4,45,55,-0.05775403835,0.8307779192,0.03357996585,0.006829823563,0
star_co_plus_hi_ctl10,140,5,55,65,-0.09028468645,0.9441352029,0.03357996585,0.006829823563,0
star_co_plus_hi_ctl49,140,0,5,15,-0.05336539224,0.892629084,0.03357996585,0.006829823563,0
star_co_plus_hi_ctl49,140,1,15,25,-0.0363036191,0.980505192,0.03357996585,0.006829823563,0
star_co_plus_hi_ctl49,140,2,25,35,0.0320306282,0.9995727077,0.03357996585,0.006829823563,0
star_co_plus_hi_ctl49,140,3,35,45,0.02506594858,0.82824635,0.03357996585,0.006829823563,0
star_co_plus_hi_ctl49,140,4,45,55,-0.05374437959,0.8307779192,0.03357996585,0.006829823563,0
star_co_plus_hi_ctl49,140,5,55,65,-0.08169758542,0.9441352029,0.03357996585,0.006829823563,0
star_only,141,0,5,15,-0.06013742551,0.8344610984,0,0,0
star_only,141,1,15,25,-0.02973214978,0.9664836613,0,0,0
star_only,141,2,25,35,0.03425128483,0.9590652998,0,0,0
star_only,141,3,35,45,0.02334559998,0.9525555339,0,0,0
star_only,141,4,45,55,-0.04884171353,0.8063293754,0,0,0
star_only,141,5,55,65,-0.06806659133,0.9016344402,0,0,0
co_independent_only,141,0,5,15,-0.05944270168,0.7770716789,0,0.006829823563,0
co_independent_only,141,1,15,25,-0.03548835342,0.8923255771,0,0.006829823563,0
co_independent_only,141,2,25,35,0.03597272093,0.931726178,0,0.006829823563,0
co_independent_only,141,3,35,45,0.02418467173,0.9986816763,0,0.006829823563,0
co_independent_only,141,4,45,55,-0.0398356927,0.9343224355,0,0.006829823563,0
co_independent_only,141,5,55,65,-0.09846156691,0.9762370048,0,0.006829823563,0
star_plus_co_independent,141,0,5,15,-0.05929664361,0.8344610984,0,0.006829823563,0
star_plus_co_independent,141,1,15,25,-0.02890006997,0.9664836613,0,0.006829823563,0
star_plus_co_independent,141,2,25,35,0.03554340147,0.9590652998,0,0.006829823563,0
star_plus_co_independent,141,3,35,45,0.0228937096,0.9525555339,0,0.006829823563,0
star_plus_co_independent,141,4,45,55,-0.04865836863,0.8063293754,0,0.006829823563,0
star_plus_co_independent,141,5,55,65,-0.06728217573,0.9016344402,0,0.006829823563,0
star_plus_co_correlated_control,141,0,5,15,-0.06159707438,0.8344610984,0,0.04439385316,0
star_plus_co_correlated_control,141,1,15,25,-0.03098653415,0.9664836613,0,0.04439385316,0
star_plus_co_correlated_control,141,2,25,35,0.03692601977,0.9590652998,0,0.04439385316,0
star_plus_co_correlated_control,141,3,35,45,0.02200249257,0.9525555339,0,0.04439385316,0
star_plus_co_correlated_control,141,4,45,55,-0.04990676084,0.8063293754,0,0.04439385316,0
star_plus_co_correlated_control,141,5,55,65,-0.0701988238,0.9016344402,0,0.04439385316,0
star_co_plus_hi_ctl01,141,0,5,15,-0.05954535174,0.8344610984,0,0.006829823563,0
star_co_plus_hi_ctl01,141,1,15,25,-0.02886762892,0.9664836613,0,0.006829823563,0
star_co_plus_hi_ctl01,141,2,25,35,0.03585951173,0.9590652998,0,0.006829823563,0
star_co_plus_hi_ctl01,141,3,35,45,0.0230291518,0.9525555339,0,0.006829823563,0
star_co_plus_hi_ctl01,141,4,45,55,-0.04865434122,0.8063293754,0,0.006829823563,0
star_co_plus_hi_ctl01,141,5,55,65,-0.06627028069,0.9016344402,0,0.006829823563,0
star_co_plus_hi_ctl10,141,0,5,15,-0.06021417523,0.8344610984,0,0.006829823563,0
star_co_plus_hi_ctl10,141,1,15,25,-0.02878013919,0.9664836613,0,0.006829823563,0
star_co_plus_hi_ctl10,141,2,25,35,0.03662500624,0.9590652998,0,0.006829823563,0
star_co_plus_hi_ctl10,141,3,35,45,0.02339299723,0.9525555339,0,0.006829823563,0
star_co_plus_hi_ctl10,141,4,45,55,-0.04864266609,0.8063293754,0,0.006829823563,0
star_co_plus_hi_ctl10,141,5,55,65,-0.06345889341,0.9016344402,0,0.006829823563,0
star_co_plus_hi_ctl49,141,0,5,15,-0.06135481501,0.8344610984,0,0.006829823563,0
star_co_plus_hi_ctl49,141,1,15,25,-0.02863009232,0.9664836613,0,0.006829823563,0
star_co_plus_hi_ctl49,141,2,25,35,0.03762934436,0.9590652998,0,0.006829823563,0
star_co_plus_hi_ctl49,141,3,35,45,0.0241115346,0.9525555339,0,0.006829823563,0
star_co_plus_hi_ctl49,141,4,45,55,-0.0486199205,0.8063293754,0,0.006829823563,0
star_co_plus_hi_ctl49,141,5,55,65,-0.05953044644,0.9016344402,0,0.006829823563,0
star_only,142,0,5,15,-0.06109502077,0.6624668794,0,0,0
star_only,142,1,15,25,-0.03331884296,0.6417618584,0,0,0
star_only,142,2,25,35,0.0344202006,0.7618916398,0,0,0
star_only,142,3,35,45,0.03414214101,0.957125582,0,0,0
star_only,142,4,45,55,-0.01876715115,0.9908629193,0,0,0
star_only,142,5,55,65,-0.08971106732,0.9809192298,0,0,0
co_independent_only,142,0,5,15,-0.06086401352,0.7770716789,0,0.004553215709,0
co_independent_only,142,1,15,25,-0.03686844682,0.8923255771,0,0.004553215709,0
co_independent_only,142,2,25,35,0.03331874466,0.931726178,0,0.004553215709,0
co_independent_only,142,3,35,45,0.02033848567,0.9986816763,0,0.004553215709,0
co_independent_only,142,4,45,55,-0.04631561537,0.9343224355,0,0.004553215709,0
co_independent_only,142,5,55,65,-0.1104684079,0.9762370048,0,0.004553215709,0
star_plus_co_independent,142,0,5,15,-0.06172012135,0.6624668794,0,0.004553215709,0
star_plus_co_independent,142,1,15,25,-0.03406383052,0.6417618584,0,0.004553215709,0
star_plus_co_independent,142,2,25,35,0.03260984277,0.7618916398,0,0.004553215709,0
star_plus_co_independent,142,3,35,45,0.02969524165,0.957125582,0,0.004553215709,0
star_plus_co_independent,142,4,45,55,-0.02522972404,0.9908629193,0,0.004553215709,0
star_plus_co_independent,142,5,55,65,-0.1012986973,0.9809192298,0,0.004553215709,0
star_plus_co_correlated_control,142,0,5,15,-0.0584944139,0.6624668794,0,0,0
star_plus_co_correlated_control,142,1,15,25,-0.03001705566,0.6417618584,0,0,0
star_plus_co_correlated_control,142,2,25,35,0.0290618889,0.7618916398,0,0,0
star_plus_co_correlated_control,142,3,35,45,0.03564659533,0.957125582,0,0,0
star_plus_co_correlated_control,142,4,45,55,-0.01895708557,0.9908629193,0,0,0
star_plus_co_correlated_control,142,5,55,65,-0.08664961896,0.9809192298,0,0,0
star_co_plus_hi_ctl01,142,0,5,15,-0.06145947417,0.6624668794,0,0.004553215709,0
star_co_plus_hi_ctl01,142,1,15,25,-0.03392143293,0.6417618584,0,0.004553215709,0
star_co_plus_hi_ctl01,142,2,25,35,0.03193470277,0.7618916398,0,0.004553215709,0
star_co_plus_hi_ctl01,142,3,35,45,0.03011711576,0.957125582,0,0.004553215709,0
star_co_plus_hi_ctl01,142,4,45,55,-0.02584002038,0.9908629193,0,0.004553215709,0
star_co_plus_hi_ctl01,142,5,55,65,-0.1016506025,0.9809192298,0,0.004553215709,0
star_co_plus_hi_ctl10,142,0,5,15,-0.06075948784,0.6624668794,0,0.004553215709,0
star_co_plus_hi_ctl10,142,1,15,25,-0.03353814428,0.6417618584,0,0.004553215709,0
star_co_plus_hi_ctl10,142,2,25,35,0.03004659457,0.7618916398,0,0.004553215709,0
star_co_plus_hi_ctl10,142,3,35,45,0.03125024623,0.957125582,0,0.004553215709,0
star_co_plus_hi_ctl10,142,4,45,55,-0.02865099225,0.9908629193,0,0.004553215709,0
star_co_plus_hi_ctl10,142,5,55,65,-0.1026828557,0.9809192298,0,0.004553215709,0
star_co_plus_hi_ctl49,142,0,5,15,-0.05956886535,0.6624668794,0,0.004553215709,0
star_co_plus_hi_ctl49,142,1,15,25,-0.03262201528,0.6417618584,0,0.004553215709,0
star_co_plus_hi_ctl49,142,2,25,35,0.02650518142,0.7618916398,0,0.004553215709,0
star_co_plus_hi_ctl49,142,3,35,45,0.03253503605,0.957125582,0,0.004553215709,0
star_co_plus_hi_ctl49,142,4,45,55,-0.0332640735,0.9908629193,0,0.004553215709,0
star_co_plus_hi_ctl49,142,5,55,65,-0.1027477425,0.9809192298,0,0.004553215709,0
star_only,143,0,5,15,-0.05719700395,0.8538683035,0,0,0
star_only,143,1,15,25,-0.02603135643,0.6957967291,0,0,0
star_only,143,2,25,35,0.03471771492,0.922909808,0,0,0
star_only,143,3,35,45,0.02633992002,0.9986437999,0,0,0
star_only,143,4,45,55,-0.07418221689,0.9992087706,0,0,0
star_only,143,5,55,65,-0.06560846519,0.9984790997,0,0,0
co_independent_only,143,0,5,15,-0.05770081692,0.7770716789,0,0.001138303927,0
co_independent_only,143,1,15,25,-0.03424229176,0.8923255771,0,0.001138303927,0
co_independent_only,143,2,25,35,0.03055012384,0.931726178,0,0.001138303927,0
co_independent_only,143,3,35,45,0.01870568357,0.9986816763,0,0.001138303927,0
co_independent_only,143,4,45,55,-0.04214972181,0.9343224355,0,0.001138303927,0
co_independent_only,143,5,55,65,-0.09972248055,0.9762370048,0,0.001138303927,0
star_plus_co_independent,143,0,5,15,-0.05465814504,0.8538683035,0,0.001138303927,0
star_plus_co_independent,143,1,15,25,-0.02605810505,0.6957967291,0,0.001138303927,0
star_plus_co_independent,143,2,25,35,0.03049129371,0.922909808,0,0.001138303927,0
star_plus_co_independent,143,3,35,45,0.02048745321,0.9986437999,0,0.001138303927,0
star_plus_co_independent,143,4,45,55,-0.07492342695,0.9992087706,0,0.001138303927,0
star_plus_co_independent,143,5,55,65,-0.06711208861,0.9984790997,0,0.001138303927,0
star_plus_co_correlated_control,143,0,5,15,-0.05933083172,0.8538683035,0,0.06772908367,0
star_plus_co_correlated_control,143,1,15,25,-0.02769472468,0.6957967291,0,0.06772908367,0
star_plus_co_correlated_control,143,2,25,35,0.0388687033,0.922909808,0,0.06772908367,0
star_plus_co_correlated_control,143,3,35,45,0.0245176377,0.9986437999,0,0.06772908367,0
star_plus_co_correlated_control,143,4,45,55,-0.07686315599,0.9992087706,0,0.06772908367,0
star_plus_co_correlated_control,143,5,55,65,-0.06902168019,0.9984790997,0,0.06772908367,0
star_co_plus_hi_ctl01,143,0,5,15,-0.05433833612,0.8538683035,0,0.001138303927,0
star_co_plus_hi_ctl01,143,1,15,25,-0.0260055114,0.6957967291,0,0.001138303927,0
star_co_plus_hi_ctl01,143,2,25,35,0.02973328594,0.922909808,0,0.001138303927,0
star_co_plus_hi_ctl01,143,3,35,45,0.02002270879,0.9986437999,0,0.001138303927,0
star_co_plus_hi_ctl01,143,4,45,55,-0.07525379113,0.9992087706,0,0.001138303927,0
star_co_plus_hi_ctl01,143,5,55,65,-0.06616820436,0.9984790997,0,0.001138303927,0
star_co_plus_hi_ctl10,143,0,5,15,-0.05347682839,0.8538683035,0,0.001138303927,0
star_co_plus_hi_ctl10,143,1,15,25,-0.02586322409,0.6957967291,0,0.001138303927,0
star_co_plus_hi_ctl10,143,2,25,35,0.02769242464,0.922909808,0,0.001138303927,0
star_co_plus_hi_ctl10,143,3,35,45,0.01876981275,0.9986437999,0,0.001138303927,0
star_co_plus_hi_ctl10,143,4,45,55,-0.07614405353,0.9992087706,0,0.001138303927,0
star_co_plus_hi_ctl10,143,5,55,65,-0.067264447,0.9984790997,0,0.001138303927,0
star_co_plus_hi_ctl49,143,0,5,15,-0.05200257559,0.8538683035,0,0.001138303927,0
star_co_plus_hi_ctl49,143,1,15,25,-0.02561766642,0.6957967291,0,0.001138303927,0
star_co_plus_hi_ctl49,143,2,25,35,0.02420362806,0.922909808,0,0.001138303927,0
star_co_plus_hi_ctl49,143,3,35,45,0.01662253031,0.9986437999,0,0.001138303927,0
star_co_plus_hi_ctl49,143,4,45,55,-0.07766860809,0.9992087706,0,0.001138303927,0
star_co_plus_hi_ctl49,143,5,55,65,-0.06919126402,0.9984790997,0,0.001138303927,0
star_only,144,0,5,15,-0.05960501252,0.743962681,0,0,0
star_only,144,1,15,25,-0.03708063375,0.7733010908,0,0,0
star_only,144,2,25,35,0.03397376603,0.8732883525,0,0,0
star_only,144,3,35,45,0.03724049301,0.9327065297,0,0,0
star_only,144,4,45,55,-0.02389761843,0.9650485291,0,0,0
star_only,144,5,55,65,-0.1208931996,0.8851784572,0,0,0
co_independent_only,144,0,5,15,-0.06286361852,0.7770716789,0,0,0
co_independent_only,144,1,15,25,-0.03425581826,0.8923255771,0,0,0
co_independent_only,144,2,25,35,0.03881710119,0.931726178,0,0,0
co_independent_only,144,3,35,45,0.03252525691,0.9986816763,0,0,0
co_independent_only,144,4,45,55,-0.03179510086,0.9343224355,0,0,0
co_independent_only,144,5,55,65,-0.08522144753,0.9762370048,0,0,0
star_plus_co_independent,144,0,5,15,-0.06218248949,0.743962681,0,0,0
star_plus_co_independent,144,1,15,25,-0.035350408,0.7733010908,0,0,0
star_plus_co_independent,144,2,25,35,0.03743930017,0.8732883525,0,0,0
star_plus_co_independent,144,3,35,45,0.04560547526,0.9327065297,0,0,0
star_plus_co_independent,144,4,45,55,-0.01536379667,0.9650485291,0,0,0
star_plus_co_independent,144,5,55,65,-0.1068888384,0.8851784572,0,0,0
star_plus_co_correlated_control,144,0,5,15,-0.05867911679,0.743962681,0,0,0
star_plus_co_correlated_control,144,1,15,25,-0.03576198831,0.7733010908,0,0,0
star_plus_co_correlated_control,144,2,25,35,0.03186243849,0.8732883525,0,0,0
star_plus_co_correlated_control,144,3,35,45,0.03771417111,0.9327065297,0,0,0
star_plus_co_correlated_control,144,4,45,55,-0.02363750966,0.9650485291,0,0,0
star_plus_co_correlated_control,144,5,55,65,-0.1184317687,0.8851784572,0,0,0
star_co_plus_hi_ctl01,144,0,5,15,-0.06214399194,0.743962681,0,0,0
star_co_plus_hi_ctl01,144,1,15,25,-0.03508015049,0.7733010908,0,0,0
star_co_plus_hi_ctl01,144,2,25,35,0.03764191193,0.8732883525,0,0,0
star_co_plus_hi_ctl01,144,3,35,45,0.04653959012,0.9327065297,0,0,0
star_co_plus_hi_ctl01,144,4,45,55,-0.01454491913,0.9650485291,0,0,0
star_co_plus_hi_ctl01,144,5,55,65,-0.1057457008,0.8851784572,0,0,0
star_co_plus_hi_ctl10,144,0,5,15,-0.06204027499,0.743962681,0,0,0
star_co_plus_hi_ctl10,144,1,15,25,-0.03416826998,0.7733010908,0,0,0
star_co_plus_hi_ctl10,144,2,25,35,0.03818678212,0.8732883525,0,0,0
star_co_plus_hi_ctl10,144,3,35,45,0.04905598995,0.9327065297,0,0,0
star_co_plus_hi_ctl10,144,4,45,55,-0.0123386646,0.9650485291,0,0,0
star_co_plus_hi_ctl10,144,5,55,65,-0.1001047886,0.8851784572,0,0,0
star_co_plus_hi_ctl49,144,0,5,15,-0.06186275115,0.743962681,0,0,0
star_co_plus_hi_ctl49,144,1,15,25,-0.03250301294,0.7733010908,0,0,0
star_co_plus_hi_ctl49,144,2,25,35,0.03911604938,0.8732883525,0,0,0
star_co_plus_hi_ctl49,144,3,35,45,0.05336241358,0.9327065297,0,0,0
star_co_plus_hi_ctl49,144,4,45,55,-0.008562007144,0.9650485291,0,0,0
star_co_plus_hi_ctl49,144,5,55,65,-0.09355899511,0.8851784572,0,0,0
star_only,145,0,5,15,-0.06028418842,0.7548479796,0,0,0
star_only,145,1,15,25,-0.03710177055,0.8314537536,0,0,0
star_only,145,2,25,35,0.03429761147,0.8965671342,0,0,0
star_only,145,3,35,45,0.02154169002,0.9794100813,0,0,0
star_only,145,4,45,55,-0.05394840474,0.9974985493,0,0,0
star_only,145,5,55,65,-0.04696992969,0.9952768247,0,0,0
co_independent_only,145,0,5,15,-0.06178193637,0.7770716789,0,0.005691519636,0
co_independent_only,145,1,15,25,-0.03599396828,0.8923255771,0,0.005691519636,0
co_independent_only,145,2,25,35,0.03781550552,0.931726178,0,0.005691519636,0
co_independent_only,145,3,35,45,0.02878962787,0.9986816763,0,0.005691519636,0
co_independent_only,145,4,45,55,-0.04171461205,0.9343224355,0,0.005691519636,0
co_independent_only,145,5,55,65,-0.1045195896,0.9762370048,0,0.005691519636,0
star_plus_co_independent,145,0,5,15,-0.06177466096,0.7548479796,0,0.005691519636,0
star_plus_co_independent,145,1,15,25,-0.03708018214,0.8314537536,0,0.005691519636,0
star_plus_co_independent,145,2,25,35,0.03740057929,0.8965671342,0,0.005691519636,0
star_plus_co_independent,145,3,35,45,0.02577642376,0.9794100813,0,0.005691519636,0
star_plus_co_independent,145,4,45,55,-0.05589676915,0.9974985493,0,0.005691519636,0
star_plus_co_independent,145,5,55,65,-0.05106203892,0.9952768247,0,0.005691519636,0
star_plus_co_correlated_control,145,0,5,15,-0.05934557401,0.7548479796,0,0,0
star_plus_co_correlated_control,145,1,15,25,-0.0357818714,0.8314537536,0,0,0
star_plus_co_correlated_control,145,2,25,35,0.03218922619,0.8965671342,0,0,0
star_plus_co_correlated_control,145,3,35,45,0.02242527367,0.9794100813,0,0,0
star_plus_co_correlated_control,145,4,45,55,-0.05321532182,0.9974985493,0,0,0
star_plus_co_correlated_control,145,5,55,65,-0.04681685623,0.9952768247,0,0,0
star_co_plus_hi_ctl01,145,0,5,15,-0.06158979204,0.7548479796,0,0.005691519636,0
star_co_plus_hi_ctl01,145,1,15,25,-0.03706726347,0.8314537536,0,0.005691519636,0
star_co_plus_hi_ctl01,145,2,25,35,0.03693860619,0.8965671342,0,0.005691519636,0
star_co_plus_hi_ctl01,145,3,35,45,0.02515116002,0.9794100813,0,0.005691519636,0
star_co_plus_hi_ctl01,145,4,45,55,-0.05596544713,0.9974985493,0,0.005691519636,0
star_co_plus_hi_ctl01,145,5,55,65,-0.05164395347,0.9952768247,0,0.005691519636,0
star_co_plus_hi_ctl10,145,0,5,15,-0.06109371782,0.7548479796,0,0.005691519636,0
star_co_plus_hi_ctl10,145,1,15,25,-0.03703258668,0.8314537536,0,0.005691519636,0
star_co_plus_hi_ctl10,145,2,25,35,0.03569748033,0.8965671342,0,0.005691519636,0
star_co_plus_hi_ctl10,145,3,35,45,0.02347019189,0.9794100813,0,0.005691519636,0
star_co_plus_hi_ctl10,145,4,45,55,-0.05615067228,0.9974985493,0,0.005691519636,0
star_co_plus_hi_ctl10,145,5,55,65,-0.05314113946,0.9952768247,0,0.005691519636,0
star_co_plus_hi_ctl49,145,0,5,15,-0.06025128531,0.7548479796,0,0.005691519636,0
star_co_plus_hi_ctl49,145,1,15,25,-0.03697366224,0.8314537536,0,0.005691519636,0
star_co_plus_hi_ctl49,145,2,25,35,0.03358486166,0.8965671342,0,0.005691519636,0
star_co_plus_hi_ctl49,145,3,35,45,0.02060502104,0.9794100813,0,0.005691519636,0
star_co_plus_hi_ctl49,145,4,45,55,-0.05646837333,0.9974985493,0,0.005691519636,0
star_co_plus_hi_ctl49,145,5,55,65,-0.05643674352,0.9952768247,0,0.005691519636,0
star_only,146,0,5,15,-0.05844193443,0.7228338706,0.01479795105,0,0
star_only,146,1,15,25,-0.04288305937,0.5681082398,0.01479795105,0,0
star_only,146,2,25,35,0.02969377466,0.7255932973,0.01479795105,0,0
star_only,146,3,35,45,0.0454313499,0.8195583392,0.01479795105,0,0
star_only,146,4,45,55,0.1829193822,0.8810052745,0.01479795105,0,0
star_only,146,5,55,65,0.07206889963,0.9892161014,0.01479795105,0,0
co_independent_only,146,0,5,15,-0.0591456408,0.7770716789,0,0,0
co_independent_only,146,1,15,25,-0.03379291163,0.8923255771,0,0,0
co_independent_only,146,2,25,35,0.03137849349,0.931726178,0,0,0
co_independent_only,146,3,35,45,0.0198746021,0.9986816763,0,0,0
co_independent_only,146,4,45,55,-0.04016075933,0.9343224355,0,0,0
co_independent_only,146,5,55,65,-0.09594519193,0.9762370048,0,0,0
star_plus_co_independent,146,0,5,15,-0.05745796611,0.7228338706,0.01479795105,0,0
star_plus_co_independent,146,1,15,25,-0.03913833308,0.5681082398,0.01479795105,0,0
star_plus_co_independent,146,2,25,35,0.0257741924,0.7255932973,0.01479795105,0,0
star_plus_co_independent,146,3,35,45,0.04739346872,0.8195583392,0.01479795105,0,0
star_plus_co_independent,146,4,45,55,0.1833275997,0.8810052745,0.01479795105,0,0
star_plus_co_independent,146,5,55,65,0.07376647307,0.9892161014,0.01479795105,0,0
star_plus_co_correlated_control,146,0,5,15,-0.05987895042,0.7228338706,0.01479795105,0.04439385316,0
star_plus_co_correlated_control,146,1,15,25,-0.04485522758,0.5681082398,0.01479795105,0.04439385316,0
star_plus_co_correlated_control,146,2,25,35,0.03250795819,0.7255932973,0.01479795105,0.04439385316,0
star_plus_co_correlated_control,146,3,35,45,0.04530453513,0.8195583392,0.01479795105,0.04439385316,0
star_plus_co_correlated_control,146,4,45,55,0.187634593,0.8810052745,0.01479795105,0.04439385316,0
star_plus_co_correlated_control,146,5,55,65,0.07700684046,0.9892161014,0.01479795105,0.04439385316,0
star_co_plus_hi_ctl01,146,0,5,15,-0.05733549904,0.7228338706,0.01479795105,0,0
star_co_plus_hi_ctl01,146,1,15,25,-0.03872701631,0.5681082398,0.01479795105,0,0
star_co_plus_hi_ctl01,146,2,25,35,0.02530006157,0.7255932973,0.01479795105,0,0
star_co_plus_hi_ctl01,146,3,35,45,0.04853736545,0.8195583392,0.01479795105,0,0
star_co_plus_hi_ctl01,146,4,45,55,0.1842297247,0.8810052745,0.01479795105,0,0
star_co_plus_hi_ctl01,146,5,55,65,0.07575033992,0.9892161014,0.01479795105,0,0
star_co_plus_hi_ctl10,146,0,5,15,-0.05700550555,0.7228338706,0.01479795105,0,0
star_co_plus_hi_ctl10,146,1,15,25,-0.0376185619,0.5681082398,0.01479795105,0,0
star_co_plus_hi_ctl10,146,2,25,35,0.02402271377,0.7255932973,0.01479795105,0,0
star_co_plus_hi_ctl10,146,3,35,45,0.05162508546,0.8195583392,0.01479795105,0,0
star_co_plus_hi_ctl10,146,4,45,55,0.186661986,0.8810052745,0.01479795105,0,0
star_co_plus_hi_ctl10,146,5,55,65,0.08104917144,0.9892161014,0.01479795105,0,0
star_co_plus_hi_ctl49,146,0,5,15,-0.0564405039,0.7228338706,0.01479795105,0,0
star_co_plus_hi_ctl49,146,1,15,25,-0.03572022987,0.5681082398,0.01479795105,0,0
star_co_plus_hi_ctl49,146,2,25,35,0.02192534024,0.7255932973,0.01479795105,0,0
star_co_plus_hi_ctl49,146,3,35,45,0.05693030523,0.8195583392,0.01479795105,0,0
star_co_plus_hi_ctl49,146,4,45,55,0.1908314139,0.8810052745,0.01479795105,0,0
star_co_plus_hi_ctl49,146,5,55,65,0.09084914431,0.9892161014,0.01479795105,0,0
star_only,147,0,5,15,-0.05991866056,0.7792739673,0,0,0
star_only,147,1,15,25,-0.03473841603,0.9160895166,0,0,0
star_only,147,2,25,35,0.03392747634,0.9659394027,0,0,0
star_only,147,3,35,45,0.0112336199,0.9700893773,0,0,0
star_only,147,4,45,55,-0.0768649782,0.9267505777,0,0,0
star_only,147,5,55,65,-0.1240740575,0.8726576602,0,0,0
co_independent_only,147,0,5,15,-0.05769250862,0.7770716789,0,0.002845759818,0
co_independent_only,147,1,15,25,-0.03423533769,0.8923255771,0,0.002845759818,0
co_independent_only,147,2,25,35,0.03132936186,0.931726178,0,0.002845759818,0
co_independent_only,147,3,35,45,0.02227827261,0.9986816763,0,0.002845759818,0
co_independent_only,147,4,45,55,-0.0397852826,0.9343224355,0,0.002845759818,0
co_independent_only,147,5,55,65,-0.102515682,0.9762370048,0,0.002845759818,0
star_plus_co_independent,147,0,5,15,-0.05736105808,0.7792739673,0,0.002845759818,0
star_plus_co_independent,147,1,15,25,-0.03310585584,0.9160895166,0,0.002845759818,0
star_plus_co_independent,147,2,25,35,0.0305042604,0.9659394027,0,0.002845759818,0
star_plus_co_independent,147,3,35,45,0.007128384582,0.9700893773,0,0.002845759818,0
star_plus_co_independent,147,4,45,55,-0.07680344553,0.9267505777,0,0.002845759818,0
star_plus_co_independent,147,5,55,65,-0.1281547744,0.8726576602,0,0.002845759818,0
star_plus_co_correlated_control,147,0,5,15,-0.05546917954,0.7792739673,0,0,0
star_plus_co_correlated_control,147,1,15,25,-0.0284550681,0.9160895166,0,0,0
star_plus_co_correlated_control,147,2,25,35,0.02400301526,0.9659394027,0,0,0
star_plus_co_correlated_control,147,3,35,45,0.01459365381,0.9700893773,0,0,0
star_plus_co_correlated_control,147,4,45,55,-0.073329013,0.9267505777,0,0,0
star_plus_co_correlated_control,147,5,55,65,-0.1135863309,0.8726576602,0,0,0
star_co_plus_hi_ctl01,147,0,5,15,-0.05724694374,0.7792739673,0,0.002845759818,0
star_co_plus_hi_ctl01,147,1,15,25,-0.03313696385,0.9160895166,0,0.002845759818,0
star_co_plus_hi_ctl01,147,2,25,35,0.03034541983,0.9659394027,0,0.002845759818,0
star_co_plus_hi_ctl01,147,3,35,45,0.007185067332,0.9700893773,0,0.002845759818,0
star_co_plus_hi_ctl01,147,4,45,55,-0.07716175663,0.9267505777,0,0.002845759818,0
star_co_plus_hi_ctl01,147,5,55,65,-0.1292347662,0.8726576602,0,0.002845759818,0
star_co_plus_hi_ctl10,147,0,5,15,-0.05693984283,0.7792739673,0,0.002845759818,0
star_co_plus_hi_ctl10,147,1,15,25,-0.03321695802,0.9160895166,0,0.002845759818,0
star_co_plus_hi_ctl10,147,2,25,35,0.02991821644,0.9659394027,0,0.002845759818,0
star_co_plus_hi_ctl10,147,3,35,45,0.007337548005,0.9700893773,0,0.002845759818,0
star_co_plus_hi_ctl10,147,4,45,55,-0.07812725995,0.9267505777,0,0.002845759818,0
star_co_plus_hi_ctl10,147,5,55,65,-0.1320826615,0.8726576602,0,0.002845759818,0
star_co_plus_hi_ctl49,147,0,5,15,-0.05641533965,0.7792739673,0,0.002845759818,0
star_co_plus_hi_ctl49,147,1,15,25,-0.03326693954,0.9160895166,0,0.002845759818,0
star_co_plus_hi_ctl49,147,2,25,35,0.02918947427,0.9659394027,0,0.002845759818,0
star_co_plus_hi_ctl49,147,3,35,45,0.007597763083,0.9700893773,0,0.002845759818,0
star_co_plus_hi_ctl49,147,4,45,55,-0.0796415118,0.9267505777,0,0.002845759818,0
star_co_plus_hi_ctl49,147,5,55,65,-0.1369574757,0.8726576602,0,0.002845759818,0
star_only,148,0,5,15,-0.05934224952,0.8272927203,0.009106431417,0,0
star_only,148,1,15,25,-0.03656543943,0.8833600103,0.009106431417,0,0
star_only,148,2,25,35,0.03418530701,0.9866669406,0.009106431417,0,0
star_only,148,3,35,45,0.02748656266,0.8493837988,0.009106431417,0,0
star_only,148,4,45,55,-0.02585323159,0.7612381096,0.009106431417,0,0
star_only,148,5,55,65,-0.002855071549,0.9303530272,0.009106431417,0,0
co_independent_only,148,0,5,15,-0.06272680168,0.7770716789,0,0,0
co_independent_only,148,1,15,25,-0.03265299075,0.8923255771,0,0,0
co_independent_only,148,2,25,35,0.03739711977,0.931726178,0,0,0
co_independent_only,148,3,35,45,0.02914656838,0.9986816763,0,0,0
co_independent_only,148,4,45,55,-0.03421635763,0.9343224355,0,0,0
co_independent_only,148,5,55,65,-0.09942805899,0.9762370048,0,0,0
star_plus_co_independent,148,0,5,15,-0.06181649151,0.8272927203,0.009106431417,0,0
star_plus_co_independent,148,1,15,25,-0.03310696387,0.8833600103,0.009106431417,0,0
star_plus_co_independent,148,2,25,35,0.03700598128,0.9866669406,0.009106431417,0,0
star_plus_co_independent,148,3,35,45,0.03227206049,0.8493837988,0.009106431417,0,0
star_plus_co_independent,148,4,45,55,-0.02033940537,0.7612381096,0.009106431417,0,0
star_plus_co_independent,148,5,55,65,-0.003865925799,0.9303530272,0.009106431417,0,0
star_plus_co_correlated_control,148,0,5,15,-0.05565361036,0.8272927203,0.009106431417,0,0
star_plus_co_correlated_control,148,1,15,25,-0.03118835979,0.8833600103,0.009106431417,0,0
star_plus_co_correlated_control,148,2,25,35,0.02648401733,0.9866669406,0.009106431417,0,0
star_plus_co_correlated_control,148,3,35,45,0.02994726851,0.8493837988,0.009106431417,0,0
star_plus_co_correlated_control,148,4,45,55,-0.02592061723,0.7612381096,0.009106431417,0,0
star_plus_co_correlated_control,148,5,55,65,-0.008732755244,0.9303530272,0.009106431417,0,0
star_co_plus_hi_ctl01,148,0,5,15,-0.06170834699,0.8272927203,0.009106431417,0,0
star_co_plus_hi_ctl01,148,1,15,25,-0.03331540231,0.8833600103,0.009106431417,0,0
star_co_plus_hi_ctl01,148,2,25,35,0.03650506705,0.9866669406,0.009106431417,0,0
star_co_plus_hi_ctl01,148,3,35,45,0.03112930053,0.8493837988,0.009106431417,0,0
star_co_plus_hi_ctl01,148,4,45,55,-0.02109140377,0.7612381096,0.009106431417,0,0
star_co_plus_hi_ctl01,148,5,55,65,-0.003600290092,0.9303530272,0.009106431417,0,0
star_co_plus_hi_ctl10,148,0,5,15,-0.06141779585,0.8272927203,0.009106431417,0,0
star_co_plus_hi_ctl10,148,1,15,25,-0.03387549239,0.8833600103,0.009106431417,0,0
star_co_plus_hi_ctl10,148,2,25,35,0.03448589728,0.9866669406,0.009106431417,0,0
star_co_plus_hi_ctl10,148,3,35,45,0.02805250455,0.8493837988,0.009106431417,0,0
star_co_plus_hi_ctl10,148,4,45,55,-0.02311868812,0.7612381096,0.009106431417,0,0
star_co_plus_hi_ctl10,148,5,55,65,-0.002884516935,0.9303530272,0.009106431417,0,0
star_co_plus_hi_ctl49,148,0,5,15,-0.06092318438,0.8272927203,0.009106431417,0,0
star_co_plus_hi_ctl49,148,1,15,25,-0.03482921516,0.8833600103,0.009106431417,0,0
star_co_plus_hi_ctl49,148,2,25,35,0.03072442459,0.9866669406,0.009106431417,0,0
star_co_plus_hi_ctl49,148,3,35,45,0.02279268146,0.8493837988,0.009106431417,0,0
star_co_plus_hi_ctl49,148,4,45,55,-0.02659308609,0.7612381096,0.009106431417,0,0
star_co_plus_hi_ctl49,148,5,55,65,-0.002082616978,0.9303530272,0.009106431417,0,0
star_only,149,0,5,15,-0.06101428761,0.7592045338,0,0,0
star_only,149,1,15,25,-0.04025040507,0.8709526205,0,0,0
star_only,149,2,25,35,0.03466734163,0.8815866488,0,0,0
star_only,149,3,35,45,0.04595692961,0.9783515581,0,0,0
star_only,149,4,45,55,0.01879250658,0.9999366421,0,0,0
star_only,149,5,55,65,-0.04426143886,0.7667569076,0,0,0
co_independent_only,149,0,5,15,-0.06112223714,0.7770716789,0,0,0
co_independent_only,149,1,15,25,-0.03678880863,0.8923255771,0,0,0
co_independent_only,149,2,25,35,0.03743243575,0.931726178,0,0,0
co_independent_only,149,3,35,45,0.02061946631,0.9986816763,0,0,0
co_independent_only,149,4,45,55,-0.04342189522,0.9343224355,0,0,0
co_independent_only,149,5,55,65,-0.1029720249,0.9762370048,0,0,0
star_plus_co_independent,149,0,5,15,-0.06182544855,0.7592045338,0,0,0
star_plus_co_independent,149,1,15,25,-0.04146685595,0.8709526205,0,0,0
star_plus_co_independent,149,2,25,35,0.03729092533,0.8815866488,0,0,0
star_plus_co_independent,149,3,35,45,0.04809152361,0.9783515581,0,0,0
star_plus_co_independent,149,4,45,55,0.01746940263,0.9999366421,0,0,0
star_plus_co_independent,149,5,55,65,-0.04734707648,0.7667569076,0,0,0
star_plus_co_correlated_control,149,0,5,15,-0.05822794264,0.7592045338,0,0,0
star_plus_co_correlated_control,149,1,15,25,-0.03608417932,0.8709526205,0,0,0
star_plus_co_correlated_control,149,2,25,35,0.02862090834,0.8815866488,0,0,0
star_plus_co_correlated_control,149,3,35,45,0.0461690768,0.9783515581,0,0,0
star_plus_co_correlated_control,149,4,45,55,0.01705133476,0.9999366421,0,0,0
star_plus_co_correlated_control,149,5,55,65,-0.04500471334,0.7667569076,0,0,0
star_co_plus_hi_ctl01,149,0,5,15,-0.06118834069,0.7592045338,0,0,0
star_co_plus_hi_ctl01,149,1,15,25,-0.04032113305,0.8709526205,0,0,0
star_co_plus_hi_ctl01,149,2,25,35,0.0371454229,0.8815866488,0,0,0
star_co_plus_hi_ctl01,149,3,35,45,0.0490582295,0.9783515581,0,0,0
star_co_plus_hi_ctl01,149,4,45,55,0.0180031232,0.9999366421,0,0,0
star_co_plus_hi_ctl01,149,5,55,65,-0.04720679377,0.7667569076,0,0,0
star_co_plus_hi_ctl10,149,0,5,15,-0.0594777395,0.7592045338,0,0,0
star_co_plus_hi_ctl10,149,1,15,25,-0.03724359199,0.8709526205,0,0,0
star_co_plus_hi_ctl10,149,2,25,35,0.03675420929,0.8815866488,0,0,0
star_co_plus_hi_ctl10,149,3,35,45,0.05259767701,0.9783515581,0,0,0
star_co_plus_hi_ctl10,149,4,45,55,0.01943925688,0.9999366421,0,0,0
star_co_plus_hi_ctl10,149,5,55,65,-0.04836592776,0.7667569076,0,0,0
star_co_plus_hi_ctl49,149,0,5,15,-0.05656946001,0.7592045338,0,0,0
star_co_plus_hi_ctl49,149,1,15,25,-0.0320067905,0.8709526205,0,0,0
star_co_plus_hi_ctl49,149,2,25,35,0.03610216135,0.8815866488,0,0,0
star_co_plus_hi_ctl49,149,3,35,45,0.05863812167,0.9783515581,0,0,0
star_co_plus_hi_ctl49,149,4,45,55,0.0218913928,0.9999366421,0,0,0
star_co_plus_hi_ctl49,149,5,55,65,-0.0506933294,0.7667569076,0,0,0
star_only,150,0,5,15,-0.05842056583,0.8330182876,0,0,0
star_only,150,1,15,25,-0.0362847769,0.9491107955,0,0,0
star_only,150,2,25,35,0.03471353149,0.9973422566,0,0,0
star_only,150,3,35,45,0.02835287195,0.8112500649,0,0,0
star_only,150,4,45,55,-0.006305964106,0.7186000621,0,0,0
star_only,150,5,55,65,-0.02964379248,0.8905478611,0,0,0
co_independent_only,150,0,5,15,-0.06171227282,0.7770716789,0,0,0
co_independent_only,150,1,15,25,-0.03494812826,0.8923255771,0,0,0
co_independent_only,150,2,25,35,0.03604353733,0.931726178,0,0,0
co_independent_only,150,3,35,45,0.03084017761,0.9986816763,0,0,0
co_independent_only,150,4,45,55,-0.03811257728,0.9343224355,0,0,0
co_independent_only,150,5,55,65,-0.1022052575,0.9762370048,0,0,0
star_plus_co_independent,150,0,5,15,-0.05986724057,0.8330182876,0,0,0
star_plus_co_independent,150,1,15,25,-0.03511010572,0.9491107955,0,0,0
star_plus_co_independent,150,2,25,35,0.03613673161,0.9973422566,0,0,0
star_plus_co_independent,150,3,35,45,0.03484916449,0.8112500649,0,0,0
star_plus_co_independent,150,4,45,55,-0.003644178319,0.7186000621,0,0,0
star_plus_co_independent,150,5,55,65,-0.03403959346,0.8905478611,0,0,0
star_plus_co_correlated_control,150,0,5,15,-0.05637510031,0.8330182876,0,0,0
star_plus_co_correlated_control,150,1,15,25,-0.03335600025,0.9491107955,0,0,0
star_plus_co_correlated_control,150,2,25,35,0.0301129336,0.9973422566,0,0,0
star_plus_co_correlated_control,150,3,35,45,0.03000317604,0.8112500649,0,0,0
star_plus_co_correlated_control,150,4,45,55,-0.006493570935,0.7186000621,0,0,0
star_plus_co_correlated_control,150,5,55,65,-0.03109247655,0.8905478611,0,0,0
star_co_plus_hi_ctl01,150,0,5,15,-0.05987585333,0.8330182876,0,0,0
star_co_plus_hi_ctl01,150,1,15,25,-0.03461766347,0.9491107955,0,0,0
star_co_plus_hi_ctl01,150,2,25,35,0.03614737689,0.9973422566,0,0,0
star_co_plus_hi_ctl01,150,3,35,45,0.03528996631,0.8112500649,0,0,0
star_co_plus_hi_ctl01,150,4,45,55,-0.003443170473,0.7186000621,0,0,0
star_co_plus_hi_ctl01,150,5,55,65,-0.03439587279,0.8905478611,0,0,0
star_co_plus_hi_ctl10,150,0,5,15,-0.05989909553,0.8330182876,0,0,0
star_co_plus_hi_ctl10,150,1,15,25,-0.03329146148,0.9491107955,0,0,0
star_co_plus_hi_ctl10,150,2,25,35,0.0361760057,0.9973422566,0,0,0
star_co_plus_hi_ctl10,150,3,35,45,0.03647294903,0.8112500649,0,0,0
star_co_plus_hi_ctl10,150,4,45,55,-0.003118601452,0.7186000621,0,0,0
star_co_plus_hi_ctl10,150,5,55,65,-0.03448918199,0.8905478611,0,0,0
star_co_plus_hi_ctl49,150,0,5,15,-0.05993900752,0.8330182876,0,0,0
star_co_plus_hi_ctl49,150,1,15,25,-0.03102318097,0.9491107955,0,0,0
star_co_plus_hi_ctl49,150,2,25,35,0.03601534516,0.9973422566,0,0,0
star_co_plus_hi_ctl49,150,3,35,45,0.03813437654,0.8112500649,0,0,0
star_co_plus_hi_ctl49,150,4,45,55,-0.003893026364,0.7186000621,0,0,0
star_co_plus_hi_ctl49,150,5,55,65,-0.03289046127,0.8905478611,0,0,0
star_only,151,0,5,15,-0.06088279287,0.7584583133,0,0,0
star_only,151,1,15,25,-0.03459009472,0.8891105658,0,0,0
star_only,151,2,25,35,0.03471666759,0.9007206208,0,0,0
star_only,151,3,35,45,0.01914880548,0.9640855838,0,0,0
star_only,151,4,45,55,-0.06612281637,0.9968263286,0,0,0
star_only,151,5,55,65,-0.1015349928,0.9926965714,0,0,0
co_independent_only,151,0,5,15,-0.06132783528,0.7770716789,0,0,0
co_independent_only,151,1,15,25,-0.03747482624,0.8923255771,0,0,0
co_independent_only,151,2,25,35,0.04164975918,0.931726178,0,0,0
co_independent_only,151,3,35,45,0.02581666442,0.9986816763,0,0,0
co_independent_only,151,4,45,55,-0.0396050692,0.9343224355,0,0,0
co_independent_only,151,5,55,65,-0.1004924775,0.9762370048,0,0,0
star_plus_co_independent,151,0,5,15,-0.06194604965,0.7584583133,0,0,0
star_plus_co_independent,151,1,15,25,-0.03562875873,0.8891105658,0,0,0
star_plus_co_independent,151,2,25,35,0.04153537214,0.9007206208,0,0,0
star_plus_co_independent,151,3,35,45,0.02186208278,0.9640855838,0,0,0
star_plus_co_independent,151,4,45,55,-0.06378233154,0.9968263286,0,0,0
star_plus_co_independent,151,5,55,65,-0.1027333906,0.9926965714,0,0,0
star_plus_co_correlated_control,151,0,5,15,-0.05954326854,0.7584583133,0,0,0
star_plus_co_correlated_control,151,1,15,25,-0.03284749216,0.8891105658,0,0,0
star_plus_co_correlated_control,151,2,25,35,0.03183301655,0.9007206208,0,0,0
star_plus_co_correlated_control,151,3,35,45,0.02045288093,0.9640855838,0,0,0
star_plus_co_correlated_control,151,4,45,55,-0.06482654544,0.9968263286,0,0,0
star_plus_co_correlated_control,151,5,55,65,-0.0991422094,0.9926965714,0,0,0
star_co_plus_hi_ctl01,151,0,5,15,-0.06200583518,0.7584583133,0,0,0
star_co_plus_hi_ctl01,151,1,15,25,-0.0358102643,0.8891105658,0,0,0
star_co_plus_hi_ctl01,151,2,25,35,0.04145844489,0.9007206208,0,0,0
star_co_plus_hi_ctl01,151,3,35,45,0.02115395806,0.9640855838,0,0,0
star_co_plus_hi_ctl01,151,4,45,55,-0.06422731425,0.9968263286,0,0,0
star_co_plus_hi_ctl01,151,5,55,65,-0.1032441564,0.9926965714,0,0,0
star_co_plus_hi_ctl10,151,0,5,15,-0.0621666723,0.7584583133,0,0,0
star_co_plus_hi_ctl10,151,1,15,25,-0.03629853691,0.8891105658,0,0,0
star_co_plus_hi_ctl10,151,2,25,35,0.04125141971,0.9007206208,0,0,0
star_co_plus_hi_ctl10,151,3,35,45,0.01924866872,0.9640855838,0,0,0
star_co_plus_hi_ctl10,151,4,45,55,-0.06542492696,0.9968263286,0,0,0
star_co_plus_hi_ctl10,151,5,55,65,-0.1049242943,0.9926965714,0,0,0
star_co_plus_hi_ctl49,151,0,5,15,-0.06244118084,0.7584583133,0,0,0
star_co_plus_hi_ctl49,151,1,15,25,-0.03713182809,0.8891105658,0,0,0
star_co_plus_hi_ctl49,151,2,25,35,0.04089783431,0.9007206208,0,0,0
star_co_plus_hi_ctl49,151,3,35,45,0.01599589057,0.9640855838,0,0,0
star_co_plus_hi_ctl49,151,4,45,55,-0.06722817,0.9968263286,0,0,0
star_co_plus_hi_ctl49,151,5,55,65,-0.1091674008,0.9926965714,0,0,0
star_only,152,0,5,15,-0.05845829875,0.8330966141,0,0,0
star_only,152,1,15,25,-0.03917216777,0.6179508835,0,0,0
star_only,152,2,25,35,0.03462652275,0.9129494914,0,0,0
star_only,152,3,35,45,0.03991316048,0.7028606467,0,0,0
star_only,152,4,45,55,-0.01064467632,0.5049008628,0,0,0
star_only,152,5,55,65,0.0725156828,0.8079342761,0,0,0
co_independent_only,152,0,5,15,-0.05980610127,0.7770716789,0,0,0
co_independent_only,152,1,15,25,-0.03245021317,0.8923255771,0,0,0
co_independent_only,152,2,25,35,0.03354849668,0.931726178,0,0,0
co_independent_only,152,3,35,45,0.02292007252,0.9986816763,0,0,0
co_independent_only,152,4,45,55,-0.03724948842,0.9343224355,0,0,0
co_independent_only,152,5,55,65,-0.09994122657,0.9762370048,0,0,0
star_plus_co_independent,152,0,5,15,-0.05825092543,0.8330966141,0,0,0
star_plus_co_independent,152,1,15,25,-0.03519346765,0.6179508835,0,0,0
star_plus_co_independent,152,2,25,35,0.03316136205,0.9129494914,0,0,0
star_plus_co_independent,152,3,35,45,0.04275897965,0.7028606467,0,0,0
star_plus_co_independent,152,4,45,55,-0.008163314371,0.5049008628,0,0,0
star_plus_co_independent,152,5,55,65,0.07662102945,0.8079342761,0,0,0
star_plus_co_correlated_control,152,0,5,15,-0.05558715141,0.8330966141,0,0,0
star_plus_co_correlated_control,152,1,15,25,-0.03474732539,0.6179508835,0,0,0
star_plus_co_correlated_control,152,2,25,35,0.02806201072,0.9129494914,0,0,0
star_plus_co_correlated_control,152,3,35,45,0.04104865393,0.7028606467,0,0,0
star_plus_co_correlated_control,152,4,45,55,-0.01146095549,0.5049008628,0,0,0
star_plus_co_correlated_control,152,5,55,65,0.06104477174,0.8079342761,0,0,0
star_co_plus_hi_ctl01,152,0,5,15,-0.05841706617,0.8330966141,0,0,0
star_co_plus_hi_ctl01,152,1,15,25,-0.0355498003,0.6179508835,0,0,0
star_co_plus_hi_ctl01,152,2,25,35,0.03287532837,0.9129494914,0,0,0
star_co_plus_hi_ctl01,152,3,35,45,0.04200486189,0.7028606467,0,0,0
star_co_plus_hi_ctl01,152,4,45,55,-0.008600705409,0.5049008628,0,0,0
star_co_plus_hi_ctl01,152,5,55,65,0.07693032392,0.8079342761,0,0,0
star_co_plus_hi_ctl10,152,0,5,15,-0.05886300348,0.8330966141,0,0,0
star_co_plus_hi_ctl10,152,1,15,25,-0.03650639705,0.6179508835,0,0,0
star_co_plus_hi_ctl10,152,2,25,35,0.03210790468,0.9129494914,0,0,0
star_co_plus_hi_ctl10,152,3,35,45,0.03997899229,0.7028606467,0,0,0
star_co_plus_hi_ctl10,152,4,45,55,-0.009775394961,0.5049008628,0,0,0
star_co_plus_hi_ctl10,152,5,55,65,0.07776077712,0.8079342761,0,0,0
star_co_plus_hi_ctl49,152,0,5,15,-0.05962068778,0.8330966141,0,0,0
star_co_plus_hi_ctl49,152,1,15,25,-0.03813229208,0.6179508835,0,0,0
star_co_plus_hi_ctl49,152,2,25,35,0.03080202079,0.9129494914,0,0,0
star_co_plus_hi_ctl49,152,3,35,45,0.03653100683,0.7028606467,0,0,0
star_co_plus_hi_ctl49,152,4,45,55,-0.01177360142,0.5049008628,0,0,0
star_co_plus_hi_ctl49,152,5,55,65,0.07787304917,0.8079342761,0,0,0
star_only,153,0,5,15,-0.05465531878,0.6133604946,0.1047239613,0,0
star_only,153,1,15,25,-0.03888774161,0.2558062668,0.1047239613,0,0
star_only,153,2,25,35,0.02782753369,0.4359772071,0.1047239613,0,0
star_only,153,3,35,45,0.02518370325,0.5502867057,0.1047239613,0,0
star_only,153,4,45,55,-0.1574384967,0.09527267761,0.1047239613,0,0
star_only,153,5,55,65,-0.110001717,0.7877765261,0.1047239613,0,0
co_independent_only,153,0,5,15,-0.05777580251,0.7770716789,0,0.005691519636,0
co_independent_only,153,1,15,25,-0.03629630749,0.8923255771,0,0.005691519636,0
co_independent_only,153,2,25,35,0.02672843903,0.931726178,0,0.005691519636,0
co_independent_only,153,3,35,45,0.02432905768,0.9986816763,0,0.005691519636,0
co_independent_only,153,4,45,55,-0.04507792244,0.9343224355,0,0.005691519636,0
co_independent_only,153,5,55,65,-0.09908532749,0.9762370048,0,0.005691519636,0
star_plus_co_independent,153,0,5,15,-0.0518660674,0.6133604946,0.1047239613,0.005691519636,0
star_plus_co_independent,153,1,15,25,-0.03940239212,0.2558062668,0.1047239613,0.005691519636,0
star_plus_co_independent,153,2,25,35,0.02102782741,0.4359772071,0.1047239613,0.005691519636,0
star_plus_co_independent,153,3,35,45,0.02457017571,0.5502867057,0.1047239613,0.005691519636,0
star_plus_co_independent,153,4,45,55,-0.1691808144,0.09527267761,0.1047239613,0.005691519636,0
star_plus_co_independent,153,5,55,65,-0.1098750555,0.7877765261,0.1047239613,0.005691519636,0
star_plus_co_correlated_control,153,0,5,15,-0.0536633955,0.6133604946,0.1047239613,0,0
star_plus_co_correlated_control,153,1,15,25,-0.03728715559,0.2558062668,0.1047239613,0,0
star_plus_co_correlated_control,153,2,25,35,0.02555983717,0.4359772071,0.1047239613,0,0
star_plus_co_correlated_control,153,3,35,45,0.0237988276,0.5502867057,0.1047239613,0,0
star_plus_co_correlated_control,153,4,45,55,-0.1546226758,0.09527267761,0.1047239613,0,0
star_plus_co_correlated_control,153,5,55,65,-0.1075996148,0.7877765261,0.1047239613,0,0
star_co_plus_hi_ctl01,153,0,5,15,-0.05181954965,0.6133604946,0.1047239613,0.005691519636,0
star_co_plus_hi_ctl01,153,1,15,25,-0.0392401577,0.2558062668,0.1047239613,0.005691519636,0
star_co_plus_hi_ctl01,153,2,25,35,0.02104330197,0.4359772071,0.1047239613,0.005691519636,0
star_co_plus_hi_ctl01,153,3,35,45,0.02445126099,0.5502867057,0.1047239613,0.005691519636,0
star_co_plus_hi_ctl01,153,4,45,55,-0.1693808212,0.09527267761,0.1047239613,0.005691519636,0
star_co_plus_hi_ctl01,153,5,55,65,-0.1117203402,0.7877765261,0.1047239613,0.005691519636,0
star_co_plus_hi_ctl10,153,0,5,15,-0.05169453782,0.6133604946,0.1047239613,0.005691519636,0
star_co_plus_hi_ctl10,153,1,15,25,-0.03880434885,0.2558062668,0.1047239613,0.005691519636,0
star_co_plus_hi_ctl10,153,2,25,35,0.02108415492,0.4359772071,0.1047239613,0.005691519636,0
star_co_plus_hi_ctl10,153,3,35,45,0.02457149182,0.5502867057,0.1047239613,0.005691519636,0
star_co_plus_hi_ctl10,153,4,45,55,-0.1699679582,0.09527267761,0.1047239613,0.005691519636,0
star_co_plus_hi_ctl10,153,5,55,65,-0.1166785123,0.7877765261,0.1047239613,0.005691519636,0
star_co_plus_hi_ctl49,153,0,5,15,-0.05148161697,0.6133604946,0.1047239613,0.005691519636,0
star_co_plus_hi_ctl49,153,1,15,25,-0.03806268014,0.2558062668,0.1047239613,0.005691519636,0
star_co_plus_hi_ctl49,153,2,25,35,0.02115128405,0.4359772071,0.1047239613,0.005691519636,0
star_co_plus_hi_ctl49,153,3,35,45,0.02498612177,0.5502867057,0.1047239613,0.005691519636,0
star_co_plus_hi_ctl49,153,4,45,55,-0.1707183975,0.09527267761,0.1047239613,0.005691519636,0
star_co_plus_hi_ctl49,153,5,55,65,-0.1238556406,0.7877765261,0.1047239613,0.005691519636,0
star_only,154,0,5,15,-0.05987999778,0.8066925692,0,0,0
star_only,154,1,15,25,-0.03733186426,0.9433805235,0,0,0
star_only,154,2,25,35,0.03471792393,0.9761544161,0,0,0
star_only,154,3,35,45,0.01779321344,0.9991811903,0,0,0
star_only,154,4,45,55,-0.08007779036,0.9758618702,0,0,0
star_only,154,5,55,65,-0.159096358,0.9471874274,0,0,0
co_independent_only,154,0,5,15,-0.06355068689,0.7770716789,0,0.004553215709,0
co_independent_only,154,1,15,25,-0.03592627005,0.8923255771,0,0.004553215709,0
co_independent_only,154,2,25,35,0.03930751906,0.931726178,0,0.004553215709,0
co_independent_only,154,3,35,45,0.02579906171,0.9986816763,0,0.004553215709,0
co_independent_only,154,4,45,55,-0.0447333877,0.9343224355,0,0.004553215709,0
co_independent_only,154,5,55,65,-0.105386103,0.9762370048,0,0.004553215709,0
star_plus_co_independent,154,0,5,15,-0.06313345074,0.8066925692,0,0.004553215709,0
star_plus_co_independent,154,1,15,25,-0.03747270822,0.9433805235,0,0.004553215709,0
star_plus_co_independent,154,2,25,35,0.03930850209,0.9761544161,0,0.004553215709,0
star_plus_co_independent,154,3,35,45,0.01939835116,0.9991811903,0,0.004553215709,0
star_plus_co_independent,154,4,45,55,-0.08558375791,0.9758618702,0,0.004553215709,0
star_plus_co_independent,154,5,55,65,-0.1646462529,0.9471874274,0,0.004553215709,0
star_plus_co_correlated_control,154,0,5,15,-0.05919324155,0.8066925692,0,0,0
star_plus_co_correlated_control,154,1,15,25,-0.03635504335,0.9433805235,0,0,0
star_plus_co_correlated_control,154,2,25,35,0.03318745694,0.9761544161,0,0,0
star_plus_co_correlated_control,154,3,35,45,0.0184954275,0.9991811903,0,0,0
star_plus_co_correlated_control,154,4,45,55,-0.07922855519,0.9758618702,0,0,0
star_plus_co_correlated_control,154,5,55,65,-0.1562483366,0.9471874274,0,0,0
star_co_plus_hi_ctl01,154,0,5,15,-0.06344988907,0.8066925692,0,0.004553215709,0
star_co_plus_hi_ctl01,154,1,15,25,-0.03776860135,0.9433805235,0,0.004553215709,0
star_co_plus_hi_ctl01,154,2,25,35,0.0400312423,0.9761544161,0,0.004553215709,0
star_co_plus_hi_ctl01,154,3,35,45,0.01940334981,0.9991811903,0,0.004553215709,0
star_co_plus_hi_ctl01,154,4,45,55,-0.08486175725,0.9758618702,0,0.004553215709,0
star_co_plus_hi_ctl01,154,5,55,65,-0.1625217698,0.9471874274,0,0.004553215709,0
star_co_plus_hi_ctl10,154,0,5,15,-0.06430266922,0.8066925692,0,0.004553215709,0
star_co_plus_hi_ctl10,154,1,15,25,-0.03856595742,0.9433805235,0,0.004553215709,0
star_co_plus_hi_ctl10,154,2,25,35,0.04197738709,0.9761544161,0,0.004553215709,0
star_co_plus_hi_ctl10,154,3,35,45,0.01941849175,0.9991811903,0,0.004553215709,0
star_co_plus_hi_ctl10,154,4,45,55,-0.08292346883,0.9758618702,0,0.004553215709,0
star_co_plus_hi_ctl10,154,5,55,65,-0.1568202067,0.9471874274,0,0.004553215709,0
star_co_plus_hi_ctl49,154,0,5,15,-0.06576317789,0.8066925692,0,0.004553215709,0
star_co_plus_hi_ctl49,154,1,15,25,-0.03993135445,0.9433805235,0,0.004553215709,0
star_co_plus_hi_ctl49,154,2,25,35,0.04537610731,0.9761544161,0,0.004553215709,0
star_co_plus_hi_ctl49,154,3,35,45,0.01945003568,0.9991811903,0,0.004553215709,0
star_co_plus_hi_ctl49,154,4,45,55,-0.07962890366,0.9758618702,0,0.004553215709,0
star_co_plus_hi_ctl49,154,5,55,65,-0.1503691649,0.9471874274,0,0.004553215709,0
star_only,155,0,5,15,-0.06111399477,0.7320188129,0.02845759818,0,0
star_only,155,1,15,25,-0.03258330924,0.8142249924,0.02845759818,0,0
star_only,155,2,25,35,0.03472230987,0.8613882223,0.02845759818,0,0
star_only,155,3,35,45,0.01383356614,0.959153598,0.02845759818,0,0
star_only,155,4,45,55,-0.05822982259,0.9987120552,0.02845759818,0,0
star_only,155,5,55,65,-0.1090532538,0.9853335226,0.02845759818,0,0
co_independent_only,155,0,5,15,-0.05910983499,0.7770716789,0,0.001707455891,0
co_independent_only,155,1,15,25,-0.03688050327,0.8923255771,0,0.001707455891,0
co_independent_only,155,2,25,35,0.03193513595,0.931726178,0,0.001707455891,0
co_independent_only,155,3,35,45,0.02377098343,0.9986816763,0,0.001707455891,0
co_independent_only,155,4,45,55,-0.04339378679,0.9343224355,0,0.001707455891,0
co_independent_only,155,5,55,65,-0.1011070529,0.9762370048,0,0.001707455891,0
star_plus_co_independent,155,0,5,15,-0.05997027139,0.7320188129,0.02845759818,0.001707455891,0
star_plus_co_independent,155,1,15,25,-0.03354091048,0.8142249924,0.02845759818,0.001707455891,0
star_plus_co_independent,155,2,25,35,0.03194537443,0.8613882223,0.02845759818,0.001707455891,0
star_plus_co_independent,155,3,35,45,0.01434891963,0.959153598,0.02845759818,0.001707455891,0
star_plus_co_independent,155,4,45,55,-0.06108713442,0.9987120552,0.02845759818,0.001707455891,0
star_plus_co_independent,155,5,55,65,-0.1106515828,0.9853335226,0.02845759818,0.001707455891,0
star_plus_co_correlated_control,155,0,5,15,-0.06615040585,0.7320188129,0.02845759818,0.1986340353,0
star_plus_co_correlated_control,155,1,15,25,-0.037305086,0.8142249924,0.02845759818,0.1986340353,0
star_plus_co_correlated_control,155,2,25,35,0.04360244877,0.8613882223,0.02845759818,0.1986340353,0
star_plus_co_correlated_control,155,3,35,45,0.00822284584,0.959153598,0.02845759818,0.1986340353,0
star_plus_co_correlated_control,155,4,45,55,-0.06124781209,0.9987120552,0.02845759818,0.1986340353,0
star_plus_co_correlated_control,155,5,55,65,-0.1221549319,0.9853335226,0.02845759818,0.1986340353,0
star_co_plus_hi_ctl01,155,0,5,15,-0.0599463184,0.7320188129,0.02845759818,0.001707455891,0
star_co_plus_hi_ctl01,155,1,15,25,-0.03391490927,0.8142249924,0.02845759818,0.001707455891,0
star_co_plus_hi_ctl01,155,2,25,35,0.03171139331,0.8613882223,0.02845759818,0.001707455891,0
star_co_plus_hi_ctl01,155,3,35,45,0.01360078629,0.959153598,0.02845759818,0.001707455891,0
star_co_plus_hi_ctl01,155,4,45,55,-0.06168478009,0.9987120552,0.02845759818,0.001707455891,0
star_co_plus_hi_ctl01,155,5,55,65,-0.1123207413,0.9853335226,0.02845759818,0.001707455891,0
star_co_plus_hi_ctl10,155,0,5,15,-0.05988152483,0.7320188129,0.02845759818,0.001707455891,0
star_co_plus_hi_ctl10,155,1,15,25,-0.03458996768,0.8142249924,0.02845759818,0.001707455891,0
star_co_plus_hi_ctl10,155,2,25,35,0.03080841129,0.8613882223,0.02845759818,0.001707455891,0
star_co_plus_hi_ctl10,155,3,35,45,0.01158515238,0.959153598,0.02845759818,0.001707455891,0
star_co_plus_hi_ctl10,155,4,45,55,-0.06329013613,0.9987120552,0.02845759818,0.001707455891,0
star_co_plus_hi_ctl10,155,5,55,65,-0.116981371,0.9853335226,0.02845759818,0.001707455891,0
star_co_plus_hi_ctl49,155,0,5,15,-0.05976973371,0.7320188129,0.02845759818,0.001707455891,0
star_co_plus_hi_ctl49,155,1,15,25,-0.03564037197,0.8142249924,0.02845759818,0.001707455891,0
star_co_plus_hi_ctl49,155,2,25,35,0.0279069274,0.8613882223,0.02845759818,0.001707455891,0
star_co_plus_hi_ctl49,155,3,35,45,0.007530777313,0.959153598,0.02845759818,0.001707455891,0
star_co_plus_hi_ctl49,155,4,45,55,-0.06697351808,0.9987120552,0.02845759818,0.001707455891,0
star_co_plus_hi_ctl49,155,5,55,65,-0.1270635367,0.9853335226,0.02845759818,0.001707455891,0
star_only,156,0,5,15,-0.06078625114,0.7844327324,0.02105862265,0,0
star_only,156,1,15,25,-0.03611578964,0.9343665063,0.02105862265,0,0
star_only,156,2,25,35,0.03451398871,0.9432105203,0.02105862265,0,0
star_only,156,3,35,45,0.02039465895,0.995886706,0.02105862265,0,0
star_only,156,4,45,55,-0.04277068087,0.9122966935,0.02105862265,0,0
star_only,156,5,55,65,-0.119147517,0.9322085972,0.02105862265,0,0
co_independent_only,156,0,5,15,-0.06409523567,0.7770716789,0,0.00796812749,0
co_independent_only,156,1,15,25,-0.03672199891,0.8923255771,0,0.00796812749,0
co_independent_only,156,2,25,35,0.04165724641,0.931726178,0,0.00796812749,0
co_independent_only,156,3,35,45,0.03242813457,0.9986816763,0,0.00796812749,0
co_independent_only,156,4,45,55,-0.02850680671,0.9343224355,0,0.00796812749,0
co_independent_only,156,5,55,65,-0.08846524026,0.9762370048,0,0.00796812749,0
star_plus_co_independent,156,0,5,15,-0.06462734591,0.7844327324,0.02105862265,0.00796812749,0
star_plus_co_independent,156,1,15,25,-0.03669480284,0.9343665063,0.02105862265,0.00796812749,0
star_plus_co_independent,156,2,25,35,0.04128832761,0.9432105203,0.02105862265,0.00796812749,0
star_plus_co_independent,156,3,35,45,0.02841409558,0.995886706,0.02105862265,0.00796812749,0
star_plus_co_independent,156,4,45,55,-0.03122986583,0.9122966935,0.02105862265,0.00796812749,0
star_plus_co_independent,156,5,55,65,-0.1080932094,0.9322085972,0.02105862265,0.00796812749,0
star_plus_co_correlated_control,156,0,5,15,-0.05869492859,0.7844327324,0.02105862265,0,0
star_plus_co_correlated_control,156,1,15,25,-0.03326948,0.9343665063,0.02105862265,0,0
star_plus_co_correlated_control,156,2,25,35,0.02990635224,0.9432105203,0.02105862265,0,0
star_plus_co_correlated_control,156,3,35,45,0.02237623097,0.995886706,0.02105862265,0,0
star_plus_co_correlated_control,156,4,45,55,-0.04169167887,0.9122966935,0.02105862265,0,0
star_plus_co_correlated_control,156,5,55,65,-0.1145366597,0.9322085972,0.02105862265,0,0
star_co_plus_hi_ctl01,156,0,5,15,-0.06440896764,0.7844327324,0.02105862265,0.00796812749,0
star_co_plus_hi_ctl01,156,1,15,25,-0.03652576691,0.9343665063,0.02105862265,0.00796812749,0
star_co_plus_hi_ctl01,156,2,25,35,0.04131525634,0.9432105203,0.02105862265,0.00796812749,0
star_co_plus_hi_ctl01,156,3,35,45,0.02868643821,0.995886706,0.02105862265,0.00796812749,0
star_co_plus_hi_ctl01,156,4,45,55,-0.03073327915,0.9122966935,0.02105862265,0.00796812749,0
star_co_plus_hi_ctl01,156,5,55,65,-0.1080686949,0.9322085972,0.02105862265,0.00796812749,0
star_co_plus_hi_ctl10,156,0,5,15,-0.0638215459,0.7844327324,0.02105862265,0.00796812749,0
star_co_plus_hi_ctl10,156,1,15,25,-0.03607057714,0.9343665063,0.02105862265,0.00796812749,0
star_co_plus_hi_ctl10,156,2,25,35,0.04138761799,0.9432105203,0.02105862265,0.00796812749,0
star_co_plus_hi_ctl10,156,3,35,45,0.02964647735,0.995886706,0.02105862265,0.00796812749,0
star_co_plus_hi_ctl10,156,4,45,55,-0.02940130723,0.9122966935,0.02105862265,0.00796812749,0
star_co_plus_hi_ctl10,156,5,55,65,-0.1080057141,0.9322085972,0.02105862265,0.00796812749,0
star_co_plus_hi_ctl49,156,0,5,15,-0.06281918974,0.7844327324,0.02105862265,0.00796812749,0
star_co_plus_hi_ctl49,156,1,15,25,-0.03529218722,0.9343665063,0.02105862265,0.00796812749,0
star_co_plus_hi_ctl49,156,2,25,35,0.04151084241,0.9432105203,0.02105862265,0.00796812749,0
star_co_plus_hi_ctl49,156,3,35,45,0.03104454307,0.995886706,0.02105862265,0.00796812749,0
star_co_plus_hi_ctl49,156,4,45,55,-0.02724786245,0.9122966935,0.02105862265,0.00796812749,0
star_co_plus_hi_ctl49,156,5,55,65,-0.1079081072,0.9322085972,0.02105862265,0.00796812749,0
star_only,157,0,5,15,-0.06062243124,0.8241471338,0,0,0
star_only,157,1,15,25,-0.03973873635,0.9747921773,0,0,0
star_only,157,2,25,35,0.03285988363,0.9998522397,0,0,0
star_only,157,3,35,45,0.030245301,0.9333296209,0,0,0
star_only,157,4,45,55,-0.04655660919,0.8649026565,0,0,0
star_only,157,5,55,65,-0.04923532187,0.9380097457,0,0,0
co_independent_only,157,0,5,15,-0.06201008463,0.7770716789,0,0.002845759818,0
co_independent_only,157,1,15,25,-0.0389941664,0.8923255771,0,0.002845759818,0
co_independent_only,157,2,25,35,0.03472848853,0.931726178,0,0.002845759818,0
co_independent_only,157,3,35,45,0.02285190709,0.9986816763,0,0.002845759818,0
co_independent_only,157,4,45,55,-0.04311290994,0.9343224355,0,0.002845759818,0
co_independent_only,157,5,55,65,-0.1030717811,0.9762370048,0,0.002845759818,0
star_plus_co_independent,157,0,5,15,-0.06239545201,0.8241471338,0,0.002845759818,0
star_plus_co_independent,157,1,15,25,-0.04316295454,0.9747921773,0,0.002845759818,0
star_plus_co_independent,157,2,25,35,0.03174212345,0.9998522397,0,0.002845759818,0
star_plus_co_independent,157,3,35,45,0.02829876206,0.9333296209,0,0.002845759818,0
star_plus_co_independent,157,4,45,55,-0.04965904203,0.8649026565,0,0.002845759818,0
star_plus_co_independent,157,5,55,65,-0.05175344296,0.9380097457,0,0.002845759818,0
star_plus_co_correlated_control,157,0,5,15,-0.05508661732,0.8241471338,0,0,0
star_plus_co_correlated_control,157,1,15,25,-0.03151935998,0.9747921773,0,0,0
star_plus_co_correlated_control,157,2,25,35,0.02251797938,0.9998522397,0,0,0
star_plus_co_correlated_control,157,3,35,45,0.03290375227,0.9333296209,0,0,0
star_plus_co_correlated_control,157,4,45,55,-0.04521232853,0.8649026565,0,0,0
star_plus_co_correlated_control,157,5,55,65,-0.04791295732,0.9380097457,0,0,0
star_co_plus_hi_ctl01,157,0,5,15,-0.06263346354,0.8241471338,0,0.002845759818,0
star_co_plus_hi_ctl01,157,1,15,25,-0.04314992666,0.9747921773,0,0.002845759818,0
star_co_plus_hi_ctl01,157,2,25,35,0.03257688118,0.9998522397,0,0.002845759818,0
star_co_plus_hi_ctl01,157,3,35,45,0.02855048446,0.9333296209,0,0.002845759818,0
star_co_plus_hi_ctl01,157,4,45,55,-0.04883368156,0.8649026565,0,0.002845759818,0
star_co_plus_hi_ctl01,157,5,55,65,-0.05020167789,0.9380097457,0,0.002845759818,0
star_co_plus_hi_ctl10,157,0,5,15,-0.06327452431,0.8241471338,0,0.002845759818,0
star_co_plus_hi_ctl10,157,1,15,25,-0.04311493676,0.9747921773,0,0.002845759818,0
star_co_plus_hi_ctl10,157,2,25,35,0.03482267545,0.9998522397,0,0.002845759818,0
star_co_plus_hi_ctl10,157,3,35,45,0.02922772195,0.9333296209,0,0.002845759818,0
star_co_plus_hi_ctl10,157,4,45,55,-0.04661606521,0.8649026565,0,0.002845759818,0
star_co_plus_hi_ctl10,157,5,55,65,-0.0460161122,0.9380097457,0,0.002845759818,0
star_co_plus_hi_ctl49,157,0,5,15,-0.06437120098,0.8241471338,0,0.002845759818,0
star_co_plus_hi_ctl49,157,1,15,25,-0.04305541389,0.9747921773,0,0.002845759818,0
star_co_plus_hi_ctl49,157,2,25,35,0.03865604866,0.9998522397,0,0.002845759818,0
star_co_plus_hi_ctl49,157,3,35,45,0.03017701206,0.9333296209,0,0.002845759818,0
star_co_plus_hi_ctl49,157,4,45,55,-0.04297687115,0.8649026565,0,0.002845759818,0
star_co_plus_hi_ctl49,157,5,55,65,-0.04137157123,0.9380097457,0,0.002845759818,0
star_only,158,0,5,15,-0.05788183102,0.8428234481,0,0,0
star_only,158,1,15,25,-0.04323666777,0.7675919295,0,0,0
star_only,158,2,25,35,0.03458733898,0.9961083663,0,0,0
star_only,158,3,35,45,0.03629966593,0.7955654584,0,0,0
star_only,158,4,45,55,-0.03133575623,0.9344845626,0,0,0
star_only,158,5,55,65,-0.1160502979,0.9437005866,0,0,0
co_independent_only,158,0,5,15,-0.06059819446,0.7770716789,0,0,0
co_independent_only,158,1,15,25,-0.03361014023,0.8923255771,0,0,0
co_independent_only,158,2,25,35,0.03610299164,0.931726178,0,0,0
co_independent_only,158,3,35,45,0.032777009,0.9986816763,0,0,0
co_independent_only,158,4,45,55,-0.03387780771,0.9343224355,0,0,0
co_independent_only,158,5,55,65,-0.09394785022,0.9762370048,0,0,0
star_plus_co_independent,158,0,5,15,-0.05830741886,0.8428234481,0,0,0
star_plus_co_independent,158,1,15,25,-0.04096745572,0.7675919295,0,0,0
star_plus_co_independent,158,2,25,35,0.03577978642,0.9961083663,0,0,0
star_plus_co_independent,158,3,35,45,0.04363878682,0.7955654584,0,0,0
star_plus_co_independent,158,4,45,55,-0.02524517744,0.9344845626,0,0,0
star_plus_co_independent,158,5,55,65,-0.1103342477,0.9437005866,0,0,0
star_plus_co_correlated_control,158,0,5,15,-0.05857022093,0.8428234481,0,0.02105862265,0
star_plus_co_correlated_control,158,1,15,25,-0.04420495097,0.7675919295,0,0.02105862265,0
star_plus_co_correlated_control,158,2,25,35,0.03615545478,0.9961083663,0,0.02105862265,0
star_plus_co_correlated_control,158,3,35,45,0.03590649025,0.7955654584,0,0.02105862265,0
star_plus_co_correlated_control,158,4,45,55,-0.03163658196,0.9344845626,0,0.02105862265,0
star_plus_co_correlated_control,158,5,55,65,-0.1180588934,0.9437005866,0,0.02105862265,0
star_co_plus_hi_ctl01,158,0,5,15,-0.05815362049,0.8428234481,0,0,0
star_co_plus_hi_ctl01,158,1,15,25,-0.04022309246,0.7675919295,0,0,0
star_co_plus_hi_ctl01,158,2,25,35,0.03549285626,0.9961083663,0,0,0
star_co_plus_hi_ctl01,158,3,35,45,0.0437139593,0.7955654584,0,0,0
star_co_plus_hi_ctl01,158,4,45,55,-0.02634144168,0.9344845626,0,0,0
star_co_plus_hi_ctl01,158,5,55,65,-0.1109129777,0.9437005866,0,0,0
star_co_plus_hi_ctl10,158,0,5,15,-0.05773899316,0.8428234481,0,0,0
star_co_plus_hi_ctl10,158,1,15,25,-0.03821918672,0.7675919295,0,0,0
star_co_plus_hi_ctl10,158,2,25,35,0.0347197172,0.9961083663,0,0,0
star_co_plus_hi_ctl10,158,3,35,45,0.04391632695,0.7955654584,0,0,0
star_co_plus_hi_ctl10,158,4,45,55,-0.02887147678,0.9344845626,0,0,0
star_co_plus_hi_ctl10,158,5,55,65,-0.1122943317,0.9437005866,0,0,0
star_co_plus_hi_ctl49,158,0,5,15,-0.05702836976,0.8428234481,0,0,0
star_co_plus_hi_ctl49,158,1,15,25,-0.03479430333,0.7675919295,0,0,0
star_co_plus_hi_ctl49,158,2,25,35,0.03339600571,0.9961083663,0,0,0
star_co_plus_hi_ctl49,158,3,35,45,0.04384659216,0.7955654584,0,0,0
star_co_plus_hi_ctl49,158,4,45,55,-0.03291065345,0.9344845626,0,0,0
star_co_plus_hi_ctl49,158,5,55,65,-0.1133060841,0.9437005866,0,0,0
star_only,159,0,5,15,-0.05860773396,0.7580214179,0.009675583381,0,0
star_only,159,1,15,25,-0.03802053222,0.7132076046,0.009675583381,0,0
star_only,159,2,25,35,0.03431974452,0.8229909137,0.009675583381,0,0
star_only,159,3,35,45,0.0177631044,0.9561581274,0.009675583381,0,0
star_only,159,4,45,55,-0.09169130747,0.9821382689,0.009675583381,0,0
star_only,159,5,55,65,-0.1817141133,0.9919349252,0.009675583381,0,0
co_independent_only,159,0,5,15,-0.06218204562,0.7770716789,0,0,0
co_independent_only,159,1,15,25,-0.03511626029,0.8923255771,0,0,0
co_independent_only,159,2,25,35,0.03608141318,0.931726178,0,0,0
co_independent_only,159,3,35,45,0.02853564242,0.9986816763,0,0,0
co_independent_only,159,4,45,55,-0.03392430312,0.9343224355,0,0,0
co_independent_only,159,5,55,65,-0.0928873789,0.9762370048,0,0,0
star_plus_co_independent,159,0,5,15,-0.06057391385,0.7580214179,0.009675583381,0,0
star_plus_co_independent,159,1,15,25,-0.03717020975,0.7132076046,0.009675583381,0,0
star_plus_co_independent,159,2,25,35,0.0353704227,0.8229909137,0.009675583381,0,0
star_plus_co_independent,159,3,35,45,0.02077391946,0.9561581274,0.009675583381,0,0
star_plus_co_independent,159,4,45,55,-0.08666016726,0.9821382689,0.009675583381,0,0
star_plus_co_independent,159,5,55,65,-0.1788686874,0.9919349252,0.009675583381,0,0
star_plus_co_correlated_control,159,0,5,15,-0.06100720869,0.7580214179,0.009675583381,0.07057484348,0
star_plus_co_correlated_control,159,1,15,25,-0.04084694829,0.7132076046,0.009675583381,0.07057484348,0
star_plus_co_correlated_control,159,2,25,35,0.03903179703,0.8229909137,0.009675583381,0.07057484348,0
star_plus_co_correlated_control,159,3,35,45,0.01538497494,0.9561581274,0.009675583381,0.07057484348,0
star_plus_co_correlated_control,159,4,45,55,-0.09540501276,0.9821382689,0.009675583381,0.07057484348,0
star_plus_co_correlated_control,159,5,55,65,-0.1951955144,0.9919349252,0.009675583381,0.07057484348,0
star_co_plus_hi_ctl01,159,0,5,15,-0.06062429362,0.7580214179,0.009675583381,0,0
star_co_plus_hi_ctl01,159,1,15,25,-0.03716136178,0.7132076046,0.009675583381,0,0
star_co_plus_hi_ctl01,159,2,25,35,0.03598539035,0.8229909137,0.009675583381,0,0
star_co_plus_hi_ctl01,159,3,35,45,0.02015729255,0.9561581274,0.009675583381,0,0
star_co_plus_hi_ctl01,159,4,45,55,-0.08711748368,0.9821382689,0.009675583381,0,0
star_co_plus_hi_ctl01,159,5,55,65,-0.1786748856,0.9919349252,0.009675583381,0,0
star_co_plus_hi_ctl10,159,0,5,15,-0.06075984999,0.7580214179,0.009675583381,0,0
star_co_plus_hi_ctl10,159,1,15,25,-0.03713765363,0.7132076046,0.009675583381,0,0
star_co_plus_hi_ctl10,159,2,25,35,0.03763660523,0.8229909137,0.009675583381,0,0
star_co_plus_hi_ctl10,159,3,35,45,0.01874660403,0.9561581274,0.009675583381,0,0
star_co_plus_hi_ctl10,159,4,45,55,-0.0883479568,0.9821382689,0.009675583381,0,0
star_co_plus_hi_ctl10,159,5,55,65,-0.1796488384,0.9919349252,0.009675583381,0,0
star_co_plus_hi_ctl49,159,0,5,15,-0.06099128794,0.7580214179,0.009675583381,0,0
star_co_plus_hi_ctl49,159,1,15,25,-0.03709750911,0.7132076046,0.009675583381,0,0
star_co_plus_hi_ctl49,159,2,25,35,0.04044411939,0.8229909137,0.009675583381,0,0
star_co_plus_hi_ctl49,159,3,35,45,0.01677962077,0.9561581274,0.009675583381,0,0
star_co_plus_hi_ctl49,159,4,45,55,-0.09044870286,0.9821382689,0.009675583381,0,0
star_co_plus_hi_ctl49,159,5,55,65,-0.1791516575,0.9919349252,0.009675583381,0,0
star_only,160,0,5,15,-0.05996177355,0.8063850582,0,0,0
star_only,160,1,15,25,-0.03978966188,0.9280340575,0,0,0
star_only,160,2,25,35,0.03459374691,0.9367990368,0,0,0
star_only,160,3,35,45,0.02653840533,0.9801876329,0,0,0
star_only,160,4,45,55,-0.06319912972,0.8408259869,0,0,0
star_only,160,5,55,65,-0.1246592856,0.8684197953,0,0,0
co_independent_only,160,0,5,15,-0.0553188003,0.7770716789,0,0.002845759818,0
co_independent_only,160,1,15,25,-0.02903695588,0.8923255771,0,0.002845759818,0
co_independent_only,160,2,25,35,0.02150040907,0.931726178,0,0.002845759818,0
co_independent_only,160,3,35,45,0.02391078849,0.9986816763,0,0.002845759818,0
co_independent_only,160,4,45,55,-0.04914094324,0.9343224355,0,0.002845759818,0
co_independent_only,160,5,55,65,-0.09716150985,0.9762370048,0,0.002845759818,0
star_plus_co_independent,160,0,5,15,-0.05501713789,0.8063850582,0,0.002845759818,0
star_plus_co_independent,160,1,15,25,-0.03161379274,0.9280340575,0,0.002845759818,0
star_plus_co_independent,160,2,25,35,0.02169680277,0.9367990368,0,0.002845759818,0
star_plus_co_independent,160,3,35,45,0.02638103798,0.9801876329,0,0.002845759818,0
star_plus_co_independent,160,4,45,55,-0.07412017231,0.8408259869,0,0.002845759818,0
star_plus_co_independent,160,5,55,65,-0.1231948177,0.8684197953,0,0.002845759818,0
star_plus_co_correlated_control,160,0,5,15,-0.05995122406,0.8063850582,0,0,0
star_plus_co_correlated_control,160,1,15,25,-0.03977690369,0.9280340575,0,0,0
star_plus_co_correlated_control,160,2,25,35,0.0345708709,0.9367990368,0,0,0
star_plus_co_correlated_control,160,3,35,45,0.02654726795,0.9801876329,0,0,0
star_plus_co_correlated_control,160,4,45,55,-0.0631890238,0.8408259869,0,0,0
star_plus_co_correlated_control,160,5,55,65,-0.1246271341,0.8684197953,0,0,0
star_co_plus_hi_ctl01,160,0,5,15,-0.05512080154,0.8063850582,0,0.002845759818,0
star_co_plus_hi_ctl01,160,1,15,25,-0.03167485263,0.9280340575,0,0.002845759818,0
star_co_plus_hi_ctl01,160,2,25,35,0.02184668807,0.9367990368,0,0.002845759818,0
star_co_plus_hi_ctl01,160,3,35,45,0.02647976959,0.9801876329,0,0.002845759818,0
star_co_plus_hi_ctl01,160,4,45,55,-0.07346494966,0.8408259869,0,0.002845759818,0
star_co_plus_hi_ctl01,160,5,55,65,-0.1233888037,0.8684197953,0,0.002845759818,0
star_co_plus_hi_ctl10,160,0,5,15,-0.05539998686,0.8063850582,0,0.002845759818,0
star_co_plus_hi_ctl10,160,1,15,25,-0.03183929689,0.9280340575,0,0.002845759818,0
star_co_plus_hi_ctl10,160,2,25,35,0.02225051525,0.9367990368,0,0.002845759818,0
star_co_plus_hi_ctl10,160,3,35,45,0.02674585031,0.9801876329,0,0.002845759818,0
star_co_plus_hi_ctl10,160,4,45,55,-0.07100191846,0.8408259869,0,0.002845759818,0
star_co_plus_hi_ctl10,160,5,55,65,-0.1239104957,0.8684197953,0,0.002845759818,0
star_co_plus_hi_ctl49,160,0,5,15,-0.05587751824,0.8063850582,0,0.002845759818,0
star_co_plus_hi_ctl49,160,1,15,25,-0.03212056561,0.9280340575,0,0.002845759818,0
star_co_plus_hi_ctl49,160,2,25,35,0.02294177871,0.9367990368,0,0.002845759818,0
star_co_plus_hi_ctl49,160,3,35,45,0.02670437489,0.9801876329,0,0.002845759818,0
star_co_plus_hi_ctl49,160,4,45,55,-0.06753040632,0.8408259869,0,0.002845759818,0
star_co_plus_hi_ctl49,160,5,55,65,-0.1248003163,0.8684197953,0,0.002845759818,0
star_only,161,0,5,15,-0.06078220009,0.7171087091,0,0,0
star_only,161,1,15,25,-0.03420004219,0.7108501849,0,0,0
star_only,161,2,25,35,0.03380266172,0.8092269911,0,0,0
star_only,161,3,35,45,0.02106953895,0.8176618835,0,0,0
star_only,161,4,45,55,-0.01594198139,0.9994532217,0,0,0
star_only,161,5,55,65,-0.03883313908,0.9231305651,0,0,0
co_independent_only,161,0,5,15,-0.06008409313,0.7770716789,0,0.001707455891,0
co_independent_only,161,1,15,25,-0.03649740723,0.8923255771,0,0.001707455891,0
co_independent_only,161,2,25,35,0.03600677042,0.931726178,0,0.001707455891,0
co_independent_only,161,3,35,45,0.02435390592,0.9986816763,0,0.001707455891,0
co_independent_only,161,4,45,55,-0.03987458726,0.9343224355,0,0.001707455891,0
co_independent_only,161,5,55,65,-0.1012445758,0.9762370048,0,0.001707455891,0
star_plus_co_independent,161,0,5,15,-0.06058992867,0.7171087091,0,0.001707455891,0
star_plus_co_independent,161,1,15,25,-0.03452444188,0.7108501849,0,0.001707455891,0
star_plus_co_independent,161,2,25,35,0.03470559367,0.8092269911,0,0.001707455891,0
star_plus_co_independent,161,3,35,45,0.02064119069,0.8176618835,0,0.001707455891,0
star_plus_co_independent,161,4,45,55,-0.01521568654,0.9994532217,0,0.001707455891,0
star_plus_co_independent,161,5,55,65,-0.04074325845,0.9231305651,0,0.001707455891,0
star_plus_co_correlated_control,161,0,5,15,-0.06454483518,0.7171087091,0,0.1121229368,0
star_plus_co_correlated_control,161,1,15,25,-0.0379577165,0.7108501849,0,0.1121229368,0
star_plus_co_correlated_control,161,2,25,35,0.04083813621,0.8092269911,0,0.1121229368,0
star_plus_co_correlated_control,161,3,35,45,0.01792009858,0.8176618835,0,0.1121229368,0
star_plus_co_correlated_control,161,4,45,55,-0.01659122181,0.9994532217,0,0.1121229368,0
star_plus_co_correlated_control,161,5,55,65,-0.04028543414,0.9231305651,0,0.1121229368,0
star_co_plus_hi_ctl01,161,0,5,15,-0.06035751983,0.7171087091,0,0.001707455891,0
star_co_plus_hi_ctl01,161,1,15,25,-0.03424484375,0.7108501849,0,0.001707455891,0
star_co_plus_hi_ctl01,161,2,25,35,0.03418450126,0.8092269911,0,0.001707455891,0
star_co_plus_hi_ctl01,161,3,35,45,0.02109180792,0.8176618835,0,0.001707455891,0
star_co_plus_hi_ctl01,161,4,45,55,-0.01440361592,0.9994532217,0,0.001707455891,0
star_co_plus_hi_ctl01,161,5,55,65,-0.03877894049,0.9231305651,0,0.001707455891,0
star_co_plus_hi_ctl10,161,0,5,15,-0.05973138174,0.7171087091,0,0.001707455891,0
star_co_plus_hi_ctl10,161,1,15,25,-0.03349204139,0.7108501849,0,0.001707455891,0
star_co_plus_hi_ctl10,161,2,25,35,0.03278238739,0.8092269911,0,0.001707455891,0
star_co_plus_hi_ctl10,161,3,35,45,0.02248451135,0.8176618835,0,0.001707455891,0
star_co_plus_hi_ctl10,161,4,45,55,-0.01221448643,0.9994532217,0,0.001707455891,0
star_co_plus_hi_ctl10,161,5,55,65,-0.03345636955,0.9231305651,0,0.001707455891,0
star_co_plus_hi_ctl49,161,0,5,15,-0.05865966747,0.7171087091,0,0.001707455891,0
star_co_plus_hi_ctl49,161,1,15,25,-0.03220511116,0.7108501849,0,0.001707455891,0
star_co_plus_hi_ctl49,161,2,25,35,0.03038847376,0.8092269911,0,0.001707455891,0
star_co_plus_hi_ctl49,161,3,35,45,0.02523910102,0.8176618835,0,0.001707455891,0
star_co_plus_hi_ctl49,161,4,45,55,-0.008165126012,0.9994532217,0,0.001707455891,0
star_co_plus_hi_ctl49,161,5,55,65,-0.02430263755,0.9231305651,0,0.001707455891,0
star_only,162,0,5,15,-0.0580107349,0.8091333778,0,0,0
star_only,162,1,15,25,-0.0330612397,0.6862572489,0,0,0
star_only,162,2,25,35,0.0346780115,0.9308148872,0,0,0
star_only,162,3,35,45,0.02421026476,0.954611432,0,0,0
star_only,162,4,45,55,-0.07223406132,0.9134812099,0,0,0
star_only,162,5,55,65,-0.04840711422,0.9214783569,0,0,0
co_independent_only,162,0,5,15,-0.06108594837,0.7770716789,0,0.002845759818,0
co_independent_only,162,1,15,25,-0.03455899528,0.8923255771,0,0.002845759818,0
co_independent_only,162,2,25,35,0.03350463726,0.931726178,0,0.002845759818,0
co_independent_only,162,3,35,45,0.01969982333,0.9986816763,0,0.002845759818,0
co_independent_only,162,4,45,55,-0.04410185971,0.9343224355,0,0.002845759818,0
co_independent_only,162,5,55,65,-0.1059624251,0.9762370048,0,0.002845759818,0
star_plus_co_independent,162,0,5,15,-0.05894080332,0.8091333778,0,0.002845759818,0
star_plus_co_independent,162,1,15,25,-0.03161424641,0.6862572489,0,0.002845759818,0
star_plus_co_independent,162,2,25,35,0.03340416938,0.9308148872,0,0.002845759818,0
star_plus_co_independent,162,3,35,45,0.01926238521,0.954611432,0,0.002845759818,0
star_plus_co_independent,162,4,45,55,-0.07708630912,0.9134812099,0,0.002845759818,0
star_plus_co_independent,162,5,55,65,-0.05444848824,0.9214783569,0,0.002845759818,0
star_plus_co_correlated_control,162,0,5,15,-0.0560467631,0.8091333778,0,0,0
star_plus_co_correlated_control,162,1,15,25,-0.03046964645,0.6862572489,0,0,0
star_plus_co_correlated_control,162,2,25,35,0.03025353589,0.9308148872,0,0,0
star_plus_co_correlated_control,162,3,35,45,0.02601195018,0.954611432,0,0,0
star_plus_co_correlated_control,162,4,45,55,-0.07015230161,0.9134812099,0,0,0
star_plus_co_correlated_control,162,5,55,65,-0.04856375814,0.9214783569,0,0,0
star_co_plus_hi_ctl01,162,0,5,15,-0.05858926959,0.8091333778,0,0.002845759818,0
star_co_plus_hi_ctl01,162,1,15,25,-0.03158582125,0.6862572489,0,0.002845759818,0
star_co_plus_hi_ctl01,162,2,25,35,0.03266601094,0.9308148872,0,0.002845759818,0
star_co_plus_hi_ctl01,162,3,35,45,0.01981647279,0.954611432,0,0.002845759818,0
star_co_plus_hi_ctl01,162,4,45,55,-0.07683606982,0.9134812099,0,0.002845759818,0
star_co_plus_hi_ctl01,162,5,55,65,-0.0548449577,0.9214783569,0,0.002845759818,0
star_co_plus_hi_ctl10,162,0,5,15,-0.05764310137,0.8091333778,0,0.002845759818,0
star_co_plus_hi_ctl10,162,1,15,25,-0.03150889166,0.6862572489,0,0.002845759818,0
star_co_plus_hi_ctl10,162,2,25,35,0.0306133671,0.9308148872,0,0.002845759818,0
star_co_plus_hi_ctl10,162,3,35,45,0.02158048331,0.954611432,0,0.002845759818,0
star_co_plus_hi_ctl10,162,4,45,55,-0.07642693558,0.9134812099,0,0.002845759818,0
star_co_plus_hi_ctl10,162,5,55,65,-0.05449820787,0.9214783569,0,0.002845759818,0
star_co_plus_hi_ctl49,162,0,5,15,-0.05602667792,0.8091333778,0,0.002845759818,0
star_co_plus_hi_ctl49,162,1,15,25,-0.0311816759,0.6862572489,0,0.002845759818,0
star_co_plus_hi_ctl49,162,2,25,35,0.02660801013,0.9308148872,0,0.002845759818,0
star_co_plus_hi_ctl49,162,3,35,45,0.02459743494,0.954611432,0,0.002845759818,0
star_co_plus_hi_ctl49,162,4,45,55,-0.07635104039,0.9134812099,0,0.002845759818,0
star_co_plus_hi_ctl49,162,5,55,65,-0.05570900779,0.9214783569,0,0.002845759818,0
star_only,163,0,5,15,-0.05947845089,0.7615669502,0,0,0
star_only,163,1,15,25,-0.02998591254,0.7728328075,0,0,0
star_only,163,2,25,35,0.03448511936,0.8720626583,0,0,0
star_only,163,3,35,45,0.006366242559,0.9818282873,0,0,0
star_only,163,4,45,55,-0.108428245,0.9983430297,0,0,0
star_only,163,5,55,65,-0.12348023,0.9878841509,0,0,0
co_independent_only,163,0,5,15,-0.06279225434,0.7770716789,0,0.00796812749,0
co_independent_only,163,1,15,25,-0.04022506958,0.8923255771,0,0.00796812749,0
co_independent_only,163,2,25,35,0.03161244859,0.931726178,0,0.00796812749,0
co_independent_only,163,3,35,45,0.01876304955,0.9986816763,0,0.00796812749,0
co_independent_only,163,4,45,55,-0.04558238562,0.9343224355,0,0.00796812749,0
co_independent_only,163,5,55,65,-0.1033363432,0.9762370048,0,0.00796812749,0
star_plus_co_independent,163,0,5,15,-0.06184849591,0.7615669502,0,0.00796812749,0
star_plus_co_independent,163,1,15,25,-0.03372477765,0.7728328075,0,0.00796812749,0
star_plus_co_independent,163,2,25,35,0.03182881665,0.8720626583,0,0.00796812749,0
star_plus_co_independent,163,3,35,45,0.001728055507,0.9818282873,0,0.00796812749,0
star_plus_co_independent,163,4,45,55,-0.1130578997,0.9983430297,0,0.00796812749,0
star_plus_co_independent,163,5,55,65,-0.1278714837,0.9878841509,0,0.00796812749,0
star_plus_co_correlated_control,163,0,5,15,-0.05715632635,0.7615669502,0,0,0
star_plus_co_correlated_control,163,1,15,25,-0.02725914335,0.7728328075,0,0,0
star_plus_co_correlated_control,163,2,25,35,0.02923738647,0.8720626583,0,0,0
star_plus_co_correlated_control,163,3,35,45,0.009081296881,0.9818282873,0,0,0
star_plus_co_correlated_control,163,4,45,55,-0.1052154063,0.9983430297,0,0,0
star_plus_co_correlated_control,163,5,55,65,-0.1179920639,0.9878841509,0,0,0
star_co_plus_hi_ctl01,163,0,5,15,-0.06180598698,0.7615669502,0,0.00796812749,0
star_co_plus_hi_ctl01,163,1,15,25,-0.03343418858,0.7728328075,0,0.00796812749,0
star_co_plus_hi_ctl01,163,2,25,35,0.03227381012,0.8720626583,0,0.00796812749,0
star_co_plus_hi_ctl01,163,3,35,45,0.003369816176,0.9818282873,0,0.00796812749,0
star_co_plus_hi_ctl01,163,4,45,55,-0.1118562362,0.9983430297,0,0.00796812749,0
star_co_plus_hi_ctl01,163,5,55,65,-0.1258036098,0.9878841509,0,0.00796812749,0
star_co_plus_hi_ctl10,163,0,5,15,-0.06169155442,0.7615669502,0,0.00796812749,0
star_co_plus_hi_ctl10,163,1,15,25,-0.03241343908,0.7728328075,0,0.00796812749,0
star_co_plus_hi_ctl10,163,2,25,35,0.03346169106,0.8720626583,0,0.00796812749,0
star_co_plus_hi_ctl10,163,3,35,45,0.007787052134,0.9818282873,0,0.00796812749,0
star_co_plus_hi_ctl10,163,4,45,55,-0.1089311973,0.9983430297,0,0.00796812749,0
star_co_plus_hi_ctl10,163,5,55,65,-0.1202364771,0.9878841509,0,0.00796812749,0
star_co_plus_hi_ctl49,163,0,5,15,-0.06149599875,0.7615669502,0,0.00796812749,0
star_co_plus_hi_ctl49,163,1,15,25,-0.03061093863,0.7728328075,0,0.00796812749,0
star_co_plus_hi_ctl49,163,2,25,35,0.03546592845,0.8720626583,0,0.00796812749,0
star_co_plus_hi_ctl49,163,3,35,45,0.01532802603,0.9818282873,0,0.00796812749,0
star_co_plus_hi_ctl49,163,4,45,55,-0.1049001424,0.9983430297,0,0.00796812749,0
star_co_plus_hi_ctl49,163,5,55,65,-0.1073349252,0.9878841509,0,0.00796812749,0
star_only,164,0,5,15,-0.0582907799,0.8142082547,0,0,0
star_only,164,1,15,25,-0.03748396356,0.7493549011,0,0,0
star_only,164,2,25,35,0.03471152389,0.9673910836,0,0,0
star_only,164,3,35,45,0.01499170308,0.9621285526,0,0,0
star_only,164,4,45,55,-0.08528009087,0.9730338187,0,0,0
star_only,164,5,55,65,-0.1607343218,0.9375357402,0,0,0
co_independent_only,164,0,5,15,-0.05743251166,0.7770716789,0,0,0
co_independent_only,164,1,15,25,-0.03362484308,0.8923255771,0,0,0
co_independent_only,164,2,25,35,0.02620914718,0.931726178,0,0,0
co_independent_only,164,3,35,45,0.01977476373,0.9986816763,0,0,0
co_independent_only,164,4,45,55,-0.04120046938,0.9343224355,0,0,0
co_independent_only,164,5,55,65,-0.101340539,0.9762370048,0,0,0
star_plus_co_independent,164,0,5,15,-0.05561050323,0.8142082547,0,0,0
star_plus_co_independent,164,1,15,25,-0.03450812016,0.7493549011,0,0,0
star_plus_co_independent,164,2,25,35,0.02612366666,0.9673910836,0,0,0
star_plus_co_independent,164,3,35,45,0.008394920546,0.9621285526,0,0,0
star_plus_co_independent,164,4,45,55,-0.087780019,0.9730338187,0,0,0
star_plus_co_independent,164,5,55,65,-0.1649986432,0.9375357402,0,0,0
star_plus_co_correlated_control,164,0,5,15,-0.06041251469,0.8142082547,0,0.06374501992,0
star_plus_co_correlated_control,164,1,15,25,-0.03995619483,0.7493549011,0,0.06374501992,0
star_plus_co_correlated_control,164,2,25,35,0.03883047832,0.9673910836,0,0.06374501992,0
star_plus_co_correlated_control,164,3,35,45,0.01266965853,0.9621285526,0,0.06374501992,0
star_plus_co_correlated_control,164,4,45,55,-0.08831936981,0.9730338187,0,0.06374501992,0
star_plus_co_correlated_control,164,5,55,65,-0.171273084,0.9375357402,0,0.06374501992,0
star_co_plus_hi_ctl01,164,0,5,15,-0.05552892833,0.8142082547,0,0,0
star_co_plus_hi_ctl01,164,1,15,25,-0.03472537249,0.7493549011,0,0,0
star_co_plus_hi_ctl01,164,2,25,35,0.026136548,0.9673910836,0,0,0
star_co_plus_hi_ctl01,164,3,35,45,0.008087176994,0.9621285526,0,0,0
star_co_plus_hi_ctl01,164,4,45,55,-0.08753152014,0.9730338187,0,0,0
star_co_plus_hi_ctl01,164,5,55,65,-0.1647832873,0.9375357402,0,0,0
star_co_plus_hi_ctl10,164,0,5,15,-0.05530942177,0.8142082547,0,0,0
star_co_plus_hi_ctl10,164,1,15,25,-0.03531079345,0.7493549011,0,0,0
star_co_plus_hi_ctl10,164,2,25,35,0.0261713083,0.9673910836,0,0,0
star_co_plus_hi_ctl10,164,3,35,45,0.007261361995,0.9621285526,0,0,0
star_co_plus_hi_ctl10,164,4,45,55,-0.08686234695,0.9730338187,0,0,0
star_co_plus_hi_ctl10,164,5,55,65,-0.1635529019,0.9375357402,0,0,0
star_co_plus_hi_ctl49,164,0,5,15,-0.05493460781,0.8142082547,0,0,0
star_co_plus_hi_ctl49,164,1,15,25,-0.03631320964,0.7493549011,0,0,0
star_co_plus_hi_ctl49,164,2,25,35,0.02648109835,0.9673910836,0,0,0
star_co_plus_hi_ctl49,164,3,35,45,0.005858914925,0.9621285526,0,0,0
star_co_plus_hi_ctl49,164,4,45,55,-0.08571803609,0.9730338187,0,0,0
star_co_plus_hi_ctl49,164,5,55,65,-0.1616335937,0.9375357402,0,0,0
star_only,165,0,5,15,-0.06021252647,0.7398053069,0,0,0
star_only,165,1,15,25,-0.03784432781,0.760116331,0,0,0
star_only,165,2,25,35,0.03264150976,0.8973899691,0,0,0
star_only,165,3,35,45,0.038583587,0.9945120807,0,0,0
star_only,165,4,45,55,-0.01589408968,0.9517697479,0,0,0
star_only,165,5,55,65,0.04870696801,0.986250331,0,0,0
co_independent_only,165,0,5,15,-0.05944860059,0.7770716789,0,0.001138303927,0
co_independent_only,165,1,15,25,-0.03610487459,0.8923255771,0,0.001138303927,0
co_independent_only,165,2,25,35,0.03550030068,0.931726178,0,0.001138303927,0
co_independent_only,165,3,35,45,0.02377691926,0.9986816763,0,0.001138303927,0
co_independent_only,165,4,45,55,-0.04406868187,0.9343224355,0,0.001138303927,0
co_independent_only,165,5,55,65,-0.1121786753,0.9762370048,0,0.001138303927,0
star_plus_co_independent,165,0,5,15,-0.05937650182,0.7398053069,0,0.001138303927,0
star_plus_co_independent,165,1,15,25,-0.03772873967,0.760116331,0,0.001138303927,0
star_plus_co_independent,165,2,25,35,0.03386739911,0.8973899691,0,0.001138303927,0
star_plus_co_independent,165,3,35,45,0.03808531158,0.9945120807,0,0.001138303927,0
star_plus_co_independent,165,4,45,55,-0.02070008297,0.9517697479,0,0.001138303927,0
star_plus_co_independent,165,5,55,65,0.03628389949,0.986250331,0,0.001138303927,0
star_plus_co_correlated_control,165,0,5,15,-0.05838278961,0.7398053069,0,0,0
star_plus_co_correlated_control,165,1,15,25,-0.03521017638,0.760116331,0,0,0
star_plus_co_correlated_control,165,2,25,35,0.02856946592,0.8973899691,0,0,0
star_plus_co_correlated_control,165,3,35,45,0.03940692285,0.9945120807,0,0,0
star_plus_co_correlated_control,165,4,45,55,-0.01564030982,0.9517697479,0,0,0
star_plus_co_correlated_control,165,5,55,65,0.04300040992,0.986250331,0,0,0
star_co_plus_hi_ctl01,165,0,5,15,-0.05912948197,0.7398053069,0,0.001138303927,0
star_co_plus_hi_ctl01,165,1,15,25,-0.03774256162,0.760116331,0,0.001138303927,0
star_co_plus_hi_ctl01,165,2,25,35,0.03332251625,0.8973899691,0,0.001138303927,0
star_co_plus_hi_ctl01,165,3,35,45,0.03834153535,0.9945120807,0,0.001138303927,0
star_co_plus_hi_ctl01,165,4,45,55,-0.02015996979,0.9517697479,0,0.001138303927,0
star_co_plus_hi_ctl01,165,5,55,65,0.03678003795,0.986250331,0,0.001138303927,0
star_co_plus_hi_ctl10,165,0,5,15,-0.05846442459,0.7398053069,0,0.001138303927,0
star_co_plus_hi_ctl10,165,1,15,25,-0.0377797171,0.760116331,0,0.001138303927,0
star_co_plus_hi_ctl10,165,2,25,35,0.03185476494,0.8973899691,0,0.001138303927,0
star_co_plus_hi_ctl10,165,3,35,45,0.03903213317,0.9945120807,0,0.001138303927,0
star_co_plus_hi_ctl10,165,4,45,55,-0.01870433722,0.9517697479,0,0.001138303927,0
star_co_plus_hi_ctl10,165,5,55,65,0.03713277409,0.986250331,0,0.001138303927,0
star_co_plus_hi_ctl49,165,0,5,15,-0.0573275973,0.7398053069,0,0.001138303927,0
star_co_plus_hi_ctl49,165,1,15,25,-0.03784303437,0.760116331,0,0.001138303927,0
star_co_plus_hi_ctl49,165,2,25,35,0.02934329767,0.8973899691,0,0.001138303927,0
star_co_plus_hi_ctl49,165,3,35,45,0.04021519295,0.9945120807,0,0.001138303927,0
star_co_plus_hi_ctl49,165,4,45,55,-0.01635862263,0.9517697479,0,0.001138303927,0
star_co_plus_hi_ctl49,165,5,55,65,0.0383862803,0.986250331,0,0.001138303927,0
star_only,166,0,5,15,-0.05968113534,0.8068842539,0.0005691519636,0,0
star_only,166,1,15,25,-0.0362214366,0.7856170996,0.0005691519636,0,0
star_only,166,2,25,35,0.03455244381,0.9153284805,0.0005691519636,0,0
star_only,166,3,35,45,0.02260973853,0.9876688543,0.0005691519636,0,0
star_only,166,4,45,55,-0.04134145538,0.999756788,0.0005691519636,0,0
star_only,166,5,55,65,-0.003154547438,0.9808148186,0.0005691519636,0,0
co_independent_only,166,0,5,15,-0.05792452629,0.7770716789,0,0.0005691519636,0
co_independent_only,166,1,15,25,-0.03865330145,0.8923255771,0,0.0005691519636,0
co_independent_only,166,2,25,35,0.02566811102,0.931726178,0,0.0005691519636,0
co_independent_only,166,3,35,45,0.01981005382,0.9986816763,0,0.0005691519636,0
co_independent_only,166,4,45,55,-0.04552813959,0.9343224355,0,0.0005691519636,0
co_independent_only,166,5,55,65,-0.09889533201,0.9762370048,0,0.0005691519636,0
star_plus_co_independent,166,0,5,15,-0.0572406082,0.8068842539,0.0005691519636,0.0005691519636,0
star_plus_co_independent,166,1,15,25,-0.03873334671,0.7856170996,0.0005691519636,0.0005691519636,0
star_plus_co_independent,166,2,25,35,0.02559704822,0.9153284805,0.0005691519636,0.0005691519636,0
star_plus_co_independent,166,3,35,45,0.01773433393,0.9876688543,0.0005691519636,0.0005691519636,0
star_plus_co_independent,166,4,45,55,-0.04695715872,0.999756788,0.0005691519636,0.0005691519636,0
star_plus_co_independent,166,5,55,65,-0.001712911234,0.9808148186,0.0005691519636,0.0005691519636,0
star_plus_co_correlated_control,166,0,5,15,-0.06289288707,0.8068842539,0.0005691519636,0.09504837792,0
star_plus_co_correlated_control,166,1,15,25,-0.03972499984,0.7856170996,0.0005691519636,0.09504837792,0
star_plus_co_correlated_control,166,2,25,35,0.04059284688,0.9153284805,0.0005691519636,0.09504837792,0
star_plus_co_correlated_control,166,3,35,45,0.02011354923,0.9876688543,0.0005691519636,0.09504837792,0
star_plus_co_correlated_control,166,4,45,55,-0.04335721305,0.999756788,0.0005691519636,0.09504837792,0
star_plus_co_correlated_control,166,5,55,65,-0.001016593714,0.9808148186,0.0005691519636,0.09504837792,0
star_co_plus_hi_ctl01,166,0,5,15,-0.0574624862,0.8068842539,0.0005691519636,0.0005691519636,0
star_co_plus_hi_ctl01,166,1,15,25,-0.03889128735,0.7856170996,0.0005691519636,0.0005691519636,0
star_co_plus_hi_ctl01,166,2,25,35,0.02596640327,0.9153284805,0.0005691519636,0.0005691519636,0
star_co_plus_hi_ctl01,166,3,35,45,0.0174508185,0.9876688543,0.0005691519636,0.0005691519636,0
star_co_plus_hi_ctl01,166,4,45,55,-0.0464040013,0.999756788,0.0005691519636,0.0005691519636,0
star_co_plus_hi_ctl01,166,5,55,65,-0.002148224815,0.9808148186,0.0005691519636,0.0005691519636,0
star_co_plus_hi_ctl10,166,0,5,15,-0.05805912877,0.8068842539,0.0005691519636,0.0005691519636,0
star_co_plus_hi_ctl10,166,1,15,25,-0.03931572476,0.7856170996,0.0005691519636,0.0005691519636,0
star_co_plus_hi_ctl10,166,2,25,35,0.02655127292,0.9153284805,0.0005691519636,0.0005691519636,0
star_co_plus_hi_ctl10,166,3,35,45,0.01645244599,0.9876688543,0.0005691519636,0.0005691519636,0
star_co_plus_hi_ctl10,166,4,45,55,-0.04492511382,0.999756788,0.0005691519636,0.0005691519636,0
star_co_plus_hi_ctl10,166,5,55,65,-0.003318798507,0.9808148186,0.0005691519636,0.0005691519636,0
star_co_plus_hi_ctl49,166,0,5,15,-0.05907656841,0.8068842539,0.0005691519636,0.0005691519636,0
star_co_plus_hi_ctl49,166,1,15,25,-0.04003858734,0.7856170996,0.0005691519636,0.0005691519636,0
star_co_plus_hi_ctl49,166,2,25,35,0.02728580464,0.9153284805,0.0005691519636,0.0005691519636,0
star_co_plus_hi_ctl49,166,3,35,45,0.01475911008,0.9876688543,0.0005691519636,0.0005691519636,0
star_co_plus_hi_ctl49,166,4,45,55,-0.04348532051,0.999756788,0.0005691519636,0.0005691519636,0
star_co_plus_hi_ctl49,166,5,55,65,-0.00551078703,0.9808148186,0.0005691519636,0.0005691519636,0
star_only,167,0,5,15,-0.05994173928,0.7696265778,0,0,0
star_only,167,1,15,25,-0.0362237703,0.9123162593,0,0,0
star_only,167,2,25,35,0.03470864332,0.9834687764,0,0,0
star_only,167,3,35,45,0.02116112854,0.8673778346,0,0,0
star_only,167,4,45,55,-0.0413389868,0.7991889408,0,0,0
star_only,167,5,55,65,-0.05559320979,0.8965166217,0,0,0
co_independent_only,167,0,5,15,-0.06046053226,0.7770716789,0,0.001707455891,0
co_independent_only,167,1,15,25,-0.03036076138,0.8923255771,0,0.001707455891,0
co_independent_only,167,2,25,35,0.04019303705,0.931726178,0,0.001707455891,0
co_independent_only,167,3,35,45,0.03121737855,0.9986816763,0,0.001707455891,0
co_independent_only,167,4,45,55,-0.03512664618,0.9343224355,0,0.001707455891,0
co_independent_only,167,5,55,65,-0.09751929797,0.9762370048,0,0.001707455891,0
star_plus_co_independent,167,0,5,15,-0.0602139428,0.7696265778,0,0.001707455891,0
star_plus_co_independent,167,1,15,25,-0.03044986505,0.9123162593,0,0.001707455891,0
star_plus_co_independent,167,2,25,35,0.04007255066,0.9834687764,0,0.001707455891,0
star_plus_co_independent,167,3,35,45,0.02764781007,0.8673778346,0,0.001707455891,0
star_plus_co_independent,167,4,45,55,-0.03649908581,0.7991889408,0,0.001707455891,0
star_plus_co_independent,167,5,55,65,-0.05506896412,0.8965166217,0,0.001707455891,0
star_plus_co_correlated_control,167,0,5,15,-0.05776735888,0.7696265778,0,0,0
star_plus_co_correlated_control,167,1,15,25,-0.03320467839,0.9123162593,0,0,0
star_plus_co_correlated_control,167,2,25,35,0.02989354422,0.9834687764,0,0,0
star_plus_co_correlated_control,167,3,35,45,0.02322215085,0.8673778346,0,0,0
star_plus_co_correlated_control,167,4,45,55,-0.04040684915,0.7991889408,0,0,0
star_plus_co_correlated_control,167,5,55,65,-0.0552903269,0.8965166217,0,0,0
star_co_plus_hi_ctl01,167,0,5,15,-0.05993909252,0.7696265778,0,0.001707455891,0
star_co_plus_hi_ctl01,167,1,15,25,-0.03032685321,0.9123162593,0,0.001707455891,0
star_co_plus_hi_ctl01,167,2,25,35,0.03990775007,0.9834687764,0,0.001707455891,0
star_co_plus_hi_ctl01,167,3,35,45,0.02811110479,0.8673778346,0,0.001707455891,0
star_co_plus_hi_ctl01,167,4,45,55,-0.03636934968,0.7991889408,0,0.001707455891,0
star_co_plus_hi_ctl01,167,5,55,65,-0.05421946943,0.8965166217,0,0.001707455891,0
star_co_plus_hi_ctl10,167,0,5,15,-0.05920218518,0.7696265778,0,0.001707455891,0
star_co_plus_hi_ctl10,167,1,15,25,-0.02997686908,0.9123162593,0,0.001707455891,0
star_co_plus_hi_ctl10,167,2,25,35,0.03946497064,0.9834687764,0,0.001707455891,0
star_co_plus_hi_ctl10,167,3,35,45,0.02935923712,0.8673778346,0,0.001707455891,0
star_co_plus_hi_ctl10,167,4,45,55,-0.03601862878,0.7991889408,0,0.001707455891,0
star_co_plus_hi_ctl10,167,5,55,65,-0.05192439917,0.8965166217,0,0.001707455891,0
star_co_plus_hi_ctl49,167,0,5,15,-0.05795283824,0.7696265778,0,0.001707455891,0
star_co_plus_hi_ctl49,167,1,15,25,-0.02916365335,0.9123162593,0,0.001707455891,0
star_co_plus_hi_ctl49,167,2,25,35,0.03862303488,0.9834687764,0,0.001707455891,0
star_co_plus_hi_ctl49,167,3,35,45,0.03149543878,0.8673778346,0,0.001707455891,0
star_co_plus_hi_ctl49,167,4,45,55,-0.0354142659,0.7991889408,0,0.001707455891,0
star_co_plus_hi_ctl49,167,5,55,65,-0.04785818583,0.8965166217,0,0.001707455891,0
star_only,168,0,5,15,-0.0599083321,0.7376046282,0,0,0
star_only,168,1,15,25,-0.03572478933,0.7568650178,0,0,0
star_only,168,2,25,35,0.03469834496,0.816489037,0,0,0
star_only,168,3,35,45,0.03643856921,0.9221662079,0,0,0
star_only,168,4,45,55,-0.009019833466,0.9979748884,0,0,0
star_only,168,5,55,65,-0.01509463636,0.9999958095,0,0,0
co_independent_only,168,0,5,15,-0.05966933288,0.7770716789,0,0.01138303927,0
co_independent_only,168,1,15,25,-0.03628580963,0.8923255771,0,0.01138303927,0
co_independent_only,168,2,25,35,0.03544175307,0.931726178,0,0.01138303927,0
co_independent_only,168,3,35,45,0.02794325648,0.9986816763,0,0.01138303927,0
co_independent_only,168,4,45,55,-0.0452578084,0.9343224355,0,0.01138303927,0
co_independent_only,168,5,55,65,-0.1016146338,0.9762370048,0,0.01138303927,0
star_plus_co_independent,168,0,5,15,-0.0592824703,0.7376046282,0,0.01138303927,0
star_plus_co_independent,168,1,15,25,-0.03584140619,0.7568650178,0,0.01138303927,0
star_plus_co_independent,168,2,25,35,0.03546068131,0.816489037,0,0.01138303927,0
star_plus_co_independent,168,3,35,45,0.03739568923,0.9221662079,0,0.01138303927,0
star_plus_co_independent,168,4,45,55,-0.01454212391,0.9979748884,0,0.01138303927,0
star_plus_co_independent,168,5,55,65,-0.01827893005,0.9999958095,0,0.01138303927,0
star_plus_co_correlated_control,168,0,5,15,-0.05619360247,0.7376046282,0,0,0
star_plus_co_correlated_control,168,1,15,25,-0.03044553144,0.7568650178,0,0,0
star_plus_co_correlated_control,168,2,25,35,0.02651316369,0.816489037,0,0,0
star_plus_co_correlated_control,168,3,35,45,0.03820289959,0.9221662079,0,0,0
star_plus_co_correlated_control,168,4,45,55,-0.009987170917,0.9979748884,0,0,0
star_plus_co_correlated_control,168,5,55,65,-0.01958785666,0.9999958095,0,0,0
star_co_plus_hi_ctl01,168,0,5,15,-0.05901487789,0.7376046282,0,0.01138303927,0
star_co_plus_hi_ctl01,168,1,15,25,-0.03577657066,0.7568650178,0,0.01138303927,0
star_co_plus_hi_ctl01,168,2,25,35,0.03478195317,0.816489037,0,0.01138303927,0
star_co_plus_hi_ctl01,168,3,35,45,0.0372445915,0.9221662079,0,0.01138303927,0
star_co_plus_hi_ctl01,168,4,45,55,-0.01563533322,0.9979748884,0,0.01138303927,0
star_co_plus_hi_ctl01,168,5,55,65,-0.01918727729,0.9999958095,0,0.01138303927,0
star_co_plus_hi_ctl10,168,0,5,15,-0.05829427039,0.7376046282,0,0.01138303927,0
star_co_plus_hi_ctl10,168,1,15,25,-0.0356017929,0.7568650178,0,0.01138303927,0
star_co_plus_hi_ctl10,168,2,25,35,0.03295339392,0.816489037,0,0.01138303927,0
star_co_plus_hi_ctl10,168,3,35,45,0.03683731715,0.9221662079,0,0.01138303927,0
star_co_plus_hi_ctl10,168,4,45,55,-0.01858030283,0.9979748884,0,0.01138303927,0
star_co_plus_hi_ctl10,168,5,55,65,-0.02283422441,0.9999958095,0,0.01138303927,0
star_co_plus_hi_ctl49,168,0,5,15,-0.0570619403,0.7376046282,0,0.01138303927,0
star_co_plus_hi_ctl49,168,1,15,25,-0.03530229372,0.7568650178,0,0.01138303927,0
star_co_plus_hi_ctl49,168,2,25,35,0.02964053726,0.816489037,0,0.01138303927,0
star_co_plus_hi_ctl49,168,3,35,45,0.0359428083,0.9221662079,0,0.01138303927,0
star_co_plus_hi_ctl49,168,4,45,55,-0.02354603428,0.9979748884,0,0.01138303927,0
star_co_plus_hi_ctl49,168,5,55,65,-0.0281583153,0.9999958095,0,0.01138303927,0
star_only,169,0,5,15,-0.06113631029,0.825538725,0.02902675014,0,0
star_only,169,1,15,25,-0.03305122578,0.9992267392,0.02902675014,0,0
star_only,169,2,25,35,0.03150983562,0.9919790774,0.02902675014,0,0
star_only,169,3,35,45,0.03122815137,0.961495127,0.02902675014,0,0
star_only,169,4,45,55,-0.0311530675,0.8445265112,0.02902675014,0,0
star_only,169,5,55,65,-0.06109497817,0.9518026315,0.02902675014,0,0
co_independent_only,169,0,5,15,-0.06352677069,0.7770716789,0,0,0
co_independent_only,169,1,15,25,-0.03887590217,0.8923255771,0,0,0
co_independent_only,169,2,25,35,0.03708030653,0.931726178,0,0,0
co_independent_only,169,3,35,45,0.0204056087,0.9986816763,0,0,0
co_independent_only,169,4,45,55,-0.04429809315,0.9343224355,0,0,0
co_independent_only,169,5,55,65,-0.1140874017,0.9762370048,0,0,0
star_plus_co_independent,169,0,5,15,-0.06451674585,0.825538725,0.02902675014,0,0
star_plus_co_independent,169,1,15,25,-0.0351985489,0.9992267392,0.02902675014,0,0
star_plus_co_independent,169,2,25,35,0.03138516194,0.9919790774,0.02902675014,0,0
star_plus_co_independent,169,3,35,45,0.02596459766,0.961495127,0.02902675014,0,0
star_plus_co_independent,169,4,45,55,-0.0359430151,0.8445265112,0.02902675014,0,0
star_plus_co_independent,169,5,55,65,-0.07704307173,0.9518026315,0.02902675014,0,0
star_plus_co_correlated_control,169,0,5,15,-0.06289189049,0.825538725,0.02902675014,0.05236198065,0
star_plus_co_correlated_control,169,1,15,25,-0.03471948334,0.9992267392,0.02902675014,0.05236198065,0
star_plus_co_correlated_control,169,2,25,35,0.03409246479,0.9919790774,0.02902675014,0.05236198065,0
star_plus_co_correlated_control,169,3,35,45,0.02999352533,0.961495127,0.02902675014,0.05236198065,0
star_plus_co_correlated_control,169,4,45,55,-0.03188348856,0.8445265112,0.02902675014,0.05236198065,0
star_plus_co_correlated_control,169,5,55,65,-0.063283963,0.9518026315,0.02902675014,0.05236198065,0
star_co_plus_hi_ctl01,169,0,5,15,-0.06456714195,0.825538725,0.02902675014,0,0
star_co_plus_hi_ctl01,169,1,15,25,-0.03564992038,0.9992267392,0.02902675014,0,0
star_co_plus_hi_ctl01,169,2,25,35,0.03128387724,0.9919790774,0.02902675014,0,0
star_co_plus_hi_ctl01,169,3,35,45,0.02566340532,0.961495127,0.02902675014,0,0
star_co_plus_hi_ctl01,169,4,45,55,-0.03649081802,0.8445265112,0.02902675014,0,0
star_co_plus_hi_ctl01,169,5,55,65,-0.07728791897,0.9518026315,0.02902675014,0,0
star_co_plus_hi_ctl10,169,0,5,15,-0.06470314129,0.825538725,0.02902675014,0,0
star_co_plus_hi_ctl10,169,1,15,25,-0.036868045,0.9992267392,0.02902675014,0,0
star_co_plus_hi_ctl10,169,2,25,35,0.03120406495,0.9919790774,0.02902675014,0,0
star_co_plus_hi_ctl10,169,3,35,45,0.02485541771,0.961495127,0.02902675014,0,0
star_co_plus_hi_ctl10,169,4,45,55,-0.03768192087,0.8445265112,0.02902675014,0,0
star_co_plus_hi_ctl10,169,5,55,65,-0.07794517005,0.9518026315,0.02902675014,0,0
star_co_plus_hi_ctl49,169,0,5,15,-0.06493668918,0.825538725,0.02902675014,0,0
star_co_plus_hi_ctl49,169,1,15,25,-0.03896006947,0.9992267392,0.02902675014,0,0
star_co_plus_hi_ctl49,169,2,25,35,0.03033966313,0.9919790774,0.02902675014,0,0
star_co_plus_hi_ctl49,169,3,35,45,0.02348406856,0.961495127,0.02902675014,0,0
star_co_plus_hi_ctl49,169,4,45,55,-0.03972450049,0.8445265112,0.02902675014,0,0
star_co_plus_hi_ctl49,169,5,55,65,-0.07850670876,0.9518026315,0.02902675014,0,0
star_only,170,0,5,15,-0.06102442359,0.7309660579,0.002276607854,0,0
star_only,170,1,15,25,-0.02949763573,0.8466794209,0.002276607854,0,0
star_only,170,2,25,35,0.03462017532,0.8772503265,0.002276607854,0,0
star_only,170,3,35,45,0.01190638969,0.9889910985,0.002276607854,0,0
star_only,170,4,45,55,-0.078586418,0.9949607263,0.002276607854,0,0
star_only,170,5,55,65,-0.1523732944,0.978872242,0.002276607854,0,0
co_independent_only,170,0,5,15,-0.06180516,0.7770716789,0,0.01309049516,0
co_independent_only,170,1,15,25,-0.04252951184,0.8923255771,0,0.01309049516,0
co_independent_only,170,2,25,35,0.03551822243,0.931726178,0,0.01309049516,0
co_independent_only,170,3,35,45,0.01457892416,0.9986816763,0,0.01309049516,0
co_independent_only,170,4,45,55,-0.04378201145,0.9343224355,0,0.01309049516,0
co_independent_only,170,5,55,65,-0.09667449322,0.9762370048,0,0.01309049516,0
star_plus_co_independent,170,0,5,15,-0.06276789643,0.7309660579,0.002276607854,0.01309049516,0
star_plus_co_independent,170,1,15,25,-0.03486150678,0.8466794209,0.002276607854,0.01309049516,0
star_plus_co_independent,170,2,25,35,0.03483718674,0.8772503265,0.002276607854,0.01309049516,0
star_plus_co_independent,170,3,35,45,0.004589089068,0.9889910985,0.002276607854,0.01309049516,0
star_plus_co_independent,170,4,45,55,-0.07996547301,0.9949607263,0.002276607854,0.01309049516,0
star_plus_co_independent,170,5,55,65,-0.1496169837,0.978872242,0.002276607854,0.01309049516,0
star_plus_co_correlated_control,170,0,5,15,-0.06684399286,0.7309660579,0.002276607854,0.2521343199,0
star_plus_co_correlated_control,170,1,15,25,-0.03437446898,0.8466794209,0.002276607854,0.2521343199,0
star_plus_co_correlated_control,170,2,25,35,0.04449852551,0.8772503265,0.002276607854,0.2521343199,0
star_plus_co_correlated_control,170,3,35,45,0.004800942299,0.9889910985,0.002276607854,0.2521343199,0
star_plus_co_correlated_control,170,4,45,55,-0.08298983015,0.9949607263,0.002276607854,0.2521343199,0
star_plus_co_correlated_control,170,5,55,65,-0.1767743411,0.978872242,0.002276607854,0.2521343199,0
star_co_plus_hi_ctl01,170,0,5,15,-0.06260599504,0.7309660579,0.002276607854,0.01309049516,0
star_co_plus_hi_ctl01,170,1,15,25,-0.03477318423,0.8466794209,0.002276607854,0.01309049516,0
star_co_plus_hi_ctl01,170,2,25,35,0.0351288787,0.8772503265,0.002276607854,0.01309049516,0
star_co_plus_hi_ctl01,170,3,35,45,0.004243628926,0.9889910985,0.002276607854,0.01309049516,0
star_co_plus_hi_ctl01,170,4,45,55,-0.07925230678,0.9949607263,0.002276607854,0.01309049516,0
star_co_plus_hi_ctl01,170,5,55,65,-0.1482542486,0.978872242,0.002276607854,0.01309049516,0
star_co_plus_hi_ctl10,170,0,5,15,-0.06217100211,0.7309660579,0.002276607854,0.01309049516,0
star_co_plus_hi_ctl10,170,1,15,25,-0.03453585022,0.8466794209,0.002276607854,0.01309049516,0
star_co_plus_hi_ctl10,170,2,25,35,0.03584098041,0.8772503265,0.002276607854,0.01309049516,0
star_co_plus_hi_ctl10,170,3,35,45,0.003680305459,0.9889910985,0.002276607854,0.01309049516,0
star_co_plus_hi_ctl10,170,4,45,55,-0.07734194505,0.9949607263,0.002276607854,0.01309049516,0
star_co_plus_hi_ctl10,170,5,55,65,-0.1442580893,0.978872242,0.002276607854,0.01309049516,0
star_co_plus_hi_ctl49,170,0,5,15,-0.06143045856,0.7309660579,0.002276607854,0.01309049516,0
star_co_plus_hi_ctl49,170,1,15,25,-0.03413170247,0.8466794209,0.002276607854,0.01309049516,0
star_co_plus_hi_ctl49,170,2,25,35,0.03705460701,0.8772503265,0.002276607854,0.01309049516,0
star_co_plus_hi_ctl49,170,3,35,45,0.005068581799,0.9889910985,0.002276607854,0.01309049516,0
star_co_plus_hi_ctl49,170,4,45,55,-0.07624909762,0.9949607263,0.002276607854,0.01309049516,0
star_co_plus_hi_ctl49,170,5,55,65,-0.1368179872,0.978872242,0.002276607854,0.01309049516,0
star_only,171,0,5,15,-0.06082270055,0.7979738308,0,0,0
star_only,171,1,15,25,-0.03698771613,0.9685321339,0,0,0
star_only,171,2,25,35,0.03424562586,0.9288841381,0,0,0
star_only,171,3,35,45,0.03518157659,0.9988089846,0,0,0
star_only,171,4,45,55,-0.02051747446,0.9760361225,0,0,0
star_only,171,5,55,65,-0.08940786807,0.9999485886,0,0,0
co_independent_only,171,0,5,15,-0.06229909359,0.7770716789,0,0,0
co_independent_only,171,1,15,25,-0.03315177581,0.8923255771,0,0,0
co_independent_only,171,2,25,35,0.04342690722,0.931726178,0,0,0
co_independent_only,171,3,35,45,0.03266486669,0.9986816763,0,0,0
co_independent_only,171,4,45,55,-0.03253672372,0.9343224355,0,0,0
co_independent_only,171,5,55,65,-0.09882300281,0.9762370048,0,0,0
star_plus_co_independent,171,0,5,15,-0.06270690188,0.7979738308,0,0,0
star_plus_co_independent,171,1,15,25,-0.03415186417,0.9685321339,0,0,0
star_plus_co_independent,171,2,25,35,0.04323827503,0.9288841381,0,0,0
star_plus_co_independent,171,3,35,45,0.04210546456,0.9988089846,0,0,0
star_plus_co_independent,171,4,45,55,-0.01412324951,0.9760361225,0,0,0
star_plus_co_independent,171,5,55,65,-0.08933786945,0.9999485886,0,0,0
star_plus_co_correlated_control,171,0,5,15,-0.06505560514,0.7979738308,0,0.1394422311,0
star_plus_co_correlated_control,171,1,15,25,-0.04161620179,0.9685321339,0,0.1394422311,0
star_plus_co_correlated_control,171,2,25,35,0.04121096792,0.9288841381,0,0.1394422311,0
star_plus_co_correlated_control,171,3,35,45,0.03365337052,0.9988089846,0,0.1394422311,0
star_plus_co_correlated_control,171,4,45,55,-0.02119565246,0.9760361225,0,0.1394422311,0
star_plus_co_correlated_control,171,5,55,65,-0.09798875339,0.9999485886,0,0.1394422311,0
star_co_plus_hi_ctl01,171,0,5,15,-0.06288560824,0.7979738308,0,0,0
star_co_plus_hi_ctl01,171,1,15,25,-0.03432472445,0.9685321339,0,0,0
star_co_plus_hi_ctl01,171,2,25,35,0.04311258012,0.9288841381,0,0,0
star_co_plus_hi_ctl01,171,3,35,45,0.04220596531,0.9988089846,0,0,0
star_co_plus_hi_ctl01,171,4,45,55,-0.01438051573,0.9760361225,0,0,0
star_co_plus_hi_ctl01,171,5,55,65,-0.08870486124,0.9999485886,0,0,0
star_co_plus_hi_ctl10,171,0,5,15,-0.06336645463,0.7979738308,0,0,0
star_co_plus_hi_ctl10,171,1,15,25,-0.03431369061,0.9685321339,0,0,0
star_co_plus_hi_ctl10,171,2,25,35,0.04277483979,0.9288841381,0,0,0
star_co_plus_hi_ctl10,171,3,35,45,0.04247581169,0.9988089846,0,0,0
star_co_plus_hi_ctl10,171,4,45,55,-0.01507407998,0.9760361225,0,0,0
star_co_plus_hi_ctl10,171,5,55,65,-0.08700259574,0.9999485886,0,0,0
star_co_plus_hi_ctl49,171,0,5,15,-0.0641874231,0.7979738308,0,0,0
star_co_plus_hi_ctl49,171,1,15,25,-0.03422918133,0.9685321339,0,0,0
star_co_plus_hi_ctl49,171,2,25,35,0.04219977095,0.9288841381,0,0,0
star_co_plus_hi_ctl49,171,3,35,45,0.04293460141,0.9988089846,0,0,0
star_co_plus_hi_ctl49,171,4,45,55,-0.01640263903,0.9760361225,0,0,0
star_co_plus_hi_ctl49,171,5,55,65,-0.08516513884,0.9999485886,0,0,0
star_only,172,0,5,15,-0.06065807819,0.8164565245,0.03187250996,0,0
star_only,172,1,15,25,-0.03018711041,0.9791750574,0.03187250996,0,0
star_only,172,2,25,35,0.03342041185,0.968110474,0.03187250996,0,0
star_only,172,3,35,45,0.03303249394,0.9529207643,0.03187250996,0,0
star_only,172,4,45,55,-0.0156225774,0.7220646892,0.03187250996,0,0
star_only,172,5,55,65,-0.003967672956,0.9096579853,0.03187250996,0,0
co_independent_only,172,0,5,15,-0.05774485726,0.7770716789,0,0.003984063745,0
co_independent_only,172,1,15,25,-0.03643560529,0.8923255771,0,0.003984063745,0
co_independent_only,172,2,25,35,0.02762874396,0.931726178,0,0.003984063745,0
co_independent_only,172,3,35,45,0.02595733836,0.9986816763,0,0.003984063745,0
co_independent_only,172,4,45,55,-0.04017312195,0.9343224355,0,0.003984063745,0
co_independent_only,172,5,55,65,-0.0921775905,0.9762370048,0,0.003984063745,0
star_plus_co_independent,172,0,5,15,-0.05813707007,0.8164565245,0.03187250996,0.003984063745,0
star_plus_co_independent,172,1,15,25,-0.03082521338,0.9791750574,0.03187250996,0.003984063745,0
star_plus_co_independent,172,2,25,35,0.02691393089,0.968110474,0.03187250996,0.003984063745,0
star_plus_co_independent,172,3,35,45,0.03396723483,0.9529207643,0.03187250996,0.003984063745,0
star_plus_co_independent,172,4,45,55,-0.0150007549,0.7220646892,0.03187250996,0.003984063745,0
star_plus_co_independent,172,5,55,65,0.00163273521,0.9096579853,0.03187250996,0.003984063745,0
star_plus_co_correlated_control,172,0,5,15,-0.06165610553,0.8164565245,0.03187250996,0.02959590211,0
star_plus_co_correlated_control,172,1,15,25,-0.03105067252,0.9791750574,0.03187250996,0.02959590211,0
star_plus_co_correlated_control,172,2,25,35,0.03522578877,0.968110474,0.03187250996,0.02959590211,0
star_plus_co_correlated_control,172,3,35,45,0.03238060413,0.9529207643,0.03187250996,0.02959590211,0
star_plus_co_correlated_control,172,4,45,55,-0.01577175882,0.7220646892,0.03187250996,0.02959590211,0
star_plus_co_correlated_control,172,5,55,65,-0.003010048212,0.9096579853,0.03187250996,0.02959590211,0
star_co_plus_hi_ctl01,172,0,5,15,-0.05787177532,0.8164565245,0.03187250996,0.003984063745,0
star_co_plus_hi_ctl01,172,1,15,25,-0.03046847784,0.9791750574,0.03187250996,0.003984063745,0
star_co_plus_hi_ctl01,172,2,25,35,0.02641477468,0.968110474,0.03187250996,0.003984063745,0
star_co_plus_hi_ctl01,172,3,35,45,0.03469458336,0.9529207643,0.03187250996,0.003984063745,0
star_co_plus_hi_ctl01,172,4,45,55,-0.01438009512,0.7220646892,0.03187250996,0.003984063745,0
star_co_plus_hi_ctl01,172,5,55,65,0.0014949388,0.9096579853,0.03187250996,0.003984063745,0
star_co_plus_hi_ctl10,172,0,5,15,-0.05715630955,0.8164565245,0.03187250996,0.003984063745,0
star_co_plus_hi_ctl10,172,1,15,25,-0.02950583877,0.9791750574,0.03187250996,0.003984063745,0
star_co_plus_hi_ctl10,172,2,25,35,0.02500452357,0.968110474,0.03187250996,0.003984063745,0
star_co_plus_hi_ctl10,172,3,35,45,0.03689589386,0.9529207643,0.03187250996,0.003984063745,0
star_co_plus_hi_ctl10,172,4,45,55,-0.01278723323,0.7220646892,0.03187250996,0.003984063745,0
star_co_plus_hi_ctl10,172,5,55,65,0.001118706747,0.9096579853,0.03187250996,0.003984063745,0
star_co_plus_hi_ctl49,172,0,5,15,-0.05592922585,0.8164565245,0.03187250996,0.003984063745,0
star_co_plus_hi_ctl49,172,1,15,25,-0.02785289558,0.9791750574,0.03187250996,0.003984063745,0
star_co_plus_hi_ctl49,172,2,25,35,0.0225021642,0.968110474,0.03187250996,0.003984063745,0
star_co_plus_hi_ctl49,172,3,35,45,0.04066762598,0.9529207643,0.03187250996,0.003984063745,0
star_co_plus_hi_ctl49,172,4,45,55,-0.01071709322,0.7220646892,0.03187250996,0.003984063745,0
star_co_plus_hi_ctl49,172,5,55,65,0.001204041956,0.9096579853,0.03187250996,0.003984063745,0
star_only,173,0,5,15,-0.05949516877,0.746765806,0.01707455891,0,0
star_only,173,1,15,25,-0.03861965525,0.7429739973,0.01707455891,0,0
star_only,173,2,25,35,0.03465804642,0.8222310583,0.01707455891,0,0
star_only,173,3,35,45,0.03759289972,0.9752009983,0.01707455891,0,0
star_only,173,4,45,55,0.02734291598,0.9996411959,0.01707455891,0,0
star_only,173,5,55,65,-0.04353945102,0.9957764679,0.01707455891,0,0
co_independent_only,173,0,5,15,-0.05897057822,0.7770716789,0,0.00796812749,0
co_independent_only,173,1,15,25,-0.03401220849,0.8923255771,0,0.00796812749,0
co_independent_only,173,2,25,35,0.0302928667,0.931726178,0,0.00796812749,0
co_independent_only,173,3,35,45,0.03101771623,0.9986816763,0,0.00796812749,0
co_independent_only,173,4,45,55,-0.04188009868,0.9343224355,0,0.00796812749,0
co_independent_only,173,5,55,65,-0.1048765563,0.9762370048,0,0.00796812749,0
star_plus_co_independent,173,0,5,15,-0.05812928599,0.746765806,0.01707455891,0.00796812749,0
star_plus_co_independent,173,1,15,25,-0.03652714959,0.7429739973,0.01707455891,0.00796812749,0
star_plus_co_independent,173,2,25,35,0.030177078,0.8222310583,0.01707455891,0.00796812749,0
star_plus_co_independent,173,3,35,45,0.04251626566,0.9752009983,0.01707455891,0.00796812749,0
star_plus_co_independent,173,4,45,55,0.02615470832,0.9996411959,0.01707455891,0.00796812749,0
star_plus_co_independent,173,5,55,65,-0.05083587288,0.9957764679,0.01707455891,0.00796812749,0
star_plus_co_correlated_control,173,0,5,15,-0.05843484394,0.746765806,0.01707455891,0,0
star_plus_co_correlated_control,173,1,15,25,-0.0370448254,0.7429739973,0.01707455891,0,0
star_plus_co_correlated_control,173,2,25,35,0.03226534488,0.8222310583,0.01707455891,0,0
star_plus_co_correlated_control,173,3,35,45,0.03812144246,0.9752009983,0.01707455891,0,0
star_plus_co_correlated_control,173,4,45,55,0.02672492804,0.9996411959,0.01707455891,0,0
star_plus_co_correlated_control,173,5,55,65,-0.04355666368,0.9957764679,0.01707455891,0,0
star_co_plus_hi_ctl01,173,0,5,15,-0.0580973608,0.746765806,0.01707455891,0.00796812749,0
star_co_plus_hi_ctl01,173,1,15,25,-0.0364103359,0.7429739973,0.01707455891,0.00796812749,0
star_co_plus_hi_ctl01,173,2,25,35,0.02985895979,0.8222310583,0.01707455891,0.00796812749,0
star_co_plus_hi_ctl01,173,3,35,45,0.04325168442,0.9752009983,0.01707455891,0.00796812749,0
star_co_plus_hi_ctl01,173,4,45,55,0.02687809393,0.9996411959,0.01707455891,0.00796812749,0
star_co_plus_hi_ctl01,173,5,55,65,-0.0503186857,0.9957764679,0.01707455891,0.00796812749,0
star_co_plus_hi_ctl10,173,0,5,15,-0.05801161355,0.746765806,0.01707455891,0.00796812749,0
star_co_plus_hi_ctl10,173,1,15,25,-0.03609608641,0.7429739973,0.01707455891,0.00796812749,0
star_co_plus_hi_ctl10,173,2,25,35,0.02935944833,0.8222310583,0.01707455891,0.00796812749,0
star_co_plus_hi_ctl10,173,3,35,45,0.04523242674,0.9752009983,0.01707455891,0.00796812749,0
star_co_plus_hi_ctl10,173,4,45,55,0.02862180127,0.9996411959,0.01707455891,0.00796812749,0
star_co_plus_hi_ctl10,173,5,55,65,-0.04891852059,0.9957764679,0.01707455891,0.00796812749,0
star_co_plus_hi_ctl49,173,0,5,15,-0.05786573125,0.746765806,0.01707455891,0.00796812749,0
star_co_plus_hi_ctl49,173,1,15,25,-0.03554616579,0.7429739973,0.01707455891,0.00796812749,0
star_co_plus_hi_ctl49,173,2,25,35,0.02859557926,0.8222310583,0.01707455891,0.00796812749,0
star_co_plus_hi_ctl49,173,3,35,45,0.04862081469,0.9752009983,0.01707455891,0.00796812749,0
star_co_plus_hi_ctl49,173,4,45,55,0.03126258935,0.9996411959,0.01707455891,0.00796812749,0
star_co_plus_hi_ctl49,173,5,55,65,-0.04399025724,0.9957764679,0.01707455891,0.00796812749,0
star_only,174,0,5,15,-0.05850035351,0.8457673163,0,0,0
star_only,174,1,15,25,-0.03090004568,0.9474716239,0,0,0
star_only,174,2,25,35,0.03467991299,0.9855845357,0,0,0
star_only,174,3,35,45,0.01200581006,0.9336218232,0,0,0
star_only,174,4,45,55,-0.09823735725,0.9774249751,0,0,0
star_only,174,5,55,65,-0.1118762516,0.9856132514,0,0,0
co_independent_only,174,0,5,15,-0.0612300752,0.7770716789,0,0,0
co_independent_only,174,1,15,25,-0.03566784414,0.8923255771,0,0,0
co_independent_only,174,2,25,35,0.03424315238,0.931726178,0,0,0
co_independent_only,174,3,35,45,0.01950354838,0.9986816763,0,0,0
co_independent_only,174,4,45,55,-0.04054347923,0.9343224355,0,0,0
co_independent_only,174,5,55,65,-0.09893095814,0.9762370048,0,0,0
star_plus_co_independent,174,0,5,15,-0.05939401618,0.8457673163,0,0,0
star_plus_co_independent,174,1,15,25,-0.03036462904,0.9474716239,0,0,0
star_plus_co_independent,174,2,25,35,0.03430597737,0.9855845357,0,0,0
star_plus_co_independent,174,3,35,45,0.007352931593,0.9336218232,0,0,0
star_plus_co_independent,174,4,45,55,-0.09514930722,0.9774249751,0,0,0
star_plus_co_independent,174,5,55,65,-0.1112901968,0.9856132514,0,0,0
star_plus_co_correlated_control,174,0,5,15,-0.05935822232,0.8457673163,0,0.02618099032,0
star_plus_co_correlated_control,174,1,15,25,-0.03169520481,0.9474716239,0,0.02618099032,0
star_plus_co_correlated_control,174,2,25,35,0.0365300393,0.9855845357,0,0.02618099032,0
star_plus_co_correlated_control,174,3,35,45,0.01101253166,0.9336218232,0,0.02618099032,0
star_plus_co_correlated_control,174,4,45,55,-0.0996351769,0.9774249751,0,0.02618099032,0
star_plus_co_correlated_control,174,5,55,65,-0.1142367004,0.9856132514,0,0.02618099032,0
star_co_plus_hi_ctl01,174,0,5,15,-0.05957490332,0.8457673163,0,0,0
star_co_plus_hi_ctl01,174,1,15,25,-0.03043292885,0.9474716239,0,0,0
star_co_plus_hi_ctl01,174,2,25,35,0.03450239797,0.9855845357,0,0,0
star_co_plus_hi_ctl01,174,3,35,45,0.007544724681,0.9336218232,0,0,0
star_co_plus_hi_ctl01,174,4,45,55,-0.09461973333,0.9774249751,0,0,0
star_co_plus_hi_ctl01,174,5,55,65,-0.1101093941,0.9856132514,0,0,0
star_co_plus_hi_ctl10,174,0,5,15,-0.06006203033,0.8457673163,0,0,0
star_co_plus_hi_ctl10,174,1,15,25,-0.03061685863,0.9474716239,0,0,0
star_co_plus_hi_ctl10,174,2,25,35,0.03503751403,0.9855845357,0,0,0
star_co_plus_hi_ctl10,174,3,35,45,0.008062373996,0.9336218232,0,0,0
star_co_plus_hi_ctl10,174,4,45,55,-0.09319324143,0.9774249751,0,0,0
star_co_plus_hi_ctl10,174,5,55,65,-0.1073022481,0.9856132514,0,0,0
star_co_plus_hi_ctl49,174,0,5,15,-0.06089511528,0.8457673163,0,0,0
star_co_plus_hi_ctl49,174,1,15,25,-0.03093141147,0.9474716239,0,0,0
star_co_plus_hi_ctl49,174,2,25,35,0.03604413544,0.9855845357,0,0,0
star_co_plus_hi_ctl49,174,3,35,45,0.008951574102,0.9336218232,0,0,0
star_co_plus_hi_ctl49,174,4,45,55,-0.09075244194,0.9774249751,0,0,0
star_co_plus_hi_ctl49,174,5,55,65,-0.1033922248,0.9856132514,0,0,0
star_only,175,0,5,15,-0.04967011427,0.710244705,0,0,0
star_only,175,1,15,25,-0.01798307348,0.3877865772,0,0,0
star_only,175,2,25,35,0.02376218031,0.7873075974,0,0,0
star_only,175,3,35,45,-0.007679864211,0.7439399292,0,0,0
star_only,175,4,45,55,0.1699113629,0.3934830012,0,0,0
star_only,175,5,55,65,0.06088604736,0.9323245729,0,0,0
co_independent_only,175,0,5,15,-0.06443473199,0.7770716789,0,0.00796812749,0
co_independent_only,175,1,15,25,-0.0389095888,0.8923255771,0,0.00796812749,0
co_independent_only,175,2,25,35,0.03873246275,0.931726178,0,0.00796812749,0
co_independent_only,175,3,35,45,0.02331052173,0.9986816763,0,0.00796812749,0
co_independent_only,175,4,45,55,-0.04362832104,0.9343224355,0,0.00796812749,0
co_independent_only,175,5,55,65,-0.1080091562,0.9762370048,0,0.00796812749,0
star_plus_co_independent,175,0,5,15,-0.05295741519,0.710244705,0,0.00796812749,0
star_plus_co_independent,175,1,15,25,-0.0241775311,0.3877865772,0,0.00796812749,0
star_plus_co_independent,175,2,25,35,0.02993006997,0.7873075974,0,0.00796812749,0
star_plus_co_independent,175,3,35,45,-0.008331093939,0.7439399292,0,0.00796812749,0
star_plus_co_independent,175,4,45,55,0.1686931761,0.3934830012,0,0.00796812749,0
star_plus_co_independent,175,5,55,65,0.05541972569,0.9323245729,0,0.00796812749,0
star_plus_co_correlated_control,175,0,5,15,-0.04992841141,0.710244705,0,0.006829823563,0
star_plus_co_correlated_control,175,1,15,25,-0.01819004413,0.3877865772,0,0.006829823563,0
star_plus_co_correlated_control,175,2,25,35,0.02435866463,0.7873075974,0,0.006829823563,0
star_plus_co_correlated_control,175,3,35,45,-0.007306019381,0.7439399292,0,0.006829823563,0
star_plus_co_correlated_control,175,4,45,55,0.170843977,0.3934830012,0,0.006829823563,0
star_plus_co_correlated_control,175,5,55,65,0.06190099227,0.9323245729,0,0.006829823563,0
star_co_plus_hi_ctl01,175,0,5,15,-0.05253865581,0.710244705,0,0.00796812749,0
star_co_plus_hi_ctl01,175,1,15,25,-0.02309940525,0.3877865772,0,0.00796812749,0
star_co_plus_hi_ctl01,175,2,25,35,0.02921898873,0.7873075974,0,0.00796812749,0
star_co_plus_hi_ctl01,175,3,35,45,-0.007696290786,0.7439399292,0,0.00796812749,0
star_co_plus_hi_ctl01,175,4,45,55,0.1680061941,0.3934830012,0,0.00796812749,0
star_co_plus_hi_ctl01,175,5,55,65,0.0556720688,0.9323245729,0,0.00796812749,0
star_co_plus_hi_ctl10,175,0,5,15,-0.05141021972,0.710244705,0,0.00796812749,0
star_co_plus_hi_ctl10,175,1,15,25,-0.0201931495,0.3877865772,0,0.00796812749,0
star_co_plus_hi_ctl10,175,2,25,35,0.02730247774,0.7873075974,0,0.00796812749,0
star_co_plus_hi_ctl10,175,3,35,45,-0.005986326446,0.7439399292,0,0.00796812749,0
star_co_plus_hi_ctl10,175,4,45,55,0.1661614939,0.3934830012,0,0.00796812749,0
star_co_plus_hi_ctl10,175,5,55,65,0.05634902813,0.9323245729,0,0.00796812749,0
star_co_plus_hi_ctl49,175,0,5,15,-0.04947792142,0.710244705,0,0.00796812749,0
star_co_plus_hi_ctl49,175,1,15,25,-0.01521152206,0.3877865772,0,0.00796812749,0
star_co_plus_hi_ctl49,175,2,25,35,0.02351985658,0.7873075974,0,0.00796812749,0
star_co_plus_hi_ctl49,175,3,35,45,-0.003060411569,0.7439399292,0,0.00796812749,0
star_co_plus_hi_ctl49,175,4,45,55,0.1630245697,0.3934830012,0,0.00796812749,0
star_co_plus_hi_ctl49,175,5,55,65,0.05749805789,0.9323245729,0,0.00796812749,0
star_only,176,0,5,15,-0.06113910643,0.6307741036,0.009675583381,0,0
star_only,176,1,15,25,-0.03404860047,0.505015051,0.009675583381,0,0
star_only,176,2,25,35,0.0339639206,0.6088293221,0.009675583381,0,0
star_only,176,3,35,45,0.02410282844,0.8994510486,0.009675583381,0,0
star_only,176,4,45,55,-0.01384513409,0.8372292654,0.009675583381,0,0
star_only,176,5,55,65,-0.1412403049,0.9046567115,0.009675583381,0,0
co_independent_only,176,0,5,15,-0.05652511168,0.7770716789,0,0,0
co_independent_only,176,1,15,25,-0.03615970485,0.8923255771,0,0,0
co_independent_only,176,2,25,35,0.0284737643,0.931726178,0,0,0
co_independent_only,176,3,35,45,0.02385402034,0.9986816763,0,0,0
co_independent_only,176,4,45,55,-0.04339894559,0.9343224355,0,0,0
co_independent_only,176,5,55,65,-0.09187698636,0.9762370048,0,0,0
star_plus_co_independent,176,0,5,15,-0.05734999776,0.6307741036,0.009675583381,0,0
star_plus_co_independent,176,1,15,25,-0.03458794459,0.505015051,0.009675583381,0,0
star_plus_co_independent,176,2,25,35,0.0287777368,0.6088293221,0.009675583381,0,0
star_plus_co_independent,176,3,35,45,0.02328855381,0.8994510486,0.009675583381,0,0
star_plus_co_independent,176,4,45,55,-0.0158955842,0.8372292654,0.009675583381,0,0
star_plus_co_independent,176,5,55,65,-0.1327556085,0.9046567115,0.009675583381,0,0
star_plus_co_correlated_control,176,0,5,15,-0.06196049172,0.6307741036,0.009675583381,0.02447353443,0
star_plus_co_correlated_control,176,1,15,25,-0.03485579246,0.505015051,0.009675583381,0.02447353443,0
star_plus_co_correlated_control,176,2,25,35,0.03553557777,0.6088293221,0.009675583381,0.02447353443,0
star_plus_co_correlated_control,176,3,35,45,0.02338028599,0.8994510486,0.009675583381,0.02447353443,0
star_plus_co_correlated_control,176,4,45,55,-0.01394112366,0.8372292654,0.009675583381,0.02447353443,0
star_plus_co_correlated_control,176,5,55,65,-0.1442016481,0.9046567115,0.009675583381,0.02447353443,0
star_co_plus_hi_ctl01,176,0,5,15,-0.05742901174,0.6307741036,0.009675583381,0,0
star_co_plus_hi_ctl01,176,1,15,25,-0.0347897728,0.505015051,0.009675583381,0,0
star_co_plus_hi_ctl01,176,2,25,35,0.0285821818,0.6088293221,0.009675583381,0,0
star_co_plus_hi_ctl01,176,3,35,45,0.02342049874,0.8994510486,0.009675583381,0,0
star_co_plus_hi_ctl01,176,4,45,55,-0.01547673076,0.8372292654,0.009675583381,0,0
star_co_plus_hi_ctl01,176,5,55,65,-0.1322937455,0.9046567115,0.009675583381,0,0
star_co_plus_hi_ctl10,176,0,5,15,-0.05764177553,0.6307741036,0.009675583381,0,0
star_co_plus_hi_ctl10,176,1,15,25,-0.0353062354,0.505015051,0.009675583381,0,0
star_co_plus_hi_ctl10,176,2,25,35,0.02805608012,0.6088293221,0.009675583381,0,0
star_co_plus_hi_ctl10,176,3,35,45,0.02377550597,0.8994510486,0.009675583381,0,0
star_co_plus_hi_ctl10,176,4,45,55,-0.01435140048,0.8372292654,0.009675583381,0,0
star_co_plus_hi_ctl10,176,5,55,65,-0.1312245955,0.9046567115,0.009675583381,0,0
star_co_plus_hi_ctl49,176,0,5,15,-0.05800557683,0.6307741036,0.009675583381,0,0
star_co_plus_hi_ctl49,176,1,15,25,-0.03614135999,0.505015051,0.009675583381,0,0
star_co_plus_hi_ctl49,176,2,25,35,0.0271581114,0.6088293221,0.009675583381,0,0
star_co_plus_hi_ctl49,176,3,35,45,0.02385961389,0.8994510486,0.009675583381,0,0
star_co_plus_hi_ctl49,176,4,45,55,-0.01270219099,0.8372292654,0.009675583381,0,0
star_co_plus_hi_ctl49,176,5,55,65,-0.1297497273,0.9046567115,0.009675583381,0,0
star_only,177,0,5,15,-0.0610949384,0.676093863,0.003984063745,0,0
star_only,177,1,15,25,-0.03066427394,0.7309598423,0.003984063745,0,0
star_only,177,2,25,35,0.03467602041,0.8579466241,0.003984063745,0,0
star_only,177,3,35,45,0.02225700447,0.9933087124,0.003984063745,0,0
star_only,177,4,45,55,-0.07409681695,0.9971986051,0.003984063745,0,0
star_only,177,5,55,65,-0.2013882933,0.9238986964,0.003984063745,0,0
co_independent_only,177,0,5,15,-0.05911074876,0.7770716789,0,0.003414911781,0
co_independent_only,177,1,15,25,-0.04002775137,0.8923255771,0,0.003414911781,0
co_independent_only,177,2,25,35,0.02938017135,0.931726178,0,0.003414911781,0
co_independent_only,177,3,35,45,0.01688801466,0.9986816763,0,0.003414911781,0
co_independent_only,177,4,45,55,-0.04544043468,0.9343224355,0,0.003414911781,0
co_independent_only,177,5,55,65,-0.1071571686,0.9762370048,0,0.003414911781,0
star_plus_co_independent,177,0,5,15,-0.06033987283,0.676093863,0.003984063745,0.003414911781,0
star_plus_co_independent,177,1,15,25,-0.03514160505,0.7309598423,0.003984063745,0.003414911781,0
star_plus_co_independent,177,2,25,35,0.02903679527,0.8579466241,0.003984063745,0.003414911781,0
star_plus_co_independent,177,3,35,45,0.01467455286,0.9933087124,0.003984063745,0.003414911781,0
star_plus_co_independent,177,4,45,55,-0.07837256276,0.9971986051,0.003984063745,0.003414911781,0
star_plus_co_independent,177,5,55,65,-0.2095600789,0.9238986964,0.003984063745,0.003414911781,0
star_plus_co_correlated_control,177,0,5,15,-0.05957571335,0.676093863,0.003984063745,0,0
star_plus_co_correlated_control,177,1,15,25,-0.02891707279,0.7309598423,0.003984063745,0,0
star_plus_co_correlated_control,177,2,25,35,0.03145774621,0.8579466241,0.003984063745,0,0
star_plus_co_correlated_control,177,3,35,45,0.02363190678,0.9933087124,0.003984063745,0,0
star_plus_co_correlated_control,177,4,45,55,-0.07244286538,0.9971986051,0.003984063745,0,0
star_plus_co_correlated_control,177,5,55,65,-0.1937005664,0.9238986964,0.003984063745,0,0
star_co_plus_hi_ctl01,177,0,5,15,-0.06066504685,0.676093863,0.003984063745,0.003414911781,0
star_co_plus_hi_ctl01,177,1,15,25,-0.03535929489,0.7309598423,0.003984063745,0.003414911781,0
star_co_plus_hi_ctl01,177,2,25,35,0.02923851882,0.8579466241,0.003984063745,0.003414911781,0
star_co_plus_hi_ctl01,177,3,35,45,0.01415707539,0.9933087124,0.003984063745,0.003414911781,0
star_co_plus_hi_ctl01,177,4,45,55,-0.07849375903,0.9971986051,0.003984063745,0.003414911781,0
star_co_plus_hi_ctl01,177,5,55,65,-0.2088536097,0.9238986964,0.003984063745,0.003414911781,0
star_co_plus_hi_ctl10,177,0,5,15,-0.06154080305,0.676093863,0.003984063745,0.003414911781,0
star_co_plus_hi_ctl10,177,1,15,25,-0.03594492069,0.7309598423,0.003984063745,0.003414911781,0
star_co_plus_hi_ctl10,177,2,25,35,0.0297816907,0.8579466241,0.003984063745,0.003414911781,0
star_co_plus_hi_ctl10,177,3,35,45,0.01276529258,0.9933087124,0.003984063745,0.003414911781,0
star_co_plus_hi_ctl10,177,4,45,55,-0.07881951978,0.9971986051,0.003984063745,0.003414911781,0
star_co_plus_hi_ctl10,177,5,55,65,-0.2070694779,0.9238986964,0.003984063745,0.003414911781,0
star_co_plus_hi_ctl49,177,0,5,15,-0.06303874622,0.676093863,0.003984063745,0.003414911781,0
star_co_plus_hi_ctl49,177,1,15,25,-0.03694439856,0.7309598423,0.003984063745,0.003414911781,0
star_co_plus_hi_ctl49,177,2,25,35,0.03071039512,0.8579466241,0.003984063745,0.003414911781,0
star_co_plus_hi_ctl49,177,3,35,45,0.01039104416,0.9933087124,0.003984063745,0.003414911781,0
star_co_plus_hi_ctl49,177,4,45,55,-0.07937455191,0.9971986051,0.003984063745,0.003414911781,0
star_co_plus_hi_ctl49,177,5,55,65,-0.2050142608,0.9238986964,0.003984063745,0.003414911781,0
star_only,178,0,5,15,-0.05934324178,0.854684358,0.003984063745,0,0
star_only,178,1,15,25,-0.03729222999,0.9683413085,0.003984063745,0,0
star_only,178,2,25,35,0.03417043965,0.9746124575,0.003984063745,0,0
star_only,178,3,35,45,0.02612595051,0.9557035174,0.003984063745,0,0
star_only,178,4,45,55,-0.05674952211,0.8622423039,0.003984063745,0,0
star_only,178,5,55,65,-0.02791989631,0.9825776774,0.003984063745,0,0
co_independent_only,178,0,5,15,-0.05828833413,0.7770716789,0,0.002276607854,0
co_independent_only,178,1,15,25,-0.03603989842,0.8923255771,0,0.002276607854,0
co_independent_only,178,2,25,35,0.03435878886,0.931726178,0,0.002276607854,0
co_independent_only,178,3,35,45,0.02132018977,0.9986816763,0,0.002276607854,0
co_independent_only,178,4,45,55,-0.04315540127,0.9343224355,0,0.002276607854,0
co_independent_only,178,5,55,65,-0.09877717505,0.9762370048,0,0.002276607854,0
star_plus_co_independent,178,0,5,15,-0.05740965075,0.854684358,0.003984063745,0.002276607854,0
star_plus_co_independent,178,1,15,25,-0.0371173831,0.9683413085,0.003984063745,0.002276607854,0
star_plus_co_independent,178,2,25,35,0.03414491644,0.9746124575,0.003984063745,0.002276607854,0
star_plus_co_independent,178,3,35,45,0.02308347864,0.9557035174,0.003984063745,0.002276607854,0
star_plus_co_independent,178,4,45,55,-0.06053756885,0.8622423039,0.003984063745,0.002276607854,0
star_plus_co_independent,178,5,55,65,-0.02712361879,0.9825776774,0.003984063745,0.002276607854,0
star_plus_co_correlated_control,178,0,5,15,-0.05901238472,0.854684358,0.003984063745,0,0
star_plus_co_correlated_control,178,1,15,25,-0.03682204682,0.9683413085,0.003984063745,0,0
star_plus_co_correlated_control,178,2,25,35,0.03346942384,0.9746124575,0.003984063745,0,0
star_plus_co_correlated_control,178,3,35,45,0.02641003554,0.9557035174,0.003984063745,0,0
star_plus_co_correlated_control,178,4,45,55,-0.05646746831,0.8622423039,0.003984063745,0,0
star_plus_co_correlated_control,178,5,55,65,-0.02800120882,0.9825776774,0.003984063745,0,0
star_co_plus_hi_ctl01,178,0,5,15,-0.05728671519,0.854684358,0.003984063745,0.002276607854,0
star_co_plus_hi_ctl01,178,1,15,25,-0.03686335682,0.9683413085,0.003984063745,0.002276607854,0
star_co_plus_hi_ctl01,178,2,25,35,0.03498678209,0.9746124575,0.003984063745,0.002276607854,0
star_co_plus_hi_ctl01,178,3,35,45,0.02333290148,0.9557035174,0.003984063745,0.002276607854,0
star_co_plus_hi_ctl01,178,4,45,55,-0.06036996319,0.8622423039,0.003984063745,0.002276607854,0
star_co_plus_hi_ctl01,178,5,55,65,-0.02674581141,0.9825776774,0.003984063745,0.002276607854,0
star_co_plus_hi_ctl10,178,0,5,15,-0.05695565706,0.854684358,0.003984063745,0.002276607854,0
star_co_plus_hi_ctl10,178,1,15,25,-0.03617955389,0.9683413085,0.003984063745,0.002276607854,0
star_co_plus_hi_ctl10,178,2,25,35,0.03750551552,0.9746124575,0.003984063745,0.002276607854,0
star_co_plus_hi_ctl10,178,3,35,45,0.02420942254,0.9557035174,0.003984063745,0.002276607854,0
star_co_plus_hi_ctl10,178,4,45,55,-0.05964356073,0.8622423039,0.003984063745,0.002276607854,0
star_co_plus_hi_ctl10,178,5,55,65,-0.02572898327,0.9825776774,0.003984063745,0.002276607854,0
star_co_plus_hi_ctl49,178,0,5,15,-0.05638950106,0.854684358,0.003984063745,0.002276607854,0
star_co_plus_hi_ctl49,178,1,15,25,-0.03501108232,0.9683413085,0.003984063745,0.002276607854,0
star_co_plus_hi_ctl49,178,2,25,35,0.04172353417,0.9746124575,0.003984063745,0.002276607854,0
star_co_plus_hi_ctl49,178,3,35,45,0.02596733768,0.9557035174,0.003984063745,0.002276607854,0
star_co_plus_hi_ctl49,178,4,45,55,-0.05741876573,0.8622423039,0.003984063745,0.002276607854,0
star_co_plus_hi_ctl49,178,5,55,65,-0.02399203856,0.9825776774,0.003984063745,0.002276607854,0
star_only,179,0,5,15,-0.05804636564,0.7910348332,0.009106431417,0,0
star_only,179,1,15,25,-0.03324583117,0.4806091694,0.009106431417,0,0
star_only,179,2,25,35,0.03459971854,0.8588652221,0.009106431417,0,0
star_only,179,3,35,45,0.01930243492,0.988177946,0.009106431417,0,0
star_only,179,4,45,55,-0.1257820894,0.994295232,0.009106431417,0,0
star_only,179,5,55,65,-0.07843513511,0.9964631542,0.009106431417,0,0
co_independent_only,179,0,5,15,-0.05927076558,0.7770716789,0,0.001138303927,0
co_independent_only,179,1,15,25,-0.03398335547,0.8923255771,0,0.001138303927,0
co_independent_only,179,2,25,35,0.03808916285,0.931726178,0,0.001138303927,0
co_independent_only,179,3,35,45,0.02856618594,0.9986816763,0,0.001138303927,0
co_independent_only,179,4,45,55,-0.03266425761,0.9343224355,0,0.001138303927,0
co_independent_only,179,5,55,65,-0.09348548931,0.9762370048,0,0.001138303927,0
star_plus_co_independent,179,0,5,15,-0.05714845201,0.7910348332,0.009106431417,0.001138303927,0
star_plus_co_independent,179,1,15,25,-0.03117718993,0.4806091694,0.009106431417,0.001138303927,0
star_plus_co_independent,179,2,25,35,0.03773253823,0.8588652221,0.009106431417,0.001138303927,0
star_plus_co_independent,179,3,35,45,0.02293890064,0.988177946,0.009106431417,0.001138303927,0
star_plus_co_independent,179,4,45,55,-0.1168837305,0.994295232,0.009106431417,0.001138303927,0
star_plus_co_independent,179,5,55,65,-0.07314690534,0.9964631542,0.009106431417,0.001138303927,0
star_plus_co_correlated_control,179,0,5,15,-0.06202441036,0.7910348332,0.009106431417,0.1365964713,0
star_plus_co_correlated_control,179,1,15,25,-0.03730126557,0.4806091694,0.009106431417,0.1365964713,0
star_plus_co_correlated_control,179,2,25,35,0.04223006503,0.8588652221,0.009106431417,0.1365964713,0
star_plus_co_correlated_control,179,3,35,45,0.01545921163,0.988177946,0.009106431417,0.1365964713,0
star_plus_co_correlated_control,179,4,45,55,-0.1339650919,0.994295232,0.009106431417,0.1365964713,0
star_plus_co_correlated_control,179,5,55,65,-0.08537197104,0.9964631542,0.009106431417,0.1365964713,0
star_co_plus_hi_ctl01,179,0,5,15,-0.05672930231,0.7910348332,0.009106431417,0.001138303927,0
star_co_plus_hi_ctl01,179,1,15,25,-0.03082109878,0.4806091694,0.009106431417,0.001138303927,0
star_co_plus_hi_ctl01,179,2,25,35,0.03728241771,0.8588652221,0.009106431417,0.001138303927,0
star_co_plus_hi_ctl01,179,3,35,45,0.02375221342,0.988177946,0.009106431417,0.001138303927,0
star_co_plus_hi_ctl01,179,4,45,55,-0.1171311295,0.994295232,0.009106431417,0.001138303927,0
star_co_plus_hi_ctl01,179,5,55,65,-0.07205311633,0.9964631542,0.009106431417,0.001138303927,0
star_co_plus_hi_ctl10,179,0,5,15,-0.05560172663,0.7910348332,0.009106431417,0.001138303927,0
star_co_plus_hi_ctl10,179,1,15,25,-0.0298621757,0.4806091694,0.009106431417,0.001138303927,0
star_co_plus_hi_ctl10,179,2,25,35,0.03549910535,0.8588652221,0.009106431417,0.001138303927,0
star_co_plus_hi_ctl10,179,3,35,45,0.02593720706,0.988177946,0.009106431417,0.001138303927,0
star_co_plus_hi_ctl10,179,4,45,55,-0.1178020856,0.994295232,0.009106431417,0.001138303927,0
star_co_plus_hi_ctl10,179,5,55,65,-0.06928001201,0.9964631542,0.009106431417,0.001138303927,0
star_co_plus_hi_ctl49,179,0,5,15,-0.05367735566,0.7910348332,0.009106431417,0.001138303927,0
star_co_plus_hi_ctl49,179,1,15,25,-0.02781124751,0.4806091694,0.009106431417,0.001138303927,0
star_co_plus_hi_ctl49,179,2,25,35,0.03244845913,0.8588652221,0.009106431417,0.001138303927,0
star_co_plus_hi_ctl49,179,3,35,45,0.02965636922,0.988177946,0.009106431417,0.001138303927,0
star_co_plus_hi_ctl49,179,4,45,55,-0.1189655104,0.994295232,0.009106431417,0.001138303927,0
star_co_plus_hi_ctl49,179,5,55,65,-0.06444123205,0.9964631542,0.009106431417,0.001138303927,0
star_only,180,0,5,15,-0.05565369106,0.8672629588,0.0187820148,0,0
star_only,180,1,15,25,-0.04142938886,0.6592728689,0.0187820148,0,0
star_only,180,2,25,35,0.03470645807,0.9367189257,0.0187820148,0,0
star_only,180,3,35,45,0.02646870809,0.9728272636,0.0187820148,0,0
star_only,180,4,45,55,-0.1070089596,0.9895311129,0.0187820148,0,0
star_only,180,5,55,65,-0.09135799341,0.9946018548,0.0187820148,0,0
co_independent_only,180,0,5,15,-0.05857080823,0.7770716789,0,0.003984063745,0
co_independent_only,180,1,15,25,-0.02976476732,0.8923255771,0,0.003984063745,0
co_independent_only,180,2,25,35,0.03255483876,0.931726178,0,0.003984063745,0
co_independent_only,180,3,35,45,0.0323964625,0.9986816763,0,0.003984063745,0
co_independent_only,180,4,45,55,-0.02968405553,0.9343224355,0,0.003984063745,0
co_independent_only,180,5,55,65,-0.09311431166,0.9762370048,0,0.003984063745,0
star_plus_co_independent,180,0,5,15,-0.05449670971,0.8672629588,0.0187820148,0.003984063745,0
star_plus_co_independent,180,1,15,25,-0.03433221168,0.6592728689,0.0187820148,0.003984063745,0
star_plus_co_independent,180,2,25,35,0.03283844906,0.9367189257,0.0187820148,0.003984063745,0
star_plus_co_independent,180,3,35,45,0.03452350419,0.9728272636,0.0187820148,0.003984063745,0
star_plus_co_independent,180,4,45,55,-0.09658869044,0.9895311129,0.0187820148,0.003984063745,0
star_plus_co_independent,180,5,55,65,-0.08556645806,0.9946018548,0.0187820148,0.003984063745,0
star_plus_co_correlated_control,180,0,5,15,-0.05498815807,0.8672629588,0.0187820148,0,0
star_plus_co_correlated_control,180,1,15,25,-0.04029469286,0.6592728689,0.0187820148,0,0
star_plus_co_correlated_control,180,2,25,35,0.0331200961,0.9367189257,0.0187820148,0,0
star_plus_co_correlated_control,180,3,35,45,0.02707458351,0.9728272636,0.0187820148,0,0
star_plus_co_correlated_control,180,4,45,55,-0.1057828031,0.9895311129,0.0187820148,0,0
star_plus_co_correlated_control,180,5,55,65,-0.09005789217,0.9946018548,0.0187820148,0,0
star_co_plus_hi_ctl01,180,0,5,15,-0.05447447519,0.8672629588,0.0187820148,0.003984063745,0
star_co_plus_hi_ctl01,180,1,15,25,-0.03448809521,0.6592728689,0.0187820148,0.003984063745,0
star_co_plus_hi_ctl01,180,2,25,35,0.03298655663,0.9367189257,0.0187820148,0.003984063745,0
star_co_plus_hi_ctl01,180,3,35,45,0.03368974178,0.9728272636,0.0187820148,0.003984063745,0
star_co_plus_hi_ctl01,180,4,45,55,-0.09596324471,0.9895311129,0.0187820148,0.003984063745,0
star_co_plus_hi_ctl01,180,5,55,65,-0.08479473222,0.9946018548,0.0187820148,0.003984063745,0
star_co_plus_hi_ctl10,180,0,5,15,-0.05441472785,0.8672629588,0.0187820148,0.003984063745,0
star_co_plus_hi_ctl10,180,1,15,25,-0.03490773226,0.6592728689,0.0187820148,0.003984063745,0
star_co_plus_hi_ctl10,180,2,25,35,0.03338520901,0.9367189257,0.0187820148,0.003984063745,0
star_co_plus_hi_ctl10,180,3,35,45,0.03144069124,0.9728272636,0.0187820148,0.003984063745,0
star_co_plus_hi_ctl10,180,4,45,55,-0.09428931778,0.9895311129,0.0187820148,0.003984063745,0
star_co_plus_hi_ctl10,180,5,55,65,-0.08185942916,0.9946018548,0.0187820148,0.003984063745,0
star_co_plus_hi_ctl49,180,0,5,15,-0.05431298521,0.8672629588,0.0187820148,0.003984063745,0
star_co_plus_hi_ctl49,180,1,15,25,-0.03562487049,0.6592728689,0.0187820148,0.003984063745,0
star_co_plus_hi_ctl49,180,2,25,35,0.03406631015,0.9367189257,0.0187820148,0.003984063745,0
star_co_plus_hi_ctl49,180,3,35,45,0.02758165152,0.9728272636,0.0187820148,0.003984063745,0
star_co_plus_hi_ctl49,180,4,45,55,-0.09146134581,0.9895311129,0.0187820148,0.003984063745,0
star_co_plus_hi_ctl49,180,5,55,65,-0.07686734124,0.9946018548,0.0187820148,0.003984063745,0
star_only,181,0,5,15,-0.0611069143,0.7858507164,0.01309049516,0,0
star_only,181,1,15,25,-0.03798165437,0.9591339975,0.01309049516,0,0
star_only,181,2,25,35,0.03439819391,0.9846578973,0.01309049516,0,0
star_only,181,3,35,45,0.03845437341,0.9772926178,0.01309049516,0,0
star_only,181,4,45,55,0.03529302856,0.8866527816,0.01309049516,0,0
star_only,181,5,55,65,-0.05648667359,0.9558852085,0.01309049516,0,0
co_independent_only,181,0,5,15,-0.06186247686,0.7770716789,0,0,0
co_independent_only,181,1,15,25,-0.04210030253,0.8923255771,0,0,0
co_independent_only,181,2,25,35,0.0310247526,0.931726178,0,0,0
co_independent_only,181,3,35,45,0.01734299239,0.9986816763,0,0,0
co_independent_only,181,4,45,55,-0.04377917235,0.9343224355,0,0,0
co_independent_only,181,5,55,65,-0.1025989762,0.9762370048,0,0,0
star_plus_co_independent,181,0,5,15,-0.06300080636,0.7858507164,0.01309049516,0,0
star_plus_co_independent,181,1,15,25,-0.04389435063,0.9591339975,0.01309049516,0,0
star_plus_co_independent,181,2,25,35,0.03003385897,0.9846578973,0.01309049516,0,0
star_plus_co_independent,181,3,35,45,0.03105825974,0.9772926178,0.01309049516,0,0
star_plus_co_independent,181,4,45,55,0.02933141296,0.8866527816,0.01309049516,0,0
star_plus_co_independent,181,5,55,65,-0.06002785535,0.9558852085,0.01309049516,0,0
star_plus_co_correlated_control,181,0,5,15,-0.06025399371,0.7858507164,0.01309049516,0,0
star_plus_co_correlated_control,181,1,15,25,-0.03677770335,0.9591339975,0.01309049516,0,0
star_plus_co_correlated_control,181,2,25,35,0.03263050564,0.9846578973,0.01309049516,0,0
star_plus_co_correlated_control,181,3,35,45,0.03883744783,0.9772926178,0.01309049516,0,0
star_plus_co_correlated_control,181,4,45,55,0.03470129145,0.8866527816,0.01309049516,0,0
star_plus_co_correlated_control,181,5,55,65,-0.05603501391,0.9558852085,0.01309049516,0,0
star_co_plus_hi_ctl01,181,0,5,15,-0.0631948683,0.7858507164,0.01309049516,0,0
star_co_plus_hi_ctl01,181,1,15,25,-0.04412719942,0.9591339975,0.01309049516,0,0
star_co_plus_hi_ctl01,181,2,25,35,0.03032648201,0.9846578973,0.01309049516,0,0
star_co_plus_hi_ctl01,181,3,35,45,0.03131219078,0.9772926178,0.01309049516,0,0
star_co_plus_hi_ctl01,181,4,45,55,0.02965245852,0.8866527816,0.01309049516,0,0
star_co_plus_hi_ctl01,181,5,55,65,-0.05906554549,0.9558852085,0.01309049516,0,0
star_co_plus_hi_ctl10,181,0,5,15,-0.06371661883,0.7858507164,0.01309049516,0,0
star_co_plus_hi_ctl10,181,1,15,25,-0.04435839004,0.9591339975,0.01309049516,0,0
star_co_plus_hi_ctl10,181,2,25,35,0.03111315448,0.9846578973,0.01309049516,0,0
star_co_plus_hi_ctl10,181,3,35,45,0.03197993078,0.9772926178,0.01309049516,0,0
star_co_plus_hi_ctl10,181,4,45,55,0.03051737133,0.8866527816,0.01309049516,0,0
star_co_plus_hi_ctl10,181,5,55,65,-0.05682262331,0.9558852085,0.01309049516,0,0
star_co_plus_hi_ctl49,181,0,5,15,-0.06460603421,0.7858507164,0.01309049516,0,0
star_co_plus_hi_ctl49,181,1,15,25,-0.04467423812,0.9591339975,0.01309049516,0,0
star_co_plus_hi_ctl49,181,2,25,35,0.03245395052,0.9846578973,0.01309049516,0,0
star_co_plus_hi_ctl49,181,3,35,45,0.03306351687,0.9772926178,0.01309049516,0,0
star_co_plus_hi_ctl49,181,4,45,55,0.03199769948,0.8866527816,0.01309049516,0,0
star_co_plus_hi_ctl49,181,5,55,65,-0.05520965697,0.9558852085,0.01309049516,0,0
star_only,182,0,5,15,-0.06114167411,0.7951636948,0,0,0
star_only,182,1,15,25,-0.03246039851,0.9930006836,0,0,0
star_only,182,2,25,35,0.03460937372,0.9904584804,0,0,0
star_only,182,3,35,45,0.015266789,0.9863493998,0,0,0
star_only,182,4,45,55,-0.1016314071,0.9405674588,0,0,0
star_only,182,5,55,65,-0.2160889793,0.9642541451,0,0,0
co_independent_only,182,0,5,15,-0.05826905287,0.7770716789,0,0,0
co_independent_only,182,1,15,25,-0.03411857562,0.8923255771,0,0,0
co_independent_only,182,2,25,35,0.03232676865,0.931726178,0,0,0
co_independent_only,182,3,35,45,0.02126984307,0.9986816763,0,0,0
co_independent_only,182,4,45,55,-0.04574846007,0.9343224355,0,0,0
co_independent_only,182,5,55,65,-0.1054028348,0.9762370048,0,0,0
star_plus_co_independent,182,0,5,15,-0.05893627679,0.7951636948,0,0,0
star_plus_co_independent,182,1,15,25,-0.03079925889,0.9930006836,0,0,0
star_plus_co_independent,182,2,25,35,0.03250748304,0.9904584804,0,0,0
star_plus_co_independent,182,3,35,45,0.0110972165,0.9863493998,0,0,0
star_plus_co_independent,182,4,45,55,-0.1077442249,0.9405674588,0,0,0
star_plus_co_independent,182,5,55,65,-0.2232004335,0.9642541451,0,0,0
star_plus_co_correlated_control,182,0,5,15,-0.0627183078,0.7951636948,0,0.04667046101,0
star_plus_co_correlated_control,182,1,15,25,-0.03392673428,0.9930006836,0,0.04667046101,0
star_plus_co_correlated_control,182,2,25,35,0.03749815524,0.9904584804,0,0.04667046101,0
star_plus_co_correlated_control,182,3,35,45,0.01360771133,0.9863493998,0,0.04667046101,0
star_plus_co_correlated_control,182,4,45,55,-0.1041833158,0.9405674588,0,0.04667046101,0
star_plus_co_correlated_control,182,5,55,65,-0.2264311027,0.9642541451,0,0.04667046101,0
star_co_plus_hi_ctl01,182,0,5,15,-0.05884924516,0.7951636948,0,0,0
star_co_plus_hi_ctl01,182,1,15,25,-0.03096818203,0.9930006836,0,0,0
star_co_plus_hi_ctl01,182,2,25,35,0.03150619212,0.9904584804,0,0,0
star_co_plus_hi_ctl01,182,3,35,45,0.01006445294,0.9863493998,0,0,0
star_co_plus_hi_ctl01,182,4,45,55,-0.1093028693,0.9405674588,0,0,0
star_co_plus_hi_ctl01,182,5,55,65,-0.2256514196,0.9642541451,0,0,0
star_co_plus_hi_ctl10,182,0,5,15,-0.05861481293,0.7951636948,0,0,0
star_co_plus_hi_ctl10,182,1,15,25,-0.03142353646,0.9930006836,0,0,0
star_co_plus_hi_ctl10,182,2,25,35,0.02865121531,0.9904584804,0,0,0
star_co_plus_hi_ctl10,182,3,35,45,0.007277433354,0.9863493998,0,0,0
star_co_plus_hi_ctl10,182,4,45,55,-0.1129134624,0.9405674588,0,0,0
star_co_plus_hi_ctl10,182,5,55,65,-0.2326664237,0.9642541451,0,0,0
star_co_plus_hi_ctl49,182,0,5,15,-0.05821369408,0.7951636948,0,0,0
star_co_plus_hi_ctl49,182,1,15,25,-0.03105660778,0.9930006836,0,0,0
star_co_plus_hi_ctl49,182,2,25,35,0.02368942813,0.9904584804,0,0,0
star_co_plus_hi_ctl49,182,3,35,45,0.002491258999,0.9863493998,0,0,0
star_co_plus_hi_ctl49,182,4,45,55,-0.1190152493,0.9405674588,0,0,0
star_co_plus_hi_ctl49,182,5,55,65,-0.2436204358,0.9642541451,0,0,0
star_only,183,0,5,15,-0.06114089199,0.7978891263,0,0,0
star_only,183,1,15,25,-0.03435688015,0.9818042797,0,0,0
star_only,183,2,25,35,0.03464587791,0.9696285309,0,0,0
star_only,183,3,35,45,0.02715127757,0.9991143551,0,0,0
star_only,183,4,45,55,-0.05402105393,0.9441468777,0,0,0
star_only,183,5,55,65,-0.08912832416,0.9999953703,0,0,0
co_independent_only,183,0,5,15,-0.05907853814,0.7770716789,0,0,0
co_independent_only,183,1,15,25,-0.03514146596,0.8923255771,0,0,0
co_independent_only,183,2,25,35,0.03019923173,0.931726178,0,0,0
co_independent_only,183,3,35,45,0.02526878777,0.9986816763,0,0,0
co_independent_only,183,4,45,55,-0.04062372256,0.9343224355,0,0,0
co_independent_only,183,5,55,65,-0.1009579869,0.9762370048,0,0,0
star_plus_co_independent,183,0,5,15,-0.0598570413,0.7978891263,0,0,0
star_plus_co_independent,183,1,15,25,-0.03358081516,0.9818042797,0,0,0
star_plus_co_independent,183,2,25,35,0.03023808184,0.9696285309,0,0,0
star_plus_co_independent,183,3,35,45,0.02831321868,0.9991143551,0,0,0
star_plus_co_independent,183,4,45,55,-0.05524817348,0.9441468777,0,0,0
star_plus_co_independent,183,5,55,65,-0.09058753432,0.9999953703,0,0,0
star_plus_co_correlated_control,183,0,5,15,-0.06291546069,0.7978891263,0,0.05236198065,0
star_plus_co_correlated_control,183,1,15,25,-0.03611932944,0.9818042797,0,0.05236198065,0
star_plus_co_correlated_control,183,2,25,35,0.03786607506,0.9696285309,0,0.05236198065,0
star_plus_co_correlated_control,183,3,35,45,0.02570911144,0.9991143551,0,0.05236198065,0
star_plus_co_correlated_control,183,4,45,55,-0.05545067675,0.9441468777,0,0.05236198065,0
star_plus_co_correlated_control,183,5,55,65,-0.0930243107,0.9999953703,0,0.05236198065,0
star_co_plus_hi_ctl01,183,0,5,15,-0.05968984679,0.7978891263,0,0,0
star_co_plus_hi_ctl01,183,1,15,25,-0.03337465402,0.9818042797,0,0,0
star_co_plus_hi_ctl01,183,2,25,35,0.02973801982,0.9696285309,0,0,0
star_co_plus_hi_ctl01,183,3,35,45,0.02847595462,0.9991143551,0,0,0
star_co_plus_hi_ctl01,183,4,45,55,-0.05560123662,0.9441468777,0,0,0
star_co_plus_hi_ctl01,183,5,55,65,-0.09303067566,0.9999953703,0,0,0
star_co_plus_hi_ctl10,183,0,5,15,-0.05923956775,0.7978891263,0,0,0
star_co_plus_hi_ctl10,183,1,15,25,-0.03281940741,0.9818042797,0,0,0
star_co_plus_hi_ctl10,183,2,25,35,0.0283931056,0.9696285309,0,0,0
star_co_plus_hi_ctl10,183,3,35,45,0.02878960667,0.9991143551,0,0,0
star_co_plus_hi_ctl10,183,4,45,55,-0.05655173144,0.9441468777,0,0,0
star_co_plus_hi_ctl10,183,5,55,65,-0.099534469,0.9999953703,0,0,0
star_co_plus_hi_ctl49,183,0,5,15,-0.058469412,0.7978891263,0,0,0
star_co_plus_hi_ctl49,183,1,15,25,-0.03180520861,0.9818042797,0,0,0
star_co_plus_hi_ctl49,183,2,25,35,0.02609891558,0.9696285309,0,0,0
star_co_plus_hi_ctl49,183,3,35,45,0.02933172476,0.9991143551,0,0,0
star_co_plus_hi_ctl49,183,4,45,55,-0.05817628345,0.9441468777,0,0,0
star_co_plus_hi_ctl49,183,5,55,65,-0.1058336509,0.9999953703,0,0,0
star_only,184,0,5,15,-0.0611104948,0.7813294482,0.02162777462,0,0
star_only,184,1,15,25,-0.03382831827,0.9428116524,0.02162777462,0,0
star_only,184,2,25,35,0.03370960058,0.924333677,0.02162777462,0,0
star_only,184,3,35,45,0.02937055574,0.9990414132,0.02162777462,0,0
star_only,184,4,45,55,0.009388298984,0.9881238417,0.02162777462,0,0
star_only,184,5,55,65,-0.05845127122,0.9989060095,0.02162777462,0,0
co_independent_only,184,0,5,15,-0.05910046518,0.7770716789,0,0.001138303927,0
co_independent_only,184,1,15,25,-0.03249495067,0.8923255771,0,0.001138303927,0
co_independent_only,184,2,25,35,0.03538994169,0.931726178,0,0.001138303927,0
co_independent_only,184,3,35,45,0.03139501673,0.9986816763,0,0.001138303927,0
co_independent_only,184,4,45,55,-0.03639363266,0.9343224355,0,0.001138303927,0
co_independent_only,184,5,55,65,-0.09328011722,0.9762370048,0,0.001138303927,0
star_plus_co_independent,184,0,5,15,-0.05976131853,0.7813294482,0.02162777462,0.001138303927,0
star_plus_co_independent,184,1,15,25,-0.03032972133,0.9428116524,0.02162777462,0.001138303927,0
star_plus_co_independent,184,2,25,35,0.03523844557,0.924333677,0.02162777462,0.001138303927,0
star_plus_co_independent,184,3,35,45,0.03643850082,0.9990414132,0.02162777462,0.001138303927,0
star_plus_co_independent,184,4,45,55,0.01591022327,0.9881238417,0.02162777462,0.001138303927,0
star_plus_co_independent,184,5,55,65,-0.052239935,0.9989060095,0.02162777462,0.001138303927,0
star_plus_co_correlated_control,184,0,5,15,-0.05799838103,0.7813294482,0.02162777462,0,0
star_plus_co_correlated_control,184,1,15,25,-0.0297417034,0.9428116524,0.02162777462,0,0
star_plus_co_correlated_control,184,2,25,35,0.02761012954,0.924333677,0.02162777462,0,0
star_plus_co_correlated_control,184,3,35,45,0.0314167143,0.9990414132,0.02162777462,0,0
star_plus_co_correlated_control,184,4,45,55,0.007756645488,0.9881238417,0.02162777462,0,0
star_plus_co_correlated_control,184,5,55,65,-0.05797287172,0.9989060095,0.02162777462,0,0
star_co_plus_hi_ctl01,184,0,5,15,-0.06014635027,0.7813294482,0.02162777462,0.001138303927,0
star_co_plus_hi_ctl01,184,1,15,25,-0.03061098364,0.9428116524,0.02162777462,0.001138303927,0
star_co_plus_hi_ctl01,184,2,25,35,0.03533733902,0.924333677,0.02162777462,0.001138303927,0
star_co_plus_hi_ctl01,184,3,35,45,0.03569651112,0.9990414132,0.02162777462,0.001138303927,0
star_co_plus_hi_ctl01,184,4,45,55,0.01489845614,0.9881238417,0.02162777462,0.001138303927,0
star_co_plus_hi_ctl01,184,5,55,65,-0.05410626266,0.9989060095,0.02162777462,0.001138303927,0
star_co_plus_hi_ctl10,184,0,5,15,-0.06118153405,0.7813294482,0.02162777462,0.001138303927,0
star_co_plus_hi_ctl10,184,1,15,25,-0.03136722465,0.9428116524,0.02162777462,0.001138303927,0
star_co_plus_hi_ctl10,184,2,25,35,0.03560326596,0.924333677,0.02162777462,0.001138303927,0
star_co_plus_hi_ctl10,184,3,35,45,0.03370409104,0.9990414132,0.02162777462,0.001138303927,0
star_co_plus_hi_ctl10,184,4,45,55,0.01218474523,0.9881238417,0.02162777462,0.001138303927,0
star_co_plus_hi_ctl10,184,5,55,65,-0.05857958331,0.9989060095,0.02162777462,0.001138303927,0
star_co_plus_hi_ctl49,184,0,5,15,-0.06294617507,0.7813294482,0.02162777462,0.001138303927,0
star_co_plus_hi_ctl49,184,1,15,25,-0.03265652337,0.9428116524,0.02162777462,0.001138303927,0
star_co_plus_hi_ctl49,184,2,25,35,0.03605673096,0.924333677,0.02162777462,0.001138303927,0
star_co_plus_hi_ctl49,184,3,35,45,0.0304669279,0.9990414132,0.02162777462,0.001138303927,0
star_co_plus_hi_ctl49,184,4,45,55,0.007759476284,0.9881238417,0.02162777462,0.001138303927,0
star_co_plus_hi_ctl49,184,5,55,65,-0.06534862653,0.9989060095,0.02162777462,0.001138303927,0
star_only,185,0,5,15,-0.06104358978,0.7844563471,0.001138303927,0,0
star_only,185,1,15,25,-0.03009108144,0.9803831562,0.001138303927,0,0
star_only,185,2,25,35,0.03422680193,0.9493096967,0.001138303927,0,0
star_only,185,3,35,45,0.01434432763,0.9959494831,0.001138303927,0,0
star_only,185,4,45,55,-0.1046492397,0.9854096099,0.001138303927,0,0
star_only,185,5,55,65,-0.2036436057,0.9991798031,0.001138303927,0,0
co_independent_only,185,0,5,15,-0.05777337549,0.7770716789,0,0.004553215709,0
co_independent_only,185,1,15,25,-0.03405131372,0.8923255771,0,0.004553215709,0
co_independent_only,185,2,25,35,0.02566803037,0.931726178,0,0.004553215709,0
co_independent_only,185,3,35,45,0.01890274208,0.9986816763,0,0.004553215709,0
co_independent_only,185,4,45,55,-0.04204907733,0.9343224355,0,0.004553215709,0
co_independent_only,185,5,55,65,-0.1024694361,0.9762370048,0,0.004553215709,0
star_plus_co_independent,185,0,5,15,-0.05841628164,0.7844563471,0.001138303927,0.004553215709,0
star_plus_co_independent,185,1,15,25,-0.02962027891,0.9803831562,0.001138303927,0.004553215709,0
star_plus_co_independent,185,2,25,35,0.02551065754,0.9493096967,0.001138303927,0.004553215709,0
star_plus_co_independent,185,3,35,45,0.005467972784,0.9959494831,0.001138303927,0.004553215709,0
star_plus_co_independent,185,4,45,55,-0.1073171545,0.9854096099,0.001138303927,0.004553215709,0
star_plus_co_independent,185,5,55,65,-0.2060870504,0.9991798031,0.001138303927,0.004553215709,0
star_plus_co_correlated_control,185,0,5,15,-0.06019950428,0.7844563471,0.001138303927,0,0
star_plus_co_correlated_control,185,1,15,25,-0.02914129394,0.9803831562,0.001138303927,0,0
star_plus_co_correlated_control,185,2,25,35,0.03250239254,0.9493096967,0.001138303927,0,0
star_plus_co_correlated_control,185,3,35,45,0.01523082015,0.9959494831,0.001138303927,0,0
star_plus_co_correlated_control,185,4,45,55,-0.1032901296,0.9854096099,0.001138303927,0,0
star_plus_co_correlated_control,185,5,55,65,-0.1990558581,0.9991798031,0.001138303927,0,0
star_co_plus_hi_ctl01,185,0,5,15,-0.05843255793,0.7844563471,0.001138303927,0.004553215709,0
star_co_plus_hi_ctl01,185,1,15,25,-0.02959936792,0.9803831562,0.001138303927,0.004553215709,0
star_co_plus_hi_ctl01,185,2,25,35,0.02508579344,0.9493096967,0.001138303927,0.004553215709,0
star_co_plus_hi_ctl01,185,3,35,45,0.005784394253,0.9959494831,0.001138303927,0.004553215709,0
star_co_plus_hi_ctl01,185,4,45,55,-0.1081357167,0.9854096099,0.001138303927,0.004553215709,0
star_co_plus_hi_ctl01,185,5,55,65,-0.2061084074,0.9991798031,0.001138303927,0.004553215709,0
star_co_plus_hi_ctl10,185,0,5,15,-0.0584763004,0.7844563471,0.001138303927,0.004553215709,0
star_co_plus_hi_ctl10,185,1,15,25,-0.02954315829,0.9803831562,0.001138303927,0.004553215709,0
star_co_plus_hi_ctl10,185,2,25,35,0.02394325081,0.9493096967,0.001138303927,0.004553215709,0
star_co_plus_hi_ctl10,185,3,35,45,0.006635519312,0.9959494831,0.001138303927,0.004553215709,0
star_co_plus_hi_ctl10,185,4,45,55,-0.1103394589,0.9854096099,0.001138303927,0.004553215709,0
star_co_plus_hi_ctl10,185,5,55,65,-0.2053596744,0.9991798031,0.001138303927,0.004553215709,0
star_co_plus_hi_ctl49,185,0,5,15,-0.05855080804,0.7844563471,0.001138303927,0.004553215709,0
star_co_plus_hi_ctl49,185,1,15,25,-0.02944737672,0.9803831562,0.001138303927,0.004553215709,0
star_co_plus_hi_ctl49,185,2,25,35,0.02199469794,0.9493096967,0.001138303927,0.004553215709,0
star_co_plus_hi_ctl49,185,3,35,45,0.00808776359,0.9959494831,0.001138303927,0.004553215709,0
star_co_plus_hi_ctl49,185,4,45,55,-0.1141062309,0.9854096099,0.001138303927,0.004553215709,0
star_co_plus_hi_ctl49,185,5,55,65,-0.2055216904,0.9991798031,0.001138303927,0.004553215709,0
star_only,186,0,5,15,-0.06095985444,0.7873870022,0.001138303927,0,0
star_only,186,1,15,25,-0.03612780469,0.9133847901,0.001138303927,0,0
star_only,186,2,25,35,0.03448075717,0.9066998232,0.001138303927,0,0
star_only,186,3,35,45,0.02512487547,0.9923217209,0.001138303927,0,0
star_only,186,4,45,55,-0.0620460603,0.9739307031,0.001138303927,0,0
star_only,186,5,55,65,-0.05578377174,0.9918546036,0.001138303927,0,0
co_independent_only,186,0,5,15,-0.06002394797,0.7770716789,0,0,0
co_independent_only,186,1,15,25,-0.03004571385,0.8923255771,0,0,0
co_independent_only,186,2,25,35,0.03695375254,0.931726178,0,0,0
co_independent_only,186,3,35,45,0.02873567471,0.9986816763,0,0,0
co_independent_only,186,4,45,55,-0.03978915975,0.9343224355,0,0,0
co_independent_only,186,5,55,65,-0.09632693918,0.9762370048,0,0,0
star_plus_co_independent,186,0,5,15,-0.0605221128,0.7873870022,0.001138303927,0,0
star_plus_co_independent,186,1,15,25,-0.03003709158,0.9133847901,0.001138303927,0,0
star_plus_co_independent,186,2,25,35,0.03695918323,0.9066998232,0.001138303927,0,0
star_plus_co_independent,186,3,35,45,0.0292694745,0.9923217209,0.001138303927,0,0
star_plus_co_independent,186,4,45,55,-0.062196018,0.9739307031,0.001138303927,0,0
star_plus_co_independent,186,5,55,65,-0.05328557861,0.9918546036,0.001138303927,0,0
star_plus_co_correlated_control,186,0,5,15,-0.06017296371,0.7873870022,0.001138303927,0,0
star_plus_co_correlated_control,186,1,15,25,-0.0350658991,0.9133847901,0.001138303927,0,0
star_plus_co_correlated_control,186,2,25,35,0.03283222262,0.9066998232,0.001138303927,0,0
star_plus_co_correlated_control,186,3,35,45,0.02579552103,0.9923217209,0.001138303927,0,0
star_plus_co_correlated_control,186,4,45,55,-0.06133230114,0.9739307031,0.001138303927,0,0
star_plus_co_correlated_control,186,5,55,65,-0.05534725318,0.9918546036,0.001138303927,0,0
star_co_plus_hi_ctl01,186,0,5,15,-0.06067244123,0.7873870022,0.001138303927,0,0
star_co_plus_hi_ctl01,186,1,15,25,-0.02996652019,0.9133847901,0.001138303927,0,0
star_co_plus_hi_ctl01,186,2,25,35,0.03692363652,0.9066998232,0.001138303927,0,0
star_co_plus_hi_ctl01,186,3,35,45,0.02988035794,0.9923217209,0.001138303927,0,0
star_co_plus_hi_ctl01,186,4,45,55,-0.06208617253,0.9739307031,0.001138303927,0,0
star_co_plus_hi_ctl01,186,5,55,65,-0.05303581836,0.9918546036,0.001138303927,0,0
star_co_plus_hi_ctl10,186,0,5,15,-0.06107750701,0.7873870022,0.001138303927,0,0
star_co_plus_hi_ctl10,186,1,15,25,-0.02977633672,0.9133847901,0.001138303927,0,0
star_co_plus_hi_ctl10,186,2,25,35,0.03682785499,0.9066998232,0.001138303927,0,0
star_co_plus_hi_ctl10,186,3,35,45,0.031524146,0.9923217209,0.001138303927,0,0
star_co_plus_hi_ctl10,186,4,45,55,-0.06320370765,0.9739307031,0.001138303927,0,0
star_co_plus_hi_ctl10,186,5,55,65,-0.05148441315,0.9918546036,0.001138303927,0,0
star_co_plus_hi_ctl49,186,0,5,15,-0.06177103933,0.7873870022,0.001138303927,0,0
star_co_plus_hi_ctl49,186,1,15,25,-0.02945062579,0.9133847901,0.001138303927,0,0
star_co_plus_hi_ctl49,186,2,25,35,0.03701802443,0.9066998232,0.001138303927,0,0
star_co_plus_hi_ctl49,186,3,35,45,0.03400560258,0.9923217209,0.001138303927,0,0
star_co_plus_hi_ctl49,186,4,45,55,-0.06452694815,0.9739307031,0.001138303927,0,0
star_co_plus_hi_ctl49,186,5,55,65,-0.04953792744,0.9918546036,0.001138303927,0,0
star_only,187,0,5,15,-0.0579344767,0.8422246331,0,0,0
star_only,187,1,15,25,-0.03847392457,0.9098250067,0,0,0
star_only,187,2,25,35,0.0347102731,0.9687147784,0,0,0
star_only,187,3,35,45,0.02272755411,0.921469993,0,0,0
star_only,187,4,45,55,-0.08851015023,0.8717225076,0,0,0
star_only,187,5,55,65,-0.06321490638,0.989250844,0,0,0
co_independent_only,187,0,5,15,-0.06440094472,0.7770716789,0,0,0
co_independent_only,187,1,15,25,-0.03552717975,0.8923255771,0,0,0
co_independent_only,187,2,25,35,0.04231818895,0.931726178,0,0,0
co_independent_only,187,3,35,45,0.02862878823,0.9986816763,0,0,0
co_independent_only,187,4,45,55,-0.03852276641,0.9343224355,0,0,0
co_independent_only,187,5,55,65,-0.1063461798,0.9762370048,0,0,0
star_plus_co_independent,187,0,5,15,-0.06203890999,0.8422246331,0,0,0
star_plus_co_independent,187,1,15,25,-0.0385656703,0.9098250067,0,0,0
star_plus_co_independent,187,2,25,35,0.04231622591,0.9687147784,0,0,0
star_plus_co_independent,187,3,35,45,0.02674924919,0.921469993,0,0,0
star_plus_co_independent,187,4,45,55,-0.08762621313,0.8717225076,0,0,0
star_plus_co_independent,187,5,55,65,-0.06927145531,0.989250844,0,0,0
star_plus_co_correlated_control,187,0,5,15,-0.05860673689,0.8422246331,0,0.02105862265,0
star_plus_co_correlated_control,187,1,15,25,-0.0392863247,0.9098250067,0,0.02105862265,0
star_plus_co_correlated_control,187,2,25,35,0.0362333416,0.9687147784,0,0.02105862265,0
star_plus_co_correlated_control,187,3,35,45,0.02207598549,0.921469993,0,0.02105862265,0
star_plus_co_correlated_control,187,4,45,55,-0.08949549669,0.8717225076,0,0.02105862265,0
star_plus_co_correlated_control,187,5,55,65,-0.06389139141,0.989250844,0,0.02105862265,0
star_co_plus_hi_ctl01,187,0,5,15,-0.06165810864,0.8422246331,0,0,0
star_co_plus_hi_ctl01,187,1,15,25,-0.03824114889,0.9098250067,0,0,0
star_co_plus_hi_ctl01,187,2,25,35,0.04213221407,0.9687147784,0,0,0
star_co_plus_hi_ctl01,187,3,35,45,0.02677137535,0.921469993,0,0,0
star_co_plus_hi_ctl01,187,4,45,55,-0.08830596298,0.8717225076,0,0,0
star_co_plus_hi_ctl01,187,5,55,65,-0.06813686979,0.989250844,0,0,0
star_co_plus_hi_ctl10,187,0,5,15,-0.06063202664,0.8422246331,0,0,0
star_co_plus_hi_ctl10,187,1,15,25,-0.03736554105,0.9098250067,0,0,0
star_co_plus_hi_ctl10,187,2,25,35,0.04105975629,0.9687147784,0,0,0
star_co_plus_hi_ctl10,187,3,35,45,0.02683854127,0.921469993,0,0,0
star_co_plus_hi_ctl10,187,4,45,55,-0.09012887069,0.8717225076,0,0,0
star_co_plus_hi_ctl10,187,5,55,65,-0.06250471503,0.989250844,0,0,0
star_co_plus_hi_ctl49,187,0,5,15,-0.05887522776,0.8422246331,0,0,0
star_co_plus_hi_ctl49,187,1,15,25,-0.03586239319,0.9098250067,0,0,0
star_co_plus_hi_ctl49,187,2,25,35,0.03917441152,0.9687147784,0,0,0
star_co_plus_hi_ctl49,187,3,35,45,0.02622580941,0.921469993,0,0,0
star_co_plus_hi_ctl49,187,4,45,55,-0.09322072722,0.8717225076,0,0,0
star_co_plus_hi_ctl49,187,5,55,65,-0.05852005432,0.989250844,0,0,0
star_only,188,0,5,15,-0.06082746458,0.7969704839,0.0125213432,0,0
star_only,188,1,15,25,-0.03992427406,0.9640868902,0.0125213432,0,0
star_only,188,2,25,35,0.03465851487,0.9843879579,0.0125213432,0,0
star_only,188,3,35,45,0.04038535768,0.9856233409,0.0125213432,0,0
star_only,188,4,45,55,0.03495132793,0.9843847391,0.0125213432,0,0
star_only,188,5,55,65,-0.1367047013,0.9875083732,0.0125213432,0,0
co_independent_only,188,0,5,15,-0.06344697724,0.7770716789,0,0,0
co_independent_only,188,1,15,25,-0.03864347256,0.8923255771,0,0,0
co_independent_only,188,2,25,35,0.04021707838,0.931726178,0,0,0
co_independent_only,188,3,35,45,0.01823968693,0.9986816763,0,0,0
co_independent_only,188,4,45,55,-0.04511995855,0.9343224355,0,0,0
co_independent_only,188,5,55,65,-0.1107284996,0.9762370048,0,0,0
star_plus_co_independent,188,0,5,15,-0.06397897444,0.7969704839,0.0125213432,0,0
star_plus_co_independent,188,1,15,25,-0.0431591564,0.9640868902,0.0125213432,0,0
star_plus_co_independent,188,2,25,35,0.03969631257,0.9843879579,0.0125213432,0,0
star_plus_co_independent,188,3,35,45,0.03382881094,0.9856233409,0.0125213432,0,0
star_plus_co_independent,188,4,45,55,0.02693164833,0.9843847391,0.0125213432,0,0
star_plus_co_independent,188,5,55,65,-0.1484413766,0.9875083732,0.0125213432,0,0
star_plus_co_correlated_control,188,0,5,15,-0.06413826352,0.7969704839,0.0125213432,0.09618668184,0
star_plus_co_correlated_control,188,1,15,25,-0.04388489928,0.9640868902,0.0125213432,0.09618668184,0
star_plus_co_correlated_control,188,2,25,35,0.04044077316,0.9843879579,0.0125213432,0.09618668184,0
star_plus_co_correlated_control,188,3,35,45,0.03982857616,0.9856233409,0.0125213432,0.09618668184,0
star_plus_co_correlated_control,188,4,45,55,0.03731946768,0.9843847391,0.0125213432,0.09618668184,0
star_plus_co_correlated_control,188,5,55,65,-0.1490736262,0.9875083732,0.0125213432,0.09618668184,0
star_co_plus_hi_ctl01,188,0,5,15,-0.06357043539,0.7969704839,0.0125213432,0,0
star_co_plus_hi_ctl01,188,1,15,25,-0.04224648448,0.9640868902,0.0125213432,0,0
star_co_plus_hi_ctl01,188,2,25,35,0.03953581966,0.9843879579,0.0125213432,0,0
star_co_plus_hi_ctl01,188,3,35,45,0.03447933381,0.9856233409,0.0125213432,0,0
star_co_plus_hi_ctl01,188,4,45,55,0.02807254472,0.9843847391,0.0125213432,0,0
star_co_plus_hi_ctl01,188,5,55,65,-0.1476571293,0.9875083732,0.0125213432,0,0
star_co_plus_hi_ctl10,188,0,5,15,-0.06247016879,0.7969704839,0.0125213432,0,0
star_co_plus_hi_ctl10,188,1,15,25,-0.03979006296,0.9640868902,0.0125213432,0,0
star_co_plus_hi_ctl10,188,2,25,35,0.03910300809,0.9843879579,0.0125213432,0,0
star_co_plus_hi_ctl10,188,3,35,45,0.03633685674,0.9856233409,0.0125213432,0,0
star_co_plus_hi_ctl10,188,4,45,55,0.03114620288,0.9843847391,0.0125213432,0,0
star_co_plus_hi_ctl10,188,5,55,65,-0.1445814001,0.9875083732,0.0125213432,0,0
star_co_plus_hi_ctl49,188,0,5,15,-0.06058823064,0.7969704839,0.0125213432,0,0
star_co_plus_hi_ctl49,188,1,15,25,-0.0354142553,0.9640868902,0.0125213432,0,0
star_co_plus_hi_ctl49,188,2,25,35,0.03815310216,0.9843879579,0.0125213432,0,0
star_co_plus_hi_ctl49,188,3,35,45,0.04210839729,0.9856233409,0.0125213432,0,0
star_co_plus_hi_ctl49,188,4,45,55,0.03476586511,0.9843847391,0.0125213432,0,0
star_co_plus_hi_ctl49,188,5,55,65,-0.1390674316,0.9875083732,0.0125213432,0,0
star_only,189,0,5,15,-0.06044396907,0.8409666133,0,0,0
star_only,189,1,15,25,-0.03020403802,0.9971332952,0,0,0
star_only,189,2,25,35,0.03417645095,0.9985320336,0,0,0
star_only,189,3,35,45,0.01727473255,0.9259107917,0,0,0
star_only,189,4,45,55,-0.06687597769,0.8793152603,0,0,0
star_only,189,5,55,65,-0.1284799667,0.9272180241,0,0,0
co_independent_only,189,0,5,15,-0.06031839113,0.7770716789,0,0.002276607854,0
co_independent_only,189,1,15,25,-0.03657586494,0.8923255771,0,0.002276607854,0
co_independent_only,189,2,25,35,0.03601409619,0.931726178,0,0.002276607854,0
co_independent_only,189,3,35,45,0.02646552467,0.9986816763,0,0.002276607854,0
co_independent_only,189,4,45,55,-0.0411807557,0.9343224355,0,0.002276607854,0
co_independent_only,189,5,55,65,-0.1058063959,0.9762370048,0,0.002276607854,0
star_plus_co_independent,189,0,5,15,-0.06048187379,0.8409666133,0,0.002276607854,0
star_plus_co_independent,189,1,15,25,-0.03002460745,0.9971332952,0,0.002276607854,0
star_plus_co_independent,189,2,25,35,0.03512116464,0.9985320336,0,0.002276607854,0
star_plus_co_independent,189,3,35,45,0.01988479459,0.9259107917,0,0.002276607854,0
star_plus_co_independent,189,4,45,55,-0.0665007988,0.8793152603,0,0.002276607854,0
star_plus_co_independent,189,5,55,65,-0.1343908883,0.9272180241,0,0.002276607854,0
star_plus_co_correlated_control,189,0,5,15,-0.05809077041,0.8409666133,0,0,0
star_plus_co_correlated_control,189,1,15,25,-0.02747743721,0.9971332952,0,0,0
star_plus_co_correlated_control,189,2,25,35,0.02933960639,0.9985320336,0,0,0
star_plus_co_correlated_control,189,3,35,45,0.0196297512,0.9259107917,0,0,0
star_plus_co_correlated_control,189,4,45,55,-0.06516704133,0.8793152603,0,0,0
star_plus_co_correlated_control,189,5,55,65,-0.1226300039,0.9272180241,0,0,0
star_co_plus_hi_ctl01,189,0,5,15,-0.06076310468,0.8409666133,0,0.002276607854,0
star_co_plus_hi_ctl01,189,1,15,25,-0.02998047783,0.9971332952,0,0.002276607854,0
star_co_plus_hi_ctl01,189,2,25,35,0.03583893992,0.9985320336,0,0.002276607854,0
star_co_plus_hi_ctl01,189,3,35,45,0.01966588439,0.9259107917,0,0.002276607854,0
star_co_plus_hi_ctl01,189,4,45,55,-0.066244501,0.8793152603,0,0.002276607854,0
star_co_plus_hi_ctl01,189,5,55,65,-0.1336761069,0.9272180241,0,0.002276607854,0
star_co_plus_hi_ctl10,189,0,5,15,-0.06152024727,0.8409666133,0,0.002276607854,0
star_co_plus_hi_ctl10,189,1,15,25,-0.02986123475,0.9971332952,0,0.002276607854,0
star_co_plus_hi_ctl10,189,2,25,35,0.03777418845,0.9985320336,0,0.002276607854,0
star_co_plus_hi_ctl10,189,3,35,45,0.01907621473,0.9259107917,0,0.002276607854,0
star_co_plus_hi_ctl10,189,4,45,55,-0.0655542081,0.8793152603,0,0.002276607854,0
star_co_plus_hi_ctl10,189,5,55,65,-0.1317509429,0.9272180241,0,0.002276607854,0
star_co_plus_hi_ctl49,189,0,5,15,-0.06281440758,0.8409666133,0,0.002276607854,0
star_co_plus_hi_ctl49,189,1,15,25,-0.02965594402,0.9971332952,0,0.002276607854,0
star_co_plus_hi_ctl49,189,2,25,35,0.04109162354,0.9985320336,0,0.002276607854,0
star_co_plus_hi_ctl49,189,3,35,45,0.01806726407,0.9259107917,0,0.002276607854,0
star_co_plus_hi_ctl49,189,4,45,55,-0.06437337842,0.8793152603,0,0.002276607854,0
star_co_plus_hi_ctl49,189,5,55,65,-0.1284576056,0.9272180241,0,0.002276607854,0
star_only,190,0,5,15,-0.05427468796,0.7891316465,0.001707455891,0,0
star_only,190,1,15,25,-0.04316081714,0.5342667555,0.001707455891,0,0
star_only,190,2,25,35,0.02974944974,0.9425556356,0.001707455891,0,0
star_only,190,3,35,45,0.04406507301,0.8943180786,0.001707455891,0,0
star_only,190,4,45,55,0.05077554512,0.9849188147,0.001707455891,0,0
star_only,190,5,55,65,0.09558487343,0.9337124987,0.001707455891,0,0
co_independent_only,190,0,5,15,-0.0586053764,0.7770716789,0,0.004553215709,0
co_independent_only,190,1,15,25,-0.03200469184,0.8923255771,0,0.004553215709,0
co_independent_only,190,2,25,35,0.03251937342,0.931726178,0,0.004553215709,0
co_independent_only,190,3,35,45,0.03335174302,0.9986816763,0,0.004553215709,0
co_independent_only,190,4,45,55,-0.04139661256,0.9343224355,0,0.004553215709,0
co_independent_only,190,5,55,65,-0.09660910464,0.9762370048,0,0.004553215709,0
star_plus_co_independent,190,0,5,15,-0.05293643898,0.7891316465,0.001707455891,0.004553215709,0
star_plus_co_independent,190,1,15,25,-0.04043532625,0.5342667555,0.001707455891,0.004553215709,0
star_plus_co_independent,190,2,25,35,0.02481985439,0.9425556356,0.001707455891,0.004553215709,0
star_plus_co_independent,190,3,35,45,0.04928202571,0.8943180786,0.001707455891,0.004553215709,0
star_plus_co_independent,190,4,45,55,0.05187534904,0.9849188147,0.001707455891,0.004553215709,0
star_plus_co_independent,190,5,55,65,0.09537029327,0.9337124987,0.001707455891,0.004553215709,0
star_plus_co_correlated_control,190,0,5,15,-0.05425675815,0.7891316465,0.001707455891,0,0
star_plus_co_correlated_control,190,1,15,25,-0.04313388205,0.5342667555,0.001707455891,0,0
star_plus_co_correlated_control,190,2,25,35,0.02970629962,0.9425556356,0.001707455891,0,0
star_plus_co_correlated_control,190,3,35,45,0.04406867566,0.8943180786,0.001707455891,0,0
star_plus_co_correlated_control,190,4,45,55,0.0507560273,0.9849188147,0.001707455891,0,0
star_plus_co_correlated_control,190,5,55,65,0.09549875304,0.9337124987,0.001707455891,0,0
star_co_plus_hi_ctl01,190,0,5,15,-0.05317173987,0.7891316465,0.001707455891,0.004553215709,0
star_co_plus_hi_ctl01,190,1,15,25,-0.04126181262,0.5342667555,0.001707455891,0.004553215709,0
star_co_plus_hi_ctl01,190,2,25,35,0.02516490917,0.9425556356,0.001707455891,0.004553215709,0
star_co_plus_hi_ctl01,190,3,35,45,0.04797803954,0.8943180786,0.001707455891,0.004553215709,0
star_co_plus_hi_ctl01,190,4,45,55,0.05071390843,0.9849188147,0.001707455891,0.004553215709,0
star_co_plus_hi_ctl01,190,5,55,65,0.09424173989,0.9337124987,0.001707455891,0.004553215709,0
star_co_plus_hi_ctl10,190,0,5,15,-0.05380573706,0.7891316465,0.001707455891,0.004553215709,0
star_co_plus_hi_ctl10,190,1,15,25,-0.04349005373,0.5342667555,0.001707455891,0.004553215709,0
star_co_plus_hi_ctl10,190,2,25,35,0.02663815158,0.9425556356,0.001707455891,0.004553215709,0
star_co_plus_hi_ctl10,190,3,35,45,0.04447513294,0.8943180786,0.001707455891,0.004553215709,0
star_co_plus_hi_ctl10,190,4,45,55,0.04761550293,0.9849188147,0.001707455891,0.004553215709,0
star_co_plus_hi_ctl10,190,5,55,65,0.09093335129,0.9337124987,0.001707455891,0.004553215709,0
star_co_plus_hi_ctl49,190,0,5,15,-0.05489113289,0.7891316465,0.001707455891,0.004553215709,0
star_co_plus_hi_ctl49,190,1,15,25,-0.04742030375,0.5342667555,0.001707455891,0.004553215709,0
star_co_plus_hi_ctl49,190,2,25,35,0.02932519238,0.9425556356,0.001707455891,0.004553215709,0
star_co_plus_hi_ctl49,190,3,35,45,0.03873898824,0.8943180786,0.001707455891,0.004553215709,0
star_co_plus_hi_ctl49,190,4,45,55,0.04233929606,0.9849188147,0.001707455891,0.004553215709,0
star_co_plus_hi_ctl49,190,5,55,65,0.08207984349,0.9337124987,0.001707455891,0.004553215709,0
star_only,191,0,5,15,-0.06098290317,0.7164485452,0.03357996585,0,0
star_only,191,1,15,25,-0.03912030743,0.7603783834,0.03357996585,0,0
star_only,191,2,25,35,0.03432975931,0.7927271107,0.03357996585,0,0
star_only,191,3,35,45,0.04580241996,0.993365981,0.03357996585,0,0
star_only,191,4,45,55,0.07144072189,0.9147810445,0.03357996585,0,0
star_only,191,5,55,65,0.06692204886,0.9153279716,0.03357996585,0,0
co_independent_only,191,0,5,15,-0.05674091537,0.7770716789,0,0.001138303927,0
co_independent_only,191,1,15,25,-0.03387464546,0.8923255771,0,0.001138303927,0
co_independent_only,191,2,25,35,0.02314922007,0.931726178,0,0.001138303927,0
co_independent_only,191,3,35,45,0.0198950944,0.9986816763,0,0.001138303927,0
co_independent_only,191,4,45,55,-0.04022600999,0.9343224355,0,0.001138303927,0
co_independent_only,191,5,55,65,-0.09946779158,0.9762370048,0,0.001138303927,0
star_plus_co_independent,191,0,5,15,-0.0573272437,0.7164485452,0.03357996585,0.001138303927,0
star_plus_co_independent,191,1,15,25,-0.03573531501,0.7603783834,0.03357996585,0.001138303927,0
star_plus_co_independent,191,2,25,35,0.02359109069,0.7927271107,0.03357996585,0.001138303927,0
star_plus_co_independent,191,3,35,45,0.04990598705,0.993365981,0.03357996585,0.001138303927,0
star_plus_co_independent,191,4,45,55,0.07355832855,0.9147810445,0.03357996585,0.001138303927,0
star_plus_co_independent,191,5,55,65,0.06982876726,0.9153279716,0.03357996585,0.001138303927,0
star_plus_co_correlated_control,191,0,5,15,-0.05966338576,0.7164485452,0.03357996585,0,0
star_plus_co_correlated_control,191,1,15,25,-0.03719312763,0.7603783834,0.03357996585,0,0
star_plus_co_correlated_control,191,2,25,35,0.03160614725,0.7927271107,0.03357996585,0,0
star_plus_co_correlated_control,191,3,35,45,0.04587535323,0.993365981,0.03357996585,0,0
star_plus_co_correlated_control,191,4,45,55,0.06975684081,0.9147810445,0.03357996585,0,0
star_plus_co_correlated_control,191,5,55,65,0.06222656679,0.9153279716,0.03357996585,0,0
star_co_plus_hi_ctl01,191,0,5,15,-0.05717860274,0.7164485452,0.03357996585,0.001138303927,0
star_co_plus_hi_ctl01,191,1,15,25,-0.0352085829,0.7603783834,0.03357996585,0.001138303927,0
star_co_plus_hi_ctl01,191,2,25,35,0.02287620775,0.7927271107,0.03357996585,0.001138303927,0
star_co_plus_hi_ctl01,191,3,35,45,0.05054939464,0.993365981,0.03357996585,0.001138303927,0
star_co_plus_hi_ctl01,191,4,45,55,0.07366572162,0.9147810445,0.03357996585,0.001138303927,0
star_co_plus_hi_ctl01,191,5,55,65,0.06909676043,0.9153279716,0.03357996585,0.001138303927,0
star_co_plus_hi_ctl10,191,0,5,15,-0.05677818236,0.7164485452,0.03357996585,0.001138303927,0
star_co_plus_hi_ctl10,191,1,15,25,-0.03379197993,0.7603783834,0.03357996585,0.001138303927,0
star_co_plus_hi_ctl10,191,2,25,35,0.02119595711,0.7927271107,0.03357996585,0.001138303927,0
star_co_plus_hi_ctl10,191,3,35,45,0.05227959169,0.993365981,0.03357996585,0.001138303927,0
star_co_plus_hi_ctl10,191,4,45,55,0.07395503741,0.9147810445,0.03357996585,0.001138303927,0
star_co_plus_hi_ctl10,191,5,55,65,0.06712340859,0.9153279716,0.03357996585,0.001138303927,0
star_co_plus_hi_ctl49,191,0,5,15,-0.05598619124,0.7164485452,0.03357996585,0.001138303927,0
star_co_plus_hi_ctl49,191,1,15,25,-0.03137563681,0.7603783834,0.03357996585,0.001138303927,0
star_co_plus_hi_ctl49,191,2,25,35,0.0185653315,0.7927271107,0.03357996585,0.001138303927,0
star_co_plus_hi_ctl49,191,3,35,45,0.05523020676,0.993365981,0.03357996585,0.001138303927,0
star_co_plus_hi_ctl49,191,4,45,55,0.07445019707,0.9147810445,0.03357996585,0.001138303927,0
star_co_plus_hi_ctl49,191,5,55,65,0.06263086878,0.9153279716,0.03357996585,0.001138303927,0
star_only,192,0,5,15,-0.06081283823,0.7858966221,0,0,0
star_only,192,1,15,25,-0.03600605439,0.9546829248,0,0,0
star_only,192,2,25,35,0.03250352004,0.9266637749,0,0,0
star_only,192,3,35,45,0.04038694171,0.999258043,0,0,0
star_only,192,4,45,55,-0.006494397125,0.9926668884,0,0,0
star_only,192,5,55,65,-0.04387262733,0.9818085981,0,0,0
co_independent_only,192,0,5,15,-0.06071720712,0.7770716789,0,0.0005691519636,0
co_independent_only,192,1,15,25,-0.03493310955,0.8923255771,0,0.0005691519636,0
co_independent_only,192,2,25,35,0.03207518368,0.931726178,0,0.0005691519636,0
co_independent_only,192,3,35,45,0.02298492477,0.9986816763,0,0.0005691519636,0
co_independent_only,192,4,45,55,-0.04090216005,0.9343224355,0,0.0005691519636,0
co_independent_only,192,5,55,65,-0.1029357081,0.9762370048,0,0.0005691519636,0
star_plus_co_independent,192,0,5,15,-0.06152893878,0.7858966221,0,0.0005691519636,0
star_plus_co_independent,192,1,15,25,-0.03479818816,0.9546829248,0,0.0005691519636,0
star_plus_co_independent,192,2,25,35,0.02904272139,0.9266637749,0,0.0005691519636,0
star_plus_co_independent,192,3,35,45,0.038643305,0.999258043,0,0.0005691519636,0
star_plus_co_independent,192,4,45,55,-0.008965873838,0.9926668884,0,0.0005691519636,0
star_plus_co_independent,192,5,55,65,-0.04963833135,0.9818085981,0,0.0005691519636,0
star_plus_co_correlated_control,192,0,5,15,-0.06067664331,0.7858966221,0,0,0
star_plus_co_correlated_control,192,1,15,25,-0.03583127279,0.9546829248,0,0,0
star_plus_co_correlated_control,192,2,25,35,0.0322503497,0.9266637749,0,0,0
star_plus_co_correlated_control,192,3,35,45,0.04043715674,0.999258043,0,0,0
star_plus_co_correlated_control,192,4,45,55,-0.006495731754,0.9926668884,0,0,0
star_plus_co_correlated_control,192,5,55,65,-0.04383383204,0.9818085981,0,0,0
star_co_plus_hi_ctl01,192,0,5,15,-0.06168486866,0.7858966221,0,0.0005691519636,0
star_co_plus_hi_ctl01,192,1,15,25,-0.03508519774,0.9546829248,0,0.0005691519636,0
star_co_plus_hi_ctl01,192,2,25,35,0.02899077106,0.9266637749,0,0.0005691519636,0
star_co_plus_hi_ctl01,192,3,35,45,0.0388268117,0.999258043,0,0.0005691519636,0
star_co_plus_hi_ctl01,192,4,45,55,-0.008830213904,0.9926668884,0,0.0005691519636,0
star_co_plus_hi_ctl01,192,5,55,65,-0.04949498774,0.9818085981,0,0.0005691519636,0
star_co_plus_hi_ctl10,192,0,5,15,-0.06210535501,0.7858966221,0,0.0005691519636,0
star_co_plus_hi_ctl10,192,1,15,25,-0.0358589248,0.9546829248,0,0.0005691519636,0
star_co_plus_hi_ctl10,192,2,25,35,0.02885141158,0.9266637749,0,0.0005691519636,0
star_co_plus_hi_ctl10,192,3,35,45,0.03932040667,0.999258043,0,0.0005691519636,0
star_co_plus_hi_ctl10,192,4,45,55,-0.008466107882,0.9926668884,0,0.0005691519636,0
star_co_plus_hi_ctl10,192,5,55,65,-0.04923604139,0.9818085981,0,0.0005691519636,0
star_co_plus_hi_ctl49,192,0,5,15,-0.062826401,0.7858966221,0,0.0005691519636,0
star_co_plus_hi_ctl49,192,1,15,25,-0.0371759264,0.9546829248,0,0.0005691519636,0
star_co_plus_hi_ctl49,192,2,25,35,0.02861490244,0.9266637749,0,0.0005691519636,0
star_co_plus_hi_ctl49,192,3,35,45,0.04016257609,0.999258043,0,0.0005691519636,0
star_co_plus_hi_ctl49,192,4,45,55,-0.007847520825,0.9926668884,0,0.0005691519636,0
star_co_plus_hi_ctl49,192,5,55,65,-0.05135725405,0.9818085981,0,0.0005691519636,0
star_only,193,0,5,15,-0.05668550359,0.7913870361,0,0,0
star_only,193,1,15,25,-0.03910439434,0.5332197878,0,0,0
star_only,193,2,25,35,0.03381376837,0.919154902,0,0,0
star_only,193,3,35,45,0.02459834521,0.9510134666,0,0,0
star_only,193,4,45,55,-0.02765740438,0.9364257853,0,0,0
star_only,193,5,55,65,0.04486398234,0.914085536,0,0,0
co_independent_only,193,0,5,15,-0.06082381397,0.7770716789,0,0.008537279454,0
co_independent_only,193,1,15,25,-0.03620250052,0.8923255771,0,0.008537279454,0
co_independent_only,193,2,25,35,0.03495676643,0.931726178,0,0.008537279454,0
co_independent_only,193,3,35,45,0.01779405675,0.9986816763,0,0.008537279454,0
co_independent_only,193,4,45,55,-0.05194206612,0.9343224355,0,0.008537279454,0
co_independent_only,193,5,55,65,-0.1116735991,0.9762370048,0,0.008537279454,0
star_plus_co_independent,193,0,5,15,-0.05711635508,0.7913870361,0,0.008537279454,0
star_plus_co_independent,193,1,15,25,-0.03923237762,0.5332197878,0,0.008537279454,0
star_plus_co_independent,193,2,25,35,0.03470394663,0.919154902,0,0.008537279454,0
star_plus_co_independent,193,3,35,45,0.01778412657,0.9510134666,0,0.008537279454,0
star_plus_co_independent,193,4,45,55,-0.03922691844,0.9364257853,0,0.008537279454,0
star_plus_co_independent,193,5,55,65,0.03643073244,0.914085536,0,0.008537279454,0
star_plus_co_correlated_control,193,0,5,15,-0.0566688407,0.7913870361,0,0,0
star_plus_co_correlated_control,193,1,15,25,-0.0390833786,0.5332197878,0,0,0
star_plus_co_correlated_control,193,2,25,35,0.03377341895,0.919154902,0,0,0
star_plus_co_correlated_control,193,3,35,45,0.02461407118,0.9510134666,0,0,0
star_plus_co_correlated_control,193,4,45,55,-0.0276511922,0.9364257853,0,0,0
star_plus_co_correlated_control,193,5,55,65,0.04481688932,0.914085536,0,0,0
star_co_plus_hi_ctl01,193,0,5,15,-0.05726862707,0.7913870361,0,0.008537279454,0
star_co_plus_hi_ctl01,193,1,15,25,-0.03910600815,0.5332197878,0,0.008537279454,0
star_co_plus_hi_ctl01,193,2,25,35,0.03473306106,0.919154902,0,0.008537279454,0
star_co_plus_hi_ctl01,193,3,35,45,0.01844361204,0.9510134666,0,0.008537279454,0
star_co_plus_hi_ctl01,193,4,45,55,-0.0385057447,0.9364257853,0,0.008537279454,0
star_co_plus_hi_ctl01,193,5,55,65,0.03767841508,0.914085536,0,0.008537279454,0
star_co_plus_hi_ctl10,193,0,5,15,-0.05767861916,0.7913870361,0,0.008537279454,0
star_co_plus_hi_ctl10,193,1,15,25,-0.03876578435,0.5332197878,0,0.008537279454,0
star_co_plus_hi_ctl10,193,2,25,35,0.03480950176,0.919154902,0,0.008537279454,0
star_co_plus_hi_ctl10,193,3,35,45,0.0202166742,0.9510134666,0,0.008537279454,0
star_co_plus_hi_ctl10,193,4,45,55,-0.03594076411,0.9364257853,0,0.008537279454,0
star_co_plus_hi_ctl10,193,5,55,65,0.0380542689,0.914085536,0,0.008537279454,0
star_co_plus_hi_ctl49,193,0,5,15,-0.05837953564,0.7913870361,0,0.008537279454,0
star_co_plus_hi_ctl49,193,1,15,25,-0.03818422988,0.5332197878,0,0.008537279454,0
star_co_plus_hi_ctl49,193,2,25,35,0.03488601925,0.919154902,0,0.008537279454,0
star_co_plus_hi_ctl49,193,3,35,45,0.02323912508,0.9510134666,0,0.008537279454,0
star_co_plus_hi_ctl49,193,4,45,55,-0.03339741491,0.9364257853,0,0.008537279454,0
star_co_plus_hi_ctl49,193,5,55,65,0.03853916501,0.914085536,0,0.008537279454,0
star_only,194,0,5,15,-0.06098399015,0.7953437455,0,0,0
star_only,194,1,15,25,-0.03911854294,0.982977988,0,0,0
star_only,194,2,25,35,0.03468660698,0.9980127039,0,0,0
star_only,194,3,35,45,0.03084749838,0.9325715327,0,0,0
star_only,194,4,45,55,-0.01875165536,0.9254539255,0,0,0
star_only,194,5,55,65,-0.09609471561,0.9660781378,0,0,0
co_independent_only,194,0,5,15,-0.06083454902,0.7770716789,0,0.001138303927,0
co_independent_only,194,1,15,25,-0.0353870572,0.8923255771,0,0.001138303927,0
co_independent_only,194,2,25,35,0.03442550217,0.931726178,0,0.001138303927,0
co_independent_only,194,3,35,45,0.02581214496,0.9986816763,0,0.001138303927,0
co_independent_only,194,4,45,55,-0.03949494956,0.9343224355,0,0.001138303927,0
co_independent_only,194,5,55,65,-0.09337158721,0.9762370048,0,0.001138303927,0
star_plus_co_independent,194,0,5,15,-0.06147271489,0.7953437455,0,0.001138303927,0
star_plus_co_independent,194,1,15,25,-0.03841030389,0.982977988,0,0.001138303927,0
star_plus_co_independent,194,2,25,35,0.03445228853,0.9980127039,0,0.001138303927,0
star_plus_co_independent,194,3,35,45,0.03313828776,0.9325715327,0,0.001138303927,0
star_plus_co_independent,194,4,45,55,-0.01722669479,0.9254539255,0,0.001138303927,0
star_plus_co_independent,194,5,55,65,-0.09030529921,0.9660781378,0,0.001138303927,0
star_plus_co_correlated_control,194,0,5,15,-0.06098171318,0.7953437455,0,0,0
star_plus_co_correlated_control,194,1,15,25,-0.03911590081,0.982977988,0,0,0
star_plus_co_correlated_control,194,2,25,35,0.03468171599,0.9980127039,0,0,0
star_plus_co_correlated_control,194,3,35,45,0.03084911412,0.9325715327,0,0,0
star_plus_co_correlated_control,194,4,45,55,-0.0187512124,0.9254539255,0,0,0
star_plus_co_correlated_control,194,5,55,65,-0.09609010886,0.9660781378,0,0,0
star_co_plus_hi_ctl01,194,0,5,15,-0.06144336311,0.7953437455,0,0.001138303927,0
star_co_plus_hi_ctl01,194,1,15,25,-0.03869742534,0.982977988,0,0.001138303927,0
star_co_plus_hi_ctl01,194,2,25,35,0.03357113192,0.9980127039,0,0.001138303927,0
star_co_plus_hi_ctl01,194,3,35,45,0.03281585424,0.9325715327,0,0.001138303927,0
star_co_plus_hi_ctl01,194,4,45,55,-0.01815426196,0.9254539255,0,0.001138303927,0
star_co_plus_hi_ctl01,194,5,55,65,-0.09078366394,0.9660781378,0,0.001138303927,0
star_co_plus_hi_ctl10,194,0,5,15,-0.06136456407,0.7953437455,0,0.001138303927,0
star_co_plus_hi_ctl10,194,1,15,25,-0.03933767951,0.982977988,0,0.001138303927,0
star_co_plus_hi_ctl10,194,2,25,35,0.0312063216,0.9980127039,0,0.001138303927,0
star_co_plus_hi_ctl10,194,3,35,45,0.03194824442,0.9325715327,0,0.001138303927,0
star_co_plus_hi_ctl10,194,4,45,55,-0.02064961339,0.9254539255,0,0.001138303927,0
star_co_plus_hi_ctl10,194,5,55,65,-0.0920710964,0.9660781378,0,0.001138303927,0
star_co_plus_hi_ctl49,194,0,5,15,-0.06123062508,0.7953437455,0,0.001138303927,0
star_co_plus_hi_ctl49,194,1,15,25,-0.04041124954,0.982977988,0,0.001138303927,0
star_co_plus_hi_ctl49,194,2,25,35,0.02718927593,0.9980127039,0,0.001138303927,0
star_co_plus_hi_ctl49,194,3,35,45,0.03046681781,0.9325715327,0,0.001138303927,0
star_co_plus_hi_ctl49,194,4,45,55,-0.02490852599,0.9254539255,0,0.001138303927,0
star_co_plus_hi_ctl49,194,5,55,65,-0.09427023158,0.9660781378,0,0.001138303927,0
star_only,195,0,5,15,-0.05659254468,0.8291340583,0.0005691519636,0,0
star_only,195,1,15,25,-0.0431927138,0.5053657628,0.0005691519636,0,0
star_only,195,2,25,35,0.03350674575,0.8746798356,0.0005691519636,0,0
star_only,195,3,35,45,0.04851555007,0.9515999169,0.0005691519636,0,0
star_only,195,4,45,55,0.0549705665,0.8296837943,0.0005691519636,0,0
star_only,195,5,55,65,0.06594972251,0.9886384318,0.0005691519636,0,0
co_independent_only,195,0,5,15,-0.05964850978,0.7770716789,0,0.002276607854,0
co_independent_only,195,1,15,25,-0.03323016953,0.8923255771,0,0.002276607854,0
co_independent_only,195,2,25,35,0.03317092119,0.931726178,0,0.002276607854,0
co_independent_only,195,3,35,45,0.03201750188,0.9986816763,0,0.002276607854,0
co_independent_only,195,4,45,55,-0.03392591624,0.9343224355,0,0.002276607854,0
co_independent_only,195,5,55,65,-0.09028418861,0.9762370048,0,0.002276607854,0
star_plus_co_independent,195,0,5,15,-0.05603921024,0.8291340583,0.0005691519636,0.002276607854,0
star_plus_co_independent,195,1,15,25,-0.04017993936,0.5053657628,0.0005691519636,0.002276607854,0
star_plus_co_independent,195,2,25,35,0.03158941197,0.8746798356,0.0005691519636,0.002276607854,0
star_plus_co_independent,195,3,35,45,0.05321940521,0.9515999169,0.0005691519636,0.002276607854,0
star_plus_co_independent,195,4,45,55,0.06208906278,0.8296837943,0.0005691519636,0.002276607854,0
star_plus_co_independent,195,5,55,65,0.07418950637,0.9886384318,0.0005691519636,0.002276607854,0
star_plus_co_correlated_control,195,0,5,15,-0.05726546618,0.8291340583,0.0005691519636,0.02105862265,0
star_plus_co_correlated_control,195,1,15,25,-0.04416076786,0.5053657628,0.0005691519636,0.02105862265,0
star_plus_co_correlated_control,195,2,25,35,0.03508948512,0.8746798356,0.0005691519636,0.02105862265,0
star_plus_co_correlated_control,195,3,35,45,0.04874607499,0.9515999169,0.0005691519636,0.02105862265,0
star_plus_co_correlated_control,195,4,45,55,0.05572639668,0.8296837943,0.0005691519636,0.02105862265,0
star_plus_co_correlated_control,195,5,55,65,0.06838764371,0.9886384318,0.0005691519636,0.02105862265,0
star_co_plus_hi_ctl01,195,0,5,15,-0.05558478416,0.8291340583,0.0005691519636,0.002276607854,0
star_co_plus_hi_ctl01,195,1,15,25,-0.03968332915,0.5053657628,0.0005691519636,0.002276607854,0
star_co_plus_hi_ctl01,195,2,25,35,0.02997323933,0.8746798356,0.0005691519636,0.002276607854,0
star_co_plus_hi_ctl01,195,3,35,45,0.05373538567,0.9515999169,0.0005691519636,0.002276607854,0
star_co_plus_hi_ctl01,195,4,45,55,0.06178744689,0.8296837943,0.0005691519636,0.002276607854,0
star_co_plus_hi_ctl01,195,5,55,65,0.07372951302,0.9886384318,0.0005691519636,0.002276607854,0
star_co_plus_hi_ctl10,195,0,5,15,-0.05436461777,0.8291340583,0.0005691519636,0.002276607854,0
star_co_plus_hi_ctl10,195,1,15,25,-0.0388372413,0.5053657628,0.0005691519636,0.002276607854,0
star_co_plus_hi_ctl10,195,2,25,35,0.0256286343,0.8746798356,0.0005691519636,0.002276607854,0
star_co_plus_hi_ctl10,195,3,35,45,0.05512209024,0.9515999169,0.0005691519636,0.002276607854,0
star_co_plus_hi_ctl10,195,4,45,55,0.06109238773,0.8296837943,0.0005691519636,0.002276607854,0
star_co_plus_hi_ctl10,195,5,55,65,0.07249796849,0.9886384318,0.0005691519636,0.002276607854,0
star_co_plus_hi_ctl49,195,0,5,15,-0.05228996604,0.8291340583,0.0005691519636,0.002276607854,0
star_co_plus_hi_ctl49,195,1,15,25,-0.03739854314,0.5053657628,0.0005691519636,0.002276607854,0
star_co_plus_hi_ctl49,195,2,25,35,0.01802238361,0.8746798356,0.0005691519636,0.002276607854,0
star_co_plus_hi_ctl49,195,3,35,45,0.05748419417,0.9515999169,0.0005691519636,0.002276607854,0
star_co_plus_hi_ctl49,195,4,45,55,0.06028681874,0.8296837943,0.0005691519636,0.002276607854,0
star_co_plus_hi_ctl49,195,5,55,65,0.07041598134,0.9886384318,0.0005691519636,0.002276607854,0
star_only,196,0,5,15,-0.06051870316,0.749933289,0.01821286283,0,0
star_only,196,1,15,25,-0.03490412253,0.8535219935,0.01821286283,0,0
star_only,196,2,25,35,0.03449287417,0.9214397968,0.01821286283,0,0
star_only,196,3,35,45,0.02801822732,0.9988674199,0.01821286283,0,0
star_only,196,4,45,55,0.003176759754,0.9529822536,0.01821286283,0,0
star_only,196,5,55,65,-0.01996067934,0.9619276545,0.01821286283,0,0
co_independent_only,196,0,5,15,-0.06084863845,0.7770716789,0,0.004553215709,0
co_independent_only,196,1,15,25,-0.03552507771,0.8923255771,0,0.004553215709,0
co_independent_only,196,2,25,35,0.03735477181,0.931726178,0,0.004553215709,0
co_independent_only,196,3,35,45,0.02882067385,0.9986816763,0,0.004553215709,0
co_independent_only,196,4,45,55,-0.03865874726,0.9343224355,0,0.004553215709,0
co_independent_only,196,5,55,65,-0.09467839109,0.9762370048,0,0.004553215709,0
star_plus_co_independent,196,0,5,15,-0.06106773439,0.749933289,0.01821286283,0.004553215709,0
star_plus_co_independent,196,1,15,25,-0.03418508409,0.8535219935,0.01821286283,0.004553215709,0
star_plus_co_independent,196,2,25,35,0.03712604386,0.9214397968,0.01821286283,0.004553215709,0
star_plus_co_independent,196,3,35,45,0.03233319745,0.9988674199,0.01821286283,0.004553215709,0
star_plus_co_independent,196,4,45,55,0.005205506732,0.9529822536,0.01821286283,0.004553215709,0
star_plus_co_independent,196,5,55,65,-0.01466067551,0.9619276545,0.01821286283,0.004553215709,0
star_plus_co_correlated_control,196,0,5,15,-0.05477264077,0.749933289,0.01821286283,0,0
star_plus_co_correlated_control,196,1,15,25,-0.02676976079,0.8535219935,0.01821286283,0,0
star_plus_co_correlated_control,196,2,25,35,0.02196412863,0.9214397968,0.01821286283,0,0
star_plus_co_correlated_control,196,3,35,45,0.03082089255,0.9988674199,0.01821286283,0,0
star_plus_co_correlated_control,196,4,45,55,-4.312928182e-05,0.9529822536,0.01821286283,0,0
star_plus_co_correlated_control,196,5,55,65,-0.02313070564,0.9619276545,0.01821286283,0,0
star_co_plus_hi_ctl01,196,0,5,15,-0.06137178364,0.749933289,0.01821286283,0.004553215709,0
star_co_plus_hi_ctl01,196,1,15,25,-0.03441507937,0.8535219935,0.01821286283,0.004553215709,0
star_co_plus_hi_ctl01,196,2,25,35,0.03810137512,0.9214397968,0.01821286283,0.004553215709,0
star_co_plus_hi_ctl01,196,3,35,45,0.0315023832,0.9988674199,0.01821286283,0.004553215709,0
star_co_plus_hi_ctl01,196,4,45,55,0.004541320344,0.9529822536,0.01821286283,0.004553215709,0
star_co_plus_hi_ctl01,196,5,55,65,-0.01502952783,0.9619276545,0.01821286283,0.004553215709,0
star_co_plus_hi_ctl10,196,0,5,15,-0.06218987847,0.749933289,0.01821286283,0.004553215709,0
star_co_plus_hi_ctl10,196,1,15,25,-0.03489885961,0.8535219935,0.01821286283,0.004553215709,0
star_co_plus_hi_ctl10,196,2,25,35,0.04072487233,0.9214397968,0.01821286283,0.004553215709,0
star_co_plus_hi_ctl10,196,3,35,45,0.02926871894,0.9988674199,0.01821286283,0.004553215709,0
star_co_plus_hi_ctl10,196,4,45,55,0.002956581536,0.9529822536,0.01821286283,0.004553215709,0
star_co_plus_hi_ctl10,196,5,55,65,-0.01618731822,0.9619276545,0.01821286283,0.004553215709,0
star_co_plus_hi_ctl49,196,0,5,15,-0.06358660234,0.749933289,0.01821286283,0.004553215709,0
star_co_plus_hi_ctl49,196,1,15,25,-0.03572473484,0.8535219935,0.01821286283,0.004553215709,0
star_co_plus_hi_ctl49,196,2,25,35,0.0452110958,0.9214397968,0.01821286283,0.004553215709,0
star_co_plus_hi_ctl49,196,3,35,45,0.02546115276,0.9988674199,0.01821286283,0.004553215709,0
star_co_plus_hi_ctl49,196,4,45,55,0.0008566261437,0.9529822536,0.01821286283,0.004553215709,0
star_co_plus_hi_ctl49,196,5,55,65,-0.01787795398,0.9619276545,0.01821286283,0.004553215709,0
star_only,197,0,5,15,-0.05904759598,0.7959754375,0,0,0
star_only,197,1,15,25,-0.04010207667,0.9094937751,0,0,0
star_only,197,2,25,35,0.03417558693,0.9559171777,0,0,0
star_only,197,3,35,45,0.04355240613,0.9833502264,0,0,0
star_only,197,4,45,55,0.04545636865,0.8798069281,0,0,0
star_only,197,5,55,65,0.006854120332,0.9472299523,0,0,0
co_independent_only,197,0,5,15,-0.05980280333,0.7770716789,0,0.006829823563,0
co_independent_only,197,1,15,25,-0.03359119913,0.8923255771,0,0.006829823563,0
co_independent_only,197,2,25,35,0.03949524003,0.931726178,0,0.006829823563,0
co_independent_only,197,3,35,45,0.03242788357,0.9986816763,0,0.006829823563,0
co_independent_only,197,4,45,55,-0.03900274973,0.9343224355,0,0.006829823563,0
co_independent_only,197,5,55,65,-0.09711908457,0.9762370048,0,0.006829823563,0
star_plus_co_independent,197,0,5,15,-0.05867911345,0.7959754375,0,0.006829823563,0
star_plus_co_independent,197,1,15,25,-0.03794081171,0.9094937751,0,0.006829823563,0
star_plus_co_independent,197,2,25,35,0.03866512777,0.9559171777,0,0.006829823563,0
star_plus_co_independent,197,3,35,45,0.04881057805,0.9833502264,0,0.006829823563,0
star_plus_co_independent,197,4,45,55,0.04654640505,0.8798069281,0,0.006829823563,0
star_plus_co_independent,197,5,55,65,0.007090052226,0.9472299523,0,0.006829823563,0
star_plus_co_correlated_control,197,0,5,15,-0.05897842217,0.7959754375,0,0,0
star_plus_co_correlated_control,197,1,15,25,-0.04000358719,0.9094937751,0,0,0
star_plus_co_correlated_control,197,2,25,35,0.03401563732,0.9559171777,0,0,0
star_plus_co_correlated_control,197,3,35,45,0.04356730287,0.9833502264,0,0,0
star_plus_co_correlated_control,197,4,45,55,0.04539401994,0.8798069281,0,0,0
star_plus_co_correlated_control,197,5,55,65,0.006755568721,0.9472299523,0,0,0
star_co_plus_hi_ctl01,197,0,5,15,-0.05878571464,0.7959754375,0,0.006829823563,0
star_co_plus_hi_ctl01,197,1,15,25,-0.03820955843,0.9094937751,0,0.006829823563,0
star_co_plus_hi_ctl01,197,2,25,35,0.03859716603,0.9559171777,0,0.006829823563,0
star_co_plus_hi_ctl01,197,3,35,45,0.04893463992,0.9833502264,0,0.006829823563,0
star_co_plus_hi_ctl01,197,4,45,55,0.0470191185,0.8798069281,0,0.006829823563,0
star_co_plus_hi_ctl01,197,5,55,65,0.006896237893,0.9472299523,0,0.006829823563,0
star_co_plus_hi_ctl10,197,0,5,15,-0.05907319948,0.7959754375,0,0.006829823563,0
star_co_plus_hi_ctl10,197,1,15,25,-0.0388803754,0.9094937751,0,0.006829823563,0
star_co_plus_hi_ctl10,197,2,25,35,0.03841416483,0.9559171777,0,0.006829823563,0
star_co_plus_hi_ctl10,197,3,35,45,0.04926955155,0.9833502264,0,0.006829823563,0
star_co_plus_hi_ctl10,197,4,45,55,0.04829373843,0.8798069281,0,0.006829823563,0
star_co_plus_hi_ctl10,197,5,55,65,0.006375979702,0.9472299523,0,0.006829823563,0
star_co_plus_hi_ctl49,197,0,5,15,-0.05956624321,0.7959754375,0,0.006829823563,0
star_co_plus_hi_ctl49,197,1,15,25,-0.04003147988,0.9094937751,0,0.006829823563,0
star_co_plus_hi_ctl49,197,2,25,35,0.03810126139,0.9559171777,0,0.006829823563,0
star_co_plus_hi_ctl49,197,3,35,45,0.04987955759,0.9833502264,0,0.006829823563,0
star_co_plus_hi_ctl49,197,4,45,55,0.04994857971,0.8798069281,0,0.006829823563,0
star_co_plus_hi_ctl49,197,5,55,65,0.005326414192,0.9472299523,0,0.006829823563,0
star_only,198,0,5,15,-0.05898631644,0.7321353298,0,0,0
star_only,198,1,15,25,-0.03825391312,0.7000786741,0,0,0
star_only,198,2,25,35,0.03429902036,0.8695488569,0,0,0
star_only,198,3,35,45,-0.0023815975,0.9448424557,0,0,0
star_only,198,4,45,55,-0.1329168207,0.99902612,0,0,0
star_only,198,5,55,65,-0.2260836762,0.9996153265,0,0,0
co_independent_only,198,0,5,15,-0.06169713993,0.7770716789,0,0,0
co_independent_only,198,1,15,25,-0.04235304509,0.8923255771,0,0,0
co_independent_only,198,2,25,35,0.02916110334,0.931726178,0,0,0
co_independent_only,198,3,35,45,0.01801278898,0.9986816763,0,0,0
co_independent_only,198,4,45,55,-0.04639051017,0.9343224355,0,0,0
co_independent_only,198,5,55,65,-0.1097955156,0.9762370048,0,0,0
star_plus_co_independent,198,0,5,15,-0.06017212149,0.7321353298,0,0,0
star_plus_co_independent,198,1,15,25,-0.04440773552,0.7000786741,0,0,0
star_plus_co_independent,198,2,25,35,0.029458507,0.8695488569,0,0,0
star_plus_co_independent,198,3,35,45,-0.00933270293,0.9448424557,0,0,0
star_plus_co_independent,198,4,45,55,-0.1390662441,0.99902612,0,0,0
star_plus_co_independent,198,5,55,65,-0.2365138544,0.9996153265,0,0,0
star_plus_co_correlated_control,198,0,5,15,-0.05684985582,0.7321353298,0,0,0
star_plus_co_correlated_control,198,1,15,25,-0.03507052511,0.7000786741,0,0,0
star_plus_co_correlated_control,198,2,25,35,0.02940600599,0.8695488569,0,0,0
star_plus_co_correlated_control,198,3,35,45,0.0003433544573,0.9448424557,0,0,0
star_plus_co_correlated_control,198,4,45,55,-0.128773808,0.99902612,0,0,0
star_plus_co_correlated_control,198,5,55,65,-0.2132525454,0.9996153265,0,0,0
star_co_plus_hi_ctl01,198,0,5,15,-0.06012392162,0.7321353298,0,0,0
star_co_plus_hi_ctl01,198,1,15,25,-0.04371870102,0.7000786741,0,0,0
star_co_plus_hi_ctl01,198,2,25,35,0.02966323393,0.8695488569,0,0,0
star_co_plus_hi_ctl01,198,3,35,45,-0.009009884019,0.9448424557,0,0,0
star_co_plus_hi_ctl01,198,4,45,55,-0.1396013542,0.99902612,0,0,0
star_co_plus_hi_ctl01,198,5,55,65,-0.2367954805,0.9996153265,0,0,0
star_co_plus_hi_ctl10,198,0,5,15,-0.05999388539,0.7321353298,0,0,0
star_co_plus_hi_ctl10,198,1,15,25,-0.04185929037,0.7000786741,0,0,0
star_co_plus_hi_ctl10,198,2,25,35,0.03021523772,0.8695488569,0,0,0
star_co_plus_hi_ctl10,198,3,35,45,-0.007430429926,0.9448424557,0,0,0
star_co_plus_hi_ctl10,198,4,45,55,-0.141041452,0.99902612,0,0,0
star_co_plus_hi_ctl10,198,5,55,65,-0.2378152997,0.9996153265,0,0,0
star_co_plus_hi_ctl49,198,0,5,15,-0.05977070132,0.7321353298,0,0,0
star_co_plus_hi_ctl49,198,1,15,25,-0.0386662429,0.7000786741,0,0,0
star_co_plus_hi_ctl49,198,2,25,35,0.0311615664,0.8695488569,0,0,0
star_co_plus_hi_ctl49,198,3,35,45,-0.004685368231,0.9448424557,0,0,0
star_co_plus_hi_ctl49,198,4,45,55,-0.1435496633,0.99902612,0,0,0
star_co_plus_hi_ctl49,198,5,55,65,-0.2395551126,0.9996153265,0,0,0
star_only,199,0,5,15,-0.06082559807,0.7428704082,0,0,0
star_only,199,1,15,25,-0.03218113011,0.9161350836,0,0,0
star_only,199,2,25,35,0.03431981108,0.9113541029,0,0,0
star_only,199,3,35,45,0.02733254915,0.9419760133,0,0,0
star_only,199,4,45,55,-0.124024619,0.9766047279,0,0,0
star_only,199,5,55,65,-0.2784192179,0.8286286821,0,0,0
co_independent_only,199,0,5,15,-0.05946751674,0.7770716789,0,0.002845759818,0
co_independent_only,199,1,15,25,-0.03640916941,0.8923255771,0,0.002845759818,0
co_independent_only,199,2,25,35,0.03393086304,0.931726178,0,0.002845759818,0
co_independent_only,199,3,35,45,0.02243233464,0.9986816763,0,0.002845759818,0
co_independent_only,199,4,45,55,-0.04304009592,0.9343224355,0,0.002845759818,0
co_independent_only,199,5,55,65,-0.09993712475,0.9762370048,0,0.002845759818,0
star_plus_co_independent,199,0,5,15,-0.06001998135,0.7428704082,0,0.002845759818,0
star_plus_co_independent,199,1,15,25,-0.03229107037,0.9161350836,0,0.002845759818,0
star_plus_co_independent,199,2,25,35,0.03345352389,0.9113541029,0,0.002845759818,0
star_plus_co_independent,199,3,35,45,0.02508294542,0.9419760133,0,0.002845759818,0
star_plus_co_independent,199,4,45,55,-0.126599862,0.9766047279,0,0.002845759818,0
star_plus_co_independent,199,5,55,65,-0.2819647395,0.8286286821,0,0.002845759818,0
star_plus_co_correlated_control,199,0,5,15,-0.06177220155,0.7428704082,0,0.02788844622,0
star_plus_co_correlated_control,199,1,15,25,-0.03305414819,0.9161350836,0,0.02788844622,0
star_plus_co_correlated_control,199,2,25,35,0.0361335347,0.9113541029,0,0.02788844622,0
star_plus_co_correlated_control,199,3,35,45,0.02656993473,0.9419760133,0,0.02788844622,0
star_plus_co_correlated_control,199,4,45,55,-0.1259098311,0.9766047279,0,0.02788844622,0
star_plus_co_correlated_control,199,5,55,65,-0.286536001,0.8286286821,0,0.02788844622,0
star_co_plus_hi_ctl01,199,0,5,15,-0.05987883662,0.7428704082,0,0.002845759818,0
star_co_plus_hi_ctl01,199,1,15,25,-0.03214377602,0.9161350836,0,0.002845759818,0
star_co_plus_hi_ctl01,199,2,25,35,0.03316374112,0.9113541029,0,0.002845759818,0
star_co_plus_hi_ctl01,199,3,35,45,0.02549003793,0.9419760133,0,0.002845759818,0
star_co_plus_hi_ctl01,199,4,45,55,-0.127217795,0.9766047279,0,0.002845759818,0
star_co_plus_hi_ctl01,199,5,55,65,-0.2824621191,0.8286286821,0,0.002845759818,0
star_co_plus_hi_ctl10,199,0,5,15,-0.05949882314,0.7428704082,0,0.002845759818,0
star_co_plus_hi_ctl10,199,1,15,25,-0.03174733724,0.9161350836,0,0.002845759818,0
star_co_plus_hi_ctl10,199,2,25,35,0.03238570821,0.9113541029,0,0.002845759818,0
star_co_plus_hi_ctl10,199,3,35,45,0.02658547026,0.9419760133,0,0.002845759818,0
star_co_plus_hi_ctl10,199,4,45,55,-0.1288906791,0.9766047279,0,0.002845759818,0
star_co_plus_hi_ctl10,199,5,55,65,-0.2838038238,0.8286286821,0,0.002845759818,0
star_co_plus_hi_ctl49,199,0,5,15,-0.05884922011,0.7428704082,0,0.002845759818,0
star_co_plus_hi_ctl49,199,1,15,25,-0.03107010157,0.9161350836,0,0.002845759818,0
star_co_plus_hi_ctl49,199,2,25,35,0.03106621806,0.9113541029,0,0.002845759818,0
star_co_plus_hi_ctl49,199,3,35,45,0.02845596597,0.9419760133,0,0.002845759818,0
star_co_plus_hi_ctl49,199,4,45,55,-0.1318569636,0.9766047279,0,0.002845759818,0
star_co_plus_hi_ctl49,199,5,55,65,-0.2837694913,0.8286286821,0,0.002845759818,0
star_only,200,0,5,15,-0.06054300703,0.7859336744,0,0,0
star_only,200,1,15,25,-0.03699194201,0.9136261439,0,0,0
star_only,200,2,25,35,0.03461128652,0.9067329009,0,0,0
star_only,200,3,35,45,0.02419522819,0.9955873841,0,0,0
star_only,200,4,45,55,-0.05520659017,0.9618018195,0,0,0
star_only,200,5,55,65,-0.1047714964,0.9596693281,0,0,0
co_independent_only,200,0,5,15,-0.0626670426,0.7770716789,0,0,0
co_independent_only,200,1,15,25,-0.03854183201,0.8923255771,0,0,0
co_independent_only,200,2,25,35,0.03095979989,0.931726178,0,0,0
co_independent_only,200,3,35,45,0.01798012439,0.9986816763,0,0,0
co_independent_only,200,4,45,55,-0.0431072992,0.9343224355,0,0,0
co_independent_only,200,5,55,65,-0.09696480124,0.9762370048,0,0,0
star_plus_co_independent,200,0,5,15,-0.06295548546,0.7859336744,0,0,0
star_plus_co_independent,200,1,15,25,-0.03936399399,0.9136261439,0,0,0
star_plus_co_independent,200,2,25,35,0.03054578887,0.9067329009,0,0,0
star_plus_co_independent,200,3,35,45,0.0175261226,0.9955873841,0,0,0
star_plus_co_independent,200,4,45,55,-0.05822238546,0.9618018195,0,0,0
star_plus_co_independent,200,5,55,65,-0.1025673127,0.9596693281,0,0,0
star_plus_co_correlated_control,200,0,5,15,-0.06027730475,0.7859336744,0,0,0
star_plus_co_correlated_control,200,1,15,25,-0.03662803842,0.9136261439,0,0,0
star_plus_co_correlated_control,200,2,25,35,0.03404133902,0.9067329009,0,0,0
star_plus_co_correlated_control,200,3,35,45,0.02443007744,0.9955873841,0,0,0
star_plus_co_correlated_control,200,4,45,55,-0.05499196946,0.9618018195,0,0,0
star_plus_co_correlated_control,200,5,55,65,-0.1041549737,0.9596693281,0,0,0
star_co_plus_hi_ctl01,200,0,5,15,-0.06264150233,0.7859336744,0,0,0
star_co_plus_hi_ctl01,200,1,15,25,-0.03891150711,0.9136261439,0,0,0
star_co_plus_hi_ctl01,200,2,25,35,0.0299192166,0.9067329009,0,0,0
star_co_plus_hi_ctl01,200,3,35,45,0.01813429836,0.9955873841,0,0,0
star_co_plus_hi_ctl01,200,4,45,55,-0.05793360555,0.9618018195,0,0,0
star_co_plus_hi_ctl01,200,5,55,65,-0.1016407412,0.9596693281,0,0,0
star_co_plus_hi_ctl10,200,0,5,15,-0.06179556373,0.7859336744,0,0,0
star_co_plus_hi_ctl10,200,1,15,25,-0.0376920591,0.9136261439,0,0,0
star_co_plus_hi_ctl10,200,2,25,35,0.02822973441,0.9067329009,0,0,0
star_co_plus_hi_ctl10,200,3,35,45,0.01977450311,0.9955873841,0,0,0
star_co_plus_hi_ctl10,200,4,45,55,-0.05784692443,0.9618018195,0,0,0
star_co_plus_hi_ctl10,200,5,55,65,-0.09914168353,0.9596693281,0,0,0
star_co_plus_hi_ctl49,200,0,5,15,-0.06034753309,0.7859336744,0,0,0
star_co_plus_hi_ctl49,200,1,15,25,-0.03559518667,0.9136261439,0,0,0
star_co_plus_hi_ctl49,200,2,25,35,0.02533315005,0.9067329009,0,0,0
star_co_plus_hi_ctl49,200,3,35,45,0.02258771132,0.9955873841,0,0,0
star_co_plus_hi_ctl49,200,4,45,55,-0.0582326463,0.9618018195,0,0,0
star_co_plus_hi_ctl49,200,5,55,65,-0.09613869361,0.9596693281,0,0,0
star_only,201,0,5,15,-0.05973705231,0.7833249298,0.001707455891,0,0
star_only,201,1,15,25,-0.03766840083,0.8870957051,0.001707455891,0,0
star_only,201,2,25,35,0.03372916953,0.937004544,0.001707455891,0,0
star_only,201,3,35,45,0.01213555926,0.9857756699,0.001707455891,0,0
star_only,201,4,45,55,-0.09737856543,0.9999542587,0.001707455891,0,0
star_only,201,5,55,65,-0.2185206037,0.9847967631,0.001707455891,0,0
co_independent_only,201,0,5,15,-0.06102724204,0.7770716789,0,0,0
co_independent_only,201,1,15,25,-0.03854847153,0.8923255771,0,0,0
co_independent_only,201,2,25,35,0.02876114399,0.931726178,0,0,0
co_independent_only,201,3,35,45,0.02406708889,0.9986816763,0,0,0
co_independent_only,201,4,45,55,-0.04014860815,0.9343224355,0,0,0
co_independent_only,201,5,55,65,-0.094707302,0.9762370048,0,0,0
star_plus_co_independent,201,0,5,15,-0.06036693428,0.7833249298,0.001707455891,0,0
star_plus_co_independent,201,1,15,25,-0.04004417192,0.8870957051,0.001707455891,0,0
star_plus_co_independent,201,2,25,35,0.02882989717,0.937004544,0.001707455891,0,0
star_plus_co_independent,201,3,35,45,0.01059323572,0.9857756699,0.001707455891,0,0
star_plus_co_independent,201,4,45,55,-0.09952058805,0.9999542587,0.001707455891,0,0
star_plus_co_independent,201,5,55,65,-0.2196373009,0.9847967631,0.001707455891,0,0
star_plus_co_correlated_control,201,0,5,15,-0.0587796971,0.7833249298,0.001707455891,0,0
star_plus_co_correlated_control,201,1,15,25,-0.0362874358,0.8870957051,0.001707455891,0,0
star_plus_co_correlated_control,201,2,25,35,0.03155239296,0.937004544,0.001707455891,0,0
star_plus_co_correlated_control,201,3,35,45,0.01320320926,0.9857756699,0.001707455891,0,0
star_plus_co_correlated_control,201,4,45,55,-0.09591259792,0.9999542587,0.001707455891,0,0
star_plus_co_correlated_control,201,5,55,65,-0.2127334258,0.9847967631,0.001707455891,0,0
star_co_plus_hi_ctl01,201,0,5,15,-0.06009420114,0.7833249298,0.001707455891,0,0
star_co_plus_hi_ctl01,201,1,15,25,-0.04015116587,0.8870957051,0.001707455891,0,0
star_co_plus_hi_ctl01,201,2,25,35,0.02871574537,0.937004544,0.001707455891,0,0
star_co_plus_hi_ctl01,201,3,35,45,0.01034111926,0.9857756699,0.001707455891,0,0
star_co_plus_hi_ctl01,201,4,45,55,-0.0989336889,0.9999542587,0.001707455891,0,0
star_co_plus_hi_ctl01,201,5,55,65,-0.219783762,0.9847967631,0.001707455891,0,0
star_co_plus_hi_ctl10,201,0,5,15,-0.05936187866,0.7833249298,0.001707455891,0,0
star_co_plus_hi_ctl10,201,1,15,25,-0.04043845479,0.8870957051,0.001707455891,0,0
star_co_plus_hi_ctl10,201,2,25,35,0.02840930784,0.937004544,0.001707455891,0,0
star_co_plus_hi_ctl10,201,3,35,45,0.009664649378,0.9857756699,0.001707455891,0,0
star_co_plus_hi_ctl10,201,4,45,55,-0.09735824135,0.9999542587,0.001707455891,0,0
star_co_plus_hi_ctl10,201,5,55,65,-0.219386918,0.9847967631,0.001707455891,0,0
star_co_plus_hi_ctl49,201,0,5,15,-0.05811666105,0.7833249298,0.001707455891,0,0
star_co_plus_hi_ctl49,201,1,15,25,-0.04092694177,0.8870957051,0.001707455891,0,0
star_co_plus_hi_ctl49,201,2,25,35,0.0276833073,0.937004544,0.001707455891,0,0
star_co_plus_hi_ctl49,201,3,35,45,0.008516051338,0.9857756699,0.001707455891,0,0
star_co_plus_hi_ctl49,201,4,45,55,-0.09577651719,0.9999542587,0.001707455891,0,0
star_co_plus_hi_ctl49,201,5,55,65,-0.2163847588,0.9847967631,0.001707455891,0,0
star_only,202,0,5,15,-0.06111853038,0.7641254132,0,0,0
star_only,202,1,15,25,-0.03442547717,0.897613953,0,0,0
star_only,202,2,25,35,0.03462555616,0.8775198663,0,0,0
star_only,202,3,35,45,0.02047177013,0.9527665157,0,0,0
star_only,202,4,45,55,-0.04240203641,0.9903502818,0,0,0
star_only,202,5,55,65,-0.08806534604,0.9928646894,0,0,0
co_independent_only,202,0,5,15,-0.06048557496,0.7770716789,0,0.009106431417,0
co_independent_only,202,1,15,25,-0.03706127366,0.8923255771,0,0.009106431417,0
co_independent_only,202,2,25,35,0.03318644736,0.931726178,0,0.009106431417,0
co_independent_only,202,3,35,45,0.02547396061,0.9986816763,0,0.009106431417,0
co_independent_only,202,4,45,55,-0.04240754447,0.9343224355,0,0.009106431417,0
co_independent_only,202,5,55,65,-0.1018375731,0.9762370048,0,0.009106431417,0
star_plus_co_independent,202,0,5,15,-0.06142570803,0.7641254132,0,0.009106431417,0
star_plus_co_independent,202,1,15,25,-0.03521654479,0.897613953,0,0.009106431417,0
star_plus_co_independent,202,2,25,35,0.03294563624,0.8775198663,0,0.009106431417,0
star_plus_co_independent,202,3,35,45,0.02212223387,0.9527665157,0,0.009106431417,0
star_plus_co_independent,202,4,45,55,-0.04480069837,0.9903502818,0,0.009106431417,0
star_plus_co_independent,202,5,55,65,-0.09095777556,0.9928646894,0,0.009106431417,0
star_plus_co_correlated_control,202,0,5,15,-0.0607584709,0.7641254132,0,0,0
star_plus_co_correlated_control,202,1,15,25,-0.03396864755,0.897613953,0,0,0
star_plus_co_correlated_control,202,2,25,35,0.03386236583,0.8775198663,0,0,0
star_plus_co_correlated_control,202,3,35,45,0.02081342137,0.9527665157,0,0,0
star_plus_co_correlated_control,202,4,45,55,-0.04219207838,0.9903502818,0,0,0
star_plus_co_correlated_control,202,5,55,65,-0.08744192605,0.9928646894,0,0,0
star_co_plus_hi_ctl01,202,0,5,15,-0.0613448605,0.7641254132,0,0.009106431417,0
star_co_plus_hi_ctl01,202,1,15,25,-0.03509256409,0.897613953,0,0.009106431417,0
star_co_plus_hi_ctl01,202,2,25,35,0.03308374282,0.8775198663,0,0.009106431417,0
star_co_plus_hi_ctl01,202,3,35,45,0.02153383039,0.9527665157,0,0.009106431417,0
star_co_plus_hi_ctl01,202,4,45,55,-0.0444106481,0.9903502818,0,0.009106431417,0
star_co_plus_hi_ctl01,202,5,55,65,-0.09137688931,0.9928646894,0,0.009106431417,0
star_co_plus_hi_ctl10,202,0,5,15,-0.06112750064,0.7641254132,0,0.009106431417,0
star_co_plus_hi_ctl10,202,1,15,25,-0.03475937326,0.897613953,0,0.009106431417,0
star_co_plus_hi_ctl10,202,2,25,35,0.03336769778,0.8775198663,0,0.009106431417,0
star_co_plus_hi_ctl10,202,3,35,45,0.02032565726,0.9527665157,0,0.009106431417,0
star_co_plus_hi_ctl10,202,4,45,55,-0.04335393021,0.9903502818,0,0.009106431417,0
star_co_plus_hi_ctl10,202,5,55,65,-0.09259125096,0.9928646894,0,0.009106431417,0
star_co_plus_hi_ctl49,202,0,5,15,-0.06075698944,0.7641254132,0,0.009106431417,0
star_co_plus_hi_ctl49,202,1,15,25,-0.0341918653,0.897613953,0,0.009106431417,0
star_co_plus_hi_ctl49,202,2,25,35,0.03379640557,0.8775198663,0,0.009106431417,0
star_co_plus_hi_ctl49,202,3,35,45,0.01825482325,0.9527665157,0,0.009106431417,0
star_co_plus_hi_ctl49,202,4,45,55,-0.04340655282,0.9903502818,0,0.009106431417,0
star_co_plus_hi_ctl49,202,5,55,65,-0.09467102712,0.9928646894,0,0.009106431417,0
star_only,203,0,5,15,-0.05910830047,0.8190175575,0,0,0
star_only,203,1,15,25,-0.04182684543,0.9391780374,0,0,0
star_only,203,2,25,35,0.0343468729,0.9999995991,0,0,0
star_only,203,3,35,45,0.03729107981,0.8896954425,0,0,0
star_only,203,4,45,55,-0.02503695973,0.8335416387,0,0,0
star_only,203,5,55,65,0.007099738421,0.9749325143,0,0,0
co_independent_only,203,0,5,15,-0.06225368623,0.7770716789,0,0,0
co_independent_only,203,1,15,25,-0.03622527276,0.8923255771,0,0,0
co_independent_only,203,2,25,35,0.03772091117,0.931726178,0,0,0
co_independent_only,203,3,35,45,0.02582836377,0.9986816763,0,0,0
co_independent_only,203,4,45,55,-0.0437761228,0.9343224355,0,0,0
co_independent_only,203,5,55,65,-0.1119400472,0.9762370048,0,0,0
star_plus_co_independent,203,0,5,15,-0.0610519071,0.8190175575,0,0,0
star_plus_co_independent,203,1,15,25,-0.04274267528,0.9391780374,0,0,0
star_plus_co_independent,203,2,25,35,0.03698509605,0.9999995991,0,0,0
star_plus_co_independent,203,3,35,45,0.036628505,0.8896954425,0,0,0
star_plus_co_independent,203,4,45,55,-0.02915258238,0.8335416387,0,0,0
star_plus_co_independent,203,5,55,65,-0.00595340519,0.9749325143,0,0,0
star_plus_co_correlated_control,203,0,5,15,-0.05754202731,0.8190175575,0,0,0
star_plus_co_correlated_control,203,1,15,25,-0.03929534418,0.9391780374,0,0,0
star_plus_co_correlated_control,203,2,25,35,0.03099101884,0.9999995991,0,0,0
star_plus_co_correlated_control,203,3,35,45,0.03809377047,0.8896954425,0,0,0
star_plus_co_correlated_control,203,4,45,55,-0.02457041963,0.8335416387,0,0,0
star_plus_co_correlated_control,203,5,55,65,0.0042388273,0.9749325143,0,0,0
star_co_plus_hi_ctl01,203,0,5,15,-0.06109628189,0.8190175575,0,0,0
star_co_plus_hi_ctl01,203,1,15,25,-0.04240836712,0.9391780374,0,0,0
star_co_plus_hi_ctl01,203,2,25,35,0.03751020226,0.9999995991,0,0,0
star_co_plus_hi_ctl01,203,3,35,45,0.03651232934,0.8896954425,0,0,0
star_co_plus_hi_ctl01,203,4,45,55,-0.02922957508,0.8335416387,0,0,0
star_co_plus_hi_ctl01,203,5,55,65,-0.006735421361,0.9749325143,0,0,0
star_co_plus_hi_ctl10,203,0,5,15,-0.06121573761,0.8190175575,0,0,0
star_co_plus_hi_ctl10,203,1,15,25,-0.04151019786,0.9391780374,0,0,0
star_co_plus_hi_ctl10,203,2,25,35,0.03892342097,0.9999995991,0,0,0
star_co_plus_hi_ctl10,203,3,35,45,0.03620042805,0.8896954425,0,0,0
star_co_plus_hi_ctl10,203,4,45,55,-0.02943682287,0.8335416387,0,0,0
star_co_plus_hi_ctl10,203,5,55,65,-0.006720605379,0.9749325143,0,0,0
star_co_plus_hi_ctl49,203,0,5,15,-0.06141987738,0.8190175575,0,0,0
star_co_plus_hi_ctl49,203,1,15,25,-0.0399812711,0.9391780374,0,0,0
star_co_plus_hi_ctl49,203,2,25,35,0.04133732535,0.9999995991,0,0,0
star_co_plus_hi_ctl49,203,3,35,45,0.03544754967,0.8896954425,0,0,0
star_co_plus_hi_ctl49,203,4,45,55,-0.0297909212,0.8335416387,0,0,0
star_co_plus_hi_ctl49,203,5,55,65,-0.01198891802,0.9749325143,0,0,0
star_only,204,0,5,15,-0.05679010241,0.7511799961,0.01195219124,0,0
star_only,204,1,15,25,-0.04266198951,0.6053072806,0.01195219124,0,0
star_only,204,2,25,35,0.03096358231,0.9427622454,0.01195219124,0,0
star_only,204,3,35,45,0.03865803105,0.8201902665,0.01195219124,0,0
star_only,204,4,45,55,-0.009023862907,0.8018054231,0.01195219124,0,0
star_only,204,5,55,65,-0.02308120878,0.925518481,0.01195219124,0,0
co_independent_only,204,0,5,15,-0.06032201676,0.7770716789,0,0.004553215709,0
co_independent_only,204,1,15,25,-0.03501360708,0.8923255771,0,0.004553215709,0
co_independent_only,204,2,25,35,0.03663212549,0.931726178,0,0.004553215709,0
co_independent_only,204,3,35,45,0.02796578173,0.9986816763,0,0.004553215709,0
co_independent_only,204,4,45,55,-0.0393019646,0.9343224355,0,0.004553215709,0
co_independent_only,204,5,55,65,-0.1033793882,0.9762370048,0,0.004553215709,0
star_plus_co_independent,204,0,5,15,-0.0571249662,0.7511799961,0.01195219124,0.004553215709,0
star_plus_co_independent,204,1,15,25,-0.04229890151,0.6053072806,0.01195219124,0.004553215709,0
star_plus_co_independent,204,2,25,35,0.03248836053,0.9427622454,0.01195219124,0.004553215709,0
star_plus_co_independent,204,3,35,45,0.04229929605,0.8201902665,0.01195219124,0.004553215709,0
star_plus_co_independent,204,4,45,55,-0.008078729231,0.8018054231,0.01195219124,0.004553215709,0
star_plus_co_independent,204,5,55,65,-0.02744974017,0.925518481,0.01195219124,0.004553215709,0
star_plus_co_correlated_control,204,0,5,15,-0.05595311467,0.7511799961,0.01195219124,0,0
star_plus_co_correlated_control,204,1,15,25,-0.04122561014,0.6053072806,0.01195219124,0,0
star_plus_co_correlated_control,204,2,25,35,0.02901227337,0.9427622454,0.01195219124,0,0
star_plus_co_correlated_control,204,3,35,45,0.03905970713,0.8201902665,0.01195219124,0,0
star_plus_co_correlated_control,204,4,45,55,-0.008997673591,0.8018054231,0.01195219124,0,0
star_plus_co_correlated_control,204,5,55,65,-0.02361211401,0.925518481,0.01195219124,0,0
star_co_plus_hi_ctl01,204,0,5,15,-0.05728004441,0.7511799961,0.01195219124,0.004553215709,0
star_co_plus_hi_ctl01,204,1,15,25,-0.04286449104,0.6053072806,0.01195219124,0.004553215709,0
star_co_plus_hi_ctl01,204,2,25,35,0.03279837703,0.9427622454,0.01195219124,0.004553215709,0
star_co_plus_hi_ctl01,204,3,35,45,0.04147250642,0.8201902665,0.01195219124,0.004553215709,0
star_co_plus_hi_ctl01,204,4,45,55,-0.008658080306,0.8018054231,0.01195219124,0.004553215709,0
star_co_plus_hi_ctl01,204,5,55,65,-0.02809267112,0.925518481,0.01195219124,0.004553215709,0
star_co_plus_hi_ctl10,204,0,5,15,-0.05769691841,0.7511799961,0.01195219124,0.004553215709,0
star_co_plus_hi_ctl10,204,1,15,25,-0.04438620215,0.6053072806,0.01195219124,0.004553215709,0
star_co_plus_hi_ctl10,204,2,25,35,0.03363158644,0.9427622454,0.01195219124,0.004553215709,0
star_co_plus_hi_ctl10,204,3,35,45,0.03924412892,0.8201902665,0.01195219124,0.004553215709,0
star_co_plus_hi_ctl10,204,4,45,55,-0.01021955762,0.8018054231,0.01195219124,0.004553215709,0
star_co_plus_hi_ctl10,204,5,55,65,-0.02981991132,0.925518481,0.01195219124,0.004553215709,0
star_co_plus_hi_ctl49,204,0,5,15,-0.05840733436,0.7511799961,0.01195219124,0.004553215709,0
star_co_plus_hi_ctl49,204,1,15,25,-0.04698387995,0.6053072806,0.01195219124,0.004553215709,0
star_co_plus_hi_ctl49,204,2,25,35,0.03508107622,0.9427622454,0.01195219124,0.004553215709,0
star_co_plus_hi_ctl49,204,3,35,45,0.03542692252,0.8201902665,0.01195219124,0.004553215709,0
star_co_plus_hi_ctl49,204,4,45,55,-0.01344158316,0.8018054231,0.01195219124,0.004553215709,0
star_co_plus_hi_ctl49,204,5,55,65,-0.03275984573,0.925518481,0.01195219124,0.004553215709,0
star_only,205,0,5,15,-0.06099664655,0.7771903367,0.02390438247,0,0
star_only,205,1,15,25,-0.0241378639,0.9254963222,0.02390438247,0,0
star_only,205,2,25,35,0.03352150341,0.9291590572,0.02390438247,0,0
star_only,205,3,35,45,0.019171573,0.9930940201,0.02390438247,0,0
star_only,205,4,45,55,-0.1126541848,0.8832615633,0.02390438247,0,0
star_only,205,5,55,65,-0.1067271352,0.9430004007,0.02390438247,0,0
co_independent_only,205,0,5,15,-0.05816097038,0.7770716789,0,0.001138303927,0
co_independent_only,205,1,15,25,-0.03631646223,0.8923255771,0,0.001138303927,0
co_independent_only,205,2,25,35,0.02601554051,0.931726178,0,0.001138303927,0
co_independent_only,205,3,35,45,0.02147280299,0.9986816763,0,0.001138303927,0
co_independent_only,205,4,45,55,-0.04647051378,0.9343224355,0,0.001138303927,0
co_independent_only,205,5,55,65,-0.1085810979,0.9762370048,0,0.001138303927,0
star_plus_co_independent,205,0,5,15,-0.05896573863,0.7771903367,0.02390438247,0.001138303927,0
star_plus_co_independent,205,1,15,25,-0.02481295158,0.9254963222,0.02390438247,0.001138303927,0
star_plus_co_independent,205,2,25,35,0.02523696736,0.9291590572,0.02390438247,0.001138303927,0
star_plus_co_independent,205,3,35,45,0.0162030822,0.9930940201,0.02390438247,0.001138303927,0
star_plus_co_independent,205,4,45,55,-0.1191107636,0.8832615633,0.02390438247,0.001138303927,0
star_plus_co_independent,205,5,55,65,-0.1161881093,0.9430004007,0.02390438247,0.001138303927,0
star_plus_co_correlated_control,205,0,5,15,-0.06286042483,0.7771903367,0.02390438247,0.05406943654,0
star_plus_co_correlated_control,205,1,15,25,-0.02537250886,0.9254963222,0.02390438247,0.05406943654,0
star_plus_co_correlated_control,205,2,25,35,0.03660178064,0.9291590572,0.02390438247,0.05406943654,0
star_plus_co_correlated_control,205,3,35,45,0.01732503676,0.9930940201,0.02390438247,0.05406943654,0
star_plus_co_correlated_control,205,4,45,55,-0.1160566405,0.8832615633,0.02390438247,0.05406943654,0
star_plus_co_correlated_control,205,5,55,65,-0.1119818249,0.9430004007,0.02390438247,0.05406943654,0
star_co_plus_hi_ctl01,205,0,5,15,-0.05899200846,0.7771903367,0.02390438247,0.001138303927,0
star_co_plus_hi_ctl01,205,1,15,25,-0.02498172584,0.9254963222,0.02390438247,0.001138303927,0
star_co_plus_hi_ctl01,205,2,25,35,0.02526127314,0.9291590572,0.02390438247,0.001138303927,0
star_co_plus_hi_ctl01,205,3,35,45,0.01609599759,0.9930940201,0.02390438247,0.001138303927,0
star_co_plus_hi_ctl01,205,4,45,55,-0.1193706501,0.8832615633,0.02390438247,0.001138303927,0
star_co_plus_hi_ctl01,205,5,55,65,-0.1148973386,0.9430004007,0.02390438247,0.001138303927,0
star_co_plus_hi_ctl10,205,0,5,15,-0.05906289397,0.7771903367,0.02390438247,0.001138303927,0
star_co_plus_hi_ctl10,205,1,15,25,-0.02543710838,0.9254963222,0.02390438247,0.001138303927,0
star_co_plus_hi_ctl10,205,2,25,35,0.02532690396,0.9291590572,0.02390438247,0.001138303927,0
star_co_plus_hi_ctl10,205,3,35,45,0.01580783312,0.9930940201,0.02390438247,0.001138303927,0
star_co_plus_hi_ctl10,205,4,45,55,-0.1208546677,0.8832615633,0.02390438247,0.001138303927,0
star_co_plus_hi_ctl10,205,5,55,65,-0.1114245539,0.9430004007,0.02390438247,0.001138303927,0
star_co_plus_hi_ctl49,205,0,5,15,-0.05918460164,0.7771903367,0.02390438247,0.001138303927,0
star_co_plus_hi_ctl49,205,1,15,25,-0.02621887527,0.9254963222,0.02390438247,0.001138303927,0
star_co_plus_hi_ctl49,205,2,25,35,0.02556466544,0.9291590572,0.02390438247,0.001138303927,0
star_co_plus_hi_ctl49,205,3,35,45,0.01507211266,0.9930940201,0.02390438247,0.001138303927,0
star_co_plus_hi_ctl49,205,4,45,55,-0.1238463409,0.8832615633,0.02390438247,0.001138303927,0
star_co_plus_hi_ctl49,205,5,55,65,-0.1054962172,0.9430004007,0.02390438247,0.001138303927,0
star_only,206,0,5,15,-0.0610420734,0.8038363553,0.01593625498,0,0
star_only,206,1,15,25,-0.03000201242,0.9686926871,0.01593625498,0,0
star_only,206,2,25,35,0.0338271259,0.9618708594,0.01593625498,0,0
star_only,206,3,35,45,0.02068316491,0.994468751,0.01593625498,0,0
star_only,206,4,45,55,-0.05267468779,0.9314034895,0.01593625498,0,0
star_only,206,5,55,65,-0.1204831379,0.9829192374,0.01593625498,0,0
co_independent_only,206,0,5,15,-0.06310088991,0.7770716789,0,0.004553215709,0
co_independent_only,206,1,15,25,-0.03559553783,0.8923255771,0,0.004553215709,0
co_independent_only,206,2,25,35,0.04373928457,0.931726178,0,0.004553215709,0
co_independent_only,206,3,35,45,0.02621593327,0.9986816763,0,0.004553215709,0
co_independent_only,206,4,45,55,-0.03715000195,0.9343224355,0,0.004553215709,0
co_independent_only,206,5,55,65,-0.09644950965,0.9762370048,0,0.004553215709,0
star_plus_co_independent,206,0,5,15,-0.06379445851,0.8038363553,0.01593625498,0.004553215709,0
star_plus_co_independent,206,1,15,25,-0.0283533813,0.9686926871,0.01593625498,0.004553215709,0
star_plus_co_independent,206,2,25,35,0.04189246956,0.9618708594,0.01593625498,0.004553215709,0
star_plus_co_independent,206,3,35,45,0.02269066787,0.994468751,0.01593625498,0.004553215709,0
star_plus_co_independent,206,4,45,55,-0.04931172049,0.9314034895,0.01593625498,0.004553215709,0
star_plus_co_independent,206,5,55,65,-0.1175592409,0.9829192374,0.01593625498,0.004553215709,0
star_plus_co_correlated_control,206,0,5,15,-0.06130892489,0.8038363553,0.01593625498,0.003984063745,0
star_plus_co_correlated_control,206,1,15,25,-0.0302292312,0.9686926871,0.01593625498,0.003984063745,0
star_plus_co_correlated_control,206,2,25,35,0.03436308051,0.9618708594,0.01593625498,0.003984063745,0
star_plus_co_correlated_control,206,3,35,45,0.02042948451,0.994468751,0.01593625498,0.003984063745,0
star_plus_co_correlated_control,206,4,45,55,-0.05287858554,0.9314034895,0.01593625498,0.003984063745,0
star_plus_co_correlated_control,206,5,55,65,-0.1212461447,0.9829192374,0.01593625498,0.003984063745,0
star_co_plus_hi_ctl01,206,0,5,15,-0.0638088641,0.8038363553,0.01593625498,0.004553215709,0
star_co_plus_hi_ctl01,206,1,15,25,-0.02864215064,0.9686926871,0.01593625498,0.004553215709,0
star_co_plus_hi_ctl01,206,2,25,35,0.04227223431,0.9618708594,0.01593625498,0.004553215709,0
star_co_plus_hi_ctl01,206,3,35,45,0.02254008266,0.994468751,0.01593625498,0.004553215709,0
star_co_plus_hi_ctl01,206,4,45,55,-0.04958131534,0.9314034895,0.01593625498,0.004553215709,0
star_co_plus_hi_ctl01,206,5,55,65,-0.1173257378,0.9829192374,0.01593625498,0.004553215709,0
star_co_plus_hi_ctl10,206,0,5,15,-0.06384765439,0.8038363553,0.01593625498,0.004553215709,0
star_co_plus_hi_ctl10,206,1,15,25,-0.02942021447,0.9686926871,0.01593625498,0.004553215709,0
star_co_plus_hi_ctl10,206,2,25,35,0.04329487151,0.9618708594,0.01593625498,0.004553215709,0
star_co_plus_hi_ctl10,206,3,35,45,0.02213338159,0.994468751,0.01593625498,0.004553215709,0
star_co_plus_hi_ctl10,206,4,45,55,-0.05030744646,0.9314034895,0.01593625498,0.004553215709,0
star_co_plus_hi_ctl10,206,5,55,65,-0.1160323515,0.9829192374,0.01593625498,0.004553215709,0
star_co_plus_hi_ctl49,206,0,5,15,-0.06391398086,0.8038363553,0.01593625498,0.004553215709,0
star_co_plus_hi_ctl49,206,1,15,25,-0.03040338704,0.9686926871,0.01593625498,0.004553215709,0
star_co_plus_hi_ctl49,206,2,25,35,0.04489491452,0.9618708594,0.01593625498,0.004553215709,0
star_co_plus_hi_ctl49,206,3,35,45,0.02143386011,0.994468751,0.01593625498,0.004553215709,0
star_co_plus_hi_ctl49,206,4,45,55,-0.05375837628,0.9314034895,0.01593625498,0.004553215709,0
star_co_plus_hi_ctl49,206,5,55,65,-0.1106834032,0.9829192374,0.01593625498,0.004553215709,0
star_only,207,0,5,15,-0.06053566787,0.7271435801,0,0,0
star_only,207,1,15,25,-0.03767831142,0.7548706497,0,0,0
star_only,207,2,25,35,0.03421237869,0.8037937527,0,0,0
star_only,207,3,35,45,0.03147592348,0.9585558128,0,0,0
star_only,207,4,45,55,-0.01930813958,0.9899606124,0,0,0
star_only,207,5,55,65,-0.1285749988,0.8735373312,0,0,0
co_independent_only,207,0,5,15,-0.05852283753,0.7770716789,0,0.00796812749,0
co_independent_only,207,1,15,25,-0.03556585553,0.8923255771,0,0.00796812749,0
co_independent_only,207,2,25,35,0.03522026274,0.931726178,0,0.00796812749,0
co_independent_only,207,3,35,45,0.02229402856,0.9986816763,0,0.00796812749,0
co_independent_only,207,4,45,55,-0.04294828156,0.9343224355,0,0.00796812749,0
co_independent_only,207,5,55,65,-0.1044341583,0.9762370048,0,0.00796812749,0
star_plus_co_independent,207,0,5,15,-0.05875086639,0.7271435801,0,0.00796812749,0
star_plus_co_independent,207,1,15,25,-0.03704981322,0.7548706497,0,0.00796812749,0
star_plus_co_independent,207,2,25,35,0.03432932291,0.8037937527,0,0.00796812749,0
star_plus_co_independent,207,3,35,45,0.02760343875,0.9585558128,0,0.00796812749,0
star_plus_co_independent,207,4,45,55,-0.02350600087,0.9899606124,0,0.00796812749,0
star_plus_co_independent,207,5,55,65,-0.1324066559,0.8735373312,0,0.00796812749,0
star_plus_co_correlated_control,207,0,5,15,-0.06386877867,0.7271435801,0,0.09675583381,0
star_plus_co_correlated_control,207,1,15,25,-0.04142288688,0.7548706497,0,0.09675583381,0
star_plus_co_correlated_control,207,2,25,35,0.03977430215,0.8037937527,0,0.09675583381,0
star_plus_co_correlated_control,207,3,35,45,0.02975462304,0.9585558128,0,0.09675583381,0
star_plus_co_correlated_control,207,4,45,55,-0.02007399277,0.9899606124,0,0.09675583381,0
star_plus_co_correlated_control,207,5,55,65,-0.140192633,0.8735373312,0,0.09675583381,0
star_co_plus_hi_ctl01,207,0,5,15,-0.05879215657,0.7271435801,0,0.00796812749,0
star_co_plus_hi_ctl01,207,1,15,25,-0.03709679154,0.7548706497,0,0.00796812749,0
star_co_plus_hi_ctl01,207,2,25,35,0.03470852525,0.8037937527,0,0.00796812749,0
star_co_plus_hi_ctl01,207,3,35,45,0.0279755206,0.9585558128,0,0.00796812749,0
star_co_plus_hi_ctl01,207,4,45,55,-0.02323830748,0.9899606124,0,0.00796812749,0
star_co_plus_hi_ctl01,207,5,55,65,-0.1322608265,0.8735373312,0,0.00796812749,0
star_co_plus_hi_ctl10,207,0,5,15,-0.05890328553,0.7271435801,0,0.00796812749,0
star_co_plus_hi_ctl10,207,1,15,25,-0.03722313781,0.7548706497,0,0.00796812749,0
star_co_plus_hi_ctl10,207,2,25,35,0.03572796804,0.8037937527,0,0.00796812749,0
star_co_plus_hi_ctl10,207,3,35,45,0.02882073162,0.9585558128,0,0.00796812749,0
star_co_plus_hi_ctl10,207,4,45,55,-0.02172916366,0.9899606124,0,0.00796812749,0
star_co_plus_hi_ctl10,207,5,55,65,-0.1323822195,0.8735373312,0,0.00796812749,0
star_co_plus_hi_ctl49,207,0,5,15,-0.05909311877,0.7271435801,0,0.00796812749,0
star_co_plus_hi_ctl49,207,1,15,25,-0.03743865598,0.7548706497,0,0.00796812749,0
star_co_plus_hi_ctl49,207,2,25,35,0.03746554766,0.8037937527,0,0.00796812749,0
star_co_plus_hi_ctl49,207,3,35,45,0.03027771737,0.9585558128,0,0.00796812749,0
star_co_plus_hi_ctl49,207,4,45,55,-0.02024980023,0.9899606124,0,0.00796812749,0
star_co_plus_hi_ctl49,207,5,55,65,-0.1321253852,0.8735373312,0,0.00796812749,0
star_only,208,0,5,15,-0.06010030033,0.7695224084,0,0,0
star_only,208,1,15,25,-0.03859208683,0.8750624203,0,0,0
star_only,208,2,25,35,0.03461995446,0.9153306736,0,0,0
star_only,208,3,35,45,0.03646924573,0.9992957324,0,0,0
star_only,208,4,45,55,-0.008040532472,0.9021525162,0,0,0
star_only,208,5,55,65,-0.02435020144,0.9672049116,0,0,0
co_independent_only,208,0,5,15,-0.05918247184,0.7770716789,0,0.004553215709,0
co_independent_only,208,1,15,25,-0.03681694788,0.8923255771,0,0.004553215709,0
co_independent_only,208,2,25,35,0.03497644513,0.931726178,0,0.004553215709,0
co_independent_only,208,3,35,45,0.0174857372,0.9986816763,0,0.004553215709,0
co_independent_only,208,4,45,55,-0.04307997354,0.9343224355,0,0.004553215709,0
co_independent_only,208,5,55,65,-0.1022617888,0.9762370048,0,0.004553215709,0
star_plus_co_independent,208,0,5,15,-0.05900395581,0.7695224084,0,0.004553215709,0
star_plus_co_independent,208,1,15,25,-0.03901620146,0.8750624203,0,0.004553215709,0
star_plus_co_independent,208,2,25,35,0.03475492189,0.9153306736,0,0.004553215709,0
star_plus_co_independent,208,3,35,45,0.03195842645,0.9992957324,0,0.004553215709,0
star_plus_co_independent,208,4,45,55,-0.0107646292,0.9021525162,0,0.004553215709,0
star_plus_co_independent,208,5,55,65,-0.02690706014,0.9672049116,0,0.004553215709,0
star_plus_co_correlated_control,208,0,5,15,-0.0605595569,0.7695224084,0,0.0125213432,0
star_plus_co_correlated_control,208,1,15,25,-0.03912634398,0.8750624203,0,0.0125213432,0
star_plus_co_correlated_control,208,2,25,35,0.03565384492,0.9153306736,0,0.0125213432,0
star_plus_co_correlated_control,208,3,35,45,0.03622114697,0.9992957324,0,0.0125213432,0
star_plus_co_correlated_control,208,4,45,55,-0.008049111519,0.9021525162,0,0.0125213432,0
star_plus_co_correlated_control,208,5,55,65,-0.02418426078,0.9672049116,0,0.0125213432,0
star_co_plus_hi_ctl01,208,0,5,15,-0.05911419015,0.7695224084,0,0.004553215709,0
star_co_plus_hi_ctl01,208,1,15,25,-0.03953960512,0.8750624203,0,0.004553215709,0
star_co_plus_hi_ctl01,208,2,25,35,0.0343853022,0.9153306736,0,0.004553215709,0
star_co_plus_hi_ctl01,208,3,35,45,0.03117444034,0.9992957324,0,0.004553215709,0
star_co_plus_hi_ctl01,208,4,45,55,-0.01160666392,0.9021525162,0,0.004553215709,0
star_co_plus_hi_ctl01,208,5,55,65,-0.02683629491,0.9672049116,0,0.004553215709,0
star_co_plus_hi_ctl10,208,0,5,15,-0.05941093742,0.7695224084,0,0.004553215709,0
star_co_plus_hi_ctl10,208,1,15,25,-0.04094881171,0.8750624203,0,0.004553215709,0
star_co_plus_hi_ctl10,208,2,25,35,0.03339201715,0.9153306736,0,0.004553215709,0
star_co_plus_hi_ctl10,208,3,35,45,0.02906415697,0.9992957324,0,0.004553215709,0
star_co_plus_hi_ctl10,208,4,45,55,-0.01386951414,0.9021525162,0,0.004553215709,0
star_co_plus_hi_ctl10,208,5,55,65,-0.02663631963,0.9672049116,0,0.004553215709,0
star_co_plus_hi_ctl49,208,0,5,15,-0.05991805515,0.7695224084,0,0.004553215709,0
star_co_plus_hi_ctl49,208,1,15,25,-0.04335778428,0.8750624203,0,0.004553215709,0
star_co_plus_hi_ctl49,208,2,25,35,0.03170110692,0.9153306736,0,0.004553215709,0
star_co_plus_hi_ctl49,208,3,35,45,0.02615785529,0.9992957324,0,0.004553215709,0
star_co_plus_hi_ctl49,208,4,45,55,-0.01772353726,0.9021525162,0,0.004553215709,0
star_co_plus_hi_ctl49,208,5,55,65,-0.0272681211,0.9672049116,0,0.004553215709,0
star_only,209,0,5,15,-0.0592599287,0.8071377406,0,0,0
star_only,209,1,15,25,-0.03616439914,0.9424011702,0,0,0
star_only,209,2,25,35,0.0346755605,0.9703923904,0,0,0
star_only,209,3,35,45,0.01696250182,0.9939460487,0,0,0
star_only,209,4,45,55,-0.06217747753,0.9460974476,0,0,0
star_only,209,5,55,65,-0.07825322902,0.9893121053,0,0,0
co_independent_only,209,0,5,15,-0.05868564653,0.7770716789,0,0,0
co_independent_only,209,1,15,25,-0.03247420053,0.8923255771,0,0,0
co_independent_only,209,2,25,35,0.03622444429,0.931726178,0,0,0
co_independent_only,209,3,35,45,0.02304975316,0.9986816763,0,0,0
co_independent_only,209,4,45,55,-0.04299987637,0.9343224355,0,0,0
co_independent_only,209,5,55,65,-0.09676877016,0.9762370048,0,0,0
star_plus_co_independent,209,0,5,15,-0.05780269066,0.8071377406,0,0,0
star_plus_co_independent,209,1,15,25,-0.03250083983,0.9424011702,0,0,0
star_plus_co_independent,209,2,25,35,0.03603634365,0.9703923904,0,0,0
star_plus_co_independent,209,3,35,45,0.01475178182,0.9939460487,0,0,0
star_plus_co_independent,209,4,45,55,-0.06547467029,0.9460974476,0,0,0
star_plus_co_independent,209,5,55,65,-0.0759370761,0.9893121053,0,0,0
star_plus_co_correlated_control,209,0,5,15,-0.06062866577,0.8071377406,0,0.0421172453,0
star_plus_co_correlated_control,209,1,15,25,-0.03766495612,0.9424011702,0,0.0421172453,0
star_plus_co_correlated_control,209,2,25,35,0.0374148759,0.9703923904,0,0.0421172453,0
star_plus_co_correlated_control,209,3,35,45,0.01550607526,0.9939460487,0,0.0421172453,0
star_plus_co_correlated_control,209,4,45,55,-0.06351490221,0.9460974476,0,0.0421172453,0
star_plus_co_correlated_control,209,5,55,65,-0.08075454943,0.9893121053,0,0.0421172453,0
star_co_plus_hi_ctl01,209,0,5,15,-0.05800856139,0.8071377406,0,0,0
star_co_plus_hi_ctl01,209,1,15,25,-0.03312630307,0.9424011702,0,0,0
star_co_plus_hi_ctl01,209,2,25,35,0.03627305937,0.9703923904,0,0,0
star_co_plus_hi_ctl01,209,3,35,45,0.01391971828,0.9939460487,0,0,0
star_co_plus_hi_ctl01,209,4,45,55,-0.06539383966,0.9460974476,0,0,0
star_co_plus_hi_ctl01,209,5,55,65,-0.07542384689,0.9893121053,0,0,0
star_co_plus_hi_ctl10,209,0,5,15,-0.0585635953,0.8071377406,0,0,0
star_co_plus_hi_ctl10,209,1,15,25,-0.0348123284,0.9424011702,0,0,0
star_co_plus_hi_ctl10,209,2,25,35,0.03689629364,0.9703923904,0,0,0
star_co_plus_hi_ctl10,209,3,35,45,0.01168482387,0.9939460487,0,0,0
star_co_plus_hi_ctl10,209,4,45,55,-0.06586553742,0.9460974476,0,0,0
star_co_plus_hi_ctl10,209,5,55,65,-0.0746059467,0.9893121053,0,0,0
star_co_plus_hi_ctl49,209,0,5,15,-0.05951493951,0.8071377406,0,0,0
star_co_plus_hi_ctl49,209,1,15,25,-0.03770140151,0.9424011702,0,0,0
star_co_plus_hi_ctl49,209,2,25,35,0.03791117633,0.9703923904,0,0,0
star_co_plus_hi_ctl49,209,3,35,45,0.007882310767,0.9939460487,0,0,0
star_co_plus_hi_ctl49,209,4,45,55,-0.06701094178,0.9460974476,0,0,0
star_co_plus_hi_ctl49,209,5,55,65,-0.07414725797,0.9893121053,0,0,0
star_only,210,0,5,15,-0.060481742,0.6846325737,0,0,0
star_only,210,1,15,25,-0.03367611013,0.7213746651,0,0,0
star_only,210,2,25,35,0.03472069736,0.8097326561,0,0,0
star_only,210,3,35,45,0.0245890564,0.9995167819,0,0,0
star_only,210,4,45,55,-0.1092179115,0.941057896,0,0,0
star_only,210,5,55,65,-0.160289202,0.998667267,0,0,0
co_independent_only,210,0,5,15,-0.06188097805,0.7770716789,0,0.003414911781,0
co_independent_only,210,1,15,25,-0.03850816515,0.8923255771,0,0.003414911781,0
co_independent_only,210,2,25,35,0.03748418852,0.931726178,0,0.003414911781,0
co_independent_only,210,3,35,45,0.02222336363,0.9986816763,0,0.003414911781,0
co_independent_only,210,4,45,55,-0.03676381653,0.9343224355,0,0.003414911781,0
co_independent_only,210,5,55,65,-0.1008598202,0.9762370048,0,0.003414911781,0
star_plus_co_independent,210,0,5,15,-0.06222205309,0.6846325737,0,0.003414911781,0
star_plus_co_independent,210,1,15,25,-0.03576858044,0.7213746651,0,0.003414911781,0
star_plus_co_independent,210,2,25,35,0.03738302953,0.8097326561,0,0.003414911781,0
star_plus_co_independent,210,3,35,45,0.02220567133,0.9995167819,0,0.003414911781,0
star_plus_co_independent,210,4,45,55,-0.1013577577,0.941057896,0,0.003414911781,0
star_plus_co_independent,210,5,55,65,-0.1592660386,0.998667267,0,0.003414911781,0
star_plus_co_correlated_control,210,0,5,15,-0.05829857779,0.6846325737,0,0,0
star_plus_co_correlated_control,210,1,15,25,-0.03090661371,0.7213746651,0,0,0
star_plus_co_correlated_control,210,2,25,35,0.03003855323,0.8097326561,0,0,0
star_plus_co_correlated_control,210,3,35,45,0.0264608764,0.9995167819,0,0,0
star_plus_co_correlated_control,210,4,45,55,-0.1059126389,0.941057896,0,0,0
star_plus_co_correlated_control,210,5,55,65,-0.1525565117,0.998667267,0,0,0
star_co_plus_hi_ctl01,210,0,5,15,-0.06290237722,0.6846325737,0,0.003414911781,0
star_co_plus_hi_ctl01,210,1,15,25,-0.03597834349,0.7213746651,0,0.003414911781,0
star_co_plus_hi_ctl01,210,2,25,35,0.03799008725,0.8097326561,0,0.003414911781,0
star_co_plus_hi_ctl01,210,3,35,45,0.02218466231,0.9995167819,0,0.003414911781,0
star_co_plus_hi_ctl01,210,4,45,55,-0.1018343904,0.941057896,0,0.003414911781,0
star_co_plus_hi_ctl01,210,5,55,65,-0.1605041889,0.998667267,0,0.003414911781,0
star_co_plus_hi_ctl10,210,0,5,15,-0.06473431488,0.6846325737,0,0.003414911781,0
star_co_plus_hi_ctl10,210,1,15,25,-0.03654131061,0.7213746651,0,0.003414911781,0
star_co_plus_hi_ctl10,210,2,25,35,0.03964237092,0.8097326561,0,0.003414911781,0
star_co_plus_hi_ctl10,210,3,35,45,0.02213018403,0.9995167819,0,0.003414911781,0
star_co_plus_hi_ctl10,210,4,45,55,-0.1028916824,0.941057896,0,0.003414911781,0
star_co_plus_hi_ctl10,210,5,55,65,-0.1642372788,0.998667267,0,0.003414911781,0
star_co_plus_hi_ctl49,210,0,5,15,-0.06786673637,0.6846325737,0,0.003414911781,0
star_co_plus_hi_ctl49,210,1,15,25,-0.03749758848,0.7213746651,0,0.003414911781,0
star_co_plus_hi_ctl49,210,2,25,35,0.04346694207,0.8097326561,0,0.003414911781,0
star_co_plus_hi_ctl49,210,3,35,45,0.02204411626,0.9995167819,0,0.003414911781,0
star_co_plus_hi_ctl49,210,4,45,55,-0.1056102541,0.941057896,0,0.003414911781,0
star_co_plus_hi_ctl49,210,5,55,65,-0.1719208709,0.998667267,0,0.003414911781,0
star_only,211,0,5,15,-0.06062670168,0.835979097,0,0,0
star_only,211,1,15,25,-0.03092407577,0.9985805285,0,0,0
star_only,211,2,25,35,0.03350283026,0.9946477355,0,0,0
star_only,211,3,35,45,0.02248623395,0.9676314064,0,0,0
star_only,211,4,45,55,-0.04849380325,0.8651952384,0,0,0
star_only,211,5,55,65,-0.107365156,0.9659894714,0,0,0
co_independent_only,211,0,5,15,-0.05777547378,0.7770716789,0,0.008537279454,0
co_independent_only,211,1,15,25,-0.03526035424,0.8923255771,0,0.008537279454,0
co_independent_only,211,2,25,35,0.03010755973,0.931726178,0,0.008537279454,0
co_independent_only,211,3,35,45,0.0246869284,0.9986816763,0,0.008537279454,0
co_independent_only,211,4,45,55,-0.04422407356,0.9343224355,0,0.008537279454,0
co_independent_only,211,5,55,65,-0.1087474152,0.9762370048,0,0.008537279454,0
star_plus_co_independent,211,0,5,15,-0.05810104526,0.835979097,0,0.008537279454,0
star_plus_co_independent,211,1,15,25,-0.03048004098,0.9985805285,0,0.008537279454,0
star_plus_co_independent,211,2,25,35,0.02934351673,0.9946477355,0,0.008537279454,0
star_plus_co_independent,211,3,35,45,0.02260354305,0.9676314064,0,0.008537279454,0
star_plus_co_independent,211,4,45,55,-0.05292444334,0.8651952384,0,0.008537279454,0
star_plus_co_independent,211,5,55,65,-0.1171032687,0.9659894714,0,0.008537279454,0
star_plus_co_correlated_control,211,0,5,15,-0.06332764155,0.835979097,0,0.07626636312,0
star_plus_co_correlated_control,211,1,15,25,-0.03333115334,0.9985805285,0,0.07626636312,0
star_plus_co_correlated_control,211,2,25,35,0.03782315634,0.9946477355,0,0.07626636312,0
star_plus_co_correlated_control,211,3,35,45,0.02025865091,0.9676314064,0,0.07626636312,0
star_plus_co_correlated_control,211,4,45,55,-0.05047573828,0.8651952384,0,0.07626636312,0
star_plus_co_correlated_control,211,5,55,65,-0.1150611152,0.9659894714,0,0.07626636312,0
star_co_plus_hi_ctl01,211,0,5,15,-0.05817810291,0.835979097,0,0.008537279454,0
star_co_plus_hi_ctl01,211,1,15,25,-0.03039895792,0.9985805285,0,0.008537279454,0
star_co_plus_hi_ctl01,211,2,25,35,0.02992921415,0.9946477355,0,0.008537279454,0
star_co_plus_hi_ctl01,211,3,35,45,0.0224251757,0.9676314064,0,0.008537279454,0
star_co_plus_hi_ctl01,211,4,45,55,-0.05385106607,0.8651952384,0,0.008537279454,0
star_co_plus_hi_ctl01,211,5,55,65,-0.1186671699,0.9659894714,0,0.008537279454,0
star_co_plus_hi_ctl10,211,0,5,15,-0.05838576615,0.835979097,0,0.008537279454,0
star_co_plus_hi_ctl10,211,1,15,25,-0.0299113573,0.9985805285,0,0.008537279454,0
star_co_plus_hi_ctl10,211,2,25,35,0.03153783165,0.9946477355,0,0.008537279454,0
star_co_plus_hi_ctl10,211,3,35,45,0.02163130278,0.9676314064,0,0.008537279454,0
star_co_plus_hi_ctl10,211,4,45,55,-0.05653953987,0.8651952384,0,0.008537279454,0
star_co_plus_hi_ctl10,211,5,55,65,-0.1228798233,0.9659894714,0,0.008537279454,0
star_co_plus_hi_ctl49,211,0,5,15,-0.05874141231,0.835979097,0,0.008537279454,0
star_co_plus_hi_ctl49,211,1,15,25,-0.02892357225,0.9985805285,0,0.008537279454,0
star_co_plus_hi_ctl49,211,2,25,35,0.03441665582,0.9946477355,0,0.008537279454,0
star_co_plus_hi_ctl49,211,3,35,45,0.01990986206,0.9676314064,0,0.008537279454,0
star_co_plus_hi_ctl49,211,4,45,55,-0.06148422462,0.8651952384,0,0.008537279454,0
star_co_plus_hi_ctl49,211,5,55,65,-0.1300647492,0.9659894714,0,0.008537279454,0
star_only,212,0,5,15,-0.06045255754,0.7787361098,0.001707455891,0,0
star_only,212,1,15,25,-0.03507716334,0.922527,0.001707455891,0,0
star_only,212,2,25,35,0.03472726384,0.9353092779,0.001707455891,0,0
star_only,212,3,35,45,0.02842341855,0.9995730782,0.001707455891,0,0
star_only,212,4,45,55,-0.03447604743,0.9728696888,0.001707455891,0,0
star_only,212,5,55,65,0.008958437775,0.9999638954,0.001707455891,0,0
co_independent_only,212,0,5,15,-0.05843831657,0.7770716789,0,0.005122367672,0
co_independent_only,212,1,15,25,-0.03390589776,0.8923255771,0,0.005122367672,0
co_independent_only,212,2,25,35,0.03050241052,0.931726178,0,0.005122367672,0
co_independent_only,212,3,35,45,0.02682910227,0.9986816763,0,0.005122367672,0
co_independent_only,212,4,45,55,-0.03913165043,0.9343224355,0,0.005122367672,0
co_independent_only,212,5,55,65,-0.09951686966,0.9762370048,0,0.005122367672,0
star_plus_co_independent,212,0,5,15,-0.05858580821,0.7787361098,0.001707455891,0.005122367672,0
star_plus_co_independent,212,1,15,25,-0.0329947587,0.922527,0.001707455891,0.005122367672,0
star_plus_co_independent,212,2,25,35,0.03059257501,0.9353092779,0.001707455891,0.005122367672,0
star_plus_co_independent,212,3,35,45,0.03093406923,0.9995730782,0.001707455891,0.005122367672,0
star_plus_co_independent,212,4,45,55,-0.03343176671,0.9728696888,0.001707455891,0.005122367672,0
star_plus_co_independent,212,5,55,65,0.009645804203,0.9999638954,0.001707455891,0.005122367672,0
star_plus_co_correlated_control,212,0,5,15,-0.06214796359,0.7787361098,0.001707455891,0.05179282869,0
star_plus_co_correlated_control,212,1,15,25,-0.03683026643,0.922527,0.001707455891,0.05179282869,0
star_plus_co_correlated_control,212,2,25,35,0.03792421866,0.9353092779,0.001707455891,0.05179282869,0
star_plus_co_correlated_control,212,3,35,45,0.02707931098,0.9995730782,0.001707455891,0.05179282869,0
star_plus_co_correlated_control,212,4,45,55,-0.03528931439,0.9728696888,0.001707455891,0.05179282869,0
star_plus_co_correlated_control,212,5,55,65,0.01085986041,0.9999638954,0.001707455891,0.05179282869,0
star_co_plus_hi_ctl01,212,0,5,15,-0.05832980908,0.7787361098,0.001707455891,0.005122367672,0
star_co_plus_hi_ctl01,212,1,15,25,-0.03274984436,0.922527,0.001707455891,0.005122367672,0
star_co_plus_hi_ctl01,212,2,25,35,0.02998315087,0.9353092779,0.001707455891,0.005122367672,0
star_co_plus_hi_ctl01,212,3,35,45,0.03145201547,0.9995730782,0.001707455891,0.005122367672,0
star_co_plus_hi_ctl01,212,4,45,55,-0.03355086835,0.9728696888,0.001707455891,0.005122367672,0
star_co_plus_hi_ctl01,212,5,55,65,0.00932955752,0.9999638954,0.001707455891,0.005122367672,0
star_co_plus_hi_ctl10,212,0,5,15,-0.05764076996,0.7787361098,0.001707455891,0.005122367672,0
star_co_plus_hi_ctl10,212,1,15,25,-0.0318558773,0.922527,0.001707455891,0.005122367672,0
star_co_plus_hi_ctl10,212,2,25,35,0.02834130841,0.9353092779,0.001707455891,0.005122367672,0
star_co_plus_hi_ctl10,212,3,35,45,0.03284511824,0.9995730782,0.001707455891,0.005122367672,0
star_co_plus_hi_ctl10,212,4,45,55,-0.0338961465,0.9728696888,0.001707455891,0.005122367672,0
star_co_plus_hi_ctl10,212,5,55,65,0.01033797432,0.9999638954,0.001707455891,0.005122367672,0
star_co_plus_hi_ctl49,212,0,5,15,-0.05646360204,0.7787361098,0.001707455891,0.005122367672,0
star_co_plus_hi_ctl49,212,1,15,25,-0.02987874192,0.922527,0.001707455891,0.005122367672,0
star_co_plus_hi_ctl49,212,2,25,35,0.02553115244,0.9353092779,0.001707455891,0.005122367672,0
star_co_plus_hi_ctl49,212,3,35,45,0.03505103681,0.9995730782,0.001707455891,0.005122367672,0
star_co_plus_hi_ctl49,212,4,45,55,-0.03631169164,0.9728696888,0.001707455891,0.005122367672,0
star_co_plus_hi_ctl49,212,5,55,65,0.0112116825,0.9999638954,0.001707455891,0.005122367672,0
star_only,213,0,5,15,-0.06052003843,0.7562263616,0.002276607854,0,0
star_only,213,1,15,25,-0.02977428071,0.9517955855,0.002276607854,0,0
star_only,213,2,25,35,0.03406022854,0.9525308111,0.002276607854,0,0
star_only,213,3,35,45,0.02236201229,0.9994269242,0.002276607854,0,0
star_only,213,4,45,55,-0.04723152101,0.984606908,0.002276607854,0,0
star_only,213,5,55,65,-0.1760421691,0.997569519,0.002276607854,0,0
co_independent_only,213,0,5,15,-0.05889464263,0.7770716789,0,0.003984063745,0
co_independent_only,213,1,15,25,-0.03658361192,0.8923255771,0,0.003984063745,0
co_independent_only,213,2,25,35,0.0299918658,0.931726178,0,0.003984063745,0
co_independent_only,213,3,35,45,0.02457162329,0.9986816763,0,0.003984063745,0
co_independent_only,213,4,45,55,-0.04217674285,0.9343224355,0,0.003984063745,0
co_independent_only,213,5,55,65,-0.103207331,0.9762370048,0,0.003984063745,0
star_plus_co_independent,213,0,5,15,-0.05944708601,0.7562263616,0.002276607854,0.003984063745,0
star_plus_co_independent,213,1,15,25,-0.03091003936,0.9517955855,0.002276607854,0.003984063745,0
star_plus_co_independent,213,2,25,35,0.0291129558,0.9525308111,0.002276607854,0.003984063745,0
star_plus_co_independent,213,3,35,45,0.02228371538,0.9994269242,0.002276607854,0.003984063745,0
star_plus_co_independent,213,4,45,55,-0.04949521788,0.984606908,0.002276607854,0.003984063745,0
star_plus_co_independent,213,5,55,65,-0.1818481503,0.997569519,0.002276607854,0.003984063745,0
star_plus_co_correlated_control,213,0,5,15,-0.06382478519,0.7562263616,0.002276607854,0.09561752988,0
star_plus_co_correlated_control,213,1,15,25,-0.03257481754,0.9517955855,0.002276607854,0.09561752988,0
star_plus_co_correlated_control,213,2,25,35,0.03946093801,0.9525308111,0.002276607854,0.09561752988,0
star_plus_co_correlated_control,213,3,35,45,0.01983581385,0.9994269242,0.002276607854,0.09561752988,0
star_plus_co_correlated_control,213,4,45,55,-0.04959445699,0.984606908,0.002276607854,0.09561752988,0
star_plus_co_correlated_control,213,5,55,65,-0.1927017669,0.997569519,0.002276607854,0.09561752988,0
star_co_plus_hi_ctl01,213,0,5,15,-0.0591541626,0.7562263616,0.002276607854,0.003984063745,0
star_co_plus_hi_ctl01,213,1,15,25,-0.03045709351,0.9517955855,0.002276607854,0.003984063745,0
star_co_plus_hi_ctl01,213,2,25,35,0.02909305728,0.9525308111,0.002276607854,0.003984063745,0
star_co_plus_hi_ctl01,213,3,35,45,0.02373699777,0.9994269242,0.002276607854,0.003984063745,0
star_co_plus_hi_ctl01,213,4,45,55,-0.04842752227,0.984606908,0.002276607854,0.003984063745,0
star_co_plus_hi_ctl01,213,5,55,65,-0.1805652417,0.997569519,0.002276607854,0.003984063745,0
star_co_plus_hi_ctl10,213,0,5,15,-0.05836558173,0.7562263616,0.002276607854,0.003984063745,0
star_co_plus_hi_ctl10,213,1,15,25,-0.0289188425,0.9517955855,0.002276607854,0.003984063745,0
star_co_plus_hi_ctl10,213,2,25,35,0.0285687302,0.9525308111,0.002276607854,0.003984063745,0
star_co_plus_hi_ctl10,213,3,35,45,0.02742779426,0.9994269242,0.002276607854,0.003984063745,0
star_co_plus_hi_ctl10,213,4,45,55,-0.0455372349,0.984606908,0.002276607854,0.003984063745,0
star_co_plus_hi_ctl10,213,5,55,65,-0.177105352,0.997569519,0.002276607854,0.003984063745,0
star_co_plus_hi_ctl49,213,0,5,15,-0.05701782321,0.7562263616,0.002276607854,0.003984063745,0
star_co_plus_hi_ctl49,213,1,15,25,-0.02626624949,0.9517955855,0.002276607854,0.003984063745,0
star_co_plus_hi_ctl49,213,2,25,35,0.02748221014,0.9525308111,0.002276607854,0.003984063745,0
star_co_plus_hi_ctl49,213,3,35,45,0.03332816383,0.9994269242,0.002276607854,0.003984063745,0
star_co_plus_hi_ctl49,213,4,45,55,-0.04097886448,0.984606908,0.002276607854,0.003984063745,0
star_co_plus_hi_ctl49,213,5,55,65,-0.1711457636,0.997569519,0.002276607854,0.003984063745,0
star_only,214,0,5,15,-0.06110283869,0.7638450667,0.07740466705,0,0
star_only,214,1,15,25,-0.03493828152,0.9362337306,0.07740466705,0,0
star_only,214,2,25,35,0.0346596736,0.9536987708,0.07740466705,0,0
star_only,214,3,35,45,0.03829297011,0.9964936329,0.07740466705,0,0
star_only,214,4,45,55,-0.007101756709,0.9945447088,0.07740466705,0,0
star_only,214,5,55,65,-0.02551879561,0.983132906,0.07740466705,0,0
co_independent_only,214,0,5,15,-0.0603447539,0.7770716789,0,0.001707455891,0
co_independent_only,214,1,15,25,-0.0366163534,0.8923255771,0,0.001707455891,0
co_independent_only,214,2,25,35,0.02720206784,0.931726178,0,0.001707455891,0
co_independent_only,214,3,35,45,0.01948461731,0.9986816763,0,0.001707455891,0
co_independent_only,214,4,45,55,-0.04356092327,0.9343224355,0,0.001707455891,0
co_independent_only,214,5,55,65,-0.1038653266,0.9762370048,0,0.001707455891,0
star_plus_co_independent,214,0,5,15,-0.06131509926,0.7638450667,0.07740466705,0.001707455891,0
star_plus_co_independent,214,1,15,25,-0.03552785834,0.9362337306,0.07740466705,0.001707455891,0
star_plus_co_independent,214,2,25,35,0.02704052312,0.9536987708,0.07740466705,0.001707455891,0
star_plus_co_independent,214,3,35,45,0.03520929779,0.9964936329,0.07740466705,0.001707455891,0
star_plus_co_independent,214,4,45,55,-0.01011488534,0.9945447088,0.07740466705,0.001707455891,0
star_plus_co_independent,214,5,55,65,-0.02686188756,0.983132906,0.07740466705,0.001707455891,0
star_plus_co_correlated_control,214,0,5,15,-0.06198257215,0.7638450667,0.07740466705,0.02618099032,0
star_plus_co_correlated_control,214,1,15,25,-0.03583034036,0.9362337306,0.07740466705,0.02618099032,0
star_plus_co_correlated_control,214,2,25,35,0.03642006761,0.9536987708,0.07740466705,0.02618099032,0
star_plus_co_correlated_control,214,3,35,45,0.03788806235,0.9964936329,0.07740466705,0.02618099032,0
star_plus_co_correlated_control,214,4,45,55,-0.007105541765,0.9945447088,0.07740466705,0.02618099032,0
star_plus_co_correlated_control,214,5,55,65,-0.02524162693,0.983132906,0.07740466705,0.02618099032,0
star_co_plus_hi_ctl01,214,0,5,15,-0.06108201212,0.7638450667,0.07740466705,0.001707455891,0
star_co_plus_hi_ctl01,214,1,15,25,-0.0349412073,0.9362337306,0.07740466705,0.001707455891,0
star_co_plus_hi_ctl01,214,2,25,35,0.02671948278,0.9536987708,0.07740466705,0.001707455891,0
star_co_plus_hi_ctl01,214,3,35,45,0.03671554731,0.9964936329,0.07740466705,0.001707455891,0
star_co_plus_hi_ctl01,214,4,45,55,-0.009029543312,0.9945447088,0.07740466705,0.001707455891,0
star_co_plus_hi_ctl01,214,5,55,65,-0.02628324486,0.983132906,0.07740466705,0.001707455891,0
star_co_plus_hi_ctl10,214,0,5,15,-0.06045519155,0.7638450667,0.07740466705,0.001707455891,0
star_co_plus_hi_ctl10,214,1,15,25,-0.03336304519,0.9362337306,0.07740466705,0.001707455891,0
star_co_plus_hi_ctl10,214,2,25,35,0.02592706383,0.9536987708,0.07740466705,0.001707455891,0
star_co_plus_hi_ctl10,214,3,35,45,0.04075759784,0.9964936329,0.07740466705,0.001707455891,0
star_co_plus_hi_ctl10,214,4,45,55,-0.006108769536,0.9945447088,0.07740466705,0.001707455891,0
star_co_plus_hi_ctl10,214,5,55,65,-0.02840875297,0.983132906,0.07740466705,0.001707455891,0
star_co_plus_hi_ctl49,214,0,5,15,-0.05938616902,0.7638450667,0.07740466705,0.001707455891,0
star_co_plus_hi_ctl49,214,1,15,25,-0.0306697344,0.9362337306,0.07740466705,0.001707455891,0
star_co_plus_hi_ctl49,214,2,25,35,0.02457997676,0.9536987708,0.07740466705,0.001707455891,0
star_co_plus_hi_ctl49,214,3,35,45,0.04766094379,0.9964936329,0.07740466705,0.001707455891,0
star_co_plus_hi_ctl49,214,4,45,55,-0.003931542115,0.9945447088,0.07740466705,0.001707455891,0
star_co_plus_hi_ctl49,214,5,55,65,-0.02860077456,0.983132906,0.07740466705,0.001707455891,0
star_only,215,0,5,15,-0.0580205136,0.7711884128,0.0005691519636,0,0
star_only,215,1,15,25,-0.03740947051,0.6730591398,0.0005691519636,0,0
star_only,215,2,25,35,0.03294072862,0.873870845,0.0005691519636,0,0
star_only,215,3,35,45,0.0154041128,0.9820215617,0.0005691519636,0,0
star_only,215,4,45,55,-0.07832339774,0.9999998113,0.0005691519636,0,0
star_only,215,5,55,65,-0.107465607,0.9843241662,0.0005691519636,0,0
co_independent_only,215,0,5,15,-0.06168440741,0.7770716789,0,0,0
co_independent_only,215,1,15,25,-0.0369347171,0.8923255771,0,0,0
co_independent_only,215,2,25,35,0.0369405366,0.931726178,0,0,0
co_independent_only,215,3,35,45,0.02202523702,0.9986816763,0,0,0
co_independent_only,215,4,45,55,-0.03831652017,0.9343224355,0,0,0
co_independent_only,215,5,55,65,-0.09518873284,0.9762370048,0,0,0
star_plus_co_independent,215,0,5,15,-0.05941075108,0.7711884128,0.0005691519636,0,0
star_plus_co_independent,215,1,15,25,-0.03827235537,0.6730591398,0.0005691519636,0,0
star_plus_co_independent,215,2,25,35,0.03566804482,0.873870845,0.0005691519636,0,0
star_plus_co_independent,215,3,35,45,0.01284114505,0.9820215617,0.0005691519636,0,0
star_plus_co_independent,215,4,45,55,-0.07473996979,0.9999998113,0.0005691519636,0,0
star_plus_co_independent,215,5,55,65,-0.1032359746,0.9843241662,0.0005691519636,0,0
star_plus_co_correlated_control,215,0,5,15,-0.06090056063,0.7711884128,0.0005691519636,0.08708025043,0
star_plus_co_correlated_control,215,1,15,25,-0.04077662219,0.6730591398,0.0005691519636,0.08708025043,0
star_plus_co_correlated_control,215,2,25,35,0.03867899232,0.873870845,0.0005691519636,0.08708025043,0
star_plus_co_correlated_control,215,3,35,45,0.01256214176,0.9820215617,0.0005691519636,0.08708025043,0
star_plus_co_correlated_control,215,4,45,55,-0.08215310227,0.9999998113,0.0005691519636,0.08708025043,0
star_plus_co_correlated_control,215,5,55,65,-0.115940802,0.9843241662,0.0005691519636,0.08708025043,0
star_co_plus_hi_ctl01,215,0,5,15,-0.0590523504,0.7711884128,0.0005691519636,0,0
star_co_plus_hi_ctl01,215,1,15,25,-0.03822966856,0.6730591398,0.0005691519636,0,0
star_co_plus_hi_ctl01,215,2,25,35,0.03518789213,0.873870845,0.0005691519636,0,0
star_co_plus_hi_ctl01,215,3,35,45,0.01277564105,0.9820215617,0.0005691519636,0,0
star_co_plus_hi_ctl01,215,4,45,55,-0.07502046957,0.9999998113,0.0005691519636,0,0
star_co_plus_hi_ctl01,215,5,55,65,-0.1039407318,0.9843241662,0.0005691519636,0,0
star_co_plus_hi_ctl10,215,0,5,15,-0.05808986584,0.7711884128,0.0005691519636,0,0
star_co_plus_hi_ctl10,215,1,15,25,-0.0377802948,0.6730591398,0.0005691519636,0,0
star_co_plus_hi_ctl10,215,2,25,35,0.03391543532,0.873870845,0.0005691519636,0,0
star_co_plus_hi_ctl10,215,3,35,45,0.01259931287,0.9820215617,0.0005691519636,0,0
star_co_plus_hi_ctl10,215,4,45,55,-0.07577548614,0.9999998113,0.0005691519636,0,0
star_co_plus_hi_ctl10,215,5,55,65,-0.1058395844,0.9843241662,0.0005691519636,0,0
star_co_plus_hi_ctl49,215,0,5,15,-0.05645283932,0.7711884128,0.0005691519636,0,0
star_co_plus_hi_ctl49,215,1,15,25,-0.03699682231,0.6730591398,0.0005691519636,0,0
star_co_plus_hi_ctl49,215,2,25,35,0.03155463865,0.873870845,0.0005691519636,0,0
star_co_plus_hi_ctl49,215,3,35,45,0.01218288842,0.9820215617,0.0005691519636,0,0
star_co_plus_hi_ctl49,215,4,45,55,-0.07706548107,0.9999998113,0.0005691519636,0,0
star_co_plus_hi_ctl49,215,5,55,65,-0.1121298612,0.9843241662,0.0005691519636,0,0
star_only,216,0,5,15,-0.06113880017,0.8020451823,0.04553215709,0,0
star_only,216,1,15,25,-0.03214875058,0.9846840526,0.04553215709,0,0
star_only,216,2,25,35,0.03470715671,0.9579569251,0.04553215709,0,0
star_only,216,3,35,45,0.006857402466,0.967033345,0.04553215709,0,0
star_only,216,4,45,55,-0.1265087327,0.98952881,0.04553215709,0,0
star_only,216,5,55,65,-0.2067608512,0.9935989457,0.04553215709,0,0
co_independent_only,216,0,5,15,-0.06089937064,0.7770716789,0,0.008537279454,0
co_independent_only,216,1,15,25,-0.03733235768,0.8923255771,0,0.008537279454,0
co_independent_only,216,2,25,35,0.03792557128,0.931726178,0,0.008537279454,0
co_independent_only,216,3,35,45,0.02366890611,0.9986816763,0,0.008537279454,0
co_independent_only,216,4,45,55,-0.03447457876,0.9343224355,0,0.008537279454,0
co_independent_only,216,5,55,65,-0.09842455484,0.9762370048,0,0.008537279454,0
star_plus_co_independent,216,0,5,15,-0.06187383333,0.8020451823,0.04553215709,0.008537279454,0
star_plus_co_independent,216,1,15,25,-0.0331230844,0.9846840526,0.04553215709,0.008537279454,0
star_plus_co_independent,216,2,25,35,0.03796535663,0.9579569251,0.04553215709,0.008537279454,0
star_plus_co_independent,216,3,35,45,0.006344963111,0.967033345,0.04553215709,0.008537279454,0
star_plus_co_independent,216,4,45,55,-0.1145538863,0.98952881,0.04553215709,0.008537279454,0
star_plus_co_independent,216,5,55,65,-0.2033077975,0.9935989457,0.04553215709,0.008537279454,0
star_plus_co_correlated_control,216,0,5,15,-0.05831848173,0.8020451823,0.04553215709,0,0
star_plus_co_correlated_control,216,1,15,25,-0.02864069563,0.9846840526,0.04553215709,0,0
star_plus_co_correlated_control,216,2,25,35,0.02863642788,0.9579569251,0.04553215709,0,0
star_plus_co_correlated_control,216,3,35,45,0.009742518203,0.967033345,0.04553215709,0,0
star_plus_co_correlated_control,216,4,45,55,-0.1226780045,0.98952881,0.04553215709,0,0
star_plus_co_correlated_control,216,5,55,65,-0.192733308,0.9935989457,0.04553215709,0,0
star_co_plus_hi_ctl01,216,0,5,15,-0.06177377466,0.8020451823,0.04553215709,0.008537279454,0
star_co_plus_hi_ctl01,216,1,15,25,-0.03322612553,0.9846840526,0.04553215709,0.008537279454,0
star_co_plus_hi_ctl01,216,2,25,35,0.03777742605,0.9579569251,0.04553215709,0.008537279454,0
star_co_plus_hi_ctl01,216,3,35,45,0.006064621906,0.967033345,0.04553215709,0.008537279454,0
star_co_plus_hi_ctl01,216,4,45,55,-0.1134145395,0.98952881,0.04553215709,0.008537279454,0
star_co_plus_hi_ctl01,216,5,55,65,-0.2040704854,0.9935989457,0.04553215709,0.008537279454,0
star_co_plus_hi_ctl10,216,0,5,15,-0.06150437078,0.8020451823,0.04553215709,0.008537279454,0
star_co_plus_hi_ctl10,216,1,15,25,-0.03350348544,0.9846840526,0.04553215709,0.008537279454,0
star_co_plus_hi_ctl10,216,2,25,35,0.03727142424,0.9579569251,0.04553215709,0.008537279454,0
star_co_plus_hi_ctl10,216,3,35,45,0.005315532395,0.967033345,0.04553215709,0.008537279454,0
star_co_plus_hi_ctl10,216,4,45,55,-0.1107342403,0.98952881,0.04553215709,0.008537279454,0
star_co_plus_hi_ctl10,216,5,55,65,-0.2061097812,0.9935989457,0.04553215709,0.008537279454,0
star_co_plus_hi_ctl49,216,0,5,15,-0.06104381518,0.8020451823,0.04553215709,0.008537279454,0
star_co_plus_hi_ctl49,216,1,15,25,-0.03397739238,0.9846840526,0.04553215709,0.008537279454,0
star_co_plus_hi_ctl49,216,2,25,35,0.03640637338,0.9579569251,0.04553215709,0.008537279454,0
star_co_plus_hi_ctl49,216,3,35,45,0.004054076592,0.967033345,0.04553215709,0.008537279454,0
star_co_plus_hi_ctl49,216,4,45,55,-0.107550338,0.98952881,0.04553215709,0.008537279454,0
star_co_plus_hi_ctl49,216,5,55,65,-0.2082350275,0.9935989457,0.04553215709,0.008537279454,0
star_only,217,0,5,15,-0.0598629195,0.7236705234,0,0,0
star_only,217,1,15,25,-0.04171827173,0.6612217765,0,0,0
star_only,217,2,25,35,0.03447844747,0.7076810916,0,0,0
star_only,217,3,35,45,0.03716183334,0.9496605436,0,0,0
star_only,217,4,45,55,0.001887647671,0.998132791,0,0,0
star_only,217,5,55,65,-0.1461488108,0.9825653122,0,0,0
co_independent_only,217,0,5,15,-0.05743376111,0.7770716789,0,0,0
co_independent_only,217,1,15,25,-0.03135664387,0.8923255771,0,0,0
co_independent_only,217,2,25,35,0.02589704646,0.931726178,0,0,0
co_independent_only,217,3,35,45,0.02283961153,0.9986816763,0,0,0
co_independent_only,217,4,45,55,-0.04153028516,0.9343224355,0,0,0
co_independent_only,217,5,55,65,-0.09929913627,0.9762370048,0,0,0
star_plus_co_independent,217,0,5,15,-0.05704991782,0.7236705234,0,0,0
star_plus_co_independent,217,1,15,25,-0.03533197173,0.6612217765,0,0,0
star_plus_co_independent,217,2,25,35,0.02608893247,0.7076810916,0,0,0
star_plus_co_independent,217,3,35,45,0.03904940841,0.9496605436,0,0,0
star_plus_co_independent,217,4,45,55,0.0005052082881,0.998132791,0,0,0
star_plus_co_independent,217,5,55,65,-0.1471528658,0.9825653122,0,0,0
star_plus_co_correlated_control,217,0,5,15,-0.06259923495,0.7236705234,0,0.07797381901,0
star_plus_co_correlated_control,217,1,15,25,-0.04524115643,0.6612217765,0,0.07797381901,0
star_plus_co_correlated_control,217,2,25,35,0.03928241131,0.7076810916,0,0.07797381901,0
star_plus_co_correlated_control,217,3,35,45,0.0361257954,0.9496605436,0,0.07797381901,0
star_plus_co_correlated_control,217,4,45,55,0.002286071542,0.998132791,0,0.07797381901,0
star_plus_co_correlated_control,217,5,55,65,-0.1575498007,0.9825653122,0,0.07797381901,0
star_co_plus_hi_ctl01,217,0,5,15,-0.05735645988,0.7236705234,0,0,0
star_co_plus_hi_ctl01,217,1,15,25,-0.03544654317,0.6612217765,0,0,0
star_co_plus_hi_ctl01,217,2,25,35,0.02718523725,0.7076810916,0,0,0
star_co_plus_hi_ctl01,217,3,35,45,0.0389761508,0.9496605436,0,0,0
star_co_plus_hi_ctl01,217,4,45,55,0.001135401833,0.998132791,0,0,0
star_co_plus_hi_ctl01,217,5,55,65,-0.1462409951,0.9825653122,0,0,0
star_co_plus_hi_ctl10,217,0,5,15,-0.05818144576,0.7236705234,0,0,0
star_co_plus_hi_ctl10,217,1,15,25,-0.03575478005,0.6612217765,0,0,0
star_co_plus_hi_ctl10,217,2,25,35,0.03013698374,0.7076810916,0,0,0
star_co_plus_hi_ctl10,217,3,35,45,0.0387806913,0.9496605436,0,0,0
star_co_plus_hi_ctl10,217,4,45,55,0.00342142558,0.998132791,0,0,0
star_co_plus_hi_ctl10,217,5,55,65,-0.1436241984,0.9825653122,0,0,0
star_co_plus_hi_ctl49,217,0,5,15,-0.05959055471,0.7236705234,0,0,0
star_co_plus_hi_ctl49,217,1,15,25,-0.03651960017,0.6612217765,0,0,0
star_co_plus_hi_ctl49,217,2,25,35,0.0344556134,0.7076810916,0,0,0
star_co_plus_hi_ctl49,217,3,35,45,0.038452551,0.9496605436,0,0,0
star_co_plus_hi_ctl49,217,4,45,55,0.004616222487,0.998132791,0,0,0
star_co_plus_hi_ctl49,217,5,55,65,-0.1393864529,0.9825653122,0,0,0
star_only,218,0,5,15,-0.06026214057,0.7754524742,0,0,0
star_only,218,1,15,25,-0.03485429666,0.9084617223,0,0,0
star_only,218,2,25,35,0.03472851825,0.9233726113,0,0,0
star_only,218,3,35,45,0.0270507334,0.9995575159,0,0,0
star_only,218,4,45,55,-0.02304294944,0.9090023319,0,0,0
star_only,218,5,55,65,-0.1027363023,0.8712259941,0,0,0
co_independent_only,218,0,5,15,-0.06084206994,0.7770716789,0,0,0
co_independent_only,218,1,15,25,-0.03595487738,0.8923255771,0,0,0
co_independent_only,218,2,25,35,0.03658469247,0.931726178,0,0,0
co_independent_only,218,3,35,45,0.02822402729,0.9986816763,0,0,0
co_independent_only,218,4,45,55,-0.03959364087,0.9343224355,0,0,0
co_independent_only,218,5,55,65,-0.09520655203,0.9762370048,0,0,0
star_plus_co_independent,218,0,5,15,-0.06081147045,0.7754524742,0,0,0
star_plus_co_independent,218,1,15,25,-0.03458478721,0.9084617223,0,0,0
star_plus_co_independent,218,2,25,35,0.03657032424,0.9233726113,0,0,0
star_plus_co_independent,218,3,35,45,0.03049839193,0.9995575159,0,0,0
star_plus_co_independent,218,4,45,55,-0.02278509438,0.9090023319,0,0,0
star_plus_co_independent,218,5,55,65,-0.09865480362,0.8712259941,0,0,0
star_plus_co_correlated_control,218,0,5,15,-0.05642211599,0.7754524742,0,0,0
star_plus_co_correlated_control,218,1,15,25,-0.02950868807,0.9084617223,0,0,0
star_plus_co_correlated_control,218,2,25,35,0.02640593326,0.9233726113,0,0,0
star_plus_co_correlated_control,218,3,35,45,0.02957449313,0.9995575159,0,0,0
star_plus_co_correlated_control,218,4,45,55,-0.02325033772,0.9090023319,0,0,0
star_plus_co_correlated_control,218,5,55,65,-0.09669075742,0.8712259941,0,0,0
star_co_plus_hi_ctl01,218,0,5,15,-0.06051845799,0.7754524742,0,0,0
star_co_plus_hi_ctl01,218,1,15,25,-0.03459436689,0.9084617223,0,0,0
star_co_plus_hi_ctl01,218,2,25,35,0.03611980349,0.9233726113,0,0,0
star_co_plus_hi_ctl01,218,3,35,45,0.02973287087,0.9995575159,0,0,0
star_co_plus_hi_ctl01,218,4,45,55,-0.02313147548,0.9090023319,0,0,0
star_co_plus_hi_ctl01,218,5,55,65,-0.09994730351,0.8712259941,0,0,0
star_co_plus_hi_ctl10,218,0,5,15,-0.05972931898,0.7754524742,0,0,0
star_co_plus_hi_ctl10,218,1,15,25,-0.0346199217,0.9084617223,0,0,0
star_co_plus_hi_ctl10,218,2,25,35,0.03400751042,0.9233726113,0,0,0
star_co_plus_hi_ctl10,218,3,35,45,0.02759769422,0.9995575159,0,0,0
star_co_plus_hi_ctl10,218,4,45,55,-0.02406562834,0.9090023319,0,0,0
star_co_plus_hi_ctl10,218,5,55,65,-0.103422525,0.8712259941,0,0,0
star_co_plus_hi_ctl49,218,0,5,15,-0.05837953045,0.7754524742,0,0,0
star_co_plus_hi_ctl49,218,1,15,25,-0.03466280848,0.9084617223,0,0,0
star_co_plus_hi_ctl49,218,2,25,35,0.02923370896,0.9233726113,0,0,0
star_co_plus_hi_ctl49,218,3,35,45,0.02311458309,0.9995575159,0,0,0
star_co_plus_hi_ctl49,218,4,45,55,-0.02665130631,0.9090023319,0,0,0
star_co_plus_hi_ctl49,218,5,55,65,-0.1082387825,0.8712259941,0,0,0
star_only,219,0,5,15,-0.05977758862,0.8070139425,0.02447353443,0,0
star_only,219,1,15,25,-0.03736760402,0.9215603204,0.02447353443,0,0
star_only,219,2,25,35,0.0345415773,0.9341847755,0.02447353443,0,0
star_only,219,3,35,45,0.02951409608,0.9996820801,0.02447353443,0,0
star_only,219,4,45,55,-0.0518407871,0.9464864018,0.02447353443,0,0
star_only,219,5,55,65,-0.09359452617,0.9681883733,0.02447353443,0,0
co_independent_only,219,0,5,15,-0.05547299056,0.7770716789,0,0,0
co_independent_only,219,1,15,25,-0.03402983704,0.8923255771,0,0,0
co_independent_only,219,2,25,35,0.02613852898,0.931726178,0,0,0
co_independent_only,219,3,35,45,0.03145092252,0.9986816763,0,0,0
co_independent_only,219,4,45,55,-0.03534826839,0.9343224355,0,0,0
co_independent_only,219,5,55,65,-0.0935863812,0.9762370048,0,0,0
star_plus_co_independent,219,0,5,15,-0.05496945774,0.8070139425,0.02447353443,0,0
star_plus_co_independent,219,1,15,25,-0.03514624254,0.9215603204,0.02447353443,0,0
star_plus_co_independent,219,2,25,35,0.02667292656,0.9341847755,0.02447353443,0,0
star_plus_co_independent,219,3,35,45,0.03648657534,0.9996820801,0.02447353443,0,0
star_plus_co_independent,219,4,45,55,-0.04743966675,0.9464864018,0.02447353443,0,0
star_plus_co_independent,219,5,55,65,-0.08809020828,0.9681883733,0.02447353443,0,0
star_plus_co_correlated_control,219,0,5,15,-0.05736895219,0.8070139425,0.02447353443,0,0
star_plus_co_correlated_control,219,1,15,25,-0.03390149264,0.9215603204,0.02447353443,0,0
star_plus_co_correlated_control,219,2,25,35,0.02938445356,0.9341847755,0.02447353443,0,0
star_plus_co_correlated_control,219,3,35,45,0.03128999586,0.9996820801,0.02447353443,0,0
star_plus_co_correlated_control,219,4,45,55,-0.05073320356,0.9464864018,0.02447353443,0,0
star_plus_co_correlated_control,219,5,55,65,-0.09034002335,0.9681883733,0.02447353443,0,0
star_co_plus_hi_ctl01,219,0,5,15,-0.05507071828,0.8070139425,0.02447353443,0,0
star_co_plus_hi_ctl01,219,1,15,25,-0.03553644184,0.9215603204,0.02447353443,0,0
star_co_plus_hi_ctl01,219,2,25,35,0.02679001425,0.9341847755,0.02447353443,0,0
star_co_plus_hi_ctl01,219,3,35,45,0.03505966609,0.9996820801,0.02447353443,0,0
star_co_plus_hi_ctl01,219,4,45,55,-0.0481366663,0.9464864018,0.02447353443,0,0
star_co_plus_hi_ctl01,219,5,55,65,-0.08972357695,0.9681883733,0.02447353443,0,0
star_co_plus_hi_ctl10,219,0,5,15,-0.05534287384,0.8070139425,0.02447353443,0,0
star_co_plus_hi_ctl10,219,1,15,25,-0.03658576911,0.9215603204,0.02447353443,0,0
star_co_plus_hi_ctl10,219,2,25,35,0.02710460564,0.9341847755,0.02447353443,0,0
star_co_plus_hi_ctl10,219,3,35,45,0.03130978221,0.9996820801,0.02447353443,0,0
star_co_plus_hi_ctl10,219,4,45,55,-0.05000983535,0.9464864018,0.02447353443,0,0
star_co_plus_hi_ctl10,219,5,55,65,-0.09411598879,0.9681883733,0.02447353443,0,0
star_co_plus_hi_ctl49,219,0,5,15,-0.05580650457,0.8070139425,0.02447353443,0,0
star_co_plus_hi_ctl49,219,1,15,25,-0.0383753615,0.9215603204,0.02447353443,0,0
star_co_plus_hi_ctl49,219,2,25,35,0.02720889145,0.9341847755,0.02447353443,0,0
star_co_plus_hi_ctl49,219,3,35,45,0.0249089028,0.9996820801,0.02447353443,0,0
star_co_plus_hi_ctl49,219,4,45,55,-0.05386617821,0.9464864018,0.02447353443,0,0
star_co_plus_hi_ctl49,219,5,55,65,-0.1029069496,0.9681883733,0.02447353443,0,0
star_only,220,0,5,15,-0.05595472062,0.777058988,0.08309618668,0,0
star_only,220,1,15,25,-0.03692225141,0.4100346239,0.08309618668,0,0
star_only,220,2,25,35,0.03450000383,0.880424743,0.08309618668,0,0
star_only,220,3,35,45,0.02513151085,0.9679023103,0.08309618668,0,0
star_only,220,4,45,55,-0.07406681816,0.9991684452,0.08309618668,0,0
star_only,220,5,55,65,0.01449741596,0.984199413,0.08309618668,0,0
co_independent_only,220,0,5,15,-0.06224802025,0.7770716789,0,0,0
co_independent_only,220,1,15,25,-0.03683903869,0.8923255771,0,0,0
co_independent_only,220,2,25,35,0.0393277871,0.931726178,0,0,0
co_independent_only,220,3,35,45,0.02263886939,0.9986816763,0,0,0
co_independent_only,220,4,45,55,-0.03907553897,0.9343224355,0,0,0
co_independent_only,220,5,55,65,-0.09781093271,0.9762370048,0,0,0
star_plus_co_independent,220,0,5,15,-0.05779828093,0.777058988,0.08309618668,0,0
star_plus_co_independent,220,1,15,25,-0.03774850775,0.4100346239,0.08309618668,0,0
star_plus_co_independent,220,2,25,35,0.0393293665,0.880424743,0.08309618668,0,0
star_plus_co_independent,220,3,35,45,0.02312527612,0.9679023103,0.08309618668,0,0
star_plus_co_independent,220,4,45,55,-0.07122356141,0.9991684452,0.08309618668,0,0
star_plus_co_independent,220,5,55,65,0.01449712679,0.984199413,0.08309618668,0,0
star_plus_co_correlated_control,220,0,5,15,-0.0533069338,0.777058988,0.08309618668,0,0
star_plus_co_correlated_control,220,1,15,25,-0.03282742901,0.4100346239,0.08309618668,0,0
star_plus_co_correlated_control,220,2,25,35,0.02811478491,0.880424743,0.08309618668,0,0
star_plus_co_correlated_control,220,3,35,45,0.02735479039,0.9679023103,0.08309618668,0,0
star_plus_co_correlated_control,220,4,45,55,-0.07241851373,0.9991684452,0.08309618668,0,0
star_plus_co_correlated_control,220,5,55,65,0.008440297551,0.984199413,0.08309618668,0,0
star_co_plus_hi_ctl01,220,0,5,15,-0.05729364394,0.777058988,0.08309618668,0,0
star_co_plus_hi_ctl01,220,1,15,25,-0.03769147727,0.4100346239,0.08309618668,0,0
star_co_plus_hi_ctl01,220,2,25,35,0.03814695118,0.880424743,0.08309618668,0,0
star_co_plus_hi_ctl01,220,3,35,45,0.02220763526,0.9679023103,0.08309618668,0,0
star_co_plus_hi_ctl01,220,4,45,55,-0.07160069282,0.9991684452,0.08309618668,0,0
star_co_plus_hi_ctl01,220,5,55,65,0.01348842217,0.984199413,0.08309618668,0,0
star_co_plus_hi_ctl10,220,0,5,15,-0.05593666906,0.777058988,0.08309618668,0,0
star_co_plus_hi_ctl10,220,1,15,25,-0.03753773599,0.4100346239,0.08309618668,0,0
star_co_plus_hi_ctl10,220,2,25,35,0.03497166354,0.880424743,0.08309618668,0,0
star_co_plus_hi_ctl10,220,3,35,45,0.01954024969,0.9679023103,0.08309618668,0,0
star_co_plus_hi_ctl10,220,4,45,55,-0.07261412358,0.9991684452,0.08309618668,0,0
star_co_plus_hi_ctl10,220,5,55,65,0.01077827635,0.984199413,0.08309618668,0,0
star_co_plus_hi_ctl49,220,0,5,15,-0.0536227265,0.777058988,0.08309618668,0,0
star_co_plus_hi_ctl49,220,1,15,25,-0.03693257932,0.4100346239,0.08309618668,0,0
star_co_plus_hi_ctl49,220,2,25,35,0.03016751736,0.880424743,0.08309618668,0,0
star_co_plus_hi_ctl49,220,3,35,45,0.01435362239,0.9679023103,0.08309618668,0,0
star_co_plus_hi_ctl49,220,4,45,55,-0.07440771392,0.9991684452,0.08309618668,0,0
star_co_plus_hi_ctl49,220,5,55,65,0.006122031077,0.984199413,0.08309618668,0,0
star_only,221,0,5,15,-0.06110388029,0.7534877922,0,0,0
star_only,221,1,15,25,-0.03617786296,0.8790496424,0,0,0
star_only,221,2,25,35,0.03471884499,0.8806540283,0,0,0
star_only,221,3,35,45,0.03358306674,0.9174936762,0,0,0
star_only,221,4,45,55,-0.02878525182,0.9702613611,0,0,0
star_only,221,5,55,65,0.01662144349,0.9805327512,0,0,0
co_independent_only,221,0,5,15,-0.0618227822,0.7770716789,0,0.005122367672,0
co_independent_only,221,1,15,25,-0.03904115031,0.8923255771,0,0.005122367672,0
co_independent_only,221,2,25,35,0.0369536663,0.931726178,0,0.005122367672,0
co_independent_only,221,3,35,45,0.02083916626,0.9986816763,0,0.005122367672,0
co_independent_only,221,4,45,55,-0.04181466972,0.9343224355,0,0.005122367672,0
co_independent_only,221,5,55,65,-0.1022229152,0.9762370048,0,0.005122367672,0
star_plus_co_independent,221,0,5,15,-0.06282760265,0.7534877922,0,0.005122367672,0
star_plus_co_independent,221,1,15,25,-0.03908689398,0.8790496424,0,0.005122367672,0
star_plus_co_independent,221,2,25,35,0.03699960177,0.8806540283,0,0.005122367672,0
star_plus_co_independent,221,3,35,45,0.0285275245,0.9174936762,0,0.005122367672,0
star_plus_co_independent,221,4,45,55,-0.03129094976,0.9702613611,0,0.005122367672,0
star_plus_co_independent,221,5,55,65,0.009826529618,0.9805327512,0,0.005122367672,0
star_plus_co_correlated_control,221,0,5,15,-0.06342524835,0.7534877922,0,0.06772908367,0
star_plus_co_correlated_control,221,1,15,25,-0.0386314194,0.8790496424,0,0.06772908367,0
star_plus_co_correlated_control,221,2,25,35,0.03896017046,0.8806540283,0,0.06772908367,0
star_plus_co_correlated_control,221,3,35,45,0.03223484591,0.9174936762,0,0.06772908367,0
star_plus_co_correlated_control,221,4,45,55,-0.02967088866,0.9702613611,0,0.06772908367,0
star_plus_co_correlated_control,221,5,55,65,0.01953309645,0.9805327512,0,0.06772908367,0
star_co_plus_hi_ctl01,221,0,5,15,-0.06299832238,0.7534877922,0,0.005122367672,0
star_co_plus_hi_ctl01,221,1,15,25,-0.03902175954,0.8790496424,0,0.005122367672,0
star_co_plus_hi_ctl01,221,2,25,35,0.03770600343,0.8806540283,0,0.005122367672,0
star_co_plus_hi_ctl01,221,3,35,45,0.02899350343,0.9174936762,0,0.005122367672,0
star_co_plus_hi_ctl01,221,4,45,55,-0.03096115936,0.9702613611,0,0.005122367672,0
star_co_plus_hi_ctl01,221,5,55,65,0.00924532107,0.9805327512,0,0.005122367672,0
star_co_plus_hi_ctl10,221,0,5,15,-0.06345735448,0.7534877922,0,0.005122367672,0
star_co_plus_hi_ctl10,221,1,15,25,-0.03884654444,0.8790496424,0,0.005122367672,0
star_co_plus_hi_ctl10,221,2,25,35,0.03960542929,0.8806540283,0,0.005122367672,0
star_co_plus_hi_ctl10,221,3,35,45,0.03003867623,0.9174936762,0,0.005122367672,0
star_co_plus_hi_ctl10,221,4,45,55,-0.03007492392,0.9702613611,0,0.005122367672,0
star_co_plus_hi_ctl10,221,5,55,65,0.007779713281,0.9805327512,0,0.005122367672,0
star_co_plus_hi_ctl49,221,0,5,15,-0.06423998605,0.7534877922,0,0.005122367672,0
star_co_plus_hi_ctl49,221,1,15,25,-0.03852358636,0.8790496424,0,0.005122367672,0
star_co_plus_hi_ctl49,221,2,25,35,0.04282563022,0.8806540283,0,0.005122367672,0
star_co_plus_hi_ctl49,221,3,35,45,0.0318083839,0.9174936762,0,0.005122367672,0
star_co_plus_hi_ctl49,221,4,45,55,-0.02856562256,0.9702613611,0,0.005122367672,0
star_co_plus_hi_ctl49,221,5,55,65,0.005370808811,0.9805327512,0,0.005122367672,0
star_only,222,0,5,15,-0.05951427156,0.8791928882,0,0,0
star_only,222,1,15,25,-0.03143771247,0.9912926749,0,0,0
star_only,222,2,25,35,0.03161774709,0.9883120603,0,0,0
star_only,222,3,35,45,0.03015342089,0.8829768327,0,0,0
star_only,222,4,45,55,-0.07060350282,0.7616445235,0,0,0
star_only,222,5,55,65,-0.0649025343,0.9037975752,0,0,0
co_independent_only,222,0,5,15,-0.06227170225,0.7770716789,0,0.004553215709,0
co_independent_only,222,1,15,25,-0.03644709029,0.8923255771,0,0.004553215709,0
co_independent_only,222,2,25,35,0.03560290782,0.931726178,0,0.004553215709,0
co_independent_only,222,3,35,45,0.02401212011,0.9986816763,0,0.004553215709,0
co_independent_only,222,4,45,55,-0.04731868314,0.9343224355,0,0.004553215709,0
co_independent_only,222,5,55,65,-0.1145660756,0.9762370048,0,0.004553215709,0
star_plus_co_independent,222,0,5,15,-0.06146763766,0.8791928882,0,0.004553215709,0
star_plus_co_independent,222,1,15,25,-0.03091747085,0.9912926749,0,0.004553215709,0
star_plus_co_independent,222,2,25,35,0.03112168065,0.9883120603,0,0.004553215709,0
star_plus_co_independent,222,3,35,45,0.02811646103,0.8829768327,0,0.004553215709,0
star_plus_co_independent,222,4,45,55,-0.0777754133,0.7616445235,0,0.004553215709,0
star_plus_co_independent,222,5,55,65,-0.08068243942,0.9037975752,0,0.004553215709,0
star_plus_co_correlated_control,222,0,5,15,-0.06182620648,0.8791928882,0,0.06829823563,0
star_plus_co_correlated_control,222,1,15,25,-0.03358367147,0.9912926749,0,0.06829823563,0
star_plus_co_correlated_control,222,2,25,35,0.03501081719,0.9883120603,0,0.06829823563,0
star_plus_co_correlated_control,222,3,35,45,0.02854644597,0.8829768327,0,0.06829823563,0
star_plus_co_correlated_control,222,4,45,55,-0.07323832488,0.7616445235,0,0.06829823563,0
star_plus_co_correlated_control,222,5,55,65,-0.06839825211,0.9037975752,0,0.06829823563,0
star_co_plus_hi_ctl01,222,0,5,15,-0.06175497046,0.8791928882,0,0.004553215709,0
star_co_plus_hi_ctl01,222,1,15,25,-0.03092745893,0.9912926749,0,0.004553215709,0
star_co_plus_hi_ctl01,222,2,25,35,0.0315221278,0.9883120603,0,0.004553215709,0
star_co_plus_hi_ctl01,222,3,35,45,0.02782138191,0.8829768327,0,0.004553215709,0
star_co_plus_hi_ctl01,222,4,45,55,-0.0770904422,0.7616445235,0,0.004553215709,0
star_co_plus_hi_ctl01,222,5,55,65,-0.08041874047,0.9037975752,0,0.004553215709,0
star_co_plus_hi_ctl10,222,0,5,15,-0.06252784464,0.8791928882,0,0.004553215709,0
star_co_plus_hi_ctl10,222,1,15,25,-0.03095411266,0.9912926749,0,0.004553215709,0
star_co_plus_hi_ctl10,222,2,25,35,0.03259946455,0.9883120603,0,0.004553215709,0
star_co_plus_hi_ctl10,222,3,35,45,0.0270287558,0.8829768327,0,0.004553215709,0
star_co_plus_hi_ctl10,222,4,45,55,-0.07582522455,0.7616445235,0,0.004553215709,0
star_co_plus_hi_ctl10,222,5,55,65,-0.07956301864,0.9037975752,0,0.004553215709,0
star_co_plus_hi_ctl49,222,0,5,15,-0.06384654794,0.8791928882,0,0.004553215709,0
star_co_plus_hi_ctl49,222,1,15,25,-0.03099887585,0.9912926749,0,0.004553215709,0
star_co_plus_hi_ctl49,222,2,25,35,0.03443834514,0.9883120603,0,0.004553215709,0
star_co_plus_hi_ctl49,222,3,35,45,0.02567998058,0.8829768327,0,0.004553215709,0
star_co_plus_hi_ctl49,222,4,45,55,-0.07464595545,0.7616445235,0,0.004553215709,0
star_co_plus_hi_ctl49,222,5,55,65,-0.0781069592,0.9037975752,0,0.004553215709,0
star_only,223,0,5,15,-0.05805814808,0.7324655799,0,0,0
star_only,223,1,15,25,-0.04322591695,0.5208792526,0,0,0
star_only,223,2,25,35,0.03356569841,0.677027734,0,0,0
star_only,223,3,35,45,0.04796858567,0.8675185882,0,0,0
star_only,223,4,45,55,-0.08656232842,0.6175442974,0,0,0
star_only,223,5,55,65,-0.07115189515,0.9640039945,0,0,0
co_independent_only,223,0,5,15,-0.06447872137,0.7770716789,0,0,0
co_independent_only,223,1,15,25,-0.03890000793,0.8923255771,0,0,0
co_independent_only,223,2,25,35,0.04150268708,0.931726178,0,0,0
co_independent_only,223,3,35,45,0.02253815167,0.9986816763,0,0,0
co_independent_only,223,4,45,55,-0.04271342574,0.9343224355,0,0,0
co_independent_only,223,5,55,65,-0.1156159098,0.9762370048,0,0,0
star_plus_co_independent,223,0,5,15,-0.06205838708,0.7324655799,0,0,0
star_plus_co_independent,223,1,15,25,-0.04903310292,0.5208792526,0,0,0
star_plus_co_independent,223,2,25,35,0.04120776124,0.677027734,0,0,0
star_plus_co_independent,223,3,35,45,0.04259432656,0.8675185882,0,0,0
star_plus_co_independent,223,4,45,55,-0.08579987584,0.6175442974,0,0,0
star_plus_co_independent,223,5,55,65,-0.08796168829,0.9640039945,0,0,0
star_plus_co_correlated_control,223,0,5,15,-0.0546673787,0.7324655799,0,0,0
star_plus_co_correlated_control,223,1,15,25,-0.03781750633,0.5208792526,0,0,0
star_plus_co_correlated_control,223,2,25,35,0.02570095532,0.677027734,0,0,0
star_plus_co_correlated_control,223,3,35,45,0.0477941463,0.8675185882,0,0,0
star_plus_co_correlated_control,223,4,45,55,-0.08355288973,0.6175442974,0,0,0
star_plus_co_correlated_control,223,5,55,65,-0.06928641647,0.9640039945,0,0,0
star_co_plus_hi_ctl01,223,0,5,15,-0.06153984475,0.7324655799,0,0,0
star_co_plus_hi_ctl01,223,1,15,25,-0.04824595755,0.5208792526,0,0,0
star_co_plus_hi_ctl01,223,2,25,35,0.03962669681,0.677027734,0,0,0
star_co_plus_hi_ctl01,223,3,35,45,0.04343947088,0.8675185882,0,0,0
star_co_plus_hi_ctl01,223,4,45,55,-0.08678933604,0.6175442974,0,0,0
star_co_plus_hi_ctl01,223,5,55,65,-0.08949555365,0.9640039945,0,0,0
star_co_plus_hi_ctl10,223,0,5,15,-0.06014401566,0.7324655799,0,0,0
star_co_plus_hi_ctl10,223,1,15,25,-0.04612675312,0.5208792526,0,0,0
star_co_plus_hi_ctl10,223,2,25,35,0.03536858808,0.677027734,0,0,0
star_co_plus_hi_ctl10,223,3,35,45,0.04571591667,0.8675185882,0,0,0
star_co_plus_hi_ctl10,223,4,45,55,-0.08946001119,0.6175442974,0,0,0
star_co_plus_hi_ctl10,223,5,55,65,-0.08971355242,0.9640039945,0,0,0
star_co_plus_hi_ctl49,223,0,5,15,-0.05775888865,0.7324655799,0,0,0
star_co_plus_hi_ctl49,223,1,15,25,-0.04250438355,0.5208792526,0,0,0
star_co_plus_hi_ctl49,223,2,25,35,0.0285357695,0.677027734,0,0,0
star_co_plus_hi_ctl49,223,3,35,45,0.04961079256,0.8675185882,0,0,0
star_co_plus_hi_ctl49,223,4,45,55,-0.0956673998,0.6175442974,0,0,0
star_co_plus_hi_ctl49,223,5,55,65,-0.09062169889,0.9640039945,0,0,0
star_only,224,0,5,15,-0.06101283472,0.8233390833,0.001707455891,0,0
star_only,224,1,15,25,-0.03711407046,0.9971338936,0.001707455891,0,0
star_only,224,2,25,35,0.03443869698,0.9929827358,0.001707455891,0,0
star_only,224,3,35,45,0.02565829722,0.9866612257,0.001707455891,0,0
star_only,224,4,45,55,-0.03067592493,0.9787876313,0.001707455891,0,0
star_only,224,5,55,65,-0.1379735024,0.9883045853,0.001707455891,0,0
co_independent_only,224,0,5,15,-0.0623856651,0.7770716789,0,0.007398975526,0
co_independent_only,224,1,15,25,-0.042701349,0.8923255771,0,0.007398975526,0
co_independent_only,224,2,25,35,0.03640044378,0.931726178,0,0.007398975526,0
co_independent_only,224,3,35,45,0.01879522656,0.9986816763,0,0.007398975526,0
co_independent_only,224,4,45,55,-0.04115845797,0.9343224355,0,0.007398975526,0
co_independent_only,224,5,55,65,-0.09818216796,0.9762370048,0,0.007398975526,0
star_plus_co_independent,224,0,5,15,-0.06337664803,0.8233390833,0.001707455891,0.007398975526,0
star_plus_co_independent,224,1,15,25,-0.04380545823,0.9971338936,0.001707455891,0.007398975526,0
star_plus_co_independent,224,2,25,35,0.03532569828,0.9929827358,0.001707455891,0.007398975526,0
star_plus_co_independent,224,3,35,45,0.01972988246,0.9866612257,0.001707455891,0.007398975526,0
star_plus_co_independent,224,4,45,55,-0.03216318345,0.9787876313,0.001707455891,0.007398975526,0
star_plus_co_independent,224,5,55,65,-0.1361278481,0.9883045853,0.001707455891,0.007398975526,0
star_plus_co_correlated_control,224,0,5,15,-0.06005771669,0.8233390833,0.001707455891,0,0
star_plus_co_correlated_control,224,1,15,25,-0.03579101002,0.9971338936,0.001707455891,0,0
star_plus_co_correlated_control,224,2,25,35,0.03244872114,0.9929827358,0.001707455891,0,0
star_plus_co_correlated_control,224,3,35,45,0.02645870304,0.9866612257,0.001707455891,0,0
star_plus_co_correlated_control,224,4,45,55,-0.03030858424,0.9787876313,0.001707455891,0,0
star_plus_co_correlated_control,224,5,55,65,-0.1349629449,0.9883045853,0.001707455891,0,0
star_co_plus_hi_ctl01,224,0,5,15,-0.06369460882,0.8233390833,0.001707455891,0.007398975526,0
star_co_plus_hi_ctl01,224,1,15,25,-0.04398165891,0.9971338936,0.001707455891,0.007398975526,0
star_co_plus_hi_ctl01,224,2,25,35,0.03579426873,0.9929827358,0.001707455891,0.007398975526,0
star_co_plus_hi_ctl01,224,3,35,45,0.01947438927,0.9866612257,0.001707455891,0.007398975526,0
star_co_plus_hi_ctl01,224,4,45,55,-0.03213363068,0.9787876313,0.001707455891,0.007398975526,0
star_co_plus_hi_ctl01,224,5,55,65,-0.135827055,0.9883045853,0.001707455891,0.007398975526,0
star_co_plus_hi_ctl10,224,0,5,15,-0.06455117842,0.8233390833,0.001707455891,0.007398975526,0
star_co_plus_hi_ctl10,224,1,15,25,-0.04445532811,0.9971338936,0.001707455891,0.007398975526,0
star_co_plus_hi_ctl10,224,2,25,35,0.03620129361,0.9929827358,0.001707455891,0.007398975526,0
star_co_plus_hi_ctl10,224,3,35,45,0.01878759196,0.9866612257,0.001707455891,0.007398975526,0
star_co_plus_hi_ctl10,224,4,45,55,-0.03205443369,0.9787876313,0.001707455891,0.007398975526,0
star_co_plus_hi_ctl10,224,5,55,65,-0.1365078049,0.9883045853,0.001707455891,0.007398975526,0
star_co_plus_hi_ctl49,224,0,5,15,-0.06601711772,0.8233390833,0.001707455891,0.007398975526,0
star_co_plus_hi_ctl49,224,1,15,25,-0.04526257696,0.9971338936,0.001707455891,0.007398975526,0
star_co_plus_hi_ctl49,224,2,25,35,0.03687422097,0.9929827358,0.001707455891,0.007398975526,0
star_co_plus_hi_ctl49,224,3,35,45,0.01761721228,0.9866612257,0.001707455891,0.007398975526,0
star_co_plus_hi_ctl49,224,4,45,55,-0.03224519862,0.9787876313,0.001707455891,0.007398975526,0
star_co_plus_hi_ctl49,224,5,55,65,-0.1333624386,0.9883045853,0.001707455891,0.007398975526,0
star_only,225,0,5,15,-0.05941427056,0.749890161,0,0,0
star_only,225,1,15,25,-0.03773109914,0.791570784,0,0,0
star_only,225,2,25,35,0.03406255615,0.9448662311,0,0,0
star_only,225,3,35,45,0.01143756386,0.9324021929,0,0,0
star_only,225,4,45,55,-0.06311207474,0.8547454206,0,0,0
star_only,225,5,55,65,-0.1555990571,0.9828369713,0,0,0
co_independent_only,225,0,5,15,-0.06024253124,0.7770716789,0,0,0
co_independent_only,225,1,15,25,-0.03622291204,0.8923255771,0,0,0
co_independent_only,225,2,25,35,0.03311414595,0.931726178,0,0,0
co_independent_only,225,3,35,45,0.0243215581,0.9986816763,0,0,0
co_independent_only,225,4,45,55,-0.03731942346,0.9343224355,0,0,0
co_independent_only,225,5,55,65,-0.09900353889,0.9762370048,0,0,0
star_plus_co_independent,225,0,5,15,-0.05933671071,0.749890161,0,0,0
star_plus_co_independent,225,1,15,25,-0.03769454366,0.791570784,0,0,0
star_plus_co_independent,225,2,25,35,0.03219734794,0.9448662311,0,0,0
star_plus_co_independent,225,3,35,45,0.009332322353,0.9324021929,0,0,0
star_plus_co_independent,225,4,45,55,-0.06077938797,0.8547454206,0,0,0
star_plus_co_independent,225,5,55,65,-0.1561462804,0.9828369713,0,0,0
star_plus_co_correlated_control,225,0,5,15,-0.06010227134,0.749890161,0,0.02048947069,0
star_plus_co_correlated_control,225,1,15,25,-0.03852098705,0.791570784,0,0.02048947069,0
star_plus_co_correlated_control,225,2,25,35,0.03560624192,0.9448662311,0,0.02048947069,0
star_plus_co_correlated_control,225,3,35,45,0.01065004825,0.9324021929,0,0.02048947069,0
star_plus_co_correlated_control,225,4,45,55,-0.06378540134,0.8547454206,0,0.02048947069,0
star_plus_co_correlated_control,225,5,55,65,-0.1585174081,0.9828369713,0,0.02048947069,0
star_co_plus_hi_ctl01,225,0,5,15,-0.05942562081,0.749890161,0,0,0
star_co_plus_hi_ctl01,225,1,15,25,-0.03769477599,0.791570784,0,0,0
star_co_plus_hi_ctl01,225,2,25,35,0.03225610102,0.9448662311,0,0,0
star_co_plus_hi_ctl01,225,3,35,45,0.008429447381,0.9324021929,0,0,0
star_co_plus_hi_ctl01,225,4,45,55,-0.06178643785,0.8547454206,0,0,0
star_co_plus_hi_ctl01,225,5,55,65,-0.1571975649,0.9828369713,0,0,0
star_co_plus_hi_ctl10,225,0,5,15,-0.05966473302,0.749890161,0,0,0
star_co_plus_hi_ctl10,225,1,15,25,-0.03769538708,0.791570784,0,0,0
star_co_plus_hi_ctl10,225,2,25,35,0.03241416396,0.9448662311,0,0,0
star_co_plus_hi_ctl10,225,3,35,45,0.005999997428,0.9324021929,0,0,0
star_co_plus_hi_ctl10,225,4,45,55,-0.06449817295,0.8547454206,0,0,0
star_co_plus_hi_ctl10,225,5,55,65,-0.1624896074,0.9828369713,0,0,0
star_co_plus_hi_ctl49,225,0,5,15,-0.06007257891,0.749890161,0,0,0
star_co_plus_hi_ctl49,225,1,15,25,-0.03769638318,0.791570784,0,0,0
star_co_plus_hi_ctl49,225,2,25,35,0.03263979997,0.9448662311,0,0,0
star_co_plus_hi_ctl49,225,3,35,45,0.001851820348,0.9324021929,0,0,0
star_co_plus_hi_ctl49,225,4,45,55,-0.06913502679,0.8547454206,0,0,0
star_co_plus_hi_ctl49,225,5,55,65,-0.1710805328,0.9828369713,0,0,0
star_only,226,0,5,15,-0.06107066862,0.7794739896,0.003414911781,0,0
star_only,226,1,15,25,-0.02904762494,0.9426446982,0.003414911781,0,0
star_only,226,2,25,35,0.03412708516,0.9009172924,0.003414911781,0,0
star_only,226,3,35,45,0.0172698818,0.9952949912,0.003414911781,0,0
star_only,226,4,45,55,-0.08313035598,0.9575439591,0.003414911781,0,0
star_only,226,5,55,65,-0.1474956657,0.9956389193,0.003414911781,0,0
co_independent_only,226,0,5,15,-0.0573079585,0.7770716789,0,0,0
co_independent_only,226,1,15,25,-0.03290975062,0.8923255771,0,0,0
co_independent_only,226,2,25,35,0.0304267786,0.931726178,0,0,0
co_independent_only,226,3,35,45,0.0253039762,0.9986816763,0,0,0
co_independent_only,226,4,45,55,-0.04505343956,0.9343224355,0,0,0
co_independent_only,226,5,55,65,-0.0974551541,0.9762370048,0,0,0
star_plus_co_independent,226,0,5,15,-0.05794771483,0.7794739896,0.003414911781,0,0
star_plus_co_independent,226,1,15,25,-0.02616314911,0.9426446982,0.003414911781,0,0
star_plus_co_independent,226,2,25,35,0.03018032892,0.9009172924,0.003414911781,0,0
star_plus_co_independent,226,3,35,45,0.01778365548,0.9952949912,0.003414911781,0,0
star_plus_co_independent,226,4,45,55,-0.08956782526,0.9575439591,0.003414911781,0,0
star_plus_co_independent,226,5,55,65,-0.1445490939,0.9956389193,0.003414911781,0,0
star_plus_co_correlated_control,226,0,5,15,-0.06121089506,0.7794739896,0.003414911781,0,0
star_plus_co_correlated_control,226,1,15,25,-0.02916255093,0.9426446982,0.003414911781,0,0
star_plus_co_correlated_control,226,2,25,35,0.03441374468,0.9009172924,0.003414911781,0,0
star_plus_co_correlated_control,226,3,35,45,0.01712796822,0.9952949912,0.003414911781,0,0
star_plus_co_correlated_control,226,4,45,55,-0.08330903929,0.9575439591,0.003414911781,0,0
star_plus_co_correlated_control,226,5,55,65,-0.1480237609,0.9956389193,0.003414911781,0,0
star_co_plus_hi_ctl01,226,0,5,15,-0.05819535802,0.7794739896,0.003414911781,0,0
star_co_plus_hi_ctl01,226,1,15,25,-0.02618310138,0.9426446982,0.003414911781,0,0
star_co_plus_hi_ctl01,226,2,25,35,0.03074106589,0.9009172924,0.003414911781,0,0
star_co_plus_hi_ctl01,226,3,35,45,0.01764080354,0.9952949912,0.003414911781,0,0
star_co_plus_hi_ctl01,226,4,45,55,-0.08892564452,0.9575439591,0.003414911781,0,0
star_co_plus_hi_ctl01,226,5,55,65,-0.1454143414,0.9956389193,0.003414911781,0,0
star_co_plus_hi_ctl10,226,0,5,15,-0.05886112473,0.7794739896,0.003414911781,0,0
star_co_plus_hi_ctl10,226,1,15,25,-0.02623643907,0.9426446982,0.003414911781,0,0
star_co_plus_hi_ctl10,226,2,25,35,0.03224880879,0.9009172924,0.003414911781,0,0
star_co_plus_hi_ctl10,226,3,35,45,0.01725701948,0.9952949912,0.003414911781,0,0
star_co_plus_hi_ctl10,226,4,45,55,-0.08720583992,0.9575439591,0.003414911781,0,0
star_co_plus_hi_ctl10,226,5,55,65,-0.1477425726,0.9956389193,0.003414911781,0,0
star_co_plus_hi_ctl49,226,0,5,15,-0.0599959025,0.7794739896,0.003414911781,0,0
star_co_plus_hi_ctl49,226,1,15,25,-0.02612193297,0.9426446982,0.003414911781,0,0
star_co_plus_hi_ctl49,226,2,25,35,0.03481956467,0.9009172924,0.003414911781,0,0
star_co_plus_hi_ctl49,226,3,35,45,0.01660374938,0.9952949912,0.003414911781,0,0
star_co_plus_hi_ctl49,226,4,45,55,-0.08429657687,0.9575439591,0.003414911781,0,0
star_co_plus_hi_ctl49,226,5,55,65,-0.1497995296,0.9956389193,0.003414911781,0,0
star_only,227,0,5,15,-0.05762776895,0.7872665759,0.03642572567,0,0
star_only,227,1,15,25,-0.03182354073,0.4410777602,0.03642572567,0,0
star_only,227,2,25,35,0.03467068995,0.8639497091,0.03642572567,0,0
star_only,227,3,35,45,0.02021179996,0.9960913417,0.03642572567,0,0
star_only,227,4,45,55,-0.0559386059,0.9920206981,0.03642572567,0,0
star_only,227,5,55,65,-0.001432045171,0.9662132523,0.03642572567,0,0
co_independent_only,227,0,5,15,-0.05979126568,0.7770716789,0,0.005122367672,0
co_independent_only,227,1,15,25,-0.03737925228,0.8923255771,0,0.005122367672,0
co_independent_only,227,2,25,35,0.03310673677,0.931726178,0,0.005122367672,0
co_independent_only,227,3,35,45,0.01688978422,0.9986816763,0,0.005122367672,0
co_independent_only,227,4,45,55,-0.04750260269,0.9343224355,0,0.005122367672,0
co_independent_only,227,5,55,65,-0.1020383028,0.9762370048,0,0.005122367672,0
star_plus_co_independent,227,0,5,15,-0.05706987192,0.7872665759,0.03642572567,0.005122367672,0
star_plus_co_independent,227,1,15,25,-0.03340545053,0.4410777602,0.03642572567,0.005122367672,0
star_plus_co_independent,227,2,25,35,0.03320219136,0.8639497091,0.03642572567,0.005122367672,0
star_plus_co_independent,227,3,35,45,0.0124114844,0.9960913417,0.03642572567,0.005122367672,0
star_plus_co_independent,227,4,45,55,-0.06306370875,0.9920206981,0.03642572567,0.005122367672,0
star_plus_co_independent,227,5,55,65,-0.003508857086,0.9662132523,0.03642572567,0.005122367672,0
star_plus_co_correlated_control,227,0,5,15,-0.05517233925,0.7872665759,0.03642572567,0,0
star_plus_co_correlated_control,227,1,15,25,-0.02861066346,0.4410777602,0.03642572567,0,0
star_plus_co_correlated_control,227,2,25,35,0.02897317056,0.8639497091,0.03642572567,0,0
star_plus_co_correlated_control,227,3,35,45,0.02254945608,0.9960913417,0.03642572567,0,0
star_plus_co_correlated_control,227,4,45,55,-0.05479362766,0.9920206981,0.03642572567,0,0
star_plus_co_correlated_control,227,5,55,65,-0.005574962869,0.9662132523,0.03642572567,0,0
star_co_plus_hi_ctl01,227,0,5,15,-0.05680519169,0.7872665759,0.03642572567,0.005122367672,0
star_co_plus_hi_ctl01,227,1,15,25,-0.03330758127,0.4410777602,0.03642572567,0.005122367672,0
star_co_plus_hi_ctl01,227,2,25,35,0.0321106809,0.8639497091,0.03642572567,0.005122367672,0
star_co_plus_hi_ctl01,227,3,35,45,0.01330945721,0.9960913417,0.03642572567,0.005122367672,0
star_co_plus_hi_ctl01,227,4,45,55,-0.06326735565,0.9920206981,0.03642572567,0.005122367672,0
star_co_plus_hi_ctl01,227,5,55,65,-0.001044585553,0.9662132523,0.03642572567,0.005122367672,0
star_co_plus_hi_ctl10,227,0,5,15,-0.05609377958,0.7872665759,0.03642572567,0.005122367672,0
star_co_plus_hi_ctl10,227,1,15,25,-0.03304379248,0.4410777602,0.03642572567,0.005122367672,0
star_co_plus_hi_ctl10,227,2,25,35,0.02917412122,0.8639497091,0.03642572567,0.005122367672,0
star_co_plus_hi_ctl10,227,3,35,45,0.01573108249,0.9960913417,0.03642572567,0.005122367672,0
star_co_plus_hi_ctl10,227,4,45,55,-0.06383581531,0.9920206981,0.03642572567,0.005122367672,0
star_co_plus_hi_ctl10,227,5,55,65,0.005019899987,0.9662132523,0.03642572567,0.005122367672,0
star_co_plus_hi_ctl49,227,0,5,15,-0.05488172823,0.7872665759,0.03642572567,0.005122367672,0
star_co_plus_hi_ctl49,227,1,15,25,-0.03211450385,0.4410777602,0.03642572567,0.005122367672,0
star_co_plus_hi_ctl49,227,2,25,35,0.02416161912,0.8639497091,0.03642572567,0.005122367672,0
star_co_plus_hi_ctl49,227,3,35,45,0.01832321711,0.9960913417,0.03642572567,0.005122367672,0
star_co_plus_hi_ctl49,227,4,45,55,-0.06359598559,0.9920206981,0.03642572567,0.005122367672,0
star_co_plus_hi_ctl49,227,5,55,65,0.01337783259,0.9662132523,0.03642572567,0.005122367672,0
star_only,228,0,5,15,-0.06044245769,0.7904144521,0,0,0
star_only,228,1,15,25,-0.03088802885,0.8406431946,0,0,0
star_only,228,2,25,35,0.0345185658,0.9042150752,0,0,0
star_only,228,3,35,45,0.02354711255,0.9984796231,0,0,0
star_only,228,4,45,55,-0.08062021982,0.8840041049,0,0,0
star_only,228,5,55,65,0.04571312877,0.9376634923,0,0,0
co_independent_only,228,0,5,15,-0.05954553834,0.7770716789,0,0.006260671599,0
co_independent_only,228,1,15,25,-0.03522630378,0.8923255771,0,0.006260671599,0
co_independent_only,228,2,25,35,0.03580889062,0.931726178,0,0.006260671599,0
co_independent_only,228,3,35,45,0.028595685,0.9986816763,0,0.006260671599,0
co_independent_only,228,4,45,55,-0.03968244146,0.9343224355,0,0.006260671599,0
co_independent_only,228,5,55,65,-0.09512375183,0.9762370048,0,0.006260671599,0
star_plus_co_independent,228,0,5,15,-0.05969676783,0.7904144521,0,0.006260671599,0
star_plus_co_independent,228,1,15,25,-0.03009913272,0.8406431946,0,0.006260671599,0
star_plus_co_independent,228,2,25,35,0.03567396081,0.9042150752,0,0.006260671599,0
star_plus_co_independent,228,3,35,45,0.0276199385,0.9984796231,0,0.006260671599,0
star_plus_co_independent,228,4,45,55,-0.08111823259,0.8840041049,0,0.006260671599,0
star_plus_co_independent,228,5,55,65,0.04349109612,0.9376634923,0,0.006260671599,0
star_plus_co_correlated_control,228,0,5,15,-0.06121223644,0.7904144521,0,0.02447353443,0
star_plus_co_correlated_control,228,1,15,25,-0.03157490965,0.8406431946,0,0.02447353443,0
star_plus_co_correlated_control,228,2,25,35,0.03609131841,0.9042150752,0,0.02447353443,0
star_plus_co_correlated_control,228,3,35,45,0.02284964995,0.9984796231,0,0.02447353443,0
star_plus_co_correlated_control,228,4,45,55,-0.08159150434,0.8840041049,0,0.02447353443,0
star_plus_co_correlated_control,228,5,55,65,0.0477919189,0.9376634923,0,0.02447353443,0
star_co_plus_hi_ctl01,228,0,5,15,-0.05950695636,0.7904144521,0,0.006260671599,0
star_co_plus_hi_ctl01,228,1,15,25,-0.02999788611,0.8406431946,0,0.006260671599,0
star_co_plus_hi_ctl01,228,2,25,35,0.03490836057,0.9042150752,0,0.006260671599,0
star_co_plus_hi_ctl01,228,3,35,45,0.02816174564,0.9984796231,0,0.006260671599,0
star_co_plus_hi_ctl01,228,4,45,55,-0.0809919584,0.8840041049,0,0.006260671599,0
star_co_plus_hi_ctl01,228,5,55,65,0.04418759534,0.9376634923,0,0.006260671599,0
star_co_plus_hi_ctl10,228,0,5,15,-0.05899533703,0.7904144521,0,0.006260671599,0
star_co_plus_hi_ctl10,228,1,15,25,-0.02972456837,0.8406431946,0,0.006260671599,0
star_co_plus_hi_ctl10,228,2,25,35,0.03284629453,0.9042150752,0,0.006260671599,0
star_co_plus_hi_ctl10,228,3,35,45,0.02950947636,0.9984796231,0,0.006260671599,0
star_co_plus_hi_ctl10,228,4,45,55,-0.08065047094,0.8840041049,0,0.006260671599,0
star_co_plus_hi_ctl10,228,5,55,65,0.04624585558,0.9376634923,0,0.006260671599,0
star_co_plus_hi_ctl49,228,0,5,15,-0.05811881005,0.7904144521,0,0.006260671599,0
star_co_plus_hi_ctl49,228,1,15,25,-0.02883028086,0.8406431946,0,0.006260671599,0
star_co_plus_hi_ctl49,228,2,25,35,0.02931867143,0.9042150752,0,0.006260671599,0
star_co_plus_hi_ctl49,228,3,35,45,0.0317608179,0.9984796231,0,0.006260671599,0
star_co_plus_hi_ctl49,228,4,45,55,-0.07782651567,0.8840041049,0,0.006260671599,0
star_co_plus_hi_ctl49,228,5,55,65,0.05074967112,0.9376634923,0,0.006260671599,0
star_only,229,0,5,15,-0.06052109712,0.8336955179,0,0,0
star_only,229,1,15,25,-0.03687239436,0.9977814475,0,0,0
star_only,229,2,25,35,0.03395146093,0.9990228295,0,0,0
star_only,229,3,35,45,0.01667832438,0.9297578668,0,0,0
star_only,229,4,45,55,-0.06512498329,0.9339625187,0,0,0
star_only,229,5,55,65,-0.1537765495,0.9591689888,0,0,0
co_independent_only,229,0,5,15,-0.05780207484,0.7770716789,0,0,0
co_independent_only,229,1,15,25,-0.03403182996,0.8923255771,0,0,0
co_independent_only,229,2,25,35,0.03450262039,0.931726178,0,0,0
co_independent_only,229,3,35,45,0.02436287161,0.9986816763,0,0,0
co_independent_only,229,4,45,55,-0.04355529579,0.9343224355,0,0,0
co_independent_only,229,5,55,65,-0.0944893929,0.9762370048,0,0,0
star_plus_co_independent,229,0,5,15,-0.05798396398,0.8336955179,0,0,0
star_plus_co_independent,229,1,15,25,-0.03469234973,0.9977814475,0,0,0
star_plus_co_independent,229,2,25,35,0.03416658091,0.9990228295,0,0,0
star_plus_co_independent,229,3,35,45,0.01603211843,0.9297578668,0,0,0
star_plus_co_independent,229,4,45,55,-0.07002151763,0.9339625187,0,0,0
star_plus_co_independent,229,5,55,65,-0.149511924,0.9591689888,0,0,0
star_plus_co_correlated_control,229,0,5,15,-0.05943442904,0.8336955179,0,0,0
star_plus_co_correlated_control,229,1,15,25,-0.03535923437,0.9977814475,0,0,0
star_plus_co_correlated_control,229,2,25,35,0.03174093273,0.9990228295,0,0,0
star_plus_co_correlated_control,229,3,35,45,0.01779370553,0.9297578668,0,0,0
star_plus_co_correlated_control,229,4,45,55,-0.0640792227,0.9339625187,0,0,0
star_plus_co_correlated_control,229,5,55,65,-0.1498115739,0.9591689888,0,0,0
star_co_plus_hi_ctl01,229,0,5,15,-0.05783989604,0.8336955179,0,0,0
star_co_plus_hi_ctl01,229,1,15,25,-0.03429196104,0.9977814475,0,0,0
star_co_plus_hi_ctl01,229,2,25,35,0.03486663349,0.9990228295,0,0,0
star_co_plus_hi_ctl01,229,3,35,45,0.01619363753,0.9297578668,0,0,0
star_co_plus_hi_ctl01,229,4,45,55,-0.07006880664,0.9339625187,0,0,0
star_co_plus_hi_ctl01,229,5,55,65,-0.1487232413,0.9591689888,0,0,0
star_co_plus_hi_ctl10,229,0,5,15,-0.05745175565,0.8336955179,0,0,0
star_co_plus_hi_ctl10,229,1,15,25,-0.03321315746,0.9977814475,0,0,0
star_co_plus_hi_ctl10,229,2,25,35,0.03704557055,0.9990228295,0,0,0
star_co_plus_hi_ctl10,229,3,35,45,0.01663046971,0.9297578668,0,0,0
star_co_plus_hi_ctl10,229,4,45,55,-0.07108015095,0.9339625187,0,0,0
star_co_plus_hi_ctl10,229,5,55,65,-0.1465991044,0.9591689888,0,0,0
star_co_plus_hi_ctl49,229,0,5,15,-0.05678739219,0.8336955179,0,0,0
star_co_plus_hi_ctl49,229,1,15,25,-0.03136628496,0.9977814475,0,0,0
star_co_plus_hi_ctl49,229,2,25,35,0.04084581428,0.9990228295,0,0,0
star_co_plus_hi_ctl49,229,3,35,45,0.01745394885,0.9297578668,0,0,0
star_co_plus_hi_ctl49,229,4,45,55,-0.07175866208,0.9339625187,0,0,0
star_co_plus_hi_ctl49,229,5,55,65,-0.1435571161,0.9591689888,0,0,0
star_only,230,0,5,15,-0.05737571082,0.8092300751,0,0,0
star_only,230,1,15,25,-0.03508116022,0.6882670988,0,0,0
star_only,230,2,25,35,0.03466670402,0.9019191404,0,0,0
star_only,230,3,35,45,0.01928993724,0.9997968267,0,0,0
star_only,230,4,45,55,-0.07147350994,0.9768826995,0,0,0
star_only,230,5,55,65,-0.09287043721,0.9780744015,0,0,0
co_independent_only,230,0,5,15,-0.05938888835,0.7770716789,0,0.002845759818,0
co_independent_only,230,1,15,25,-0.03371844216,0.8923255771,0,0.002845759818,0
co_independent_only,230,2,25,35,0.0343424755,0.931726178,0,0.002845759818,0
co_independent_only,230,3,35,45,0.02105224851,0.9986816763,0,0.002845759818,0
co_independent_only,230,4,45,55,-0.04214321407,0.9343224355,0,0.002845759818,0
co_independent_only,230,5,55,65,-0.1136665322,0.9762370048,0,0.002845759818,0
star_plus_co_independent,230,0,5,15,-0.05676512085,0.8092300751,0,0.002845759818,0
star_plus_co_independent,230,1,15,25,-0.03278331369,0.6882670988,0,0.002845759818,0
star_plus_co_independent,230,2,25,35,0.03423375032,0.9019191404,0,0.002845759818,0
star_plus_co_independent,230,3,35,45,0.01537806426,0.9997968267,0,0.002845759818,0
star_plus_co_independent,230,4,45,55,-0.07249456997,0.9768826995,0,0.002845759818,0
star_plus_co_independent,230,5,55,65,-0.1075019994,0.9780744015,0,0.002845759818,0
star_plus_co_correlated_control,230,0,5,15,-0.05810010316,0.8092300751,0,0.02447353443,0
star_plus_co_correlated_control,230,1,15,25,-0.03587549814,0.6882670988,0,0.02447353443,0
star_plus_co_correlated_control,230,2,25,35,0.03630637106,0.9019191404,0,0.02447353443,0
star_plus_co_correlated_control,230,3,35,45,0.01852670386,0.9997968267,0,0.02447353443,0
star_plus_co_correlated_control,230,4,45,55,-0.07232194071,0.9768826995,0,0.02447353443,0
star_plus_co_correlated_control,230,5,55,65,-0.09439071304,0.9780744015,0,0.02447353443,0
star_co_plus_hi_ctl01,230,0,5,15,-0.05716610173,0.8092300751,0,0.002845759818,0
star_co_plus_hi_ctl01,230,1,15,25,-0.03326153209,0.6882670988,0,0.002845759818,0
star_co_plus_hi_ctl01,230,2,25,35,0.0346871312,0.9019191404,0,0.002845759818,0
star_co_plus_hi_ctl01,230,3,35,45,0.01426761018,0.9997968267,0,0.002845759818,0
star_co_plus_hi_ctl01,230,4,45,55,-0.07289030302,0.9768826995,0,0.002845759818,0
star_co_plus_hi_ctl01,230,5,55,65,-0.1076315159,0.9780744015,0,0.002845759818,0
star_co_plus_hi_ctl10,230,0,5,15,-0.05824714429,0.8092300751,0,0.002845759818,0
star_co_plus_hi_ctl10,230,1,15,25,-0.03454908724,0.6882670988,0,0.002845759818,0
star_co_plus_hi_ctl10,230,2,25,35,0.03591021913,0.9019191404,0,0.002845759818,0
star_co_plus_hi_ctl10,230,3,35,45,0.01127686207,0.9997968267,0,0.002845759818,0
star_co_plus_hi_ctl10,230,4,45,55,-0.07395463619,0.9768826995,0,0.002845759818,0
star_co_plus_hi_ctl10,230,5,55,65,-0.107986427,0.9780744015,0,0.002845759818,0
star_co_plus_hi_ctl49,230,0,5,15,-0.06010003049,0.8092300751,0,0.002845759818,0
star_co_plus_hi_ctl49,230,1,15,25,-0.03669714981,0.6882670988,0,0.002845759818,0
star_co_plus_hi_ctl49,230,2,25,35,0.03812514144,0.9019191404,0,0.002845759818,0
star_co_plus_hi_ctl49,230,3,35,45,0.005829077124,0.9997968267,0,0.002845759818,0
star_co_plus_hi_ctl49,230,4,45,55,-0.07480970352,0.9768826995,0,0.002845759818,0
star_co_plus_hi_ctl49,230,5,55,65,-0.1074631284,0.9780744015,0,0.002845759818,0
star_only,231,0,5,15,-0.06079653558,0.715198064,0.003984063745,0,0
star_only,231,1,15,25,-0.03445931031,0.7758527463,0.003984063745,0,0
star_only,231,2,25,35,0.03469384445,0.844807389,0.003984063745,0,0
star_only,231,3,35,45,0.0388674237,0.9674991285,0.003984063745,0,0
star_only,231,4,45,55,-0.04553331218,0.9999139917,0.003984063745,0,0
star_only,231,5,55,65,-0.1947927928,0.9321352421,0.003984063745,0,0
co_independent_only,231,0,5,15,-0.05839691629,0.7770716789,0,0.001707455891,0
co_independent_only,231,1,15,25,-0.03511618742,0.8923255771,0,0.001707455891,0
co_independent_only,231,2,25,35,0.02857694647,0.931726178,0,0.001707455891,0
co_independent_only,231,3,35,45,0.01942346876,0.9986816763,0,0.001707455891,0
co_independent_only,231,4,45,55,-0.04548982284,0.9343224355,0,0.001707455891,0
co_independent_only,231,5,55,65,-0.09941507063,0.9762370048,0,0.001707455891,0
star_plus_co_independent,231,0,5,15,-0.05885702524,0.715198064,0.003984063745,0.001707455891,0
star_plus_co_independent,231,1,15,25,-0.03379388696,0.7758527463,0.003984063745,0.001707455891,0
star_plus_co_independent,231,2,25,35,0.02847561131,0.844807389,0.003984063745,0.001707455891,0
star_plus_co_independent,231,3,35,45,0.03832859641,0.9674991285,0.003984063745,0.001707455891,0
star_plus_co_independent,231,4,45,55,-0.05135655335,0.9999139917,0.003984063745,0.001707455891,0
star_plus_co_independent,231,5,55,65,-0.2012605278,0.9321352421,0.003984063745,0.001707455891,0
star_plus_co_correlated_control,231,0,5,15,-0.06131096704,0.715198064,0.003984063745,0.01422879909,0
star_plus_co_correlated_control,231,1,15,25,-0.03497630793,0.7758527463,0.003984063745,0.01422879909,0
star_plus_co_correlated_control,231,2,25,35,0.03582983943,0.844807389,0.003984063745,0.01422879909,0
star_plus_co_correlated_control,231,3,35,45,0.03864155035,0.9674991285,0.003984063745,0.01422879909,0
star_plus_co_correlated_control,231,4,45,55,-0.0458681593,0.9999139917,0.003984063745,0.01422879909,0
star_plus_co_correlated_control,231,5,55,65,-0.1976129555,0.9321352421,0.003984063745,0.01422879909,0
star_co_plus_hi_ctl01,231,0,5,15,-0.05882796467,0.715198064,0.003984063745,0.001707455891,0
star_co_plus_hi_ctl01,231,1,15,25,-0.03385526324,0.7758527463,0.003984063745,0.001707455891,0
star_co_plus_hi_ctl01,231,2,25,35,0.02826794816,0.844807389,0.003984063745,0.001707455891,0
star_co_plus_hi_ctl01,231,3,35,45,0.03861935974,0.9674991285,0.003984063745,0.001707455891,0
star_co_plus_hi_ctl01,231,4,45,55,-0.05183961265,0.9999139917,0.003984063745,0.001707455891,0
star_co_plus_hi_ctl01,231,5,55,65,-0.2033415396,0.9321352421,0.003984063745,0.001707455891,0
star_co_plus_hi_ctl10,231,0,5,15,-0.05874969065,0.715198064,0.003984063745,0.001707455891,0
star_co_plus_hi_ctl10,231,1,15,25,-0.03402059343,0.7758527463,0.003984063745,0.001707455891,0
star_co_plus_hi_ctl10,231,2,25,35,0.02770892179,0.844807389,0.003984063745,0.001707455891,0
star_co_plus_hi_ctl10,231,3,35,45,0.03940235901,0.9674991285,0.003984063745,0.001707455891,0
star_co_plus_hi_ctl10,231,4,45,55,-0.05314370852,0.9999139917,0.003984063745,0.001707455891,0
star_co_plus_hi_ctl10,231,5,55,65,-0.2085485057,0.9321352421,0.003984063745,0.001707455891,0
star_co_plus_hi_ctl49,231,0,5,15,-0.05861577818,0.715198064,0.003984063745,0.001707455891,0
star_co_plus_hi_ctl49,231,1,15,25,-0.03382944585,0.7758527463,0.003984063745,0.001707455891,0
star_co_plus_hi_ctl49,231,2,25,35,0.02675357802,0.844807389,0.003984063745,0.001707455891,0
star_co_plus_hi_ctl49,231,3,35,45,0.04074136654,0.9674991285,0.003984063745,0.001707455891,0
star_co_plus_hi_ctl49,231,4,45,55,-0.05538496124,0.9999139917,0.003984063745,0.001707455891,0
star_co_plus_hi_ctl49,231,5,55,65,-0.2174804362,0.9321352421,0.003984063745,0.001707455891,0
star_only,232,0,5,15,-0.05931412613,0.7552018718,0.02561183836,0,0
star_only,232,1,15,25,-0.03972896887,0.6272203178,0.02561183836,0,0
star_only,232,2,25,35,0.03472796575,0.767006095,0.02561183836,0,0
star_only,232,3,35,45,0.03886899394,0.9109712351,0.02561183836,0,0
star_only,232,4,45,55,-0.04201076975,0.9393164538,0.02561183836,0,0
star_only,232,5,55,65,-0.07694159786,0.9939439164,0.02561183836,0,0
co_independent_only,232,0,5,15,-0.06423657006,0.7770716789,0,0.005122367672,0
co_independent_only,232,1,15,25,-0.03501046084,0.8923255771,0,0.005122367672,0
co_independent_only,232,2,25,35,0.03952587152,0.931726178,0,0.005122367672,0
co_independent_only,232,3,35,45,0.02326336432,0.9986816763,0,0.005122367672,0
co_independent_only,232,4,45,55,-0.04487949542,0.9343224355,0,0.005122367672,0
co_independent_only,232,5,55,65,-0.1067479817,0.9762370048,0,0.005122367672,0
star_plus_co_independent,232,0,5,15,-0.06326192017,0.7552018718,0.02561183836,0.005122367672,0
star_plus_co_independent,232,1,15,25,-0.03959636098,0.6272203178,0.02561183836,0.005122367672,0
star_plus_co_independent,232,2,25,35,0.03949077667,0.767006095,0.02561183836,0.005122367672,0
star_plus_co_independent,232,3,35,45,0.03742434491,0.9109712351,0.02561183836,0.005122367672,0
star_plus_co_independent,232,4,45,55,-0.04693194811,0.9393164538,0.02561183836,0.005122367672,0
star_plus_co_independent,232,5,55,65,-0.08492084057,0.9939439164,0.02561183836,0.005122367672,0
star_plus_co_correlated_control,232,0,5,15,-0.05760724024,0.7552018718,0.02561183836,0,0
star_plus_co_correlated_control,232,1,15,25,-0.03711028763,0.6272203178,0.02561183836,0,0
star_plus_co_correlated_control,232,2,25,35,0.03092629378,0.767006095,0.02561183836,0,0
star_plus_co_correlated_control,232,3,35,45,0.03963053144,0.9109712351,0.02561183836,0,0
star_plus_co_correlated_control,232,4,45,55,-0.04101685694,0.9393164538,0.02561183836,0,0
star_plus_co_correlated_control,232,5,55,65,-0.07538400034,0.9939439164,0.02561183836,0,0
star_co_plus_hi_ctl01,232,0,5,15,-0.06325816528,0.7552018718,0.02561183836,0.005122367672,0
star_co_plus_hi_ctl01,232,1,15,25,-0.03964688884,0.6272203178,0.02561183836,0.005122367672,0
star_co_plus_hi_ctl01,232,2,25,35,0.03907847972,0.767006095,0.02561183836,0.005122367672,0
star_co_plus_hi_ctl01,232,3,35,45,0.03692882677,0.9109712351,0.02561183836,0.005122367672,0
star_co_plus_hi_ctl01,232,4,45,55,-0.0471121636,0.9393164538,0.02561183836,0.005122367672,0
star_co_plus_hi_ctl01,232,5,55,65,-0.08399295683,0.9939439164,0.02561183836,0.005122367672,0
star_co_plus_hi_ctl10,232,0,5,15,-0.06324807411,0.7552018718,0.02561183836,0.005122367672,0
star_co_plus_hi_ctl10,232,1,15,25,-0.0397827308,0.6272203178,0.02561183836,0.005122367672,0
star_co_plus_hi_ctl10,232,2,25,35,0.03796935617,0.767006095,0.02561183836,0.005122367672,0
star_co_plus_hi_ctl10,232,3,35,45,0.03573435662,0.9109712351,0.02561183836,0.005122367672,0
star_co_plus_hi_ctl10,232,4,45,55,-0.0476449225,0.9393164538,0.02561183836,0.005122367672,0
star_co_plus_hi_ctl10,232,5,55,65,-0.08161954706,0.9939439164,0.02561183836,0.005122367672,0
star_co_plus_hi_ctl49,232,0,5,15,-0.06323088588,0.7552018718,0.02561183836,0.005122367672,0
star_co_plus_hi_ctl49,232,1,15,25,-0.04001427667,0.6272203178,0.02561183836,0.005122367672,0
star_co_plus_hi_ctl49,232,2,25,35,0.036076534,0.767006095,0.02561183836,0.005122367672,0
star_co_plus_hi_ctl49,232,3,35,45,0.03446752855,0.9109712351,0.02561183836,0.005122367672,0
star_co_plus_hi_ctl49,232,4,45,55,-0.04979656357,0.9393164538,0.02561183836,0.005122367672,0
star_co_plus_hi_ctl49,232,5,55,65,-0.07881488813,0.9939439164,0.02561183836,0.005122367672,0
star_only,233,0,5,15,-0.06071314696,0.7888490577,0,0,0
star_only,233,1,15,25,-0.03452392726,0.9358082183,0,0,0
star_only,233,2,25,35,0.03471049104,0.9255180858,0,0,0
star_only,233,3,35,45,0.03095616318,0.9985658227,0,0,0
star_only,233,4,45,55,-0.03069527374,0.972987898,0,0,0
star_only,233,5,55,65,-0.1518409812,0.9800400587,0,0,0
co_independent_only,233,0,5,15,-0.06097547558,0.7770716789,0,0,0
co_independent_only,233,1,15,25,-0.03790869511,0.8923255771,0,0,0
co_independent_only,233,2,25,35,0.0372233754,0.931726178,0,0,0
co_independent_only,233,3,35,45,0.02361270126,0.9986816763,0,0,0
co_independent_only,233,4,45,55,-0.03963327137,0.9343224355,0,0,0
co_independent_only,233,5,55,65,-0.09988616595,0.9762370048,0,0,0
star_plus_co_independent,233,0,5,15,-0.06143749757,0.7888490577,0,0,0
star_plus_co_independent,233,1,15,25,-0.03610160696,0.9358082183,0,0,0
star_plus_co_independent,233,2,25,35,0.0370253227,0.9255180858,0,0,0
star_plus_co_independent,233,3,35,45,0.02950046146,0.9985658227,0,0,0
star_plus_co_independent,233,4,45,55,-0.03076807042,0.972987898,0,0,0
star_plus_co_independent,233,5,55,65,-0.1508797393,0.9800400587,0,0,0
star_plus_co_correlated_control,233,0,5,15,-0.0623515189,0.7888490577,0,0.0483779169,0
star_plus_co_correlated_control,233,1,15,25,-0.03617819772,0.9358082183,0,0.0483779169,0
star_plus_co_correlated_control,233,2,25,35,0.03777570549,0.9255180858,0,0.0483779169,0
star_plus_co_correlated_control,233,3,35,45,0.02977971565,0.9985658227,0,0.0483779169,0
star_plus_co_correlated_control,233,4,45,55,-0.03136951917,0.972987898,0,0.0483779169,0
star_plus_co_correlated_control,233,5,55,65,-0.1589997642,0.9800400587,0,0.0483779169,0
star_co_plus_hi_ctl01,233,0,5,15,-0.06110329322,0.7888490577,0,0,0
star_co_plus_hi_ctl01,233,1,15,25,-0.03590759362,0.9358082183,0,0,0
star_co_plus_hi_ctl01,233,2,25,35,0.03651233858,0.9255180858,0,0,0
star_co_plus_hi_ctl01,233,3,35,45,0.02952392435,0.9985658227,0,0,0
star_co_plus_hi_ctl01,233,4,45,55,-0.03074702601,0.972987898,0,0,0
star_co_plus_hi_ctl01,233,5,55,65,-0.1501214054,0.9800400587,0,0,0
star_co_plus_hi_ctl10,233,0,5,15,-0.06020393382,0.7888490577,0,0,0
star_co_plus_hi_ctl10,233,1,15,25,-0.03538585268,0.9358082183,0,0,0
star_co_plus_hi_ctl10,233,2,25,35,0.03513299324,0.9255180858,0,0,0
star_co_plus_hi_ctl10,233,3,35,45,0.02958706555,0.9985658227,0,0,0
star_co_plus_hi_ctl10,233,4,45,55,-0.03069075659,0.972987898,0,0,0
star_co_plus_hi_ctl10,233,5,55,65,-0.1480823475,0.9800400587,0,0,0
star_co_plus_hi_ctl49,233,0,5,15,-0.0586680379,0.7888490577,0,0,0
star_co_plus_hi_ctl49,233,1,15,25,-0.03449604742,0.9358082183,0,0,0
star_co_plus_hi_ctl49,233,2,25,35,0.03236546679,0.9255180858,0,0,0
star_co_plus_hi_ctl49,233,3,35,45,0.02969489609,0.9985658227,0,0,0
star_co_plus_hi_ctl49,233,4,45,55,-0.03059588238,0.972987898,0,0,0
star_co_plus_hi_ctl49,233,5,55,65,-0.1446056705,0.9800400587,0,0,0
star_only,234,0,5,15,-0.05676406409,0.7297599435,0,0,0
star_only,234,1,15,25,-0.03702307764,0.5942635504,0,0,0
star_only,234,2,25,35,0.03178927388,0.8703686682,0,0,0
star_only,234,3,35,45,0.01179483526,0.9274773199,0,0,0
star_only,234,4,45,55,-0.08768104679,0.7616733264,0,0,0
star_only,234,5,55,65,-0.02743556952,0.8321522935,0,0,0
co_independent_only,234,0,5,15,-0.06011803803,0.7770716789,0,0,0
co_independent_only,234,1,15,25,-0.03978868173,0.8923255771,0,0,0
co_independent_only,234,2,25,35,0.03163928053,0.931726178,0,0,0
co_independent_only,234,3,35,45,0.02063107746,0.9986816763,0,0,0
co_independent_only,234,4,45,55,-0.04350964971,0.9343224355,0,0,0
co_independent_only,234,5,55,65,-0.1037073163,0.9762370048,0,0,0
star_plus_co_independent,234,0,5,15,-0.0561164931,0.7297599435,0,0,0
star_plus_co_independent,234,1,15,25,-0.0406849058,0.5942635504,0,0,0
star_plus_co_independent,234,2,25,35,0.03008731221,0.8703686682,0,0,0
star_plus_co_independent,234,3,35,45,0.008927588748,0.9274773199,0,0,0
star_plus_co_independent,234,4,45,55,-0.08941159453,0.7616733264,0,0,0
star_plus_co_independent,234,5,55,65,-0.03514260547,0.8321522935,0,0,0
star_plus_co_correlated_control,234,0,5,15,-0.06328699246,0.7297599435,0,0.3380762664,0
star_plus_co_correlated_control,234,1,15,25,-0.0447611785,0.5942635504,0,0.3380762664,0
star_plus_co_correlated_control,234,2,25,35,0.04496241647,0.8703686682,0,0.3380762664,0
star_plus_co_correlated_control,234,3,35,45,0.002654644912,0.9274773199,0,0.3380762664,0
star_plus_co_correlated_control,234,4,45,55,-0.09382825373,0.7616733264,0,0.3380762664,0
star_plus_co_correlated_control,234,5,55,65,-0.02541413344,0.8321522935,0,0.3380762664,0
star_co_plus_hi_ctl01,234,0,5,15,-0.05628144696,0.7297599435,0,0,0
star_co_plus_hi_ctl01,234,1,15,25,-0.04070296243,0.5942635504,0,0,0
star_co_plus_hi_ctl01,234,2,25,35,0.03103843226,0.8703686682,0,0,0
star_co_plus_hi_ctl01,234,3,35,45,0.009636872299,0.9274773199,0,0,0
star_co_plus_hi_ctl01,234,4,45,55,-0.08856149123,0.7616733264,0,0,0
star_co_plus_hi_ctl01,234,5,55,65,-0.03461279872,0.8321522935,0,0,0
star_co_plus_hi_ctl10,234,0,5,15,-0.05672509427,0.7297599435,0,0,0
star_co_plus_hi_ctl10,234,1,15,25,-0.04070828682,0.5942635504,0,0,0
star_co_plus_hi_ctl10,234,2,25,35,0.03359693972,0.8703686682,0,0,0
star_co_plus_hi_ctl10,234,3,35,45,0.01154687903,0.9274773199,0,0,0
star_co_plus_hi_ctl10,234,4,45,55,-0.08627401422,0.7616733264,0,0,0
star_co_plus_hi_ctl10,234,5,55,65,-0.03475590163,0.8321522935,0,0,0
star_co_plus_hi_ctl49,234,0,5,15,-0.05748189382,0.7297599435,0,0,0
star_co_plus_hi_ctl49,234,1,15,25,-0.04063117314,0.5942635504,0,0,0
star_co_plus_hi_ctl49,234,2,25,35,0.03780486698,0.8703686682,0,0,0
star_co_plus_hi_ctl49,234,3,35,45,0.01481313325,0.9274773199,0,0,0
star_co_plus_hi_ctl49,234,4,45,55,-0.08236803969,0.7616733264,0,0,0
star_co_plus_hi_ctl49,234,5,55,65,-0.03694337348,0.8321522935,0,0,0
star_only,235,0,5,15,-0.0606574065,0.7577624422,0,0,0
star_only,235,1,15,25,-0.038400086,0.8829174306,0,0,0
star_only,235,2,25,35,0.03469100725,0.951144839,0,0,0
star_only,235,3,35,45,0.02609709773,0.9996937214,0,0,0
star_only,235,4,45,55,-0.02025397272,0.9887434487,0,0,0
star_only,235,5,55,65,-0.1318183985,0.9409958231,0,0,0
co_independent_only,235,0,5,15,-0.06081896322,0.7770716789,0,0,0
co_independent_only,235,1,15,25,-0.03249144613,0.8923255771,0,0,0
co_independent_only,235,2,25,35,0.03367983867,0.931726178,0,0,0
co_independent_only,235,3,35,45,0.02810147508,0.9986816763,0,0,0
co_independent_only,235,4,45,55,-0.04215705339,0.9343224355,0,0,0
co_independent_only,235,5,55,65,-0.09877924462,0.9762370048,0,0,0
star_plus_co_independent,235,0,5,15,-0.06117231604,0.7577624422,0,0,0
star_plus_co_independent,235,1,15,25,-0.03487518408,0.8829174306,0,0,0
star_plus_co_independent,235,2,25,35,0.03358452891,0.951144839,0,0,0
star_plus_co_independent,235,3,35,45,0.02954181427,0.9996937214,0,0,0
star_plus_co_independent,235,4,45,55,-0.02198134107,0.9887434487,0,0,0
star_plus_co_independent,235,5,55,65,-0.1308947455,0.9409958231,0,0,0
star_plus_co_correlated_control,235,0,5,15,-0.05916244374,0.7577624422,0,0,0
star_plus_co_correlated_control,235,1,15,25,-0.03623862778,0.8829174306,0,0,0
star_plus_co_correlated_control,235,2,25,35,0.03140938298,0.951144839,0,0,0
star_plus_co_correlated_control,235,3,35,45,0.02733995796,0.9996937214,0,0,0
star_plus_co_correlated_control,235,4,45,55,-0.0199383563,0.9887434487,0,0,0
star_plus_co_correlated_control,235,5,55,65,-0.1276999108,0.9409958231,0,0,0
star_co_plus_hi_ctl01,235,0,5,15,-0.06151809006,0.7577624422,0,0,0
star_co_plus_hi_ctl01,235,1,15,25,-0.03495468816,0.8829174306,0,0,0
star_co_plus_hi_ctl01,235,2,25,35,0.03402622828,0.951144839,0,0,0
star_co_plus_hi_ctl01,235,3,35,45,0.02948629553,0.9996937214,0,0,0
star_co_plus_hi_ctl01,235,4,45,55,-0.02152659683,0.9887434487,0,0,0
star_co_plus_hi_ctl01,235,5,55,65,-0.1306418689,0.9409958231,0,0,0
star_co_plus_hi_ctl10,235,0,5,15,-0.06244919187,0.7577624422,0,0,0
star_co_plus_hi_ctl10,235,1,15,25,-0.03516810617,0.8829174306,0,0,0
star_co_plus_hi_ctl10,235,2,25,35,0.03521826656,0.951144839,0,0,0
star_co_plus_hi_ctl10,235,3,35,45,0.02933275291,0.9996937214,0,0,0
star_co_plus_hi_ctl10,235,4,45,55,-0.02030337094,0.9887434487,0,0,0
star_co_plus_hi_ctl10,235,5,55,65,-0.1299633633,0.9409958231,0,0,0
star_co_plus_hi_ctl49,235,0,5,15,-0.06404135002,0.7577624422,0,0,0
star_co_plus_hi_ctl49,235,1,15,25,-0.03553078648,0.8829174306,0,0,0
star_co_plus_hi_ctl49,235,2,25,35,0.03726553942,0.951144839,0,0,0
star_co_plus_hi_ctl49,235,3,35,45,0.02905666975,0.9996937214,0,0,0
star_co_plus_hi_ctl49,235,4,45,55,-0.01870963304,0.9887434487,0,0,0
star_co_plus_hi_ctl49,235,5,55,65,-0.1288113254,0.9409958231,0,0,0
star_only,236,0,5,15,-0.06114077305,0.7197657237,0.0005691519636,0,0
star_only,236,1,15,25,-0.03619860681,0.7922683128,0.0005691519636,0,0
star_only,236,2,25,35,0.03456319697,0.8108023767,0.0005691519636,0,0
star_only,236,3,35,45,0.0340818472,0.9443275665,0.0005691519636,0,0
star_only,236,4,45,55,0.05581720485,0.9988133183,0.0005691519636,0,0
star_only,236,5,55,65,0.06492868472,0.9912619394,0.0005691519636,0,0
co_independent_only,236,0,5,15,-0.0613810715,0.7770716789,0,0.002845759818,0
co_independent_only,236,1,15,25,-0.0370066325,0.8923255771,0,0.002845759818,0
co_independent_only,236,2,25,35,0.03469412952,0.931726178,0,0.002845759818,0
co_independent_only,236,3,35,45,0.01983883693,0.9986816763,0,0.002845759818,0
co_independent_only,236,4,45,55,-0.04196254422,0.9343224355,0,0.002845759818,0
co_independent_only,236,5,55,65,-0.1075172813,0.9762370048,0,0.002845759818,0
star_plus_co_independent,236,0,5,15,-0.06228900547,0.7197657237,0.0005691519636,0.002845759818,0
star_plus_co_independent,236,1,15,25,-0.03707138096,0.7922683128,0.0005691519636,0.002845759818,0
star_plus_co_independent,236,2,25,35,0.03424301776,0.8108023767,0.0005691519636,0.002845759818,0
star_plus_co_independent,236,3,35,45,0.02992683223,0.9443275665,0.0005691519636,0.002845759818,0
star_plus_co_independent,236,4,45,55,0.05067508595,0.9988133183,0.0005691519636,0.002845759818,0
star_plus_co_independent,236,5,55,65,0.06184339964,0.9912619394,0.0005691519636,0.002845759818,0
star_plus_co_correlated_control,236,0,5,15,-0.05875745639,0.7197657237,0.0005691519636,0,0
star_plus_co_correlated_control,236,1,15,25,-0.03297469633,0.7922683128,0.0005691519636,0,0
star_plus_co_correlated_control,236,2,25,35,0.02959719656,0.8108023767,0.0005691519636,0,0
star_plus_co_correlated_control,236,3,35,45,0.03550447001,0.9443275665,0.0005691519636,0,0
star_plus_co_correlated_control,236,4,45,55,0.05329535421,0.9988133183,0.0005691519636,0,0
star_plus_co_correlated_control,236,5,55,65,0.0564396244,0.9912619394,0.0005691519636,0,0
star_co_plus_hi_ctl01,236,0,5,15,-0.06208115352,0.7197657237,0.0005691519636,0.002845759818,0
star_co_plus_hi_ctl01,236,1,15,25,-0.037372213,0.7922683128,0.0005691519636,0.002845759818,0
star_co_plus_hi_ctl01,236,2,25,35,0.03432375231,0.8108023767,0.0005691519636,0.002845759818,0
star_co_plus_hi_ctl01,236,3,35,45,0.02953924954,0.9443275665,0.0005691519636,0.002845759818,0
star_co_plus_hi_ctl01,236,4,45,55,0.05065381797,0.9988133183,0.0005691519636,0.002845759818,0
star_co_plus_hi_ctl01,236,5,55,65,0.06262304674,0.9912619394,0.0005691519636,0.002845759818,0
star_co_plus_hi_ctl10,236,0,5,15,-0.06152253571,0.7197657237,0.0005691519636,0.002845759818,0
star_co_plus_hi_ctl10,236,1,15,25,-0.03774868094,0.7922683128,0.0005691519636,0.002845759818,0
star_co_plus_hi_ctl10,236,2,25,35,0.03454089197,0.8108023767,0.0005691519636,0.002845759818,0
star_co_plus_hi_ctl10,236,3,35,45,0.02849551363,0.9443275665,0.0005691519636,0.002845759818,0
star_co_plus_hi_ctl10,236,4,45,55,0.05059655869,0.9988133183,0.0005691519636,0.002845759818,0
star_co_plus_hi_ctl10,236,5,55,65,0.06472069211,0.9912619394,0.0005691519636,0.002845759818,0
star_co_plus_hi_ctl49,236,0,5,15,-0.06057097186,0.7197657237,0.0005691519636,0.002845759818,0
star_co_plus_hi_ctl49,236,1,15,25,-0.0382611209,0.7922683128,0.0005691519636,0.002845759818,0
star_co_plus_hi_ctl49,236,2,25,35,0.03465419524,0.8108023767,0.0005691519636,0.002845759818,0
star_co_plus_hi_ctl49,236,3,35,45,0.02840057893,0.9443275665,0.0005691519636,0.002845759818,0
star_co_plus_hi_ctl49,236,4,45,55,0.05049868497,0.9988133183,0.0005691519636,0.002845759818,0
star_co_plus_hi_ctl49,236,5,55,65,0.0668256192,0.9912619394,0.0005691519636,0.002845759818,0
star_only,237,0,5,15,-0.06110723326,0.7798944523,0.001138303927,0,0
star_only,237,1,15,25,-0.03508262762,0.9671397965,0.001138303927,0,0
star_only,237,2,25,35,0.03426825432,0.9760712673,0.001138303927,0,0
star_only,237,3,35,45,0.02457837847,0.9897017734,0.001138303927,0,0
star_only,237,4,45,55,-0.07799444131,0.9547955124,0.001138303927,0,0
star_only,237,5,55,65,-0.1889447464,0.9904034158,0.001138303927,0,0
co_independent_only,237,0,5,15,-0.06145845236,0.7770716789,0,0.004553215709,0
co_independent_only,237,1,15,25,-0.03881591822,0.8923255771,0,0.004553215709,0
co_independent_only,237,2,25,35,0.03960865778,0.931726178,0,0.004553215709,0
co_independent_only,237,3,35,45,0.01880753618,0.9986816763,0,0.004553215709,0
co_independent_only,237,4,45,55,-0.04316314525,0.9343224355,0,0.004553215709,0
co_independent_only,237,5,55,65,-0.1063808797,0.9762370048,0,0.004553215709,0
star_plus_co_independent,237,0,5,15,-0.06236384029,0.7798944523,0.001138303927,0.004553215709,0
star_plus_co_independent,237,1,15,25,-0.03761300043,0.9671397965,0.001138303927,0.004553215709,0
star_plus_co_independent,237,2,25,35,0.03818238505,0.9760712673,0.001138303927,0.004553215709,0
star_plus_co_independent,237,3,35,45,0.01878354127,0.9897017734,0.001138303927,0.004553215709,0
star_plus_co_independent,237,4,45,55,-0.07779428342,0.9547955124,0.001138303927,0.004553215709,0
star_plus_co_independent,237,5,55,65,-0.1922782506,0.9904034158,0.001138303927,0.004553215709,0
star_plus_co_correlated_control,237,0,5,15,-0.06596885345,0.7798944523,0.001138303927,0.1861126921,0
star_plus_co_correlated_control,237,1,15,25,-0.04004869429,0.9671397965,0.001138303927,0.1861126921,0
star_plus_co_correlated_control,237,2,25,35,0.04219571259,0.9760712673,0.001138303927,0.1861126921,0
star_plus_co_correlated_control,237,3,35,45,0.02079698279,0.9897017734,0.001138303927,0.1861126921,0
star_plus_co_correlated_control,237,4,45,55,-0.08258581033,0.9547955124,0.001138303927,0.1861126921,0
star_plus_co_correlated_control,237,5,55,65,-0.215549783,0.9904034158,0.001138303927,0.1861126921,0
star_co_plus_hi_ctl01,237,0,5,15,-0.06268033666,0.7798944523,0.001138303927,0.004553215709,0
star_co_plus_hi_ctl01,237,1,15,25,-0.03755222547,0.9671397965,0.001138303927,0.004553215709,0
star_co_plus_hi_ctl01,237,2,25,35,0.03871430093,0.9760712673,0.001138303927,0.004553215709,0
star_co_plus_hi_ctl01,237,3,35,45,0.0192634948,0.9897017734,0.001138303927,0.004553215709,0
star_co_plus_hi_ctl01,237,4,45,55,-0.07721860639,0.9547955124,0.001138303927,0.004553215709,0
star_co_plus_hi_ctl01,237,5,55,65,-0.1922732561,0.9904034158,0.001138303927,0.004553215709,0
star_co_plus_hi_ctl10,237,0,5,15,-0.0635308346,0.7798944523,0.001138303927,0.004553215709,0
star_co_plus_hi_ctl10,237,1,15,25,-0.03738850976,0.9671397965,0.001138303927,0.004553215709,0
star_co_plus_hi_ctl10,237,2,25,35,0.04014611529,0.9760712673,0.001138303927,0.004553215709,0
star_co_plus_hi_ctl10,237,3,35,45,0.02055677405,0.9897017734,0.001138303927,0.004553215709,0
star_co_plus_hi_ctl10,237,4,45,55,-0.07566815836,0.9547955124,0.001138303927,0.004553215709,0
star_co_plus_hi_ctl10,237,5,55,65,-0.1922593162,0.9904034158,0.001138303927,0.004553215709,0
star_co_plus_hi_ctl49,237,0,5,15,-0.06497922538,0.7798944523,0.001138303927,0.004553215709,0
star_co_plus_hi_ctl49,237,1,15,25,-0.03710835992,0.9671397965,0.001138303927,0.004553215709,0
star_co_plus_hi_ctl49,237,2,25,35,0.04273834959,0.9760712673,0.001138303927,0.004553215709,0
star_co_plus_hi_ctl49,237,3,35,45,0.02277116025,0.9897017734,0.001138303927,0.004553215709,0
star_co_plus_hi_ctl49,237,4,45,55,-0.07301604469,0.9547955124,0.001138303927,0.004553215709,0
star_co_plus_hi_ctl49,237,5,55,65,-0.1908432441,0.9904034158,0.001138303927,0.004553215709,0
star_only,238,0,5,15,-0.06113677291,0.7046336266,0.01309049516,0,0
star_only,238,1,15,25,-0.03034742423,0.7736639323,0.01309049516,0,0
star_only,238,2,25,35,0.03469534715,0.851781946,0.01309049516,0,0
star_only,238,3,35,45,0.01304859919,0.9215182637,0.01309049516,0,0
star_only,238,4,45,55,-0.0785376111,0.9997843981,0.01309049516,0,0
star_only,238,5,55,65,-0.1044076274,0.9990155212,0.01309049516,0,0
co_independent_only,238,0,5,15,-0.06247728516,0.7770716789,0,0.004553215709,0
co_independent_only,238,1,15,25,-0.0392129327,0.8923255771,0,0.004553215709,0
co_independent_only,238,2,25,35,0.03138355134,0.931726178,0,0.004553215709,0
co_independent_only,238,3,35,45,0.02757831186,0.9986816763,0,0.004553215709,0
co_independent_only,238,4,45,55,-0.04102271197,0.9343224355,0,0.004553215709,0
co_independent_only,238,5,55,65,-0.0924806897,0.9762370048,0,0.004553215709,0
star_plus_co_independent,238,0,5,15,-0.06371718646,0.7046336266,0.01309049516,0.004553215709,0
star_plus_co_independent,238,1,15,25,-0.03300465373,0.7736639323,0.01309049516,0.004553215709,0
star_plus_co_independent,238,2,25,35,0.03144002382,0.851781946,0.01309049516,0.004553215709,0
star_plus_co_independent,238,3,35,45,0.01612928024,0.9215182637,0.01309049516,0.004553215709,0
star_plus_co_independent,238,4,45,55,-0.08124505596,0.9997843981,0.01309049516,0.004553215709,0
star_plus_co_independent,238,5,55,65,-0.09761380284,0.9990155212,0.01309049516,0.004553215709,0
star_plus_co_correlated_control,238,0,5,15,-0.06196827185,0.7046336266,0.01309049516,0.0250426864,0
star_plus_co_correlated_control,238,1,15,25,-0.03106296446,0.7736639323,0.01309049516,0.0250426864,0
star_plus_co_correlated_control,238,2,25,35,0.03641712513,0.851781946,0.01309049516,0.0250426864,0
star_plus_co_correlated_control,238,3,35,45,0.01214890326,0.9215182637,0.01309049516,0.0250426864,0
star_plus_co_correlated_control,238,4,45,55,-0.07954164565,0.9997843981,0.01309049516,0.0250426864,0
star_plus_co_correlated_control,238,5,55,65,-0.1063555573,0.9990155212,0.01309049516,0.0250426864,0
star_co_plus_hi_ctl01,238,0,5,15,-0.06376332695,0.7046336266,0.01309049516,0.004553215709,0
star_co_plus_hi_ctl01,238,1,15,25,-0.03294952171,0.7736639323,0.01309049516,0.004553215709,0
star_co_plus_hi_ctl01,238,2,25,35,0.03158798695,0.851781946,0.01309049516,0.004553215709,0
star_co_plus_hi_ctl01,238,3,35,45,0.01635230396,0.9215182637,0.01309049516,0.004553215709,0
star_co_plus_hi_ctl01,238,4,45,55,-0.08214765355,0.9997843981,0.01309049516,0.004553215709,0
star_co_plus_hi_ctl01,238,5,55,65,-0.09861447088,0.9990155212,0.01309049516,0.004553215709,0
star_co_plus_hi_ctl10,238,0,5,15,-0.06388771616,0.7046336266,0.01309049516,0.004553215709,0
star_co_plus_hi_ctl10,238,1,15,25,-0.03280090965,0.7736639323,0.01309049516,0.004553215709,0
star_co_plus_hi_ctl10,238,2,25,35,0.03199044578,0.851781946,0.01309049516,0.004553215709,0
star_co_plus_hi_ctl10,238,3,35,45,0.0164998945,0.9215182637,0.01309049516,0.004553215709,0
star_co_plus_hi_ctl10,238,4,45,55,-0.0846273311,0.9997843981,0.01309049516,0.004553215709,0
star_co_plus_hi_ctl10,238,5,55,65,-0.1020048303,0.9990155212,0.01309049516,0.004553215709,0
star_co_plus_hi_ctl49,238,0,5,15,-0.06410089852,0.7046336266,0.01309049516,0.004553215709,0
star_co_plus_hi_ctl49,238,1,15,25,-0.0325462717,0.7736639323,0.01309049516,0.004553215709,0
star_co_plus_hi_ctl49,238,2,25,35,0.03269278413,0.851781946,0.01309049516,0.004553215709,0
star_co_plus_hi_ctl49,238,3,35,45,0.0164385357,0.9215182637,0.01309049516,0.004553215709,0
star_co_plus_hi_ctl49,238,4,45,55,-0.08978666328,0.9997843981,0.01309049516,0.004553215709,0
star_co_plus_hi_ctl49,238,5,55,65,-0.1074917814,0.9990155212,0.01309049516,0.004553215709,0
star_only,239,0,5,15,-0.05655157149,0.7317270828,0,0,0
star_only,239,1,15,25,-0.03751383839,0.5256706551,0,0,0
star_only,239,2,25,35,0.0310179802,0.8862551397,0,0,0
star_only,239,3,35,45,-0.03034126841,0.9858227789,0,0,0
star_only,239,4,45,55,-0.1051480302,0.9995893263,0,0,0
star_only,239,5,55,65,-0.1161129246,0.9627782514,0,0,0
co_independent_only,239,0,5,15,-0.06005625808,0.7770716789,0,0.002845759818,0
co_independent_only,239,1,15,25,-0.03691602229,0.8923255771,0,0.002845759818,0
co_independent_only,239,2,25,35,0.0302102769,0.931726178,0,0.002845759818,0
co_independent_only,239,3,35,45,0.02258209752,0.9986816763,0,0.002845759818,0
co_independent_only,239,4,45,55,-0.04671927943,0.9343224355,0,0.002845759818,0
co_independent_only,239,5,55,65,-0.1053074337,0.9762370048,0,0.002845759818,0
star_plus_co_independent,239,0,5,15,-0.05603736255,0.7317270828,0,0.002845759818,0
star_plus_co_independent,239,1,15,25,-0.03833169944,0.5256706551,0,0.002845759818,0
star_plus_co_independent,239,2,25,35,0.02769814286,0.8862551397,0,0.002845759818,0
star_plus_co_independent,239,3,35,45,-0.02538108791,0.9858227789,0,0.002845759818,0
star_plus_co_independent,239,4,45,55,-0.111261185,0.9995893263,0,0.002845759818,0
star_plus_co_independent,239,5,55,65,-0.1220596475,0.9627782514,0,0.002845759818,0
star_plus_co_correlated_control,239,0,5,15,-0.05907783698,0.7317270828,0,0.07683551508,0
star_plus_co_correlated_control,239,1,15,25,-0.04056105303,0.5256706551,0,0.07683551508,0
star_plus_co_correlated_control,239,2,25,35,0.03614766257,0.8862551397,0,0.07683551508,0
star_plus_co_correlated_control,239,3,35,45,-0.03374175773,0.9858227789,0,0.07683551508,0
star_plus_co_correlated_control,239,4,45,55,-0.1098819843,0.9995893263,0,0.07683551508,0
star_plus_co_correlated_control,239,5,55,65,-0.1246664996,0.9627782514,0,0.07683551508,0
star_co_plus_hi_ctl01,239,0,5,15,-0.05616511828,0.7317270828,0,0.002845759818,0
star_co_plus_hi_ctl01,239,1,15,25,-0.03836562644,0.5256706551,0,0.002845759818,0
star_co_plus_hi_ctl01,239,2,25,35,0.02800361012,0.8862551397,0,0.002845759818,0
star_co_plus_hi_ctl01,239,3,35,45,-0.02542761211,0.9858227789,0,0.002845759818,0
star_co_plus_hi_ctl01,239,4,45,55,-0.1106548916,0.9995893263,0,0.002845759818,0
star_co_plus_hi_ctl01,239,5,55,65,-0.1213188843,0.9627782514,0,0.002845759818,0
star_co_plus_hi_ctl10,239,0,5,15,-0.05651040321,0.7317270828,0,0.002845759818,0
star_co_plus_hi_ctl10,239,1,15,25,-0.03830178975,0.5256706551,0,0.002845759818,0
star_co_plus_hi_ctl10,239,2,25,35,0.02876983991,0.8862551397,0,0.002845759818,0
star_co_plus_hi_ctl10,239,3,35,45,-0.02555301847,0.9858227789,0,0.002845759818,0
star_co_plus_hi_ctl10,239,4,45,55,-0.1090219002,0.9995893263,0,0.002845759818,0
star_co_plus_hi_ctl10,239,5,55,65,-0.1203401933,0.9627782514,0,0.002845759818,0
star_co_plus_hi_ctl49,239,0,5,15,-0.05710513555,0.7317270828,0,0.002845759818,0
star_co_plus_hi_ctl49,239,1,15,25,-0.03819189532,0.5256706551,0,0.002845759818,0
star_co_plus_hi_ctl49,239,2,25,35,0.03008837436,0.8862551397,0,0.002845759818,0
star_co_plus_hi_ctl49,239,3,35,45,-0.02576788523,0.9858227789,0,0.002845759818,0
star_co_plus_hi_ctl49,239,4,45,55,-0.1073027341,0.9995893263,0,0.002845759818,0
star_co_plus_hi_ctl49,239,5,55,65,-0.1214572427,0.9627782514,0,0.002845759818,0
star_only,240,0,5,15,-0.05545909479,0.892586402,0,0,0
star_only,240,1,15,25,-0.04318694628,0.9355498737,0,0,0
star_only,240,2,25,35,0.03437887852,0.9776253691,0,0,0
star_only,240,3,35,45,0.04515491197,0.5998583904,0,0,0
star_only,240,4,45,55,-0.07229620903,0.7031613682,0,0,0
star_only,240,5,55,65,-0.02569404228,0.9134308774,0,0,0
co_independent_only,240,0,5,15,-0.05666585516,0.7770716789,0,0,0
co_independent_only,240,1,15,25,-0.03265429244,0.8923255771,0,0,0
co_independent_only,240,2,25,35,0.02989374192,0.931726178,0,0,0
co_independent_only,240,3,35,45,0.02877810168,0.9986816763,0,0,0
co_independent_only,240,4,45,55,-0.04198572455,0.9343224355,0,0,0
co_independent_only,240,5,55,65,-0.09277731146,0.9762370048,0,0,0
star_plus_co_independent,240,0,5,15,-0.05233149464,0.892586402,0,0,0
star_plus_co_independent,240,1,15,25,-0.03815624741,0.9355498737,0,0,0
star_plus_co_independent,240,2,25,35,0.03077094839,0.9776253691,0,0,0
star_plus_co_independent,240,3,35,45,0.05521351538,0.5998583904,0,0,0
star_plus_co_independent,240,4,45,55,-0.07779904965,0.7031613682,0,0,0
star_plus_co_independent,240,5,55,65,-0.01834365753,0.9134308774,0,0,0
star_plus_co_correlated_control,240,0,5,15,-0.0544193038,0.892586402,0,0,0
star_plus_co_correlated_control,240,1,15,25,-0.04133893583,0.9355498737,0,0,0
star_plus_co_correlated_control,240,2,25,35,0.03197811665,0.9776253691,0,0,0
star_plus_co_correlated_control,240,3,35,45,0.04527478119,0.5998583904,0,0,0
star_plus_co_correlated_control,240,4,45,55,-0.07105613757,0.7031613682,0,0,0
star_plus_co_correlated_control,240,5,55,65,-0.0264040562,0.9134308774,0,0,0
star_co_plus_hi_ctl01,240,0,5,15,-0.05240040856,0.892586402,0,0,0
star_co_plus_hi_ctl01,240,1,15,25,-0.03853269395,0.9355498737,0,0,0
star_co_plus_hi_ctl01,240,2,25,35,0.03047337966,0.9776253691,0,0,0
star_co_plus_hi_ctl01,240,3,35,45,0.05478254832,0.5998583904,0,0,0
star_co_plus_hi_ctl01,240,4,45,55,-0.07819472913,0.7031613682,0,0,0
star_co_plus_hi_ctl01,240,5,55,65,-0.01795859887,0.9134308774,0,0,0
star_co_plus_hi_ctl10,240,0,5,15,-0.05258607646,0.892586402,0,0,0
star_co_plus_hi_ctl10,240,1,15,25,-0.03954710748,0.9355498737,0,0,0
star_co_plus_hi_ctl10,240,2,25,35,0.02972094101,0.9776253691,0,0,0
star_co_plus_hi_ctl10,240,3,35,45,0.05362673224,0.5998583904,0,0,0
star_co_plus_hi_ctl10,240,4,45,55,-0.07926095831,0.7031613682,0,0,0
star_co_plus_hi_ctl10,240,5,55,65,-0.01789649205,0.9134308774,0,0,0
star_co_plus_hi_ctl49,240,0,5,15,-0.05290388837,0.892586402,0,0,0
star_co_plus_hi_ctl49,240,1,15,25,-0.04128415185,0.9355498737,0,0,0
star_co_plus_hi_ctl49,240,2,25,35,0.02853189176,0.9776253691,0,0,0
star_co_plus_hi_ctl49,240,3,35,45,0.05348425749,0.5998583904,0,0,0
star_co_plus_hi_ctl49,240,4,45,55,-0.08341979803,0.7031613682,0,0,0
star_co_plus_hi_ctl49,240,5,55,65,-0.01808510606,0.9134308774,0,0,0
star_only,241,0,5,15,-0.05902697999,0.783042228,0,0,0
star_only,241,1,15,25,-0.02873921103,0.7380404343,0,0,0
star_only,241,2,25,35,0.03428912188,0.8892157193,0,0,0
star_only,241,3,35,45,0.004504172855,0.9994712504,0,0,0
star_only,241,4,45,55,-0.1233282937,0.991532206,0,0,0
star_only,241,5,55,65,-0.1488605771,0.9735228169,0,0,0
co_independent_only,241,0,5,15,-0.06160285554,0.7770716789,0,0.005691519636,0
co_independent_only,241,1,15,25,-0.03525742506,0.8923255771,0,0.005691519636,0
co_independent_only,241,2,25,35,0.03130963855,0.931726178,0,0.005691519636,0
co_independent_only,241,3,35,45,0.03160402905,0.9986816763,0,0.005691519636,0
co_independent_only,241,4,45,55,-0.03784129646,0.9343224355,0,0.005691519636,0
co_independent_only,241,5,55,65,-0.102179981,0.9762370048,0,0.005691519636,0
star_plus_co_independent,241,0,5,15,-0.06024251878,0.783042228,0,0.005691519636,0
star_plus_co_independent,241,1,15,25,-0.02735480713,0.7380404343,0,0.005691519636,0
star_plus_co_independent,241,2,25,35,0.03050689371,0.8892157193,0,0.005691519636,0
star_plus_co_independent,241,3,35,45,0.00994876835,0.9994712504,0,0.005691519636,0
star_plus_co_independent,241,4,45,55,-0.1233023729,0.991532206,0,0.005691519636,0
star_plus_co_independent,241,5,55,65,-0.1522104131,0.9735228169,0,0.005691519636,0
star_plus_co_correlated_control,241,0,5,15,-0.05521522891,0.783042228,0,0,0
star_plus_co_correlated_control,241,1,15,25,-0.02393032196,0.7380404343,0,0,0
star_plus_co_correlated_control,241,2,25,35,0.02563256898,0.8892157193,0,0,0
star_plus_co_correlated_control,241,3,35,45,0.007947133238,0.9994712504,0,0,0
star_plus_co_correlated_control,241,4,45,55,-0.1176079696,0.991532206,0,0,0
star_plus_co_correlated_control,241,5,55,65,-0.1368774877,0.9735228169,0,0,0
star_co_plus_hi_ctl01,241,0,5,15,-0.0602072845,0.783042228,0,0.005691519636,0
star_co_plus_hi_ctl01,241,1,15,25,-0.02711399266,0.7380404343,0,0.005691519636,0
star_co_plus_hi_ctl01,241,2,25,35,0.03083281774,0.8892157193,0,0.005691519636,0
star_co_plus_hi_ctl01,241,3,35,45,0.01076027303,0.9994712504,0,0.005691519636,0
star_co_plus_hi_ctl01,241,4,45,55,-0.1226975106,0.991532206,0,0.005691519636,0
star_co_plus_hi_ctl01,241,5,55,65,-0.1520313365,0.9735228169,0,0.005691519636,0
star_co_plus_hi_ctl10,241,0,5,15,-0.06011245875,0.783042228,0,0.005691519636,0
star_co_plus_hi_ctl10,241,1,15,25,-0.0264655914,0.7380404343,0,0.005691519636,0
star_co_plus_hi_ctl10,241,2,25,35,0.03171127964,0.8892157193,0,0.005691519636,0
star_co_plus_hi_ctl10,241,3,35,45,0.01294586105,0.9994712504,0,0.005691519636,0
star_co_plus_hi_ctl10,241,4,45,55,-0.121067842,0.991532206,0,0.005691519636,0
star_co_plus_hi_ctl10,241,5,55,65,-0.1515485059,0.9735228169,0,0.005691519636,0
star_co_plus_hi_ctl49,241,0,5,15,-0.05995048953,0.783042228,0,0.005691519636,0
star_co_plus_hi_ctl49,241,1,15,25,-0.02535706449,0.7380404343,0,0.005691519636,0
star_co_plus_hi_ctl49,241,2,25,35,0.03321617414,0.8892157193,0,0.005691519636,0
star_co_plus_hi_ctl49,241,3,35,45,0.01668440331,0.9994712504,0,0.005691519636,0
star_co_plus_hi_ctl49,241,4,45,55,-0.1189974513,0.991532206,0,0.005691519636,0
star_co_plus_hi_ctl49,241,5,55,65,-0.1517326409,0.9735228169,0,0.005691519636,0
star_only,242,0,5,15,-0.06112082651,0.7751908056,0,0,0
star_only,242,1,15,25,-0.03192728828,0.932805699,0,0,0
star_only,242,2,25,35,0.03428656052,0.9135180008,0,0,0
star_only,242,3,35,45,0.01333000787,0.9999528991,0,0,0
star_only,242,4,45,55,-0.09568671835,0.9616762213,0,0,0
star_only,242,5,55,65,-0.168279907,0.954538026,0,0,0
co_independent_only,242,0,5,15,-0.05735059456,0.7770716789,0,0,0
co_independent_only,242,1,15,25,-0.03099078985,0.8923255771,0,0,0
co_independent_only,242,2,25,35,0.02951373077,0.931726178,0,0,0
co_independent_only,242,3,35,45,0.0237057349,0.9986816763,0,0,0
co_independent_only,242,4,45,55,-0.04160847964,0.9343224355,0,0,0
co_independent_only,242,5,55,65,-0.09345317426,0.9762370048,0,0,0
star_plus_co_independent,242,0,5,15,-0.05806248325,0.7751908056,0,0,0
star_plus_co_independent,242,1,15,25,-0.02752095946,0.932805699,0,0,0
star_plus_co_independent,242,2,25,35,0.02955050118,0.9135180008,0,0,0
star_plus_co_independent,242,3,35,45,0.009975399211,0.9999528991,0,0,0
star_plus_co_independent,242,4,45,55,-0.09845695203,0.9616762213,0,0,0
star_plus_co_independent,242,5,55,65,-0.163509941,0.954538026,0,0,0
star_plus_co_correlated_control,242,0,5,15,-0.05591393519,0.7751908056,0,0,0
star_plus_co_correlated_control,242,1,15,25,-0.02502365533,0.932805699,0,0,0
star_plus_co_correlated_control,242,2,25,35,0.02379847595,0.9135180008,0,0,0
star_plus_co_correlated_control,242,3,35,45,0.01660136251,0.9999528991,0,0,0
star_plus_co_correlated_control,242,4,45,55,-0.09018859434,0.9616762213,0,0,0
star_plus_co_correlated_control,242,5,55,65,-0.1496925909,0.954538026,0,0,0
star_co_plus_hi_ctl01,242,0,5,15,-0.05813501449,0.7751908056,0,0,0
star_co_plus_hi_ctl01,242,1,15,25,-0.02758431231,0.932805699,0,0,0
star_co_plus_hi_ctl01,242,2,25,35,0.02982493712,0.9135180008,0,0,0
star_co_plus_hi_ctl01,242,3,35,45,0.009573841035,0.9999528991,0,0,0
star_co_plus_hi_ctl01,242,4,45,55,-0.09822234824,0.9616762213,0,0,0
star_co_plus_hi_ctl01,242,5,55,65,-0.1636002875,0.954538026,0,0,0
star_co_plus_hi_ctl10,242,0,5,15,-0.05833018089,0.7751908056,0,0,0
star_co_plus_hi_ctl10,242,1,15,25,-0.02775491911,0.932805699,0,0,0
star_co_plus_hi_ctl10,242,2,25,35,0.03023208745,0.9135180008,0,0,0
star_co_plus_hi_ctl10,242,3,35,45,0.008492215955,0.9999528991,0,0,0
star_co_plus_hi_ctl10,242,4,45,55,-0.09756092368,0.9616762213,0,0,0
star_co_plus_hi_ctl10,242,5,55,65,-0.1640851643,0.954538026,0,0,0
star_co_plus_hi_ctl49,242,0,5,15,-0.05866341679,0.7751908056,0,0,0
star_co_plus_hi_ctl49,242,1,15,25,-0.02804668474,0.932805699,0,0,0
star_co_plus_hi_ctl49,242,2,25,35,0.03054287288,0.9135180008,0,0,0
star_co_plus_hi_ctl49,242,3,35,45,0.006641629067,0.9999528991,0,0,0
star_co_plus_hi_ctl49,242,4,45,55,-0.09643225397,0.9616762213,0,0,0
star_co_plus_hi_ctl49,242,5,55,65,-0.1656921498,0.954538026,0,0,0
star_only,243,0,5,15,-0.05860275414,0.8076186758,0,0,0
star_only,243,1,15,25,-0.04225574783,0.8401552913,0,0,0
star_only,243,2,25,35,0.03400793475,0.9340511105,0,0,0
star_only,243,3,35,45,0.03745271236,0.9898869013,0,0,0
star_only,243,4,45,55,0.04804468233,0.9026707652,0,0,0
star_only,243,5,55,65,-0.004854613307,0.9508936927,0,0,0
co_independent_only,243,0,5,15,-0.06001908891,0.7770716789,0,0,0
co_independent_only,243,1,15,25,-0.03402661769,0.8923255771,0,0,0
co_independent_only,243,2,25,35,0.03392699638,0.931726178,0,0,0
co_independent_only,243,3,35,45,0.02465251276,0.9986816763,0,0,0
co_independent_only,243,4,45,55,-0.05124537186,0.9343224355,0,0,0
co_independent_only,243,5,55,65,-0.1089812275,0.9762370048,0,0,0
star_plus_co_independent,243,0,5,15,-0.05835224565,0.8076186758,0,0,0
star_plus_co_independent,243,1,15,25,-0.03981466754,0.8401552913,0,0,0
star_plus_co_independent,243,2,25,35,0.0336598454,0.9340511105,0,0,0
star_plus_co_independent,243,3,35,45,0.03698045033,0.9898869013,0,0,0
star_plus_co_independent,243,4,45,55,0.03803392511,0.9026707652,0,0,0
star_plus_co_independent,243,5,55,65,-0.01741741738,0.9508936927,0,0,0
star_plus_co_correlated_control,243,0,5,15,-0.0565729323,0.8076186758,0,0,0
star_plus_co_correlated_control,243,1,15,25,-0.03890997683,0.8401552913,0,0,0
star_plus_co_correlated_control,243,2,25,35,0.02931470251,0.9340511105,0,0,0
star_plus_co_correlated_control,243,3,35,45,0.03848706861,0.9898869013,0,0,0
star_plus_co_correlated_control,243,4,45,55,0.04608936382,0.9026707652,0,0,0
star_plus_co_correlated_control,243,5,55,65,-0.007926422475,0.9508936927,0,0,0
star_co_plus_hi_ctl01,243,0,5,15,-0.0586047149,0.8076186758,0,0,0
star_co_plus_hi_ctl01,243,1,15,25,-0.04065377814,0.8401552913,0,0,0
star_co_plus_hi_ctl01,243,2,25,35,0.03422408745,0.9340511105,0,0,0
star_co_plus_hi_ctl01,243,3,35,45,0.03562536832,0.9898869013,0,0,0
star_co_plus_hi_ctl01,243,4,45,55,0.03781132717,0.9026707652,0,0,0
star_co_plus_hi_ctl01,243,5,55,65,-0.01695264793,0.9508936927,0,0,0
star_co_plus_hi_ctl10,243,0,5,15,-0.05928497821,0.8076186758,0,0,0
star_co_plus_hi_ctl10,243,1,15,25,-0.04291275597,0.8401552913,0,0,0
star_co_plus_hi_ctl10,243,2,25,35,0.03542214757,0.9340511105,0,0,0
star_co_plus_hi_ctl10,243,3,35,45,0.03198511178,0.9898869013,0,0,0
star_co_plus_hi_ctl10,243,4,45,55,0.03721390356,0.9026707652,0,0,0
star_co_plus_hi_ctl10,243,5,55,65,-0.01555604036,0.9508936927,0,0,0
star_co_plus_hi_ctl49,243,0,5,15,-0.06044960527,0.8076186758,0,0,0
star_co_plus_hi_ctl49,243,1,15,25,-0.04677359383,0.8401552913,0,0,0
star_co_plus_hi_ctl49,243,2,25,35,0.03714419552,0.9340511105,0,0,0
star_co_plus_hi_ctl49,243,3,35,45,0.02578956443,0.9898869013,0,0,0
star_co_plus_hi_ctl49,243,4,45,55,0.0361989989,0.9026707652,0,0,0
star_co_plus_hi_ctl49,243,5,55,65,-0.01266809662,0.9508936927,0,0,0
star_only,244,0,5,15,-0.06073455951,0.6936869804,0,0,0
star_only,244,1,15,25,-0.03981960246,0.6400728616,0,0,0
star_only,244,2,25,35,0.03453956715,0.7112907312,0,0,0
star_only,244,3,35,45,0.0423758579,0.9981114857,0,0,0
star_only,244,4,45,55,0.01134400075,0.9983079712,0,0,0
star_only,244,5,55,65,-0.208574741,0.9231565843,0,0,0
co_independent_only,244,0,5,15,-0.05984532833,0.7770716789,0,0.01081388731,0
co_independent_only,244,1,15,25,-0.03491145666,0.8923255771,0,0.01081388731,0
co_independent_only,244,2,25,35,0.03810657033,0.931726178,0,0.01081388731,0
co_independent_only,244,3,35,45,0.02350403573,0.9986816763,0,0.01081388731,0
co_independent_only,244,4,45,55,-0.04005746098,0.9343224355,0,0.01081388731,0
co_independent_only,244,5,55,65,-0.1058101094,0.9762370048,0,0.01081388731,0
star_plus_co_independent,244,0,5,15,-0.06021194133,0.6936869804,0,0.01081388731,0
star_plus_co_independent,244,1,15,25,-0.0385984953,0.6400728616,0,0.01081388731,0
star_plus_co_independent,244,2,25,35,0.0378418677,0.7112907312,0,0.01081388731,0
star_plus_co_independent,244,3,35,45,0.04065943568,0.9981114857,0,0.01081388731,0
star_plus_co_independent,244,4,45,55,0.008677794996,0.9983079712,0,0.01081388731,0
star_plus_co_independent,244,5,55,65,-0.210626615,0.9231565843,0,0.01081388731,0
star_plus_co_correlated_control,244,0,5,15,-0.05901857302,0.6936869804,0,0,0
star_plus_co_correlated_control,244,1,15,25,-0.03725429216,0.6400728616,0,0,0
star_plus_co_correlated_control,244,2,25,35,0.03092343473,0.7112907312,0,0,0
star_plus_co_correlated_control,244,3,35,45,0.04284228334,0.9981114857,0,0,0
star_plus_co_correlated_control,244,4,45,55,0.01081796494,0.9983079712,0,0,0
star_plus_co_correlated_control,244,5,55,65,-0.1994692102,0.9231565843,0,0,0
star_co_plus_hi_ctl01,244,0,5,15,-0.06006922262,0.6936869804,0,0.01081388731,0
star_co_plus_hi_ctl01,244,1,15,25,-0.03863090817,0.6400728616,0,0.01081388731,0
star_co_plus_hi_ctl01,244,2,25,35,0.03808037687,0.7112907312,0,0.01081388731,0
star_co_plus_hi_ctl01,244,3,35,45,0.04133514188,0.9981114857,0,0.01081388731,0
star_co_plus_hi_ctl01,244,4,45,55,0.009609963876,0.9983079712,0,0.01081388731,0
star_co_plus_hi_ctl01,244,5,55,65,-0.2093724078,0.9231565843,0,0.01081388731,0
star_co_plus_hi_ctl10,244,0,5,15,-0.05968561787,0.6936869804,0,0.01081388731,0
star_co_plus_hi_ctl10,244,1,15,25,-0.03871813755,0.6400728616,0,0.01081388731,0
star_co_plus_hi_ctl10,244,2,25,35,0.03872076636,0.7112907312,0,0.01081388731,0
star_co_plus_hi_ctl10,244,3,35,45,0.04316105556,0.9981114857,0,0.01081388731,0
star_co_plus_hi_ctl10,244,4,45,55,0.01211622571,0.9983079712,0,0.01081388731,0
star_co_plus_hi_ctl10,244,5,55,65,-0.20618477,0.9231565843,0,0.01081388731,0
star_co_plus_hi_ctl49,244,0,5,15,-0.0590320503,0.6936869804,0,0.01081388731,0
star_co_plus_hi_ctl49,244,1,15,25,-0.03886712118,0.6400728616,0,0.01081388731,0
star_co_plus_hi_ctl49,244,2,25,35,0.03993062634,0.7112907312,0,0.01081388731,0
star_co_plus_hi_ctl49,244,3,35,45,0.04599043713,0.9981114857,0,0.01081388731,0
star_co_plus_hi_ctl49,244,4,45,55,0.01638880823,0.9983079712,0,0.01081388731,0
star_co_plus_hi_ctl49,244,5,55,65,-0.2013046232,0.9231565843,0,0.01081388731,0
star_only,245,0,5,15,-0.05630976093,0.6892605201,0.03471826978,0,0
star_only,245,1,15,25,-0.04313102246,0.3395924529,0.03471826978,0,0
star_only,245,2,25,35,0.03387462555,0.6284677094,0.03471826978,0,0
star_only,245,3,35,45,0.04288721106,0.985772285,0.03471826978,0,0
star_only,245,4,45,55,0.006372339218,0.963824551,0.03471826978,0,0
star_only,245,5,55,65,0.02663005945,0.994795005,0.03471826978,0,0
co_independent_only,245,0,5,15,-0.06231286252,0.7770716789,0,0.002845759818,0
co_independent_only,245,1,15,25,-0.03848552266,0.8923255771,0,0.002845759818,0
co_independent_only,245,2,25,35,0.03319133938,0.931726178,0,0.002845759818,0
co_independent_only,245,3,35,45,0.02183273696,0.9986816763,0,0.002845759818,0
co_independent_only,245,4,45,55,-0.0382104014,0.9343224355,0,0.002845759818,0
co_independent_only,245,5,55,65,-0.1009310234,0.9762370048,0,0.002845759818,0
star_plus_co_independent,245,0,5,15,-0.05809044836,0.6892605201,0.03471826978,0.002845759818,0
star_plus_co_independent,245,1,15,25,-0.04558588482,0.3395924529,0.03471826978,0.002845759818,0
star_plus_co_independent,245,2,25,35,0.03277800735,0.6284677094,0.03471826978,0.002845759818,0
star_plus_co_independent,245,3,35,45,0.04178432664,0.985772285,0.03471826978,0.002845759818,0
star_plus_co_independent,245,4,45,55,0.007275016732,0.963824551,0.03471826978,0.002845759818,0
star_plus_co_independent,245,5,55,65,0.02456737935,0.994795005,0.03471826978,0.002845759818,0
star_plus_co_correlated_control,245,0,5,15,-0.05358622303,0.6892605201,0.03471826978,0,0
star_plus_co_correlated_control,245,1,15,25,-0.03851990787,0.3395924529,0.03471826978,0,0
star_plus_co_correlated_control,245,2,25,35,0.02731844685,0.6284677094,0.03471826978,0,0
star_plus_co_correlated_control,245,3,35,45,0.04365115684,0.985772285,0.03471826978,0,0
star_plus_co_correlated_control,245,4,45,55,0.004906830832,0.963824551,0.03471826978,0,0
star_plus_co_correlated_control,245,5,55,65,0.0193500536,0.994795005,0.03471826978,0,0
star_co_plus_hi_ctl01,245,0,5,15,-0.05870064151,0.6892605201,0.03471826978,0.002845759818,0
star_co_plus_hi_ctl01,245,1,15,25,-0.04655003384,0.3395924529,0.03471826978,0.002845759818,0
star_co_plus_hi_ctl01,245,2,25,35,0.03387186298,0.6284677094,0.03471826978,0.002845759818,0
star_co_plus_hi_ctl01,245,3,35,45,0.0416246945,0.985772285,0.03471826978,0.002845759818,0
star_co_plus_hi_ctl01,245,4,45,55,0.007126771616,0.963824551,0.03471826978,0.002845759818,0
star_co_plus_hi_ctl01,245,5,55,65,0.02446163399,0.994795005,0.03471826978,0.002845759818,0
star_co_plus_hi_ctl10,245,0,5,15,-0.06034664579,0.6892605201,0.03471826978,0.002845759818,0
star_co_plus_hi_ctl10,245,1,15,25,-0.0491505748,0.3395924529,0.03471826978,0.002845759818,0
star_co_plus_hi_ctl10,245,2,25,35,0.03669981001,0.6284677094,0.03471826978,0.002845759818,0
star_co_plus_hi_ctl10,245,3,35,45,0.04119415913,0.985772285,0.03471826978,0.002845759818,0
star_co_plus_hi_ctl10,245,4,45,55,0.006609238862,0.963824551,0.03471826978,0.002845759818,0
star_co_plus_hi_ctl10,245,5,55,65,0.02417622374,0.994795005,0.03471826978,0.002845759818,0
star_co_plus_hi_ctl49,245,0,5,15,-0.06317101806,0.6892605201,0.03471826978,0.002845759818,0
star_co_plus_hi_ctl49,245,1,15,25,-0.0536119514,0.3395924529,0.03471826978,0.002845759818,0
star_co_plus_hi_ctl49,245,2,25,35,0.04127611228,0.6284677094,0.03471826978,0.002845759818,0
star_co_plus_hi_ctl49,245,3,35,45,0.0404556602,0.985772285,0.03471826978,0.002845759818,0
star_co_plus_hi_ctl49,245,4,45,55,0.005722675894,0.963824551,0.03471826978,0.002845759818,0
star_co_plus_hi_ctl49,245,5,55,65,0.0236859557,0.994795005,0.03471826978,0.002845759818,0
star_only,246,0,5,15,-0.06090615306,0.8409123366,0,0,0
star_only,246,1,15,25,-0.02894750656,0.999198728,0,0,0
star_only,246,2,25,35,0.03324621473,0.9901156797,0,0,0
star_only,246,3,35,45,0.02463240656,0.9758353849,0,0,0
star_only,246,4,45,55,-0.04489390151,0.9528873903,0,0,0
star_only,246,5,55,65,-0.1029368905,0.9426423072,0,0,0
co_independent_only,246,0,5,15,-0.06022058749,0.7770716789,0,0,0
co_independent_only,246,1,15,25,-0.03275791425,0.8923255771,0,0,0
co_independent_only,246,2,25,35,0.03912204197,0.931726178,0,0,0
co_independent_only,246,3,35,45,0.0325638677,0.9986816763,0,0,0
co_independent_only,246,4,45,55,-0.03743840364,0.9343224355,0,0,0
co_independent_only,246,5,55,65,-0.09648660793,0.9762370048,0,0,0
star_plus_co_independent,246,0,5,15,-0.06073300673,0.8409123366,0,0,0
star_plus_co_independent,246,1,15,25,-0.02498951973,0.999198728,0,0,0
star_plus_co_independent,246,2,25,35,0.03880058994,0.9901156797,0,0,0
star_plus_co_independent,246,3,35,45,0.03258879529,0.9758353849,0,0,0
star_plus_co_independent,246,4,45,55,-0.04253041769,0.9528873903,0,0,0
star_plus_co_independent,246,5,55,65,-0.1001890738,0.9426423072,0,0,0
star_plus_co_correlated_control,246,0,5,15,-0.05844103345,0.8409123366,0,0,0
star_plus_co_correlated_control,246,1,15,25,-0.02620406229,0.999198728,0,0,0
star_plus_co_correlated_control,246,2,25,35,0.02850391092,0.9901156797,0,0,0
star_plus_co_correlated_control,246,3,35,45,0.02668890927,0.9758353849,0,0,0
star_plus_co_correlated_control,246,4,45,55,-0.04403681835,0.9528873903,0,0,0
star_plus_co_correlated_control,246,5,55,65,-0.09894087787,0.9426423072,0,0,0
star_co_plus_hi_ctl01,246,0,5,15,-0.06072358832,0.8409123366,0,0,0
star_co_plus_hi_ctl01,246,1,15,25,-0.02511422017,0.999198728,0,0,0
star_co_plus_hi_ctl01,246,2,25,35,0.03886131508,0.9901156797,0,0,0
star_co_plus_hi_ctl01,246,3,35,45,0.03298379452,0.9758353849,0,0,0
star_co_plus_hi_ctl01,246,4,45,55,-0.04211451375,0.9528873903,0,0,0
star_co_plus_hi_ctl01,246,5,55,65,-0.09939539825,0.9426423072,0,0,0
star_co_plus_hi_ctl10,246,0,5,15,-0.06069822265,0.8409123366,0,0,0
star_co_plus_hi_ctl10,246,1,15,25,-0.0254505611,0.999198728,0,0,0
star_co_plus_hi_ctl10,246,2,25,35,0.03865519537,0.9901156797,0,0,0
star_co_plus_hi_ctl10,246,3,35,45,0.03404637739,0.9758353849,0,0,0
star_co_plus_hi_ctl10,246,4,45,55,-0.04094828475,0.9528873903,0,0,0
star_co_plus_hi_ctl10,246,5,55,65,-0.09708250075,0.9426423072,0,0,0
star_co_plus_hi_ctl49,246,0,5,15,-0.0606548359,0.8409123366,0,0,0
star_co_plus_hi_ctl49,246,1,15,25,-0.02602754916,0.999198728,0,0,0
star_co_plus_hi_ctl49,246,2,25,35,0.03828470555,0.9901156797,0,0,0
star_co_plus_hi_ctl49,246,3,35,45,0.03733167932,0.9758353849,0,0,0
star_co_plus_hi_ctl49,246,4,45,55,-0.03806759038,0.9528873903,0,0,0
star_co_plus_hi_ctl49,246,5,55,65,-0.09200268801,0.9426423072,0,0,0
star_only,247,0,5,15,-0.06079252249,0.6867177463,0.004553215709,0,0
star_only,247,1,15,25,-0.03083824749,0.7645770396,0.004553215709,0,0
star_only,247,2,25,35,0.03458098828,0.8107336473,0.004553215709,0,0
star_only,247,3,35,45,0.02778607533,0.9312409116,0.004553215709,0,0
star_only,247,4,45,55,-0.04109040293,0.9983153643,0.004553215709,0,0
star_only,247,5,55,65,-0.05877532506,0.9994355729,0.004553215709,0,0
co_independent_only,247,0,5,15,-0.06093779521,0.7770716789,0,0.01081388731,0
co_independent_only,247,1,15,25,-0.03717086815,0.8923255771,0,0.01081388731,0
co_independent_only,247,2,25,35,0.03236983331,0.931726178,0,0.01081388731,0
co_independent_only,247,3,35,45,0.02460910201,0.9986816763,0,0.01081388731,0
co_independent_only,247,4,45,55,-0.04082529403,0.9343224355,0,0.01081388731,0
co_independent_only,247,5,55,65,-0.09431545402,0.9762370048,0,0.01081388731,0
star_plus_co_independent,247,0,5,15,-0.06163164579,0.6867177463,0.004553215709,0.01081388731,0
star_plus_co_independent,247,1,15,25,-0.03172803491,0.7645770396,0.004553215709,0.01081388731,0
star_plus_co_independent,247,2,25,35,0.03236908017,0.8107336473,0.004553215709,0.01081388731,0
star_plus_co_independent,247,3,35,45,0.02814284629,0.9312409116,0.004553215709,0.01081388731,0
star_plus_co_independent,247,4,45,55,-0.0420036219,0.9983153643,0.004553215709,0.01081388731,0
star_plus_co_independent,247,5,55,65,-0.05341387337,0.9994355729,0.004553215709,0.01081388731,0
star_plus_co_correlated_control,247,0,5,15,-0.06306146424,0.6867177463,0.004553215709,0.06545247581,0
star_plus_co_correlated_control,247,1,15,25,-0.03283270954,0.7645770396,0.004553215709,0.06545247581,0
star_plus_co_correlated_control,247,2,25,35,0.03857581556,0.8107336473,0.004553215709,0.06545247581,0
star_plus_co_correlated_control,247,3,35,45,0.02605935733,0.9312409116,0.004553215709,0.06545247581,0
star_plus_co_correlated_control,247,4,45,55,-0.04243482343,0.9983153643,0.004553215709,0.06545247581,0
star_plus_co_correlated_control,247,5,55,65,-0.06160819145,0.9994355729,0.004553215709,0.06545247581,0
star_co_plus_hi_ctl01,247,0,5,15,-0.06171699719,0.6867177463,0.004553215709,0.01081388731,0
star_co_plus_hi_ctl01,247,1,15,25,-0.03147115399,0.7645770396,0.004553215709,0.01081388731,0
star_co_plus_hi_ctl01,247,2,25,35,0.03287815579,0.8107336473,0.004553215709,0.01081388731,0
star_co_plus_hi_ctl01,247,3,35,45,0.02866651333,0.9312409116,0.004553215709,0.01081388731,0
star_co_plus_hi_ctl01,247,4,45,55,-0.04133196052,0.9983153643,0.004553215709,0.01081388731,0
star_co_plus_hi_ctl01,247,5,55,65,-0.05261914978,0.9994355729,0.004553215709,0.01081388731,0
star_co_plus_hi_ctl10,247,0,5,15,-0.06194691209,0.6867177463,0.004553215709,0.01081388731,0
star_co_plus_hi_ctl10,247,1,15,25,-0.03077998498,0.7645770396,0.004553215709,0.01081388731,0
star_co_plus_hi_ctl10,247,2,25,35,0.03424882941,0.8107336473,0.004553215709,0.01081388731,0
star_co_plus_hi_ctl10,247,3,35,45,0.03007396254,0.9312409116,0.004553215709,0.01081388731,0
star_co_plus_hi_ctl10,247,4,45,55,-0.0395241086,0.9983153643,0.004553215709,0.01081388731,0
star_co_plus_hi_ctl10,247,5,55,65,-0.05048087393,0.9994355729,0.004553215709,0.01081388731,0
star_co_plus_hi_ctl49,247,0,5,15,-0.06234033059,0.6867177463,0.004553215709,0.01081388731,0
star_co_plus_hi_ctl49,247,1,15,25,-0.02959999562,0.7645770396,0.004553215709,0.01081388731,0
star_co_plus_hi_ctl49,247,2,25,35,0.03659207979,0.8107336473,0.004553215709,0.01081388731,0
star_co_plus_hi_ctl49,247,3,35,45,0.03247163373,0.9312409116,0.004553215709,0.01081388731,0
star_co_plus_hi_ctl49,247,4,45,55,-0.03803044155,0.9983153643,0.004553215709,0.01081388731,0
star_co_plus_hi_ctl49,247,5,55,65,-0.04683039084,0.9994355729,0.004553215709,0.01081388731,0
star_only,248,0,5,15,-0.06113280748,0.7299874527,0.002276607854,0,0
star_only,248,1,15,25,-0.03392384004,0.8089555585,0.002276607854,0,0
star_only,248,2,25,35,0.03471143239,0.8568504206,0.002276607854,0,0
star_only,248,3,35,45,0.0140520165,0.9718979616,0.002276607854,0,0
star_only,248,4,45,55,-0.1098754668,0.9837876951,0.002276607854,0,0
star_only,248,5,55,65,-0.2062747272,0.9564608993,0.002276607854,0,0
co_independent_only,248,0,5,15,-0.05907356095,0.7770716789,0,0,0
co_independent_only,248,1,15,25,-0.03277818815,0.8923255771,0,0,0
co_independent_only,248,2,25,35,0.03515967946,0.931726178,0,0,0
co_independent_only,248,3,35,45,0.02743095254,0.9986816763,0,0,0
co_independent_only,248,4,45,55,-0.04356113143,0.9343224355,0,0,0
co_independent_only,248,5,55,65,-0.1062952799,0.9762370048,0,0,0
star_plus_co_independent,248,0,5,15,-0.05978152716,0.7299874527,0.002276607854,0,0
star_plus_co_independent,248,1,15,25,-0.03065066088,0.8089555585,0.002276607854,0,0
star_plus_co_independent,248,2,25,35,0.03511059353,0.8568504206,0.002276607854,0,0
star_plus_co_independent,248,3,35,45,0.01732094254,0.9718979616,0.002276607854,0,0
star_plus_co_independent,248,4,45,55,-0.1134361471,0.9837876951,0.002276607854,0,0
star_plus_co_independent,248,5,55,65,-0.2105603811,0.9564608993,0.002276607854,0,0
star_plus_co_correlated_control,248,0,5,15,-0.06217790775,0.7299874527,0.002276607854,0.031303358,0
star_plus_co_correlated_control,248,1,15,25,-0.03494704114,0.8089555585,0.002276607854,0.031303358,0
star_plus_co_correlated_control,248,2,25,35,0.03679339946,0.8568504206,0.002276607854,0.031303358,0
star_plus_co_correlated_control,248,3,35,45,0.01293523612,0.9718979616,0.002276607854,0.031303358,0
star_plus_co_correlated_control,248,4,45,55,-0.1117023458,0.9837876951,0.002276607854,0.031303358,0
star_plus_co_correlated_control,248,5,55,65,-0.2125514977,0.9564608993,0.002276607854,0.031303358,0
star_co_plus_hi_ctl01,248,0,5,15,-0.05946043734,0.7299874527,0.002276607854,0,0
star_co_plus_hi_ctl01,248,1,15,25,-0.03011218327,0.8089555585,0.002276607854,0,0
star_co_plus_hi_ctl01,248,2,25,35,0.03496285889,0.8568504206,0.002276607854,0,0
star_co_plus_hi_ctl01,248,3,35,45,0.01787418538,0.9718979616,0.002276607854,0,0
star_co_plus_hi_ctl01,248,4,45,55,-0.1123448328,0.9837876951,0.002276607854,0,0
star_co_plus_hi_ctl01,248,5,55,65,-0.2104708319,0.9564608993,0.002276607854,0,0
star_co_plus_hi_ctl10,248,0,5,15,-0.05859702619,0.7299874527,0.002276607854,0,0
star_co_plus_hi_ctl10,248,1,15,25,-0.02866470079,0.8089555585,0.002276607854,0,0
star_co_plus_hi_ctl10,248,2,25,35,0.0345652705,0.8568504206,0.002276607854,0,0
star_co_plus_hi_ctl10,248,3,35,45,0.01936112402,0.9718979616,0.002276607854,0,0
star_co_plus_hi_ctl10,248,4,45,55,-0.1094123237,0.9837876951,0.002276607854,0,0
star_co_plus_hi_ctl10,248,5,55,65,-0.209179197,0.9564608993,0.002276607854,0,0
star_co_plus_hi_ctl49,248,0,5,15,-0.05712472994,0.7299874527,0.002276607854,0,0
star_co_plus_hi_ctl49,248,1,15,25,-0.02619806424,0.8089555585,0.002276607854,0,0
star_co_plus_hi_ctl49,248,2,25,35,0.03388619071,0.8568504206,0.002276607854,0,0
star_co_plus_hi_ctl49,248,3,35,45,0.02189421277,0.9718979616,0.002276607854,0,0
star_co_plus_hi_ctl49,248,4,45,55,-0.1044185841,0.9837876951,0.002276607854,0,0
star_co_plus_hi_ctl49,248,5,55,65,-0.2053384478,0.9564608993,0.002276607854,0,0
star_only,249,0,5,15,-0.05733573778,0.787354288,0.01422879909,0,0
star_only,249,1,15,25,-0.0418462342,0.5299111771,0.01422879909,0,0
star_only,249,2,25,35,0.03433649523,0.7858901106,0.01422879909,0,0
star_only,249,3,35,45,0.03695259238,0.9545273536,0.01422879909,0,0
star_only,249,4,45,55,0.005679762177,0.9865826581,0.01422879909,0,0
star_only,249,5,55,65,0.02262019508,0.9980439127,0.01422879909,0,0
co_independent_only,249,0,5,15,-0.05647239445,0.7770716789,0,0.002276607854,0
co_independent_only,249,1,15,25,-0.03245217609,0.8923255771,0,0.002276607854,0
co_independent_only,249,2,25,35,0.03093751765,0.931726178,0,0.002276607854,0
co_independent_only,249,3,35,45,0.0269761659,0.9986816763,0,0.002276607854,0
co_independent_only,249,4,45,55,-0.03649524524,0.9343224355,0,0.002276607854,0
co_independent_only,249,5,55,65,-0.09360477348,0.9762370048,0,0.002276607854,0
star_plus_co_independent,249,0,5,15,-0.05379793929,0.787354288,0.01422879909,0.002276607854,0
star_plus_co_independent,249,1,15,25,-0.0374137346,0.5299111771,0.01422879909,0.002276607854,0
star_plus_co_independent,249,2,25,35,0.02967084334,0.7858901106,0.01422879909,0.002276607854,0
star_plus_co_independent,249,3,35,45,0.03983798493,0.9545273536,0.01422879909,0.002276607854,0
star_plus_co_independent,249,4,45,55,0.009304733922,0.9865826581,0.01422879909,0.002276607854,0
star_plus_co_independent,249,5,55,65,0.02897856934,0.9980439127,0.01422879909,0.002276607854,0
star_plus_co_correlated_control,249,0,5,15,-0.05908274102,0.787354288,0.01422879909,0.05406943654,0
star_plus_co_correlated_control,249,1,15,25,-0.0442144612,0.5299111771,0.01422879909,0.05406943654,0
star_plus_co_correlated_control,249,2,25,35,0.03791960576,0.7858901106,0.01422879909,0.05406943654,0
star_plus_co_correlated_control,249,3,35,45,0.03598290626,0.9545273536,0.01422879909,0.05406943654,0
star_plus_co_correlated_control,249,4,45,55,0.006071685002,0.9865826581,0.01422879909,0.05406943654,0
star_plus_co_correlated_control,249,5,55,65,0.02548603403,0.9980439127,0.01422879909,0.05406943654,0
star_co_plus_hi_ctl01,249,0,5,15,-0.05364178294,0.787354288,0.01422879909,0.002276607854,0
star_co_plus_hi_ctl01,249,1,15,25,-0.03736914496,0.5299111771,0.01422879909,0.002276607854,0
star_co_plus_hi_ctl01,249,2,25,35,0.02918462022,0.7858901106,0.01422879909,0.002276607854,0
star_co_plus_hi_ctl01,249,3,35,45,0.04027527451,0.9545273536,0.01422879909,0.002276607854,0
star_co_plus_hi_ctl01,249,4,45,55,0.00925099265,0.9865826581,0.01422879909,0.002276607854,0
star_co_plus_hi_ctl01,249,5,55,65,0.02897411824,0.9980439127,0.01422879909,0.002276607854,0
star_co_plus_hi_ctl10,249,0,5,15,-0.05322240576,0.787354288,0.01422879909,0.002276607854,0
star_co_plus_hi_ctl10,249,1,15,25,-0.03724918918,0.5299111771,0.01422879909,0.002276607854,0
star_co_plus_hi_ctl10,249,2,25,35,0.02787882215,0.7858901106,0.01422879909,0.002276607854,0
star_co_plus_hi_ctl10,249,3,35,45,0.04145056074,0.9545273536,0.01422879909,0.002276607854,0
star_co_plus_hi_ctl10,249,4,45,55,0.009106287813,0.9865826581,0.01422879909,0.002276607854,0
star_co_plus_hi_ctl10,249,5,55,65,0.02900894085,0.9980439127,0.01422879909,0.002276607854,0
star_co_plus_hi_ctl49,249,0,5,15,-0.05250905015,0.787354288,0.01422879909,0.002276607854,0
star_co_plus_hi_ctl49,249,1,15,25,-0.03704445908,0.5299111771,0.01422879909,0.002276607854,0
star_co_plus_hi_ctl49,249,2,25,35,0.02562735288,0.7858901106,0.01422879909,0.002276607854,0
star_co_plus_hi_ctl49,249,3,35,45,0.04345269987,0.9545273536,0.01422879909,0.002276607854,0
star_co_plus_hi_ctl49,249,4,45,55,0.00918587634,0.9865826581,0.01422879909,0.002276607854,0
star_co_plus_hi_ctl49,249,5,55,65,0.02695078762,0.9980439127,0.01422879909,0.002276607854,0
star_only,250,0,5,15,-0.05889307758,0.7400382719,0,0,0
star_only,250,1,15,25,-0.04083254682,0.7035505671,0,0,0
star_only,250,2,25,35,0.03454451641,0.7748700128,0,0,0
star_only,250,3,35,45,0.03359207012,0.9827514465,0,0,0
star_only,250,4,45,55,-0.09064062207,0.9961775282,0,0,0
star_only,250,5,55,65,-0.1983444839,0.9975047251,0,0,0
co_independent_only,250,0,5,15,-0.05420630623,0.7770716789,0,0.001707455891,0
co_independent_only,250,1,15,25,-0.03403342631,0.8923255771,0,0.001707455891,0
co_independent_only,250,2,25,35,0.02200787801,0.931726178,0,0.001707455891,0
co_independent_only,250,3,35,45,0.02114365142,0.9986816763,0,0.001707455891,0
co_independent_only,250,4,45,55,-0.04222435341,0.9343224355,0,0.001707455891,0
co_independent_only,250,5,55,65,-0.1011912752,0.9762370048,0,0.001707455891,0
star_plus_co_independent,250,0,5,15,-0.05292521618,0.7400382719,0,0.001707455891,0
star_plus_co_independent,250,1,15,25,-0.03691741396,0.7035505671,0,0.001707455891,0
star_plus_co_independent,250,2,25,35,0.02153138352,0.7748700128,0,0.001707455891,0
star_plus_co_independent,250,3,35,45,0.03206113608,0.9827514465,0,0.001707455891,0
star_plus_co_independent,250,4,45,55,-0.09307304474,0.9961775282,0,0.001707455891,0
star_plus_co_independent,250,5,55,65,-0.1979789419,0.9975047251,0,0.001707455891,0
star_plus_co_correlated_control,250,0,5,15,-0.05796754363,0.7400382719,0,0,0
star_plus_co_correlated_control,250,1,15,25,-0.03936726762,0.7035505671,0,0,0
star_plus_co_correlated_control,250,2,25,35,0.03241924366,0.7748700128,0,0,0
star_plus_co_correlated_control,250,3,35,45,0.03419339329,0.9827514465,0,0,0
star_plus_co_correlated_control,250,4,45,55,-0.08930876835,0.9961775282,0,0,0
star_plus_co_correlated_control,250,5,55,65,-0.193326247,0.9975047251,0,0,0
star_co_plus_hi_ctl01,250,0,5,15,-0.0525507566,0.7400382719,0,0.001707455891,0
star_co_plus_hi_ctl01,250,1,15,25,-0.03722301789,0.7035505671,0,0.001707455891,0
star_co_plus_hi_ctl01,250,2,25,35,0.02094786394,0.7748700128,0,0.001707455891,0
star_co_plus_hi_ctl01,250,3,35,45,0.03167674274,0.9827514465,0,0.001707455891,0
star_co_plus_hi_ctl01,250,4,45,55,-0.09329520879,0.9961775282,0,0.001707455891,0
star_co_plus_hi_ctl01,250,5,55,65,-0.1978657409,0.9975047251,0,0.001707455891,0
star_co_plus_hi_ctl10,250,0,5,15,-0.05154431991,0.7400382719,0,0.001707455891,0
star_co_plus_hi_ctl10,250,1,15,25,-0.0375958471,0.7035505671,0,0.001707455891,0
star_co_plus_hi_ctl10,250,2,25,35,0.01938229068,0.7748700128,0,0.001707455891,0
star_co_plus_hi_ctl10,250,3,35,45,0.03149777472,0.9827514465,0,0.001707455891,0
star_co_plus_hi_ctl10,250,4,45,55,-0.09484189681,0.9961775282,0,0.001707455891,0
star_co_plus_hi_ctl10,250,5,55,65,-0.1975627772,0.9975047251,0,0.001707455891,0
star_co_plus_hi_ctl49,250,0,5,15,-0.04982976344,0.7400382719,0,0.001707455891,0
star_co_plus_hi_ctl49,250,1,15,25,-0.03795370836,0.7035505671,0,0.001707455891,0
star_co_plus_hi_ctl49,250,2,25,35,0.01668081752,0.7748700128,0,0.001707455891,0
star_co_plus_hi_ctl49,250,3,35,45,0.03189788336,0.9827514465,0,0.001707455891,0
star_co_plus_hi_ctl49,250,4,45,55,-0.09803695449,0.9961775282,0,0.001707455891,0
star_co_plus_hi_ctl49,250,5,55,65,-0.1984016854,0.9975047251,0,0.001707455891,0
star_only,251,0,5,15,-0.06054565082,0.7974207768,0.01935116676,0,0
star_only,251,1,15,25,-0.03059715033,0.9291681436,0.01935116676,0,0
star_only,251,2,25,35,0.03472215462,0.9382234615,0.01935116676,0,0
star_only,251,3,35,45,0.01699275746,0.9891541908,0.01935116676,0,0
star_only,251,4,45,55,-0.06863564988,0.9579977261,0.01935116676,0,0
star_only,251,5,55,65,-0.08315420995,0.9227107864,0.01935116676,0,0
co_independent_only,251,0,5,15,-0.06302948724,0.7770716789,0,0,0
co_independent_only,251,1,15,25,-0.03575995295,0.8923255771,0,0,0
co_independent_only,251,2,25,35,0.04201243059,0.931726178,0,0,0
co_independent_only,251,3,35,45,0.02773531811,0.9986816763,0,0,0
co_independent_only,251,4,45,55,-0.0381027366,0.9343224355,0,0,0
co_independent_only,251,5,55,65,-0.091600756,0.9762370048,0,0,0
star_plus_co_independent,251,0,5,15,-0.06327380571,0.7974207768,0.01935116676,0,0
star_plus_co_independent,251,1,15,25,-0.02862925118,0.9291681436,0.01935116676,0,0
star_plus_co_independent,251,2,25,35,0.04200611656,0.9382234615,0.01935116676,0,0
star_plus_co_independent,251,3,35,45,0.02044307862,0.9891541908,0.01935116676,0,0
star_plus_co_independent,251,4,45,55,-0.06766379142,0.9579977261,0.01935116676,0,0
star_plus_co_independent,251,5,55,65,-0.07548644713,0.9227107864,0.01935116676,0,0
star_plus_co_correlated_control,251,0,5,15,-0.0581186709,0.7974207768,0.01935116676,0,0
star_plus_co_correlated_control,251,1,15,25,-0.02773793694,0.9291681436,0.01935116676,0,0
star_plus_co_correlated_control,251,2,25,35,0.02947762031,0.9382234615,0.01935116676,0,0
star_plus_co_correlated_control,251,3,35,45,0.01938991671,0.9891541908,0.01935116676,0,0
star_plus_co_correlated_control,251,4,45,55,-0.06690764224,0.9579977261,0.01935116676,0,0
star_plus_co_correlated_control,251,5,55,65,-0.08073657133,0.9227107864,0.01935116676,0,0
star_co_plus_hi_ctl01,251,0,5,15,-0.06285558077,0.7974207768,0.01935116676,0,0
star_co_plus_hi_ctl01,251,1,15,25,-0.02829503621,0.9291681436,0.01935116676,0,0
star_co_plus_hi_ctl01,251,2,25,35,0.04203749433,0.9382234615,0.01935116676,0,0
star_co_plus_hi_ctl01,251,3,35,45,0.02056285687,0.9891541908,0.01935116676,0,0
star_co_plus_hi_ctl01,251,4,45,55,-0.06826020911,0.9579977261,0.01935116676,0,0
star_co_plus_hi_ctl01,251,5,55,65,-0.07586733178,0.9227107864,0.01935116676,0,0
star_co_plus_hi_ctl10,251,0,5,15,-0.06172945425,0.7974207768,0.01935116676,0,0
star_co_plus_hi_ctl10,251,1,15,25,-0.02739435735,0.9291681436,0.01935116676,0,0
star_co_plus_hi_ctl10,251,2,25,35,0.04212214097,0.9382234615,0.01935116676,0,0
star_co_plus_hi_ctl10,251,3,35,45,0.02088687948,0.9891541908,0.01935116676,0,0
star_co_plus_hi_ctl10,251,4,45,55,-0.06986865575,0.9579977261,0.01935116676,0,0
star_co_plus_hi_ctl10,251,5,55,65,-0.07669160719,0.9227107864,0.01935116676,0,0
star_co_plus_hi_ctl49,251,0,5,15,-0.05980405219,0.7974207768,0.01935116676,0,0
star_co_plus_hi_ctl49,251,1,15,25,-0.02585184538,0.9291681436,0.01935116676,0,0
star_co_plus_hi_ctl49,251,2,25,35,0.04228764937,0.9382234615,0.01935116676,0,0
star_co_plus_hi_ctl49,251,3,35,45,0.02112288488,0.9891541908,0.01935116676,0,0
star_co_plus_hi_ctl49,251,4,45,55,-0.07250997969,0.9579977261,0.01935116676,0,0
star_co_plus_hi_ctl49,251,5,55,65,-0.07889139357,0.9227107864,0.01935116676,0,0
star_only,252,0,5,15,-0.05919613487,0.7258833073,0.004553215709,0,0
star_only,252,1,15,25,-0.03225785825,0.6292052118,0.004553215709,0,0
star_only,252,2,25,35,0.03280338682,0.8797496532,0.004553215709,0,0
star_only,252,3,35,45,-0.01066490169,0.9926976019,0.004553215709,0,0
star_only,252,4,45,55,-0.17537607,0.9768108779,0.004553215709,0,0
star_only,252,5,55,65,-0.1467156896,0.8408762172,0.004553215709,0,0
co_independent_only,252,0,5,15,-0.06061059116,0.7770716789,0,0,0
co_independent_only,252,1,15,25,-0.03491458243,0.8923255771,0,0,0
co_independent_only,252,2,25,35,0.03695567408,0.931726178,0,0,0
co_independent_only,252,3,35,45,0.03068028588,0.9986816763,0,0,0
co_independent_only,252,4,45,55,-0.03342322024,0.9343224355,0,0,0
co_independent_only,252,5,55,65,-0.09474381204,0.9762370048,0,0,0
star_plus_co_independent,252,0,5,15,-0.05952117228,0.7258833073,0.004553215709,0,0
star_plus_co_independent,252,1,15,25,-0.03071917042,0.6292052118,0.004553215709,0,0
star_plus_co_independent,252,2,25,35,0.03417305558,0.8797496532,0.004553215709,0,0
star_plus_co_independent,252,3,35,45,-0.00521391538,0.9926976019,0.004553215709,0,0
star_plus_co_independent,252,4,45,55,-0.1656893847,0.9768108779,0.004553215709,0,0
star_plus_co_independent,252,5,55,65,-0.1404736712,0.8408762172,0.004553215709,0,0
star_plus_co_correlated_control,252,0,5,15,-0.06054953372,0.7258833073,0.004553215709,0.04097894138,0
star_plus_co_correlated_control,252,1,15,25,-0.03355918152,0.6292052118,0.004553215709,0.04097894138,0
star_plus_co_correlated_control,252,2,25,35,0.03554707466,0.8797496532,0.004553215709,0.04097894138,0
star_plus_co_correlated_control,252,3,35,45,-0.01247585771,0.9926976019,0.004553215709,0.04097894138,0
star_plus_co_correlated_control,252,4,45,55,-0.1794775438,0.9768108779,0.004553215709,0.04097894138,0
star_plus_co_correlated_control,252,5,55,65,-0.1525058035,0.8408762172,0.004553215709,0.04097894138,0
star_co_plus_hi_ctl01,252,0,5,15,-0.05962622541,0.7258833073,0.004553215709,0,0
star_co_plus_hi_ctl01,252,1,15,25,-0.03100016829,0.6292052118,0.004553215709,0,0
star_co_plus_hi_ctl01,252,2,25,35,0.0341581259,0.8797496532,0.004553215709,0,0
star_co_plus_hi_ctl01,252,3,35,45,-0.005428189106,0.9926976019,0.004553215709,0,0
star_co_plus_hi_ctl01,252,4,45,55,-0.1658453056,0.9768108779,0.004553215709,0,0
star_co_plus_hi_ctl01,252,5,55,65,-0.1423885062,0.8408762172,0.004553215709,0,0
star_co_plus_hi_ctl10,252,0,5,15,-0.05990871851,0.7258833073,0.004553215709,0,0
star_co_plus_hi_ctl10,252,1,15,25,-0.03175517133,0.6292052118,0.004553215709,0,0
star_co_plus_hi_ctl10,252,2,25,35,0.03411751586,0.8797496532,0.004553215709,0,0
star_co_plus_hi_ctl10,252,3,35,45,-0.006453090405,0.9926976019,0.004553215709,0,0
star_co_plus_hi_ctl10,252,4,45,55,-0.1676371107,0.9768108779,0.004553215709,0,0
star_co_plus_hi_ctl10,252,5,55,65,-0.1473913933,0.8408762172,0.004553215709,0,0
star_co_plus_hi_ctl49,252,0,5,15,-0.06039044457,0.7258833073,0.004553215709,0,0
star_co_plus_hi_ctl49,252,1,15,25,-0.03304059114,0.6292052118,0.004553215709,0,0
star_co_plus_hi_ctl49,252,2,25,35,0.03404671155,0.8797496532,0.004553215709,0,0
star_co_plus_hi_ctl49,252,3,35,45,-0.008201230106,0.9926976019,0.004553215709,0,0
star_co_plus_hi_ctl49,252,4,45,55,-0.1694495087,0.9768108779,0.004553215709,0,0
star_co_plus_hi_ctl49,252,5,55,65,-0.1568597958,0.8408762172,0.004553215709,0,0
star_only,253,0,5,15,-0.06053750387,0.8073890677,0,0,0
star_only,253,1,15,25,-0.03081258827,0.9079439047,0,0,0
star_only,253,2,25,35,0.03422343336,0.9315294533,0,0,0
star_only,253,3,35,45,0.03207247548,0.9679896852,0,0,0
star_only,253,4,45,55,-0.03463564945,0.7583611581,0,0,0
star_only,253,5,55,65,-0.01394441858,0.8234317628,0,0,0
co_independent_only,253,0,5,15,-0.06019479626,0.7770716789,0,0.004553215709,0
co_independent_only,253,1,15,25,-0.03793160234,0.8923255771,0,0.004553215709,0
co_independent_only,253,2,25,35,0.03327599832,0.931726178,0,0.004553215709,0
co_independent_only,253,3,35,45,0.01507924608,0.9986816763,0,0.004553215709,0
co_independent_only,253,4,45,55,-0.04777892082,0.9343224355,0,0.004553215709,0
co_independent_only,253,5,55,65,-0.1091097918,0.9762370048,0,0.004553215709,0
star_plus_co_independent,253,0,5,15,-0.06045206023,0.8073890677,0,0.004553215709,0
star_plus_co_independent,253,1,15,25,-0.03277584606,0.9079439047,0,0.004553215709,0
star_plus_co_independent,253,2,25,35,0.03223645354,0.9315294533,0,0.004553215709,0
star_plus_co_independent,253,3,35,45,0.02265323463,0.9679896852,0,0.004553215709,0
star_plus_co_independent,253,4,45,55,-0.04263165758,0.7583611581,0,0.004553215709,0
star_plus_co_independent,253,5,55,65,-0.02571173216,0.8234317628,0,0.004553215709,0
star_plus_co_correlated_control,253,0,5,15,-0.06063443601,0.8073890677,0,0,0
star_plus_co_correlated_control,253,1,15,25,-0.03089863779,0.9079439047,0,0,0
star_plus_co_correlated_control,253,2,25,35,0.03442520928,0.9315294533,0,0,0
star_plus_co_correlated_control,253,3,35,45,0.03200648827,0.9679896852,0,0,0
star_plus_co_correlated_control,253,4,45,55,-0.03468071448,0.7583611581,0,0,0
star_plus_co_correlated_control,253,5,55,65,-0.01387632561,0.8234317628,0,0,0
star_co_plus_hi_ctl01,253,0,5,15,-0.06042308764,0.8073890677,0,0.004553215709,0
star_co_plus_hi_ctl01,253,1,15,25,-0.03278490871,0.9079439047,0,0.004553215709,0
star_co_plus_hi_ctl01,253,2,25,35,0.03264415378,0.9315294533,0,0.004553215709,0
star_co_plus_hi_ctl01,253,3,35,45,0.02261604758,0.9679896852,0,0.004553215709,0
star_co_plus_hi_ctl01,253,4,45,55,-0.04236948879,0.7583611581,0,0.004553215709,0
star_co_plus_hi_ctl01,253,5,55,65,-0.0253650036,0.8234317628,0,0.004553215709,0
star_co_plus_hi_ctl10,253,0,5,15,-0.06034497079,0.8073890677,0,0.004553215709,0
star_co_plus_hi_ctl10,253,1,15,25,-0.03280937014,0.9079439047,0,0.004553215709,0
star_co_plus_hi_ctl10,253,2,25,35,0.03374367939,0.9315294533,0,0.004553215709,0
star_co_plus_hi_ctl10,253,3,35,45,0.02251706816,0.9679896852,0,0.004553215709,0
star_co_plus_hi_ctl10,253,4,45,55,-0.04166612988,0.7583611581,0,0.004553215709,0
star_co_plus_hi_ctl10,253,5,55,65,-0.0245047452,0.8234317628,0,0.004553215709,0
star_co_plus_hi_ctl49,253,0,5,15,-0.06021105679,0.8073890677,0,0.004553215709,0
star_co_plus_hi_ctl49,253,1,15,25,-0.03285139358,0.9079439047,0,0.004553215709,0
star_co_plus_hi_ctl49,253,2,25,35,0.03549339188,0.9315294533,0,0.004553215709,0
star_co_plus_hi_ctl49,253,3,35,45,0.02235171716,0.9679896852,0,0.004553215709,0
star_co_plus_hi_ctl49,253,4,45,55,-0.0404721484,0.7583611581,0,0.004553215709,0
star_co_plus_hi_ctl49,253,5,55,65,-0.02511315006,0.8234317628,0,0.004553215709,0
star_only,254,0,5,15,-0.06068116715,0.7546111731,0,0,0
star_only,254,1,15,25,-0.03632755111,0.8900255457,0,0,0
star_only,254,2,25,35,0.03468154043,0.9561638935,0,0,0
star_only,254,3,35,45,0.02624348765,0.9706149285,0,0,0
star_only,254,4,45,55,-0.03388715401,0.9249959708,0,0,0
star_only,254,5,55,65,-0.04854872166,0.8792219619,0,0,0
co_independent_only,254,0,5,15,-0.06203066217,0.7770716789,0,0.0005691519636,0
co_independent_only,254,1,15,25,-0.04215800384,0.8923255771,0,0.0005691519636,0
co_independent_only,254,2,25,35,0.03008187767,0.931726178,0,0.0005691519636,0
co_independent_only,254,3,35,45,0.02225310521,0.9986816763,0,0.0005691519636,0
co_independent_only,254,4,45,55,-0.04992308077,0.9343224355,0,0.0005691519636,0
co_independent_only,254,5,55,65,-0.1052343745,0.9762370048,0,0.0005691519636,0
star_plus_co_independent,254,0,5,15,-0.0625157457,0.7546111731,0,0.0005691519636,0
star_plus_co_independent,254,1,15,25,-0.0423487609,0.8900255457,0,0.0005691519636,0
star_plus_co_independent,254,2,25,35,0.02972816721,0.9561638935,0,0.0005691519636,0
star_plus_co_independent,254,3,35,45,0.02385900668,0.9706149285,0,0.0005691519636,0
star_plus_co_independent,254,4,45,55,-0.04362231367,0.9249959708,0,0.0005691519636,0
star_plus_co_independent,254,5,55,65,-0.05589992712,0.8792219619,0,0.0005691519636,0
star_plus_co_correlated_control,254,0,5,15,-0.06326592537,0.7546111731,0,0.07398975526,0
star_plus_co_correlated_control,254,1,15,25,-0.03910010153,0.8900255457,0,0.07398975526,0
star_plus_co_correlated_control,254,2,25,35,0.03929638454,0.9561638935,0,0.07398975526,0
star_plus_co_correlated_control,254,3,35,45,0.02430770905,0.9706149285,0,0.07398975526,0
star_plus_co_correlated_control,254,4,45,55,-0.03511938248,0.9249959708,0,0.07398975526,0
star_plus_co_correlated_control,254,5,55,65,-0.05094772127,0.8792219619,0,0.07398975526,0
star_co_plus_hi_ctl01,254,0,5,15,-0.06236678453,0.7546111731,0,0.0005691519636,0
star_co_plus_hi_ctl01,254,1,15,25,-0.04212670099,0.8900255457,0,0.0005691519636,0
star_co_plus_hi_ctl01,254,2,25,35,0.02912358891,0.9561638935,0,0.0005691519636,0
star_co_plus_hi_ctl01,254,3,35,45,0.02415601376,0.9706149285,0,0.0005691519636,0
star_co_plus_hi_ctl01,254,4,45,55,-0.04366808143,0.9249959708,0,0.0005691519636,0
star_co_plus_hi_ctl01,254,5,55,65,-0.05535374561,0.8792219619,0,0.0005691519636,0
star_co_plus_hi_ctl10,254,0,5,15,-0.06196628252,0.7546111731,0,0.0005691519636,0
star_co_plus_hi_ctl10,254,1,15,25,-0.04152583654,0.8900255457,0,0.0005691519636,0
star_co_plus_hi_ctl10,254,2,25,35,0.02749738577,0.9561638935,0,0.0005691519636,0
star_co_plus_hi_ctl10,254,3,35,45,0.02495446866,0.9706149285,0,0.0005691519636,0
star_co_plus_hi_ctl10,254,4,45,55,-0.04352893832,0.9249959708,0,0.0005691519636,0
star_co_plus_hi_ctl10,254,5,55,65,-0.05388295746,0.8792219619,0,0.0005691519636,0
star_co_plus_hi_ctl49,254,0,5,15,-0.0612835285,0.7546111731,0,0.0005691519636,0
star_co_plus_hi_ctl49,254,1,15,25,-0.04038948475,0.8900255457,0,0.0005691519636,0
star_co_plus_hi_ctl49,254,2,25,35,0.02472323943,0.9561638935,0,0.0005691519636,0
star_co_plus_hi_ctl49,254,3,35,45,0.0263153097,0.9706149285,0,0.0005691519636,0
star_co_plus_hi_ctl49,254,4,45,55,-0.04085213493,0.9249959708,0,0.0005691519636,0
star_co_plus_hi_ctl49,254,5,55,65,-0.05136785739,0.8792219619,0,0.0005691519636,0
star_only,255,0,5,15,-0.05693898562,0.8577523553,0,0,0
star_only,255,1,15,25,-0.03358931838,0.7394520568,0,0,0
star_only,255,2,25,35,0.03463722775,0.9288573849,0,0,0
star_only,255,3,35,45,0.02824384904,0.9187902036,0,0,0
star_only,255,4,45,55,-0.01376004914,0.8754787474,0,0,0
star_only,255,5,55,65,0.03054808347,0.9625728545,0,0,0
co_independent_only,255,0,5,15,-0.06028244653,0.7770716789,0,0,0
co_independent_only,255,1,15,25,-0.03216337276,0.8923255771,0,0,0
co_independent_only,255,2,25,35,0.03586889573,0.931726178,0,0,0
co_independent_only,255,3,35,45,0.03141673525,0.9986816763,0,0,0
co_independent_only,255,4,45,55,-0.03391189127,0.9343224355,0,0,0
co_independent_only,255,5,55,65,-0.09727719426,0.9762370048,0,0,0
star_plus_co_independent,255,0,5,15,-0.05725674114,0.8577523553,0,0,0
star_plus_co_independent,255,1,15,25,-0.02974231096,0.7394520568,0,0,0
star_plus_co_independent,255,2,25,35,0.03613873443,0.9288573849,0,0,0
star_plus_co_independent,255,3,35,45,0.03528561125,0.9187902036,0,0,0
star_plus_co_independent,255,4,45,55,-0.007630077071,0.8754787474,0,0,0
star_plus_co_independent,255,5,55,65,0.02802133548,0.9625728545,0,0,0
star_plus_co_correlated_control,255,0,5,15,-0.0570328405,0.8577523553,0,0,0
star_plus_co_correlated_control,255,1,15,25,-0.03368797008,0.7394520568,0,0,0
star_plus_co_correlated_control,255,2,25,35,0.03485403037,0.9288573849,0,0,0
star_plus_co_correlated_control,255,3,35,45,0.02816456838,0.9187902036,0,0,0
star_plus_co_correlated_control,255,4,45,55,-0.01377142635,0.8754787474,0,0,0
star_plus_co_correlated_control,255,5,55,65,0.03076579333,0.9625728545,0,0,0
star_co_plus_hi_ctl01,255,0,5,15,-0.05691846436,0.8577523553,0,0,0
star_co_plus_hi_ctl01,255,1,15,25,-0.0295899029,0.7394520568,0,0,0
star_co_plus_hi_ctl01,255,2,25,35,0.03559581259,0.9288573849,0,0,0
star_co_plus_hi_ctl01,255,3,35,45,0.03574834164,0.9187902036,0,0,0
star_co_plus_hi_ctl01,255,4,45,55,-0.007275061121,0.8754787474,0,0,0
star_co_plus_hi_ctl01,255,5,55,65,0.02872002493,0.9625728545,0,0,0
star_co_plus_hi_ctl10,255,0,5,15,-0.05600920604,0.8577523553,0,0,0
star_co_plus_hi_ctl10,255,1,15,25,-0.02917878312,0.7394520568,0,0,0
star_co_plus_hi_ctl10,255,2,25,35,0.03413664091,0.9288573849,0,0,0
star_co_plus_hi_ctl10,255,3,35,45,0.03699570527,0.9187902036,0,0,0
star_co_plus_hi_ctl10,255,4,45,55,-0.006317776085,0.8754787474,0,0,0
star_co_plus_hi_ctl10,255,5,55,65,0.03194245656,0.9625728545,0,0,0
star_co_plus_hi_ctl49,255,0,5,15,-0.05445996967,0.8577523553,0,0,0
star_co_plus_hi_ctl49,255,1,15,25,-0.0282424788,0.7394520568,0,0,0
star_co_plus_hi_ctl49,255,2,25,35,0.03159485525,0.9288573849,0,0,0
star_co_plus_hi_ctl49,255,3,35,45,0.03913313635,0.9187902036,0,0,0
star_co_plus_hi_ctl49,255,4,45,55,-0.004783108797,0.8754787474,0,0,0
star_co_plus_hi_ctl49,255,5,55,65,0.0375988881,0.9625728545,0,0,0
