carrier_id,carrier_column,split,n_galaxies,matched_beats_wrong_fraction,matched_rank1_fraction,matched_beats_carrier_fraction,matched_beats_tpg_v6_fraction,matched_beats_newtonian_baryonic_fraction,matched_beats_mond_fraction,mean_matched_minus_wrong,median_matched_minus_wrong,mean_matched_minus_carrier,median_matched_minus_carrier,carrier_description
tpg_v6,v_v6,holdout,44,0.886363636364,0.295454545455,0.477272727273,0.477272727273,0.818181818182,0.477272727273,-17.683782764,-13.9741995596,1.29545643447,0.644947601598,TPG/v6 frozen predecessor carrier
tpg_v6,v_v6,train,131,0.870229007634,0.374045801527,0.450381679389,0.450381679389,0.87786259542,0.458015267176,-16.837609141,-11.122740257,0.552484610099,0.226570975781,TPG/v6 frozen predecessor carrier
newtonian_baryonic,vn,holdout,44,0.954545454545,0.340909090909,0.795454545455,0.272727272727,0.795454545455,0.295454545455,-51.1310725316,-53.4247014023,-16.6831525704,-26.2287799573,Newtonian baryonic carrier
newtonian_baryonic,vn,train,131,0.908396946565,0.480916030534,0.832061068702,0.312977099237,0.832061068702,0.30534351145,-47.1213300731,-43.5027754772,-17.6785829041,-22.866672227,Newtonian baryonic carrier
