carrier_id,split,n_shuffles,seed,observed_mean_minus_wrong,null_mean_minus_wrong_mean,p_mean_minus_wrong_at_least_as_good,observed_beats_wrong_fraction,null_beats_wrong_fraction_mean,p_beats_wrong_fraction_at_least_as_good
tpg_v6,holdout,1000,31415,-17.683782764,-7.0283631281,0.001998001998,0.886363636364,0.773204545455,0.00599400599401
tpg_v6,train,1000,31415,-16.837609141,-5.56862490895,0.000999000999001,0.870229007634,0.764091603053,0.000999000999001
newtonian_baryonic,holdout,1000,31415,-51.1310725316,-17.5083138524,0.000999000999001,0.954545454545,0.746727272727,0.000999000999001
newtonian_baryonic,train,1000,31415,-47.1213300731,-13.4409791007,0.000999000999001,0.908396946565,0.706679389313,0.000999000999001
