selection_rule,selected_family_weight,selected_amplitude_path_id,train_balanced_score,train_baseline_score,train_specificity_score,train_specificity_ok,train_mond_win_ok,train_tpg_win_ok,holdout_n_galaxies,holdout_matched_beats_wrong_fraction,holdout_matched_rank1_fraction,holdout_matched_beats_tpg_v6_fraction,holdout_matched_beats_mond_fraction,holdout_mean_matched_minus_wrong,holdout_median_matched_minus_wrong,holdout_mean_matched_minus_tpg_v6,holdout_median_matched_minus_tpg_v6,holdout_mean_matched_minus_mond,holdout_median_matched_minus_mond
train_balanced_max,0.4,shrink_family_weight_0.40,1.8625954198473282,1.0596618140748115,0.8015267175572519,True,True,False,44,0.8181818181818182,0.2727272727272727,0.4772727272727273,0.6136363636363636,-8.554211380757708,-5.470945659132824,0.3167458926376676,0.1244578153286695,-0.1544993521490948,-0.9502140299745498
train_specificity_then_baseline,0.4,shrink_family_weight_0.40,1.8625954198473282,1.0596618140748115,0.8015267175572519,True,True,False,44,0.8181818181818182,0.2727272727272727,0.4772727272727273,0.6136363636363636,-8.554211380757708,-5.470945659132824,0.3167458926376676,0.1244578153286695,-0.1544993521490948,-0.9502140299745498
train_mond_gap_min_with_specificity,0.4,shrink_family_weight_0.40,1.8625954198473282,1.0596618140748115,0.8015267175572519,True,True,False,44,0.8181818181818182,0.2727272727272727,0.4772727272727273,0.6136363636363636,-8.554211380757708,-5.470945659132824,0.3167458926376676,0.1244578153286695,-0.1544993521490948,-0.9502140299745498
train_tpg_gap_min_with_specificity,0.4,shrink_family_weight_0.40,1.8625954198473282,1.0596618140748115,0.8015267175572519,True,True,False,44,0.8181818181818182,0.2727272727272727,0.4772727272727273,0.6136363636363636,-8.554211380757708,-5.470945659132824,0.3167458926376676,0.1244578153286695,-0.1544993521490948,-0.9502140299745498
