panel_x,panel_y,source_x,source_y,palette_class,velocity_bin_center_km_s,velocity_quantization_half_width_km_s,systemic_relation,endpoint_access
96,47,633,589,light_blue,1175.0,25.0,systemic_ambiguous,False
97,47,634,589,light_blue,1175.0,25.0,systemic_ambiguous,False
98,47,635,589,light_blue,1175.0,25.0,systemic_ambiguous,False
99,47,636,589,light_blue,1175.0,25.0,systemic_ambiguous,False
112,47,649,589,blue,1125.0,25.0,approaching,False
113,47,650,589,blue,1125.0,25.0,approaching,False
115,47,652,589,purple,1075.0,25.0,approaching,False
116,47,653,589,purple,1075.0,25.0,approaching,False
117,47,654,589,purple,1075.0,25.0,approaching,False
118,47,655,589,purple,1075.0,25.0,approaching,False
96,48,633,590,light_blue,1175.0,25.0,systemic_ambiguous,False
97,48,634,590,light_blue,1175.0,25.0,systemic_ambiguous,False
98,48,635,590,light_blue,1175.0,25.0,systemic_ambiguous,False
99,48,636,590,light_blue,1175.0,25.0,systemic_ambiguous,False
112,48,649,590,blue,1125.0,25.0,approaching,False
113,48,650,590,blue,1125.0,25.0,approaching,False
115,48,652,590,purple,1075.0,25.0,approaching,False
116,48,653,590,purple,1075.0,25.0,approaching,False
117,48,654,590,purple,1075.0,25.0,approaching,False
118,48,655,590,purple,1075.0,25.0,approaching,False
91,49,628,591,dark_green,1225.0,25.0,receding,False
92,49,629,591,dark_green,1225.0,25.0,receding,False
93,49,630,591,light_blue,1175.0,25.0,systemic_ambiguous,False
94,49,631,591,light_blue,1175.0,25.0,systemic_ambiguous,False
95,49,632,591,light_blue,1175.0,25.0,systemic_ambiguous,False
96,49,633,591,light_blue,1175.0,25.0,systemic_ambiguous,False
97,49,634,591,light_blue,1175.0,25.0,systemic_ambiguous,False
98,49,635,591,light_blue,1175.0,25.0,systemic_ambiguous,False
99,49,636,591,light_blue,1175.0,25.0,systemic_ambiguous,False
100,49,637,591,light_blue,1175.0,25.0,systemic_ambiguous,False
101,49,638,591,light_blue,1175.0,25.0,systemic_ambiguous,False
102,49,639,591,light_blue,1175.0,25.0,systemic_ambiguous,False
103,49,640,591,light_blue,1175.0,25.0,systemic_ambiguous,False
112,49,649,591,blue,1125.0,25.0,approaching,False
113,49,650,591,blue,1125.0,25.0,approaching,False
115,49,652,591,purple,1075.0,25.0,approaching,False
116,49,653,591,purple,1075.0,25.0,approaching,False
117,49,654,591,purple,1075.0,25.0,approaching,False
118,49,655,591,purple,1075.0,25.0,approaching,False
119,49,656,591,purple,1075.0,25.0,approaching,False
120,49,657,591,purple,1075.0,25.0,approaching,False
91,50,628,592,dark_green,1225.0,25.0,receding,False
92,50,629,592,dark_green,1225.0,25.0,receding,False
93,50,630,592,light_blue,1175.0,25.0,systemic_ambiguous,False
94,50,631,592,light_blue,1175.0,25.0,systemic_ambiguous,False
95,50,632,592,light_blue,1175.0,25.0,systemic_ambiguous,False
96,50,633,592,light_blue,1175.0,25.0,systemic_ambiguous,False
97,50,634,592,light_blue,1175.0,25.0,systemic_ambiguous,False
98,50,635,592,light_blue,1175.0,25.0,systemic_ambiguous,False
99,50,636,592,light_blue,1175.0,25.0,systemic_ambiguous,False
100,50,637,592,light_blue,1175.0,25.0,systemic_ambiguous,False
101,50,638,592,light_blue,1175.0,25.0,systemic_ambiguous,False
102,50,639,592,light_blue,1175.0,25.0,systemic_ambiguous,False
103,50,640,592,light_blue,1175.0,25.0,systemic_ambiguous,False
112,50,649,592,blue,1125.0,25.0,approaching,False
113,50,650,592,blue,1125.0,25.0,approaching,False
117,50,654,592,purple,1075.0,25.0,approaching,False
118,50,655,592,purple,1075.0,25.0,approaching,False
89,51,626,593,dark_green,1225.0,25.0,receding,False
90,51,627,593,dark_green,1225.0,25.0,receding,False
91,51,628,593,dark_green,1225.0,25.0,receding,False
92,51,629,593,dark_green,1225.0,25.0,receding,False
93,51,630,593,light_blue,1175.0,25.0,systemic_ambiguous,False
94,51,631,593,light_blue,1175.0,25.0,systemic_ambiguous,False
95,51,632,593,light_blue,1175.0,25.0,systemic_ambiguous,False
96,51,633,593,light_blue,1175.0,25.0,systemic_ambiguous,False
97,51,634,593,light_blue,1175.0,25.0,systemic_ambiguous,False
98,51,635,593,light_blue,1175.0,25.0,systemic_ambiguous,False
99,51,636,593,light_blue,1175.0,25.0,systemic_ambiguous,False
100,51,637,593,light_blue,1175.0,25.0,systemic_ambiguous,False
101,51,638,593,light_blue,1175.0,25.0,systemic_ambiguous,False
102,51,639,593,light_blue,1175.0,25.0,systemic_ambiguous,False
103,51,640,593,light_blue,1175.0,25.0,systemic_ambiguous,False
110,51,647,593,blue,1125.0,25.0,approaching,False
111,51,648,593,blue,1125.0,25.0,approaching,False
112,51,649,593,blue,1125.0,25.0,approaching,False
113,51,650,593,blue,1125.0,25.0,approaching,False
114,51,651,593,blue,1125.0,25.0,approaching,False
115,51,652,593,blue,1125.0,25.0,approaching,False
117,51,654,593,purple,1075.0,25.0,approaching,False
118,51,655,593,purple,1075.0,25.0,approaching,False
89,52,626,594,dark_green,1225.0,25.0,receding,False
90,52,627,594,dark_green,1225.0,25.0,receding,False
91,52,628,594,dark_green,1225.0,25.0,receding,False
92,52,629,594,dark_green,1225.0,25.0,receding,False
93,52,630,594,light_blue,1175.0,25.0,systemic_ambiguous,False
94,52,631,594,light_blue,1175.0,25.0,systemic_ambiguous,False
95,52,632,594,light_blue,1175.0,25.0,systemic_ambiguous,False
96,52,633,594,light_blue,1175.0,25.0,systemic_ambiguous,False
97,52,634,594,light_blue,1175.0,25.0,systemic_ambiguous,False
98,52,635,594,light_blue,1175.0,25.0,systemic_ambiguous,False
99,52,636,594,light_blue,1175.0,25.0,systemic_ambiguous,False
100,52,637,594,light_blue,1175.0,25.0,systemic_ambiguous,False
101,52,638,594,light_blue,1175.0,25.0,systemic_ambiguous,False
102,52,639,594,light_blue,1175.0,25.0,systemic_ambiguous,False
103,52,640,594,light_blue,1175.0,25.0,systemic_ambiguous,False
110,52,647,594,blue,1125.0,25.0,approaching,False
111,52,648,594,blue,1125.0,25.0,approaching,False
112,52,649,594,blue,1125.0,25.0,approaching,False
113,52,650,594,blue,1125.0,25.0,approaching,False
114,52,651,594,blue,1125.0,25.0,approaching,False
115,52,652,594,blue,1125.0,25.0,approaching,False
117,52,654,594,purple,1075.0,25.0,approaching,False
118,52,655,594,purple,1075.0,25.0,approaching,False
89,53,626,595,dark_green,1225.0,25.0,receding,False
93,53,630,595,light_blue,1175.0,25.0,systemic_ambiguous,False
94,53,631,595,light_blue,1175.0,25.0,systemic_ambiguous,False
95,53,632,595,light_blue,1175.0,25.0,systemic_ambiguous,False
96,53,633,595,light_blue,1175.0,25.0,systemic_ambiguous,False
110,53,647,595,blue,1125.0,25.0,approaching,False
111,53,648,595,blue,1125.0,25.0,approaching,False
112,53,649,595,blue,1125.0,25.0,approaching,False
113,53,650,595,blue,1125.0,25.0,approaching,False
114,53,651,595,blue,1125.0,25.0,approaching,False
115,53,652,595,blue,1125.0,25.0,approaching,False
116,53,653,595,blue,1125.0,25.0,approaching,False
86,54,623,596,dark_green,1225.0,25.0,receding,False
87,54,624,596,dark_green,1225.0,25.0,receding,False
88,54,625,596,dark_green,1225.0,25.0,receding,False
89,54,626,596,dark_green,1225.0,25.0,receding,False
91,54,628,596,light_blue,1175.0,25.0,systemic_ambiguous,False
92,54,629,596,light_blue,1175.0,25.0,systemic_ambiguous,False
93,54,630,596,light_blue,1175.0,25.0,systemic_ambiguous,False
94,54,631,596,light_blue,1175.0,25.0,systemic_ambiguous,False
95,54,632,596,light_blue,1175.0,25.0,systemic_ambiguous,False
96,54,633,596,light_blue,1175.0,25.0,systemic_ambiguous,False
98,54,635,596,blue,1125.0,25.0,approaching,False
99,54,636,596,blue,1125.0,25.0,approaching,False
100,54,637,596,blue,1125.0,25.0,approaching,False
101,54,638,596,blue,1125.0,25.0,approaching,False
102,54,639,596,blue,1125.0,25.0,approaching,False
103,54,640,596,blue,1125.0,25.0,approaching,False
104,54,641,596,blue,1125.0,25.0,approaching,False
105,54,642,596,blue,1125.0,25.0,approaching,False
106,54,643,596,blue,1125.0,25.0,approaching,False
107,54,644,596,blue,1125.0,25.0,approaching,False
108,54,645,596,blue,1125.0,25.0,approaching,False
109,54,646,596,blue,1125.0,25.0,approaching,False
110,54,647,596,blue,1125.0,25.0,approaching,False
111,54,648,596,blue,1125.0,25.0,approaching,False
112,54,649,596,blue,1125.0,25.0,approaching,False
113,54,650,596,blue,1125.0,25.0,approaching,False
114,54,651,596,blue,1125.0,25.0,approaching,False
115,54,652,596,blue,1125.0,25.0,approaching,False
116,54,653,596,blue,1125.0,25.0,approaching,False
117,54,654,596,blue,1125.0,25.0,approaching,False
118,54,655,596,blue,1125.0,25.0,approaching,False
86,55,623,597,dark_green,1225.0,25.0,receding,False
87,55,624,597,dark_green,1225.0,25.0,receding,False
88,55,625,597,dark_green,1225.0,25.0,receding,False
89,55,626,597,dark_green,1225.0,25.0,receding,False
91,55,628,597,light_blue,1175.0,25.0,systemic_ambiguous,False
92,55,629,597,light_blue,1175.0,25.0,systemic_ambiguous,False
93,55,630,597,light_blue,1175.0,25.0,systemic_ambiguous,False
94,55,631,597,light_blue,1175.0,25.0,systemic_ambiguous,False
95,55,632,597,light_blue,1175.0,25.0,systemic_ambiguous,False
96,55,633,597,light_blue,1175.0,25.0,systemic_ambiguous,False
98,55,635,597,blue,1125.0,25.0,approaching,False
99,55,636,597,blue,1125.0,25.0,approaching,False
100,55,637,597,blue,1125.0,25.0,approaching,False
101,55,638,597,blue,1125.0,25.0,approaching,False
102,55,639,597,blue,1125.0,25.0,approaching,False
103,55,640,597,blue,1125.0,25.0,approaching,False
104,55,641,597,blue,1125.0,25.0,approaching,False
105,55,642,597,blue,1125.0,25.0,approaching,False
106,55,643,597,blue,1125.0,25.0,approaching,False
107,55,644,597,blue,1125.0,25.0,approaching,False
108,55,645,597,blue,1125.0,25.0,approaching,False
109,55,646,597,blue,1125.0,25.0,approaching,False
110,55,647,597,blue,1125.0,25.0,approaching,False
111,55,648,597,blue,1125.0,25.0,approaching,False
112,55,649,597,blue,1125.0,25.0,approaching,False
113,55,650,597,blue,1125.0,25.0,approaching,False
114,55,651,597,blue,1125.0,25.0,approaching,False
115,55,652,597,blue,1125.0,25.0,approaching,False
84,56,621,598,dark_green,1225.0,25.0,receding,False
85,56,622,598,dark_green,1225.0,25.0,receding,False
86,56,623,598,dark_green,1225.0,25.0,receding,False
87,56,624,598,dark_green,1225.0,25.0,receding,False
88,56,625,598,dark_green,1225.0,25.0,receding,False
89,56,626,598,dark_green,1225.0,25.0,receding,False
91,56,628,598,light_blue,1175.0,25.0,systemic_ambiguous,False
92,56,629,598,light_blue,1175.0,25.0,systemic_ambiguous,False
93,56,630,598,light_blue,1175.0,25.0,systemic_ambiguous,False
94,56,631,598,light_blue,1175.0,25.0,systemic_ambiguous,False
95,56,632,598,light_blue,1175.0,25.0,systemic_ambiguous,False
96,56,633,598,light_blue,1175.0,25.0,systemic_ambiguous,False
98,56,635,598,blue,1125.0,25.0,approaching,False
99,56,636,598,blue,1125.0,25.0,approaching,False
100,56,637,598,blue,1125.0,25.0,approaching,False
101,56,638,598,blue,1125.0,25.0,approaching,False
102,56,639,598,blue,1125.0,25.0,approaching,False
103,56,640,598,blue,1125.0,25.0,approaching,False
104,56,641,598,blue,1125.0,25.0,approaching,False
105,56,642,598,blue,1125.0,25.0,approaching,False
106,56,643,598,blue,1125.0,25.0,approaching,False
107,56,644,598,blue,1125.0,25.0,approaching,False
108,56,645,598,blue,1125.0,25.0,approaching,False
109,56,646,598,blue,1125.0,25.0,approaching,False
110,56,647,598,blue,1125.0,25.0,approaching,False
111,56,648,598,blue,1125.0,25.0,approaching,False
112,56,649,598,blue,1125.0,25.0,approaching,False
113,56,650,598,blue,1125.0,25.0,approaching,False
114,56,651,598,blue,1125.0,25.0,approaching,False
115,56,652,598,blue,1125.0,25.0,approaching,False
117,56,654,598,purple,1075.0,25.0,approaching,False
118,56,655,598,purple,1075.0,25.0,approaching,False
84,57,621,599,dark_green,1225.0,25.0,receding,False
85,57,622,599,dark_green,1225.0,25.0,receding,False
86,57,623,599,dark_green,1225.0,25.0,receding,False
87,57,624,599,dark_green,1225.0,25.0,receding,False
88,57,625,599,dark_green,1225.0,25.0,receding,False
89,57,626,599,dark_green,1225.0,25.0,receding,False
91,57,628,599,light_blue,1175.0,25.0,systemic_ambiguous,False
92,57,629,599,light_blue,1175.0,25.0,systemic_ambiguous,False
93,57,630,599,light_blue,1175.0,25.0,systemic_ambiguous,False
94,57,631,599,light_blue,1175.0,25.0,systemic_ambiguous,False
95,57,632,599,light_blue,1175.0,25.0,systemic_ambiguous,False
96,57,633,599,light_blue,1175.0,25.0,systemic_ambiguous,False
98,57,635,599,blue,1125.0,25.0,approaching,False
99,57,636,599,blue,1125.0,25.0,approaching,False
100,57,637,599,blue,1125.0,25.0,approaching,False
101,57,638,599,blue,1125.0,25.0,approaching,False
102,57,639,599,blue,1125.0,25.0,approaching,False
103,57,640,599,blue,1125.0,25.0,approaching,False
104,57,641,599,blue,1125.0,25.0,approaching,False
105,57,642,599,blue,1125.0,25.0,approaching,False
106,57,643,599,blue,1125.0,25.0,approaching,False
107,57,644,599,blue,1125.0,25.0,approaching,False
108,57,645,599,blue,1125.0,25.0,approaching,False
109,57,646,599,blue,1125.0,25.0,approaching,False
110,57,647,599,blue,1125.0,25.0,approaching,False
111,57,648,599,blue,1125.0,25.0,approaching,False
112,57,649,599,blue,1125.0,25.0,approaching,False
113,57,650,599,blue,1125.0,25.0,approaching,False
114,57,651,599,blue,1125.0,25.0,approaching,False
115,57,652,599,blue,1125.0,25.0,approaching,False
117,57,654,599,purple,1075.0,25.0,approaching,False
118,57,655,599,purple,1075.0,25.0,approaching,False
75,58,612,600,bright_green,1275.0,25.0,receding,False
76,58,613,600,bright_green,1275.0,25.0,receding,False
77,58,614,600,bright_green,1275.0,25.0,receding,False
78,58,615,600,bright_green,1275.0,25.0,receding,False
79,58,616,600,dark_green,1225.0,25.0,receding,False
80,58,617,600,dark_green,1225.0,25.0,receding,False
81,58,618,600,dark_green,1225.0,25.0,receding,False
82,58,619,600,dark_green,1225.0,25.0,receding,False
83,58,620,600,dark_green,1225.0,25.0,receding,False
84,58,621,600,dark_green,1225.0,25.0,receding,False
85,58,622,600,dark_green,1225.0,25.0,receding,False
87,58,624,600,light_blue,1175.0,25.0,systemic_ambiguous,False
88,58,625,600,light_blue,1175.0,25.0,systemic_ambiguous,False
89,58,626,600,light_blue,1175.0,25.0,systemic_ambiguous,False
90,58,627,600,light_blue,1175.0,25.0,systemic_ambiguous,False
91,58,628,600,light_blue,1175.0,25.0,systemic_ambiguous,False
92,58,629,600,light_blue,1175.0,25.0,systemic_ambiguous,False
93,58,630,600,light_blue,1175.0,25.0,systemic_ambiguous,False
94,58,631,600,light_blue,1175.0,25.0,systemic_ambiguous,False
96,58,633,600,blue,1125.0,25.0,approaching,False
97,58,634,600,blue,1125.0,25.0,approaching,False
98,58,635,600,blue,1125.0,25.0,approaching,False
99,58,636,600,blue,1125.0,25.0,approaching,False
100,58,637,600,blue,1125.0,25.0,approaching,False
101,58,638,600,blue,1125.0,25.0,approaching,False
102,58,639,600,blue,1125.0,25.0,approaching,False
103,58,640,600,blue,1125.0,25.0,approaching,False
104,58,641,600,blue,1125.0,25.0,approaching,False
105,58,642,600,blue,1125.0,25.0,approaching,False
106,58,643,600,blue,1125.0,25.0,approaching,False
107,58,644,600,blue,1125.0,25.0,approaching,False
108,58,645,600,blue,1125.0,25.0,approaching,False
109,58,646,600,blue,1125.0,25.0,approaching,False
110,58,647,600,blue,1125.0,25.0,approaching,False
112,58,649,600,purple,1075.0,25.0,approaching,False
113,58,650,600,purple,1075.0,25.0,approaching,False
114,58,651,600,purple,1075.0,25.0,approaching,False
115,58,652,600,purple,1075.0,25.0,approaching,False
116,58,653,600,purple,1075.0,25.0,approaching,False
118,58,655,600,purple,1075.0,25.0,approaching,False
75,59,612,601,bright_green,1275.0,25.0,receding,False
76,59,613,601,bright_green,1275.0,25.0,receding,False
77,59,614,601,bright_green,1275.0,25.0,receding,False
78,59,615,601,bright_green,1275.0,25.0,receding,False
79,59,616,601,dark_green,1225.0,25.0,receding,False
80,59,617,601,dark_green,1225.0,25.0,receding,False
81,59,618,601,dark_green,1225.0,25.0,receding,False
82,59,619,601,dark_green,1225.0,25.0,receding,False
83,59,620,601,dark_green,1225.0,25.0,receding,False
84,59,621,601,dark_green,1225.0,25.0,receding,False
85,59,622,601,dark_green,1225.0,25.0,receding,False
86,59,623,601,light_blue,1175.0,25.0,systemic_ambiguous,False
87,59,624,601,light_blue,1175.0,25.0,systemic_ambiguous,False
88,59,625,601,light_blue,1175.0,25.0,systemic_ambiguous,False
89,59,626,601,light_blue,1175.0,25.0,systemic_ambiguous,False
90,59,627,601,light_blue,1175.0,25.0,systemic_ambiguous,False
91,59,628,601,light_blue,1175.0,25.0,systemic_ambiguous,False
92,59,629,601,light_blue,1175.0,25.0,systemic_ambiguous,False
93,59,630,601,light_blue,1175.0,25.0,systemic_ambiguous,False
94,59,631,601,light_blue,1175.0,25.0,systemic_ambiguous,False
96,59,633,601,blue,1125.0,25.0,approaching,False
97,59,634,601,blue,1125.0,25.0,approaching,False
98,59,635,601,blue,1125.0,25.0,approaching,False
99,59,636,601,blue,1125.0,25.0,approaching,False
100,59,637,601,blue,1125.0,25.0,approaching,False
101,59,638,601,blue,1125.0,25.0,approaching,False
102,59,639,601,blue,1125.0,25.0,approaching,False
103,59,640,601,blue,1125.0,25.0,approaching,False
104,59,641,601,blue,1125.0,25.0,approaching,False
105,59,642,601,blue,1125.0,25.0,approaching,False
106,59,643,601,blue,1125.0,25.0,approaching,False
107,59,644,601,blue,1125.0,25.0,approaching,False
108,59,645,601,blue,1125.0,25.0,approaching,False
109,59,646,601,blue,1125.0,25.0,approaching,False
110,59,647,601,blue,1125.0,25.0,approaching,False
112,59,649,601,purple,1075.0,25.0,approaching,False
113,59,650,601,purple,1075.0,25.0,approaching,False
115,59,652,601,purple,1075.0,25.0,approaching,False
116,59,653,601,purple,1075.0,25.0,approaching,False
117,59,654,601,purple,1075.0,25.0,approaching,False
118,59,655,601,purple,1075.0,25.0,approaching,False
75,60,612,602,bright_green,1275.0,25.0,receding,False
76,60,613,602,bright_green,1275.0,25.0,receding,False
77,60,614,602,bright_green,1275.0,25.0,receding,False
78,60,615,602,bright_green,1275.0,25.0,receding,False
79,60,616,602,dark_green,1225.0,25.0,receding,False
80,60,617,602,dark_green,1225.0,25.0,receding,False
81,60,618,602,dark_green,1225.0,25.0,receding,False
82,60,619,602,dark_green,1225.0,25.0,receding,False
83,60,620,602,dark_green,1225.0,25.0,receding,False
84,60,621,602,dark_green,1225.0,25.0,receding,False
85,60,622,602,dark_green,1225.0,25.0,receding,False
86,60,623,602,light_blue,1175.0,25.0,systemic_ambiguous,False
87,60,624,602,light_blue,1175.0,25.0,systemic_ambiguous,False
88,60,625,602,light_blue,1175.0,25.0,systemic_ambiguous,False
89,60,626,602,light_blue,1175.0,25.0,systemic_ambiguous,False
90,60,627,602,light_blue,1175.0,25.0,systemic_ambiguous,False
91,60,628,602,light_blue,1175.0,25.0,systemic_ambiguous,False
92,60,629,602,light_blue,1175.0,25.0,systemic_ambiguous,False
96,60,633,602,blue,1125.0,25.0,approaching,False
97,60,634,602,blue,1125.0,25.0,approaching,False
98,60,635,602,blue,1125.0,25.0,approaching,False
99,60,636,602,blue,1125.0,25.0,approaching,False
100,60,637,602,blue,1125.0,25.0,approaching,False
101,60,638,602,blue,1125.0,25.0,approaching,False
102,60,639,602,blue,1125.0,25.0,approaching,False
103,60,640,602,blue,1125.0,25.0,approaching,False
104,60,641,602,blue,1125.0,25.0,approaching,False
105,60,642,602,blue,1125.0,25.0,approaching,False
106,60,643,602,blue,1125.0,25.0,approaching,False
107,60,644,602,blue,1125.0,25.0,approaching,False
108,60,645,602,blue,1125.0,25.0,approaching,False
112,60,649,602,purple,1075.0,25.0,approaching,False
113,60,650,602,purple,1075.0,25.0,approaching,False
114,60,651,602,purple,1075.0,25.0,approaching,False
115,60,652,602,purple,1075.0,25.0,approaching,False
67,61,604,603,bright_green,1275.0,25.0,receding,False
68,61,605,603,bright_green,1275.0,25.0,receding,False
69,61,606,603,bright_green,1275.0,25.0,receding,False
70,61,607,603,bright_green,1275.0,25.0,receding,False
71,61,608,603,bright_green,1275.0,25.0,receding,False
72,61,609,603,bright_green,1275.0,25.0,receding,False
73,61,610,603,bright_green,1275.0,25.0,receding,False
74,61,611,603,bright_green,1275.0,25.0,receding,False
75,61,612,603,bright_green,1275.0,25.0,receding,False
76,61,613,603,bright_green,1275.0,25.0,receding,False
77,61,614,603,bright_green,1275.0,25.0,receding,False
78,61,615,603,bright_green,1275.0,25.0,receding,False
79,61,616,603,dark_green,1225.0,25.0,receding,False
80,61,617,603,dark_green,1225.0,25.0,receding,False
81,61,618,603,dark_green,1225.0,25.0,receding,False
82,61,619,603,dark_green,1225.0,25.0,receding,False
83,61,620,603,dark_green,1225.0,25.0,receding,False
84,61,621,603,dark_green,1225.0,25.0,receding,False
85,61,622,603,dark_green,1225.0,25.0,receding,False
86,61,623,603,light_blue,1175.0,25.0,systemic_ambiguous,False
87,61,624,603,light_blue,1175.0,25.0,systemic_ambiguous,False
88,61,625,603,light_blue,1175.0,25.0,systemic_ambiguous,False
89,61,626,603,light_blue,1175.0,25.0,systemic_ambiguous,False
90,61,627,603,light_blue,1175.0,25.0,systemic_ambiguous,False
91,61,628,603,light_blue,1175.0,25.0,systemic_ambiguous,False
92,61,629,603,light_blue,1175.0,25.0,systemic_ambiguous,False
93,61,630,603,blue,1125.0,25.0,approaching,False
94,61,631,603,blue,1125.0,25.0,approaching,False
95,61,632,603,blue,1125.0,25.0,approaching,False
96,61,633,603,blue,1125.0,25.0,approaching,False
97,61,634,603,blue,1125.0,25.0,approaching,False
98,61,635,603,blue,1125.0,25.0,approaching,False
99,61,636,603,blue,1125.0,25.0,approaching,False
100,61,637,603,blue,1125.0,25.0,approaching,False
101,61,638,603,blue,1125.0,25.0,approaching,False
102,61,639,603,blue,1125.0,25.0,approaching,False
103,61,640,603,blue,1125.0,25.0,approaching,False
104,61,641,603,blue,1125.0,25.0,approaching,False
105,61,642,603,blue,1125.0,25.0,approaching,False
106,61,643,603,blue,1125.0,25.0,approaching,False
107,61,644,603,blue,1125.0,25.0,approaching,False
108,61,645,603,blue,1125.0,25.0,approaching,False
110,61,647,603,purple,1075.0,25.0,approaching,False
111,61,648,603,purple,1075.0,25.0,approaching,False
112,61,649,603,purple,1075.0,25.0,approaching,False
113,61,650,603,purple,1075.0,25.0,approaching,False
114,61,651,603,purple,1075.0,25.0,approaching,False
115,61,652,603,purple,1075.0,25.0,approaching,False
67,62,604,604,bright_green,1275.0,25.0,receding,False
68,62,605,604,bright_green,1275.0,25.0,receding,False
69,62,606,604,bright_green,1275.0,25.0,receding,False
70,62,607,604,bright_green,1275.0,25.0,receding,False
71,62,608,604,bright_green,1275.0,25.0,receding,False
72,62,609,604,bright_green,1275.0,25.0,receding,False
73,62,610,604,bright_green,1275.0,25.0,receding,False
74,62,611,604,bright_green,1275.0,25.0,receding,False
75,62,612,604,bright_green,1275.0,25.0,receding,False
76,62,613,604,bright_green,1275.0,25.0,receding,False
77,62,614,604,bright_green,1275.0,25.0,receding,False
78,62,615,604,bright_green,1275.0,25.0,receding,False
79,62,616,604,dark_green,1225.0,25.0,receding,False
80,62,617,604,dark_green,1225.0,25.0,receding,False
81,62,618,604,dark_green,1225.0,25.0,receding,False
82,62,619,604,dark_green,1225.0,25.0,receding,False
83,62,620,604,dark_green,1225.0,25.0,receding,False
84,62,621,604,dark_green,1225.0,25.0,receding,False
85,62,622,604,dark_green,1225.0,25.0,receding,False
86,62,623,604,light_blue,1175.0,25.0,systemic_ambiguous,False
87,62,624,604,light_blue,1175.0,25.0,systemic_ambiguous,False
88,62,625,604,light_blue,1175.0,25.0,systemic_ambiguous,False
89,62,626,604,light_blue,1175.0,25.0,systemic_ambiguous,False
90,62,627,604,light_blue,1175.0,25.0,systemic_ambiguous,False
91,62,628,604,light_blue,1175.0,25.0,systemic_ambiguous,False
92,62,629,604,light_blue,1175.0,25.0,systemic_ambiguous,False
93,62,630,604,blue,1125.0,25.0,approaching,False
94,62,631,604,blue,1125.0,25.0,approaching,False
95,62,632,604,blue,1125.0,25.0,approaching,False
96,62,633,604,blue,1125.0,25.0,approaching,False
97,62,634,604,blue,1125.0,25.0,approaching,False
98,62,635,604,blue,1125.0,25.0,approaching,False
99,62,636,604,blue,1125.0,25.0,approaching,False
100,62,637,604,blue,1125.0,25.0,approaching,False
101,62,638,604,blue,1125.0,25.0,approaching,False
102,62,639,604,blue,1125.0,25.0,approaching,False
103,62,640,604,blue,1125.0,25.0,approaching,False
104,62,641,604,blue,1125.0,25.0,approaching,False
105,62,642,604,blue,1125.0,25.0,approaching,False
106,62,643,604,blue,1125.0,25.0,approaching,False
110,62,647,604,purple,1075.0,25.0,approaching,False
111,62,648,604,purple,1075.0,25.0,approaching,False
112,62,649,604,purple,1075.0,25.0,approaching,False
113,62,650,604,purple,1075.0,25.0,approaching,False
114,62,651,604,purple,1075.0,25.0,approaching,False
115,62,652,604,purple,1075.0,25.0,approaching,False
63,63,600,605,yellow,1325.0,25.0,receding,False
64,63,601,605,yellow,1325.0,25.0,receding,False
65,63,602,605,yellow,1325.0,25.0,receding,False
66,63,603,605,yellow,1325.0,25.0,receding,False
67,63,604,605,bright_green,1275.0,25.0,receding,False
68,63,605,605,bright_green,1275.0,25.0,receding,False
69,63,606,605,bright_green,1275.0,25.0,receding,False
70,63,607,605,bright_green,1275.0,25.0,receding,False
71,63,608,605,bright_green,1275.0,25.0,receding,False
72,63,609,605,bright_green,1275.0,25.0,receding,False
73,63,610,605,bright_green,1275.0,25.0,receding,False
74,63,611,605,bright_green,1275.0,25.0,receding,False
75,63,612,605,bright_green,1275.0,25.0,receding,False
76,63,613,605,bright_green,1275.0,25.0,receding,False
77,63,614,605,bright_green,1275.0,25.0,receding,False
78,63,615,605,bright_green,1275.0,25.0,receding,False
79,63,616,605,dark_green,1225.0,25.0,receding,False
80,63,617,605,dark_green,1225.0,25.0,receding,False
81,63,618,605,dark_green,1225.0,25.0,receding,False
82,63,619,605,dark_green,1225.0,25.0,receding,False
83,63,620,605,dark_green,1225.0,25.0,receding,False
84,63,621,605,dark_green,1225.0,25.0,receding,False
85,63,622,605,dark_green,1225.0,25.0,receding,False
86,63,623,605,light_blue,1175.0,25.0,systemic_ambiguous,False
87,63,624,605,light_blue,1175.0,25.0,systemic_ambiguous,False
88,63,625,605,light_blue,1175.0,25.0,systemic_ambiguous,False
89,63,626,605,light_blue,1175.0,25.0,systemic_ambiguous,False
90,63,627,605,light_blue,1175.0,25.0,systemic_ambiguous,False
91,63,628,605,light_blue,1175.0,25.0,systemic_ambiguous,False
92,63,629,605,light_blue,1175.0,25.0,systemic_ambiguous,False
93,63,630,605,blue,1125.0,25.0,approaching,False
94,63,631,605,blue,1125.0,25.0,approaching,False
95,63,632,605,blue,1125.0,25.0,approaching,False
96,63,633,605,blue,1125.0,25.0,approaching,False
97,63,634,605,blue,1125.0,25.0,approaching,False
98,63,635,605,blue,1125.0,25.0,approaching,False
99,63,636,605,blue,1125.0,25.0,approaching,False
100,63,637,605,blue,1125.0,25.0,approaching,False
101,63,638,605,blue,1125.0,25.0,approaching,False
102,63,639,605,blue,1125.0,25.0,approaching,False
103,63,640,605,blue,1125.0,25.0,approaching,False
104,63,641,605,blue,1125.0,25.0,approaching,False
105,63,642,605,blue,1125.0,25.0,approaching,False
106,63,643,605,blue,1125.0,25.0,approaching,False
108,63,645,605,purple,1075.0,25.0,approaching,False
109,63,646,605,purple,1075.0,25.0,approaching,False
110,63,647,605,purple,1075.0,25.0,approaching,False
111,63,648,605,purple,1075.0,25.0,approaching,False
112,63,649,605,purple,1075.0,25.0,approaching,False
113,63,650,605,purple,1075.0,25.0,approaching,False
114,63,651,605,purple,1075.0,25.0,approaching,False
115,63,652,605,purple,1075.0,25.0,approaching,False
63,64,600,606,yellow,1325.0,25.0,receding,False
64,64,601,606,yellow,1325.0,25.0,receding,False
65,64,602,606,yellow,1325.0,25.0,receding,False
66,64,603,606,yellow,1325.0,25.0,receding,False
67,64,604,606,bright_green,1275.0,25.0,receding,False
68,64,605,606,bright_green,1275.0,25.0,receding,False
69,64,606,606,bright_green,1275.0,25.0,receding,False
70,64,607,606,bright_green,1275.0,25.0,receding,False
71,64,608,606,bright_green,1275.0,25.0,receding,False
72,64,609,606,bright_green,1275.0,25.0,receding,False
73,64,610,606,bright_green,1275.0,25.0,receding,False
74,64,611,606,bright_green,1275.0,25.0,receding,False
75,64,612,606,bright_green,1275.0,25.0,receding,False
76,64,613,606,bright_green,1275.0,25.0,receding,False
77,64,614,606,bright_green,1275.0,25.0,receding,False
78,64,615,606,bright_green,1275.0,25.0,receding,False
79,64,616,606,dark_green,1225.0,25.0,receding,False
80,64,617,606,dark_green,1225.0,25.0,receding,False
81,64,618,606,dark_green,1225.0,25.0,receding,False
82,64,619,606,dark_green,1225.0,25.0,receding,False
83,64,620,606,dark_green,1225.0,25.0,receding,False
84,64,621,606,dark_green,1225.0,25.0,receding,False
85,64,622,606,dark_green,1225.0,25.0,receding,False
86,64,623,606,light_blue,1175.0,25.0,systemic_ambiguous,False
87,64,624,606,light_blue,1175.0,25.0,systemic_ambiguous,False
88,64,625,606,light_blue,1175.0,25.0,systemic_ambiguous,False
89,64,626,606,light_blue,1175.0,25.0,systemic_ambiguous,False
90,64,627,606,light_blue,1175.0,25.0,systemic_ambiguous,False
91,64,628,606,light_blue,1175.0,25.0,systemic_ambiguous,False
92,64,629,606,light_blue,1175.0,25.0,systemic_ambiguous,False
93,64,630,606,blue,1125.0,25.0,approaching,False
94,64,631,606,blue,1125.0,25.0,approaching,False
95,64,632,606,blue,1125.0,25.0,approaching,False
96,64,633,606,blue,1125.0,25.0,approaching,False
97,64,634,606,blue,1125.0,25.0,approaching,False
98,64,635,606,blue,1125.0,25.0,approaching,False
99,64,636,606,blue,1125.0,25.0,approaching,False
100,64,637,606,blue,1125.0,25.0,approaching,False
101,64,638,606,blue,1125.0,25.0,approaching,False
102,64,639,606,blue,1125.0,25.0,approaching,False
103,64,640,606,blue,1125.0,25.0,approaching,False
104,64,641,606,blue,1125.0,25.0,approaching,False
105,64,642,606,blue,1125.0,25.0,approaching,False
106,64,643,606,blue,1125.0,25.0,approaching,False
107,64,644,606,purple,1075.0,25.0,approaching,False
108,64,645,606,purple,1075.0,25.0,approaching,False
109,64,646,606,purple,1075.0,25.0,approaching,False
110,64,647,606,purple,1075.0,25.0,approaching,False
111,64,648,606,purple,1075.0,25.0,approaching,False
112,64,649,606,purple,1075.0,25.0,approaching,False
114,64,651,606,purple,1075.0,25.0,approaching,False
115,64,652,606,purple,1075.0,25.0,approaching,False
56,65,593,607,yellow,1325.0,25.0,receding,False
57,65,594,607,yellow,1325.0,25.0,receding,False
58,65,595,607,yellow,1325.0,25.0,receding,False
59,65,596,607,yellow,1325.0,25.0,receding,False
60,65,597,607,yellow,1325.0,25.0,receding,False
61,65,598,607,yellow,1325.0,25.0,receding,False
62,65,599,607,yellow,1325.0,25.0,receding,False
63,65,600,607,yellow,1325.0,25.0,receding,False
64,65,601,607,yellow,1325.0,25.0,receding,False
65,65,602,607,yellow,1325.0,25.0,receding,False
66,65,603,607,yellow,1325.0,25.0,receding,False
67,65,604,607,yellow,1325.0,25.0,receding,False
68,65,605,607,yellow,1325.0,25.0,receding,False
70,65,607,607,bright_green,1275.0,25.0,receding,False
71,65,608,607,bright_green,1275.0,25.0,receding,False
72,65,609,607,bright_green,1275.0,25.0,receding,False
73,65,610,607,bright_green,1275.0,25.0,receding,False
74,65,611,607,bright_green,1275.0,25.0,receding,False
75,65,612,607,bright_green,1275.0,25.0,receding,False
76,65,613,607,bright_green,1275.0,25.0,receding,False
77,65,614,607,bright_green,1275.0,25.0,receding,False
78,65,615,607,bright_green,1275.0,25.0,receding,False
79,65,616,607,bright_green,1275.0,25.0,receding,False
80,65,617,607,bright_green,1275.0,25.0,receding,False
82,65,619,607,dark_green,1225.0,25.0,receding,False
83,65,620,607,dark_green,1225.0,25.0,receding,False
84,65,621,607,dark_green,1225.0,25.0,receding,False
85,65,622,607,dark_green,1225.0,25.0,receding,False
86,65,623,607,light_blue,1175.0,25.0,systemic_ambiguous,False
87,65,624,607,light_blue,1175.0,25.0,systemic_ambiguous,False
88,65,625,607,light_blue,1175.0,25.0,systemic_ambiguous,False
89,65,626,607,light_blue,1175.0,25.0,systemic_ambiguous,False
90,65,627,607,light_blue,1175.0,25.0,systemic_ambiguous,False
91,65,628,607,light_blue,1175.0,25.0,systemic_ambiguous,False
92,65,629,607,light_blue,1175.0,25.0,systemic_ambiguous,False
93,65,630,607,blue,1125.0,25.0,approaching,False
94,65,631,607,blue,1125.0,25.0,approaching,False
95,65,632,607,blue,1125.0,25.0,approaching,False
96,65,633,607,blue,1125.0,25.0,approaching,False
97,65,634,607,blue,1125.0,25.0,approaching,False
98,65,635,607,blue,1125.0,25.0,approaching,False
99,65,636,607,blue,1125.0,25.0,approaching,False
100,65,637,607,blue,1125.0,25.0,approaching,False
101,65,638,607,blue,1125.0,25.0,approaching,False
102,65,639,607,blue,1125.0,25.0,approaching,False
103,65,640,607,blue,1125.0,25.0,approaching,False
104,65,641,607,blue,1125.0,25.0,approaching,False
105,65,642,607,blue,1125.0,25.0,approaching,False
106,65,643,607,blue,1125.0,25.0,approaching,False
107,65,644,607,purple,1075.0,25.0,approaching,False
108,65,645,607,purple,1075.0,25.0,approaching,False
109,65,646,607,purple,1075.0,25.0,approaching,False
110,65,647,607,purple,1075.0,25.0,approaching,False
111,65,648,607,purple,1075.0,25.0,approaching,False
112,65,649,607,purple,1075.0,25.0,approaching,False
113,65,650,607,purple,1075.0,25.0,approaching,False
114,65,651,607,purple,1075.0,25.0,approaching,False
115,65,652,607,purple,1075.0,25.0,approaching,False
56,66,593,608,yellow,1325.0,25.0,receding,False
57,66,594,608,yellow,1325.0,25.0,receding,False
58,66,595,608,yellow,1325.0,25.0,receding,False
59,66,596,608,yellow,1325.0,25.0,receding,False
60,66,597,608,yellow,1325.0,25.0,receding,False
61,66,598,608,yellow,1325.0,25.0,receding,False
62,66,599,608,yellow,1325.0,25.0,receding,False
63,66,600,608,yellow,1325.0,25.0,receding,False
64,66,601,608,yellow,1325.0,25.0,receding,False
65,66,602,608,yellow,1325.0,25.0,receding,False
66,66,603,608,yellow,1325.0,25.0,receding,False
67,66,604,608,yellow,1325.0,25.0,receding,False
68,66,605,608,yellow,1325.0,25.0,receding,False
70,66,607,608,bright_green,1275.0,25.0,receding,False
71,66,608,608,bright_green,1275.0,25.0,receding,False
72,66,609,608,bright_green,1275.0,25.0,receding,False
73,66,610,608,bright_green,1275.0,25.0,receding,False
74,66,611,608,bright_green,1275.0,25.0,receding,False
75,66,612,608,bright_green,1275.0,25.0,receding,False
76,66,613,608,bright_green,1275.0,25.0,receding,False
77,66,614,608,bright_green,1275.0,25.0,receding,False
78,66,615,608,bright_green,1275.0,25.0,receding,False
79,66,616,608,bright_green,1275.0,25.0,receding,False
80,66,617,608,bright_green,1275.0,25.0,receding,False
82,66,619,608,dark_green,1225.0,25.0,receding,False
83,66,620,608,dark_green,1225.0,25.0,receding,False
84,66,621,608,dark_green,1225.0,25.0,receding,False
85,66,622,608,dark_green,1225.0,25.0,receding,False
86,66,623,608,light_blue,1175.0,25.0,systemic_ambiguous,False
87,66,624,608,light_blue,1175.0,25.0,systemic_ambiguous,False
88,66,625,608,light_blue,1175.0,25.0,systemic_ambiguous,False
89,66,626,608,light_blue,1175.0,25.0,systemic_ambiguous,False
90,66,627,608,light_blue,1175.0,25.0,systemic_ambiguous,False
91,66,628,608,light_blue,1175.0,25.0,systemic_ambiguous,False
92,66,629,608,light_blue,1175.0,25.0,systemic_ambiguous,False
93,66,630,608,blue,1125.0,25.0,approaching,False
94,66,631,608,blue,1125.0,25.0,approaching,False
95,66,632,608,blue,1125.0,25.0,approaching,False
96,66,633,608,blue,1125.0,25.0,approaching,False
97,66,634,608,blue,1125.0,25.0,approaching,False
98,66,635,608,blue,1125.0,25.0,approaching,False
99,66,636,608,blue,1125.0,25.0,approaching,False
100,66,637,608,blue,1125.0,25.0,approaching,False
101,66,638,608,blue,1125.0,25.0,approaching,False
102,66,639,608,blue,1125.0,25.0,approaching,False
103,66,640,608,blue,1125.0,25.0,approaching,False
104,66,641,608,blue,1125.0,25.0,approaching,False
105,66,642,608,blue,1125.0,25.0,approaching,False
106,66,643,608,blue,1125.0,25.0,approaching,False
107,66,644,608,purple,1075.0,25.0,approaching,False
109,66,646,608,purple,1075.0,25.0,approaching,False
110,66,647,608,purple,1075.0,25.0,approaching,False
111,66,648,608,purple,1075.0,25.0,approaching,False
112,66,649,608,purple,1075.0,25.0,approaching,False
114,66,651,608,purple,1075.0,25.0,approaching,False
115,66,652,608,purple,1075.0,25.0,approaching,False
56,67,593,609,yellow,1325.0,25.0,receding,False
57,67,594,609,yellow,1325.0,25.0,receding,False
58,67,595,609,yellow,1325.0,25.0,receding,False
59,67,596,609,yellow,1325.0,25.0,receding,False
60,67,597,609,yellow,1325.0,25.0,receding,False
61,67,598,609,yellow,1325.0,25.0,receding,False
62,67,599,609,yellow,1325.0,25.0,receding,False
63,67,600,609,yellow,1325.0,25.0,receding,False
64,67,601,609,yellow,1325.0,25.0,receding,False
65,67,602,609,yellow,1325.0,25.0,receding,False
66,67,603,609,yellow,1325.0,25.0,receding,False
67,67,604,609,yellow,1325.0,25.0,receding,False
68,67,605,609,yellow,1325.0,25.0,receding,False
70,67,607,609,bright_green,1275.0,25.0,receding,False
71,67,608,609,bright_green,1275.0,25.0,receding,False
72,67,609,609,bright_green,1275.0,25.0,receding,False
73,67,610,609,bright_green,1275.0,25.0,receding,False
74,67,611,609,bright_green,1275.0,25.0,receding,False
75,67,612,609,bright_green,1275.0,25.0,receding,False
76,67,613,609,bright_green,1275.0,25.0,receding,False
77,67,614,609,bright_green,1275.0,25.0,receding,False
78,67,615,609,bright_green,1275.0,25.0,receding,False
79,67,616,609,bright_green,1275.0,25.0,receding,False
80,67,617,609,bright_green,1275.0,25.0,receding,False
82,67,619,609,dark_green,1225.0,25.0,receding,False
83,67,620,609,dark_green,1225.0,25.0,receding,False
84,67,621,609,dark_green,1225.0,25.0,receding,False
85,67,622,609,dark_green,1225.0,25.0,receding,False
86,67,623,609,light_blue,1175.0,25.0,systemic_ambiguous,False
87,67,624,609,light_blue,1175.0,25.0,systemic_ambiguous,False
88,67,625,609,light_blue,1175.0,25.0,systemic_ambiguous,False
89,67,626,609,light_blue,1175.0,25.0,systemic_ambiguous,False
90,67,627,609,light_blue,1175.0,25.0,systemic_ambiguous,False
91,67,628,609,light_blue,1175.0,25.0,systemic_ambiguous,False
92,67,629,609,light_blue,1175.0,25.0,systemic_ambiguous,False
93,67,630,609,blue,1125.0,25.0,approaching,False
94,67,631,609,blue,1125.0,25.0,approaching,False
95,67,632,609,blue,1125.0,25.0,approaching,False
96,67,633,609,blue,1125.0,25.0,approaching,False
97,67,634,609,blue,1125.0,25.0,approaching,False
98,67,635,609,blue,1125.0,25.0,approaching,False
99,67,636,609,blue,1125.0,25.0,approaching,False
100,67,637,609,blue,1125.0,25.0,approaching,False
101,67,638,609,blue,1125.0,25.0,approaching,False
102,67,639,609,blue,1125.0,25.0,approaching,False
103,67,640,609,blue,1125.0,25.0,approaching,False
104,67,641,609,blue,1125.0,25.0,approaching,False
105,67,642,609,blue,1125.0,25.0,approaching,False
106,67,643,609,blue,1125.0,25.0,approaching,False
108,67,645,609,blue,1125.0,25.0,approaching,False
115,67,652,609,purple,1075.0,25.0,approaching,False
56,68,593,610,yellow,1325.0,25.0,receding,False
57,68,594,610,yellow,1325.0,25.0,receding,False
58,68,595,610,yellow,1325.0,25.0,receding,False
59,68,596,610,yellow,1325.0,25.0,receding,False
60,68,597,610,yellow,1325.0,25.0,receding,False
61,68,598,610,yellow,1325.0,25.0,receding,False
62,68,599,610,yellow,1325.0,25.0,receding,False
63,68,600,610,yellow,1325.0,25.0,receding,False
64,68,601,610,yellow,1325.0,25.0,receding,False
65,68,602,610,yellow,1325.0,25.0,receding,False
66,68,603,610,yellow,1325.0,25.0,receding,False
67,68,604,610,yellow,1325.0,25.0,receding,False
68,68,605,610,yellow,1325.0,25.0,receding,False
70,68,607,610,bright_green,1275.0,25.0,receding,False
71,68,608,610,bright_green,1275.0,25.0,receding,False
72,68,609,610,bright_green,1275.0,25.0,receding,False
73,68,610,610,bright_green,1275.0,25.0,receding,False
74,68,611,610,bright_green,1275.0,25.0,receding,False
75,68,612,610,bright_green,1275.0,25.0,receding,False
76,68,613,610,bright_green,1275.0,25.0,receding,False
77,68,614,610,bright_green,1275.0,25.0,receding,False
78,68,615,610,bright_green,1275.0,25.0,receding,False
79,68,616,610,bright_green,1275.0,25.0,receding,False
80,68,617,610,bright_green,1275.0,25.0,receding,False
82,68,619,610,dark_green,1225.0,25.0,receding,False
83,68,620,610,dark_green,1225.0,25.0,receding,False
84,68,621,610,dark_green,1225.0,25.0,receding,False
85,68,622,610,dark_green,1225.0,25.0,receding,False
86,68,623,610,light_blue,1175.0,25.0,systemic_ambiguous,False
87,68,624,610,light_blue,1175.0,25.0,systemic_ambiguous,False
88,68,625,610,light_blue,1175.0,25.0,systemic_ambiguous,False
89,68,626,610,light_blue,1175.0,25.0,systemic_ambiguous,False
90,68,627,610,light_blue,1175.0,25.0,systemic_ambiguous,False
91,68,628,610,light_blue,1175.0,25.0,systemic_ambiguous,False
92,68,629,610,light_blue,1175.0,25.0,systemic_ambiguous,False
93,68,630,610,blue,1125.0,25.0,approaching,False
94,68,631,610,blue,1125.0,25.0,approaching,False
95,68,632,610,blue,1125.0,25.0,approaching,False
96,68,633,610,blue,1125.0,25.0,approaching,False
97,68,634,610,blue,1125.0,25.0,approaching,False
98,68,635,610,blue,1125.0,25.0,approaching,False
99,68,636,610,blue,1125.0,25.0,approaching,False
100,68,637,610,blue,1125.0,25.0,approaching,False
101,68,638,610,blue,1125.0,25.0,approaching,False
102,68,639,610,blue,1125.0,25.0,approaching,False
103,68,640,610,blue,1125.0,25.0,approaching,False
104,68,641,610,blue,1125.0,25.0,approaching,False
105,68,642,610,blue,1125.0,25.0,approaching,False
106,68,643,610,blue,1125.0,25.0,approaching,False
107,68,644,610,blue,1125.0,25.0,approaching,False
108,68,645,610,blue,1125.0,25.0,approaching,False
109,68,646,610,blue,1125.0,25.0,approaching,False
110,68,647,610,blue,1125.0,25.0,approaching,False
111,68,648,610,blue,1125.0,25.0,approaching,False
112,68,649,610,blue,1125.0,25.0,approaching,False
113,68,650,610,blue,1125.0,25.0,approaching,False
115,68,652,610,purple,1075.0,25.0,approaching,False
57,69,594,611,yellow,1325.0,25.0,receding,False
58,69,595,611,yellow,1325.0,25.0,receding,False
59,69,596,611,yellow,1325.0,25.0,receding,False
60,69,597,611,yellow,1325.0,25.0,receding,False
61,69,598,611,yellow,1325.0,25.0,receding,False
62,69,599,611,yellow,1325.0,25.0,receding,False
63,69,600,611,yellow,1325.0,25.0,receding,False
64,69,601,611,yellow,1325.0,25.0,receding,False
65,69,602,611,yellow,1325.0,25.0,receding,False
66,69,603,611,yellow,1325.0,25.0,receding,False
67,69,604,611,yellow,1325.0,25.0,receding,False
68,69,605,611,yellow,1325.0,25.0,receding,False
72,69,609,611,bright_green,1275.0,25.0,receding,False
73,69,610,611,bright_green,1275.0,25.0,receding,False
74,69,611,611,bright_green,1275.0,25.0,receding,False
75,69,612,611,bright_green,1275.0,25.0,receding,False
76,69,613,611,bright_green,1275.0,25.0,receding,False
77,69,614,611,bright_green,1275.0,25.0,receding,False
78,69,615,611,bright_green,1275.0,25.0,receding,False
79,69,616,611,bright_green,1275.0,25.0,receding,False
80,69,617,611,bright_green,1275.0,25.0,receding,False
82,69,619,611,dark_green,1225.0,25.0,receding,False
83,69,620,611,dark_green,1225.0,25.0,receding,False
86,69,623,611,light_blue,1175.0,25.0,systemic_ambiguous,False
87,69,624,611,light_blue,1175.0,25.0,systemic_ambiguous,False
88,69,625,611,light_blue,1175.0,25.0,systemic_ambiguous,False
89,69,626,611,light_blue,1175.0,25.0,systemic_ambiguous,False
93,69,630,611,blue,1125.0,25.0,approaching,False
94,69,631,611,blue,1125.0,25.0,approaching,False
95,69,632,611,blue,1125.0,25.0,approaching,False
96,69,633,611,blue,1125.0,25.0,approaching,False
97,69,634,611,blue,1125.0,25.0,approaching,False
98,69,635,611,blue,1125.0,25.0,approaching,False
99,69,636,611,blue,1125.0,25.0,approaching,False
100,69,637,611,blue,1125.0,25.0,approaching,False
101,69,638,611,blue,1125.0,25.0,approaching,False
102,69,639,611,blue,1125.0,25.0,approaching,False
103,69,640,611,blue,1125.0,25.0,approaching,False
104,69,641,611,blue,1125.0,25.0,approaching,False
105,69,642,611,blue,1125.0,25.0,approaching,False
106,69,643,611,blue,1125.0,25.0,approaching,False
107,69,644,611,blue,1125.0,25.0,approaching,False
108,69,645,611,blue,1125.0,25.0,approaching,False
109,69,646,611,blue,1125.0,25.0,approaching,False
110,69,647,611,blue,1125.0,25.0,approaching,False
111,69,648,611,blue,1125.0,25.0,approaching,False
112,69,649,611,blue,1125.0,25.0,approaching,False
113,69,650,611,blue,1125.0,25.0,approaching,False
53,70,590,612,orange,1375.0,25.0,receding,False
54,70,591,612,orange,1375.0,25.0,receding,False
55,70,592,612,orange,1375.0,25.0,receding,False
56,70,593,612,orange,1375.0,25.0,receding,False
58,70,595,612,yellow,1325.0,25.0,receding,False
59,70,596,612,yellow,1325.0,25.0,receding,False
60,70,597,612,yellow,1325.0,25.0,receding,False
61,70,598,612,yellow,1325.0,25.0,receding,False
62,70,599,612,yellow,1325.0,25.0,receding,False
63,70,600,612,yellow,1325.0,25.0,receding,False
64,70,601,612,yellow,1325.0,25.0,receding,False
65,70,602,612,yellow,1325.0,25.0,receding,False
66,70,603,612,yellow,1325.0,25.0,receding,False
67,70,604,612,yellow,1325.0,25.0,receding,False
68,70,605,612,yellow,1325.0,25.0,receding,False
69,70,606,612,yellow,1325.0,25.0,receding,False
70,70,607,612,yellow,1325.0,25.0,receding,False
72,70,609,612,bright_green,1275.0,25.0,receding,False
73,70,610,612,bright_green,1275.0,25.0,receding,False
74,70,611,612,bright_green,1275.0,25.0,receding,False
75,70,612,612,bright_green,1275.0,25.0,receding,False
76,70,613,612,bright_green,1275.0,25.0,receding,False
77,70,614,612,bright_green,1275.0,25.0,receding,False
78,70,615,612,bright_green,1275.0,25.0,receding,False
79,70,616,612,bright_green,1275.0,25.0,receding,False
80,70,617,612,bright_green,1275.0,25.0,receding,False
82,70,619,612,dark_green,1225.0,25.0,receding,False
84,70,621,612,light_blue,1175.0,25.0,systemic_ambiguous,False
85,70,622,612,light_blue,1175.0,25.0,systemic_ambiguous,False
86,70,623,612,light_blue,1175.0,25.0,systemic_ambiguous,False
87,70,624,612,light_blue,1175.0,25.0,systemic_ambiguous,False
88,70,625,612,light_blue,1175.0,25.0,systemic_ambiguous,False
89,70,626,612,light_blue,1175.0,25.0,systemic_ambiguous,False
91,70,628,612,blue,1125.0,25.0,approaching,False
92,70,629,612,blue,1125.0,25.0,approaching,False
93,70,630,612,blue,1125.0,25.0,approaching,False
94,70,631,612,blue,1125.0,25.0,approaching,False
95,70,632,612,blue,1125.0,25.0,approaching,False
96,70,633,612,blue,1125.0,25.0,approaching,False
97,70,634,612,blue,1125.0,25.0,approaching,False
98,70,635,612,blue,1125.0,25.0,approaching,False
99,70,636,612,blue,1125.0,25.0,approaching,False
100,70,637,612,blue,1125.0,25.0,approaching,False
101,70,638,612,blue,1125.0,25.0,approaching,False
102,70,639,612,blue,1125.0,25.0,approaching,False
103,70,640,612,blue,1125.0,25.0,approaching,False
104,70,641,612,blue,1125.0,25.0,approaching,False
105,70,642,612,blue,1125.0,25.0,approaching,False
106,70,643,612,blue,1125.0,25.0,approaching,False
107,70,644,612,blue,1125.0,25.0,approaching,False
108,70,645,612,blue,1125.0,25.0,approaching,False
109,70,646,612,blue,1125.0,25.0,approaching,False
110,70,647,612,blue,1125.0,25.0,approaching,False
111,70,648,612,blue,1125.0,25.0,approaching,False
112,70,649,612,blue,1125.0,25.0,approaching,False
113,70,650,612,blue,1125.0,25.0,approaching,False
53,71,590,613,orange,1375.0,25.0,receding,False
54,71,591,613,orange,1375.0,25.0,receding,False
55,71,592,613,orange,1375.0,25.0,receding,False
56,71,593,613,orange,1375.0,25.0,receding,False
58,71,595,613,yellow,1325.0,25.0,receding,False
59,71,596,613,yellow,1325.0,25.0,receding,False
60,71,597,613,yellow,1325.0,25.0,receding,False
61,71,598,613,yellow,1325.0,25.0,receding,False
62,71,599,613,yellow,1325.0,25.0,receding,False
63,71,600,613,yellow,1325.0,25.0,receding,False
64,71,601,613,yellow,1325.0,25.0,receding,False
65,71,602,613,yellow,1325.0,25.0,receding,False
66,71,603,613,yellow,1325.0,25.0,receding,False
67,71,604,613,yellow,1325.0,25.0,receding,False
68,71,605,613,yellow,1325.0,25.0,receding,False
69,71,606,613,yellow,1325.0,25.0,receding,False
70,71,607,613,yellow,1325.0,25.0,receding,False
72,71,609,613,bright_green,1275.0,25.0,receding,False
73,71,610,613,bright_green,1275.0,25.0,receding,False
74,71,611,613,bright_green,1275.0,25.0,receding,False
75,71,612,613,bright_green,1275.0,25.0,receding,False
76,71,613,613,bright_green,1275.0,25.0,receding,False
77,71,614,613,bright_green,1275.0,25.0,receding,False
78,71,615,613,bright_green,1275.0,25.0,receding,False
79,71,616,613,bright_green,1275.0,25.0,receding,False
80,71,617,613,bright_green,1275.0,25.0,receding,False
82,71,619,613,dark_green,1225.0,25.0,receding,False
84,71,621,613,light_blue,1175.0,25.0,systemic_ambiguous,False
85,71,622,613,light_blue,1175.0,25.0,systemic_ambiguous,False
86,71,623,613,light_blue,1175.0,25.0,systemic_ambiguous,False
87,71,624,613,light_blue,1175.0,25.0,systemic_ambiguous,False
88,71,625,613,light_blue,1175.0,25.0,systemic_ambiguous,False
89,71,626,613,light_blue,1175.0,25.0,systemic_ambiguous,False
91,71,628,613,blue,1125.0,25.0,approaching,False
92,71,629,613,blue,1125.0,25.0,approaching,False
93,71,630,613,blue,1125.0,25.0,approaching,False
94,71,631,613,blue,1125.0,25.0,approaching,False
95,71,632,613,blue,1125.0,25.0,approaching,False
96,71,633,613,blue,1125.0,25.0,approaching,False
97,71,634,613,blue,1125.0,25.0,approaching,False
98,71,635,613,blue,1125.0,25.0,approaching,False
99,71,636,613,blue,1125.0,25.0,approaching,False
100,71,637,613,blue,1125.0,25.0,approaching,False
101,71,638,613,blue,1125.0,25.0,approaching,False
102,71,639,613,blue,1125.0,25.0,approaching,False
103,71,640,613,blue,1125.0,25.0,approaching,False
104,71,641,613,blue,1125.0,25.0,approaching,False
105,71,642,613,blue,1125.0,25.0,approaching,False
106,71,643,613,blue,1125.0,25.0,approaching,False
107,71,644,613,blue,1125.0,25.0,approaching,False
108,71,645,613,blue,1125.0,25.0,approaching,False
109,71,646,613,blue,1125.0,25.0,approaching,False
110,71,647,613,blue,1125.0,25.0,approaching,False
111,71,648,613,blue,1125.0,25.0,approaching,False
112,71,649,613,blue,1125.0,25.0,approaching,False
113,71,650,613,blue,1125.0,25.0,approaching,False
53,72,590,614,orange,1375.0,25.0,receding,False
54,72,591,614,orange,1375.0,25.0,receding,False
55,72,592,614,orange,1375.0,25.0,receding,False
56,72,593,614,orange,1375.0,25.0,receding,False
57,72,594,614,orange,1375.0,25.0,receding,False
60,72,597,614,yellow,1325.0,25.0,receding,False
61,72,598,614,yellow,1325.0,25.0,receding,False
62,72,599,614,yellow,1325.0,25.0,receding,False
63,72,600,614,yellow,1325.0,25.0,receding,False
64,72,601,614,yellow,1325.0,25.0,receding,False
65,72,602,614,yellow,1325.0,25.0,receding,False
66,72,603,614,yellow,1325.0,25.0,receding,False
67,72,604,614,yellow,1325.0,25.0,receding,False
68,72,605,614,yellow,1325.0,25.0,receding,False
69,72,606,614,yellow,1325.0,25.0,receding,False
70,72,607,614,yellow,1325.0,25.0,receding,False
79,72,616,614,bright_green,1275.0,25.0,receding,False
80,72,617,614,bright_green,1275.0,25.0,receding,False
82,72,619,614,dark_green,1225.0,25.0,receding,False
84,72,621,614,light_blue,1175.0,25.0,systemic_ambiguous,False
85,72,622,614,light_blue,1175.0,25.0,systemic_ambiguous,False
86,72,623,614,light_blue,1175.0,25.0,systemic_ambiguous,False
87,72,624,614,light_blue,1175.0,25.0,systemic_ambiguous,False
91,72,628,614,blue,1125.0,25.0,approaching,False
92,72,629,614,blue,1125.0,25.0,approaching,False
93,72,630,614,blue,1125.0,25.0,approaching,False
94,72,631,614,blue,1125.0,25.0,approaching,False
95,72,632,614,blue,1125.0,25.0,approaching,False
96,72,633,614,blue,1125.0,25.0,approaching,False
97,72,634,614,blue,1125.0,25.0,approaching,False
98,72,635,614,blue,1125.0,25.0,approaching,False
99,72,636,614,blue,1125.0,25.0,approaching,False
100,72,637,614,blue,1125.0,25.0,approaching,False
101,72,638,614,blue,1125.0,25.0,approaching,False
102,72,639,614,blue,1125.0,25.0,approaching,False
103,72,640,614,blue,1125.0,25.0,approaching,False
104,72,641,614,blue,1125.0,25.0,approaching,False
105,72,642,614,blue,1125.0,25.0,approaching,False
106,72,643,614,blue,1125.0,25.0,approaching,False
107,72,644,614,blue,1125.0,25.0,approaching,False
108,72,645,614,blue,1125.0,25.0,approaching,False
109,72,646,614,blue,1125.0,25.0,approaching,False
110,72,647,614,blue,1125.0,25.0,approaching,False
111,72,648,614,blue,1125.0,25.0,approaching,False
112,72,649,614,blue,1125.0,25.0,approaching,False
113,72,650,614,blue,1125.0,25.0,approaching,False
51,73,588,615,orange,1375.0,25.0,receding,False
52,73,589,615,orange,1375.0,25.0,receding,False
53,73,590,615,orange,1375.0,25.0,receding,False
54,73,591,615,orange,1375.0,25.0,receding,False
55,73,592,615,orange,1375.0,25.0,receding,False
56,73,593,615,orange,1375.0,25.0,receding,False
57,73,594,615,orange,1375.0,25.0,receding,False
58,73,595,615,orange,1375.0,25.0,receding,False
59,73,596,615,orange,1375.0,25.0,receding,False
60,73,597,615,yellow,1325.0,25.0,receding,False
61,73,598,615,yellow,1325.0,25.0,receding,False
62,73,599,615,yellow,1325.0,25.0,receding,False
63,73,600,615,yellow,1325.0,25.0,receding,False
64,73,601,615,yellow,1325.0,25.0,receding,False
65,73,602,615,yellow,1325.0,25.0,receding,False
66,73,603,615,yellow,1325.0,25.0,receding,False
67,73,604,615,yellow,1325.0,25.0,receding,False
68,73,605,615,yellow,1325.0,25.0,receding,False
69,73,606,615,yellow,1325.0,25.0,receding,False
70,73,607,615,yellow,1325.0,25.0,receding,False
71,73,608,615,yellow,1325.0,25.0,receding,False
72,73,609,615,yellow,1325.0,25.0,receding,False
73,73,610,615,yellow,1325.0,25.0,receding,False
74,73,611,615,yellow,1325.0,25.0,receding,False
75,73,612,615,yellow,1325.0,25.0,receding,False
76,73,613,615,yellow,1325.0,25.0,receding,False
77,73,614,615,yellow,1325.0,25.0,receding,False
78,73,615,615,yellow,1325.0,25.0,receding,False
79,73,616,615,bright_green,1275.0,25.0,receding,False
80,73,617,615,bright_green,1275.0,25.0,receding,False
82,73,619,615,dark_green,1225.0,25.0,receding,False
84,73,621,615,light_blue,1175.0,25.0,systemic_ambiguous,False
85,73,622,615,light_blue,1175.0,25.0,systemic_ambiguous,False
86,73,623,615,light_blue,1175.0,25.0,systemic_ambiguous,False
87,73,624,615,light_blue,1175.0,25.0,systemic_ambiguous,False
89,73,626,615,blue,1125.0,25.0,approaching,False
90,73,627,615,blue,1125.0,25.0,approaching,False
91,73,628,615,blue,1125.0,25.0,approaching,False
92,73,629,615,blue,1125.0,25.0,approaching,False
93,73,630,615,blue,1125.0,25.0,approaching,False
94,73,631,615,blue,1125.0,25.0,approaching,False
95,73,632,615,blue,1125.0,25.0,approaching,False
96,73,633,615,blue,1125.0,25.0,approaching,False
97,73,634,615,blue,1125.0,25.0,approaching,False
98,73,635,615,blue,1125.0,25.0,approaching,False
99,73,636,615,blue,1125.0,25.0,approaching,False
100,73,637,615,blue,1125.0,25.0,approaching,False
101,73,638,615,blue,1125.0,25.0,approaching,False
102,73,639,615,blue,1125.0,25.0,approaching,False
103,73,640,615,blue,1125.0,25.0,approaching,False
104,73,641,615,blue,1125.0,25.0,approaching,False
105,73,642,615,blue,1125.0,25.0,approaching,False
106,73,643,615,blue,1125.0,25.0,approaching,False
107,73,644,615,blue,1125.0,25.0,approaching,False
108,73,645,615,blue,1125.0,25.0,approaching,False
109,73,646,615,blue,1125.0,25.0,approaching,False
110,73,647,615,blue,1125.0,25.0,approaching,False
111,73,648,615,blue,1125.0,25.0,approaching,False
112,73,649,615,blue,1125.0,25.0,approaching,False
113,73,650,615,blue,1125.0,25.0,approaching,False
51,74,588,616,orange,1375.0,25.0,receding,False
52,74,589,616,orange,1375.0,25.0,receding,False
53,74,590,616,orange,1375.0,25.0,receding,False
54,74,591,616,orange,1375.0,25.0,receding,False
55,74,592,616,orange,1375.0,25.0,receding,False
56,74,593,616,orange,1375.0,25.0,receding,False
57,74,594,616,orange,1375.0,25.0,receding,False
58,74,595,616,orange,1375.0,25.0,receding,False
59,74,596,616,orange,1375.0,25.0,receding,False
65,74,602,616,yellow,1325.0,25.0,receding,False
66,74,603,616,yellow,1325.0,25.0,receding,False
67,74,604,616,yellow,1325.0,25.0,receding,False
68,74,605,616,yellow,1325.0,25.0,receding,False
69,74,606,616,yellow,1325.0,25.0,receding,False
70,74,607,616,yellow,1325.0,25.0,receding,False
71,74,608,616,yellow,1325.0,25.0,receding,False
72,74,609,616,yellow,1325.0,25.0,receding,False
73,74,610,616,yellow,1325.0,25.0,receding,False
74,74,611,616,yellow,1325.0,25.0,receding,False
75,74,612,616,yellow,1325.0,25.0,receding,False
76,74,613,616,yellow,1325.0,25.0,receding,False
77,74,614,616,yellow,1325.0,25.0,receding,False
78,74,615,616,yellow,1325.0,25.0,receding,False
79,74,616,616,bright_green,1275.0,25.0,receding,False
80,74,617,616,bright_green,1275.0,25.0,receding,False
82,74,619,616,dark_green,1225.0,25.0,receding,False
84,74,621,616,light_blue,1175.0,25.0,systemic_ambiguous,False
85,74,622,616,light_blue,1175.0,25.0,systemic_ambiguous,False
86,74,623,616,light_blue,1175.0,25.0,systemic_ambiguous,False
87,74,624,616,light_blue,1175.0,25.0,systemic_ambiguous,False
89,74,626,616,blue,1125.0,25.0,approaching,False
90,74,627,616,blue,1125.0,25.0,approaching,False
91,74,628,616,blue,1125.0,25.0,approaching,False
92,74,629,616,blue,1125.0,25.0,approaching,False
93,74,630,616,blue,1125.0,25.0,approaching,False
94,74,631,616,blue,1125.0,25.0,approaching,False
95,74,632,616,blue,1125.0,25.0,approaching,False
96,74,633,616,blue,1125.0,25.0,approaching,False
97,74,634,616,blue,1125.0,25.0,approaching,False
98,74,635,616,blue,1125.0,25.0,approaching,False
99,74,636,616,blue,1125.0,25.0,approaching,False
100,74,637,616,blue,1125.0,25.0,approaching,False
101,74,638,616,blue,1125.0,25.0,approaching,False
102,74,639,616,blue,1125.0,25.0,approaching,False
103,74,640,616,blue,1125.0,25.0,approaching,False
104,74,641,616,blue,1125.0,25.0,approaching,False
105,74,642,616,blue,1125.0,25.0,approaching,False
106,74,643,616,blue,1125.0,25.0,approaching,False
107,74,644,616,blue,1125.0,25.0,approaching,False
108,74,645,616,blue,1125.0,25.0,approaching,False
109,74,646,616,blue,1125.0,25.0,approaching,False
110,74,647,616,blue,1125.0,25.0,approaching,False
111,74,648,616,blue,1125.0,25.0,approaching,False
112,74,649,616,blue,1125.0,25.0,approaching,False
113,74,650,616,blue,1125.0,25.0,approaching,False
46,75,583,617,orange,1375.0,25.0,receding,False
47,75,584,617,orange,1375.0,25.0,receding,False
48,75,585,617,orange,1375.0,25.0,receding,False
49,75,586,617,orange,1375.0,25.0,receding,False
50,75,587,617,orange,1375.0,25.0,receding,False
51,75,588,617,orange,1375.0,25.0,receding,False
52,75,589,617,orange,1375.0,25.0,receding,False
54,75,591,617,orange,1375.0,25.0,receding,False
55,75,592,617,orange,1375.0,25.0,receding,False
56,75,593,617,orange,1375.0,25.0,receding,False
57,75,594,617,orange,1375.0,25.0,receding,False
58,75,595,617,orange,1375.0,25.0,receding,False
59,75,596,617,orange,1375.0,25.0,receding,False
60,75,597,617,orange,1375.0,25.0,receding,False
61,75,598,617,orange,1375.0,25.0,receding,False
62,75,599,617,orange,1375.0,25.0,receding,False
63,75,600,617,orange,1375.0,25.0,receding,False
65,75,602,617,yellow,1325.0,25.0,receding,False
66,75,603,617,yellow,1325.0,25.0,receding,False
67,75,604,617,yellow,1325.0,25.0,receding,False
68,75,605,617,yellow,1325.0,25.0,receding,False
69,75,606,617,yellow,1325.0,25.0,receding,False
70,75,607,617,yellow,1325.0,25.0,receding,False
71,75,608,617,yellow,1325.0,25.0,receding,False
72,75,609,617,yellow,1325.0,25.0,receding,False
73,75,610,617,yellow,1325.0,25.0,receding,False
74,75,611,617,yellow,1325.0,25.0,receding,False
75,75,612,617,yellow,1325.0,25.0,receding,False
76,75,613,617,yellow,1325.0,25.0,receding,False
77,75,614,617,yellow,1325.0,25.0,receding,False
78,75,615,617,yellow,1325.0,25.0,receding,False
79,75,616,617,bright_green,1275.0,25.0,receding,False
80,75,617,617,bright_green,1275.0,25.0,receding,False
82,75,619,617,dark_green,1225.0,25.0,receding,False
84,75,621,617,light_blue,1175.0,25.0,systemic_ambiguous,False
85,75,622,617,light_blue,1175.0,25.0,systemic_ambiguous,False
86,75,623,617,light_blue,1175.0,25.0,systemic_ambiguous,False
87,75,624,617,light_blue,1175.0,25.0,systemic_ambiguous,False
89,75,626,617,blue,1125.0,25.0,approaching,False
90,75,627,617,blue,1125.0,25.0,approaching,False
91,75,628,617,blue,1125.0,25.0,approaching,False
92,75,629,617,blue,1125.0,25.0,approaching,False
93,75,630,617,blue,1125.0,25.0,approaching,False
94,75,631,617,blue,1125.0,25.0,approaching,False
95,75,632,617,blue,1125.0,25.0,approaching,False
96,75,633,617,blue,1125.0,25.0,approaching,False
97,75,634,617,blue,1125.0,25.0,approaching,False
98,75,635,617,blue,1125.0,25.0,approaching,False
99,75,636,617,blue,1125.0,25.0,approaching,False
100,75,637,617,blue,1125.0,25.0,approaching,False
101,75,638,617,blue,1125.0,25.0,approaching,False
102,75,639,617,blue,1125.0,25.0,approaching,False
103,75,640,617,blue,1125.0,25.0,approaching,False
104,75,641,617,blue,1125.0,25.0,approaching,False
105,75,642,617,blue,1125.0,25.0,approaching,False
106,75,643,617,blue,1125.0,25.0,approaching,False
107,75,644,617,blue,1125.0,25.0,approaching,False
108,75,645,617,blue,1125.0,25.0,approaching,False
109,75,646,617,blue,1125.0,25.0,approaching,False
110,75,647,617,blue,1125.0,25.0,approaching,False
111,75,648,617,blue,1125.0,25.0,approaching,False
112,75,649,617,blue,1125.0,25.0,approaching,False
113,75,650,617,blue,1125.0,25.0,approaching,False
114,75,651,617,blue,1125.0,25.0,approaching,False
115,75,652,617,blue,1125.0,25.0,approaching,False
46,76,583,618,orange,1375.0,25.0,receding,False
47,76,584,618,orange,1375.0,25.0,receding,False
48,76,585,618,orange,1375.0,25.0,receding,False
49,76,586,618,orange,1375.0,25.0,receding,False
50,76,587,618,orange,1375.0,25.0,receding,False
51,76,588,618,orange,1375.0,25.0,receding,False
52,76,589,618,orange,1375.0,25.0,receding,False
53,76,590,618,orange,1375.0,25.0,receding,False
54,76,591,618,orange,1375.0,25.0,receding,False
55,76,592,618,orange,1375.0,25.0,receding,False
56,76,593,618,orange,1375.0,25.0,receding,False
57,76,594,618,orange,1375.0,25.0,receding,False
58,76,595,618,orange,1375.0,25.0,receding,False
59,76,596,618,orange,1375.0,25.0,receding,False
60,76,597,618,orange,1375.0,25.0,receding,False
61,76,598,618,orange,1375.0,25.0,receding,False
62,76,599,618,orange,1375.0,25.0,receding,False
63,76,600,618,orange,1375.0,25.0,receding,False
65,76,602,618,yellow,1325.0,25.0,receding,False
66,76,603,618,yellow,1325.0,25.0,receding,False
67,76,604,618,yellow,1325.0,25.0,receding,False
68,76,605,618,yellow,1325.0,25.0,receding,False
69,76,606,618,yellow,1325.0,25.0,receding,False
70,76,607,618,yellow,1325.0,25.0,receding,False
71,76,608,618,yellow,1325.0,25.0,receding,False
72,76,609,618,yellow,1325.0,25.0,receding,False
73,76,610,618,yellow,1325.0,25.0,receding,False
74,76,611,618,yellow,1325.0,25.0,receding,False
75,76,612,618,yellow,1325.0,25.0,receding,False
76,76,613,618,yellow,1325.0,25.0,receding,False
77,76,614,618,yellow,1325.0,25.0,receding,False
78,76,615,618,yellow,1325.0,25.0,receding,False
79,76,616,618,bright_green,1275.0,25.0,receding,False
80,76,617,618,bright_green,1275.0,25.0,receding,False
82,76,619,618,dark_green,1225.0,25.0,receding,False
84,76,621,618,light_blue,1175.0,25.0,systemic_ambiguous,False
85,76,622,618,light_blue,1175.0,25.0,systemic_ambiguous,False
86,76,623,618,light_blue,1175.0,25.0,systemic_ambiguous,False
87,76,624,618,light_blue,1175.0,25.0,systemic_ambiguous,False
89,76,626,618,blue,1125.0,25.0,approaching,False
90,76,627,618,blue,1125.0,25.0,approaching,False
91,76,628,618,blue,1125.0,25.0,approaching,False
92,76,629,618,blue,1125.0,25.0,approaching,False
93,76,630,618,blue,1125.0,25.0,approaching,False
94,76,631,618,blue,1125.0,25.0,approaching,False
95,76,632,618,blue,1125.0,25.0,approaching,False
96,76,633,618,blue,1125.0,25.0,approaching,False
97,76,634,618,blue,1125.0,25.0,approaching,False
98,76,635,618,blue,1125.0,25.0,approaching,False
99,76,636,618,blue,1125.0,25.0,approaching,False
100,76,637,618,blue,1125.0,25.0,approaching,False
101,76,638,618,blue,1125.0,25.0,approaching,False
102,76,639,618,blue,1125.0,25.0,approaching,False
103,76,640,618,blue,1125.0,25.0,approaching,False
104,76,641,618,blue,1125.0,25.0,approaching,False
105,76,642,618,blue,1125.0,25.0,approaching,False
106,76,643,618,blue,1125.0,25.0,approaching,False
107,76,644,618,blue,1125.0,25.0,approaching,False
108,76,645,618,blue,1125.0,25.0,approaching,False
109,76,646,618,blue,1125.0,25.0,approaching,False
110,76,647,618,blue,1125.0,25.0,approaching,False
111,76,648,618,blue,1125.0,25.0,approaching,False
112,76,649,618,blue,1125.0,25.0,approaching,False
113,76,650,618,blue,1125.0,25.0,approaching,False
114,76,651,618,blue,1125.0,25.0,approaching,False
115,76,652,618,blue,1125.0,25.0,approaching,False
41,77,578,619,red,1425.0,25.0,receding,False
42,77,579,619,red,1425.0,25.0,receding,False
43,77,580,619,red,1425.0,25.0,receding,False
44,77,581,619,red,1425.0,25.0,receding,False
45,77,582,619,red,1425.0,25.0,receding,False
46,77,583,619,red,1425.0,25.0,receding,False
47,77,584,619,red,1425.0,25.0,receding,False
49,77,586,619,orange,1375.0,25.0,receding,False
50,77,587,619,orange,1375.0,25.0,receding,False
51,77,588,619,orange,1375.0,25.0,receding,False
52,77,589,619,orange,1375.0,25.0,receding,False
53,77,590,619,orange,1375.0,25.0,receding,False
54,77,591,619,orange,1375.0,25.0,receding,False
56,77,593,619,orange,1375.0,25.0,receding,False
57,77,594,619,orange,1375.0,25.0,receding,False
58,77,595,619,orange,1375.0,25.0,receding,False
59,77,596,619,orange,1375.0,25.0,receding,False
60,77,597,619,orange,1375.0,25.0,receding,False
61,77,598,619,orange,1375.0,25.0,receding,False
62,77,599,619,orange,1375.0,25.0,receding,False
63,77,600,619,orange,1375.0,25.0,receding,False
64,77,601,619,orange,1375.0,25.0,receding,False
65,77,602,619,orange,1375.0,25.0,receding,False
66,77,603,619,orange,1375.0,25.0,receding,False
67,77,604,619,orange,1375.0,25.0,receding,False
68,77,605,619,orange,1375.0,25.0,receding,False
69,77,606,619,orange,1375.0,25.0,receding,False
70,77,607,619,orange,1375.0,25.0,receding,False
71,77,608,619,orange,1375.0,25.0,receding,False
72,77,609,619,orange,1375.0,25.0,receding,False
73,77,610,619,orange,1375.0,25.0,receding,False
74,77,611,619,orange,1375.0,25.0,receding,False
75,77,612,619,orange,1375.0,25.0,receding,False
76,77,613,619,orange,1375.0,25.0,receding,False
77,77,614,619,orange,1375.0,25.0,receding,False
78,77,615,619,orange,1375.0,25.0,receding,False
79,77,616,619,yellow,1325.0,25.0,receding,False
80,77,617,619,yellow,1325.0,25.0,receding,False
82,77,619,619,bright_green,1275.0,25.0,receding,False
84,77,621,619,dark_green,1225.0,25.0,receding,False
85,77,622,619,dark_green,1225.0,25.0,receding,False
86,77,623,619,light_blue,1175.0,25.0,systemic_ambiguous,False
87,77,624,619,light_blue,1175.0,25.0,systemic_ambiguous,False
88,77,625,619,light_blue,1175.0,25.0,systemic_ambiguous,False
89,77,626,619,light_blue,1175.0,25.0,systemic_ambiguous,False
90,77,627,619,light_blue,1175.0,25.0,systemic_ambiguous,False
91,77,628,619,light_blue,1175.0,25.0,systemic_ambiguous,False
92,77,629,619,light_blue,1175.0,25.0,systemic_ambiguous,False
93,77,630,619,light_blue,1175.0,25.0,systemic_ambiguous,False
94,77,631,619,light_blue,1175.0,25.0,systemic_ambiguous,False
95,77,632,619,light_blue,1175.0,25.0,systemic_ambiguous,False
96,77,633,619,light_blue,1175.0,25.0,systemic_ambiguous,False
97,77,634,619,light_blue,1175.0,25.0,systemic_ambiguous,False
98,77,635,619,light_blue,1175.0,25.0,systemic_ambiguous,False
99,77,636,619,light_blue,1175.0,25.0,systemic_ambiguous,False
100,77,637,619,light_blue,1175.0,25.0,systemic_ambiguous,False
101,77,638,619,light_blue,1175.0,25.0,systemic_ambiguous,False
102,77,639,619,light_blue,1175.0,25.0,systemic_ambiguous,False
103,77,640,619,light_blue,1175.0,25.0,systemic_ambiguous,False
105,77,642,619,blue,1125.0,25.0,approaching,False
106,77,643,619,blue,1125.0,25.0,approaching,False
107,77,644,619,blue,1125.0,25.0,approaching,False
108,77,645,619,blue,1125.0,25.0,approaching,False
109,77,646,619,blue,1125.0,25.0,approaching,False
110,77,647,619,blue,1125.0,25.0,approaching,False
111,77,648,619,blue,1125.0,25.0,approaching,False
112,77,649,619,blue,1125.0,25.0,approaching,False
113,77,650,619,blue,1125.0,25.0,approaching,False
41,78,578,620,red,1425.0,25.0,receding,False
42,78,579,620,red,1425.0,25.0,receding,False
43,78,580,620,red,1425.0,25.0,receding,False
44,78,581,620,red,1425.0,25.0,receding,False
45,78,582,620,red,1425.0,25.0,receding,False
46,78,583,620,red,1425.0,25.0,receding,False
47,78,584,620,red,1425.0,25.0,receding,False
49,78,586,620,orange,1375.0,25.0,receding,False
50,78,587,620,orange,1375.0,25.0,receding,False
52,78,589,620,orange,1375.0,25.0,receding,False
53,78,590,620,orange,1375.0,25.0,receding,False
54,78,591,620,orange,1375.0,25.0,receding,False
55,78,592,620,orange,1375.0,25.0,receding,False
56,78,593,620,orange,1375.0,25.0,receding,False
57,78,594,620,orange,1375.0,25.0,receding,False
58,78,595,620,orange,1375.0,25.0,receding,False
59,78,596,620,orange,1375.0,25.0,receding,False
60,78,597,620,orange,1375.0,25.0,receding,False
61,78,598,620,orange,1375.0,25.0,receding,False
62,78,599,620,orange,1375.0,25.0,receding,False
63,78,600,620,orange,1375.0,25.0,receding,False
64,78,601,620,orange,1375.0,25.0,receding,False
65,78,602,620,orange,1375.0,25.0,receding,False
66,78,603,620,orange,1375.0,25.0,receding,False
67,78,604,620,orange,1375.0,25.0,receding,False
68,78,605,620,orange,1375.0,25.0,receding,False
69,78,606,620,orange,1375.0,25.0,receding,False
70,78,607,620,orange,1375.0,25.0,receding,False
71,78,608,620,orange,1375.0,25.0,receding,False
72,78,609,620,orange,1375.0,25.0,receding,False
73,78,610,620,orange,1375.0,25.0,receding,False
74,78,611,620,orange,1375.0,25.0,receding,False
75,78,612,620,orange,1375.0,25.0,receding,False
76,78,613,620,orange,1375.0,25.0,receding,False
77,78,614,620,orange,1375.0,25.0,receding,False
78,78,615,620,orange,1375.0,25.0,receding,False
79,78,616,620,yellow,1325.0,25.0,receding,False
80,78,617,620,yellow,1325.0,25.0,receding,False
82,78,619,620,bright_green,1275.0,25.0,receding,False
84,78,621,620,dark_green,1225.0,25.0,receding,False
85,78,622,620,dark_green,1225.0,25.0,receding,False
86,78,623,620,light_blue,1175.0,25.0,systemic_ambiguous,False
87,78,624,620,light_blue,1175.0,25.0,systemic_ambiguous,False
88,78,625,620,light_blue,1175.0,25.0,systemic_ambiguous,False
89,78,626,620,light_blue,1175.0,25.0,systemic_ambiguous,False
90,78,627,620,light_blue,1175.0,25.0,systemic_ambiguous,False
91,78,628,620,light_blue,1175.0,25.0,systemic_ambiguous,False
92,78,629,620,light_blue,1175.0,25.0,systemic_ambiguous,False
93,78,630,620,light_blue,1175.0,25.0,systemic_ambiguous,False
94,78,631,620,light_blue,1175.0,25.0,systemic_ambiguous,False
95,78,632,620,light_blue,1175.0,25.0,systemic_ambiguous,False
96,78,633,620,light_blue,1175.0,25.0,systemic_ambiguous,False
97,78,634,620,light_blue,1175.0,25.0,systemic_ambiguous,False
98,78,635,620,light_blue,1175.0,25.0,systemic_ambiguous,False
99,78,636,620,light_blue,1175.0,25.0,systemic_ambiguous,False
100,78,637,620,light_blue,1175.0,25.0,systemic_ambiguous,False
101,78,638,620,light_blue,1175.0,25.0,systemic_ambiguous,False
102,78,639,620,light_blue,1175.0,25.0,systemic_ambiguous,False
103,78,640,620,light_blue,1175.0,25.0,systemic_ambiguous,False
105,78,642,620,blue,1125.0,25.0,approaching,False
106,78,643,620,blue,1125.0,25.0,approaching,False
107,78,644,620,blue,1125.0,25.0,approaching,False
108,78,645,620,blue,1125.0,25.0,approaching,False
109,78,646,620,blue,1125.0,25.0,approaching,False
110,78,647,620,blue,1125.0,25.0,approaching,False
111,78,648,620,blue,1125.0,25.0,approaching,False
112,78,649,620,blue,1125.0,25.0,approaching,False
113,78,650,620,blue,1125.0,25.0,approaching,False
37,79,574,621,red,1425.0,25.0,receding,False
38,79,575,621,red,1425.0,25.0,receding,False
39,79,576,621,red,1425.0,25.0,receding,False
40,79,577,621,red,1425.0,25.0,receding,False
41,79,578,621,orange,1375.0,25.0,receding,False
42,79,579,621,orange,1375.0,25.0,receding,False
44,79,581,621,red,1425.0,25.0,receding,False
45,79,582,621,red,1425.0,25.0,receding,False
46,79,583,621,red,1425.0,25.0,receding,False
47,79,584,621,red,1425.0,25.0,receding,False
48,79,585,621,red,1425.0,25.0,receding,False
49,79,586,621,red,1425.0,25.0,receding,False
51,79,588,621,orange,1375.0,25.0,receding,False
52,79,589,621,orange,1375.0,25.0,receding,False
54,79,591,621,orange,1375.0,25.0,receding,False
55,79,592,621,orange,1375.0,25.0,receding,False
56,79,593,621,orange,1375.0,25.0,receding,False
58,79,595,621,orange,1375.0,25.0,receding,False
59,79,596,621,orange,1375.0,25.0,receding,False
60,79,597,621,orange,1375.0,25.0,receding,False
61,79,598,621,orange,1375.0,25.0,receding,False
62,79,599,621,orange,1375.0,25.0,receding,False
63,79,600,621,orange,1375.0,25.0,receding,False
64,79,601,621,orange,1375.0,25.0,receding,False
65,79,602,621,orange,1375.0,25.0,receding,False
66,79,603,621,orange,1375.0,25.0,receding,False
67,79,604,621,orange,1375.0,25.0,receding,False
68,79,605,621,orange,1375.0,25.0,receding,False
69,79,606,621,orange,1375.0,25.0,receding,False
70,79,607,621,orange,1375.0,25.0,receding,False
71,79,608,621,orange,1375.0,25.0,receding,False
72,79,609,621,orange,1375.0,25.0,receding,False
73,79,610,621,orange,1375.0,25.0,receding,False
74,79,611,621,orange,1375.0,25.0,receding,False
75,79,612,621,orange,1375.0,25.0,receding,False
76,79,613,621,orange,1375.0,25.0,receding,False
77,79,614,621,orange,1375.0,25.0,receding,False
78,79,615,621,orange,1375.0,25.0,receding,False
79,79,616,621,yellow,1325.0,25.0,receding,False
80,79,617,621,yellow,1325.0,25.0,receding,False
82,79,619,621,bright_green,1275.0,25.0,receding,False
84,79,621,621,dark_green,1225.0,25.0,receding,False
85,79,622,621,dark_green,1225.0,25.0,receding,False
86,79,623,621,dark_green,1225.0,25.0,receding,False
87,79,624,621,dark_green,1225.0,25.0,receding,False
89,79,626,621,light_blue,1175.0,25.0,systemic_ambiguous,False
90,79,627,621,light_blue,1175.0,25.0,systemic_ambiguous,False
91,79,628,621,light_blue,1175.0,25.0,systemic_ambiguous,False
92,79,629,621,light_blue,1175.0,25.0,systemic_ambiguous,False
93,79,630,621,light_blue,1175.0,25.0,systemic_ambiguous,False
94,79,631,621,light_blue,1175.0,25.0,systemic_ambiguous,False
95,79,632,621,light_blue,1175.0,25.0,systemic_ambiguous,False
96,79,633,621,light_blue,1175.0,25.0,systemic_ambiguous,False
97,79,634,621,light_blue,1175.0,25.0,systemic_ambiguous,False
98,79,635,621,light_blue,1175.0,25.0,systemic_ambiguous,False
99,79,636,621,light_blue,1175.0,25.0,systemic_ambiguous,False
100,79,637,621,light_blue,1175.0,25.0,systemic_ambiguous,False
101,79,638,621,light_blue,1175.0,25.0,systemic_ambiguous,False
102,79,639,621,light_blue,1175.0,25.0,systemic_ambiguous,False
103,79,640,621,light_blue,1175.0,25.0,systemic_ambiguous,False
104,79,641,621,light_blue,1175.0,25.0,systemic_ambiguous,False
105,79,642,621,light_blue,1175.0,25.0,systemic_ambiguous,False
106,79,643,621,light_blue,1175.0,25.0,systemic_ambiguous,False
107,79,644,621,blue,1125.0,25.0,approaching,False
108,79,645,621,blue,1125.0,25.0,approaching,False
109,79,646,621,blue,1125.0,25.0,approaching,False
110,79,647,621,blue,1125.0,25.0,approaching,False
111,79,648,621,blue,1125.0,25.0,approaching,False
112,79,649,621,blue,1125.0,25.0,approaching,False
113,79,650,621,blue,1125.0,25.0,approaching,False
37,80,574,622,red,1425.0,25.0,receding,False
38,80,575,622,red,1425.0,25.0,receding,False
39,80,576,622,red,1425.0,25.0,receding,False
40,80,577,622,red,1425.0,25.0,receding,False
41,80,578,622,orange,1375.0,25.0,receding,False
42,80,579,622,orange,1375.0,25.0,receding,False
44,80,581,622,red,1425.0,25.0,receding,False
45,80,582,622,red,1425.0,25.0,receding,False
46,80,583,622,red,1425.0,25.0,receding,False
47,80,584,622,red,1425.0,25.0,receding,False
48,80,585,622,red,1425.0,25.0,receding,False
49,80,586,622,red,1425.0,25.0,receding,False
51,80,588,622,orange,1375.0,25.0,receding,False
52,80,589,622,orange,1375.0,25.0,receding,False
53,80,590,622,orange,1375.0,25.0,receding,False
54,80,591,622,orange,1375.0,25.0,receding,False
55,80,592,622,orange,1375.0,25.0,receding,False
56,80,593,622,orange,1375.0,25.0,receding,False
57,80,594,622,orange,1375.0,25.0,receding,False
58,80,595,622,orange,1375.0,25.0,receding,False
59,80,596,622,orange,1375.0,25.0,receding,False
60,80,597,622,orange,1375.0,25.0,receding,False
61,80,598,622,orange,1375.0,25.0,receding,False
62,80,599,622,orange,1375.0,25.0,receding,False
63,80,600,622,orange,1375.0,25.0,receding,False
64,80,601,622,orange,1375.0,25.0,receding,False
65,80,602,622,orange,1375.0,25.0,receding,False
66,80,603,622,orange,1375.0,25.0,receding,False
67,80,604,622,orange,1375.0,25.0,receding,False
68,80,605,622,orange,1375.0,25.0,receding,False
69,80,606,622,orange,1375.0,25.0,receding,False
70,80,607,622,orange,1375.0,25.0,receding,False
71,80,608,622,orange,1375.0,25.0,receding,False
72,80,609,622,orange,1375.0,25.0,receding,False
73,80,610,622,orange,1375.0,25.0,receding,False
74,80,611,622,orange,1375.0,25.0,receding,False
75,80,612,622,orange,1375.0,25.0,receding,False
76,80,613,622,orange,1375.0,25.0,receding,False
77,80,614,622,orange,1375.0,25.0,receding,False
78,80,615,622,orange,1375.0,25.0,receding,False
79,80,616,622,yellow,1325.0,25.0,receding,False
80,80,617,622,yellow,1325.0,25.0,receding,False
82,80,619,622,bright_green,1275.0,25.0,receding,False
84,80,621,622,dark_green,1225.0,25.0,receding,False
85,80,622,622,dark_green,1225.0,25.0,receding,False
86,80,623,622,dark_green,1225.0,25.0,receding,False
87,80,624,622,dark_green,1225.0,25.0,receding,False
89,80,626,622,light_blue,1175.0,25.0,systemic_ambiguous,False
90,80,627,622,light_blue,1175.0,25.0,systemic_ambiguous,False
91,80,628,622,light_blue,1175.0,25.0,systemic_ambiguous,False
92,80,629,622,light_blue,1175.0,25.0,systemic_ambiguous,False
93,80,630,622,light_blue,1175.0,25.0,systemic_ambiguous,False
94,80,631,622,light_blue,1175.0,25.0,systemic_ambiguous,False
95,80,632,622,light_blue,1175.0,25.0,systemic_ambiguous,False
96,80,633,622,light_blue,1175.0,25.0,systemic_ambiguous,False
97,80,634,622,light_blue,1175.0,25.0,systemic_ambiguous,False
98,80,635,622,light_blue,1175.0,25.0,systemic_ambiguous,False
99,80,636,622,light_blue,1175.0,25.0,systemic_ambiguous,False
100,80,637,622,light_blue,1175.0,25.0,systemic_ambiguous,False
101,80,638,622,light_blue,1175.0,25.0,systemic_ambiguous,False
102,80,639,622,light_blue,1175.0,25.0,systemic_ambiguous,False
103,80,640,622,light_blue,1175.0,25.0,systemic_ambiguous,False
104,80,641,622,light_blue,1175.0,25.0,systemic_ambiguous,False
105,80,642,622,light_blue,1175.0,25.0,systemic_ambiguous,False
106,80,643,622,light_blue,1175.0,25.0,systemic_ambiguous,False
107,80,644,622,blue,1125.0,25.0,approaching,False
108,80,645,622,blue,1125.0,25.0,approaching,False
109,80,646,622,blue,1125.0,25.0,approaching,False
110,80,647,622,blue,1125.0,25.0,approaching,False
111,80,648,622,blue,1125.0,25.0,approaching,False
112,80,649,622,blue,1125.0,25.0,approaching,False
113,80,650,622,blue,1125.0,25.0,approaching,False
37,81,574,623,red,1425.0,25.0,receding,False
38,81,575,623,red,1425.0,25.0,receding,False
39,81,576,623,red,1425.0,25.0,receding,False
40,81,577,623,red,1425.0,25.0,receding,False
44,81,581,623,red,1425.0,25.0,receding,False
45,81,582,623,red,1425.0,25.0,receding,False
46,81,583,623,red,1425.0,25.0,receding,False
47,81,584,623,red,1425.0,25.0,receding,False
48,81,585,623,red,1425.0,25.0,receding,False
49,81,586,623,red,1425.0,25.0,receding,False
61,81,598,623,orange,1375.0,25.0,receding,False
62,81,599,623,orange,1375.0,25.0,receding,False
63,81,600,623,orange,1375.0,25.0,receding,False
64,81,601,623,orange,1375.0,25.0,receding,False
65,81,602,623,orange,1375.0,25.0,receding,False
66,81,603,623,orange,1375.0,25.0,receding,False
67,81,604,623,orange,1375.0,25.0,receding,False
68,81,605,623,orange,1375.0,25.0,receding,False
69,81,606,623,orange,1375.0,25.0,receding,False
70,81,607,623,orange,1375.0,25.0,receding,False
71,81,608,623,orange,1375.0,25.0,receding,False
72,81,609,623,orange,1375.0,25.0,receding,False
73,81,610,623,orange,1375.0,25.0,receding,False
74,81,611,623,orange,1375.0,25.0,receding,False
75,81,612,623,orange,1375.0,25.0,receding,False
76,81,613,623,orange,1375.0,25.0,receding,False
77,81,614,623,orange,1375.0,25.0,receding,False
78,81,615,623,orange,1375.0,25.0,receding,False
79,81,616,623,yellow,1325.0,25.0,receding,False
80,81,617,623,yellow,1325.0,25.0,receding,False
82,81,619,623,bright_green,1275.0,25.0,receding,False
86,81,623,623,dark_green,1225.0,25.0,receding,False
87,81,624,623,dark_green,1225.0,25.0,receding,False
95,81,632,623,light_blue,1175.0,25.0,systemic_ambiguous,False
96,81,633,623,light_blue,1175.0,25.0,systemic_ambiguous,False
97,81,634,623,light_blue,1175.0,25.0,systemic_ambiguous,False
98,81,635,623,light_blue,1175.0,25.0,systemic_ambiguous,False
99,81,636,623,light_blue,1175.0,25.0,systemic_ambiguous,False
100,81,637,623,light_blue,1175.0,25.0,systemic_ambiguous,False
101,81,638,623,light_blue,1175.0,25.0,systemic_ambiguous,False
102,81,639,623,light_blue,1175.0,25.0,systemic_ambiguous,False
103,81,640,623,light_blue,1175.0,25.0,systemic_ambiguous,False
104,81,641,623,light_blue,1175.0,25.0,systemic_ambiguous,False
105,81,642,623,light_blue,1175.0,25.0,systemic_ambiguous,False
106,81,643,623,light_blue,1175.0,25.0,systemic_ambiguous,False
107,81,644,623,blue,1125.0,25.0,approaching,False
108,81,645,623,blue,1125.0,25.0,approaching,False
37,82,574,624,red,1425.0,25.0,receding,False
38,82,575,624,red,1425.0,25.0,receding,False
39,82,576,624,red,1425.0,25.0,receding,False
40,82,577,624,red,1425.0,25.0,receding,False
41,82,578,624,red,1425.0,25.0,receding,False
42,82,579,624,red,1425.0,25.0,receding,False
43,82,580,624,red,1425.0,25.0,receding,False
44,82,581,624,red,1425.0,25.0,receding,False
45,82,582,624,red,1425.0,25.0,receding,False
46,82,583,624,red,1425.0,25.0,receding,False
47,82,584,624,red,1425.0,25.0,receding,False
48,82,585,624,red,1425.0,25.0,receding,False
49,82,586,624,red,1425.0,25.0,receding,False
50,82,587,624,red,1425.0,25.0,receding,False
51,82,588,624,red,1425.0,25.0,receding,False
52,82,589,624,red,1425.0,25.0,receding,False
53,82,590,624,red,1425.0,25.0,receding,False
54,82,591,624,red,1425.0,25.0,receding,False
55,82,592,624,red,1425.0,25.0,receding,False
56,82,593,624,red,1425.0,25.0,receding,False
57,82,594,624,red,1425.0,25.0,receding,False
58,82,595,624,red,1425.0,25.0,receding,False
59,82,596,624,red,1425.0,25.0,receding,False
60,82,597,624,orange,1375.0,25.0,receding,False
61,82,598,624,orange,1375.0,25.0,receding,False
62,82,599,624,orange,1375.0,25.0,receding,False
63,82,600,624,orange,1375.0,25.0,receding,False
64,82,601,624,orange,1375.0,25.0,receding,False
65,82,602,624,orange,1375.0,25.0,receding,False
66,82,603,624,orange,1375.0,25.0,receding,False
67,82,604,624,orange,1375.0,25.0,receding,False
68,82,605,624,orange,1375.0,25.0,receding,False
69,82,606,624,orange,1375.0,25.0,receding,False
70,82,607,624,orange,1375.0,25.0,receding,False
71,82,608,624,orange,1375.0,25.0,receding,False
72,82,609,624,orange,1375.0,25.0,receding,False
73,82,610,624,orange,1375.0,25.0,receding,False
74,82,611,624,orange,1375.0,25.0,receding,False
75,82,612,624,orange,1375.0,25.0,receding,False
76,82,613,624,orange,1375.0,25.0,receding,False
77,82,614,624,orange,1375.0,25.0,receding,False
78,82,615,624,orange,1375.0,25.0,receding,False
79,82,616,624,yellow,1325.0,25.0,receding,False
80,82,617,624,yellow,1325.0,25.0,receding,False
82,82,619,624,bright_green,1275.0,25.0,receding,False
83,82,620,624,bright_green,1275.0,25.0,receding,False
84,82,621,624,bright_green,1275.0,25.0,receding,False
85,82,622,624,bright_green,1275.0,25.0,receding,False
86,82,623,624,dark_green,1225.0,25.0,receding,False
87,82,624,624,dark_green,1225.0,25.0,receding,False
88,82,625,624,dark_green,1225.0,25.0,receding,False
89,82,626,624,dark_green,1225.0,25.0,receding,False
90,82,627,624,dark_green,1225.0,25.0,receding,False
91,82,628,624,dark_green,1225.0,25.0,receding,False
92,82,629,624,dark_green,1225.0,25.0,receding,False
93,82,630,624,dark_green,1225.0,25.0,receding,False
94,82,631,624,dark_green,1225.0,25.0,receding,False
96,82,633,624,light_blue,1175.0,25.0,systemic_ambiguous,False
97,82,634,624,light_blue,1175.0,25.0,systemic_ambiguous,False
98,82,635,624,light_blue,1175.0,25.0,systemic_ambiguous,False
99,82,636,624,light_blue,1175.0,25.0,systemic_ambiguous,False
100,82,637,624,light_blue,1175.0,25.0,systemic_ambiguous,False
101,82,638,624,light_blue,1175.0,25.0,systemic_ambiguous,False
102,82,639,624,light_blue,1175.0,25.0,systemic_ambiguous,False
103,82,640,624,light_blue,1175.0,25.0,systemic_ambiguous,False
104,82,641,624,light_blue,1175.0,25.0,systemic_ambiguous,False
105,82,642,624,light_blue,1175.0,25.0,systemic_ambiguous,False
106,82,643,624,light_blue,1175.0,25.0,systemic_ambiguous,False
107,82,644,624,blue,1125.0,25.0,approaching,False
108,82,645,624,blue,1125.0,25.0,approaching,False
37,83,574,625,red,1425.0,25.0,receding,False
38,83,575,625,red,1425.0,25.0,receding,False
39,83,576,625,red,1425.0,25.0,receding,False
40,83,577,625,red,1425.0,25.0,receding,False
41,83,578,625,red,1425.0,25.0,receding,False
42,83,579,625,red,1425.0,25.0,receding,False
43,83,580,625,red,1425.0,25.0,receding,False
44,83,581,625,red,1425.0,25.0,receding,False
45,83,582,625,red,1425.0,25.0,receding,False
46,83,583,625,red,1425.0,25.0,receding,False
47,83,584,625,red,1425.0,25.0,receding,False
48,83,585,625,red,1425.0,25.0,receding,False
49,83,586,625,red,1425.0,25.0,receding,False
50,83,587,625,red,1425.0,25.0,receding,False
51,83,588,625,red,1425.0,25.0,receding,False
52,83,589,625,red,1425.0,25.0,receding,False
53,83,590,625,red,1425.0,25.0,receding,False
54,83,591,625,red,1425.0,25.0,receding,False
55,83,592,625,red,1425.0,25.0,receding,False
56,83,593,625,red,1425.0,25.0,receding,False
57,83,594,625,red,1425.0,25.0,receding,False
58,83,595,625,red,1425.0,25.0,receding,False
59,83,596,625,red,1425.0,25.0,receding,False
60,83,597,625,orange,1375.0,25.0,receding,False
61,83,598,625,orange,1375.0,25.0,receding,False
62,83,599,625,orange,1375.0,25.0,receding,False
64,83,601,625,orange,1375.0,25.0,receding,False
65,83,602,625,orange,1375.0,25.0,receding,False
66,83,603,625,orange,1375.0,25.0,receding,False
67,83,604,625,orange,1375.0,25.0,receding,False
68,83,605,625,orange,1375.0,25.0,receding,False
69,83,606,625,orange,1375.0,25.0,receding,False
70,83,607,625,orange,1375.0,25.0,receding,False
71,83,608,625,orange,1375.0,25.0,receding,False
72,83,609,625,orange,1375.0,25.0,receding,False
73,83,610,625,orange,1375.0,25.0,receding,False
74,83,611,625,orange,1375.0,25.0,receding,False
75,83,612,625,orange,1375.0,25.0,receding,False
76,83,613,625,orange,1375.0,25.0,receding,False
77,83,614,625,orange,1375.0,25.0,receding,False
78,83,615,625,orange,1375.0,25.0,receding,False
79,83,616,625,yellow,1325.0,25.0,receding,False
80,83,617,625,yellow,1325.0,25.0,receding,False
82,83,619,625,bright_green,1275.0,25.0,receding,False
83,83,620,625,bright_green,1275.0,25.0,receding,False
84,83,621,625,bright_green,1275.0,25.0,receding,False
85,83,622,625,bright_green,1275.0,25.0,receding,False
86,83,623,625,dark_green,1225.0,25.0,receding,False
87,83,624,625,dark_green,1225.0,25.0,receding,False
88,83,625,625,dark_green,1225.0,25.0,receding,False
89,83,626,625,dark_green,1225.0,25.0,receding,False
90,83,627,625,dark_green,1225.0,25.0,receding,False
91,83,628,625,dark_green,1225.0,25.0,receding,False
92,83,629,625,dark_green,1225.0,25.0,receding,False
93,83,630,625,dark_green,1225.0,25.0,receding,False
94,83,631,625,dark_green,1225.0,25.0,receding,False
96,83,633,625,light_blue,1175.0,25.0,systemic_ambiguous,False
97,83,634,625,light_blue,1175.0,25.0,systemic_ambiguous,False
98,83,635,625,light_blue,1175.0,25.0,systemic_ambiguous,False
99,83,636,625,light_blue,1175.0,25.0,systemic_ambiguous,False
100,83,637,625,light_blue,1175.0,25.0,systemic_ambiguous,False
101,83,638,625,light_blue,1175.0,25.0,systemic_ambiguous,False
102,83,639,625,light_blue,1175.0,25.0,systemic_ambiguous,False
103,83,640,625,light_blue,1175.0,25.0,systemic_ambiguous,False
104,83,641,625,light_blue,1175.0,25.0,systemic_ambiguous,False
105,83,642,625,light_blue,1175.0,25.0,systemic_ambiguous,False
106,83,643,625,light_blue,1175.0,25.0,systemic_ambiguous,False
107,83,644,625,blue,1125.0,25.0,approaching,False
108,83,645,625,blue,1125.0,25.0,approaching,False
39,84,576,626,red,1425.0,25.0,receding,False
40,84,577,626,red,1425.0,25.0,receding,False
41,84,578,626,red,1425.0,25.0,receding,False
42,84,579,626,red,1425.0,25.0,receding,False
43,84,580,626,red,1425.0,25.0,receding,False
44,84,581,626,red,1425.0,25.0,receding,False
45,84,582,626,red,1425.0,25.0,receding,False
46,84,583,626,red,1425.0,25.0,receding,False
47,84,584,626,red,1425.0,25.0,receding,False
48,84,585,626,red,1425.0,25.0,receding,False
49,84,586,626,red,1425.0,25.0,receding,False
50,84,587,626,red,1425.0,25.0,receding,False
51,84,588,626,red,1425.0,25.0,receding,False
52,84,589,626,red,1425.0,25.0,receding,False
53,84,590,626,red,1425.0,25.0,receding,False
54,84,591,626,red,1425.0,25.0,receding,False
55,84,592,626,red,1425.0,25.0,receding,False
56,84,593,626,red,1425.0,25.0,receding,False
57,84,594,626,red,1425.0,25.0,receding,False
58,84,595,626,red,1425.0,25.0,receding,False
59,84,596,626,red,1425.0,25.0,receding,False
60,84,597,626,red,1425.0,25.0,receding,False
61,84,598,626,red,1425.0,25.0,receding,False
62,84,599,626,red,1425.0,25.0,receding,False
63,84,600,626,red,1425.0,25.0,receding,False
64,84,601,626,red,1425.0,25.0,receding,False
65,84,602,626,red,1425.0,25.0,receding,False
66,84,603,626,red,1425.0,25.0,receding,False
67,84,604,626,orange,1375.0,25.0,receding,False
69,84,606,626,orange,1375.0,25.0,receding,False
70,84,607,626,orange,1375.0,25.0,receding,False
72,84,609,626,orange,1375.0,25.0,receding,False
73,84,610,626,orange,1375.0,25.0,receding,False
75,84,612,626,orange,1375.0,25.0,receding,False
77,84,614,626,yellow,1325.0,25.0,receding,False
78,84,615,626,yellow,1325.0,25.0,receding,False
79,84,616,626,yellow,1325.0,25.0,receding,False
80,84,617,626,yellow,1325.0,25.0,receding,False
82,84,619,626,bright_green,1275.0,25.0,receding,False
83,84,620,626,bright_green,1275.0,25.0,receding,False
84,84,621,626,bright_green,1275.0,25.0,receding,False
85,84,622,626,bright_green,1275.0,25.0,receding,False
86,84,623,626,bright_green,1275.0,25.0,receding,False
87,84,624,626,bright_green,1275.0,25.0,receding,False
89,84,626,626,dark_green,1225.0,25.0,receding,False
90,84,627,626,dark_green,1225.0,25.0,receding,False
91,84,628,626,dark_green,1225.0,25.0,receding,False
92,84,629,626,dark_green,1225.0,25.0,receding,False
93,84,630,626,dark_green,1225.0,25.0,receding,False
94,84,631,626,dark_green,1225.0,25.0,receding,False
95,84,632,626,dark_green,1225.0,25.0,receding,False
96,84,633,626,dark_green,1225.0,25.0,receding,False
98,84,635,626,light_blue,1175.0,25.0,systemic_ambiguous,False
99,84,636,626,light_blue,1175.0,25.0,systemic_ambiguous,False
100,84,637,626,light_blue,1175.0,25.0,systemic_ambiguous,False
101,84,638,626,light_blue,1175.0,25.0,systemic_ambiguous,False
102,84,639,626,light_blue,1175.0,25.0,systemic_ambiguous,False
103,84,640,626,light_blue,1175.0,25.0,systemic_ambiguous,False
104,84,641,626,light_blue,1175.0,25.0,systemic_ambiguous,False
105,84,642,626,light_blue,1175.0,25.0,systemic_ambiguous,False
106,84,643,626,light_blue,1175.0,25.0,systemic_ambiguous,False
39,85,576,627,red,1425.0,25.0,receding,False
40,85,577,627,red,1425.0,25.0,receding,False
41,85,578,627,red,1425.0,25.0,receding,False
42,85,579,627,red,1425.0,25.0,receding,False
43,85,580,627,red,1425.0,25.0,receding,False
44,85,581,627,red,1425.0,25.0,receding,False
45,85,582,627,red,1425.0,25.0,receding,False
46,85,583,627,red,1425.0,25.0,receding,False
47,85,584,627,red,1425.0,25.0,receding,False
48,85,585,627,red,1425.0,25.0,receding,False
49,85,586,627,red,1425.0,25.0,receding,False
50,85,587,627,red,1425.0,25.0,receding,False
51,85,588,627,red,1425.0,25.0,receding,False
52,85,589,627,red,1425.0,25.0,receding,False
53,85,590,627,red,1425.0,25.0,receding,False
54,85,591,627,red,1425.0,25.0,receding,False
55,85,592,627,red,1425.0,25.0,receding,False
56,85,593,627,red,1425.0,25.0,receding,False
57,85,594,627,red,1425.0,25.0,receding,False
58,85,595,627,red,1425.0,25.0,receding,False
59,85,596,627,red,1425.0,25.0,receding,False
60,85,597,627,red,1425.0,25.0,receding,False
61,85,598,627,red,1425.0,25.0,receding,False
62,85,599,627,red,1425.0,25.0,receding,False
63,85,600,627,red,1425.0,25.0,receding,False
64,85,601,627,red,1425.0,25.0,receding,False
65,85,602,627,red,1425.0,25.0,receding,False
66,85,603,627,red,1425.0,25.0,receding,False
67,85,604,627,orange,1375.0,25.0,receding,False
68,85,605,627,orange,1375.0,25.0,receding,False
69,85,606,627,orange,1375.0,25.0,receding,False
70,85,607,627,orange,1375.0,25.0,receding,False
71,85,608,627,orange,1375.0,25.0,receding,False
72,85,609,627,orange,1375.0,25.0,receding,False
73,85,610,627,orange,1375.0,25.0,receding,False
74,85,611,627,orange,1375.0,25.0,receding,False
75,85,612,627,orange,1375.0,25.0,receding,False
77,85,614,627,yellow,1325.0,25.0,receding,False
78,85,615,627,yellow,1325.0,25.0,receding,False
79,85,616,627,yellow,1325.0,25.0,receding,False
80,85,617,627,yellow,1325.0,25.0,receding,False
82,85,619,627,bright_green,1275.0,25.0,receding,False
83,85,620,627,bright_green,1275.0,25.0,receding,False
84,85,621,627,bright_green,1275.0,25.0,receding,False
85,85,622,627,bright_green,1275.0,25.0,receding,False
86,85,623,627,bright_green,1275.0,25.0,receding,False
87,85,624,627,bright_green,1275.0,25.0,receding,False
89,85,626,627,dark_green,1225.0,25.0,receding,False
90,85,627,627,dark_green,1225.0,25.0,receding,False
91,85,628,627,dark_green,1225.0,25.0,receding,False
92,85,629,627,dark_green,1225.0,25.0,receding,False
93,85,630,627,dark_green,1225.0,25.0,receding,False
94,85,631,627,dark_green,1225.0,25.0,receding,False
95,85,632,627,dark_green,1225.0,25.0,receding,False
96,85,633,627,dark_green,1225.0,25.0,receding,False
98,85,635,627,light_blue,1175.0,25.0,systemic_ambiguous,False
99,85,636,627,light_blue,1175.0,25.0,systemic_ambiguous,False
100,85,637,627,light_blue,1175.0,25.0,systemic_ambiguous,False
101,85,638,627,light_blue,1175.0,25.0,systemic_ambiguous,False
102,85,639,627,light_blue,1175.0,25.0,systemic_ambiguous,False
103,85,640,627,light_blue,1175.0,25.0,systemic_ambiguous,False
104,85,641,627,light_blue,1175.0,25.0,systemic_ambiguous,False
105,85,642,627,light_blue,1175.0,25.0,systemic_ambiguous,False
106,85,643,627,light_blue,1175.0,25.0,systemic_ambiguous,False
41,86,578,628,red,1425.0,25.0,receding,False
42,86,579,628,red,1425.0,25.0,receding,False
43,86,580,628,red,1425.0,25.0,receding,False
44,86,581,628,red,1425.0,25.0,receding,False
45,86,582,628,red,1425.0,25.0,receding,False
46,86,583,628,red,1425.0,25.0,receding,False
47,86,584,628,red,1425.0,25.0,receding,False
48,86,585,628,red,1425.0,25.0,receding,False
49,86,586,628,red,1425.0,25.0,receding,False
50,86,587,628,red,1425.0,25.0,receding,False
51,86,588,628,red,1425.0,25.0,receding,False
52,86,589,628,red,1425.0,25.0,receding,False
53,86,590,628,red,1425.0,25.0,receding,False
54,86,591,628,red,1425.0,25.0,receding,False
55,86,592,628,red,1425.0,25.0,receding,False
56,86,593,628,red,1425.0,25.0,receding,False
57,86,594,628,red,1425.0,25.0,receding,False
58,86,595,628,red,1425.0,25.0,receding,False
59,86,596,628,red,1425.0,25.0,receding,False
60,86,597,628,red,1425.0,25.0,receding,False
61,86,598,628,red,1425.0,25.0,receding,False
62,86,599,628,red,1425.0,25.0,receding,False
63,86,600,628,red,1425.0,25.0,receding,False
67,86,604,628,orange,1375.0,25.0,receding,False
68,86,605,628,orange,1375.0,25.0,receding,False
69,86,606,628,orange,1375.0,25.0,receding,False
70,86,607,628,orange,1375.0,25.0,receding,False
71,86,608,628,orange,1375.0,25.0,receding,False
72,86,609,628,orange,1375.0,25.0,receding,False
73,86,610,628,orange,1375.0,25.0,receding,False
74,86,611,628,orange,1375.0,25.0,receding,False
75,86,612,628,orange,1375.0,25.0,receding,False
76,86,613,628,yellow,1325.0,25.0,receding,False
77,86,614,628,yellow,1325.0,25.0,receding,False
78,86,615,628,yellow,1325.0,25.0,receding,False
79,86,616,628,yellow,1325.0,25.0,receding,False
80,86,617,628,yellow,1325.0,25.0,receding,False
82,86,619,628,bright_green,1275.0,25.0,receding,False
83,86,620,628,bright_green,1275.0,25.0,receding,False
84,86,621,628,bright_green,1275.0,25.0,receding,False
85,86,622,628,bright_green,1275.0,25.0,receding,False
86,86,623,628,bright_green,1275.0,25.0,receding,False
87,86,624,628,bright_green,1275.0,25.0,receding,False
91,86,628,628,dark_green,1225.0,25.0,receding,False
92,86,629,628,dark_green,1225.0,25.0,receding,False
93,86,630,628,dark_green,1225.0,25.0,receding,False
94,86,631,628,dark_green,1225.0,25.0,receding,False
95,86,632,628,dark_green,1225.0,25.0,receding,False
96,86,633,628,dark_green,1225.0,25.0,receding,False
98,86,635,628,light_blue,1175.0,25.0,systemic_ambiguous,False
99,86,636,628,light_blue,1175.0,25.0,systemic_ambiguous,False
100,86,637,628,light_blue,1175.0,25.0,systemic_ambiguous,False
101,86,638,628,light_blue,1175.0,25.0,systemic_ambiguous,False
102,86,639,628,light_blue,1175.0,25.0,systemic_ambiguous,False
103,86,640,628,light_blue,1175.0,25.0,systemic_ambiguous,False
41,87,578,629,red,1425.0,25.0,receding,False
42,87,579,629,red,1425.0,25.0,receding,False
43,87,580,629,red,1425.0,25.0,receding,False
44,87,581,629,red,1425.0,25.0,receding,False
45,87,582,629,red,1425.0,25.0,receding,False
46,87,583,629,red,1425.0,25.0,receding,False
47,87,584,629,red,1425.0,25.0,receding,False
48,87,585,629,red,1425.0,25.0,receding,False
49,87,586,629,red,1425.0,25.0,receding,False
50,87,587,629,red,1425.0,25.0,receding,False
51,87,588,629,red,1425.0,25.0,receding,False
52,87,589,629,red,1425.0,25.0,receding,False
53,87,590,629,red,1425.0,25.0,receding,False
54,87,591,629,red,1425.0,25.0,receding,False
55,87,592,629,red,1425.0,25.0,receding,False
56,87,593,629,red,1425.0,25.0,receding,False
57,87,594,629,red,1425.0,25.0,receding,False
58,87,595,629,red,1425.0,25.0,receding,False
59,87,596,629,red,1425.0,25.0,receding,False
60,87,597,629,red,1425.0,25.0,receding,False
61,87,598,629,red,1425.0,25.0,receding,False
62,87,599,629,red,1425.0,25.0,receding,False
63,87,600,629,red,1425.0,25.0,receding,False
65,87,602,629,orange,1375.0,25.0,receding,False
66,87,603,629,orange,1375.0,25.0,receding,False
67,87,604,629,orange,1375.0,25.0,receding,False
68,87,605,629,orange,1375.0,25.0,receding,False
69,87,606,629,orange,1375.0,25.0,receding,False
70,87,607,629,orange,1375.0,25.0,receding,False
72,87,609,629,orange,1375.0,25.0,receding,False
73,87,610,629,orange,1375.0,25.0,receding,False
74,87,611,629,orange,1375.0,25.0,receding,False
75,87,612,629,orange,1375.0,25.0,receding,False
77,87,614,629,yellow,1325.0,25.0,receding,False
78,87,615,629,yellow,1325.0,25.0,receding,False
79,87,616,629,yellow,1325.0,25.0,receding,False
80,87,617,629,yellow,1325.0,25.0,receding,False
82,87,619,629,bright_green,1275.0,25.0,receding,False
83,87,620,629,bright_green,1275.0,25.0,receding,False
84,87,621,629,bright_green,1275.0,25.0,receding,False
85,87,622,629,bright_green,1275.0,25.0,receding,False
86,87,623,629,bright_green,1275.0,25.0,receding,False
87,87,624,629,bright_green,1275.0,25.0,receding,False
88,87,625,629,bright_green,1275.0,25.0,receding,False
89,87,626,629,bright_green,1275.0,25.0,receding,False
91,87,628,629,dark_green,1225.0,25.0,receding,False
92,87,629,629,dark_green,1225.0,25.0,receding,False
93,87,630,629,dark_green,1225.0,25.0,receding,False
94,87,631,629,dark_green,1225.0,25.0,receding,False
95,87,632,629,dark_green,1225.0,25.0,receding,False
96,87,633,629,dark_green,1225.0,25.0,receding,False
98,87,635,629,light_blue,1175.0,25.0,systemic_ambiguous,False
99,87,636,629,light_blue,1175.0,25.0,systemic_ambiguous,False
100,87,637,629,light_blue,1175.0,25.0,systemic_ambiguous,False
101,87,638,629,light_blue,1175.0,25.0,systemic_ambiguous,False
102,87,639,629,light_blue,1175.0,25.0,systemic_ambiguous,False
103,87,640,629,light_blue,1175.0,25.0,systemic_ambiguous,False
41,88,578,630,red,1425.0,25.0,receding,False
42,88,579,630,red,1425.0,25.0,receding,False
43,88,580,630,red,1425.0,25.0,receding,False
44,88,581,630,red,1425.0,25.0,receding,False
45,88,582,630,red,1425.0,25.0,receding,False
46,88,583,630,red,1425.0,25.0,receding,False
47,88,584,630,red,1425.0,25.0,receding,False
48,88,585,630,red,1425.0,25.0,receding,False
49,88,586,630,red,1425.0,25.0,receding,False
50,88,587,630,red,1425.0,25.0,receding,False
51,88,588,630,red,1425.0,25.0,receding,False
52,88,589,630,red,1425.0,25.0,receding,False
53,88,590,630,red,1425.0,25.0,receding,False
54,88,591,630,red,1425.0,25.0,receding,False
55,88,592,630,red,1425.0,25.0,receding,False
56,88,593,630,red,1425.0,25.0,receding,False
57,88,594,630,red,1425.0,25.0,receding,False
58,88,595,630,red,1425.0,25.0,receding,False
59,88,596,630,red,1425.0,25.0,receding,False
60,88,597,630,red,1425.0,25.0,receding,False
61,88,598,630,red,1425.0,25.0,receding,False
62,88,599,630,red,1425.0,25.0,receding,False
63,88,600,630,red,1425.0,25.0,receding,False
65,88,602,630,orange,1375.0,25.0,receding,False
66,88,603,630,orange,1375.0,25.0,receding,False
67,88,604,630,orange,1375.0,25.0,receding,False
68,88,605,630,orange,1375.0,25.0,receding,False
69,88,606,630,orange,1375.0,25.0,receding,False
70,88,607,630,orange,1375.0,25.0,receding,False
71,88,608,630,orange,1375.0,25.0,receding,False
72,88,609,630,orange,1375.0,25.0,receding,False
73,88,610,630,orange,1375.0,25.0,receding,False
76,88,613,630,yellow,1325.0,25.0,receding,False
77,88,614,630,yellow,1325.0,25.0,receding,False
78,88,615,630,yellow,1325.0,25.0,receding,False
79,88,616,630,yellow,1325.0,25.0,receding,False
80,88,617,630,yellow,1325.0,25.0,receding,False
82,88,619,630,bright_green,1275.0,25.0,receding,False
83,88,620,630,bright_green,1275.0,25.0,receding,False
84,88,621,630,bright_green,1275.0,25.0,receding,False
85,88,622,630,bright_green,1275.0,25.0,receding,False
86,88,623,630,bright_green,1275.0,25.0,receding,False
87,88,624,630,bright_green,1275.0,25.0,receding,False
88,88,625,630,bright_green,1275.0,25.0,receding,False
89,88,626,630,bright_green,1275.0,25.0,receding,False
91,88,628,630,dark_green,1225.0,25.0,receding,False
92,88,629,630,dark_green,1225.0,25.0,receding,False
93,88,630,630,dark_green,1225.0,25.0,receding,False
94,88,631,630,dark_green,1225.0,25.0,receding,False
95,88,632,630,dark_green,1225.0,25.0,receding,False
96,88,633,630,dark_green,1225.0,25.0,receding,False
100,88,637,630,light_blue,1175.0,25.0,systemic_ambiguous,False
101,88,638,630,light_blue,1175.0,25.0,systemic_ambiguous,False
41,89,578,631,red,1425.0,25.0,receding,False
42,89,579,631,red,1425.0,25.0,receding,False
43,89,580,631,red,1425.0,25.0,receding,False
44,89,581,631,red,1425.0,25.0,receding,False
45,89,582,631,red,1425.0,25.0,receding,False
46,89,583,631,red,1425.0,25.0,receding,False
47,89,584,631,red,1425.0,25.0,receding,False
48,89,585,631,red,1425.0,25.0,receding,False
49,89,586,631,red,1425.0,25.0,receding,False
50,89,587,631,red,1425.0,25.0,receding,False
51,89,588,631,red,1425.0,25.0,receding,False
52,89,589,631,red,1425.0,25.0,receding,False
53,89,590,631,red,1425.0,25.0,receding,False
54,89,591,631,red,1425.0,25.0,receding,False
55,89,592,631,red,1425.0,25.0,receding,False
56,89,593,631,red,1425.0,25.0,receding,False
57,89,594,631,red,1425.0,25.0,receding,False
58,89,595,631,red,1425.0,25.0,receding,False
59,89,596,631,red,1425.0,25.0,receding,False
60,89,597,631,red,1425.0,25.0,receding,False
61,89,598,631,red,1425.0,25.0,receding,False
62,89,599,631,red,1425.0,25.0,receding,False
63,89,600,631,red,1425.0,25.0,receding,False
65,89,602,631,orange,1375.0,25.0,receding,False
66,89,603,631,orange,1375.0,25.0,receding,False
67,89,604,631,orange,1375.0,25.0,receding,False
68,89,605,631,orange,1375.0,25.0,receding,False
69,89,606,631,orange,1375.0,25.0,receding,False
70,89,607,631,orange,1375.0,25.0,receding,False
71,89,608,631,orange,1375.0,25.0,receding,False
72,89,609,631,orange,1375.0,25.0,receding,False
73,89,610,631,orange,1375.0,25.0,receding,False
75,89,612,631,yellow,1325.0,25.0,receding,False
76,89,613,631,yellow,1325.0,25.0,receding,False
77,89,614,631,yellow,1325.0,25.0,receding,False
78,89,615,631,yellow,1325.0,25.0,receding,False
79,89,616,631,yellow,1325.0,25.0,receding,False
80,89,617,631,yellow,1325.0,25.0,receding,False
82,89,619,631,bright_green,1275.0,25.0,receding,False
83,89,620,631,bright_green,1275.0,25.0,receding,False
84,89,621,631,bright_green,1275.0,25.0,receding,False
85,89,622,631,bright_green,1275.0,25.0,receding,False
86,89,623,631,bright_green,1275.0,25.0,receding,False
87,89,624,631,bright_green,1275.0,25.0,receding,False
88,89,625,631,bright_green,1275.0,25.0,receding,False
89,89,626,631,bright_green,1275.0,25.0,receding,False
91,89,628,631,dark_green,1225.0,25.0,receding,False
92,89,629,631,dark_green,1225.0,25.0,receding,False
93,89,630,631,dark_green,1225.0,25.0,receding,False
94,89,631,631,dark_green,1225.0,25.0,receding,False
95,89,632,631,dark_green,1225.0,25.0,receding,False
96,89,633,631,dark_green,1225.0,25.0,receding,False
97,89,634,631,dark_green,1225.0,25.0,receding,False
98,89,635,631,dark_green,1225.0,25.0,receding,False
99,89,636,631,dark_green,1225.0,25.0,receding,False
100,89,637,631,light_blue,1175.0,25.0,systemic_ambiguous,False
101,89,638,631,light_blue,1175.0,25.0,systemic_ambiguous,False
41,90,578,632,red,1425.0,25.0,receding,False
42,90,579,632,red,1425.0,25.0,receding,False
43,90,580,632,red,1425.0,25.0,receding,False
44,90,581,632,red,1425.0,25.0,receding,False
45,90,582,632,red,1425.0,25.0,receding,False
46,90,583,632,red,1425.0,25.0,receding,False
47,90,584,632,red,1425.0,25.0,receding,False
48,90,585,632,red,1425.0,25.0,receding,False
49,90,586,632,red,1425.0,25.0,receding,False
50,90,587,632,red,1425.0,25.0,receding,False
51,90,588,632,red,1425.0,25.0,receding,False
52,90,589,632,red,1425.0,25.0,receding,False
53,90,590,632,red,1425.0,25.0,receding,False
54,90,591,632,red,1425.0,25.0,receding,False
55,90,592,632,red,1425.0,25.0,receding,False
56,90,593,632,red,1425.0,25.0,receding,False
57,90,594,632,red,1425.0,25.0,receding,False
58,90,595,632,red,1425.0,25.0,receding,False
59,90,596,632,red,1425.0,25.0,receding,False
60,90,597,632,red,1425.0,25.0,receding,False
61,90,598,632,red,1425.0,25.0,receding,False
62,90,599,632,red,1425.0,25.0,receding,False
63,90,600,632,red,1425.0,25.0,receding,False
65,90,602,632,orange,1375.0,25.0,receding,False
66,90,603,632,orange,1375.0,25.0,receding,False
67,90,604,632,orange,1375.0,25.0,receding,False
69,90,606,632,orange,1375.0,25.0,receding,False
70,90,607,632,orange,1375.0,25.0,receding,False
72,90,609,632,orange,1375.0,25.0,receding,False
73,90,610,632,orange,1375.0,25.0,receding,False
75,90,612,632,yellow,1325.0,25.0,receding,False
76,90,613,632,yellow,1325.0,25.0,receding,False
77,90,614,632,yellow,1325.0,25.0,receding,False
78,90,615,632,yellow,1325.0,25.0,receding,False
79,90,616,632,yellow,1325.0,25.0,receding,False
80,90,617,632,yellow,1325.0,25.0,receding,False
82,90,619,632,bright_green,1275.0,25.0,receding,False
83,90,620,632,bright_green,1275.0,25.0,receding,False
84,90,621,632,bright_green,1275.0,25.0,receding,False
85,90,622,632,bright_green,1275.0,25.0,receding,False
86,90,623,632,bright_green,1275.0,25.0,receding,False
87,90,624,632,bright_green,1275.0,25.0,receding,False
88,90,625,632,bright_green,1275.0,25.0,receding,False
89,90,626,632,bright_green,1275.0,25.0,receding,False
91,90,628,632,dark_green,1225.0,25.0,receding,False
92,90,629,632,dark_green,1225.0,25.0,receding,False
93,90,630,632,dark_green,1225.0,25.0,receding,False
94,90,631,632,dark_green,1225.0,25.0,receding,False
95,90,632,632,dark_green,1225.0,25.0,receding,False
96,90,633,632,dark_green,1225.0,25.0,receding,False
97,90,634,632,dark_green,1225.0,25.0,receding,False
98,90,635,632,dark_green,1225.0,25.0,receding,False
99,90,636,632,dark_green,1225.0,25.0,receding,False
100,90,637,632,light_blue,1175.0,25.0,systemic_ambiguous,False
101,90,638,632,light_blue,1175.0,25.0,systemic_ambiguous,False
44,91,581,633,red,1425.0,25.0,receding,False
45,91,582,633,red,1425.0,25.0,receding,False
46,91,583,633,red,1425.0,25.0,receding,False
47,91,584,633,red,1425.0,25.0,receding,False
48,91,585,633,red,1425.0,25.0,receding,False
49,91,586,633,red,1425.0,25.0,receding,False
50,91,587,633,red,1425.0,25.0,receding,False
51,91,588,633,red,1425.0,25.0,receding,False
52,91,589,633,red,1425.0,25.0,receding,False
53,91,590,633,red,1425.0,25.0,receding,False
54,91,591,633,red,1425.0,25.0,receding,False
55,91,592,633,red,1425.0,25.0,receding,False
56,91,593,633,red,1425.0,25.0,receding,False
57,91,594,633,red,1425.0,25.0,receding,False
58,91,595,633,red,1425.0,25.0,receding,False
59,91,596,633,red,1425.0,25.0,receding,False
60,91,597,633,red,1425.0,25.0,receding,False
61,91,598,633,red,1425.0,25.0,receding,False
62,91,599,633,red,1425.0,25.0,receding,False
63,91,600,633,red,1425.0,25.0,receding,False
65,91,602,633,orange,1375.0,25.0,receding,False
66,91,603,633,orange,1375.0,25.0,receding,False
67,91,604,633,orange,1375.0,25.0,receding,False
68,91,605,633,orange,1375.0,25.0,receding,False
69,91,606,633,orange,1375.0,25.0,receding,False
70,91,607,633,orange,1375.0,25.0,receding,False
71,91,608,633,orange,1375.0,25.0,receding,False
72,91,609,633,orange,1375.0,25.0,receding,False
73,91,610,633,orange,1375.0,25.0,receding,False
75,91,612,633,yellow,1325.0,25.0,receding,False
76,91,613,633,yellow,1325.0,25.0,receding,False
77,91,614,633,yellow,1325.0,25.0,receding,False
78,91,615,633,yellow,1325.0,25.0,receding,False
79,91,616,633,yellow,1325.0,25.0,receding,False
80,91,617,633,yellow,1325.0,25.0,receding,False
82,91,619,633,bright_green,1275.0,25.0,receding,False
83,91,620,633,bright_green,1275.0,25.0,receding,False
84,91,621,633,bright_green,1275.0,25.0,receding,False
85,91,622,633,bright_green,1275.0,25.0,receding,False
86,91,623,633,bright_green,1275.0,25.0,receding,False
87,91,624,633,bright_green,1275.0,25.0,receding,False
88,91,625,633,bright_green,1275.0,25.0,receding,False
89,91,626,633,bright_green,1275.0,25.0,receding,False
91,91,628,633,dark_green,1225.0,25.0,receding,False
92,91,629,633,dark_green,1225.0,25.0,receding,False
93,91,630,633,dark_green,1225.0,25.0,receding,False
94,91,631,633,dark_green,1225.0,25.0,receding,False
96,91,633,633,light_blue,1175.0,25.0,systemic_ambiguous,False
98,91,635,633,dark_green,1225.0,25.0,receding,False
99,91,636,633,dark_green,1225.0,25.0,receding,False
44,92,581,634,red,1425.0,25.0,receding,False
45,92,582,634,red,1425.0,25.0,receding,False
46,92,583,634,red,1425.0,25.0,receding,False
47,92,584,634,red,1425.0,25.0,receding,False
48,92,585,634,red,1425.0,25.0,receding,False
49,92,586,634,red,1425.0,25.0,receding,False
50,92,587,634,red,1425.0,25.0,receding,False
51,92,588,634,red,1425.0,25.0,receding,False
52,92,589,634,red,1425.0,25.0,receding,False
53,92,590,634,red,1425.0,25.0,receding,False
54,92,591,634,red,1425.0,25.0,receding,False
55,92,592,634,red,1425.0,25.0,receding,False
56,92,593,634,red,1425.0,25.0,receding,False
57,92,594,634,red,1425.0,25.0,receding,False
58,92,595,634,red,1425.0,25.0,receding,False
59,92,596,634,red,1425.0,25.0,receding,False
60,92,597,634,red,1425.0,25.0,receding,False
61,92,598,634,red,1425.0,25.0,receding,False
62,92,599,634,red,1425.0,25.0,receding,False
63,92,600,634,red,1425.0,25.0,receding,False
65,92,602,634,orange,1375.0,25.0,receding,False
66,92,603,634,orange,1375.0,25.0,receding,False
68,92,605,634,orange,1375.0,25.0,receding,False
69,92,606,634,orange,1375.0,25.0,receding,False
70,92,607,634,orange,1375.0,25.0,receding,False
71,92,608,634,orange,1375.0,25.0,receding,False
72,92,609,634,orange,1375.0,25.0,receding,False
73,92,610,634,orange,1375.0,25.0,receding,False
74,92,611,634,yellow,1325.0,25.0,receding,False
75,92,612,634,yellow,1325.0,25.0,receding,False
76,92,613,634,yellow,1325.0,25.0,receding,False
77,92,614,634,yellow,1325.0,25.0,receding,False
78,92,615,634,yellow,1325.0,25.0,receding,False
79,92,616,634,yellow,1325.0,25.0,receding,False
80,92,617,634,yellow,1325.0,25.0,receding,False
82,92,619,634,bright_green,1275.0,25.0,receding,False
83,92,620,634,bright_green,1275.0,25.0,receding,False
84,92,621,634,bright_green,1275.0,25.0,receding,False
85,92,622,634,bright_green,1275.0,25.0,receding,False
86,92,623,634,bright_green,1275.0,25.0,receding,False
87,92,624,634,bright_green,1275.0,25.0,receding,False
88,92,625,634,bright_green,1275.0,25.0,receding,False
89,92,626,634,bright_green,1275.0,25.0,receding,False
91,92,628,634,dark_green,1225.0,25.0,receding,False
92,92,629,634,dark_green,1225.0,25.0,receding,False
93,92,630,634,dark_green,1225.0,25.0,receding,False
94,92,631,634,dark_green,1225.0,25.0,receding,False
96,92,633,634,light_blue,1175.0,25.0,systemic_ambiguous,False
98,92,635,634,dark_green,1225.0,25.0,receding,False
99,92,636,634,dark_green,1225.0,25.0,receding,False
44,93,581,635,red,1425.0,25.0,receding,False
45,93,582,635,red,1425.0,25.0,receding,False
46,93,583,635,red,1425.0,25.0,receding,False
47,93,584,635,red,1425.0,25.0,receding,False
48,93,585,635,red,1425.0,25.0,receding,False
49,93,586,635,red,1425.0,25.0,receding,False
50,93,587,635,red,1425.0,25.0,receding,False
51,93,588,635,red,1425.0,25.0,receding,False
65,93,602,635,orange,1375.0,25.0,receding,False
66,93,603,635,orange,1375.0,25.0,receding,False
67,93,604,635,orange,1375.0,25.0,receding,False
68,93,605,635,orange,1375.0,25.0,receding,False
69,93,606,635,orange,1375.0,25.0,receding,False
70,93,607,635,orange,1375.0,25.0,receding,False
74,93,611,635,yellow,1325.0,25.0,receding,False
75,93,612,635,yellow,1325.0,25.0,receding,False
76,93,613,635,yellow,1325.0,25.0,receding,False
77,93,614,635,yellow,1325.0,25.0,receding,False
78,93,615,635,yellow,1325.0,25.0,receding,False
79,93,616,635,yellow,1325.0,25.0,receding,False
80,93,617,635,yellow,1325.0,25.0,receding,False
82,93,619,635,bright_green,1275.0,25.0,receding,False
83,93,620,635,bright_green,1275.0,25.0,receding,False
84,93,621,635,bright_green,1275.0,25.0,receding,False
85,93,622,635,bright_green,1275.0,25.0,receding,False
86,93,623,635,bright_green,1275.0,25.0,receding,False
87,93,624,635,bright_green,1275.0,25.0,receding,False
91,93,628,635,dark_green,1225.0,25.0,receding,False
92,93,629,635,dark_green,1225.0,25.0,receding,False
93,93,630,635,dark_green,1225.0,25.0,receding,False
94,93,631,635,dark_green,1225.0,25.0,receding,False
44,94,581,636,red,1425.0,25.0,receding,False
45,94,582,636,red,1425.0,25.0,receding,False
46,94,583,636,red,1425.0,25.0,receding,False
47,94,584,636,red,1425.0,25.0,receding,False
48,94,585,636,red,1425.0,25.0,receding,False
49,94,586,636,red,1425.0,25.0,receding,False
50,94,587,636,red,1425.0,25.0,receding,False
51,94,588,636,red,1425.0,25.0,receding,False
53,94,590,636,orange,1375.0,25.0,receding,False
54,94,591,636,orange,1375.0,25.0,receding,False
55,94,592,636,orange,1375.0,25.0,receding,False
56,94,593,636,orange,1375.0,25.0,receding,False
57,94,594,636,orange,1375.0,25.0,receding,False
58,94,595,636,orange,1375.0,25.0,receding,False
59,94,596,636,orange,1375.0,25.0,receding,False
60,94,597,636,orange,1375.0,25.0,receding,False
61,94,598,636,orange,1375.0,25.0,receding,False
62,94,599,636,orange,1375.0,25.0,receding,False
63,94,600,636,orange,1375.0,25.0,receding,False
64,94,601,636,orange,1375.0,25.0,receding,False
66,94,603,636,orange,1375.0,25.0,receding,False
67,94,604,636,orange,1375.0,25.0,receding,False
68,94,605,636,orange,1375.0,25.0,receding,False
70,94,607,636,orange,1375.0,25.0,receding,False
72,94,609,636,yellow,1325.0,25.0,receding,False
73,94,610,636,yellow,1325.0,25.0,receding,False
74,94,611,636,yellow,1325.0,25.0,receding,False
75,94,612,636,yellow,1325.0,25.0,receding,False
76,94,613,636,yellow,1325.0,25.0,receding,False
77,94,614,636,yellow,1325.0,25.0,receding,False
78,94,615,636,yellow,1325.0,25.0,receding,False
79,94,616,636,yellow,1325.0,25.0,receding,False
80,94,617,636,yellow,1325.0,25.0,receding,False
82,94,619,636,bright_green,1275.0,25.0,receding,False
83,94,620,636,bright_green,1275.0,25.0,receding,False
84,94,621,636,bright_green,1275.0,25.0,receding,False
85,94,622,636,bright_green,1275.0,25.0,receding,False
86,94,623,636,bright_green,1275.0,25.0,receding,False
87,94,624,636,bright_green,1275.0,25.0,receding,False
89,94,626,636,dark_green,1225.0,25.0,receding,False
90,94,627,636,dark_green,1225.0,25.0,receding,False
91,94,628,636,dark_green,1225.0,25.0,receding,False
92,94,629,636,dark_green,1225.0,25.0,receding,False
93,94,630,636,dark_green,1225.0,25.0,receding,False
94,94,631,636,dark_green,1225.0,25.0,receding,False
95,94,632,636,dark_green,1225.0,25.0,receding,False
96,94,633,636,dark_green,1225.0,25.0,receding,False
46,95,583,637,red,1425.0,25.0,receding,False
47,95,584,637,red,1425.0,25.0,receding,False
53,95,590,637,orange,1375.0,25.0,receding,False
54,95,591,637,orange,1375.0,25.0,receding,False
55,95,592,637,orange,1375.0,25.0,receding,False
56,95,593,637,orange,1375.0,25.0,receding,False
57,95,594,637,orange,1375.0,25.0,receding,False
58,95,595,637,orange,1375.0,25.0,receding,False
59,95,596,637,orange,1375.0,25.0,receding,False
60,95,597,637,orange,1375.0,25.0,receding,False
61,95,598,637,orange,1375.0,25.0,receding,False
62,95,599,637,orange,1375.0,25.0,receding,False
63,95,600,637,orange,1375.0,25.0,receding,False
64,95,601,637,orange,1375.0,25.0,receding,False
65,95,602,637,orange,1375.0,25.0,receding,False
66,95,603,637,orange,1375.0,25.0,receding,False
67,95,604,637,orange,1375.0,25.0,receding,False
68,95,605,637,orange,1375.0,25.0,receding,False
69,95,606,637,orange,1375.0,25.0,receding,False
70,95,607,637,orange,1375.0,25.0,receding,False
72,95,609,637,yellow,1325.0,25.0,receding,False
73,95,610,637,yellow,1325.0,25.0,receding,False
74,95,611,637,yellow,1325.0,25.0,receding,False
75,95,612,637,yellow,1325.0,25.0,receding,False
76,95,613,637,yellow,1325.0,25.0,receding,False
77,95,614,637,yellow,1325.0,25.0,receding,False
78,95,615,637,yellow,1325.0,25.0,receding,False
82,95,619,637,bright_green,1275.0,25.0,receding,False
83,95,620,637,bright_green,1275.0,25.0,receding,False
89,95,626,637,dark_green,1225.0,25.0,receding,False
90,95,627,637,dark_green,1225.0,25.0,receding,False
91,95,628,637,dark_green,1225.0,25.0,receding,False
92,95,629,637,dark_green,1225.0,25.0,receding,False
93,95,630,637,dark_green,1225.0,25.0,receding,False
94,95,631,637,dark_green,1225.0,25.0,receding,False
46,96,583,638,red,1425.0,25.0,receding,False
47,96,584,638,red,1425.0,25.0,receding,False
49,96,586,638,orange,1375.0,25.0,receding,False
50,96,587,638,orange,1375.0,25.0,receding,False
51,96,588,638,orange,1375.0,25.0,receding,False
52,96,589,638,orange,1375.0,25.0,receding,False
53,96,590,638,orange,1375.0,25.0,receding,False
54,96,591,638,orange,1375.0,25.0,receding,False
55,96,592,638,orange,1375.0,25.0,receding,False
56,96,593,638,orange,1375.0,25.0,receding,False
57,96,594,638,orange,1375.0,25.0,receding,False
58,96,595,638,orange,1375.0,25.0,receding,False
59,96,596,638,orange,1375.0,25.0,receding,False
60,96,597,638,orange,1375.0,25.0,receding,False
61,96,598,638,orange,1375.0,25.0,receding,False
62,96,599,638,orange,1375.0,25.0,receding,False
63,96,600,638,orange,1375.0,25.0,receding,False
64,96,601,638,orange,1375.0,25.0,receding,False
65,96,602,638,orange,1375.0,25.0,receding,False
66,96,603,638,orange,1375.0,25.0,receding,False
68,96,605,638,orange,1375.0,25.0,receding,False
69,96,606,638,orange,1375.0,25.0,receding,False
70,96,607,638,orange,1375.0,25.0,receding,False
72,96,609,638,yellow,1325.0,25.0,receding,False
73,96,610,638,yellow,1325.0,25.0,receding,False
74,96,611,638,yellow,1325.0,25.0,receding,False
75,96,612,638,yellow,1325.0,25.0,receding,False
76,96,613,638,yellow,1325.0,25.0,receding,False
77,96,614,638,yellow,1325.0,25.0,receding,False
78,96,615,638,yellow,1325.0,25.0,receding,False
79,96,616,638,bright_green,1275.0,25.0,receding,False
80,96,617,638,bright_green,1275.0,25.0,receding,False
81,96,618,638,bright_green,1275.0,25.0,receding,False
82,96,619,638,bright_green,1275.0,25.0,receding,False
84,96,621,638,dark_green,1225.0,25.0,receding,False
85,96,622,638,dark_green,1225.0,25.0,receding,False
86,96,623,638,dark_green,1225.0,25.0,receding,False
87,96,624,638,dark_green,1225.0,25.0,receding,False
88,96,625,638,dark_green,1225.0,25.0,receding,False
89,96,626,638,dark_green,1225.0,25.0,receding,False
90,96,627,638,dark_green,1225.0,25.0,receding,False
91,96,628,638,dark_green,1225.0,25.0,receding,False
92,96,629,638,dark_green,1225.0,25.0,receding,False
93,96,630,638,dark_green,1225.0,25.0,receding,False
94,96,631,638,dark_green,1225.0,25.0,receding,False
46,97,583,639,red,1425.0,25.0,receding,False
47,97,584,639,red,1425.0,25.0,receding,False
49,97,586,639,orange,1375.0,25.0,receding,False
50,97,587,639,orange,1375.0,25.0,receding,False
51,97,588,639,orange,1375.0,25.0,receding,False
52,97,589,639,orange,1375.0,25.0,receding,False
53,97,590,639,orange,1375.0,25.0,receding,False
54,97,591,639,orange,1375.0,25.0,receding,False
55,97,592,639,orange,1375.0,25.0,receding,False
56,97,593,639,orange,1375.0,25.0,receding,False
57,97,594,639,orange,1375.0,25.0,receding,False
58,97,595,639,orange,1375.0,25.0,receding,False
59,97,596,639,orange,1375.0,25.0,receding,False
60,97,597,639,orange,1375.0,25.0,receding,False
61,97,598,639,orange,1375.0,25.0,receding,False
62,97,599,639,orange,1375.0,25.0,receding,False
63,97,600,639,orange,1375.0,25.0,receding,False
65,97,602,639,orange,1375.0,25.0,receding,False
66,97,603,639,orange,1375.0,25.0,receding,False
67,97,604,639,orange,1375.0,25.0,receding,False
68,97,605,639,orange,1375.0,25.0,receding,False
69,97,606,639,orange,1375.0,25.0,receding,False
70,97,607,639,orange,1375.0,25.0,receding,False
72,97,609,639,yellow,1325.0,25.0,receding,False
73,97,610,639,yellow,1325.0,25.0,receding,False
74,97,611,639,yellow,1325.0,25.0,receding,False
75,97,612,639,yellow,1325.0,25.0,receding,False
76,97,613,639,yellow,1325.0,25.0,receding,False
77,97,614,639,yellow,1325.0,25.0,receding,False
78,97,615,639,yellow,1325.0,25.0,receding,False
79,97,616,639,bright_green,1275.0,25.0,receding,False
80,97,617,639,bright_green,1275.0,25.0,receding,False
81,97,618,639,bright_green,1275.0,25.0,receding,False
82,97,619,639,bright_green,1275.0,25.0,receding,False
84,97,621,639,dark_green,1225.0,25.0,receding,False
85,97,622,639,dark_green,1225.0,25.0,receding,False
86,97,623,639,dark_green,1225.0,25.0,receding,False
87,97,624,639,dark_green,1225.0,25.0,receding,False
88,97,625,639,dark_green,1225.0,25.0,receding,False
89,97,626,639,dark_green,1225.0,25.0,receding,False
90,97,627,639,dark_green,1225.0,25.0,receding,False
91,97,628,639,dark_green,1225.0,25.0,receding,False
92,97,629,639,dark_green,1225.0,25.0,receding,False
93,97,630,639,dark_green,1225.0,25.0,receding,False
94,97,631,639,dark_green,1225.0,25.0,receding,False
49,98,586,640,red,1425.0,25.0,receding,False
51,98,588,640,orange,1375.0,25.0,receding,False
52,98,589,640,orange,1375.0,25.0,receding,False
53,98,590,640,orange,1375.0,25.0,receding,False
54,98,591,640,orange,1375.0,25.0,receding,False
55,98,592,640,orange,1375.0,25.0,receding,False
56,98,593,640,orange,1375.0,25.0,receding,False
57,98,594,640,orange,1375.0,25.0,receding,False
58,98,595,640,orange,1375.0,25.0,receding,False
59,98,596,640,orange,1375.0,25.0,receding,False
60,98,597,640,orange,1375.0,25.0,receding,False
62,98,599,640,orange,1375.0,25.0,receding,False
63,98,600,640,orange,1375.0,25.0,receding,False
64,98,601,640,orange,1375.0,25.0,receding,False
65,98,602,640,orange,1375.0,25.0,receding,False
66,98,603,640,orange,1375.0,25.0,receding,False
67,98,604,640,orange,1375.0,25.0,receding,False
68,98,605,640,orange,1375.0,25.0,receding,False
70,98,607,640,yellow,1325.0,25.0,receding,False
71,98,608,640,yellow,1325.0,25.0,receding,False
72,98,609,640,yellow,1325.0,25.0,receding,False
73,98,610,640,yellow,1325.0,25.0,receding,False
74,98,611,640,yellow,1325.0,25.0,receding,False
75,98,612,640,yellow,1325.0,25.0,receding,False
82,98,619,640,dark_green,1225.0,25.0,receding,False
83,98,620,640,dark_green,1225.0,25.0,receding,False
84,98,621,640,dark_green,1225.0,25.0,receding,False
85,98,622,640,dark_green,1225.0,25.0,receding,False
86,98,623,640,dark_green,1225.0,25.0,receding,False
87,98,624,640,dark_green,1225.0,25.0,receding,False
88,98,625,640,dark_green,1225.0,25.0,receding,False
89,98,626,640,dark_green,1225.0,25.0,receding,False
90,98,627,640,dark_green,1225.0,25.0,receding,False
91,98,628,640,dark_green,1225.0,25.0,receding,False
92,98,629,640,dark_green,1225.0,25.0,receding,False
93,98,630,640,dark_green,1225.0,25.0,receding,False
94,98,631,640,dark_green,1225.0,25.0,receding,False
49,99,586,641,red,1425.0,25.0,receding,False
51,99,588,641,orange,1375.0,25.0,receding,False
52,99,589,641,orange,1375.0,25.0,receding,False
54,99,591,641,orange,1375.0,25.0,receding,False
55,99,592,641,orange,1375.0,25.0,receding,False
57,99,594,641,orange,1375.0,25.0,receding,False
58,99,595,641,orange,1375.0,25.0,receding,False
60,99,597,641,orange,1375.0,25.0,receding,False
61,99,598,641,orange,1375.0,25.0,receding,False
62,99,599,641,orange,1375.0,25.0,receding,False
63,99,600,641,orange,1375.0,25.0,receding,False
64,99,601,641,orange,1375.0,25.0,receding,False
66,99,603,641,orange,1375.0,25.0,receding,False
67,99,604,641,orange,1375.0,25.0,receding,False
68,99,605,641,orange,1375.0,25.0,receding,False
70,99,607,641,yellow,1325.0,25.0,receding,False
71,99,608,641,yellow,1325.0,25.0,receding,False
72,99,609,641,yellow,1325.0,25.0,receding,False
73,99,610,641,yellow,1325.0,25.0,receding,False
74,99,611,641,yellow,1325.0,25.0,receding,False
75,99,612,641,yellow,1325.0,25.0,receding,False
82,99,619,641,dark_green,1225.0,25.0,receding,False
83,99,620,641,dark_green,1225.0,25.0,receding,False
84,99,621,641,dark_green,1225.0,25.0,receding,False
85,99,622,641,dark_green,1225.0,25.0,receding,False
86,99,623,641,dark_green,1225.0,25.0,receding,False
87,99,624,641,dark_green,1225.0,25.0,receding,False
88,99,625,641,dark_green,1225.0,25.0,receding,False
89,99,626,641,dark_green,1225.0,25.0,receding,False
90,99,627,641,dark_green,1225.0,25.0,receding,False
91,99,628,641,dark_green,1225.0,25.0,receding,False
92,99,629,641,dark_green,1225.0,25.0,receding,False
93,99,630,641,dark_green,1225.0,25.0,receding,False
94,99,631,641,dark_green,1225.0,25.0,receding,False
56,100,593,642,orange,1375.0,25.0,receding,False
57,100,594,642,orange,1375.0,25.0,receding,False
58,100,595,642,orange,1375.0,25.0,receding,False
59,100,596,642,orange,1375.0,25.0,receding,False
60,100,597,642,orange,1375.0,25.0,receding,False
61,100,598,642,orange,1375.0,25.0,receding,False
62,100,599,642,orange,1375.0,25.0,receding,False
63,100,600,642,orange,1375.0,25.0,receding,False
64,100,601,642,orange,1375.0,25.0,receding,False
65,100,602,642,orange,1375.0,25.0,receding,False
66,100,603,642,orange,1375.0,25.0,receding,False
67,100,604,642,orange,1375.0,25.0,receding,False
68,100,605,642,orange,1375.0,25.0,receding,False
84,100,621,642,dark_green,1225.0,25.0,receding,False
85,100,622,642,dark_green,1225.0,25.0,receding,False
86,100,623,642,dark_green,1225.0,25.0,receding,False
87,100,624,642,dark_green,1225.0,25.0,receding,False
56,101,593,643,orange,1375.0,25.0,receding,False
57,101,594,643,orange,1375.0,25.0,receding,False
58,101,595,643,orange,1375.0,25.0,receding,False
59,101,596,643,orange,1375.0,25.0,receding,False
60,101,597,643,orange,1375.0,25.0,receding,False
61,101,598,643,orange,1375.0,25.0,receding,False
62,101,599,643,orange,1375.0,25.0,receding,False
64,101,601,643,orange,1375.0,25.0,receding,False
65,101,602,643,orange,1375.0,25.0,receding,False
66,101,603,643,orange,1375.0,25.0,receding,False
67,101,604,643,orange,1375.0,25.0,receding,False
68,101,605,643,orange,1375.0,25.0,receding,False
84,101,621,643,dark_green,1225.0,25.0,receding,False
85,101,622,643,dark_green,1225.0,25.0,receding,False
86,101,623,643,dark_green,1225.0,25.0,receding,False
87,101,624,643,dark_green,1225.0,25.0,receding,False
61,102,598,644,orange,1375.0,25.0,receding,False
62,102,599,644,orange,1375.0,25.0,receding,False
63,102,600,644,orange,1375.0,25.0,receding,False
60,103,597,645,orange,1375.0,25.0,receding,False
61,103,598,645,orange,1375.0,25.0,receding,False
62,103,599,645,orange,1375.0,25.0,receding,False
63,103,600,645,orange,1375.0,25.0,receding,False
60,104,597,646,orange,1375.0,25.0,receding,False
61,104,598,646,orange,1375.0,25.0,receding,False
62,104,599,646,orange,1375.0,25.0,receding,False
63,104,600,646,orange,1375.0,25.0,receding,False
