panel_x,panel_y,source_x,source_y,palette_class,velocity_bin_center_km_s,velocity_quantization_half_width_km_s,systemic_relation,endpoint_access
57,16,374,558,blue,166.66348022436136,10.225770022042866,approaching,False
58,16,375,558,blue,166.66348022436136,10.225770022042866,approaching,False
59,16,376,558,blue,166.66348022436136,10.225770022042866,approaching,False
66,16,383,558,blue,166.66348022436136,10.225770022042866,approaching,False
67,16,384,558,blue,166.66348022436136,10.225770022042866,approaching,False
57,17,374,559,blue,166.66348022436136,10.225770022042866,approaching,False
58,17,375,559,blue,166.66348022436136,10.225770022042866,approaching,False
59,17,376,559,blue,166.66348022436136,10.225770022042866,approaching,False
66,17,383,559,blue,166.66348022436136,10.225770022042866,approaching,False
67,17,384,559,blue,166.66348022436136,10.225770022042866,approaching,False
57,18,374,560,blue,166.66348022436136,10.225770022042866,approaching,False
58,18,375,560,blue,166.66348022436136,10.225770022042866,approaching,False
59,18,376,560,blue,166.66348022436136,10.225770022042866,approaching,False
66,18,383,560,blue,166.66348022436136,10.225770022042866,approaching,False
67,18,384,560,blue,166.66348022436136,10.225770022042866,approaching,False
68,18,385,560,blue,166.66348022436136,10.225770022042866,approaching,False
69,18,386,560,blue,166.66348022436136,10.225770022042866,approaching,False
57,19,374,561,blue,166.66348022436136,10.225770022042866,approaching,False
58,19,375,561,blue,166.66348022436136,10.225770022042866,approaching,False
59,19,376,561,blue,166.66348022436136,10.225770022042866,approaching,False
67,19,384,561,blue,166.66348022436136,10.225770022042866,approaching,False
68,19,385,561,blue,166.66348022436136,10.225770022042866,approaching,False
69,19,386,561,blue,166.66348022436136,10.225770022042866,approaching,False
46,20,363,562,purple,150.00528898008042,10.225770022042866,approaching,False
47,20,364,562,purple,150.00528898008042,10.225770022042866,approaching,False
48,20,365,562,purple,150.00528898008042,10.225770022042866,approaching,False
49,20,366,562,purple,150.00528898008042,10.225770022042866,approaching,False
50,20,367,562,purple,150.00528898008042,10.225770022042866,approaching,False
51,20,368,562,purple,150.00528898008042,10.225770022042866,approaching,False
57,20,374,562,blue,166.66348022436136,10.225770022042866,approaching,False
58,20,375,562,blue,166.66348022436136,10.225770022042866,approaching,False
59,20,376,562,blue,166.66348022436136,10.225770022042866,approaching,False
61,20,378,562,purple,150.00528898008042,10.225770022042866,approaching,False
67,20,384,562,blue,166.66348022436136,10.225770022042866,approaching,False
68,20,385,562,blue,166.66348022436136,10.225770022042866,approaching,False
69,20,386,562,blue,166.66348022436136,10.225770022042866,approaching,False
70,20,387,562,blue,166.66348022436136,10.225770022042866,approaching,False
71,20,388,562,blue,166.66348022436136,10.225770022042866,approaching,False
72,20,389,562,blue,166.66348022436136,10.225770022042866,approaching,False
73,20,390,562,blue,166.66348022436136,10.225770022042866,approaching,False
74,20,391,562,blue,166.66348022436136,10.225770022042866,approaching,False
75,20,392,562,blue,166.66348022436136,10.225770022042866,approaching,False
46,21,363,563,purple,150.00528898008042,10.225770022042866,approaching,False
47,21,364,563,purple,150.00528898008042,10.225770022042866,approaching,False
48,21,365,563,purple,150.00528898008042,10.225770022042866,approaching,False
49,21,366,563,purple,150.00528898008042,10.225770022042866,approaching,False
50,21,367,563,purple,150.00528898008042,10.225770022042866,approaching,False
51,21,368,563,purple,150.00528898008042,10.225770022042866,approaching,False
56,21,373,563,blue,166.66348022436136,10.225770022042866,approaching,False
57,21,374,563,blue,166.66348022436136,10.225770022042866,approaching,False
58,21,375,563,blue,166.66348022436136,10.225770022042866,approaching,False
59,21,376,563,blue,166.66348022436136,10.225770022042866,approaching,False
60,21,377,563,blue,166.66348022436136,10.225770022042866,approaching,False
61,21,378,563,blue,166.66348022436136,10.225770022042866,approaching,False
67,21,384,563,blue,166.66348022436136,10.225770022042866,approaching,False
69,21,386,563,light_blue,183.31851531264942,10.225770022042866,approaching,False
71,21,388,563,blue,166.66348022436136,10.225770022042866,approaching,False
72,21,389,563,blue,166.66348022436136,10.225770022042866,approaching,False
73,21,390,563,blue,166.66348022436136,10.225770022042866,approaching,False
74,21,391,563,blue,166.66348022436136,10.225770022042866,approaching,False
75,21,392,563,blue,166.66348022436136,10.225770022042866,approaching,False
77,21,394,563,light_blue,183.31851531264942,10.225770022042866,approaching,False
46,22,363,564,purple,150.00528898008042,10.225770022042866,approaching,False
47,22,364,564,purple,150.00528898008042,10.225770022042866,approaching,False
48,22,365,564,purple,150.00528898008042,10.225770022042866,approaching,False
49,22,366,564,purple,150.00528898008042,10.225770022042866,approaching,False
50,22,367,564,purple,150.00528898008042,10.225770022042866,approaching,False
51,22,368,564,purple,150.00528898008042,10.225770022042866,approaching,False
56,22,373,564,blue,166.66348022436136,10.225770022042866,approaching,False
57,22,374,564,blue,166.66348022436136,10.225770022042866,approaching,False
58,22,375,564,blue,166.66348022436136,10.225770022042866,approaching,False
59,22,376,564,blue,166.66348022436136,10.225770022042866,approaching,False
60,22,377,564,blue,166.66348022436136,10.225770022042866,approaching,False
61,22,378,564,blue,166.66348022436136,10.225770022042866,approaching,False
67,22,384,564,blue,166.66348022436136,10.225770022042866,approaching,False
69,22,386,564,light_blue,183.31851531264942,10.225770022042866,approaching,False
71,22,388,564,blue,166.66348022436136,10.225770022042866,approaching,False
72,22,389,564,blue,166.66348022436136,10.225770022042866,approaching,False
73,22,390,564,blue,166.66348022436136,10.225770022042866,approaching,False
74,22,391,564,blue,166.66348022436136,10.225770022042866,approaching,False
75,22,392,564,blue,166.66348022436136,10.225770022042866,approaching,False
77,22,394,564,light_blue,183.31851531264942,10.225770022042866,approaching,False
34,23,351,565,purple,150.00528898008042,10.225770022042866,approaching,False
35,23,352,565,purple,150.00528898008042,10.225770022042866,approaching,False
36,23,353,565,purple,150.00528898008042,10.225770022042866,approaching,False
37,23,354,565,purple,150.00528898008042,10.225770022042866,approaching,False
38,23,355,565,purple,150.00528898008042,10.225770022042866,approaching,False
39,23,356,565,purple,150.00528898008042,10.225770022042866,approaching,False
40,23,357,565,purple,150.00528898008042,10.225770022042866,approaching,False
41,23,358,565,purple,150.00528898008042,10.225770022042866,approaching,False
48,23,365,565,purple,150.00528898008042,10.225770022042866,approaching,False
49,23,366,565,purple,150.00528898008042,10.225770022042866,approaching,False
50,23,367,565,purple,150.00528898008042,10.225770022042866,approaching,False
51,23,368,565,purple,150.00528898008042,10.225770022042866,approaching,False
52,23,369,565,purple,150.00528898008042,10.225770022042866,approaching,False
53,23,370,565,purple,150.00528898008042,10.225770022042866,approaching,False
54,23,371,565,purple,150.00528898008042,10.225770022042866,approaching,False
55,23,372,565,purple,150.00528898008042,10.225770022042866,approaching,False
56,23,373,565,purple,150.00528898008042,10.225770022042866,approaching,False
57,23,374,565,blue,166.66348022436136,10.225770022042866,approaching,False
58,23,375,565,blue,166.66348022436136,10.225770022042866,approaching,False
59,23,376,565,blue,166.66348022436136,10.225770022042866,approaching,False
60,23,377,565,blue,166.66348022436136,10.225770022042866,approaching,False
61,23,378,565,blue,166.66348022436136,10.225770022042866,approaching,False
62,23,379,565,blue,166.66348022436136,10.225770022042866,approaching,False
67,23,384,565,light_blue,183.31851531264942,10.225770022042866,approaching,False
68,23,385,565,light_blue,183.31851531264942,10.225770022042866,approaching,False
69,23,386,565,light_blue,183.31851531264942,10.225770022042866,approaching,False
71,23,388,565,blue,166.66348022436136,10.225770022042866,approaching,False
72,23,389,565,blue,166.66348022436136,10.225770022042866,approaching,False
73,23,390,565,blue,166.66348022436136,10.225770022042866,approaching,False
74,23,391,565,blue,166.66348022436136,10.225770022042866,approaching,False
75,23,392,565,blue,166.66348022436136,10.225770022042866,approaching,False
77,23,394,565,light_blue,183.31851531264942,10.225770022042866,approaching,False
78,23,395,565,light_blue,183.31851531264942,10.225770022042866,approaching,False
79,23,396,565,light_blue,183.31851531264942,10.225770022042866,approaching,False
80,23,397,565,light_blue,183.31851531264942,10.225770022042866,approaching,False
34,24,351,566,purple,150.00528898008042,10.225770022042866,approaching,False
35,24,352,566,purple,150.00528898008042,10.225770022042866,approaching,False
36,24,353,566,purple,150.00528898008042,10.225770022042866,approaching,False
37,24,354,566,purple,150.00528898008042,10.225770022042866,approaching,False
38,24,355,566,purple,150.00528898008042,10.225770022042866,approaching,False
39,24,356,566,purple,150.00528898008042,10.225770022042866,approaching,False
40,24,357,566,purple,150.00528898008042,10.225770022042866,approaching,False
41,24,358,566,purple,150.00528898008042,10.225770022042866,approaching,False
48,24,365,566,purple,150.00528898008042,10.225770022042866,approaching,False
49,24,366,566,purple,150.00528898008042,10.225770022042866,approaching,False
50,24,367,566,purple,150.00528898008042,10.225770022042866,approaching,False
51,24,368,566,purple,150.00528898008042,10.225770022042866,approaching,False
52,24,369,566,purple,150.00528898008042,10.225770022042866,approaching,False
53,24,370,566,purple,150.00528898008042,10.225770022042866,approaching,False
54,24,371,566,purple,150.00528898008042,10.225770022042866,approaching,False
55,24,372,566,purple,150.00528898008042,10.225770022042866,approaching,False
56,24,373,566,purple,150.00528898008042,10.225770022042866,approaching,False
57,24,374,566,blue,166.66348022436136,10.225770022042866,approaching,False
58,24,375,566,blue,166.66348022436136,10.225770022042866,approaching,False
59,24,376,566,blue,166.66348022436136,10.225770022042866,approaching,False
60,24,377,566,blue,166.66348022436136,10.225770022042866,approaching,False
61,24,378,566,blue,166.66348022436136,10.225770022042866,approaching,False
62,24,379,566,blue,166.66348022436136,10.225770022042866,approaching,False
71,24,388,566,blue,166.66348022436136,10.225770022042866,approaching,False
72,24,389,566,blue,166.66348022436136,10.225770022042866,approaching,False
73,24,390,566,blue,166.66348022436136,10.225770022042866,approaching,False
74,24,391,566,blue,166.66348022436136,10.225770022042866,approaching,False
75,24,392,566,blue,166.66348022436136,10.225770022042866,approaching,False
76,24,393,566,blue,166.66348022436136,10.225770022042866,approaching,False
29,25,346,567,purple,150.00528898008042,10.225770022042866,approaching,False
34,25,351,567,purple,150.00528898008042,10.225770022042866,approaching,False
35,25,352,567,purple,150.00528898008042,10.225770022042866,approaching,False
36,25,353,567,purple,150.00528898008042,10.225770022042866,approaching,False
37,25,354,567,purple,150.00528898008042,10.225770022042866,approaching,False
38,25,355,567,purple,150.00528898008042,10.225770022042866,approaching,False
39,25,356,567,purple,150.00528898008042,10.225770022042866,approaching,False
40,25,357,567,purple,150.00528898008042,10.225770022042866,approaching,False
41,25,358,567,purple,150.00528898008042,10.225770022042866,approaching,False
42,25,359,567,purple,150.00528898008042,10.225770022042866,approaching,False
43,25,360,567,purple,150.00528898008042,10.225770022042866,approaching,False
44,25,361,567,purple,150.00528898008042,10.225770022042866,approaching,False
45,25,362,567,purple,150.00528898008042,10.225770022042866,approaching,False
46,25,363,567,purple,150.00528898008042,10.225770022042866,approaching,False
47,25,364,567,purple,150.00528898008042,10.225770022042866,approaching,False
48,25,365,567,purple,150.00528898008042,10.225770022042866,approaching,False
49,25,366,567,purple,150.00528898008042,10.225770022042866,approaching,False
50,25,367,567,purple,150.00528898008042,10.225770022042866,approaching,False
51,25,368,567,purple,150.00528898008042,10.225770022042866,approaching,False
52,25,369,567,purple,150.00528898008042,10.225770022042866,approaching,False
53,25,370,567,purple,150.00528898008042,10.225770022042866,approaching,False
54,25,371,567,purple,150.00528898008042,10.225770022042866,approaching,False
55,25,372,567,purple,150.00528898008042,10.225770022042866,approaching,False
56,25,373,567,purple,150.00528898008042,10.225770022042866,approaching,False
57,25,374,567,blue,166.66348022436136,10.225770022042866,approaching,False
58,25,375,567,blue,166.66348022436136,10.225770022042866,approaching,False
59,25,376,567,blue,166.66348022436136,10.225770022042866,approaching,False
60,25,377,567,blue,166.66348022436136,10.225770022042866,approaching,False
61,25,378,567,blue,166.66348022436136,10.225770022042866,approaching,False
62,25,379,567,blue,166.66348022436136,10.225770022042866,approaching,False
63,25,380,567,blue,166.66348022436136,10.225770022042866,approaching,False
64,25,381,567,blue,166.66348022436136,10.225770022042866,approaching,False
65,25,382,567,blue,166.66348022436136,10.225770022042866,approaching,False
66,25,383,567,blue,166.66348022436136,10.225770022042866,approaching,False
67,25,384,567,blue,166.66348022436136,10.225770022042866,approaching,False
68,25,385,567,blue,166.66348022436136,10.225770022042866,approaching,False
69,25,386,567,blue,166.66348022436136,10.225770022042866,approaching,False
70,25,387,567,blue,166.66348022436136,10.225770022042866,approaching,False
71,25,388,567,blue,166.66348022436136,10.225770022042866,approaching,False
72,25,389,567,blue,166.66348022436136,10.225770022042866,approaching,False
73,25,390,567,blue,166.66348022436136,10.225770022042866,approaching,False
74,25,391,567,blue,166.66348022436136,10.225770022042866,approaching,False
75,25,392,567,blue,166.66348022436136,10.225770022042866,approaching,False
76,25,393,567,blue,166.66348022436136,10.225770022042866,approaching,False
77,25,394,567,blue,166.66348022436136,10.225770022042866,approaching,False
78,25,395,567,blue,166.66348022436136,10.225770022042866,approaching,False
79,25,396,567,blue,166.66348022436136,10.225770022042866,approaching,False
81,25,398,567,light_blue,183.31851531264942,10.225770022042866,approaching,False
82,25,399,567,light_blue,183.31851531264942,10.225770022042866,approaching,False
83,25,400,567,light_blue,183.31851531264942,10.225770022042866,approaching,False
84,25,401,567,light_blue,183.31851531264942,10.225770022042866,approaching,False
29,26,346,568,purple,150.00528898008042,10.225770022042866,approaching,False
30,26,347,568,purple,150.00528898008042,10.225770022042866,approaching,False
31,26,348,568,purple,150.00528898008042,10.225770022042866,approaching,False
32,26,349,568,purple,150.00528898008042,10.225770022042866,approaching,False
33,26,350,568,purple,150.00528898008042,10.225770022042866,approaching,False
34,26,351,568,purple,150.00528898008042,10.225770022042866,approaching,False
35,26,352,568,purple,150.00528898008042,10.225770022042866,approaching,False
36,26,353,568,purple,150.00528898008042,10.225770022042866,approaching,False
37,26,354,568,purple,150.00528898008042,10.225770022042866,approaching,False
38,26,355,568,purple,150.00528898008042,10.225770022042866,approaching,False
39,26,356,568,purple,150.00528898008042,10.225770022042866,approaching,False
40,26,357,568,purple,150.00528898008042,10.225770022042866,approaching,False
41,26,358,568,purple,150.00528898008042,10.225770022042866,approaching,False
42,26,359,568,purple,150.00528898008042,10.225770022042866,approaching,False
43,26,360,568,purple,150.00528898008042,10.225770022042866,approaching,False
44,26,361,568,purple,150.00528898008042,10.225770022042866,approaching,False
45,26,362,568,purple,150.00528898008042,10.225770022042866,approaching,False
46,26,363,568,purple,150.00528898008042,10.225770022042866,approaching,False
47,26,364,568,purple,150.00528898008042,10.225770022042866,approaching,False
48,26,365,568,purple,150.00528898008042,10.225770022042866,approaching,False
49,26,366,568,purple,150.00528898008042,10.225770022042866,approaching,False
50,26,367,568,purple,150.00528898008042,10.225770022042866,approaching,False
51,26,368,568,purple,150.00528898008042,10.225770022042866,approaching,False
52,26,369,568,purple,150.00528898008042,10.225770022042866,approaching,False
53,26,370,568,purple,150.00528898008042,10.225770022042866,approaching,False
54,26,371,568,purple,150.00528898008042,10.225770022042866,approaching,False
55,26,372,568,purple,150.00528898008042,10.225770022042866,approaching,False
56,26,373,568,purple,150.00528898008042,10.225770022042866,approaching,False
57,26,374,568,purple,150.00528898008042,10.225770022042866,approaching,False
58,26,375,568,purple,150.00528898008042,10.225770022042866,approaching,False
59,26,376,568,purple,150.00528898008042,10.225770022042866,approaching,False
60,26,377,568,purple,150.00528898008042,10.225770022042866,approaching,False
61,26,378,568,purple,150.00528898008042,10.225770022042866,approaching,False
62,26,379,568,purple,150.00528898008042,10.225770022042866,approaching,False
64,26,381,568,blue,166.66348022436136,10.225770022042866,approaching,False
65,26,382,568,blue,166.66348022436136,10.225770022042866,approaching,False
66,26,383,568,blue,166.66348022436136,10.225770022042866,approaching,False
67,26,384,568,blue,166.66348022436136,10.225770022042866,approaching,False
68,26,385,568,blue,166.66348022436136,10.225770022042866,approaching,False
69,26,386,568,blue,166.66348022436136,10.225770022042866,approaching,False
70,26,387,568,blue,166.66348022436136,10.225770022042866,approaching,False
71,26,388,568,blue,166.66348022436136,10.225770022042866,approaching,False
72,26,389,568,blue,166.66348022436136,10.225770022042866,approaching,False
73,26,390,568,blue,166.66348022436136,10.225770022042866,approaching,False
74,26,391,568,blue,166.66348022436136,10.225770022042866,approaching,False
75,26,392,568,blue,166.66348022436136,10.225770022042866,approaching,False
76,26,393,568,blue,166.66348022436136,10.225770022042866,approaching,False
77,26,394,568,blue,166.66348022436136,10.225770022042866,approaching,False
78,26,395,568,blue,166.66348022436136,10.225770022042866,approaching,False
79,26,396,568,blue,166.66348022436136,10.225770022042866,approaching,False
80,26,397,568,blue,166.66348022436136,10.225770022042866,approaching,False
82,26,399,568,light_blue,183.31851531264942,10.225770022042866,approaching,False
83,26,400,568,light_blue,183.31851531264942,10.225770022042866,approaching,False
84,26,401,568,light_blue,183.31851531264942,10.225770022042866,approaching,False
29,27,346,569,purple,150.00528898008042,10.225770022042866,approaching,False
30,27,347,569,purple,150.00528898008042,10.225770022042866,approaching,False
31,27,348,569,purple,150.00528898008042,10.225770022042866,approaching,False
32,27,349,569,purple,150.00528898008042,10.225770022042866,approaching,False
33,27,350,569,purple,150.00528898008042,10.225770022042866,approaching,False
34,27,351,569,purple,150.00528898008042,10.225770022042866,approaching,False
35,27,352,569,purple,150.00528898008042,10.225770022042866,approaching,False
36,27,353,569,purple,150.00528898008042,10.225770022042866,approaching,False
37,27,354,569,purple,150.00528898008042,10.225770022042866,approaching,False
38,27,355,569,purple,150.00528898008042,10.225770022042866,approaching,False
39,27,356,569,purple,150.00528898008042,10.225770022042866,approaching,False
40,27,357,569,purple,150.00528898008042,10.225770022042866,approaching,False
41,27,358,569,purple,150.00528898008042,10.225770022042866,approaching,False
42,27,359,569,purple,150.00528898008042,10.225770022042866,approaching,False
43,27,360,569,purple,150.00528898008042,10.225770022042866,approaching,False
44,27,361,569,purple,150.00528898008042,10.225770022042866,approaching,False
45,27,362,569,purple,150.00528898008042,10.225770022042866,approaching,False
46,27,363,569,purple,150.00528898008042,10.225770022042866,approaching,False
47,27,364,569,purple,150.00528898008042,10.225770022042866,approaching,False
48,27,365,569,purple,150.00528898008042,10.225770022042866,approaching,False
49,27,366,569,purple,150.00528898008042,10.225770022042866,approaching,False
50,27,367,569,purple,150.00528898008042,10.225770022042866,approaching,False
51,27,368,569,purple,150.00528898008042,10.225770022042866,approaching,False
52,27,369,569,purple,150.00528898008042,10.225770022042866,approaching,False
53,27,370,569,purple,150.00528898008042,10.225770022042866,approaching,False
54,27,371,569,purple,150.00528898008042,10.225770022042866,approaching,False
55,27,372,569,purple,150.00528898008042,10.225770022042866,approaching,False
56,27,373,569,purple,150.00528898008042,10.225770022042866,approaching,False
57,27,374,569,purple,150.00528898008042,10.225770022042866,approaching,False
58,27,375,569,purple,150.00528898008042,10.225770022042866,approaching,False
59,27,376,569,purple,150.00528898008042,10.225770022042866,approaching,False
60,27,377,569,purple,150.00528898008042,10.225770022042866,approaching,False
61,27,378,569,purple,150.00528898008042,10.225770022042866,approaching,False
62,27,379,569,purple,150.00528898008042,10.225770022042866,approaching,False
64,27,381,569,blue,166.66348022436136,10.225770022042866,approaching,False
65,27,382,569,blue,166.66348022436136,10.225770022042866,approaching,False
66,27,383,569,blue,166.66348022436136,10.225770022042866,approaching,False
67,27,384,569,blue,166.66348022436136,10.225770022042866,approaching,False
68,27,385,569,blue,166.66348022436136,10.225770022042866,approaching,False
69,27,386,569,blue,166.66348022436136,10.225770022042866,approaching,False
70,27,387,569,blue,166.66348022436136,10.225770022042866,approaching,False
71,27,388,569,blue,166.66348022436136,10.225770022042866,approaching,False
72,27,389,569,blue,166.66348022436136,10.225770022042866,approaching,False
73,27,390,569,blue,166.66348022436136,10.225770022042866,approaching,False
74,27,391,569,blue,166.66348022436136,10.225770022042866,approaching,False
75,27,392,569,blue,166.66348022436136,10.225770022042866,approaching,False
76,27,393,569,blue,166.66348022436136,10.225770022042866,approaching,False
77,27,394,569,blue,166.66348022436136,10.225770022042866,approaching,False
78,27,395,569,blue,166.66348022436136,10.225770022042866,approaching,False
79,27,396,569,blue,166.66348022436136,10.225770022042866,approaching,False
80,27,397,569,blue,166.66348022436136,10.225770022042866,approaching,False
82,27,399,569,light_blue,183.31851531264942,10.225770022042866,approaching,False
83,27,400,569,light_blue,183.31851531264942,10.225770022042866,approaching,False
84,27,401,569,light_blue,183.31851531264942,10.225770022042866,approaching,False
29,28,346,570,purple,150.00528898008042,10.225770022042866,approaching,False
30,28,347,570,purple,150.00528898008042,10.225770022042866,approaching,False
31,28,348,570,purple,150.00528898008042,10.225770022042866,approaching,False
32,28,349,570,purple,150.00528898008042,10.225770022042866,approaching,False
33,28,350,570,purple,150.00528898008042,10.225770022042866,approaching,False
34,28,351,570,purple,150.00528898008042,10.225770022042866,approaching,False
35,28,352,570,purple,150.00528898008042,10.225770022042866,approaching,False
36,28,353,570,purple,150.00528898008042,10.225770022042866,approaching,False
37,28,354,570,purple,150.00528898008042,10.225770022042866,approaching,False
38,28,355,570,purple,150.00528898008042,10.225770022042866,approaching,False
39,28,356,570,purple,150.00528898008042,10.225770022042866,approaching,False
40,28,357,570,purple,150.00528898008042,10.225770022042866,approaching,False
41,28,358,570,purple,150.00528898008042,10.225770022042866,approaching,False
42,28,359,570,purple,150.00528898008042,10.225770022042866,approaching,False
43,28,360,570,purple,150.00528898008042,10.225770022042866,approaching,False
44,28,361,570,purple,150.00528898008042,10.225770022042866,approaching,False
45,28,362,570,purple,150.00528898008042,10.225770022042866,approaching,False
46,28,363,570,purple,150.00528898008042,10.225770022042866,approaching,False
47,28,364,570,purple,150.00528898008042,10.225770022042866,approaching,False
48,28,365,570,purple,150.00528898008042,10.225770022042866,approaching,False
49,28,366,570,purple,150.00528898008042,10.225770022042866,approaching,False
50,28,367,570,purple,150.00528898008042,10.225770022042866,approaching,False
51,28,368,570,purple,150.00528898008042,10.225770022042866,approaching,False
52,28,369,570,purple,150.00528898008042,10.225770022042866,approaching,False
53,28,370,570,purple,150.00528898008042,10.225770022042866,approaching,False
54,28,371,570,purple,150.00528898008042,10.225770022042866,approaching,False
55,28,372,570,purple,150.00528898008042,10.225770022042866,approaching,False
56,28,373,570,purple,150.00528898008042,10.225770022042866,approaching,False
57,28,374,570,purple,150.00528898008042,10.225770022042866,approaching,False
58,28,375,570,purple,150.00528898008042,10.225770022042866,approaching,False
59,28,376,570,purple,150.00528898008042,10.225770022042866,approaching,False
60,28,377,570,purple,150.00528898008042,10.225770022042866,approaching,False
61,28,378,570,purple,150.00528898008042,10.225770022042866,approaching,False
62,28,379,570,purple,150.00528898008042,10.225770022042866,approaching,False
63,28,380,570,purple,150.00528898008042,10.225770022042866,approaching,False
64,28,381,570,purple,150.00528898008042,10.225770022042866,approaching,False
66,28,383,570,blue,166.66348022436136,10.225770022042866,approaching,False
67,28,384,570,blue,166.66348022436136,10.225770022042866,approaching,False
68,28,385,570,blue,166.66348022436136,10.225770022042866,approaching,False
69,28,386,570,blue,166.66348022436136,10.225770022042866,approaching,False
70,28,387,570,blue,166.66348022436136,10.225770022042866,approaching,False
71,28,388,570,blue,166.66348022436136,10.225770022042866,approaching,False
72,28,389,570,blue,166.66348022436136,10.225770022042866,approaching,False
73,28,390,570,blue,166.66348022436136,10.225770022042866,approaching,False
74,28,391,570,blue,166.66348022436136,10.225770022042866,approaching,False
75,28,392,570,blue,166.66348022436136,10.225770022042866,approaching,False
76,28,393,570,blue,166.66348022436136,10.225770022042866,approaching,False
77,28,394,570,blue,166.66348022436136,10.225770022042866,approaching,False
78,28,395,570,blue,166.66348022436136,10.225770022042866,approaching,False
79,28,396,570,blue,166.66348022436136,10.225770022042866,approaching,False
80,28,397,570,blue,166.66348022436136,10.225770022042866,approaching,False
82,28,399,570,light_blue,183.31851531264942,10.225770022042866,approaching,False
83,28,400,570,light_blue,183.31851531264942,10.225770022042866,approaching,False
84,28,401,570,light_blue,183.31851531264942,10.225770022042866,approaching,False
29,29,346,571,purple,150.00528898008042,10.225770022042866,approaching,False
30,29,347,571,purple,150.00528898008042,10.225770022042866,approaching,False
31,29,348,571,purple,150.00528898008042,10.225770022042866,approaching,False
32,29,349,571,purple,150.00528898008042,10.225770022042866,approaching,False
33,29,350,571,purple,150.00528898008042,10.225770022042866,approaching,False
34,29,351,571,purple,150.00528898008042,10.225770022042866,approaching,False
35,29,352,571,purple,150.00528898008042,10.225770022042866,approaching,False
36,29,353,571,purple,150.00528898008042,10.225770022042866,approaching,False
37,29,354,571,purple,150.00528898008042,10.225770022042866,approaching,False
38,29,355,571,purple,150.00528898008042,10.225770022042866,approaching,False
39,29,356,571,purple,150.00528898008042,10.225770022042866,approaching,False
40,29,357,571,purple,150.00528898008042,10.225770022042866,approaching,False
41,29,358,571,purple,150.00528898008042,10.225770022042866,approaching,False
42,29,359,571,purple,150.00528898008042,10.225770022042866,approaching,False
43,29,360,571,purple,150.00528898008042,10.225770022042866,approaching,False
44,29,361,571,purple,150.00528898008042,10.225770022042866,approaching,False
45,29,362,571,purple,150.00528898008042,10.225770022042866,approaching,False
46,29,363,571,purple,150.00528898008042,10.225770022042866,approaching,False
47,29,364,571,purple,150.00528898008042,10.225770022042866,approaching,False
48,29,365,571,purple,150.00528898008042,10.225770022042866,approaching,False
49,29,366,571,purple,150.00528898008042,10.225770022042866,approaching,False
50,29,367,571,purple,150.00528898008042,10.225770022042866,approaching,False
51,29,368,571,purple,150.00528898008042,10.225770022042866,approaching,False
52,29,369,571,purple,150.00528898008042,10.225770022042866,approaching,False
53,29,370,571,purple,150.00528898008042,10.225770022042866,approaching,False
54,29,371,571,purple,150.00528898008042,10.225770022042866,approaching,False
55,29,372,571,purple,150.00528898008042,10.225770022042866,approaching,False
56,29,373,571,purple,150.00528898008042,10.225770022042866,approaching,False
57,29,374,571,purple,150.00528898008042,10.225770022042866,approaching,False
58,29,375,571,purple,150.00528898008042,10.225770022042866,approaching,False
59,29,376,571,purple,150.00528898008042,10.225770022042866,approaching,False
60,29,377,571,purple,150.00528898008042,10.225770022042866,approaching,False
61,29,378,571,purple,150.00528898008042,10.225770022042866,approaching,False
62,29,379,571,purple,150.00528898008042,10.225770022042866,approaching,False
63,29,380,571,purple,150.00528898008042,10.225770022042866,approaching,False
64,29,381,571,purple,150.00528898008042,10.225770022042866,approaching,False
66,29,383,571,blue,166.66348022436136,10.225770022042866,approaching,False
67,29,384,571,blue,166.66348022436136,10.225770022042866,approaching,False
68,29,385,571,blue,166.66348022436136,10.225770022042866,approaching,False
69,29,386,571,blue,166.66348022436136,10.225770022042866,approaching,False
70,29,387,571,blue,166.66348022436136,10.225770022042866,approaching,False
71,29,388,571,blue,166.66348022436136,10.225770022042866,approaching,False
72,29,389,571,blue,166.66348022436136,10.225770022042866,approaching,False
73,29,390,571,blue,166.66348022436136,10.225770022042866,approaching,False
74,29,391,571,blue,166.66348022436136,10.225770022042866,approaching,False
75,29,392,571,blue,166.66348022436136,10.225770022042866,approaching,False
76,29,393,571,blue,166.66348022436136,10.225770022042866,approaching,False
77,29,394,571,blue,166.66348022436136,10.225770022042866,approaching,False
82,29,399,571,light_blue,183.31851531264942,10.225770022042866,approaching,False
83,29,400,571,light_blue,183.31851531264942,10.225770022042866,approaching,False
84,29,401,571,light_blue,183.31851531264942,10.225770022042866,approaching,False
28,30,345,572,purple,150.00528898008042,10.225770022042866,approaching,False
29,30,346,572,purple,150.00528898008042,10.225770022042866,approaching,False
30,30,347,572,purple,150.00528898008042,10.225770022042866,approaching,False
31,30,348,572,purple,150.00528898008042,10.225770022042866,approaching,False
32,30,349,572,purple,150.00528898008042,10.225770022042866,approaching,False
33,30,350,572,purple,150.00528898008042,10.225770022042866,approaching,False
34,30,351,572,purple,150.00528898008042,10.225770022042866,approaching,False
35,30,352,572,purple,150.00528898008042,10.225770022042866,approaching,False
36,30,353,572,purple,150.00528898008042,10.225770022042866,approaching,False
37,30,354,572,purple,150.00528898008042,10.225770022042866,approaching,False
38,30,355,572,purple,150.00528898008042,10.225770022042866,approaching,False
39,30,356,572,purple,150.00528898008042,10.225770022042866,approaching,False
40,30,357,572,purple,150.00528898008042,10.225770022042866,approaching,False
41,30,358,572,purple,150.00528898008042,10.225770022042866,approaching,False
42,30,359,572,purple,150.00528898008042,10.225770022042866,approaching,False
43,30,360,572,purple,150.00528898008042,10.225770022042866,approaching,False
44,30,361,572,purple,150.00528898008042,10.225770022042866,approaching,False
45,30,362,572,purple,150.00528898008042,10.225770022042866,approaching,False
46,30,363,572,purple,150.00528898008042,10.225770022042866,approaching,False
47,30,364,572,purple,150.00528898008042,10.225770022042866,approaching,False
48,30,365,572,purple,150.00528898008042,10.225770022042866,approaching,False
49,30,366,572,purple,150.00528898008042,10.225770022042866,approaching,False
50,30,367,572,purple,150.00528898008042,10.225770022042866,approaching,False
51,30,368,572,purple,150.00528898008042,10.225770022042866,approaching,False
52,30,369,572,purple,150.00528898008042,10.225770022042866,approaching,False
53,30,370,572,purple,150.00528898008042,10.225770022042866,approaching,False
54,30,371,572,purple,150.00528898008042,10.225770022042866,approaching,False
55,30,372,572,purple,150.00528898008042,10.225770022042866,approaching,False
56,30,373,572,purple,150.00528898008042,10.225770022042866,approaching,False
57,30,374,572,purple,150.00528898008042,10.225770022042866,approaching,False
58,30,375,572,purple,150.00528898008042,10.225770022042866,approaching,False
59,30,376,572,purple,150.00528898008042,10.225770022042866,approaching,False
60,30,377,572,purple,150.00528898008042,10.225770022042866,approaching,False
61,30,378,572,purple,150.00528898008042,10.225770022042866,approaching,False
62,30,379,572,purple,150.00528898008042,10.225770022042866,approaching,False
63,30,380,572,purple,150.00528898008042,10.225770022042866,approaching,False
64,30,381,572,purple,150.00528898008042,10.225770022042866,approaching,False
66,30,383,572,blue,166.66348022436136,10.225770022042866,approaching,False
67,30,384,572,blue,166.66348022436136,10.225770022042866,approaching,False
68,30,385,572,blue,166.66348022436136,10.225770022042866,approaching,False
69,30,386,572,blue,166.66348022436136,10.225770022042866,approaching,False
70,30,387,572,blue,166.66348022436136,10.225770022042866,approaching,False
71,30,388,572,blue,166.66348022436136,10.225770022042866,approaching,False
72,30,389,572,blue,166.66348022436136,10.225770022042866,approaching,False
73,30,390,572,blue,166.66348022436136,10.225770022042866,approaching,False
74,30,391,572,blue,166.66348022436136,10.225770022042866,approaching,False
75,30,392,572,blue,166.66348022436136,10.225770022042866,approaching,False
76,30,393,572,blue,166.66348022436136,10.225770022042866,approaching,False
77,30,394,572,blue,166.66348022436136,10.225770022042866,approaching,False
79,30,396,572,light_blue,183.31851531264942,10.225770022042866,approaching,False
80,30,397,572,light_blue,183.31851531264942,10.225770022042866,approaching,False
81,30,398,572,light_blue,183.31851531264942,10.225770022042866,approaching,False
82,30,399,572,light_blue,183.31851531264942,10.225770022042866,approaching,False
83,30,400,572,light_blue,183.31851531264942,10.225770022042866,approaching,False
84,30,401,572,light_blue,183.31851531264942,10.225770022042866,approaching,False
26,31,343,573,purple,150.00528898008042,10.225770022042866,approaching,False
27,31,344,573,purple,150.00528898008042,10.225770022042866,approaching,False
28,31,345,573,purple,150.00528898008042,10.225770022042866,approaching,False
29,31,346,573,purple,150.00528898008042,10.225770022042866,approaching,False
30,31,347,573,purple,150.00528898008042,10.225770022042866,approaching,False
31,31,348,573,purple,150.00528898008042,10.225770022042866,approaching,False
32,31,349,573,purple,150.00528898008042,10.225770022042866,approaching,False
33,31,350,573,purple,150.00528898008042,10.225770022042866,approaching,False
34,31,351,573,purple,150.00528898008042,10.225770022042866,approaching,False
35,31,352,573,purple,150.00528898008042,10.225770022042866,approaching,False
36,31,353,573,purple,150.00528898008042,10.225770022042866,approaching,False
37,31,354,573,purple,150.00528898008042,10.225770022042866,approaching,False
38,31,355,573,purple,150.00528898008042,10.225770022042866,approaching,False
39,31,356,573,purple,150.00528898008042,10.225770022042866,approaching,False
40,31,357,573,purple,150.00528898008042,10.225770022042866,approaching,False
41,31,358,573,purple,150.00528898008042,10.225770022042866,approaching,False
42,31,359,573,purple,150.00528898008042,10.225770022042866,approaching,False
43,31,360,573,purple,150.00528898008042,10.225770022042866,approaching,False
49,31,366,573,purple,150.00528898008042,10.225770022042866,approaching,False
50,31,367,573,purple,150.00528898008042,10.225770022042866,approaching,False
51,31,368,573,purple,150.00528898008042,10.225770022042866,approaching,False
52,31,369,573,purple,150.00528898008042,10.225770022042866,approaching,False
53,31,370,573,purple,150.00528898008042,10.225770022042866,approaching,False
54,31,371,573,blue,166.66348022436136,10.225770022042866,approaching,False
55,31,372,573,blue,166.66348022436136,10.225770022042866,approaching,False
56,31,373,573,blue,166.66348022436136,10.225770022042866,approaching,False
57,31,374,573,purple,150.00528898008042,10.225770022042866,approaching,False
58,31,375,573,purple,150.00528898008042,10.225770022042866,approaching,False
59,31,376,573,purple,150.00528898008042,10.225770022042866,approaching,False
60,31,377,573,purple,150.00528898008042,10.225770022042866,approaching,False
61,31,378,573,purple,150.00528898008042,10.225770022042866,approaching,False
62,31,379,573,purple,150.00528898008042,10.225770022042866,approaching,False
64,31,381,573,blue,166.66348022436136,10.225770022042866,approaching,False
65,31,382,573,blue,166.66348022436136,10.225770022042866,approaching,False
66,31,383,573,blue,166.66348022436136,10.225770022042866,approaching,False
67,31,384,573,blue,166.66348022436136,10.225770022042866,approaching,False
68,31,385,573,blue,166.66348022436136,10.225770022042866,approaching,False
69,31,386,573,blue,166.66348022436136,10.225770022042866,approaching,False
70,31,387,573,blue,166.66348022436136,10.225770022042866,approaching,False
71,31,388,573,blue,166.66348022436136,10.225770022042866,approaching,False
72,31,389,573,blue,166.66348022436136,10.225770022042866,approaching,False
73,31,390,573,blue,166.66348022436136,10.225770022042866,approaching,False
74,31,391,573,blue,166.66348022436136,10.225770022042866,approaching,False
75,31,392,573,blue,166.66348022436136,10.225770022042866,approaching,False
76,31,393,573,blue,166.66348022436136,10.225770022042866,approaching,False
77,31,394,573,blue,166.66348022436136,10.225770022042866,approaching,False
79,31,396,573,light_blue,183.31851531264942,10.225770022042866,approaching,False
80,31,397,573,light_blue,183.31851531264942,10.225770022042866,approaching,False
81,31,398,573,light_blue,183.31851531264942,10.225770022042866,approaching,False
82,31,399,573,light_blue,183.31851531264942,10.225770022042866,approaching,False
83,31,400,573,light_blue,183.31851531264942,10.225770022042866,approaching,False
84,31,401,573,light_blue,183.31851531264942,10.225770022042866,approaching,False
85,31,402,573,light_blue,183.31851531264942,10.225770022042866,approaching,False
26,32,343,574,purple,150.00528898008042,10.225770022042866,approaching,False
27,32,344,574,purple,150.00528898008042,10.225770022042866,approaching,False
28,32,345,574,purple,150.00528898008042,10.225770022042866,approaching,False
29,32,346,574,purple,150.00528898008042,10.225770022042866,approaching,False
30,32,347,574,purple,150.00528898008042,10.225770022042866,approaching,False
31,32,348,574,purple,150.00528898008042,10.225770022042866,approaching,False
32,32,349,574,purple,150.00528898008042,10.225770022042866,approaching,False
33,32,350,574,purple,150.00528898008042,10.225770022042866,approaching,False
34,32,351,574,purple,150.00528898008042,10.225770022042866,approaching,False
35,32,352,574,purple,150.00528898008042,10.225770022042866,approaching,False
36,32,353,574,purple,150.00528898008042,10.225770022042866,approaching,False
37,32,354,574,purple,150.00528898008042,10.225770022042866,approaching,False
38,32,355,574,purple,150.00528898008042,10.225770022042866,approaching,False
39,32,356,574,purple,150.00528898008042,10.225770022042866,approaching,False
40,32,357,574,purple,150.00528898008042,10.225770022042866,approaching,False
41,32,358,574,purple,150.00528898008042,10.225770022042866,approaching,False
42,32,359,574,purple,150.00528898008042,10.225770022042866,approaching,False
43,32,360,574,purple,150.00528898008042,10.225770022042866,approaching,False
53,32,370,574,purple,150.00528898008042,10.225770022042866,approaching,False
54,32,371,574,blue,166.66348022436136,10.225770022042866,approaching,False
55,32,372,574,blue,166.66348022436136,10.225770022042866,approaching,False
56,32,373,574,blue,166.66348022436136,10.225770022042866,approaching,False
64,32,381,574,blue,166.66348022436136,10.225770022042866,approaching,False
65,32,382,574,blue,166.66348022436136,10.225770022042866,approaching,False
66,32,383,574,blue,166.66348022436136,10.225770022042866,approaching,False
67,32,384,574,blue,166.66348022436136,10.225770022042866,approaching,False
68,32,385,574,blue,166.66348022436136,10.225770022042866,approaching,False
69,32,386,574,blue,166.66348022436136,10.225770022042866,approaching,False
70,32,387,574,blue,166.66348022436136,10.225770022042866,approaching,False
71,32,388,574,blue,166.66348022436136,10.225770022042866,approaching,False
72,32,389,574,blue,166.66348022436136,10.225770022042866,approaching,False
73,32,390,574,blue,166.66348022436136,10.225770022042866,approaching,False
74,32,391,574,blue,166.66348022436136,10.225770022042866,approaching,False
75,32,392,574,blue,166.66348022436136,10.225770022042866,approaching,False
76,32,393,574,blue,166.66348022436136,10.225770022042866,approaching,False
77,32,394,574,blue,166.66348022436136,10.225770022042866,approaching,False
79,32,396,574,light_blue,183.31851531264942,10.225770022042866,approaching,False
80,32,397,574,light_blue,183.31851531264942,10.225770022042866,approaching,False
81,32,398,574,light_blue,183.31851531264942,10.225770022042866,approaching,False
82,32,399,574,light_blue,183.31851531264942,10.225770022042866,approaching,False
83,32,400,574,light_blue,183.31851531264942,10.225770022042866,approaching,False
84,32,401,574,light_blue,183.31851531264942,10.225770022042866,approaching,False
85,32,402,574,light_blue,183.31851531264942,10.225770022042866,approaching,False
24,33,341,575,purple,150.00528898008042,10.225770022042866,approaching,False
25,33,342,575,purple,150.00528898008042,10.225770022042866,approaching,False
26,33,343,575,purple,150.00528898008042,10.225770022042866,approaching,False
27,33,344,575,purple,150.00528898008042,10.225770022042866,approaching,False
28,33,345,575,purple,150.00528898008042,10.225770022042866,approaching,False
29,33,346,575,purple,150.00528898008042,10.225770022042866,approaching,False
30,33,347,575,purple,150.00528898008042,10.225770022042866,approaching,False
31,33,348,575,purple,150.00528898008042,10.225770022042866,approaching,False
32,33,349,575,purple,150.00528898008042,10.225770022042866,approaching,False
33,33,350,575,purple,150.00528898008042,10.225770022042866,approaching,False
34,33,351,575,purple,150.00528898008042,10.225770022042866,approaching,False
35,33,352,575,purple,150.00528898008042,10.225770022042866,approaching,False
36,33,353,575,purple,150.00528898008042,10.225770022042866,approaching,False
37,33,354,575,purple,150.00528898008042,10.225770022042866,approaching,False
38,33,355,575,purple,150.00528898008042,10.225770022042866,approaching,False
39,33,356,575,purple,150.00528898008042,10.225770022042866,approaching,False
40,33,357,575,purple,150.00528898008042,10.225770022042866,approaching,False
41,33,358,575,purple,150.00528898008042,10.225770022042866,approaching,False
42,33,359,575,purple,150.00528898008042,10.225770022042866,approaching,False
43,33,360,575,purple,150.00528898008042,10.225770022042866,approaching,False
53,33,370,575,purple,150.00528898008042,10.225770022042866,approaching,False
54,33,371,575,blue,166.66348022436136,10.225770022042866,approaching,False
55,33,372,575,blue,166.66348022436136,10.225770022042866,approaching,False
56,33,373,575,blue,166.66348022436136,10.225770022042866,approaching,False
57,33,374,575,blue,166.66348022436136,10.225770022042866,approaching,False
58,33,375,575,blue,166.66348022436136,10.225770022042866,approaching,False
59,33,376,575,blue,166.66348022436136,10.225770022042866,approaching,False
60,33,377,575,blue,166.66348022436136,10.225770022042866,approaching,False
61,33,378,575,blue,166.66348022436136,10.225770022042866,approaching,False
62,33,379,575,blue,166.66348022436136,10.225770022042866,approaching,False
63,33,380,575,blue,166.66348022436136,10.225770022042866,approaching,False
64,33,381,575,blue,166.66348022436136,10.225770022042866,approaching,False
65,33,382,575,blue,166.66348022436136,10.225770022042866,approaching,False
66,33,383,575,blue,166.66348022436136,10.225770022042866,approaching,False
67,33,384,575,blue,166.66348022436136,10.225770022042866,approaching,False
68,33,385,575,blue,166.66348022436136,10.225770022042866,approaching,False
69,33,386,575,blue,166.66348022436136,10.225770022042866,approaching,False
70,33,387,575,blue,166.66348022436136,10.225770022042866,approaching,False
71,33,388,575,blue,166.66348022436136,10.225770022042866,approaching,False
72,33,389,575,blue,166.66348022436136,10.225770022042866,approaching,False
73,33,390,575,blue,166.66348022436136,10.225770022042866,approaching,False
74,33,391,575,blue,166.66348022436136,10.225770022042866,approaching,False
75,33,392,575,blue,166.66348022436136,10.225770022042866,approaching,False
76,33,393,575,blue,166.66348022436136,10.225770022042866,approaching,False
77,33,394,575,blue,166.66348022436136,10.225770022042866,approaching,False
79,33,396,575,light_blue,183.31851531264942,10.225770022042866,approaching,False
80,33,397,575,light_blue,183.31851531264942,10.225770022042866,approaching,False
81,33,398,575,light_blue,183.31851531264942,10.225770022042866,approaching,False
82,33,399,575,light_blue,183.31851531264942,10.225770022042866,approaching,False
83,33,400,575,light_blue,183.31851531264942,10.225770022042866,approaching,False
84,33,401,575,light_blue,183.31851531264942,10.225770022042866,approaching,False
85,33,402,575,light_blue,183.31851531264942,10.225770022042866,approaching,False
86,33,403,575,light_blue,183.31851531264942,10.225770022042866,approaching,False
87,33,404,575,light_blue,183.31851531264942,10.225770022042866,approaching,False
88,33,405,575,light_blue,183.31851531264942,10.225770022042866,approaching,False
89,33,406,575,light_blue,183.31851531264942,10.225770022042866,approaching,False
90,33,407,575,light_blue,183.31851531264942,10.225770022042866,approaching,False
91,33,408,575,light_blue,183.31851531264942,10.225770022042866,approaching,False
92,33,409,575,light_blue,183.31851531264942,10.225770022042866,approaching,False
24,34,341,576,purple,150.00528898008042,10.225770022042866,approaching,False
25,34,342,576,purple,150.00528898008042,10.225770022042866,approaching,False
26,34,343,576,purple,150.00528898008042,10.225770022042866,approaching,False
27,34,344,576,purple,150.00528898008042,10.225770022042866,approaching,False
28,34,345,576,purple,150.00528898008042,10.225770022042866,approaching,False
29,34,346,576,purple,150.00528898008042,10.225770022042866,approaching,False
30,34,347,576,purple,150.00528898008042,10.225770022042866,approaching,False
31,34,348,576,purple,150.00528898008042,10.225770022042866,approaching,False
32,34,349,576,purple,150.00528898008042,10.225770022042866,approaching,False
33,34,350,576,purple,150.00528898008042,10.225770022042866,approaching,False
34,34,351,576,purple,150.00528898008042,10.225770022042866,approaching,False
35,34,352,576,purple,150.00528898008042,10.225770022042866,approaching,False
36,34,353,576,purple,150.00528898008042,10.225770022042866,approaching,False
37,34,354,576,purple,150.00528898008042,10.225770022042866,approaching,False
38,34,355,576,purple,150.00528898008042,10.225770022042866,approaching,False
39,34,356,576,purple,150.00528898008042,10.225770022042866,approaching,False
40,34,357,576,purple,150.00528898008042,10.225770022042866,approaching,False
41,34,358,576,purple,150.00528898008042,10.225770022042866,approaching,False
42,34,359,576,purple,150.00528898008042,10.225770022042866,approaching,False
43,34,360,576,purple,150.00528898008042,10.225770022042866,approaching,False
54,34,371,576,blue,166.66348022436136,10.225770022042866,approaching,False
55,34,372,576,blue,166.66348022436136,10.225770022042866,approaching,False
56,34,373,576,blue,166.66348022436136,10.225770022042866,approaching,False
57,34,374,576,blue,166.66348022436136,10.225770022042866,approaching,False
58,34,375,576,blue,166.66348022436136,10.225770022042866,approaching,False
59,34,376,576,blue,166.66348022436136,10.225770022042866,approaching,False
60,34,377,576,blue,166.66348022436136,10.225770022042866,approaching,False
61,34,378,576,blue,166.66348022436136,10.225770022042866,approaching,False
62,34,379,576,blue,166.66348022436136,10.225770022042866,approaching,False
63,34,380,576,blue,166.66348022436136,10.225770022042866,approaching,False
64,34,381,576,blue,166.66348022436136,10.225770022042866,approaching,False
65,34,382,576,blue,166.66348022436136,10.225770022042866,approaching,False
66,34,383,576,blue,166.66348022436136,10.225770022042866,approaching,False
67,34,384,576,blue,166.66348022436136,10.225770022042866,approaching,False
68,34,385,576,blue,166.66348022436136,10.225770022042866,approaching,False
69,34,386,576,blue,166.66348022436136,10.225770022042866,approaching,False
70,34,387,576,blue,166.66348022436136,10.225770022042866,approaching,False
71,34,388,576,blue,166.66348022436136,10.225770022042866,approaching,False
72,34,389,576,blue,166.66348022436136,10.225770022042866,approaching,False
73,34,390,576,blue,166.66348022436136,10.225770022042866,approaching,False
74,34,391,576,blue,166.66348022436136,10.225770022042866,approaching,False
75,34,392,576,blue,166.66348022436136,10.225770022042866,approaching,False
79,34,396,576,light_blue,183.31851531264942,10.225770022042866,approaching,False
80,34,397,576,light_blue,183.31851531264942,10.225770022042866,approaching,False
81,34,398,576,light_blue,183.31851531264942,10.225770022042866,approaching,False
82,34,399,576,light_blue,183.31851531264942,10.225770022042866,approaching,False
83,34,400,576,light_blue,183.31851531264942,10.225770022042866,approaching,False
84,34,401,576,light_blue,183.31851531264942,10.225770022042866,approaching,False
85,34,402,576,light_blue,183.31851531264942,10.225770022042866,approaching,False
86,34,403,576,light_blue,183.31851531264942,10.225770022042866,approaching,False
87,34,404,576,light_blue,183.31851531264942,10.225770022042866,approaching,False
88,34,405,576,light_blue,183.31851531264942,10.225770022042866,approaching,False
89,34,406,576,light_blue,183.31851531264942,10.225770022042866,approaching,False
90,34,407,576,light_blue,183.31851531264942,10.225770022042866,approaching,False
91,34,408,576,light_blue,183.31851531264942,10.225770022042866,approaching,False
92,34,409,576,light_blue,183.31851531264942,10.225770022042866,approaching,False
24,35,341,577,purple,150.00528898008042,10.225770022042866,approaching,False
25,35,342,577,purple,150.00528898008042,10.225770022042866,approaching,False
26,35,343,577,purple,150.00528898008042,10.225770022042866,approaching,False
27,35,344,577,purple,150.00528898008042,10.225770022042866,approaching,False
28,35,345,577,purple,150.00528898008042,10.225770022042866,approaching,False
29,35,346,577,purple,150.00528898008042,10.225770022042866,approaching,False
30,35,347,577,purple,150.00528898008042,10.225770022042866,approaching,False
31,35,348,577,purple,150.00528898008042,10.225770022042866,approaching,False
32,35,349,577,purple,150.00528898008042,10.225770022042866,approaching,False
33,35,350,577,purple,150.00528898008042,10.225770022042866,approaching,False
34,35,351,577,purple,150.00528898008042,10.225770022042866,approaching,False
35,35,352,577,purple,150.00528898008042,10.225770022042866,approaching,False
36,35,353,577,purple,150.00528898008042,10.225770022042866,approaching,False
37,35,354,577,purple,150.00528898008042,10.225770022042866,approaching,False
38,35,355,577,purple,150.00528898008042,10.225770022042866,approaching,False
39,35,356,577,purple,150.00528898008042,10.225770022042866,approaching,False
40,35,357,577,purple,150.00528898008042,10.225770022042866,approaching,False
41,35,358,577,purple,150.00528898008042,10.225770022042866,approaching,False
42,35,359,577,purple,150.00528898008042,10.225770022042866,approaching,False
43,35,360,577,purple,150.00528898008042,10.225770022042866,approaching,False
51,35,368,577,purple,150.00528898008042,10.225770022042866,approaching,False
53,35,370,577,blue,166.66348022436136,10.225770022042866,approaching,False
54,35,371,577,blue,166.66348022436136,10.225770022042866,approaching,False
55,35,372,577,blue,166.66348022436136,10.225770022042866,approaching,False
56,35,373,577,blue,166.66348022436136,10.225770022042866,approaching,False
57,35,374,577,blue,166.66348022436136,10.225770022042866,approaching,False
58,35,375,577,blue,166.66348022436136,10.225770022042866,approaching,False
59,35,376,577,blue,166.66348022436136,10.225770022042866,approaching,False
60,35,377,577,blue,166.66348022436136,10.225770022042866,approaching,False
61,35,378,577,blue,166.66348022436136,10.225770022042866,approaching,False
62,35,379,577,blue,166.66348022436136,10.225770022042866,approaching,False
63,35,380,577,blue,166.66348022436136,10.225770022042866,approaching,False
64,35,381,577,blue,166.66348022436136,10.225770022042866,approaching,False
65,35,382,577,blue,166.66348022436136,10.225770022042866,approaching,False
66,35,383,577,blue,166.66348022436136,10.225770022042866,approaching,False
67,35,384,577,blue,166.66348022436136,10.225770022042866,approaching,False
68,35,385,577,blue,166.66348022436136,10.225770022042866,approaching,False
69,35,386,577,blue,166.66348022436136,10.225770022042866,approaching,False
70,35,387,577,blue,166.66348022436136,10.225770022042866,approaching,False
71,35,388,577,blue,166.66348022436136,10.225770022042866,approaching,False
72,35,389,577,blue,166.66348022436136,10.225770022042866,approaching,False
73,35,390,577,blue,166.66348022436136,10.225770022042866,approaching,False
74,35,391,577,blue,166.66348022436136,10.225770022042866,approaching,False
75,35,392,577,blue,166.66348022436136,10.225770022042866,approaching,False
77,35,394,577,light_blue,183.31851531264942,10.225770022042866,approaching,False
78,35,395,577,light_blue,183.31851531264942,10.225770022042866,approaching,False
79,35,396,577,light_blue,183.31851531264942,10.225770022042866,approaching,False
80,35,397,577,light_blue,183.31851531264942,10.225770022042866,approaching,False
81,35,398,577,light_blue,183.31851531264942,10.225770022042866,approaching,False
82,35,399,577,light_blue,183.31851531264942,10.225770022042866,approaching,False
83,35,400,577,light_blue,183.31851531264942,10.225770022042866,approaching,False
84,35,401,577,light_blue,183.31851531264942,10.225770022042866,approaching,False
85,35,402,577,light_blue,183.31851531264942,10.225770022042866,approaching,False
86,35,403,577,light_blue,183.31851531264942,10.225770022042866,approaching,False
87,35,404,577,light_blue,183.31851531264942,10.225770022042866,approaching,False
88,35,405,577,light_blue,183.31851531264942,10.225770022042866,approaching,False
89,35,406,577,light_blue,183.31851531264942,10.225770022042866,approaching,False
90,35,407,577,light_blue,183.31851531264942,10.225770022042866,approaching,False
91,35,408,577,light_blue,183.31851531264942,10.225770022042866,approaching,False
92,35,409,577,light_blue,183.31851531264942,10.225770022042866,approaching,False
93,35,410,577,light_blue,183.31851531264942,10.225770022042866,approaching,False
94,35,411,577,light_blue,183.31851531264942,10.225770022042866,approaching,False
19,36,336,578,purple,150.00528898008042,10.225770022042866,approaching,False
20,36,337,578,purple,150.00528898008042,10.225770022042866,approaching,False
21,36,338,578,purple,150.00528898008042,10.225770022042866,approaching,False
22,36,339,578,purple,150.00528898008042,10.225770022042866,approaching,False
23,36,340,578,purple,150.00528898008042,10.225770022042866,approaching,False
24,36,341,578,purple,150.00528898008042,10.225770022042866,approaching,False
31,36,348,578,purple,150.00528898008042,10.225770022042866,approaching,False
32,36,349,578,purple,150.00528898008042,10.225770022042866,approaching,False
33,36,350,578,purple,150.00528898008042,10.225770022042866,approaching,False
34,36,351,578,purple,150.00528898008042,10.225770022042866,approaching,False
35,36,352,578,purple,150.00528898008042,10.225770022042866,approaching,False
36,36,353,578,purple,150.00528898008042,10.225770022042866,approaching,False
37,36,354,578,purple,150.00528898008042,10.225770022042866,approaching,False
38,36,355,578,purple,150.00528898008042,10.225770022042866,approaching,False
39,36,356,578,purple,150.00528898008042,10.225770022042866,approaching,False
40,36,357,578,purple,150.00528898008042,10.225770022042866,approaching,False
41,36,358,578,purple,150.00528898008042,10.225770022042866,approaching,False
42,36,359,578,purple,150.00528898008042,10.225770022042866,approaching,False
43,36,360,578,purple,150.00528898008042,10.225770022042866,approaching,False
49,36,366,578,purple,150.00528898008042,10.225770022042866,approaching,False
51,36,368,578,blue,166.66348022436136,10.225770022042866,approaching,False
52,36,369,578,blue,166.66348022436136,10.225770022042866,approaching,False
53,36,370,578,blue,166.66348022436136,10.225770022042866,approaching,False
54,36,371,578,blue,166.66348022436136,10.225770022042866,approaching,False
55,36,372,578,blue,166.66348022436136,10.225770022042866,approaching,False
56,36,373,578,blue,166.66348022436136,10.225770022042866,approaching,False
57,36,374,578,blue,166.66348022436136,10.225770022042866,approaching,False
58,36,375,578,blue,166.66348022436136,10.225770022042866,approaching,False
59,36,376,578,blue,166.66348022436136,10.225770022042866,approaching,False
60,36,377,578,blue,166.66348022436136,10.225770022042866,approaching,False
61,36,378,578,blue,166.66348022436136,10.225770022042866,approaching,False
62,36,379,578,blue,166.66348022436136,10.225770022042866,approaching,False
63,36,380,578,blue,166.66348022436136,10.225770022042866,approaching,False
64,36,381,578,blue,166.66348022436136,10.225770022042866,approaching,False
65,36,382,578,blue,166.66348022436136,10.225770022042866,approaching,False
66,36,383,578,blue,166.66348022436136,10.225770022042866,approaching,False
67,36,384,578,blue,166.66348022436136,10.225770022042866,approaching,False
68,36,385,578,blue,166.66348022436136,10.225770022042866,approaching,False
69,36,386,578,blue,166.66348022436136,10.225770022042866,approaching,False
70,36,387,578,blue,166.66348022436136,10.225770022042866,approaching,False
71,36,388,578,blue,166.66348022436136,10.225770022042866,approaching,False
72,36,389,578,blue,166.66348022436136,10.225770022042866,approaching,False
73,36,390,578,blue,166.66348022436136,10.225770022042866,approaching,False
74,36,391,578,blue,166.66348022436136,10.225770022042866,approaching,False
75,36,392,578,blue,166.66348022436136,10.225770022042866,approaching,False
77,36,394,578,light_blue,183.31851531264942,10.225770022042866,approaching,False
78,36,395,578,light_blue,183.31851531264942,10.225770022042866,approaching,False
79,36,396,578,light_blue,183.31851531264942,10.225770022042866,approaching,False
80,36,397,578,light_blue,183.31851531264942,10.225770022042866,approaching,False
81,36,398,578,light_blue,183.31851531264942,10.225770022042866,approaching,False
82,36,399,578,light_blue,183.31851531264942,10.225770022042866,approaching,False
83,36,400,578,light_blue,183.31851531264942,10.225770022042866,approaching,False
84,36,401,578,light_blue,183.31851531264942,10.225770022042866,approaching,False
85,36,402,578,light_blue,183.31851531264942,10.225770022042866,approaching,False
86,36,403,578,light_blue,183.31851531264942,10.225770022042866,approaching,False
87,36,404,578,light_blue,183.31851531264942,10.225770022042866,approaching,False
88,36,405,578,light_blue,183.31851531264942,10.225770022042866,approaching,False
89,36,406,578,light_blue,183.31851531264942,10.225770022042866,approaching,False
90,36,407,578,light_blue,183.31851531264942,10.225770022042866,approaching,False
91,36,408,578,light_blue,183.31851531264942,10.225770022042866,approaching,False
92,36,409,578,light_blue,183.31851531264942,10.225770022042866,approaching,False
93,36,410,578,light_blue,183.31851531264942,10.225770022042866,approaching,False
94,36,411,578,light_blue,183.31851531264942,10.225770022042866,approaching,False
95,36,412,578,light_blue,183.31851531264942,10.225770022042866,approaching,False
102,36,419,578,dark_green,199.9894253945065,10.225770022042866,systemic_ambiguous,False
103,36,420,578,dark_green,199.9894253945065,10.225770022042866,systemic_ambiguous,False
104,36,421,578,dark_green,199.9894253945065,10.225770022042866,systemic_ambiguous,False
105,36,422,578,dark_green,199.9894253945065,10.225770022042866,systemic_ambiguous,False
106,36,423,578,dark_green,199.9894253945065,10.225770022042866,systemic_ambiguous,False
107,36,424,578,dark_green,199.9894253945065,10.225770022042866,systemic_ambiguous,False
19,37,336,579,purple,150.00528898008042,10.225770022042866,approaching,False
20,37,337,579,purple,150.00528898008042,10.225770022042866,approaching,False
21,37,338,579,purple,150.00528898008042,10.225770022042866,approaching,False
22,37,339,579,purple,150.00528898008042,10.225770022042866,approaching,False
23,37,340,579,purple,150.00528898008042,10.225770022042866,approaching,False
31,37,348,579,purple,150.00528898008042,10.225770022042866,approaching,False
32,37,349,579,purple,150.00528898008042,10.225770022042866,approaching,False
33,37,350,579,purple,150.00528898008042,10.225770022042866,approaching,False
34,37,351,579,purple,150.00528898008042,10.225770022042866,approaching,False
35,37,352,579,purple,150.00528898008042,10.225770022042866,approaching,False
36,37,353,579,purple,150.00528898008042,10.225770022042866,approaching,False
37,37,354,579,purple,150.00528898008042,10.225770022042866,approaching,False
38,37,355,579,purple,150.00528898008042,10.225770022042866,approaching,False
39,37,356,579,purple,150.00528898008042,10.225770022042866,approaching,False
40,37,357,579,purple,150.00528898008042,10.225770022042866,approaching,False
41,37,358,579,purple,150.00528898008042,10.225770022042866,approaching,False
42,37,359,579,purple,150.00528898008042,10.225770022042866,approaching,False
43,37,360,579,purple,150.00528898008042,10.225770022042866,approaching,False
49,37,366,579,purple,150.00528898008042,10.225770022042866,approaching,False
51,37,368,579,blue,166.66348022436136,10.225770022042866,approaching,False
52,37,369,579,blue,166.66348022436136,10.225770022042866,approaching,False
53,37,370,579,blue,166.66348022436136,10.225770022042866,approaching,False
54,37,371,579,blue,166.66348022436136,10.225770022042866,approaching,False
55,37,372,579,blue,166.66348022436136,10.225770022042866,approaching,False
56,37,373,579,blue,166.66348022436136,10.225770022042866,approaching,False
57,37,374,579,blue,166.66348022436136,10.225770022042866,approaching,False
58,37,375,579,blue,166.66348022436136,10.225770022042866,approaching,False
59,37,376,579,blue,166.66348022436136,10.225770022042866,approaching,False
60,37,377,579,blue,166.66348022436136,10.225770022042866,approaching,False
61,37,378,579,blue,166.66348022436136,10.225770022042866,approaching,False
67,37,384,579,blue,166.66348022436136,10.225770022042866,approaching,False
68,37,385,579,blue,166.66348022436136,10.225770022042866,approaching,False
69,37,386,579,blue,166.66348022436136,10.225770022042866,approaching,False
70,37,387,579,blue,166.66348022436136,10.225770022042866,approaching,False
71,37,388,579,blue,166.66348022436136,10.225770022042866,approaching,False
72,37,389,579,blue,166.66348022436136,10.225770022042866,approaching,False
73,37,390,579,blue,166.66348022436136,10.225770022042866,approaching,False
74,37,391,579,blue,166.66348022436136,10.225770022042866,approaching,False
75,37,392,579,blue,166.66348022436136,10.225770022042866,approaching,False
79,37,396,579,light_blue,183.31851531264942,10.225770022042866,approaching,False
80,37,397,579,light_blue,183.31851531264942,10.225770022042866,approaching,False
81,37,398,579,light_blue,183.31851531264942,10.225770022042866,approaching,False
82,37,399,579,light_blue,183.31851531264942,10.225770022042866,approaching,False
83,37,400,579,light_blue,183.31851531264942,10.225770022042866,approaching,False
84,37,401,579,light_blue,183.31851531264942,10.225770022042866,approaching,False
85,37,402,579,light_blue,183.31851531264942,10.225770022042866,approaching,False
86,37,403,579,light_blue,183.31851531264942,10.225770022042866,approaching,False
87,37,404,579,light_blue,183.31851531264942,10.225770022042866,approaching,False
88,37,405,579,light_blue,183.31851531264942,10.225770022042866,approaching,False
89,37,406,579,light_blue,183.31851531264942,10.225770022042866,approaching,False
90,37,407,579,light_blue,183.31851531264942,10.225770022042866,approaching,False
91,37,408,579,light_blue,183.31851531264942,10.225770022042866,approaching,False
92,37,409,579,light_blue,183.31851531264942,10.225770022042866,approaching,False
93,37,410,579,light_blue,183.31851531264942,10.225770022042866,approaching,False
94,37,411,579,light_blue,183.31851531264942,10.225770022042866,approaching,False
95,37,412,579,light_blue,183.31851531264942,10.225770022042866,approaching,False
102,37,419,579,dark_green,199.9894253945065,10.225770022042866,systemic_ambiguous,False
103,37,420,579,dark_green,199.9894253945065,10.225770022042866,systemic_ambiguous,False
104,37,421,579,dark_green,199.9894253945065,10.225770022042866,systemic_ambiguous,False
105,37,422,579,dark_green,199.9894253945065,10.225770022042866,systemic_ambiguous,False
106,37,423,579,dark_green,199.9894253945065,10.225770022042866,systemic_ambiguous,False
107,37,424,579,dark_green,199.9894253945065,10.225770022042866,systemic_ambiguous,False
19,38,336,580,purple,150.00528898008042,10.225770022042866,approaching,False
20,38,337,580,purple,150.00528898008042,10.225770022042866,approaching,False
21,38,338,580,purple,150.00528898008042,10.225770022042866,approaching,False
22,38,339,580,purple,150.00528898008042,10.225770022042866,approaching,False
23,38,340,580,purple,150.00528898008042,10.225770022042866,approaching,False
31,38,348,580,purple,150.00528898008042,10.225770022042866,approaching,False
32,38,349,580,purple,150.00528898008042,10.225770022042866,approaching,False
33,38,350,580,purple,150.00528898008042,10.225770022042866,approaching,False
34,38,351,580,purple,150.00528898008042,10.225770022042866,approaching,False
35,38,352,580,purple,150.00528898008042,10.225770022042866,approaching,False
36,38,353,580,purple,150.00528898008042,10.225770022042866,approaching,False
37,38,354,580,purple,150.00528898008042,10.225770022042866,approaching,False
38,38,355,580,purple,150.00528898008042,10.225770022042866,approaching,False
39,38,356,580,purple,150.00528898008042,10.225770022042866,approaching,False
40,38,357,580,purple,150.00528898008042,10.225770022042866,approaching,False
41,38,358,580,purple,150.00528898008042,10.225770022042866,approaching,False
42,38,359,580,purple,150.00528898008042,10.225770022042866,approaching,False
43,38,360,580,purple,150.00528898008042,10.225770022042866,approaching,False
44,38,361,580,purple,150.00528898008042,10.225770022042866,approaching,False
45,38,362,580,purple,150.00528898008042,10.225770022042866,approaching,False
46,38,363,580,purple,150.00528898008042,10.225770022042866,approaching,False
47,38,364,580,purple,150.00528898008042,10.225770022042866,approaching,False
48,38,365,580,purple,150.00528898008042,10.225770022042866,approaching,False
49,38,366,580,purple,150.00528898008042,10.225770022042866,approaching,False
51,38,368,580,blue,166.66348022436136,10.225770022042866,approaching,False
52,38,369,580,blue,166.66348022436136,10.225770022042866,approaching,False
53,38,370,580,blue,166.66348022436136,10.225770022042866,approaching,False
54,38,371,580,blue,166.66348022436136,10.225770022042866,approaching,False
55,38,372,580,blue,166.66348022436136,10.225770022042866,approaching,False
56,38,373,580,blue,166.66348022436136,10.225770022042866,approaching,False
57,38,374,580,blue,166.66348022436136,10.225770022042866,approaching,False
58,38,375,580,blue,166.66348022436136,10.225770022042866,approaching,False
59,38,376,580,blue,166.66348022436136,10.225770022042866,approaching,False
60,38,377,580,blue,166.66348022436136,10.225770022042866,approaching,False
61,38,378,580,blue,166.66348022436136,10.225770022042866,approaching,False
62,38,379,580,light_blue,183.31851531264942,10.225770022042866,approaching,False
63,38,380,580,light_blue,183.31851531264942,10.225770022042866,approaching,False
64,38,381,580,light_blue,183.31851531264942,10.225770022042866,approaching,False
65,38,382,580,light_blue,183.31851531264942,10.225770022042866,approaching,False
66,38,383,580,light_blue,183.31851531264942,10.225770022042866,approaching,False
67,38,384,580,blue,166.66348022436136,10.225770022042866,approaching,False
68,38,385,580,blue,166.66348022436136,10.225770022042866,approaching,False
69,38,386,580,blue,166.66348022436136,10.225770022042866,approaching,False
70,38,387,580,blue,166.66348022436136,10.225770022042866,approaching,False
71,38,388,580,blue,166.66348022436136,10.225770022042866,approaching,False
72,38,389,580,blue,166.66348022436136,10.225770022042866,approaching,False
73,38,390,580,blue,166.66348022436136,10.225770022042866,approaching,False
74,38,391,580,blue,166.66348022436136,10.225770022042866,approaching,False
75,38,392,580,blue,166.66348022436136,10.225770022042866,approaching,False
76,38,393,580,blue,166.66348022436136,10.225770022042866,approaching,False
77,38,394,580,blue,166.66348022436136,10.225770022042866,approaching,False
79,38,396,580,light_blue,183.31851531264942,10.225770022042866,approaching,False
80,38,397,580,light_blue,183.31851531264942,10.225770022042866,approaching,False
81,38,398,580,light_blue,183.31851531264942,10.225770022042866,approaching,False
82,38,399,580,light_blue,183.31851531264942,10.225770022042866,approaching,False
83,38,400,580,light_blue,183.31851531264942,10.225770022042866,approaching,False
84,38,401,580,light_blue,183.31851531264942,10.225770022042866,approaching,False
85,38,402,580,light_blue,183.31851531264942,10.225770022042866,approaching,False
86,38,403,580,light_blue,183.31851531264942,10.225770022042866,approaching,False
87,38,404,580,light_blue,183.31851531264942,10.225770022042866,approaching,False
88,38,405,580,light_blue,183.31851531264942,10.225770022042866,approaching,False
89,38,406,580,light_blue,183.31851531264942,10.225770022042866,approaching,False
90,38,407,580,light_blue,183.31851531264942,10.225770022042866,approaching,False
91,38,408,580,light_blue,183.31851531264942,10.225770022042866,approaching,False
92,38,409,580,light_blue,183.31851531264942,10.225770022042866,approaching,False
93,38,410,580,light_blue,183.31851531264942,10.225770022042866,approaching,False
94,38,411,580,light_blue,183.31851531264942,10.225770022042866,approaching,False
95,38,412,580,light_blue,183.31851531264942,10.225770022042866,approaching,False
97,38,414,580,dark_green,199.9894253945065,10.225770022042866,systemic_ambiguous,False
98,38,415,580,dark_green,199.9894253945065,10.225770022042866,systemic_ambiguous,False
99,38,416,580,dark_green,199.9894253945065,10.225770022042866,systemic_ambiguous,False
100,38,417,580,dark_green,199.9894253945065,10.225770022042866,systemic_ambiguous,False
101,38,418,580,dark_green,199.9894253945065,10.225770022042866,systemic_ambiguous,False
102,38,419,580,dark_green,199.9894253945065,10.225770022042866,systemic_ambiguous,False
103,38,420,580,dark_green,199.9894253945065,10.225770022042866,systemic_ambiguous,False
104,38,421,580,dark_green,199.9894253945065,10.225770022042866,systemic_ambiguous,False
105,38,422,580,dark_green,199.9894253945065,10.225770022042866,systemic_ambiguous,False
106,38,423,580,dark_green,199.9894253945065,10.225770022042866,systemic_ambiguous,False
107,38,424,580,dark_green,199.9894253945065,10.225770022042866,systemic_ambiguous,False
19,39,336,581,purple,150.00528898008042,10.225770022042866,approaching,False
20,39,337,581,purple,150.00528898008042,10.225770022042866,approaching,False
21,39,338,581,purple,150.00528898008042,10.225770022042866,approaching,False
22,39,339,581,purple,150.00528898008042,10.225770022042866,approaching,False
23,39,340,581,purple,150.00528898008042,10.225770022042866,approaching,False
31,39,348,581,purple,150.00528898008042,10.225770022042866,approaching,False
32,39,349,581,purple,150.00528898008042,10.225770022042866,approaching,False
33,39,350,581,purple,150.00528898008042,10.225770022042866,approaching,False
34,39,351,581,purple,150.00528898008042,10.225770022042866,approaching,False
35,39,352,581,purple,150.00528898008042,10.225770022042866,approaching,False
36,39,353,581,purple,150.00528898008042,10.225770022042866,approaching,False
37,39,354,581,purple,150.00528898008042,10.225770022042866,approaching,False
38,39,355,581,purple,150.00528898008042,10.225770022042866,approaching,False
39,39,356,581,purple,150.00528898008042,10.225770022042866,approaching,False
40,39,357,581,purple,150.00528898008042,10.225770022042866,approaching,False
41,39,358,581,purple,150.00528898008042,10.225770022042866,approaching,False
42,39,359,581,purple,150.00528898008042,10.225770022042866,approaching,False
43,39,360,581,purple,150.00528898008042,10.225770022042866,approaching,False
44,39,361,581,purple,150.00528898008042,10.225770022042866,approaching,False
45,39,362,581,purple,150.00528898008042,10.225770022042866,approaching,False
46,39,363,581,purple,150.00528898008042,10.225770022042866,approaching,False
47,39,364,581,purple,150.00528898008042,10.225770022042866,approaching,False
48,39,365,581,purple,150.00528898008042,10.225770022042866,approaching,False
49,39,366,581,purple,150.00528898008042,10.225770022042866,approaching,False
51,39,368,581,blue,166.66348022436136,10.225770022042866,approaching,False
52,39,369,581,blue,166.66348022436136,10.225770022042866,approaching,False
53,39,370,581,blue,166.66348022436136,10.225770022042866,approaching,False
54,39,371,581,blue,166.66348022436136,10.225770022042866,approaching,False
55,39,372,581,blue,166.66348022436136,10.225770022042866,approaching,False
56,39,373,581,blue,166.66348022436136,10.225770022042866,approaching,False
57,39,374,581,blue,166.66348022436136,10.225770022042866,approaching,False
58,39,375,581,blue,166.66348022436136,10.225770022042866,approaching,False
59,39,376,581,blue,166.66348022436136,10.225770022042866,approaching,False
60,39,377,581,blue,166.66348022436136,10.225770022042866,approaching,False
61,39,378,581,blue,166.66348022436136,10.225770022042866,approaching,False
67,39,384,581,blue,166.66348022436136,10.225770022042866,approaching,False
68,39,385,581,blue,166.66348022436136,10.225770022042866,approaching,False
69,39,386,581,blue,166.66348022436136,10.225770022042866,approaching,False
70,39,387,581,blue,166.66348022436136,10.225770022042866,approaching,False
71,39,388,581,blue,166.66348022436136,10.225770022042866,approaching,False
72,39,389,581,blue,166.66348022436136,10.225770022042866,approaching,False
73,39,390,581,blue,166.66348022436136,10.225770022042866,approaching,False
74,39,391,581,blue,166.66348022436136,10.225770022042866,approaching,False
75,39,392,581,blue,166.66348022436136,10.225770022042866,approaching,False
76,39,393,581,blue,166.66348022436136,10.225770022042866,approaching,False
77,39,394,581,blue,166.66348022436136,10.225770022042866,approaching,False
81,39,398,581,light_blue,183.31851531264942,10.225770022042866,approaching,False
82,39,399,581,light_blue,183.31851531264942,10.225770022042866,approaching,False
87,39,404,581,light_blue,183.31851531264942,10.225770022042866,approaching,False
88,39,405,581,light_blue,183.31851531264942,10.225770022042866,approaching,False
89,39,406,581,light_blue,183.31851531264942,10.225770022042866,approaching,False
90,39,407,581,light_blue,183.31851531264942,10.225770022042866,approaching,False
91,39,408,581,light_blue,183.31851531264942,10.225770022042866,approaching,False
92,39,409,581,light_blue,183.31851531264942,10.225770022042866,approaching,False
93,39,410,581,light_blue,183.31851531264942,10.225770022042866,approaching,False
94,39,411,581,light_blue,183.31851531264942,10.225770022042866,approaching,False
95,39,412,581,light_blue,183.31851531264942,10.225770022042866,approaching,False
97,39,414,581,dark_green,199.9894253945065,10.225770022042866,systemic_ambiguous,False
98,39,415,581,dark_green,199.9894253945065,10.225770022042866,systemic_ambiguous,False
99,39,416,581,dark_green,199.9894253945065,10.225770022042866,systemic_ambiguous,False
100,39,417,581,dark_green,199.9894253945065,10.225770022042866,systemic_ambiguous,False
101,39,418,581,dark_green,199.9894253945065,10.225770022042866,systemic_ambiguous,False
102,39,419,581,dark_green,199.9894253945065,10.225770022042866,systemic_ambiguous,False
103,39,420,581,dark_green,199.9894253945065,10.225770022042866,systemic_ambiguous,False
104,39,421,581,dark_green,199.9894253945065,10.225770022042866,systemic_ambiguous,False
105,39,422,581,dark_green,199.9894253945065,10.225770022042866,systemic_ambiguous,False
8,40,325,582,purple,150.00528898008042,10.225770022042866,approaching,False
13,40,330,582,purple,150.00528898008042,10.225770022042866,approaching,False
14,40,331,582,purple,150.00528898008042,10.225770022042866,approaching,False
15,40,332,582,purple,150.00528898008042,10.225770022042866,approaching,False
16,40,333,582,purple,150.00528898008042,10.225770022042866,approaching,False
19,40,336,582,purple,150.00528898008042,10.225770022042866,approaching,False
20,40,337,582,purple,150.00528898008042,10.225770022042866,approaching,False
21,40,338,582,purple,150.00528898008042,10.225770022042866,approaching,False
22,40,339,582,purple,150.00528898008042,10.225770022042866,approaching,False
23,40,340,582,purple,150.00528898008042,10.225770022042866,approaching,False
24,40,341,582,purple,150.00528898008042,10.225770022042866,approaching,False
25,40,342,582,purple,150.00528898008042,10.225770022042866,approaching,False
26,40,343,582,purple,150.00528898008042,10.225770022042866,approaching,False
27,40,344,582,purple,150.00528898008042,10.225770022042866,approaching,False
28,40,345,582,purple,150.00528898008042,10.225770022042866,approaching,False
29,40,346,582,purple,150.00528898008042,10.225770022042866,approaching,False
30,40,347,582,purple,150.00528898008042,10.225770022042866,approaching,False
31,40,348,582,purple,150.00528898008042,10.225770022042866,approaching,False
32,40,349,582,purple,150.00528898008042,10.225770022042866,approaching,False
33,40,350,582,purple,150.00528898008042,10.225770022042866,approaching,False
34,40,351,582,purple,150.00528898008042,10.225770022042866,approaching,False
35,40,352,582,purple,150.00528898008042,10.225770022042866,approaching,False
36,40,353,582,purple,150.00528898008042,10.225770022042866,approaching,False
37,40,354,582,purple,150.00528898008042,10.225770022042866,approaching,False
38,40,355,582,purple,150.00528898008042,10.225770022042866,approaching,False
39,40,356,582,purple,150.00528898008042,10.225770022042866,approaching,False
40,40,357,582,purple,150.00528898008042,10.225770022042866,approaching,False
41,40,358,582,purple,150.00528898008042,10.225770022042866,approaching,False
42,40,359,582,purple,150.00528898008042,10.225770022042866,approaching,False
43,40,360,582,purple,150.00528898008042,10.225770022042866,approaching,False
44,40,361,582,purple,150.00528898008042,10.225770022042866,approaching,False
45,40,362,582,purple,150.00528898008042,10.225770022042866,approaching,False
46,40,363,582,purple,150.00528898008042,10.225770022042866,approaching,False
47,40,364,582,purple,150.00528898008042,10.225770022042866,approaching,False
48,40,365,582,purple,150.00528898008042,10.225770022042866,approaching,False
49,40,366,582,purple,150.00528898008042,10.225770022042866,approaching,False
51,40,368,582,blue,166.66348022436136,10.225770022042866,approaching,False
52,40,369,582,blue,166.66348022436136,10.225770022042866,approaching,False
53,40,370,582,blue,166.66348022436136,10.225770022042866,approaching,False
54,40,371,582,blue,166.66348022436136,10.225770022042866,approaching,False
55,40,372,582,blue,166.66348022436136,10.225770022042866,approaching,False
56,40,373,582,blue,166.66348022436136,10.225770022042866,approaching,False
57,40,374,582,blue,166.66348022436136,10.225770022042866,approaching,False
58,40,375,582,blue,166.66348022436136,10.225770022042866,approaching,False
59,40,376,582,blue,166.66348022436136,10.225770022042866,approaching,False
60,40,377,582,blue,166.66348022436136,10.225770022042866,approaching,False
61,40,378,582,blue,166.66348022436136,10.225770022042866,approaching,False
62,40,379,582,blue,166.66348022436136,10.225770022042866,approaching,False
63,40,380,582,blue,166.66348022436136,10.225770022042866,approaching,False
64,40,381,582,blue,166.66348022436136,10.225770022042866,approaching,False
65,40,382,582,blue,166.66348022436136,10.225770022042866,approaching,False
66,40,383,582,blue,166.66348022436136,10.225770022042866,approaching,False
67,40,384,582,blue,166.66348022436136,10.225770022042866,approaching,False
68,40,385,582,blue,166.66348022436136,10.225770022042866,approaching,False
69,40,386,582,blue,166.66348022436136,10.225770022042866,approaching,False
70,40,387,582,blue,166.66348022436136,10.225770022042866,approaching,False
71,40,388,582,blue,166.66348022436136,10.225770022042866,approaching,False
72,40,389,582,blue,166.66348022436136,10.225770022042866,approaching,False
73,40,390,582,blue,166.66348022436136,10.225770022042866,approaching,False
74,40,391,582,blue,166.66348022436136,10.225770022042866,approaching,False
75,40,392,582,blue,166.66348022436136,10.225770022042866,approaching,False
76,40,393,582,blue,166.66348022436136,10.225770022042866,approaching,False
77,40,394,582,blue,166.66348022436136,10.225770022042866,approaching,False
78,40,395,582,blue,166.66348022436136,10.225770022042866,approaching,False
79,40,396,582,blue,166.66348022436136,10.225770022042866,approaching,False
81,40,398,582,light_blue,183.31851531264942,10.225770022042866,approaching,False
82,40,399,582,light_blue,183.31851531264942,10.225770022042866,approaching,False
84,40,401,582,blue,166.66348022436136,10.225770022042866,approaching,False
85,40,402,582,blue,166.66348022436136,10.225770022042866,approaching,False
87,40,404,582,light_blue,183.31851531264942,10.225770022042866,approaching,False
88,40,405,582,light_blue,183.31851531264942,10.225770022042866,approaching,False
89,40,406,582,light_blue,183.31851531264942,10.225770022042866,approaching,False
90,40,407,582,light_blue,183.31851531264942,10.225770022042866,approaching,False
91,40,408,582,light_blue,183.31851531264942,10.225770022042866,approaching,False
92,40,409,582,light_blue,183.31851531264942,10.225770022042866,approaching,False
93,40,410,582,light_blue,183.31851531264942,10.225770022042866,approaching,False
94,40,411,582,light_blue,183.31851531264942,10.225770022042866,approaching,False
95,40,412,582,light_blue,183.31851531264942,10.225770022042866,approaching,False
97,40,414,582,dark_green,199.9894253945065,10.225770022042866,systemic_ambiguous,False
98,40,415,582,dark_green,199.9894253945065,10.225770022042866,systemic_ambiguous,False
99,40,416,582,dark_green,199.9894253945065,10.225770022042866,systemic_ambiguous,False
100,40,417,582,dark_green,199.9894253945065,10.225770022042866,systemic_ambiguous,False
101,40,418,582,dark_green,199.9894253945065,10.225770022042866,systemic_ambiguous,False
102,40,419,582,dark_green,199.9894253945065,10.225770022042866,systemic_ambiguous,False
103,40,420,582,dark_green,199.9894253945065,10.225770022042866,systemic_ambiguous,False
104,40,421,582,dark_green,199.9894253945065,10.225770022042866,systemic_ambiguous,False
105,40,422,582,dark_green,199.9894253945065,10.225770022042866,systemic_ambiguous,False
107,40,424,582,light_blue,183.31851531264942,10.225770022042866,approaching,False
108,40,425,582,light_blue,183.31851531264942,10.225770022042866,approaching,False
109,40,426,582,light_blue,183.31851531264942,10.225770022042866,approaching,False
8,41,325,583,purple,150.00528898008042,10.225770022042866,approaching,False
9,41,326,583,purple,150.00528898008042,10.225770022042866,approaching,False
10,41,327,583,purple,150.00528898008042,10.225770022042866,approaching,False
11,41,328,583,purple,150.00528898008042,10.225770022042866,approaching,False
12,41,329,583,purple,150.00528898008042,10.225770022042866,approaching,False
13,41,330,583,purple,150.00528898008042,10.225770022042866,approaching,False
14,41,331,583,purple,150.00528898008042,10.225770022042866,approaching,False
15,41,332,583,purple,150.00528898008042,10.225770022042866,approaching,False
16,41,333,583,purple,150.00528898008042,10.225770022042866,approaching,False
17,41,334,583,purple,150.00528898008042,10.225770022042866,approaching,False
18,41,335,583,purple,150.00528898008042,10.225770022042866,approaching,False
19,41,336,583,purple,150.00528898008042,10.225770022042866,approaching,False
20,41,337,583,purple,150.00528898008042,10.225770022042866,approaching,False
21,41,338,583,purple,150.00528898008042,10.225770022042866,approaching,False
22,41,339,583,purple,150.00528898008042,10.225770022042866,approaching,False
23,41,340,583,purple,150.00528898008042,10.225770022042866,approaching,False
24,41,341,583,purple,150.00528898008042,10.225770022042866,approaching,False
25,41,342,583,purple,150.00528898008042,10.225770022042866,approaching,False
26,41,343,583,purple,150.00528898008042,10.225770022042866,approaching,False
27,41,344,583,purple,150.00528898008042,10.225770022042866,approaching,False
28,41,345,583,purple,150.00528898008042,10.225770022042866,approaching,False
29,41,346,583,purple,150.00528898008042,10.225770022042866,approaching,False
30,41,347,583,purple,150.00528898008042,10.225770022042866,approaching,False
31,41,348,583,purple,150.00528898008042,10.225770022042866,approaching,False
32,41,349,583,purple,150.00528898008042,10.225770022042866,approaching,False
33,41,350,583,purple,150.00528898008042,10.225770022042866,approaching,False
34,41,351,583,purple,150.00528898008042,10.225770022042866,approaching,False
35,41,352,583,purple,150.00528898008042,10.225770022042866,approaching,False
36,41,353,583,purple,150.00528898008042,10.225770022042866,approaching,False
37,41,354,583,purple,150.00528898008042,10.225770022042866,approaching,False
38,41,355,583,purple,150.00528898008042,10.225770022042866,approaching,False
39,41,356,583,purple,150.00528898008042,10.225770022042866,approaching,False
40,41,357,583,purple,150.00528898008042,10.225770022042866,approaching,False
41,41,358,583,purple,150.00528898008042,10.225770022042866,approaching,False
42,41,359,583,purple,150.00528898008042,10.225770022042866,approaching,False
43,41,360,583,purple,150.00528898008042,10.225770022042866,approaching,False
44,41,361,583,purple,150.00528898008042,10.225770022042866,approaching,False
45,41,362,583,purple,150.00528898008042,10.225770022042866,approaching,False
46,41,363,583,purple,150.00528898008042,10.225770022042866,approaching,False
47,41,364,583,purple,150.00528898008042,10.225770022042866,approaching,False
48,41,365,583,purple,150.00528898008042,10.225770022042866,approaching,False
49,41,366,583,blue,166.66348022436136,10.225770022042866,approaching,False
50,41,367,583,blue,166.66348022436136,10.225770022042866,approaching,False
51,41,368,583,blue,166.66348022436136,10.225770022042866,approaching,False
52,41,369,583,blue,166.66348022436136,10.225770022042866,approaching,False
53,41,370,583,blue,166.66348022436136,10.225770022042866,approaching,False
54,41,371,583,blue,166.66348022436136,10.225770022042866,approaching,False
55,41,372,583,blue,166.66348022436136,10.225770022042866,approaching,False
56,41,373,583,blue,166.66348022436136,10.225770022042866,approaching,False
57,41,374,583,purple,150.00528898008042,10.225770022042866,approaching,False
59,41,376,583,blue,166.66348022436136,10.225770022042866,approaching,False
60,41,377,583,blue,166.66348022436136,10.225770022042866,approaching,False
61,41,378,583,blue,166.66348022436136,10.225770022042866,approaching,False
62,41,379,583,blue,166.66348022436136,10.225770022042866,approaching,False
63,41,380,583,blue,166.66348022436136,10.225770022042866,approaching,False
64,41,381,583,blue,166.66348022436136,10.225770022042866,approaching,False
65,41,382,583,blue,166.66348022436136,10.225770022042866,approaching,False
66,41,383,583,blue,166.66348022436136,10.225770022042866,approaching,False
67,41,384,583,blue,166.66348022436136,10.225770022042866,approaching,False
68,41,385,583,blue,166.66348022436136,10.225770022042866,approaching,False
69,41,386,583,blue,166.66348022436136,10.225770022042866,approaching,False
70,41,387,583,blue,166.66348022436136,10.225770022042866,approaching,False
71,41,388,583,blue,166.66348022436136,10.225770022042866,approaching,False
72,41,389,583,blue,166.66348022436136,10.225770022042866,approaching,False
73,41,390,583,blue,166.66348022436136,10.225770022042866,approaching,False
74,41,391,583,blue,166.66348022436136,10.225770022042866,approaching,False
75,41,392,583,blue,166.66348022436136,10.225770022042866,approaching,False
76,41,393,583,blue,166.66348022436136,10.225770022042866,approaching,False
77,41,394,583,blue,166.66348022436136,10.225770022042866,approaching,False
78,41,395,583,blue,166.66348022436136,10.225770022042866,approaching,False
79,41,396,583,blue,166.66348022436136,10.225770022042866,approaching,False
80,41,397,583,blue,166.66348022436136,10.225770022042866,approaching,False
81,41,398,583,blue,166.66348022436136,10.225770022042866,approaching,False
82,41,399,583,blue,166.66348022436136,10.225770022042866,approaching,False
83,41,400,583,blue,166.66348022436136,10.225770022042866,approaching,False
84,41,401,583,blue,166.66348022436136,10.225770022042866,approaching,False
85,41,402,583,blue,166.66348022436136,10.225770022042866,approaching,False
86,41,403,583,blue,166.66348022436136,10.225770022042866,approaching,False
87,41,404,583,blue,166.66348022436136,10.225770022042866,approaching,False
88,41,405,583,blue,166.66348022436136,10.225770022042866,approaching,False
89,41,406,583,blue,166.66348022436136,10.225770022042866,approaching,False
90,41,407,583,light_blue,183.31851531264942,10.225770022042866,approaching,False
91,41,408,583,light_blue,183.31851531264942,10.225770022042866,approaching,False
92,41,409,583,light_blue,183.31851531264942,10.225770022042866,approaching,False
93,41,410,583,light_blue,183.31851531264942,10.225770022042866,approaching,False
94,41,411,583,light_blue,183.31851531264942,10.225770022042866,approaching,False
95,41,412,583,light_blue,183.31851531264942,10.225770022042866,approaching,False
96,41,413,583,light_blue,183.31851531264942,10.225770022042866,approaching,False
97,41,414,583,light_blue,183.31851531264942,10.225770022042866,approaching,False
99,41,416,583,dark_green,199.9894253945065,10.225770022042866,systemic_ambiguous,False
100,41,417,583,dark_green,199.9894253945065,10.225770022042866,systemic_ambiguous,False
101,41,418,583,dark_green,199.9894253945065,10.225770022042866,systemic_ambiguous,False
102,41,419,583,dark_green,199.9894253945065,10.225770022042866,systemic_ambiguous,False
104,41,421,583,light_blue,183.31851531264942,10.225770022042866,approaching,False
105,41,422,583,light_blue,183.31851531264942,10.225770022042866,approaching,False
106,41,423,583,light_blue,183.31851531264942,10.225770022042866,approaching,False
107,41,424,583,light_blue,183.31851531264942,10.225770022042866,approaching,False
108,41,425,583,light_blue,183.31851531264942,10.225770022042866,approaching,False
109,41,426,583,light_blue,183.31851531264942,10.225770022042866,approaching,False
11,42,328,584,purple,150.00528898008042,10.225770022042866,approaching,False
12,42,329,584,purple,150.00528898008042,10.225770022042866,approaching,False
13,42,330,584,purple,150.00528898008042,10.225770022042866,approaching,False
14,42,331,584,purple,150.00528898008042,10.225770022042866,approaching,False
15,42,332,584,purple,150.00528898008042,10.225770022042866,approaching,False
16,42,333,584,purple,150.00528898008042,10.225770022042866,approaching,False
17,42,334,584,purple,150.00528898008042,10.225770022042866,approaching,False
18,42,335,584,purple,150.00528898008042,10.225770022042866,approaching,False
19,42,336,584,purple,150.00528898008042,10.225770022042866,approaching,False
20,42,337,584,purple,150.00528898008042,10.225770022042866,approaching,False
21,42,338,584,purple,150.00528898008042,10.225770022042866,approaching,False
22,42,339,584,purple,150.00528898008042,10.225770022042866,approaching,False
23,42,340,584,purple,150.00528898008042,10.225770022042866,approaching,False
24,42,341,584,purple,150.00528898008042,10.225770022042866,approaching,False
25,42,342,584,purple,150.00528898008042,10.225770022042866,approaching,False
26,42,343,584,purple,150.00528898008042,10.225770022042866,approaching,False
27,42,344,584,purple,150.00528898008042,10.225770022042866,approaching,False
28,42,345,584,purple,150.00528898008042,10.225770022042866,approaching,False
29,42,346,584,purple,150.00528898008042,10.225770022042866,approaching,False
30,42,347,584,purple,150.00528898008042,10.225770022042866,approaching,False
31,42,348,584,purple,150.00528898008042,10.225770022042866,approaching,False
32,42,349,584,purple,150.00528898008042,10.225770022042866,approaching,False
33,42,350,584,purple,150.00528898008042,10.225770022042866,approaching,False
34,42,351,584,purple,150.00528898008042,10.225770022042866,approaching,False
35,42,352,584,purple,150.00528898008042,10.225770022042866,approaching,False
36,42,353,584,purple,150.00528898008042,10.225770022042866,approaching,False
37,42,354,584,purple,150.00528898008042,10.225770022042866,approaching,False
38,42,355,584,purple,150.00528898008042,10.225770022042866,approaching,False
41,42,358,584,purple,150.00528898008042,10.225770022042866,approaching,False
42,42,359,584,purple,150.00528898008042,10.225770022042866,approaching,False
43,42,360,584,purple,150.00528898008042,10.225770022042866,approaching,False
44,42,361,584,purple,150.00528898008042,10.225770022042866,approaching,False
45,42,362,584,purple,150.00528898008042,10.225770022042866,approaching,False
46,42,363,584,purple,150.00528898008042,10.225770022042866,approaching,False
49,42,366,584,blue,166.66348022436136,10.225770022042866,approaching,False
50,42,367,584,blue,166.66348022436136,10.225770022042866,approaching,False
51,42,368,584,blue,166.66348022436136,10.225770022042866,approaching,False
52,42,369,584,blue,166.66348022436136,10.225770022042866,approaching,False
53,42,370,584,blue,166.66348022436136,10.225770022042866,approaching,False
57,42,374,584,purple,150.00528898008042,10.225770022042866,approaching,False
59,42,376,584,blue,166.66348022436136,10.225770022042866,approaching,False
60,42,377,584,blue,166.66348022436136,10.225770022042866,approaching,False
61,42,378,584,blue,166.66348022436136,10.225770022042866,approaching,False
62,42,379,584,blue,166.66348022436136,10.225770022042866,approaching,False
63,42,380,584,blue,166.66348022436136,10.225770022042866,approaching,False
64,42,381,584,blue,166.66348022436136,10.225770022042866,approaching,False
65,42,382,584,blue,166.66348022436136,10.225770022042866,approaching,False
66,42,383,584,blue,166.66348022436136,10.225770022042866,approaching,False
67,42,384,584,blue,166.66348022436136,10.225770022042866,approaching,False
68,42,385,584,blue,166.66348022436136,10.225770022042866,approaching,False
69,42,386,584,blue,166.66348022436136,10.225770022042866,approaching,False
70,42,387,584,blue,166.66348022436136,10.225770022042866,approaching,False
71,42,388,584,blue,166.66348022436136,10.225770022042866,approaching,False
72,42,389,584,blue,166.66348022436136,10.225770022042866,approaching,False
73,42,390,584,blue,166.66348022436136,10.225770022042866,approaching,False
74,42,391,584,blue,166.66348022436136,10.225770022042866,approaching,False
75,42,392,584,blue,166.66348022436136,10.225770022042866,approaching,False
76,42,393,584,blue,166.66348022436136,10.225770022042866,approaching,False
77,42,394,584,blue,166.66348022436136,10.225770022042866,approaching,False
78,42,395,584,blue,166.66348022436136,10.225770022042866,approaching,False
79,42,396,584,blue,166.66348022436136,10.225770022042866,approaching,False
80,42,397,584,blue,166.66348022436136,10.225770022042866,approaching,False
81,42,398,584,blue,166.66348022436136,10.225770022042866,approaching,False
82,42,399,584,blue,166.66348022436136,10.225770022042866,approaching,False
83,42,400,584,blue,166.66348022436136,10.225770022042866,approaching,False
84,42,401,584,blue,166.66348022436136,10.225770022042866,approaching,False
85,42,402,584,blue,166.66348022436136,10.225770022042866,approaching,False
86,42,403,584,blue,166.66348022436136,10.225770022042866,approaching,False
87,42,404,584,blue,166.66348022436136,10.225770022042866,approaching,False
88,42,405,584,blue,166.66348022436136,10.225770022042866,approaching,False
89,42,406,584,blue,166.66348022436136,10.225770022042866,approaching,False
90,42,407,584,light_blue,183.31851531264942,10.225770022042866,approaching,False
91,42,408,584,light_blue,183.31851531264942,10.225770022042866,approaching,False
92,42,409,584,light_blue,183.31851531264942,10.225770022042866,approaching,False
93,42,410,584,light_blue,183.31851531264942,10.225770022042866,approaching,False
94,42,411,584,light_blue,183.31851531264942,10.225770022042866,approaching,False
95,42,412,584,light_blue,183.31851531264942,10.225770022042866,approaching,False
96,42,413,584,light_blue,183.31851531264942,10.225770022042866,approaching,False
97,42,414,584,light_blue,183.31851531264942,10.225770022042866,approaching,False
104,42,421,584,light_blue,183.31851531264942,10.225770022042866,approaching,False
11,43,328,585,purple,150.00528898008042,10.225770022042866,approaching,False
12,43,329,585,purple,150.00528898008042,10.225770022042866,approaching,False
13,43,330,585,purple,150.00528898008042,10.225770022042866,approaching,False
14,43,331,585,purple,150.00528898008042,10.225770022042866,approaching,False
15,43,332,585,purple,150.00528898008042,10.225770022042866,approaching,False
16,43,333,585,purple,150.00528898008042,10.225770022042866,approaching,False
17,43,334,585,purple,150.00528898008042,10.225770022042866,approaching,False
18,43,335,585,purple,150.00528898008042,10.225770022042866,approaching,False
19,43,336,585,purple,150.00528898008042,10.225770022042866,approaching,False
20,43,337,585,purple,150.00528898008042,10.225770022042866,approaching,False
21,43,338,585,purple,150.00528898008042,10.225770022042866,approaching,False
22,43,339,585,purple,150.00528898008042,10.225770022042866,approaching,False
23,43,340,585,purple,150.00528898008042,10.225770022042866,approaching,False
24,43,341,585,purple,150.00528898008042,10.225770022042866,approaching,False
25,43,342,585,purple,150.00528898008042,10.225770022042866,approaching,False
26,43,343,585,purple,150.00528898008042,10.225770022042866,approaching,False
27,43,344,585,purple,150.00528898008042,10.225770022042866,approaching,False
28,43,345,585,purple,150.00528898008042,10.225770022042866,approaching,False
29,43,346,585,purple,150.00528898008042,10.225770022042866,approaching,False
30,43,347,585,purple,150.00528898008042,10.225770022042866,approaching,False
31,43,348,585,purple,150.00528898008042,10.225770022042866,approaching,False
32,43,349,585,purple,150.00528898008042,10.225770022042866,approaching,False
33,43,350,585,purple,150.00528898008042,10.225770022042866,approaching,False
34,43,351,585,purple,150.00528898008042,10.225770022042866,approaching,False
35,43,352,585,purple,150.00528898008042,10.225770022042866,approaching,False
36,43,353,585,purple,150.00528898008042,10.225770022042866,approaching,False
37,43,354,585,purple,150.00528898008042,10.225770022042866,approaching,False
38,43,355,585,purple,150.00528898008042,10.225770022042866,approaching,False
41,43,358,585,purple,150.00528898008042,10.225770022042866,approaching,False
42,43,359,585,purple,150.00528898008042,10.225770022042866,approaching,False
43,43,360,585,purple,150.00528898008042,10.225770022042866,approaching,False
44,43,361,585,purple,150.00528898008042,10.225770022042866,approaching,False
45,43,362,585,purple,150.00528898008042,10.225770022042866,approaching,False
46,43,363,585,purple,150.00528898008042,10.225770022042866,approaching,False
48,43,365,585,blue,166.66348022436136,10.225770022042866,approaching,False
49,43,366,585,blue,166.66348022436136,10.225770022042866,approaching,False
50,43,367,585,blue,166.66348022436136,10.225770022042866,approaching,False
51,43,368,585,blue,166.66348022436136,10.225770022042866,approaching,False
52,43,369,585,blue,166.66348022436136,10.225770022042866,approaching,False
53,43,370,585,blue,166.66348022436136,10.225770022042866,approaching,False
54,43,371,585,purple,150.00528898008042,10.225770022042866,approaching,False
55,43,372,585,purple,150.00528898008042,10.225770022042866,approaching,False
56,43,373,585,purple,150.00528898008042,10.225770022042866,approaching,False
57,43,374,585,purple,150.00528898008042,10.225770022042866,approaching,False
59,43,376,585,blue,166.66348022436136,10.225770022042866,approaching,False
60,43,377,585,blue,166.66348022436136,10.225770022042866,approaching,False
61,43,378,585,blue,166.66348022436136,10.225770022042866,approaching,False
62,43,379,585,blue,166.66348022436136,10.225770022042866,approaching,False
63,43,380,585,blue,166.66348022436136,10.225770022042866,approaching,False
64,43,381,585,blue,166.66348022436136,10.225770022042866,approaching,False
65,43,382,585,blue,166.66348022436136,10.225770022042866,approaching,False
66,43,383,585,blue,166.66348022436136,10.225770022042866,approaching,False
67,43,384,585,blue,166.66348022436136,10.225770022042866,approaching,False
68,43,385,585,blue,166.66348022436136,10.225770022042866,approaching,False
69,43,386,585,blue,166.66348022436136,10.225770022042866,approaching,False
70,43,387,585,blue,166.66348022436136,10.225770022042866,approaching,False
71,43,388,585,blue,166.66348022436136,10.225770022042866,approaching,False
72,43,389,585,blue,166.66348022436136,10.225770022042866,approaching,False
73,43,390,585,blue,166.66348022436136,10.225770022042866,approaching,False
74,43,391,585,blue,166.66348022436136,10.225770022042866,approaching,False
75,43,392,585,blue,166.66348022436136,10.225770022042866,approaching,False
76,43,393,585,blue,166.66348022436136,10.225770022042866,approaching,False
77,43,394,585,blue,166.66348022436136,10.225770022042866,approaching,False
78,43,395,585,blue,166.66348022436136,10.225770022042866,approaching,False
79,43,396,585,blue,166.66348022436136,10.225770022042866,approaching,False
80,43,397,585,blue,166.66348022436136,10.225770022042866,approaching,False
81,43,398,585,blue,166.66348022436136,10.225770022042866,approaching,False
82,43,399,585,blue,166.66348022436136,10.225770022042866,approaching,False
83,43,400,585,blue,166.66348022436136,10.225770022042866,approaching,False
84,43,401,585,blue,166.66348022436136,10.225770022042866,approaching,False
85,43,402,585,blue,166.66348022436136,10.225770022042866,approaching,False
86,43,403,585,blue,166.66348022436136,10.225770022042866,approaching,False
87,43,404,585,blue,166.66348022436136,10.225770022042866,approaching,False
88,43,405,585,blue,166.66348022436136,10.225770022042866,approaching,False
89,43,406,585,blue,166.66348022436136,10.225770022042866,approaching,False
90,43,407,585,light_blue,183.31851531264942,10.225770022042866,approaching,False
91,43,408,585,light_blue,183.31851531264942,10.225770022042866,approaching,False
92,43,409,585,light_blue,183.31851531264942,10.225770022042866,approaching,False
93,43,410,585,light_blue,183.31851531264942,10.225770022042866,approaching,False
94,43,411,585,light_blue,183.31851531264942,10.225770022042866,approaching,False
95,43,412,585,light_blue,183.31851531264942,10.225770022042866,approaching,False
96,43,413,585,light_blue,183.31851531264942,10.225770022042866,approaching,False
97,43,414,585,light_blue,183.31851531264942,10.225770022042866,approaching,False
98,43,415,585,light_blue,183.31851531264942,10.225770022042866,approaching,False
99,43,416,585,light_blue,183.31851531264942,10.225770022042866,approaching,False
100,43,417,585,light_blue,183.31851531264942,10.225770022042866,approaching,False
101,43,418,585,light_blue,183.31851531264942,10.225770022042866,approaching,False
102,43,419,585,light_blue,183.31851531264942,10.225770022042866,approaching,False
103,43,420,585,light_blue,183.31851531264942,10.225770022042866,approaching,False
104,43,421,585,light_blue,183.31851531264942,10.225770022042866,approaching,False
105,43,422,585,dark_green,199.9894253945065,10.225770022042866,systemic_ambiguous,False
106,43,423,585,dark_green,199.9894253945065,10.225770022042866,systemic_ambiguous,False
107,43,424,585,dark_green,199.9894253945065,10.225770022042866,systemic_ambiguous,False
108,43,425,585,dark_green,199.9894253945065,10.225770022042866,systemic_ambiguous,False
109,43,426,585,dark_green,199.9894253945065,10.225770022042866,systemic_ambiguous,False
11,44,328,586,purple,150.00528898008042,10.225770022042866,approaching,False
12,44,329,586,purple,150.00528898008042,10.225770022042866,approaching,False
13,44,330,586,purple,150.00528898008042,10.225770022042866,approaching,False
14,44,331,586,purple,150.00528898008042,10.225770022042866,approaching,False
15,44,332,586,purple,150.00528898008042,10.225770022042866,approaching,False
16,44,333,586,purple,150.00528898008042,10.225770022042866,approaching,False
17,44,334,586,purple,150.00528898008042,10.225770022042866,approaching,False
18,44,335,586,purple,150.00528898008042,10.225770022042866,approaching,False
19,44,336,586,purple,150.00528898008042,10.225770022042866,approaching,False
20,44,337,586,purple,150.00528898008042,10.225770022042866,approaching,False
21,44,338,586,purple,150.00528898008042,10.225770022042866,approaching,False
22,44,339,586,purple,150.00528898008042,10.225770022042866,approaching,False
23,44,340,586,purple,150.00528898008042,10.225770022042866,approaching,False
24,44,341,586,purple,150.00528898008042,10.225770022042866,approaching,False
25,44,342,586,purple,150.00528898008042,10.225770022042866,approaching,False
26,44,343,586,purple,150.00528898008042,10.225770022042866,approaching,False
27,44,344,586,purple,150.00528898008042,10.225770022042866,approaching,False
28,44,345,586,purple,150.00528898008042,10.225770022042866,approaching,False
29,44,346,586,purple,150.00528898008042,10.225770022042866,approaching,False
30,44,347,586,purple,150.00528898008042,10.225770022042866,approaching,False
31,44,348,586,purple,150.00528898008042,10.225770022042866,approaching,False
32,44,349,586,purple,150.00528898008042,10.225770022042866,approaching,False
33,44,350,586,purple,150.00528898008042,10.225770022042866,approaching,False
34,44,351,586,purple,150.00528898008042,10.225770022042866,approaching,False
35,44,352,586,purple,150.00528898008042,10.225770022042866,approaching,False
36,44,353,586,purple,150.00528898008042,10.225770022042866,approaching,False
37,44,354,586,purple,150.00528898008042,10.225770022042866,approaching,False
38,44,355,586,purple,150.00528898008042,10.225770022042866,approaching,False
43,44,360,586,purple,150.00528898008042,10.225770022042866,approaching,False
44,44,361,586,purple,150.00528898008042,10.225770022042866,approaching,False
54,44,371,586,purple,150.00528898008042,10.225770022042866,approaching,False
55,44,372,586,purple,150.00528898008042,10.225770022042866,approaching,False
56,44,373,586,purple,150.00528898008042,10.225770022042866,approaching,False
57,44,374,586,purple,150.00528898008042,10.225770022042866,approaching,False
59,44,376,586,blue,166.66348022436136,10.225770022042866,approaching,False
60,44,377,586,blue,166.66348022436136,10.225770022042866,approaching,False
61,44,378,586,blue,166.66348022436136,10.225770022042866,approaching,False
62,44,379,586,blue,166.66348022436136,10.225770022042866,approaching,False
63,44,380,586,blue,166.66348022436136,10.225770022042866,approaching,False
64,44,381,586,blue,166.66348022436136,10.225770022042866,approaching,False
65,44,382,586,blue,166.66348022436136,10.225770022042866,approaching,False
66,44,383,586,blue,166.66348022436136,10.225770022042866,approaching,False
67,44,384,586,blue,166.66348022436136,10.225770022042866,approaching,False
68,44,385,586,blue,166.66348022436136,10.225770022042866,approaching,False
69,44,386,586,blue,166.66348022436136,10.225770022042866,approaching,False
70,44,387,586,blue,166.66348022436136,10.225770022042866,approaching,False
71,44,388,586,blue,166.66348022436136,10.225770022042866,approaching,False
72,44,389,586,blue,166.66348022436136,10.225770022042866,approaching,False
73,44,390,586,blue,166.66348022436136,10.225770022042866,approaching,False
74,44,391,586,blue,166.66348022436136,10.225770022042866,approaching,False
75,44,392,586,blue,166.66348022436136,10.225770022042866,approaching,False
76,44,393,586,blue,166.66348022436136,10.225770022042866,approaching,False
77,44,394,586,blue,166.66348022436136,10.225770022042866,approaching,False
78,44,395,586,blue,166.66348022436136,10.225770022042866,approaching,False
79,44,396,586,blue,166.66348022436136,10.225770022042866,approaching,False
80,44,397,586,blue,166.66348022436136,10.225770022042866,approaching,False
81,44,398,586,blue,166.66348022436136,10.225770022042866,approaching,False
82,44,399,586,blue,166.66348022436136,10.225770022042866,approaching,False
83,44,400,586,blue,166.66348022436136,10.225770022042866,approaching,False
84,44,401,586,blue,166.66348022436136,10.225770022042866,approaching,False
85,44,402,586,blue,166.66348022436136,10.225770022042866,approaching,False
86,44,403,586,blue,166.66348022436136,10.225770022042866,approaching,False
87,44,404,586,blue,166.66348022436136,10.225770022042866,approaching,False
88,44,405,586,blue,166.66348022436136,10.225770022042866,approaching,False
89,44,406,586,blue,166.66348022436136,10.225770022042866,approaching,False
94,44,411,586,light_blue,183.31851531264942,10.225770022042866,approaching,False
95,44,412,586,light_blue,183.31851531264942,10.225770022042866,approaching,False
96,44,413,586,light_blue,183.31851531264942,10.225770022042866,approaching,False
97,44,414,586,light_blue,183.31851531264942,10.225770022042866,approaching,False
98,44,415,586,light_blue,183.31851531264942,10.225770022042866,approaching,False
99,44,416,586,light_blue,183.31851531264942,10.225770022042866,approaching,False
100,44,417,586,light_blue,183.31851531264942,10.225770022042866,approaching,False
105,44,422,586,dark_green,199.9894253945065,10.225770022042866,systemic_ambiguous,False
106,44,423,586,dark_green,199.9894253945065,10.225770022042866,systemic_ambiguous,False
107,44,424,586,dark_green,199.9894253945065,10.225770022042866,systemic_ambiguous,False
108,44,425,586,dark_green,199.9894253945065,10.225770022042866,systemic_ambiguous,False
109,44,426,586,dark_green,199.9894253945065,10.225770022042866,systemic_ambiguous,False
11,45,328,587,purple,150.00528898008042,10.225770022042866,approaching,False
12,45,329,587,purple,150.00528898008042,10.225770022042866,approaching,False
13,45,330,587,purple,150.00528898008042,10.225770022042866,approaching,False
14,45,331,587,purple,150.00528898008042,10.225770022042866,approaching,False
15,45,332,587,purple,150.00528898008042,10.225770022042866,approaching,False
16,45,333,587,purple,150.00528898008042,10.225770022042866,approaching,False
17,45,334,587,purple,150.00528898008042,10.225770022042866,approaching,False
18,45,335,587,purple,150.00528898008042,10.225770022042866,approaching,False
19,45,336,587,purple,150.00528898008042,10.225770022042866,approaching,False
20,45,337,587,purple,150.00528898008042,10.225770022042866,approaching,False
21,45,338,587,purple,150.00528898008042,10.225770022042866,approaching,False
22,45,339,587,purple,150.00528898008042,10.225770022042866,approaching,False
23,45,340,587,purple,150.00528898008042,10.225770022042866,approaching,False
24,45,341,587,purple,150.00528898008042,10.225770022042866,approaching,False
25,45,342,587,purple,150.00528898008042,10.225770022042866,approaching,False
26,45,343,587,purple,150.00528898008042,10.225770022042866,approaching,False
27,45,344,587,purple,150.00528898008042,10.225770022042866,approaching,False
28,45,345,587,purple,150.00528898008042,10.225770022042866,approaching,False
29,45,346,587,purple,150.00528898008042,10.225770022042866,approaching,False
30,45,347,587,purple,150.00528898008042,10.225770022042866,approaching,False
31,45,348,587,purple,150.00528898008042,10.225770022042866,approaching,False
32,45,349,587,purple,150.00528898008042,10.225770022042866,approaching,False
33,45,350,587,purple,150.00528898008042,10.225770022042866,approaching,False
34,45,351,587,purple,150.00528898008042,10.225770022042866,approaching,False
35,45,352,587,purple,150.00528898008042,10.225770022042866,approaching,False
36,45,353,587,purple,150.00528898008042,10.225770022042866,approaching,False
37,45,354,587,purple,150.00528898008042,10.225770022042866,approaching,False
38,45,355,587,purple,150.00528898008042,10.225770022042866,approaching,False
41,45,358,587,blue,166.66348022436136,10.225770022042866,approaching,False
43,45,360,587,purple,150.00528898008042,10.225770022042866,approaching,False
44,45,361,587,purple,150.00528898008042,10.225770022042866,approaching,False
54,45,371,587,purple,150.00528898008042,10.225770022042866,approaching,False
55,45,372,587,purple,150.00528898008042,10.225770022042866,approaching,False
56,45,373,587,purple,150.00528898008042,10.225770022042866,approaching,False
57,45,374,587,purple,150.00528898008042,10.225770022042866,approaching,False
59,45,376,587,blue,166.66348022436136,10.225770022042866,approaching,False
60,45,377,587,blue,166.66348022436136,10.225770022042866,approaching,False
61,45,378,587,blue,166.66348022436136,10.225770022042866,approaching,False
62,45,379,587,blue,166.66348022436136,10.225770022042866,approaching,False
63,45,380,587,blue,166.66348022436136,10.225770022042866,approaching,False
64,45,381,587,blue,166.66348022436136,10.225770022042866,approaching,False
65,45,382,587,blue,166.66348022436136,10.225770022042866,approaching,False
66,45,383,587,blue,166.66348022436136,10.225770022042866,approaching,False
67,45,384,587,blue,166.66348022436136,10.225770022042866,approaching,False
68,45,385,587,blue,166.66348022436136,10.225770022042866,approaching,False
69,45,386,587,blue,166.66348022436136,10.225770022042866,approaching,False
70,45,387,587,blue,166.66348022436136,10.225770022042866,approaching,False
71,45,388,587,blue,166.66348022436136,10.225770022042866,approaching,False
72,45,389,587,blue,166.66348022436136,10.225770022042866,approaching,False
73,45,390,587,blue,166.66348022436136,10.225770022042866,approaching,False
74,45,391,587,blue,166.66348022436136,10.225770022042866,approaching,False
75,45,392,587,blue,166.66348022436136,10.225770022042866,approaching,False
76,45,393,587,blue,166.66348022436136,10.225770022042866,approaching,False
77,45,394,587,blue,166.66348022436136,10.225770022042866,approaching,False
78,45,395,587,blue,166.66348022436136,10.225770022042866,approaching,False
79,45,396,587,blue,166.66348022436136,10.225770022042866,approaching,False
80,45,397,587,blue,166.66348022436136,10.225770022042866,approaching,False
81,45,398,587,blue,166.66348022436136,10.225770022042866,approaching,False
82,45,399,587,blue,166.66348022436136,10.225770022042866,approaching,False
83,45,400,587,blue,166.66348022436136,10.225770022042866,approaching,False
84,45,401,587,blue,166.66348022436136,10.225770022042866,approaching,False
85,45,402,587,blue,166.66348022436136,10.225770022042866,approaching,False
86,45,403,587,blue,166.66348022436136,10.225770022042866,approaching,False
87,45,404,587,blue,166.66348022436136,10.225770022042866,approaching,False
88,45,405,587,blue,166.66348022436136,10.225770022042866,approaching,False
89,45,406,587,blue,166.66348022436136,10.225770022042866,approaching,False
90,45,407,587,blue,166.66348022436136,10.225770022042866,approaching,False
94,45,411,587,light_blue,183.31851531264942,10.225770022042866,approaching,False
95,45,412,587,light_blue,183.31851531264942,10.225770022042866,approaching,False
96,45,413,587,light_blue,183.31851531264942,10.225770022042866,approaching,False
97,45,414,587,light_blue,183.31851531264942,10.225770022042866,approaching,False
98,45,415,587,light_blue,183.31851531264942,10.225770022042866,approaching,False
99,45,416,587,light_blue,183.31851531264942,10.225770022042866,approaching,False
100,45,417,587,light_blue,183.31851531264942,10.225770022042866,approaching,False
102,45,419,587,dark_green,199.9894253945065,10.225770022042866,systemic_ambiguous,False
103,45,420,587,dark_green,199.9894253945065,10.225770022042866,systemic_ambiguous,False
104,45,421,587,dark_green,199.9894253945065,10.225770022042866,systemic_ambiguous,False
105,45,422,587,dark_green,199.9894253945065,10.225770022042866,systemic_ambiguous,False
106,45,423,587,dark_green,199.9894253945065,10.225770022042866,systemic_ambiguous,False
107,45,424,587,dark_green,199.9894253945065,10.225770022042866,systemic_ambiguous,False
108,45,425,587,dark_green,199.9894253945065,10.225770022042866,systemic_ambiguous,False
109,45,426,587,dark_green,199.9894253945065,10.225770022042866,systemic_ambiguous,False
110,45,427,587,dark_green,199.9894253945065,10.225770022042866,systemic_ambiguous,False
111,45,428,587,dark_green,199.9894253945065,10.225770022042866,systemic_ambiguous,False
112,45,429,587,dark_green,199.9894253945065,10.225770022042866,systemic_ambiguous,False
113,45,430,587,dark_green,199.9894253945065,10.225770022042866,systemic_ambiguous,False
114,45,431,587,dark_green,199.9894253945065,10.225770022042866,systemic_ambiguous,False
115,45,432,587,dark_green,199.9894253945065,10.225770022042866,systemic_ambiguous,False
116,45,433,587,dark_green,199.9894253945065,10.225770022042866,systemic_ambiguous,False
117,45,434,587,dark_green,199.9894253945065,10.225770022042866,systemic_ambiguous,False
118,45,435,587,dark_green,199.9894253945065,10.225770022042866,systemic_ambiguous,False
14,46,331,588,purple,150.00528898008042,10.225770022042866,approaching,False
15,46,332,588,purple,150.00528898008042,10.225770022042866,approaching,False
16,46,333,588,purple,150.00528898008042,10.225770022042866,approaching,False
17,46,334,588,purple,150.00528898008042,10.225770022042866,approaching,False
18,46,335,588,purple,150.00528898008042,10.225770022042866,approaching,False
19,46,336,588,purple,150.00528898008042,10.225770022042866,approaching,False
20,46,337,588,purple,150.00528898008042,10.225770022042866,approaching,False
21,46,338,588,purple,150.00528898008042,10.225770022042866,approaching,False
22,46,339,588,purple,150.00528898008042,10.225770022042866,approaching,False
23,46,340,588,purple,150.00528898008042,10.225770022042866,approaching,False
28,46,345,588,purple,150.00528898008042,10.225770022042866,approaching,False
29,46,346,588,purple,150.00528898008042,10.225770022042866,approaching,False
30,46,347,588,purple,150.00528898008042,10.225770022042866,approaching,False
31,46,348,588,purple,150.00528898008042,10.225770022042866,approaching,False
32,46,349,588,purple,150.00528898008042,10.225770022042866,approaching,False
33,46,350,588,purple,150.00528898008042,10.225770022042866,approaching,False
34,46,351,588,purple,150.00528898008042,10.225770022042866,approaching,False
35,46,352,588,purple,150.00528898008042,10.225770022042866,approaching,False
36,46,353,588,purple,150.00528898008042,10.225770022042866,approaching,False
37,46,354,588,purple,150.00528898008042,10.225770022042866,approaching,False
38,46,355,588,purple,150.00528898008042,10.225770022042866,approaching,False
39,46,356,588,blue,166.66348022436136,10.225770022042866,approaching,False
40,46,357,588,blue,166.66348022436136,10.225770022042866,approaching,False
41,46,358,588,blue,166.66348022436136,10.225770022042866,approaching,False
42,46,359,588,blue,166.66348022436136,10.225770022042866,approaching,False
43,46,360,588,blue,166.66348022436136,10.225770022042866,approaching,False
44,46,361,588,blue,166.66348022436136,10.225770022042866,approaching,False
54,46,371,588,blue,166.66348022436136,10.225770022042866,approaching,False
55,46,372,588,blue,166.66348022436136,10.225770022042866,approaching,False
56,46,373,588,blue,166.66348022436136,10.225770022042866,approaching,False
57,46,374,588,blue,166.66348022436136,10.225770022042866,approaching,False
58,46,375,588,blue,166.66348022436136,10.225770022042866,approaching,False
59,46,376,588,blue,166.66348022436136,10.225770022042866,approaching,False
60,46,377,588,blue,166.66348022436136,10.225770022042866,approaching,False
61,46,378,588,blue,166.66348022436136,10.225770022042866,approaching,False
62,46,379,588,blue,166.66348022436136,10.225770022042866,approaching,False
63,46,380,588,blue,166.66348022436136,10.225770022042866,approaching,False
64,46,381,588,blue,166.66348022436136,10.225770022042866,approaching,False
65,46,382,588,blue,166.66348022436136,10.225770022042866,approaching,False
66,46,383,588,blue,166.66348022436136,10.225770022042866,approaching,False
67,46,384,588,blue,166.66348022436136,10.225770022042866,approaching,False
68,46,385,588,blue,166.66348022436136,10.225770022042866,approaching,False
69,46,386,588,blue,166.66348022436136,10.225770022042866,approaching,False
70,46,387,588,blue,166.66348022436136,10.225770022042866,approaching,False
71,46,388,588,blue,166.66348022436136,10.225770022042866,approaching,False
72,46,389,588,blue,166.66348022436136,10.225770022042866,approaching,False
73,46,390,588,blue,166.66348022436136,10.225770022042866,approaching,False
74,46,391,588,blue,166.66348022436136,10.225770022042866,approaching,False
75,46,392,588,blue,166.66348022436136,10.225770022042866,approaching,False
76,46,393,588,blue,166.66348022436136,10.225770022042866,approaching,False
77,46,394,588,blue,166.66348022436136,10.225770022042866,approaching,False
78,46,395,588,blue,166.66348022436136,10.225770022042866,approaching,False
79,46,396,588,blue,166.66348022436136,10.225770022042866,approaching,False
80,46,397,588,blue,166.66348022436136,10.225770022042866,approaching,False
81,46,398,588,blue,166.66348022436136,10.225770022042866,approaching,False
82,46,399,588,blue,166.66348022436136,10.225770022042866,approaching,False
83,46,400,588,blue,166.66348022436136,10.225770022042866,approaching,False
84,46,401,588,blue,166.66348022436136,10.225770022042866,approaching,False
85,46,402,588,blue,166.66348022436136,10.225770022042866,approaching,False
86,46,403,588,blue,166.66348022436136,10.225770022042866,approaching,False
87,46,404,588,blue,166.66348022436136,10.225770022042866,approaching,False
88,46,405,588,blue,166.66348022436136,10.225770022042866,approaching,False
89,46,406,588,blue,166.66348022436136,10.225770022042866,approaching,False
95,46,412,588,dark_green,199.9894253945065,10.225770022042866,systemic_ambiguous,False
97,46,414,588,light_blue,183.31851531264942,10.225770022042866,approaching,False
98,46,415,588,light_blue,183.31851531264942,10.225770022042866,approaching,False
99,46,416,588,light_blue,183.31851531264942,10.225770022042866,approaching,False
100,46,417,588,dark_green,199.9894253945065,10.225770022042866,systemic_ambiguous,False
101,46,418,588,dark_green,199.9894253945065,10.225770022042866,systemic_ambiguous,False
102,46,419,588,dark_green,199.9894253945065,10.225770022042866,systemic_ambiguous,False
103,46,420,588,dark_green,199.9894253945065,10.225770022042866,systemic_ambiguous,False
104,46,421,588,dark_green,199.9894253945065,10.225770022042866,systemic_ambiguous,False
105,46,422,588,dark_green,199.9894253945065,10.225770022042866,systemic_ambiguous,False
106,46,423,588,dark_green,199.9894253945065,10.225770022042866,systemic_ambiguous,False
107,46,424,588,dark_green,199.9894253945065,10.225770022042866,systemic_ambiguous,False
108,46,425,588,dark_green,199.9894253945065,10.225770022042866,systemic_ambiguous,False
109,46,426,588,dark_green,199.9894253945065,10.225770022042866,systemic_ambiguous,False
110,46,427,588,dark_green,199.9894253945065,10.225770022042866,systemic_ambiguous,False
111,46,428,588,dark_green,199.9894253945065,10.225770022042866,systemic_ambiguous,False
112,46,429,588,dark_green,199.9894253945065,10.225770022042866,systemic_ambiguous,False
113,46,430,588,dark_green,199.9894253945065,10.225770022042866,systemic_ambiguous,False
114,46,431,588,dark_green,199.9894253945065,10.225770022042866,systemic_ambiguous,False
115,46,432,588,dark_green,199.9894253945065,10.225770022042866,systemic_ambiguous,False
116,46,433,588,dark_green,199.9894253945065,10.225770022042866,systemic_ambiguous,False
117,46,434,588,dark_green,199.9894253945065,10.225770022042866,systemic_ambiguous,False
118,46,435,588,dark_green,199.9894253945065,10.225770022042866,systemic_ambiguous,False
14,47,331,589,purple,150.00528898008042,10.225770022042866,approaching,False
15,47,332,589,purple,150.00528898008042,10.225770022042866,approaching,False
16,47,333,589,purple,150.00528898008042,10.225770022042866,approaching,False
17,47,334,589,purple,150.00528898008042,10.225770022042866,approaching,False
18,47,335,589,purple,150.00528898008042,10.225770022042866,approaching,False
19,47,336,589,purple,150.00528898008042,10.225770022042866,approaching,False
20,47,337,589,purple,150.00528898008042,10.225770022042866,approaching,False
21,47,338,589,purple,150.00528898008042,10.225770022042866,approaching,False
28,47,345,589,purple,150.00528898008042,10.225770022042866,approaching,False
29,47,346,589,purple,150.00528898008042,10.225770022042866,approaching,False
30,47,347,589,purple,150.00528898008042,10.225770022042866,approaching,False
31,47,348,589,purple,150.00528898008042,10.225770022042866,approaching,False
32,47,349,589,purple,150.00528898008042,10.225770022042866,approaching,False
33,47,350,589,purple,150.00528898008042,10.225770022042866,approaching,False
34,47,351,589,purple,150.00528898008042,10.225770022042866,approaching,False
35,47,352,589,purple,150.00528898008042,10.225770022042866,approaching,False
36,47,353,589,purple,150.00528898008042,10.225770022042866,approaching,False
37,47,354,589,purple,150.00528898008042,10.225770022042866,approaching,False
38,47,355,589,purple,150.00528898008042,10.225770022042866,approaching,False
39,47,356,589,blue,166.66348022436136,10.225770022042866,approaching,False
40,47,357,589,blue,166.66348022436136,10.225770022042866,approaching,False
41,47,358,589,blue,166.66348022436136,10.225770022042866,approaching,False
44,47,361,589,blue,166.66348022436136,10.225770022042866,approaching,False
54,47,371,589,blue,166.66348022436136,10.225770022042866,approaching,False
55,47,372,589,blue,166.66348022436136,10.225770022042866,approaching,False
56,47,373,589,blue,166.66348022436136,10.225770022042866,approaching,False
57,47,374,589,blue,166.66348022436136,10.225770022042866,approaching,False
58,47,375,589,blue,166.66348022436136,10.225770022042866,approaching,False
59,47,376,589,blue,166.66348022436136,10.225770022042866,approaching,False
60,47,377,589,blue,166.66348022436136,10.225770022042866,approaching,False
61,47,378,589,blue,166.66348022436136,10.225770022042866,approaching,False
62,47,379,589,blue,166.66348022436136,10.225770022042866,approaching,False
63,47,380,589,blue,166.66348022436136,10.225770022042866,approaching,False
64,47,381,589,blue,166.66348022436136,10.225770022042866,approaching,False
65,47,382,589,blue,166.66348022436136,10.225770022042866,approaching,False
66,47,383,589,blue,166.66348022436136,10.225770022042866,approaching,False
67,47,384,589,blue,166.66348022436136,10.225770022042866,approaching,False
68,47,385,589,blue,166.66348022436136,10.225770022042866,approaching,False
69,47,386,589,blue,166.66348022436136,10.225770022042866,approaching,False
70,47,387,589,blue,166.66348022436136,10.225770022042866,approaching,False
71,47,388,589,blue,166.66348022436136,10.225770022042866,approaching,False
72,47,389,589,blue,166.66348022436136,10.225770022042866,approaching,False
73,47,390,589,blue,166.66348022436136,10.225770022042866,approaching,False
74,47,391,589,blue,166.66348022436136,10.225770022042866,approaching,False
75,47,392,589,blue,166.66348022436136,10.225770022042866,approaching,False
76,47,393,589,blue,166.66348022436136,10.225770022042866,approaching,False
77,47,394,589,blue,166.66348022436136,10.225770022042866,approaching,False
78,47,395,589,blue,166.66348022436136,10.225770022042866,approaching,False
79,47,396,589,blue,166.66348022436136,10.225770022042866,approaching,False
80,47,397,589,blue,166.66348022436136,10.225770022042866,approaching,False
81,47,398,589,blue,166.66348022436136,10.225770022042866,approaching,False
82,47,399,589,blue,166.66348022436136,10.225770022042866,approaching,False
83,47,400,589,blue,166.66348022436136,10.225770022042866,approaching,False
84,47,401,589,blue,166.66348022436136,10.225770022042866,approaching,False
85,47,402,589,blue,166.66348022436136,10.225770022042866,approaching,False
86,47,403,589,blue,166.66348022436136,10.225770022042866,approaching,False
87,47,404,589,blue,166.66348022436136,10.225770022042866,approaching,False
88,47,405,589,blue,166.66348022436136,10.225770022042866,approaching,False
89,47,406,589,blue,166.66348022436136,10.225770022042866,approaching,False
97,47,414,589,light_blue,183.31851531264942,10.225770022042866,approaching,False
98,47,415,589,light_blue,183.31851531264942,10.225770022042866,approaching,False
99,47,416,589,light_blue,183.31851531264942,10.225770022042866,approaching,False
100,47,417,589,dark_green,199.9894253945065,10.225770022042866,systemic_ambiguous,False
101,47,418,589,dark_green,199.9894253945065,10.225770022042866,systemic_ambiguous,False
102,47,419,589,dark_green,199.9894253945065,10.225770022042866,systemic_ambiguous,False
103,47,420,589,dark_green,199.9894253945065,10.225770022042866,systemic_ambiguous,False
104,47,421,589,dark_green,199.9894253945065,10.225770022042866,systemic_ambiguous,False
105,47,422,589,dark_green,199.9894253945065,10.225770022042866,systemic_ambiguous,False
106,47,423,589,dark_green,199.9894253945065,10.225770022042866,systemic_ambiguous,False
107,47,424,589,dark_green,199.9894253945065,10.225770022042866,systemic_ambiguous,False
108,47,425,589,dark_green,199.9894253945065,10.225770022042866,systemic_ambiguous,False
109,47,426,589,dark_green,199.9894253945065,10.225770022042866,systemic_ambiguous,False
110,47,427,589,dark_green,199.9894253945065,10.225770022042866,systemic_ambiguous,False
118,47,435,589,dark_green,199.9894253945065,10.225770022042866,systemic_ambiguous,False
14,48,331,590,purple,150.00528898008042,10.225770022042866,approaching,False
15,48,332,590,purple,150.00528898008042,10.225770022042866,approaching,False
16,48,333,590,purple,150.00528898008042,10.225770022042866,approaching,False
17,48,334,590,purple,150.00528898008042,10.225770022042866,approaching,False
18,48,335,590,purple,150.00528898008042,10.225770022042866,approaching,False
19,48,336,590,purple,150.00528898008042,10.225770022042866,approaching,False
20,48,337,590,purple,150.00528898008042,10.225770022042866,approaching,False
21,48,338,590,purple,150.00528898008042,10.225770022042866,approaching,False
28,48,345,590,purple,150.00528898008042,10.225770022042866,approaching,False
29,48,346,590,purple,150.00528898008042,10.225770022042866,approaching,False
30,48,347,590,purple,150.00528898008042,10.225770022042866,approaching,False
31,48,348,590,purple,150.00528898008042,10.225770022042866,approaching,False
32,48,349,590,purple,150.00528898008042,10.225770022042866,approaching,False
33,48,350,590,purple,150.00528898008042,10.225770022042866,approaching,False
34,48,351,590,purple,150.00528898008042,10.225770022042866,approaching,False
35,48,352,590,purple,150.00528898008042,10.225770022042866,approaching,False
36,48,353,590,purple,150.00528898008042,10.225770022042866,approaching,False
37,48,354,590,purple,150.00528898008042,10.225770022042866,approaching,False
38,48,355,590,purple,150.00528898008042,10.225770022042866,approaching,False
39,48,356,590,blue,166.66348022436136,10.225770022042866,approaching,False
40,48,357,590,blue,166.66348022436136,10.225770022042866,approaching,False
41,48,358,590,blue,166.66348022436136,10.225770022042866,approaching,False
44,48,361,590,blue,166.66348022436136,10.225770022042866,approaching,False
53,48,370,590,blue,166.66348022436136,10.225770022042866,approaching,False
54,48,371,590,blue,166.66348022436136,10.225770022042866,approaching,False
55,48,372,590,blue,166.66348022436136,10.225770022042866,approaching,False
56,48,373,590,blue,166.66348022436136,10.225770022042866,approaching,False
57,48,374,590,blue,166.66348022436136,10.225770022042866,approaching,False
58,48,375,590,blue,166.66348022436136,10.225770022042866,approaching,False
59,48,376,590,blue,166.66348022436136,10.225770022042866,approaching,False
60,48,377,590,blue,166.66348022436136,10.225770022042866,approaching,False
61,48,378,590,blue,166.66348022436136,10.225770022042866,approaching,False
62,48,379,590,blue,166.66348022436136,10.225770022042866,approaching,False
63,48,380,590,blue,166.66348022436136,10.225770022042866,approaching,False
64,48,381,590,blue,166.66348022436136,10.225770022042866,approaching,False
65,48,382,590,blue,166.66348022436136,10.225770022042866,approaching,False
66,48,383,590,blue,166.66348022436136,10.225770022042866,approaching,False
67,48,384,590,blue,166.66348022436136,10.225770022042866,approaching,False
68,48,385,590,blue,166.66348022436136,10.225770022042866,approaching,False
69,48,386,590,blue,166.66348022436136,10.225770022042866,approaching,False
70,48,387,590,blue,166.66348022436136,10.225770022042866,approaching,False
71,48,388,590,blue,166.66348022436136,10.225770022042866,approaching,False
72,48,389,590,blue,166.66348022436136,10.225770022042866,approaching,False
73,48,390,590,blue,166.66348022436136,10.225770022042866,approaching,False
74,48,391,590,blue,166.66348022436136,10.225770022042866,approaching,False
75,48,392,590,blue,166.66348022436136,10.225770022042866,approaching,False
76,48,393,590,blue,166.66348022436136,10.225770022042866,approaching,False
77,48,394,590,blue,166.66348022436136,10.225770022042866,approaching,False
78,48,395,590,blue,166.66348022436136,10.225770022042866,approaching,False
79,48,396,590,blue,166.66348022436136,10.225770022042866,approaching,False
80,48,397,590,blue,166.66348022436136,10.225770022042866,approaching,False
81,48,398,590,blue,166.66348022436136,10.225770022042866,approaching,False
82,48,399,590,blue,166.66348022436136,10.225770022042866,approaching,False
83,48,400,590,blue,166.66348022436136,10.225770022042866,approaching,False
84,48,401,590,blue,166.66348022436136,10.225770022042866,approaching,False
85,48,402,590,blue,166.66348022436136,10.225770022042866,approaching,False
86,48,403,590,blue,166.66348022436136,10.225770022042866,approaching,False
87,48,404,590,blue,166.66348022436136,10.225770022042866,approaching,False
88,48,405,590,blue,166.66348022436136,10.225770022042866,approaching,False
89,48,406,590,blue,166.66348022436136,10.225770022042866,approaching,False
95,48,412,590,light_blue,183.31851531264942,10.225770022042866,approaching,False
96,48,413,590,light_blue,183.31851531264942,10.225770022042866,approaching,False
97,48,414,590,light_blue,183.31851531264942,10.225770022042866,approaching,False
98,48,415,590,light_blue,183.31851531264942,10.225770022042866,approaching,False
99,48,416,590,light_blue,183.31851531264942,10.225770022042866,approaching,False
100,48,417,590,dark_green,199.9894253945065,10.225770022042866,systemic_ambiguous,False
101,48,418,590,dark_green,199.9894253945065,10.225770022042866,systemic_ambiguous,False
102,48,419,590,dark_green,199.9894253945065,10.225770022042866,systemic_ambiguous,False
103,48,420,590,dark_green,199.9894253945065,10.225770022042866,systemic_ambiguous,False
104,48,421,590,dark_green,199.9894253945065,10.225770022042866,systemic_ambiguous,False
105,48,422,590,dark_green,199.9894253945065,10.225770022042866,systemic_ambiguous,False
106,48,423,590,dark_green,199.9894253945065,10.225770022042866,systemic_ambiguous,False
107,48,424,590,dark_green,199.9894253945065,10.225770022042866,systemic_ambiguous,False
108,48,425,590,dark_green,199.9894253945065,10.225770022042866,systemic_ambiguous,False
109,48,426,590,dark_green,199.9894253945065,10.225770022042866,systemic_ambiguous,False
110,48,427,590,dark_green,199.9894253945065,10.225770022042866,systemic_ambiguous,False
118,48,435,590,dark_green,199.9894253945065,10.225770022042866,systemic_ambiguous,False
14,49,331,591,purple,150.00528898008042,10.225770022042866,approaching,False
15,49,332,591,purple,150.00528898008042,10.225770022042866,approaching,False
16,49,333,591,purple,150.00528898008042,10.225770022042866,approaching,False
17,49,334,591,purple,150.00528898008042,10.225770022042866,approaching,False
18,49,335,591,purple,150.00528898008042,10.225770022042866,approaching,False
19,49,336,591,purple,150.00528898008042,10.225770022042866,approaching,False
20,49,337,591,purple,150.00528898008042,10.225770022042866,approaching,False
21,49,338,591,purple,150.00528898008042,10.225770022042866,approaching,False
29,49,346,591,purple,150.00528898008042,10.225770022042866,approaching,False
30,49,347,591,purple,150.00528898008042,10.225770022042866,approaching,False
31,49,348,591,purple,150.00528898008042,10.225770022042866,approaching,False
32,49,349,591,purple,150.00528898008042,10.225770022042866,approaching,False
33,49,350,591,purple,150.00528898008042,10.225770022042866,approaching,False
34,49,351,591,purple,150.00528898008042,10.225770022042866,approaching,False
35,49,352,591,purple,150.00528898008042,10.225770022042866,approaching,False
36,49,353,591,purple,150.00528898008042,10.225770022042866,approaching,False
37,49,354,591,purple,150.00528898008042,10.225770022042866,approaching,False
38,49,355,591,purple,150.00528898008042,10.225770022042866,approaching,False
39,49,356,591,blue,166.66348022436136,10.225770022042866,approaching,False
53,49,370,591,blue,166.66348022436136,10.225770022042866,approaching,False
54,49,371,591,blue,166.66348022436136,10.225770022042866,approaching,False
55,49,372,591,blue,166.66348022436136,10.225770022042866,approaching,False
56,49,373,591,blue,166.66348022436136,10.225770022042866,approaching,False
57,49,374,591,blue,166.66348022436136,10.225770022042866,approaching,False
58,49,375,591,blue,166.66348022436136,10.225770022042866,approaching,False
59,49,376,591,blue,166.66348022436136,10.225770022042866,approaching,False
60,49,377,591,blue,166.66348022436136,10.225770022042866,approaching,False
61,49,378,591,blue,166.66348022436136,10.225770022042866,approaching,False
62,49,379,591,blue,166.66348022436136,10.225770022042866,approaching,False
63,49,380,591,blue,166.66348022436136,10.225770022042866,approaching,False
64,49,381,591,blue,166.66348022436136,10.225770022042866,approaching,False
65,49,382,591,blue,166.66348022436136,10.225770022042866,approaching,False
66,49,383,591,blue,166.66348022436136,10.225770022042866,approaching,False
67,49,384,591,blue,166.66348022436136,10.225770022042866,approaching,False
68,49,385,591,blue,166.66348022436136,10.225770022042866,approaching,False
69,49,386,591,blue,166.66348022436136,10.225770022042866,approaching,False
70,49,387,591,blue,166.66348022436136,10.225770022042866,approaching,False
71,49,388,591,blue,166.66348022436136,10.225770022042866,approaching,False
72,49,389,591,blue,166.66348022436136,10.225770022042866,approaching,False
73,49,390,591,blue,166.66348022436136,10.225770022042866,approaching,False
74,49,391,591,blue,166.66348022436136,10.225770022042866,approaching,False
80,49,397,591,blue,166.66348022436136,10.225770022042866,approaching,False
81,49,398,591,blue,166.66348022436136,10.225770022042866,approaching,False
82,49,399,591,blue,166.66348022436136,10.225770022042866,approaching,False
83,49,400,591,blue,166.66348022436136,10.225770022042866,approaching,False
84,49,401,591,blue,166.66348022436136,10.225770022042866,approaching,False
85,49,402,591,blue,166.66348022436136,10.225770022042866,approaching,False
86,49,403,591,blue,166.66348022436136,10.225770022042866,approaching,False
87,49,404,591,blue,166.66348022436136,10.225770022042866,approaching,False
88,49,405,591,blue,166.66348022436136,10.225770022042866,approaching,False
89,49,406,591,blue,166.66348022436136,10.225770022042866,approaching,False
95,49,412,591,light_blue,183.31851531264942,10.225770022042866,approaching,False
96,49,413,591,light_blue,183.31851531264942,10.225770022042866,approaching,False
97,49,414,591,light_blue,183.31851531264942,10.225770022042866,approaching,False
98,49,415,591,light_blue,183.31851531264942,10.225770022042866,approaching,False
99,49,416,591,light_blue,183.31851531264942,10.225770022042866,approaching,False
100,49,417,591,dark_green,199.9894253945065,10.225770022042866,systemic_ambiguous,False
101,49,418,591,dark_green,199.9894253945065,10.225770022042866,systemic_ambiguous,False
102,49,419,591,dark_green,199.9894253945065,10.225770022042866,systemic_ambiguous,False
103,49,420,591,dark_green,199.9894253945065,10.225770022042866,systemic_ambiguous,False
105,49,422,591,dark_green,199.9894253945065,10.225770022042866,systemic_ambiguous,False
106,49,423,591,dark_green,199.9894253945065,10.225770022042866,systemic_ambiguous,False
107,49,424,591,dark_green,199.9894253945065,10.225770022042866,systemic_ambiguous,False
109,49,426,591,dark_green,199.9894253945065,10.225770022042866,systemic_ambiguous,False
110,49,427,591,dark_green,199.9894253945065,10.225770022042866,systemic_ambiguous,False
14,50,331,592,purple,150.00528898008042,10.225770022042866,approaching,False
15,50,332,592,purple,150.00528898008042,10.225770022042866,approaching,False
16,50,333,592,purple,150.00528898008042,10.225770022042866,approaching,False
17,50,334,592,purple,150.00528898008042,10.225770022042866,approaching,False
18,50,335,592,purple,150.00528898008042,10.225770022042866,approaching,False
19,50,336,592,purple,150.00528898008042,10.225770022042866,approaching,False
20,50,337,592,purple,150.00528898008042,10.225770022042866,approaching,False
21,50,338,592,purple,150.00528898008042,10.225770022042866,approaching,False
31,50,348,592,purple,150.00528898008042,10.225770022042866,approaching,False
32,50,349,592,purple,150.00528898008042,10.225770022042866,approaching,False
33,50,350,592,purple,150.00528898008042,10.225770022042866,approaching,False
34,50,351,592,purple,150.00528898008042,10.225770022042866,approaching,False
35,50,352,592,purple,150.00528898008042,10.225770022042866,approaching,False
36,50,353,592,purple,150.00528898008042,10.225770022042866,approaching,False
48,50,365,592,blue,166.66348022436136,10.225770022042866,approaching,False
49,50,366,592,blue,166.66348022436136,10.225770022042866,approaching,False
50,50,367,592,blue,166.66348022436136,10.225770022042866,approaching,False
51,50,368,592,blue,166.66348022436136,10.225770022042866,approaching,False
52,50,369,592,blue,166.66348022436136,10.225770022042866,approaching,False
53,50,370,592,blue,166.66348022436136,10.225770022042866,approaching,False
54,50,371,592,blue,166.66348022436136,10.225770022042866,approaching,False
55,50,372,592,blue,166.66348022436136,10.225770022042866,approaching,False
56,50,373,592,blue,166.66348022436136,10.225770022042866,approaching,False
57,50,374,592,blue,166.66348022436136,10.225770022042866,approaching,False
58,50,375,592,blue,166.66348022436136,10.225770022042866,approaching,False
59,50,376,592,blue,166.66348022436136,10.225770022042866,approaching,False
60,50,377,592,blue,166.66348022436136,10.225770022042866,approaching,False
61,50,378,592,blue,166.66348022436136,10.225770022042866,approaching,False
62,50,379,592,blue,166.66348022436136,10.225770022042866,approaching,False
63,50,380,592,blue,166.66348022436136,10.225770022042866,approaching,False
64,50,381,592,blue,166.66348022436136,10.225770022042866,approaching,False
65,50,382,592,blue,166.66348022436136,10.225770022042866,approaching,False
66,50,383,592,blue,166.66348022436136,10.225770022042866,approaching,False
67,50,384,592,blue,166.66348022436136,10.225770022042866,approaching,False
68,50,385,592,blue,166.66348022436136,10.225770022042866,approaching,False
69,50,386,592,blue,166.66348022436136,10.225770022042866,approaching,False
70,50,387,592,blue,166.66348022436136,10.225770022042866,approaching,False
76,50,393,592,purple,150.00528898008042,10.225770022042866,approaching,False
77,50,394,592,purple,150.00528898008042,10.225770022042866,approaching,False
78,50,395,592,purple,150.00528898008042,10.225770022042866,approaching,False
79,50,396,592,purple,150.00528898008042,10.225770022042866,approaching,False
82,50,399,592,blue,166.66348022436136,10.225770022042866,approaching,False
83,50,400,592,blue,166.66348022436136,10.225770022042866,approaching,False
84,50,401,592,blue,166.66348022436136,10.225770022042866,approaching,False
85,50,402,592,blue,166.66348022436136,10.225770022042866,approaching,False
86,50,403,592,blue,166.66348022436136,10.225770022042866,approaching,False
87,50,404,592,blue,166.66348022436136,10.225770022042866,approaching,False
88,50,405,592,blue,166.66348022436136,10.225770022042866,approaching,False
90,50,407,592,purple,150.00528898008042,10.225770022042866,approaching,False
95,50,412,592,light_blue,183.31851531264942,10.225770022042866,approaching,False
96,50,413,592,light_blue,183.31851531264942,10.225770022042866,approaching,False
97,50,414,592,light_blue,183.31851531264942,10.225770022042866,approaching,False
98,50,415,592,light_blue,183.31851531264942,10.225770022042866,approaching,False
99,50,416,592,light_blue,183.31851531264942,10.225770022042866,approaching,False
100,50,417,592,dark_green,199.9894253945065,10.225770022042866,systemic_ambiguous,False
101,50,418,592,dark_green,199.9894253945065,10.225770022042866,systemic_ambiguous,False
102,50,419,592,dark_green,199.9894253945065,10.225770022042866,systemic_ambiguous,False
103,50,420,592,dark_green,199.9894253945065,10.225770022042866,systemic_ambiguous,False
104,50,421,592,dark_green,199.9894253945065,10.225770022042866,systemic_ambiguous,False
14,51,331,593,purple,150.00528898008042,10.225770022042866,approaching,False
15,51,332,593,purple,150.00528898008042,10.225770022042866,approaching,False
16,51,333,593,purple,150.00528898008042,10.225770022042866,approaching,False
17,51,334,593,purple,150.00528898008042,10.225770022042866,approaching,False
18,51,335,593,purple,150.00528898008042,10.225770022042866,approaching,False
19,51,336,593,purple,150.00528898008042,10.225770022042866,approaching,False
20,51,337,593,purple,150.00528898008042,10.225770022042866,approaching,False
21,51,338,593,purple,150.00528898008042,10.225770022042866,approaching,False
22,51,339,593,purple,150.00528898008042,10.225770022042866,approaching,False
23,51,340,593,purple,150.00528898008042,10.225770022042866,approaching,False
24,51,341,593,purple,150.00528898008042,10.225770022042866,approaching,False
31,51,348,593,purple,150.00528898008042,10.225770022042866,approaching,False
32,51,349,593,purple,150.00528898008042,10.225770022042866,approaching,False
33,51,350,593,purple,150.00528898008042,10.225770022042866,approaching,False
34,51,351,593,purple,150.00528898008042,10.225770022042866,approaching,False
35,51,352,593,purple,150.00528898008042,10.225770022042866,approaching,False
36,51,353,593,purple,150.00528898008042,10.225770022042866,approaching,False
46,51,363,593,blue,166.66348022436136,10.225770022042866,approaching,False
47,51,364,593,blue,166.66348022436136,10.225770022042866,approaching,False
48,51,365,593,blue,166.66348022436136,10.225770022042866,approaching,False
49,51,366,593,blue,166.66348022436136,10.225770022042866,approaching,False
50,51,367,593,blue,166.66348022436136,10.225770022042866,approaching,False
51,51,368,593,blue,166.66348022436136,10.225770022042866,approaching,False
52,51,369,593,blue,166.66348022436136,10.225770022042866,approaching,False
53,51,370,593,blue,166.66348022436136,10.225770022042866,approaching,False
54,51,371,593,blue,166.66348022436136,10.225770022042866,approaching,False
55,51,372,593,blue,166.66348022436136,10.225770022042866,approaching,False
56,51,373,593,blue,166.66348022436136,10.225770022042866,approaching,False
57,51,374,593,blue,166.66348022436136,10.225770022042866,approaching,False
58,51,375,593,blue,166.66348022436136,10.225770022042866,approaching,False
59,51,376,593,blue,166.66348022436136,10.225770022042866,approaching,False
60,51,377,593,blue,166.66348022436136,10.225770022042866,approaching,False
61,51,378,593,blue,166.66348022436136,10.225770022042866,approaching,False
62,51,379,593,blue,166.66348022436136,10.225770022042866,approaching,False
63,51,380,593,blue,166.66348022436136,10.225770022042866,approaching,False
64,51,381,593,blue,166.66348022436136,10.225770022042866,approaching,False
65,51,382,593,blue,166.66348022436136,10.225770022042866,approaching,False
66,51,383,593,blue,166.66348022436136,10.225770022042866,approaching,False
67,51,384,593,blue,166.66348022436136,10.225770022042866,approaching,False
68,51,385,593,blue,166.66348022436136,10.225770022042866,approaching,False
69,51,386,593,blue,166.66348022436136,10.225770022042866,approaching,False
71,51,388,593,purple,150.00528898008042,10.225770022042866,approaching,False
72,51,389,593,purple,150.00528898008042,10.225770022042866,approaching,False
73,51,390,593,purple,150.00528898008042,10.225770022042866,approaching,False
74,51,391,593,purple,150.00528898008042,10.225770022042866,approaching,False
75,51,392,593,purple,150.00528898008042,10.225770022042866,approaching,False
76,51,393,593,purple,150.00528898008042,10.225770022042866,approaching,False
77,51,394,593,purple,150.00528898008042,10.225770022042866,approaching,False
78,51,395,593,purple,150.00528898008042,10.225770022042866,approaching,False
79,51,396,593,purple,150.00528898008042,10.225770022042866,approaching,False
80,51,397,593,purple,150.00528898008042,10.225770022042866,approaching,False
82,51,399,593,blue,166.66348022436136,10.225770022042866,approaching,False
83,51,400,593,blue,166.66348022436136,10.225770022042866,approaching,False
84,51,401,593,blue,166.66348022436136,10.225770022042866,approaching,False
85,51,402,593,blue,166.66348022436136,10.225770022042866,approaching,False
86,51,403,593,blue,166.66348022436136,10.225770022042866,approaching,False
87,51,404,593,blue,166.66348022436136,10.225770022042866,approaching,False
89,51,406,593,purple,150.00528898008042,10.225770022042866,approaching,False
90,51,407,593,purple,150.00528898008042,10.225770022042866,approaching,False
92,51,409,593,blue,166.66348022436136,10.225770022042866,approaching,False
95,51,412,593,light_blue,183.31851531264942,10.225770022042866,approaching,False
96,51,413,593,light_blue,183.31851531264942,10.225770022042866,approaching,False
97,51,414,593,light_blue,183.31851531264942,10.225770022042866,approaching,False
98,51,415,593,light_blue,183.31851531264942,10.225770022042866,approaching,False
99,51,416,593,light_blue,183.31851531264942,10.225770022042866,approaching,False
100,51,417,593,dark_green,199.9894253945065,10.225770022042866,systemic_ambiguous,False
101,51,418,593,dark_green,199.9894253945065,10.225770022042866,systemic_ambiguous,False
102,51,419,593,dark_green,199.9894253945065,10.225770022042866,systemic_ambiguous,False
103,51,420,593,dark_green,199.9894253945065,10.225770022042866,systemic_ambiguous,False
104,51,421,593,dark_green,199.9894253945065,10.225770022042866,systemic_ambiguous,False
108,51,425,593,bright_green,216.8359664186503,10.225770022042866,receding,False
109,51,426,593,bright_green,216.8359664186503,10.225770022042866,receding,False
110,51,427,593,bright_green,216.8359664186503,10.225770022042866,receding,False
112,51,429,593,dark_green,199.9894253945065,10.225770022042866,systemic_ambiguous,False
113,51,430,593,bright_green,216.8359664186503,10.225770022042866,receding,False
114,51,431,593,bright_green,216.8359664186503,10.225770022042866,receding,False
115,51,432,593,bright_green,216.8359664186503,10.225770022042866,receding,False
116,51,433,593,bright_green,216.8359664186503,10.225770022042866,receding,False
117,51,434,593,bright_green,216.8359664186503,10.225770022042866,receding,False
118,51,435,593,dark_green,199.9894253945065,10.225770022042866,systemic_ambiguous,False
119,51,436,593,dark_green,199.9894253945065,10.225770022042866,systemic_ambiguous,False
120,51,437,593,dark_green,199.9894253945065,10.225770022042866,systemic_ambiguous,False
18,52,335,594,purple,150.00528898008042,10.225770022042866,approaching,False
19,52,336,594,purple,150.00528898008042,10.225770022042866,approaching,False
20,52,337,594,purple,150.00528898008042,10.225770022042866,approaching,False
21,52,338,594,purple,150.00528898008042,10.225770022042866,approaching,False
22,52,339,594,purple,150.00528898008042,10.225770022042866,approaching,False
23,52,340,594,purple,150.00528898008042,10.225770022042866,approaching,False
24,52,341,594,purple,150.00528898008042,10.225770022042866,approaching,False
46,52,363,594,blue,166.66348022436136,10.225770022042866,approaching,False
47,52,364,594,blue,166.66348022436136,10.225770022042866,approaching,False
48,52,365,594,blue,166.66348022436136,10.225770022042866,approaching,False
49,52,366,594,blue,166.66348022436136,10.225770022042866,approaching,False
50,52,367,594,blue,166.66348022436136,10.225770022042866,approaching,False
51,52,368,594,blue,166.66348022436136,10.225770022042866,approaching,False
52,52,369,594,blue,166.66348022436136,10.225770022042866,approaching,False
53,52,370,594,blue,166.66348022436136,10.225770022042866,approaching,False
54,52,371,594,blue,166.66348022436136,10.225770022042866,approaching,False
55,52,372,594,blue,166.66348022436136,10.225770022042866,approaching,False
56,52,373,594,blue,166.66348022436136,10.225770022042866,approaching,False
57,52,374,594,blue,166.66348022436136,10.225770022042866,approaching,False
58,52,375,594,blue,166.66348022436136,10.225770022042866,approaching,False
59,52,376,594,blue,166.66348022436136,10.225770022042866,approaching,False
60,52,377,594,blue,166.66348022436136,10.225770022042866,approaching,False
61,52,378,594,blue,166.66348022436136,10.225770022042866,approaching,False
62,52,379,594,blue,166.66348022436136,10.225770022042866,approaching,False
63,52,380,594,blue,166.66348022436136,10.225770022042866,approaching,False
64,52,381,594,blue,166.66348022436136,10.225770022042866,approaching,False
65,52,382,594,blue,166.66348022436136,10.225770022042866,approaching,False
66,52,383,594,blue,166.66348022436136,10.225770022042866,approaching,False
67,52,384,594,blue,166.66348022436136,10.225770022042866,approaching,False
68,52,385,594,blue,166.66348022436136,10.225770022042866,approaching,False
69,52,386,594,blue,166.66348022436136,10.225770022042866,approaching,False
72,52,389,594,purple,150.00528898008042,10.225770022042866,approaching,False
73,52,390,594,purple,150.00528898008042,10.225770022042866,approaching,False
74,52,391,594,purple,150.00528898008042,10.225770022042866,approaching,False
75,52,392,594,purple,150.00528898008042,10.225770022042866,approaching,False
76,52,393,594,purple,150.00528898008042,10.225770022042866,approaching,False
77,52,394,594,purple,150.00528898008042,10.225770022042866,approaching,False
78,52,395,594,purple,150.00528898008042,10.225770022042866,approaching,False
79,52,396,594,purple,150.00528898008042,10.225770022042866,approaching,False
80,52,397,594,purple,150.00528898008042,10.225770022042866,approaching,False
81,52,398,594,purple,150.00528898008042,10.225770022042866,approaching,False
85,52,402,594,blue,166.66348022436136,10.225770022042866,approaching,False
86,52,403,594,blue,166.66348022436136,10.225770022042866,approaching,False
87,52,404,594,blue,166.66348022436136,10.225770022042866,approaching,False
92,52,409,594,blue,166.66348022436136,10.225770022042866,approaching,False
95,52,412,594,light_blue,183.31851531264942,10.225770022042866,approaching,False
96,52,413,594,light_blue,183.31851531264942,10.225770022042866,approaching,False
97,52,414,594,light_blue,183.31851531264942,10.225770022042866,approaching,False
98,52,415,594,light_blue,183.31851531264942,10.225770022042866,approaching,False
99,52,416,594,light_blue,183.31851531264942,10.225770022042866,approaching,False
100,52,417,594,dark_green,199.9894253945065,10.225770022042866,systemic_ambiguous,False
101,52,418,594,dark_green,199.9894253945065,10.225770022042866,systemic_ambiguous,False
102,52,419,594,dark_green,199.9894253945065,10.225770022042866,systemic_ambiguous,False
103,52,420,594,dark_green,199.9894253945065,10.225770022042866,systemic_ambiguous,False
104,52,421,594,dark_green,199.9894253945065,10.225770022042866,systemic_ambiguous,False
110,52,427,594,bright_green,216.8359664186503,10.225770022042866,receding,False
113,52,430,594,bright_green,216.8359664186503,10.225770022042866,receding,False
114,52,431,594,bright_green,216.8359664186503,10.225770022042866,receding,False
115,52,432,594,bright_green,216.8359664186503,10.225770022042866,receding,False
116,52,433,594,bright_green,216.8359664186503,10.225770022042866,receding,False
117,52,434,594,bright_green,216.8359664186503,10.225770022042866,receding,False
18,53,335,595,purple,150.00528898008042,10.225770022042866,approaching,False
19,53,336,595,purple,150.00528898008042,10.225770022042866,approaching,False
20,53,337,595,purple,150.00528898008042,10.225770022042866,approaching,False
21,53,338,595,purple,150.00528898008042,10.225770022042866,approaching,False
22,53,339,595,purple,150.00528898008042,10.225770022042866,approaching,False
23,53,340,595,purple,150.00528898008042,10.225770022042866,approaching,False
24,53,341,595,purple,150.00528898008042,10.225770022042866,approaching,False
46,53,363,595,blue,166.66348022436136,10.225770022042866,approaching,False
47,53,364,595,blue,166.66348022436136,10.225770022042866,approaching,False
48,53,365,595,blue,166.66348022436136,10.225770022042866,approaching,False
49,53,366,595,blue,166.66348022436136,10.225770022042866,approaching,False
50,53,367,595,blue,166.66348022436136,10.225770022042866,approaching,False
51,53,368,595,blue,166.66348022436136,10.225770022042866,approaching,False
52,53,369,595,blue,166.66348022436136,10.225770022042866,approaching,False
53,53,370,595,blue,166.66348022436136,10.225770022042866,approaching,False
54,53,371,595,blue,166.66348022436136,10.225770022042866,approaching,False
55,53,372,595,blue,166.66348022436136,10.225770022042866,approaching,False
56,53,373,595,blue,166.66348022436136,10.225770022042866,approaching,False
57,53,374,595,blue,166.66348022436136,10.225770022042866,approaching,False
58,53,375,595,blue,166.66348022436136,10.225770022042866,approaching,False
59,53,376,595,blue,166.66348022436136,10.225770022042866,approaching,False
60,53,377,595,blue,166.66348022436136,10.225770022042866,approaching,False
61,53,378,595,blue,166.66348022436136,10.225770022042866,approaching,False
62,53,379,595,blue,166.66348022436136,10.225770022042866,approaching,False
63,53,380,595,blue,166.66348022436136,10.225770022042866,approaching,False
64,53,381,595,blue,166.66348022436136,10.225770022042866,approaching,False
65,53,382,595,blue,166.66348022436136,10.225770022042866,approaching,False
66,53,383,595,blue,166.66348022436136,10.225770022042866,approaching,False
67,53,384,595,blue,166.66348022436136,10.225770022042866,approaching,False
68,53,385,595,blue,166.66348022436136,10.225770022042866,approaching,False
69,53,386,595,blue,166.66348022436136,10.225770022042866,approaching,False
70,53,387,595,blue,166.66348022436136,10.225770022042866,approaching,False
72,53,389,595,purple,150.00528898008042,10.225770022042866,approaching,False
73,53,390,595,purple,150.00528898008042,10.225770022042866,approaching,False
74,53,391,595,purple,150.00528898008042,10.225770022042866,approaching,False
75,53,392,595,purple,150.00528898008042,10.225770022042866,approaching,False
76,53,393,595,purple,150.00528898008042,10.225770022042866,approaching,False
77,53,394,595,purple,150.00528898008042,10.225770022042866,approaching,False
78,53,395,595,purple,150.00528898008042,10.225770022042866,approaching,False
79,53,396,595,purple,150.00528898008042,10.225770022042866,approaching,False
80,53,397,595,purple,150.00528898008042,10.225770022042866,approaching,False
81,53,398,595,purple,150.00528898008042,10.225770022042866,approaching,False
82,53,399,595,purple,150.00528898008042,10.225770022042866,approaching,False
83,53,400,595,purple,150.00528898008042,10.225770022042866,approaching,False
84,53,401,595,purple,150.00528898008042,10.225770022042866,approaching,False
86,53,403,595,blue,166.66348022436136,10.225770022042866,approaching,False
87,53,404,595,blue,166.66348022436136,10.225770022042866,approaching,False
88,53,405,595,blue,166.66348022436136,10.225770022042866,approaching,False
89,53,406,595,blue,166.66348022436136,10.225770022042866,approaching,False
90,53,407,595,blue,166.66348022436136,10.225770022042866,approaching,False
91,53,408,595,blue,166.66348022436136,10.225770022042866,approaching,False
92,53,409,595,blue,166.66348022436136,10.225770022042866,approaching,False
93,53,410,595,blue,166.66348022436136,10.225770022042866,approaching,False
94,53,411,595,blue,166.66348022436136,10.225770022042866,approaching,False
95,53,412,595,light_blue,183.31851531264942,10.225770022042866,approaching,False
96,53,413,595,light_blue,183.31851531264942,10.225770022042866,approaching,False
97,53,414,595,light_blue,183.31851531264942,10.225770022042866,approaching,False
98,53,415,595,light_blue,183.31851531264942,10.225770022042866,approaching,False
99,53,416,595,light_blue,183.31851531264942,10.225770022042866,approaching,False
100,53,417,595,dark_green,199.9894253945065,10.225770022042866,systemic_ambiguous,False
101,53,418,595,dark_green,199.9894253945065,10.225770022042866,systemic_ambiguous,False
102,53,419,595,dark_green,199.9894253945065,10.225770022042866,systemic_ambiguous,False
103,53,420,595,dark_green,199.9894253945065,10.225770022042866,systemic_ambiguous,False
104,53,421,595,dark_green,199.9894253945065,10.225770022042866,systemic_ambiguous,False
105,53,422,595,dark_green,199.9894253945065,10.225770022042866,systemic_ambiguous,False
106,53,423,595,dark_green,199.9894253945065,10.225770022042866,systemic_ambiguous,False
107,53,424,595,dark_green,199.9894253945065,10.225770022042866,systemic_ambiguous,False
108,53,425,595,dark_green,199.9894253945065,10.225770022042866,systemic_ambiguous,False
109,53,426,595,dark_green,199.9894253945065,10.225770022042866,systemic_ambiguous,False
110,53,427,595,bright_green,216.8359664186503,10.225770022042866,receding,False
111,53,428,595,bright_green,216.8359664186503,10.225770022042866,receding,False
112,53,429,595,bright_green,216.8359664186503,10.225770022042866,receding,False
113,53,430,595,bright_green,216.8359664186503,10.225770022042866,receding,False
114,53,431,595,bright_green,216.8359664186503,10.225770022042866,receding,False
115,53,432,595,bright_green,216.8359664186503,10.225770022042866,receding,False
116,53,433,595,bright_green,216.8359664186503,10.225770022042866,receding,False
117,53,434,595,bright_green,216.8359664186503,10.225770022042866,receding,False
118,53,435,595,bright_green,216.8359664186503,10.225770022042866,receding,False
119,53,436,595,bright_green,216.8359664186503,10.225770022042866,receding,False
120,53,437,595,bright_green,216.8359664186503,10.225770022042866,receding,False
19,54,336,596,purple,150.00528898008042,10.225770022042866,approaching,False
20,54,337,596,purple,150.00528898008042,10.225770022042866,approaching,False
21,54,338,596,purple,150.00528898008042,10.225770022042866,approaching,False
22,54,339,596,purple,150.00528898008042,10.225770022042866,approaching,False
23,54,340,596,purple,150.00528898008042,10.225770022042866,approaching,False
46,54,363,596,blue,166.66348022436136,10.225770022042866,approaching,False
47,54,364,596,blue,166.66348022436136,10.225770022042866,approaching,False
48,54,365,596,blue,166.66348022436136,10.225770022042866,approaching,False
49,54,366,596,blue,166.66348022436136,10.225770022042866,approaching,False
50,54,367,596,blue,166.66348022436136,10.225770022042866,approaching,False
51,54,368,596,blue,166.66348022436136,10.225770022042866,approaching,False
52,54,369,596,blue,166.66348022436136,10.225770022042866,approaching,False
53,54,370,596,blue,166.66348022436136,10.225770022042866,approaching,False
54,54,371,596,blue,166.66348022436136,10.225770022042866,approaching,False
55,54,372,596,blue,166.66348022436136,10.225770022042866,approaching,False
56,54,373,596,blue,166.66348022436136,10.225770022042866,approaching,False
57,54,374,596,blue,166.66348022436136,10.225770022042866,approaching,False
58,54,375,596,blue,166.66348022436136,10.225770022042866,approaching,False
59,54,376,596,blue,166.66348022436136,10.225770022042866,approaching,False
60,54,377,596,blue,166.66348022436136,10.225770022042866,approaching,False
61,54,378,596,blue,166.66348022436136,10.225770022042866,approaching,False
62,54,379,596,blue,166.66348022436136,10.225770022042866,approaching,False
63,54,380,596,blue,166.66348022436136,10.225770022042866,approaching,False
64,54,381,596,blue,166.66348022436136,10.225770022042866,approaching,False
65,54,382,596,blue,166.66348022436136,10.225770022042866,approaching,False
66,54,383,596,blue,166.66348022436136,10.225770022042866,approaching,False
67,54,384,596,blue,166.66348022436136,10.225770022042866,approaching,False
68,54,385,596,blue,166.66348022436136,10.225770022042866,approaching,False
69,54,386,596,blue,166.66348022436136,10.225770022042866,approaching,False
70,54,387,596,blue,166.66348022436136,10.225770022042866,approaching,False
72,54,389,596,purple,150.00528898008042,10.225770022042866,approaching,False
73,54,390,596,purple,150.00528898008042,10.225770022042866,approaching,False
74,54,391,596,purple,150.00528898008042,10.225770022042866,approaching,False
75,54,392,596,purple,150.00528898008042,10.225770022042866,approaching,False
76,54,393,596,purple,150.00528898008042,10.225770022042866,approaching,False
77,54,394,596,purple,150.00528898008042,10.225770022042866,approaching,False
78,54,395,596,purple,150.00528898008042,10.225770022042866,approaching,False
79,54,396,596,purple,150.00528898008042,10.225770022042866,approaching,False
80,54,397,596,purple,150.00528898008042,10.225770022042866,approaching,False
81,54,398,596,purple,150.00528898008042,10.225770022042866,approaching,False
82,54,399,596,purple,150.00528898008042,10.225770022042866,approaching,False
83,54,400,596,purple,150.00528898008042,10.225770022042866,approaching,False
84,54,401,596,purple,150.00528898008042,10.225770022042866,approaching,False
87,54,404,596,blue,166.66348022436136,10.225770022042866,approaching,False
88,54,405,596,blue,166.66348022436136,10.225770022042866,approaching,False
89,54,406,596,blue,166.66348022436136,10.225770022042866,approaching,False
90,54,407,596,blue,166.66348022436136,10.225770022042866,approaching,False
91,54,408,596,blue,166.66348022436136,10.225770022042866,approaching,False
92,54,409,596,blue,166.66348022436136,10.225770022042866,approaching,False
95,54,412,596,light_blue,183.31851531264942,10.225770022042866,approaching,False
96,54,413,596,light_blue,183.31851531264942,10.225770022042866,approaching,False
97,54,414,596,light_blue,183.31851531264942,10.225770022042866,approaching,False
98,54,415,596,light_blue,183.31851531264942,10.225770022042866,approaching,False
99,54,416,596,light_blue,183.31851531264942,10.225770022042866,approaching,False
100,54,417,596,dark_green,199.9894253945065,10.225770022042866,systemic_ambiguous,False
101,54,418,596,dark_green,199.9894253945065,10.225770022042866,systemic_ambiguous,False
102,54,419,596,dark_green,199.9894253945065,10.225770022042866,systemic_ambiguous,False
103,54,420,596,dark_green,199.9894253945065,10.225770022042866,systemic_ambiguous,False
104,54,421,596,dark_green,199.9894253945065,10.225770022042866,systemic_ambiguous,False
105,54,422,596,dark_green,199.9894253945065,10.225770022042866,systemic_ambiguous,False
106,54,423,596,dark_green,199.9894253945065,10.225770022042866,systemic_ambiguous,False
107,54,424,596,dark_green,199.9894253945065,10.225770022042866,systemic_ambiguous,False
110,54,427,596,bright_green,216.8359664186503,10.225770022042866,receding,False
111,54,428,596,bright_green,216.8359664186503,10.225770022042866,receding,False
112,54,429,596,bright_green,216.8359664186503,10.225770022042866,receding,False
113,54,430,596,bright_green,216.8359664186503,10.225770022042866,receding,False
115,54,432,596,bright_green,216.8359664186503,10.225770022042866,receding,False
116,54,433,596,bright_green,216.8359664186503,10.225770022042866,receding,False
117,54,434,596,bright_green,216.8359664186503,10.225770022042866,receding,False
118,54,435,596,bright_green,216.8359664186503,10.225770022042866,receding,False
119,54,436,596,bright_green,216.8359664186503,10.225770022042866,receding,False
120,54,437,596,bright_green,216.8359664186503,10.225770022042866,receding,False
122,54,439,596,dark_green,199.9894253945065,10.225770022042866,systemic_ambiguous,False
33,55,350,597,purple,150.00528898008042,10.225770022042866,approaching,False
44,55,361,597,blue,166.66348022436136,10.225770022042866,approaching,False
45,55,362,597,blue,166.66348022436136,10.225770022042866,approaching,False
46,55,363,597,blue,166.66348022436136,10.225770022042866,approaching,False
47,55,364,597,blue,166.66348022436136,10.225770022042866,approaching,False
48,55,365,597,blue,166.66348022436136,10.225770022042866,approaching,False
49,55,366,597,blue,166.66348022436136,10.225770022042866,approaching,False
50,55,367,597,blue,166.66348022436136,10.225770022042866,approaching,False
51,55,368,597,blue,166.66348022436136,10.225770022042866,approaching,False
52,55,369,597,blue,166.66348022436136,10.225770022042866,approaching,False
53,55,370,597,blue,166.66348022436136,10.225770022042866,approaching,False
54,55,371,597,blue,166.66348022436136,10.225770022042866,approaching,False
55,55,372,597,blue,166.66348022436136,10.225770022042866,approaching,False
56,55,373,597,blue,166.66348022436136,10.225770022042866,approaching,False
57,55,374,597,blue,166.66348022436136,10.225770022042866,approaching,False
58,55,375,597,blue,166.66348022436136,10.225770022042866,approaching,False
59,55,376,597,blue,166.66348022436136,10.225770022042866,approaching,False
60,55,377,597,blue,166.66348022436136,10.225770022042866,approaching,False
61,55,378,597,blue,166.66348022436136,10.225770022042866,approaching,False
62,55,379,597,blue,166.66348022436136,10.225770022042866,approaching,False
63,55,380,597,blue,166.66348022436136,10.225770022042866,approaching,False
64,55,381,597,blue,166.66348022436136,10.225770022042866,approaching,False
65,55,382,597,blue,166.66348022436136,10.225770022042866,approaching,False
66,55,383,597,blue,166.66348022436136,10.225770022042866,approaching,False
67,55,384,597,blue,166.66348022436136,10.225770022042866,approaching,False
68,55,385,597,blue,166.66348022436136,10.225770022042866,approaching,False
69,55,386,597,blue,166.66348022436136,10.225770022042866,approaching,False
70,55,387,597,blue,166.66348022436136,10.225770022042866,approaching,False
72,55,389,597,purple,150.00528898008042,10.225770022042866,approaching,False
73,55,390,597,purple,150.00528898008042,10.225770022042866,approaching,False
74,55,391,597,purple,150.00528898008042,10.225770022042866,approaching,False
75,55,392,597,purple,150.00528898008042,10.225770022042866,approaching,False
76,55,393,597,purple,150.00528898008042,10.225770022042866,approaching,False
77,55,394,597,purple,150.00528898008042,10.225770022042866,approaching,False
78,55,395,597,purple,150.00528898008042,10.225770022042866,approaching,False
79,55,396,597,purple,150.00528898008042,10.225770022042866,approaching,False
80,55,397,597,purple,150.00528898008042,10.225770022042866,approaching,False
81,55,398,597,purple,150.00528898008042,10.225770022042866,approaching,False
82,55,399,597,purple,150.00528898008042,10.225770022042866,approaching,False
83,55,400,597,purple,150.00528898008042,10.225770022042866,approaching,False
84,55,401,597,purple,150.00528898008042,10.225770022042866,approaching,False
85,55,402,597,purple,150.00528898008042,10.225770022042866,approaching,False
87,55,404,597,blue,166.66348022436136,10.225770022042866,approaching,False
88,55,405,597,blue,166.66348022436136,10.225770022042866,approaching,False
89,55,406,597,blue,166.66348022436136,10.225770022042866,approaching,False
90,55,407,597,blue,166.66348022436136,10.225770022042866,approaching,False
91,55,408,597,blue,166.66348022436136,10.225770022042866,approaching,False
92,55,409,597,blue,166.66348022436136,10.225770022042866,approaching,False
94,55,411,597,light_blue,183.31851531264942,10.225770022042866,approaching,False
95,55,412,597,light_blue,183.31851531264942,10.225770022042866,approaching,False
96,55,413,597,light_blue,183.31851531264942,10.225770022042866,approaching,False
97,55,414,597,light_blue,183.31851531264942,10.225770022042866,approaching,False
98,55,415,597,light_blue,183.31851531264942,10.225770022042866,approaching,False
99,55,416,597,light_blue,183.31851531264942,10.225770022042866,approaching,False
100,55,417,597,dark_green,199.9894253945065,10.225770022042866,systemic_ambiguous,False
101,55,418,597,dark_green,199.9894253945065,10.225770022042866,systemic_ambiguous,False
102,55,419,597,dark_green,199.9894253945065,10.225770022042866,systemic_ambiguous,False
103,55,420,597,dark_green,199.9894253945065,10.225770022042866,systemic_ambiguous,False
104,55,421,597,dark_green,199.9894253945065,10.225770022042866,systemic_ambiguous,False
105,55,422,597,dark_green,199.9894253945065,10.225770022042866,systemic_ambiguous,False
106,55,423,597,dark_green,199.9894253945065,10.225770022042866,systemic_ambiguous,False
108,55,425,597,bright_green,216.8359664186503,10.225770022042866,receding,False
109,55,426,597,bright_green,216.8359664186503,10.225770022042866,receding,False
110,55,427,597,bright_green,216.8359664186503,10.225770022042866,receding,False
112,55,429,597,bright_green,216.8359664186503,10.225770022042866,receding,False
113,55,430,597,bright_green,216.8359664186503,10.225770022042866,receding,False
114,55,431,597,bright_green,216.8359664186503,10.225770022042866,receding,False
115,55,432,597,bright_green,216.8359664186503,10.225770022042866,receding,False
116,55,433,597,bright_green,216.8359664186503,10.225770022042866,receding,False
117,55,434,597,bright_green,216.8359664186503,10.225770022042866,receding,False
118,55,435,597,bright_green,216.8359664186503,10.225770022042866,receding,False
120,55,437,597,bright_green,216.8359664186503,10.225770022042866,receding,False
121,55,438,597,bright_green,216.8359664186503,10.225770022042866,receding,False
122,55,439,597,bright_green,216.8359664186503,10.225770022042866,receding,False
26,56,343,598,purple,150.00528898008042,10.225770022042866,approaching,False
27,56,344,598,purple,150.00528898008042,10.225770022042866,approaching,False
28,56,345,598,purple,150.00528898008042,10.225770022042866,approaching,False
29,56,346,598,purple,150.00528898008042,10.225770022042866,approaching,False
30,56,347,598,purple,150.00528898008042,10.225770022042866,approaching,False
31,56,348,598,purple,150.00528898008042,10.225770022042866,approaching,False
32,56,349,598,purple,150.00528898008042,10.225770022042866,approaching,False
33,56,350,598,purple,150.00528898008042,10.225770022042866,approaching,False
43,56,360,598,blue,166.66348022436136,10.225770022042866,approaching,False
44,56,361,598,blue,166.66348022436136,10.225770022042866,approaching,False
45,56,362,598,blue,166.66348022436136,10.225770022042866,approaching,False
46,56,363,598,blue,166.66348022436136,10.225770022042866,approaching,False
47,56,364,598,blue,166.66348022436136,10.225770022042866,approaching,False
48,56,365,598,blue,166.66348022436136,10.225770022042866,approaching,False
49,56,366,598,blue,166.66348022436136,10.225770022042866,approaching,False
50,56,367,598,blue,166.66348022436136,10.225770022042866,approaching,False
51,56,368,598,blue,166.66348022436136,10.225770022042866,approaching,False
52,56,369,598,blue,166.66348022436136,10.225770022042866,approaching,False
53,56,370,598,blue,166.66348022436136,10.225770022042866,approaching,False
54,56,371,598,blue,166.66348022436136,10.225770022042866,approaching,False
55,56,372,598,blue,166.66348022436136,10.225770022042866,approaching,False
56,56,373,598,blue,166.66348022436136,10.225770022042866,approaching,False
57,56,374,598,blue,166.66348022436136,10.225770022042866,approaching,False
58,56,375,598,blue,166.66348022436136,10.225770022042866,approaching,False
59,56,376,598,blue,166.66348022436136,10.225770022042866,approaching,False
60,56,377,598,blue,166.66348022436136,10.225770022042866,approaching,False
61,56,378,598,blue,166.66348022436136,10.225770022042866,approaching,False
62,56,379,598,blue,166.66348022436136,10.225770022042866,approaching,False
63,56,380,598,blue,166.66348022436136,10.225770022042866,approaching,False
64,56,381,598,blue,166.66348022436136,10.225770022042866,approaching,False
65,56,382,598,blue,166.66348022436136,10.225770022042866,approaching,False
66,56,383,598,blue,166.66348022436136,10.225770022042866,approaching,False
67,56,384,598,blue,166.66348022436136,10.225770022042866,approaching,False
68,56,385,598,blue,166.66348022436136,10.225770022042866,approaching,False
69,56,386,598,blue,166.66348022436136,10.225770022042866,approaching,False
70,56,387,598,blue,166.66348022436136,10.225770022042866,approaching,False
72,56,389,598,purple,150.00528898008042,10.225770022042866,approaching,False
73,56,390,598,purple,150.00528898008042,10.225770022042866,approaching,False
74,56,391,598,purple,150.00528898008042,10.225770022042866,approaching,False
75,56,392,598,purple,150.00528898008042,10.225770022042866,approaching,False
76,56,393,598,purple,150.00528898008042,10.225770022042866,approaching,False
77,56,394,598,purple,150.00528898008042,10.225770022042866,approaching,False
78,56,395,598,purple,150.00528898008042,10.225770022042866,approaching,False
79,56,396,598,purple,150.00528898008042,10.225770022042866,approaching,False
80,56,397,598,purple,150.00528898008042,10.225770022042866,approaching,False
81,56,398,598,purple,150.00528898008042,10.225770022042866,approaching,False
82,56,399,598,purple,150.00528898008042,10.225770022042866,approaching,False
83,56,400,598,purple,150.00528898008042,10.225770022042866,approaching,False
84,56,401,598,purple,150.00528898008042,10.225770022042866,approaching,False
85,56,402,598,purple,150.00528898008042,10.225770022042866,approaching,False
87,56,404,598,blue,166.66348022436136,10.225770022042866,approaching,False
88,56,405,598,blue,166.66348022436136,10.225770022042866,approaching,False
89,56,406,598,blue,166.66348022436136,10.225770022042866,approaching,False
90,56,407,598,blue,166.66348022436136,10.225770022042866,approaching,False
91,56,408,598,blue,166.66348022436136,10.225770022042866,approaching,False
92,56,409,598,blue,166.66348022436136,10.225770022042866,approaching,False
94,56,411,598,light_blue,183.31851531264942,10.225770022042866,approaching,False
95,56,412,598,light_blue,183.31851531264942,10.225770022042866,approaching,False
96,56,413,598,light_blue,183.31851531264942,10.225770022042866,approaching,False
97,56,414,598,light_blue,183.31851531264942,10.225770022042866,approaching,False
98,56,415,598,light_blue,183.31851531264942,10.225770022042866,approaching,False
99,56,416,598,light_blue,183.31851531264942,10.225770022042866,approaching,False
100,56,417,598,dark_green,199.9894253945065,10.225770022042866,systemic_ambiguous,False
101,56,418,598,dark_green,199.9894253945065,10.225770022042866,systemic_ambiguous,False
102,56,419,598,dark_green,199.9894253945065,10.225770022042866,systemic_ambiguous,False
104,56,421,598,dark_green,199.9894253945065,10.225770022042866,systemic_ambiguous,False
105,56,422,598,dark_green,199.9894253945065,10.225770022042866,systemic_ambiguous,False
107,56,424,598,bright_green,216.8359664186503,10.225770022042866,receding,False
108,56,425,598,bright_green,216.8359664186503,10.225770022042866,receding,False
109,56,426,598,bright_green,216.8359664186503,10.225770022042866,receding,False
110,56,427,598,bright_green,216.8359664186503,10.225770022042866,receding,False
111,56,428,598,bright_green,216.8359664186503,10.225770022042866,receding,False
112,56,429,598,bright_green,216.8359664186503,10.225770022042866,receding,False
113,56,430,598,bright_green,216.8359664186503,10.225770022042866,receding,False
114,56,431,598,bright_green,216.8359664186503,10.225770022042866,receding,False
115,56,432,598,bright_green,216.8359664186503,10.225770022042866,receding,False
117,56,434,598,bright_green,216.8359664186503,10.225770022042866,receding,False
118,56,435,598,bright_green,216.8359664186503,10.225770022042866,receding,False
119,56,436,598,bright_green,216.8359664186503,10.225770022042866,receding,False
120,56,437,598,bright_green,216.8359664186503,10.225770022042866,receding,False
121,56,438,598,bright_green,216.8359664186503,10.225770022042866,receding,False
122,56,439,598,bright_green,216.8359664186503,10.225770022042866,receding,False
26,57,343,599,purple,150.00528898008042,10.225770022042866,approaching,False
27,57,344,599,purple,150.00528898008042,10.225770022042866,approaching,False
28,57,345,599,purple,150.00528898008042,10.225770022042866,approaching,False
29,57,346,599,purple,150.00528898008042,10.225770022042866,approaching,False
30,57,347,599,purple,150.00528898008042,10.225770022042866,approaching,False
31,57,348,599,purple,150.00528898008042,10.225770022042866,approaching,False
32,57,349,599,purple,150.00528898008042,10.225770022042866,approaching,False
33,57,350,599,purple,150.00528898008042,10.225770022042866,approaching,False
42,57,359,599,blue,166.66348022436136,10.225770022042866,approaching,False
43,57,360,599,blue,166.66348022436136,10.225770022042866,approaching,False
44,57,361,599,blue,166.66348022436136,10.225770022042866,approaching,False
45,57,362,599,blue,166.66348022436136,10.225770022042866,approaching,False
46,57,363,599,blue,166.66348022436136,10.225770022042866,approaching,False
47,57,364,599,blue,166.66348022436136,10.225770022042866,approaching,False
48,57,365,599,blue,166.66348022436136,10.225770022042866,approaching,False
49,57,366,599,blue,166.66348022436136,10.225770022042866,approaching,False
50,57,367,599,blue,166.66348022436136,10.225770022042866,approaching,False
51,57,368,599,blue,166.66348022436136,10.225770022042866,approaching,False
52,57,369,599,blue,166.66348022436136,10.225770022042866,approaching,False
53,57,370,599,blue,166.66348022436136,10.225770022042866,approaching,False
54,57,371,599,blue,166.66348022436136,10.225770022042866,approaching,False
61,57,378,599,blue,166.66348022436136,10.225770022042866,approaching,False
62,57,379,599,blue,166.66348022436136,10.225770022042866,approaching,False
63,57,380,599,blue,166.66348022436136,10.225770022042866,approaching,False
64,57,381,599,blue,166.66348022436136,10.225770022042866,approaching,False
65,57,382,599,blue,166.66348022436136,10.225770022042866,approaching,False
66,57,383,599,blue,166.66348022436136,10.225770022042866,approaching,False
67,57,384,599,blue,166.66348022436136,10.225770022042866,approaching,False
68,57,385,599,blue,166.66348022436136,10.225770022042866,approaching,False
69,57,386,599,blue,166.66348022436136,10.225770022042866,approaching,False
70,57,387,599,blue,166.66348022436136,10.225770022042866,approaching,False
72,57,389,599,purple,150.00528898008042,10.225770022042866,approaching,False
73,57,390,599,purple,150.00528898008042,10.225770022042866,approaching,False
74,57,391,599,purple,150.00528898008042,10.225770022042866,approaching,False
75,57,392,599,purple,150.00528898008042,10.225770022042866,approaching,False
76,57,393,599,purple,150.00528898008042,10.225770022042866,approaching,False
77,57,394,599,purple,150.00528898008042,10.225770022042866,approaching,False
78,57,395,599,purple,150.00528898008042,10.225770022042866,approaching,False
79,57,396,599,purple,150.00528898008042,10.225770022042866,approaching,False
80,57,397,599,purple,150.00528898008042,10.225770022042866,approaching,False
81,57,398,599,purple,150.00528898008042,10.225770022042866,approaching,False
82,57,399,599,purple,150.00528898008042,10.225770022042866,approaching,False
83,57,400,599,purple,150.00528898008042,10.225770022042866,approaching,False
84,57,401,599,purple,150.00528898008042,10.225770022042866,approaching,False
87,57,404,599,blue,166.66348022436136,10.225770022042866,approaching,False
88,57,405,599,blue,166.66348022436136,10.225770022042866,approaching,False
89,57,406,599,blue,166.66348022436136,10.225770022042866,approaching,False
90,57,407,599,blue,166.66348022436136,10.225770022042866,approaching,False
91,57,408,599,blue,166.66348022436136,10.225770022042866,approaching,False
92,57,409,599,blue,166.66348022436136,10.225770022042866,approaching,False
94,57,411,599,light_blue,183.31851531264942,10.225770022042866,approaching,False
95,57,412,599,light_blue,183.31851531264942,10.225770022042866,approaching,False
96,57,413,599,light_blue,183.31851531264942,10.225770022042866,approaching,False
97,57,414,599,light_blue,183.31851531264942,10.225770022042866,approaching,False
98,57,415,599,light_blue,183.31851531264942,10.225770022042866,approaching,False
99,57,416,599,light_blue,183.31851531264942,10.225770022042866,approaching,False
100,57,417,599,dark_green,199.9894253945065,10.225770022042866,systemic_ambiguous,False
101,57,418,599,dark_green,199.9894253945065,10.225770022042866,systemic_ambiguous,False
102,57,419,599,dark_green,199.9894253945065,10.225770022042866,systemic_ambiguous,False
103,57,420,599,dark_green,199.9894253945065,10.225770022042866,systemic_ambiguous,False
104,57,421,599,dark_green,199.9894253945065,10.225770022042866,systemic_ambiguous,False
105,57,422,599,dark_green,199.9894253945065,10.225770022042866,systemic_ambiguous,False
107,57,424,599,bright_green,216.8359664186503,10.225770022042866,receding,False
108,57,425,599,bright_green,216.8359664186503,10.225770022042866,receding,False
109,57,426,599,bright_green,216.8359664186503,10.225770022042866,receding,False
110,57,427,599,bright_green,216.8359664186503,10.225770022042866,receding,False
111,57,428,599,bright_green,216.8359664186503,10.225770022042866,receding,False
112,57,429,599,bright_green,216.8359664186503,10.225770022042866,receding,False
113,57,430,599,bright_green,216.8359664186503,10.225770022042866,receding,False
114,57,431,599,bright_green,216.8359664186503,10.225770022042866,receding,False
115,57,432,599,bright_green,216.8359664186503,10.225770022042866,receding,False
116,57,433,599,bright_green,216.8359664186503,10.225770022042866,receding,False
117,57,434,599,bright_green,216.8359664186503,10.225770022042866,receding,False
118,57,435,599,bright_green,216.8359664186503,10.225770022042866,receding,False
119,57,436,599,bright_green,216.8359664186503,10.225770022042866,receding,False
120,57,437,599,bright_green,216.8359664186503,10.225770022042866,receding,False
121,57,438,599,bright_green,216.8359664186503,10.225770022042866,receding,False
122,57,439,599,bright_green,216.8359664186503,10.225770022042866,receding,False
24,58,341,600,purple,150.00528898008042,10.225770022042866,approaching,False
25,58,342,600,purple,150.00528898008042,10.225770022042866,approaching,False
26,58,343,600,purple,150.00528898008042,10.225770022042866,approaching,False
27,58,344,600,purple,150.00528898008042,10.225770022042866,approaching,False
28,58,345,600,purple,150.00528898008042,10.225770022042866,approaching,False
29,58,346,600,purple,150.00528898008042,10.225770022042866,approaching,False
30,58,347,600,purple,150.00528898008042,10.225770022042866,approaching,False
31,58,348,600,purple,150.00528898008042,10.225770022042866,approaching,False
32,58,349,600,purple,150.00528898008042,10.225770022042866,approaching,False
33,58,350,600,purple,150.00528898008042,10.225770022042866,approaching,False
34,58,351,600,purple,150.00528898008042,10.225770022042866,approaching,False
36,58,353,600,blue,166.66348022436136,10.225770022042866,approaching,False
37,58,354,600,blue,166.66348022436136,10.225770022042866,approaching,False
38,58,355,600,blue,166.66348022436136,10.225770022042866,approaching,False
39,58,356,600,blue,166.66348022436136,10.225770022042866,approaching,False
40,58,357,600,blue,166.66348022436136,10.225770022042866,approaching,False
41,58,358,600,blue,166.66348022436136,10.225770022042866,approaching,False
42,58,359,600,blue,166.66348022436136,10.225770022042866,approaching,False
43,58,360,600,blue,166.66348022436136,10.225770022042866,approaching,False
44,58,361,600,blue,166.66348022436136,10.225770022042866,approaching,False
45,58,362,600,blue,166.66348022436136,10.225770022042866,approaching,False
46,58,363,600,blue,166.66348022436136,10.225770022042866,approaching,False
47,58,364,600,blue,166.66348022436136,10.225770022042866,approaching,False
48,58,365,600,blue,166.66348022436136,10.225770022042866,approaching,False
49,58,366,600,blue,166.66348022436136,10.225770022042866,approaching,False
50,58,367,600,blue,166.66348022436136,10.225770022042866,approaching,False
51,58,368,600,blue,166.66348022436136,10.225770022042866,approaching,False
52,58,369,600,blue,166.66348022436136,10.225770022042866,approaching,False
53,58,370,600,blue,166.66348022436136,10.225770022042866,approaching,False
54,58,371,600,blue,166.66348022436136,10.225770022042866,approaching,False
56,58,373,600,light_blue,183.31851531264942,10.225770022042866,approaching,False
57,58,374,600,light_blue,183.31851531264942,10.225770022042866,approaching,False
58,58,375,600,light_blue,183.31851531264942,10.225770022042866,approaching,False
59,58,376,600,light_blue,183.31851531264942,10.225770022042866,approaching,False
61,58,378,600,blue,166.66348022436136,10.225770022042866,approaching,False
62,58,379,600,blue,166.66348022436136,10.225770022042866,approaching,False
63,58,380,600,blue,166.66348022436136,10.225770022042866,approaching,False
64,58,381,600,blue,166.66348022436136,10.225770022042866,approaching,False
65,58,382,600,blue,166.66348022436136,10.225770022042866,approaching,False
66,58,383,600,blue,166.66348022436136,10.225770022042866,approaching,False
67,58,384,600,blue,166.66348022436136,10.225770022042866,approaching,False
68,58,385,600,blue,166.66348022436136,10.225770022042866,approaching,False
69,58,386,600,blue,166.66348022436136,10.225770022042866,approaching,False
70,58,387,600,blue,166.66348022436136,10.225770022042866,approaching,False
72,58,389,600,purple,150.00528898008042,10.225770022042866,approaching,False
73,58,390,600,purple,150.00528898008042,10.225770022042866,approaching,False
74,58,391,600,purple,150.00528898008042,10.225770022042866,approaching,False
75,58,392,600,purple,150.00528898008042,10.225770022042866,approaching,False
76,58,393,600,purple,150.00528898008042,10.225770022042866,approaching,False
77,58,394,600,purple,150.00528898008042,10.225770022042866,approaching,False
78,58,395,600,purple,150.00528898008042,10.225770022042866,approaching,False
79,58,396,600,purple,150.00528898008042,10.225770022042866,approaching,False
80,58,397,600,purple,150.00528898008042,10.225770022042866,approaching,False
81,58,398,600,purple,150.00528898008042,10.225770022042866,approaching,False
82,58,399,600,purple,150.00528898008042,10.225770022042866,approaching,False
83,58,400,600,purple,150.00528898008042,10.225770022042866,approaching,False
84,58,401,600,purple,150.00528898008042,10.225770022042866,approaching,False
86,58,403,600,blue,166.66348022436136,10.225770022042866,approaching,False
87,58,404,600,blue,166.66348022436136,10.225770022042866,approaching,False
88,58,405,600,blue,166.66348022436136,10.225770022042866,approaching,False
89,58,406,600,blue,166.66348022436136,10.225770022042866,approaching,False
90,58,407,600,blue,166.66348022436136,10.225770022042866,approaching,False
91,58,408,600,blue,166.66348022436136,10.225770022042866,approaching,False
92,58,409,600,blue,166.66348022436136,10.225770022042866,approaching,False
94,58,411,600,light_blue,183.31851531264942,10.225770022042866,approaching,False
95,58,412,600,light_blue,183.31851531264942,10.225770022042866,approaching,False
96,58,413,600,light_blue,183.31851531264942,10.225770022042866,approaching,False
97,58,414,600,light_blue,183.31851531264942,10.225770022042866,approaching,False
98,58,415,600,light_blue,183.31851531264942,10.225770022042866,approaching,False
99,58,416,600,light_blue,183.31851531264942,10.225770022042866,approaching,False
100,58,417,600,dark_green,199.9894253945065,10.225770022042866,systemic_ambiguous,False
101,58,418,600,dark_green,199.9894253945065,10.225770022042866,systemic_ambiguous,False
102,58,419,600,dark_green,199.9894253945065,10.225770022042866,systemic_ambiguous,False
103,58,420,600,dark_green,199.9894253945065,10.225770022042866,systemic_ambiguous,False
104,58,421,600,dark_green,199.9894253945065,10.225770022042866,systemic_ambiguous,False
105,58,422,600,dark_green,199.9894253945065,10.225770022042866,systemic_ambiguous,False
107,58,424,600,bright_green,216.8359664186503,10.225770022042866,receding,False
108,58,425,600,bright_green,216.8359664186503,10.225770022042866,receding,False
110,58,427,600,bright_green,216.8359664186503,10.225770022042866,receding,False
111,58,428,600,bright_green,216.8359664186503,10.225770022042866,receding,False
113,58,430,600,bright_green,216.8359664186503,10.225770022042866,receding,False
114,58,431,600,bright_green,216.8359664186503,10.225770022042866,receding,False
115,58,432,600,bright_green,216.8359664186503,10.225770022042866,receding,False
116,58,433,600,bright_green,216.8359664186503,10.225770022042866,receding,False
117,58,434,600,bright_green,216.8359664186503,10.225770022042866,receding,False
118,58,435,600,bright_green,216.8359664186503,10.225770022042866,receding,False
120,58,437,600,bright_green,216.8359664186503,10.225770022042866,receding,False
121,58,438,600,bright_green,216.8359664186503,10.225770022042866,receding,False
122,58,439,600,bright_green,216.8359664186503,10.225770022042866,receding,False
24,59,341,601,purple,150.00528898008042,10.225770022042866,approaching,False
25,59,342,601,purple,150.00528898008042,10.225770022042866,approaching,False
26,59,343,601,purple,150.00528898008042,10.225770022042866,approaching,False
27,59,344,601,purple,150.00528898008042,10.225770022042866,approaching,False
28,59,345,601,purple,150.00528898008042,10.225770022042866,approaching,False
29,59,346,601,purple,150.00528898008042,10.225770022042866,approaching,False
34,59,351,601,purple,150.00528898008042,10.225770022042866,approaching,False
35,59,352,601,purple,150.00528898008042,10.225770022042866,approaching,False
43,59,360,601,blue,166.66348022436136,10.225770022042866,approaching,False
44,59,361,601,blue,166.66348022436136,10.225770022042866,approaching,False
45,59,362,601,blue,166.66348022436136,10.225770022042866,approaching,False
46,59,363,601,blue,166.66348022436136,10.225770022042866,approaching,False
49,59,366,601,blue,166.66348022436136,10.225770022042866,approaching,False
50,59,367,601,blue,166.66348022436136,10.225770022042866,approaching,False
51,59,368,601,blue,166.66348022436136,10.225770022042866,approaching,False
52,59,369,601,blue,166.66348022436136,10.225770022042866,approaching,False
53,59,370,601,blue,166.66348022436136,10.225770022042866,approaching,False
56,59,373,601,light_blue,183.31851531264942,10.225770022042866,approaching,False
57,59,374,601,light_blue,183.31851531264942,10.225770022042866,approaching,False
58,59,375,601,light_blue,183.31851531264942,10.225770022042866,approaching,False
59,59,376,601,light_blue,183.31851531264942,10.225770022042866,approaching,False
61,59,378,601,blue,166.66348022436136,10.225770022042866,approaching,False
62,59,379,601,blue,166.66348022436136,10.225770022042866,approaching,False
63,59,380,601,blue,166.66348022436136,10.225770022042866,approaching,False
64,59,381,601,blue,166.66348022436136,10.225770022042866,approaching,False
65,59,382,601,blue,166.66348022436136,10.225770022042866,approaching,False
66,59,383,601,blue,166.66348022436136,10.225770022042866,approaching,False
67,59,384,601,blue,166.66348022436136,10.225770022042866,approaching,False
68,59,385,601,blue,166.66348022436136,10.225770022042866,approaching,False
69,59,386,601,blue,166.66348022436136,10.225770022042866,approaching,False
70,59,387,601,blue,166.66348022436136,10.225770022042866,approaching,False
72,59,389,601,purple,150.00528898008042,10.225770022042866,approaching,False
73,59,390,601,purple,150.00528898008042,10.225770022042866,approaching,False
74,59,391,601,purple,150.00528898008042,10.225770022042866,approaching,False
75,59,392,601,purple,150.00528898008042,10.225770022042866,approaching,False
76,59,393,601,purple,150.00528898008042,10.225770022042866,approaching,False
77,59,394,601,purple,150.00528898008042,10.225770022042866,approaching,False
78,59,395,601,purple,150.00528898008042,10.225770022042866,approaching,False
79,59,396,601,purple,150.00528898008042,10.225770022042866,approaching,False
80,59,397,601,purple,150.00528898008042,10.225770022042866,approaching,False
81,59,398,601,purple,150.00528898008042,10.225770022042866,approaching,False
82,59,399,601,purple,150.00528898008042,10.225770022042866,approaching,False
85,59,402,601,blue,166.66348022436136,10.225770022042866,approaching,False
86,59,403,601,blue,166.66348022436136,10.225770022042866,approaching,False
87,59,404,601,blue,166.66348022436136,10.225770022042866,approaching,False
88,59,405,601,blue,166.66348022436136,10.225770022042866,approaching,False
89,59,406,601,blue,166.66348022436136,10.225770022042866,approaching,False
90,59,407,601,blue,166.66348022436136,10.225770022042866,approaching,False
94,59,411,601,light_blue,183.31851531264942,10.225770022042866,approaching,False
97,59,414,601,light_blue,183.31851531264942,10.225770022042866,approaching,False
98,59,415,601,light_blue,183.31851531264942,10.225770022042866,approaching,False
99,59,416,601,light_blue,183.31851531264942,10.225770022042866,approaching,False
100,59,417,601,dark_green,199.9894253945065,10.225770022042866,systemic_ambiguous,False
101,59,418,601,dark_green,199.9894253945065,10.225770022042866,systemic_ambiguous,False
102,59,419,601,dark_green,199.9894253945065,10.225770022042866,systemic_ambiguous,False
103,59,420,601,dark_green,199.9894253945065,10.225770022042866,systemic_ambiguous,False
104,59,421,601,dark_green,199.9894253945065,10.225770022042866,systemic_ambiguous,False
107,59,424,601,bright_green,216.8359664186503,10.225770022042866,receding,False
113,59,430,601,bright_green,216.8359664186503,10.225770022042866,receding,False
114,59,431,601,bright_green,216.8359664186503,10.225770022042866,receding,False
115,59,432,601,bright_green,216.8359664186503,10.225770022042866,receding,False
118,59,435,601,bright_green,216.8359664186503,10.225770022042866,receding,False
119,59,436,601,bright_green,216.8359664186503,10.225770022042866,receding,False
120,59,437,601,bright_green,216.8359664186503,10.225770022042866,receding,False
28,60,345,602,purple,150.00528898008042,10.225770022042866,approaching,False
29,60,346,602,purple,150.00528898008042,10.225770022042866,approaching,False
34,60,351,602,purple,150.00528898008042,10.225770022042866,approaching,False
35,60,352,602,purple,150.00528898008042,10.225770022042866,approaching,False
36,60,353,602,purple,150.00528898008042,10.225770022042866,approaching,False
37,60,354,602,purple,150.00528898008042,10.225770022042866,approaching,False
38,60,355,602,purple,150.00528898008042,10.225770022042866,approaching,False
43,60,360,602,blue,166.66348022436136,10.225770022042866,approaching,False
44,60,361,602,blue,166.66348022436136,10.225770022042866,approaching,False
45,60,362,602,blue,166.66348022436136,10.225770022042866,approaching,False
46,60,363,602,blue,166.66348022436136,10.225770022042866,approaching,False
48,60,365,602,light_blue,183.31851531264942,10.225770022042866,approaching,False
51,60,368,602,blue,166.66348022436136,10.225770022042866,approaching,False
54,60,371,602,light_blue,183.31851531264942,10.225770022042866,approaching,False
55,60,372,602,light_blue,183.31851531264942,10.225770022042866,approaching,False
56,60,373,602,light_blue,183.31851531264942,10.225770022042866,approaching,False
57,60,374,602,light_blue,183.31851531264942,10.225770022042866,approaching,False
58,60,375,602,light_blue,183.31851531264942,10.225770022042866,approaching,False
59,60,376,602,light_blue,183.31851531264942,10.225770022042866,approaching,False
61,60,378,602,blue,166.66348022436136,10.225770022042866,approaching,False
62,60,379,602,blue,166.66348022436136,10.225770022042866,approaching,False
63,60,380,602,blue,166.66348022436136,10.225770022042866,approaching,False
64,60,381,602,blue,166.66348022436136,10.225770022042866,approaching,False
65,60,382,602,blue,166.66348022436136,10.225770022042866,approaching,False
66,60,383,602,blue,166.66348022436136,10.225770022042866,approaching,False
67,60,384,602,blue,166.66348022436136,10.225770022042866,approaching,False
68,60,385,602,blue,166.66348022436136,10.225770022042866,approaching,False
69,60,386,602,blue,166.66348022436136,10.225770022042866,approaching,False
70,60,387,602,blue,166.66348022436136,10.225770022042866,approaching,False
72,60,389,602,purple,150.00528898008042,10.225770022042866,approaching,False
73,60,390,602,purple,150.00528898008042,10.225770022042866,approaching,False
74,60,391,602,purple,150.00528898008042,10.225770022042866,approaching,False
75,60,392,602,purple,150.00528898008042,10.225770022042866,approaching,False
76,60,393,602,purple,150.00528898008042,10.225770022042866,approaching,False
77,60,394,602,purple,150.00528898008042,10.225770022042866,approaching,False
78,60,395,602,purple,150.00528898008042,10.225770022042866,approaching,False
79,60,396,602,purple,150.00528898008042,10.225770022042866,approaching,False
80,60,397,602,purple,150.00528898008042,10.225770022042866,approaching,False
81,60,398,602,purple,150.00528898008042,10.225770022042866,approaching,False
82,60,399,602,purple,150.00528898008042,10.225770022042866,approaching,False
84,60,401,602,blue,166.66348022436136,10.225770022042866,approaching,False
85,60,402,602,blue,166.66348022436136,10.225770022042866,approaching,False
86,60,403,602,blue,166.66348022436136,10.225770022042866,approaching,False
87,60,404,602,blue,166.66348022436136,10.225770022042866,approaching,False
88,60,405,602,blue,166.66348022436136,10.225770022042866,approaching,False
89,60,406,602,blue,166.66348022436136,10.225770022042866,approaching,False
90,60,407,602,blue,166.66348022436136,10.225770022042866,approaching,False
92,60,409,602,light_blue,183.31851531264942,10.225770022042866,approaching,False
93,60,410,602,light_blue,183.31851531264942,10.225770022042866,approaching,False
94,60,411,602,light_blue,183.31851531264942,10.225770022042866,approaching,False
95,60,412,602,blue,166.66348022436136,10.225770022042866,approaching,False
97,60,414,602,light_blue,183.31851531264942,10.225770022042866,approaching,False
98,60,415,602,light_blue,183.31851531264942,10.225770022042866,approaching,False
99,60,416,602,light_blue,183.31851531264942,10.225770022042866,approaching,False
100,60,417,602,dark_green,199.9894253945065,10.225770022042866,systemic_ambiguous,False
101,60,418,602,dark_green,199.9894253945065,10.225770022042866,systemic_ambiguous,False
102,60,419,602,dark_green,199.9894253945065,10.225770022042866,systemic_ambiguous,False
103,60,420,602,dark_green,199.9894253945065,10.225770022042866,systemic_ambiguous,False
104,60,421,602,dark_green,199.9894253945065,10.225770022042866,systemic_ambiguous,False
105,60,422,602,bright_green,216.8359664186503,10.225770022042866,receding,False
106,60,423,602,bright_green,216.8359664186503,10.225770022042866,receding,False
107,60,424,602,bright_green,216.8359664186503,10.225770022042866,receding,False
108,60,425,602,dark_green,199.9894253945065,10.225770022042866,systemic_ambiguous,False
109,60,426,602,dark_green,199.9894253945065,10.225770022042866,systemic_ambiguous,False
110,60,427,602,dark_green,199.9894253945065,10.225770022042866,systemic_ambiguous,False
111,60,428,602,dark_green,199.9894253945065,10.225770022042866,systemic_ambiguous,False
113,60,430,602,bright_green,216.8359664186503,10.225770022042866,receding,False
117,60,434,602,dark_green,199.9894253945065,10.225770022042866,systemic_ambiguous,False
120,60,437,602,bright_green,216.8359664186503,10.225770022042866,receding,False
121,60,438,602,dark_green,199.9894253945065,10.225770022042866,systemic_ambiguous,False
23,61,340,603,blue,166.66348022436136,10.225770022042866,approaching,False
24,61,341,603,blue,166.66348022436136,10.225770022042866,approaching,False
25,61,342,603,blue,166.66348022436136,10.225770022042866,approaching,False
26,61,343,603,blue,166.66348022436136,10.225770022042866,approaching,False
28,61,345,603,purple,150.00528898008042,10.225770022042866,approaching,False
29,61,346,603,purple,150.00528898008042,10.225770022042866,approaching,False
34,61,351,603,purple,150.00528898008042,10.225770022042866,approaching,False
35,61,352,603,purple,150.00528898008042,10.225770022042866,approaching,False
36,61,353,603,purple,150.00528898008042,10.225770022042866,approaching,False
37,61,354,603,purple,150.00528898008042,10.225770022042866,approaching,False
38,61,355,603,purple,150.00528898008042,10.225770022042866,approaching,False
39,61,356,603,blue,166.66348022436136,10.225770022042866,approaching,False
40,61,357,603,blue,166.66348022436136,10.225770022042866,approaching,False
41,61,358,603,blue,166.66348022436136,10.225770022042866,approaching,False
42,61,359,603,blue,166.66348022436136,10.225770022042866,approaching,False
43,61,360,603,blue,166.66348022436136,10.225770022042866,approaching,False
44,61,361,603,blue,166.66348022436136,10.225770022042866,approaching,False
45,61,362,603,blue,166.66348022436136,10.225770022042866,approaching,False
46,61,363,603,blue,166.66348022436136,10.225770022042866,approaching,False
48,61,365,603,light_blue,183.31851531264942,10.225770022042866,approaching,False
49,61,366,603,light_blue,183.31851531264942,10.225770022042866,approaching,False
51,61,368,603,blue,166.66348022436136,10.225770022042866,approaching,False
53,61,370,603,light_blue,183.31851531264942,10.225770022042866,approaching,False
54,61,371,603,light_blue,183.31851531264942,10.225770022042866,approaching,False
55,61,372,603,light_blue,183.31851531264942,10.225770022042866,approaching,False
56,61,373,603,light_blue,183.31851531264942,10.225770022042866,approaching,False
57,61,374,603,light_blue,183.31851531264942,10.225770022042866,approaching,False
58,61,375,603,light_blue,183.31851531264942,10.225770022042866,approaching,False
59,61,376,603,light_blue,183.31851531264942,10.225770022042866,approaching,False
61,61,378,603,blue,166.66348022436136,10.225770022042866,approaching,False
62,61,379,603,blue,166.66348022436136,10.225770022042866,approaching,False
63,61,380,603,blue,166.66348022436136,10.225770022042866,approaching,False
64,61,381,603,blue,166.66348022436136,10.225770022042866,approaching,False
65,61,382,603,blue,166.66348022436136,10.225770022042866,approaching,False
66,61,383,603,blue,166.66348022436136,10.225770022042866,approaching,False
67,61,384,603,blue,166.66348022436136,10.225770022042866,approaching,False
68,61,385,603,blue,166.66348022436136,10.225770022042866,approaching,False
69,61,386,603,blue,166.66348022436136,10.225770022042866,approaching,False
70,61,387,603,blue,166.66348022436136,10.225770022042866,approaching,False
72,61,389,603,purple,150.00528898008042,10.225770022042866,approaching,False
73,61,390,603,purple,150.00528898008042,10.225770022042866,approaching,False
74,61,391,603,purple,150.00528898008042,10.225770022042866,approaching,False
75,61,392,603,purple,150.00528898008042,10.225770022042866,approaching,False
76,61,393,603,purple,150.00528898008042,10.225770022042866,approaching,False
77,61,394,603,purple,150.00528898008042,10.225770022042866,approaching,False
78,61,395,603,purple,150.00528898008042,10.225770022042866,approaching,False
79,61,396,603,purple,150.00528898008042,10.225770022042866,approaching,False
80,61,397,603,purple,150.00528898008042,10.225770022042866,approaching,False
81,61,398,603,purple,150.00528898008042,10.225770022042866,approaching,False
82,61,399,603,purple,150.00528898008042,10.225770022042866,approaching,False
84,61,401,603,blue,166.66348022436136,10.225770022042866,approaching,False
85,61,402,603,blue,166.66348022436136,10.225770022042866,approaching,False
86,61,403,603,blue,166.66348022436136,10.225770022042866,approaching,False
87,61,404,603,blue,166.66348022436136,10.225770022042866,approaching,False
88,61,405,603,blue,166.66348022436136,10.225770022042866,approaching,False
89,61,406,603,blue,166.66348022436136,10.225770022042866,approaching,False
90,61,407,603,blue,166.66348022436136,10.225770022042866,approaching,False
92,61,409,603,light_blue,183.31851531264942,10.225770022042866,approaching,False
93,61,410,603,light_blue,183.31851531264942,10.225770022042866,approaching,False
94,61,411,603,light_blue,183.31851531264942,10.225770022042866,approaching,False
95,61,412,603,blue,166.66348022436136,10.225770022042866,approaching,False
97,61,414,603,light_blue,183.31851531264942,10.225770022042866,approaching,False
98,61,415,603,light_blue,183.31851531264942,10.225770022042866,approaching,False
99,61,416,603,light_blue,183.31851531264942,10.225770022042866,approaching,False
100,61,417,603,dark_green,199.9894253945065,10.225770022042866,systemic_ambiguous,False
101,61,418,603,dark_green,199.9894253945065,10.225770022042866,systemic_ambiguous,False
102,61,419,603,dark_green,199.9894253945065,10.225770022042866,systemic_ambiguous,False
103,61,420,603,dark_green,199.9894253945065,10.225770022042866,systemic_ambiguous,False
104,61,421,603,dark_green,199.9894253945065,10.225770022042866,systemic_ambiguous,False
105,61,422,603,bright_green,216.8359664186503,10.225770022042866,receding,False
106,61,423,603,bright_green,216.8359664186503,10.225770022042866,receding,False
107,61,424,603,bright_green,216.8359664186503,10.225770022042866,receding,False
108,61,425,603,dark_green,199.9894253945065,10.225770022042866,systemic_ambiguous,False
109,61,426,603,dark_green,199.9894253945065,10.225770022042866,systemic_ambiguous,False
110,61,427,603,dark_green,199.9894253945065,10.225770022042866,systemic_ambiguous,False
112,61,429,603,bright_green,216.8359664186503,10.225770022042866,receding,False
113,61,430,603,bright_green,216.8359664186503,10.225770022042866,receding,False
115,61,432,603,dark_green,199.9894253945065,10.225770022042866,systemic_ambiguous,False
116,61,433,603,dark_green,199.9894253945065,10.225770022042866,systemic_ambiguous,False
117,61,434,603,dark_green,199.9894253945065,10.225770022042866,systemic_ambiguous,False
118,61,435,603,dark_green,199.9894253945065,10.225770022042866,systemic_ambiguous,False
120,61,437,603,bright_green,216.8359664186503,10.225770022042866,receding,False
121,61,438,603,bright_green,216.8359664186503,10.225770022042866,receding,False
122,61,439,603,bright_green,216.8359664186503,10.225770022042866,receding,False
123,61,440,603,dark_green,199.9894253945065,10.225770022042866,systemic_ambiguous,False
124,61,441,603,dark_green,199.9894253945065,10.225770022042866,systemic_ambiguous,False
125,61,442,603,dark_green,199.9894253945065,10.225770022042866,systemic_ambiguous,False
126,61,443,603,dark_green,199.9894253945065,10.225770022042866,systemic_ambiguous,False
127,61,444,603,dark_green,199.9894253945065,10.225770022042866,systemic_ambiguous,False
128,61,445,603,dark_green,199.9894253945065,10.225770022042866,systemic_ambiguous,False
24,62,341,604,blue,166.66348022436136,10.225770022042866,approaching,False
25,62,342,604,blue,166.66348022436136,10.225770022042866,approaching,False
26,62,343,604,blue,166.66348022436136,10.225770022042866,approaching,False
27,62,344,604,blue,166.66348022436136,10.225770022042866,approaching,False
29,62,346,604,purple,150.00528898008042,10.225770022042866,approaching,False
34,62,351,604,purple,150.00528898008042,10.225770022042866,approaching,False
35,62,352,604,purple,150.00528898008042,10.225770022042866,approaching,False
36,62,353,604,purple,150.00528898008042,10.225770022042866,approaching,False
39,62,356,604,blue,166.66348022436136,10.225770022042866,approaching,False
40,62,357,604,blue,166.66348022436136,10.225770022042866,approaching,False
41,62,358,604,blue,166.66348022436136,10.225770022042866,approaching,False
42,62,359,604,blue,166.66348022436136,10.225770022042866,approaching,False
43,62,360,604,blue,166.66348022436136,10.225770022042866,approaching,False
48,62,365,604,light_blue,183.31851531264942,10.225770022042866,approaching,False
49,62,366,604,light_blue,183.31851531264942,10.225770022042866,approaching,False
53,62,370,604,light_blue,183.31851531264942,10.225770022042866,approaching,False
54,62,371,604,light_blue,183.31851531264942,10.225770022042866,approaching,False
55,62,372,604,light_blue,183.31851531264942,10.225770022042866,approaching,False
56,62,373,604,light_blue,183.31851531264942,10.225770022042866,approaching,False
57,62,374,604,light_blue,183.31851531264942,10.225770022042866,approaching,False
58,62,375,604,light_blue,183.31851531264942,10.225770022042866,approaching,False
59,62,376,604,light_blue,183.31851531264942,10.225770022042866,approaching,False
69,62,386,604,blue,166.66348022436136,10.225770022042866,approaching,False
70,62,387,604,blue,166.66348022436136,10.225770022042866,approaching,False
71,62,388,604,blue,166.66348022436136,10.225770022042866,approaching,False
74,62,391,604,purple,150.00528898008042,10.225770022042866,approaching,False
75,62,392,604,purple,150.00528898008042,10.225770022042866,approaching,False
76,62,393,604,purple,150.00528898008042,10.225770022042866,approaching,False
77,62,394,604,purple,150.00528898008042,10.225770022042866,approaching,False
78,62,395,604,purple,150.00528898008042,10.225770022042866,approaching,False
79,62,396,604,purple,150.00528898008042,10.225770022042866,approaching,False
80,62,397,604,purple,150.00528898008042,10.225770022042866,approaching,False
81,62,398,604,purple,150.00528898008042,10.225770022042866,approaching,False
82,62,399,604,purple,150.00528898008042,10.225770022042866,approaching,False
84,62,401,604,blue,166.66348022436136,10.225770022042866,approaching,False
85,62,402,604,blue,166.66348022436136,10.225770022042866,approaching,False
86,62,403,604,blue,166.66348022436136,10.225770022042866,approaching,False
87,62,404,604,blue,166.66348022436136,10.225770022042866,approaching,False
88,62,405,604,blue,166.66348022436136,10.225770022042866,approaching,False
89,62,406,604,blue,166.66348022436136,10.225770022042866,approaching,False
90,62,407,604,blue,166.66348022436136,10.225770022042866,approaching,False
94,62,411,604,light_blue,183.31851531264942,10.225770022042866,approaching,False
97,62,414,604,light_blue,183.31851531264942,10.225770022042866,approaching,False
100,62,417,604,dark_green,199.9894253945065,10.225770022042866,systemic_ambiguous,False
101,62,418,604,dark_green,199.9894253945065,10.225770022042866,systemic_ambiguous,False
102,62,419,604,dark_green,199.9894253945065,10.225770022042866,systemic_ambiguous,False
103,62,420,604,dark_green,199.9894253945065,10.225770022042866,systemic_ambiguous,False
104,62,421,604,dark_green,199.9894253945065,10.225770022042866,systemic_ambiguous,False
105,62,422,604,bright_green,216.8359664186503,10.225770022042866,receding,False
107,62,424,604,bright_green,216.8359664186503,10.225770022042866,receding,False
112,62,429,604,bright_green,216.8359664186503,10.225770022042866,receding,False
115,62,432,604,dark_green,199.9894253945065,10.225770022042866,systemic_ambiguous,False
116,62,433,604,dark_green,199.9894253945065,10.225770022042866,systemic_ambiguous,False
117,62,434,604,dark_green,199.9894253945065,10.225770022042866,systemic_ambiguous,False
118,62,435,604,dark_green,199.9894253945065,10.225770022042866,systemic_ambiguous,False
120,62,437,604,bright_green,216.8359664186503,10.225770022042866,receding,False
121,62,438,604,bright_green,216.8359664186503,10.225770022042866,receding,False
122,62,439,604,bright_green,216.8359664186503,10.225770022042866,receding,False
125,62,442,604,dark_green,199.9894253945065,10.225770022042866,systemic_ambiguous,False
23,63,340,605,purple,150.00528898008042,10.225770022042866,approaching,False
24,63,341,605,blue,166.66348022436136,10.225770022042866,approaching,False
25,63,342,605,blue,166.66348022436136,10.225770022042866,approaching,False
26,63,343,605,blue,166.66348022436136,10.225770022042866,approaching,False
27,63,344,605,blue,166.66348022436136,10.225770022042866,approaching,False
28,63,345,605,blue,166.66348022436136,10.225770022042866,approaching,False
29,63,346,605,purple,150.00528898008042,10.225770022042866,approaching,False
34,63,351,605,purple,150.00528898008042,10.225770022042866,approaching,False
35,63,352,605,purple,150.00528898008042,10.225770022042866,approaching,False
36,63,353,605,purple,150.00528898008042,10.225770022042866,approaching,False
38,63,355,605,blue,166.66348022436136,10.225770022042866,approaching,False
39,63,356,605,blue,166.66348022436136,10.225770022042866,approaching,False
40,63,357,605,blue,166.66348022436136,10.225770022042866,approaching,False
41,63,358,605,blue,166.66348022436136,10.225770022042866,approaching,False
42,63,359,605,blue,166.66348022436136,10.225770022042866,approaching,False
43,63,360,605,blue,166.66348022436136,10.225770022042866,approaching,False
46,63,363,605,light_blue,183.31851531264942,10.225770022042866,approaching,False
47,63,364,605,light_blue,183.31851531264942,10.225770022042866,approaching,False
48,63,365,605,light_blue,183.31851531264942,10.225770022042866,approaching,False
49,63,366,605,light_blue,183.31851531264942,10.225770022042866,approaching,False
50,63,367,605,light_blue,183.31851531264942,10.225770022042866,approaching,False
51,63,368,605,light_blue,183.31851531264942,10.225770022042866,approaching,False
52,63,369,605,light_blue,183.31851531264942,10.225770022042866,approaching,False
53,63,370,605,light_blue,183.31851531264942,10.225770022042866,approaching,False
54,63,371,605,light_blue,183.31851531264942,10.225770022042866,approaching,False
55,63,372,605,light_blue,183.31851531264942,10.225770022042866,approaching,False
56,63,373,605,light_blue,183.31851531264942,10.225770022042866,approaching,False
57,63,374,605,light_blue,183.31851531264942,10.225770022042866,approaching,False
58,63,375,605,light_blue,183.31851531264942,10.225770022042866,approaching,False
59,63,376,605,light_blue,183.31851531264942,10.225770022042866,approaching,False
60,63,377,605,light_blue,183.31851531264942,10.225770022042866,approaching,False
61,63,378,605,light_blue,183.31851531264942,10.225770022042866,approaching,False
62,63,379,605,light_blue,183.31851531264942,10.225770022042866,approaching,False
63,63,380,605,light_blue,183.31851531264942,10.225770022042866,approaching,False
64,63,381,605,light_blue,183.31851531264942,10.225770022042866,approaching,False
65,63,382,605,light_blue,183.31851531264942,10.225770022042866,approaching,False
66,63,383,605,light_blue,183.31851531264942,10.225770022042866,approaching,False
67,63,384,605,light_blue,183.31851531264942,10.225770022042866,approaching,False
69,63,386,605,blue,166.66348022436136,10.225770022042866,approaching,False
70,63,387,605,blue,166.66348022436136,10.225770022042866,approaching,False
71,63,388,605,blue,166.66348022436136,10.225770022042866,approaching,False
72,63,389,605,blue,166.66348022436136,10.225770022042866,approaching,False
74,63,391,605,purple,150.00528898008042,10.225770022042866,approaching,False
75,63,392,605,purple,150.00528898008042,10.225770022042866,approaching,False
76,63,393,605,purple,150.00528898008042,10.225770022042866,approaching,False
77,63,394,605,purple,150.00528898008042,10.225770022042866,approaching,False
78,63,395,605,purple,150.00528898008042,10.225770022042866,approaching,False
79,63,396,605,purple,150.00528898008042,10.225770022042866,approaching,False
80,63,397,605,purple,150.00528898008042,10.225770022042866,approaching,False
81,63,398,605,purple,150.00528898008042,10.225770022042866,approaching,False
82,63,399,605,purple,150.00528898008042,10.225770022042866,approaching,False
84,63,401,605,blue,166.66348022436136,10.225770022042866,approaching,False
85,63,402,605,blue,166.66348022436136,10.225770022042866,approaching,False
86,63,403,605,blue,166.66348022436136,10.225770022042866,approaching,False
87,63,404,605,blue,166.66348022436136,10.225770022042866,approaching,False
88,63,405,605,blue,166.66348022436136,10.225770022042866,approaching,False
89,63,406,605,blue,166.66348022436136,10.225770022042866,approaching,False
90,63,407,605,blue,166.66348022436136,10.225770022042866,approaching,False
91,63,408,605,blue,166.66348022436136,10.225770022042866,approaching,False
92,63,409,605,blue,166.66348022436136,10.225770022042866,approaching,False
94,63,411,605,light_blue,183.31851531264942,10.225770022042866,approaching,False
95,63,412,605,light_blue,183.31851531264942,10.225770022042866,approaching,False
96,63,413,605,light_blue,183.31851531264942,10.225770022042866,approaching,False
97,63,414,605,light_blue,183.31851531264942,10.225770022042866,approaching,False
99,63,416,605,dark_green,199.9894253945065,10.225770022042866,systemic_ambiguous,False
100,63,417,605,dark_green,199.9894253945065,10.225770022042866,systemic_ambiguous,False
102,63,419,605,dark_green,199.9894253945065,10.225770022042866,systemic_ambiguous,False
103,63,420,605,dark_green,199.9894253945065,10.225770022042866,systemic_ambiguous,False
104,63,421,605,dark_green,199.9894253945065,10.225770022042866,systemic_ambiguous,False
105,63,422,605,bright_green,216.8359664186503,10.225770022042866,receding,False
106,63,423,605,bright_green,216.8359664186503,10.225770022042866,receding,False
107,63,424,605,bright_green,216.8359664186503,10.225770022042866,receding,False
108,63,425,605,bright_green,216.8359664186503,10.225770022042866,receding,False
109,63,426,605,bright_green,216.8359664186503,10.225770022042866,receding,False
110,63,427,605,bright_green,216.8359664186503,10.225770022042866,receding,False
111,63,428,605,bright_green,216.8359664186503,10.225770022042866,receding,False
112,63,429,605,bright_green,216.8359664186503,10.225770022042866,receding,False
113,63,430,605,dark_green,199.9894253945065,10.225770022042866,systemic_ambiguous,False
114,63,431,605,dark_green,199.9894253945065,10.225770022042866,systemic_ambiguous,False
115,63,432,605,dark_green,199.9894253945065,10.225770022042866,systemic_ambiguous,False
116,63,433,605,dark_green,199.9894253945065,10.225770022042866,systemic_ambiguous,False
117,63,434,605,dark_green,199.9894253945065,10.225770022042866,systemic_ambiguous,False
118,63,435,605,dark_green,199.9894253945065,10.225770022042866,systemic_ambiguous,False
120,63,437,605,bright_green,216.8359664186503,10.225770022042866,receding,False
121,63,438,605,bright_green,216.8359664186503,10.225770022042866,receding,False
122,63,439,605,bright_green,216.8359664186503,10.225770022042866,receding,False
123,63,440,605,bright_green,216.8359664186503,10.225770022042866,receding,False
125,63,442,605,dark_green,199.9894253945065,10.225770022042866,systemic_ambiguous,False
23,64,340,606,purple,150.00528898008042,10.225770022042866,approaching,False
26,64,343,606,blue,166.66348022436136,10.225770022042866,approaching,False
27,64,344,606,blue,166.66348022436136,10.225770022042866,approaching,False
28,64,345,606,blue,166.66348022436136,10.225770022042866,approaching,False
29,64,346,606,purple,150.00528898008042,10.225770022042866,approaching,False
36,64,353,606,purple,150.00528898008042,10.225770022042866,approaching,False
38,64,355,606,blue,166.66348022436136,10.225770022042866,approaching,False
39,64,356,606,blue,166.66348022436136,10.225770022042866,approaching,False
40,64,357,606,blue,166.66348022436136,10.225770022042866,approaching,False
41,64,358,606,blue,166.66348022436136,10.225770022042866,approaching,False
42,64,359,606,blue,166.66348022436136,10.225770022042866,approaching,False
43,64,360,606,blue,166.66348022436136,10.225770022042866,approaching,False
46,64,363,606,light_blue,183.31851531264942,10.225770022042866,approaching,False
47,64,364,606,light_blue,183.31851531264942,10.225770022042866,approaching,False
48,64,365,606,light_blue,183.31851531264942,10.225770022042866,approaching,False
49,64,366,606,light_blue,183.31851531264942,10.225770022042866,approaching,False
50,64,367,606,light_blue,183.31851531264942,10.225770022042866,approaching,False
51,64,368,606,light_blue,183.31851531264942,10.225770022042866,approaching,False
52,64,369,606,light_blue,183.31851531264942,10.225770022042866,approaching,False
53,64,370,606,light_blue,183.31851531264942,10.225770022042866,approaching,False
54,64,371,606,light_blue,183.31851531264942,10.225770022042866,approaching,False
55,64,372,606,light_blue,183.31851531264942,10.225770022042866,approaching,False
56,64,373,606,light_blue,183.31851531264942,10.225770022042866,approaching,False
57,64,374,606,light_blue,183.31851531264942,10.225770022042866,approaching,False
58,64,375,606,light_blue,183.31851531264942,10.225770022042866,approaching,False
59,64,376,606,light_blue,183.31851531264942,10.225770022042866,approaching,False
60,64,377,606,light_blue,183.31851531264942,10.225770022042866,approaching,False
61,64,378,606,light_blue,183.31851531264942,10.225770022042866,approaching,False
62,64,379,606,light_blue,183.31851531264942,10.225770022042866,approaching,False
63,64,380,606,light_blue,183.31851531264942,10.225770022042866,approaching,False
64,64,381,606,light_blue,183.31851531264942,10.225770022042866,approaching,False
65,64,382,606,light_blue,183.31851531264942,10.225770022042866,approaching,False
66,64,383,606,light_blue,183.31851531264942,10.225770022042866,approaching,False
67,64,384,606,light_blue,183.31851531264942,10.225770022042866,approaching,False
69,64,386,606,blue,166.66348022436136,10.225770022042866,approaching,False
70,64,387,606,blue,166.66348022436136,10.225770022042866,approaching,False
71,64,388,606,blue,166.66348022436136,10.225770022042866,approaching,False
72,64,389,606,blue,166.66348022436136,10.225770022042866,approaching,False
73,64,390,606,blue,166.66348022436136,10.225770022042866,approaching,False
76,64,393,606,purple,150.00528898008042,10.225770022042866,approaching,False
77,64,394,606,purple,150.00528898008042,10.225770022042866,approaching,False
78,64,395,606,purple,150.00528898008042,10.225770022042866,approaching,False
79,64,396,606,purple,150.00528898008042,10.225770022042866,approaching,False
80,64,397,606,purple,150.00528898008042,10.225770022042866,approaching,False
81,64,398,606,purple,150.00528898008042,10.225770022042866,approaching,False
82,64,399,606,purple,150.00528898008042,10.225770022042866,approaching,False
84,64,401,606,blue,166.66348022436136,10.225770022042866,approaching,False
85,64,402,606,blue,166.66348022436136,10.225770022042866,approaching,False
86,64,403,606,blue,166.66348022436136,10.225770022042866,approaching,False
87,64,404,606,blue,166.66348022436136,10.225770022042866,approaching,False
88,64,405,606,blue,166.66348022436136,10.225770022042866,approaching,False
89,64,406,606,blue,166.66348022436136,10.225770022042866,approaching,False
90,64,407,606,blue,166.66348022436136,10.225770022042866,approaching,False
91,64,408,606,blue,166.66348022436136,10.225770022042866,approaching,False
92,64,409,606,blue,166.66348022436136,10.225770022042866,approaching,False
95,64,412,606,light_blue,183.31851531264942,10.225770022042866,approaching,False
96,64,413,606,light_blue,183.31851531264942,10.225770022042866,approaching,False
97,64,414,606,light_blue,183.31851531264942,10.225770022042866,approaching,False
99,64,416,606,dark_green,199.9894253945065,10.225770022042866,systemic_ambiguous,False
100,64,417,606,dark_green,199.9894253945065,10.225770022042866,systemic_ambiguous,False
101,64,418,606,dark_green,199.9894253945065,10.225770022042866,systemic_ambiguous,False
102,64,419,606,dark_green,199.9894253945065,10.225770022042866,systemic_ambiguous,False
103,64,420,606,dark_green,199.9894253945065,10.225770022042866,systemic_ambiguous,False
104,64,421,606,dark_green,199.9894253945065,10.225770022042866,systemic_ambiguous,False
108,64,425,606,bright_green,216.8359664186503,10.225770022042866,receding,False
109,64,426,606,bright_green,216.8359664186503,10.225770022042866,receding,False
110,64,427,606,bright_green,216.8359664186503,10.225770022042866,receding,False
111,64,428,606,bright_green,216.8359664186503,10.225770022042866,receding,False
112,64,429,606,bright_green,216.8359664186503,10.225770022042866,receding,False
113,64,430,606,dark_green,199.9894253945065,10.225770022042866,systemic_ambiguous,False
114,64,431,606,dark_green,199.9894253945065,10.225770022042866,systemic_ambiguous,False
115,64,432,606,dark_green,199.9894253945065,10.225770022042866,systemic_ambiguous,False
116,64,433,606,dark_green,199.9894253945065,10.225770022042866,systemic_ambiguous,False
117,64,434,606,dark_green,199.9894253945065,10.225770022042866,systemic_ambiguous,False
118,64,435,606,dark_green,199.9894253945065,10.225770022042866,systemic_ambiguous,False
122,64,439,606,bright_green,216.8359664186503,10.225770022042866,receding,False
123,64,440,606,bright_green,216.8359664186503,10.225770022042866,receding,False
124,64,441,606,dark_green,199.9894253945065,10.225770022042866,systemic_ambiguous,False
19,65,336,607,purple,150.00528898008042,10.225770022042866,approaching,False
20,65,337,607,purple,150.00528898008042,10.225770022042866,approaching,False
21,65,338,607,purple,150.00528898008042,10.225770022042866,approaching,False
22,65,339,607,purple,150.00528898008042,10.225770022042866,approaching,False
23,65,340,607,purple,150.00528898008042,10.225770022042866,approaching,False
24,65,341,607,purple,150.00528898008042,10.225770022042866,approaching,False
26,65,343,607,blue,166.66348022436136,10.225770022042866,approaching,False
27,65,344,607,blue,166.66348022436136,10.225770022042866,approaching,False
28,65,345,607,blue,166.66348022436136,10.225770022042866,approaching,False
34,65,351,607,blue,166.66348022436136,10.225770022042866,approaching,False
38,65,355,607,blue,166.66348022436136,10.225770022042866,approaching,False
39,65,356,607,blue,166.66348022436136,10.225770022042866,approaching,False
40,65,357,607,blue,166.66348022436136,10.225770022042866,approaching,False
41,65,358,607,blue,166.66348022436136,10.225770022042866,approaching,False
46,65,363,607,light_blue,183.31851531264942,10.225770022042866,approaching,False
47,65,364,607,light_blue,183.31851531264942,10.225770022042866,approaching,False
48,65,365,607,light_blue,183.31851531264942,10.225770022042866,approaching,False
49,65,366,607,light_blue,183.31851531264942,10.225770022042866,approaching,False
50,65,367,607,light_blue,183.31851531264942,10.225770022042866,approaching,False
51,65,368,607,light_blue,183.31851531264942,10.225770022042866,approaching,False
52,65,369,607,light_blue,183.31851531264942,10.225770022042866,approaching,False
53,65,370,607,light_blue,183.31851531264942,10.225770022042866,approaching,False
54,65,371,607,light_blue,183.31851531264942,10.225770022042866,approaching,False
55,65,372,607,light_blue,183.31851531264942,10.225770022042866,approaching,False
56,65,373,607,light_blue,183.31851531264942,10.225770022042866,approaching,False
57,65,374,607,light_blue,183.31851531264942,10.225770022042866,approaching,False
58,65,375,607,light_blue,183.31851531264942,10.225770022042866,approaching,False
59,65,376,607,light_blue,183.31851531264942,10.225770022042866,approaching,False
60,65,377,607,light_blue,183.31851531264942,10.225770022042866,approaching,False
61,65,378,607,light_blue,183.31851531264942,10.225770022042866,approaching,False
62,65,379,607,light_blue,183.31851531264942,10.225770022042866,approaching,False
63,65,380,607,light_blue,183.31851531264942,10.225770022042866,approaching,False
64,65,381,607,light_blue,183.31851531264942,10.225770022042866,approaching,False
65,65,382,607,light_blue,183.31851531264942,10.225770022042866,approaching,False
66,65,383,607,light_blue,183.31851531264942,10.225770022042866,approaching,False
67,65,384,607,light_blue,183.31851531264942,10.225770022042866,approaching,False
69,65,386,607,blue,166.66348022436136,10.225770022042866,approaching,False
70,65,387,607,blue,166.66348022436136,10.225770022042866,approaching,False
71,65,388,607,blue,166.66348022436136,10.225770022042866,approaching,False
72,65,389,607,blue,166.66348022436136,10.225770022042866,approaching,False
73,65,390,607,blue,166.66348022436136,10.225770022042866,approaching,False
74,65,391,607,blue,166.66348022436136,10.225770022042866,approaching,False
77,65,394,607,purple,150.00528898008042,10.225770022042866,approaching,False
78,65,395,607,purple,150.00528898008042,10.225770022042866,approaching,False
80,65,397,607,purple,150.00528898008042,10.225770022042866,approaching,False
81,65,398,607,purple,150.00528898008042,10.225770022042866,approaching,False
84,65,401,607,blue,166.66348022436136,10.225770022042866,approaching,False
85,65,402,607,blue,166.66348022436136,10.225770022042866,approaching,False
86,65,403,607,blue,166.66348022436136,10.225770022042866,approaching,False
87,65,404,607,blue,166.66348022436136,10.225770022042866,approaching,False
88,65,405,607,blue,166.66348022436136,10.225770022042866,approaching,False
89,65,406,607,blue,166.66348022436136,10.225770022042866,approaching,False
90,65,407,607,blue,166.66348022436136,10.225770022042866,approaching,False
91,65,408,607,blue,166.66348022436136,10.225770022042866,approaching,False
92,65,409,607,blue,166.66348022436136,10.225770022042866,approaching,False
95,65,412,607,light_blue,183.31851531264942,10.225770022042866,approaching,False
96,65,413,607,light_blue,183.31851531264942,10.225770022042866,approaching,False
97,65,414,607,light_blue,183.31851531264942,10.225770022042866,approaching,False
99,65,416,607,dark_green,199.9894253945065,10.225770022042866,systemic_ambiguous,False
100,65,417,607,dark_green,199.9894253945065,10.225770022042866,systemic_ambiguous,False
101,65,418,607,dark_green,199.9894253945065,10.225770022042866,systemic_ambiguous,False
102,65,419,607,dark_green,199.9894253945065,10.225770022042866,systemic_ambiguous,False
107,65,424,607,dark_green,199.9894253945065,10.225770022042866,systemic_ambiguous,False
113,65,430,607,dark_green,199.9894253945065,10.225770022042866,systemic_ambiguous,False
114,65,431,607,dark_green,199.9894253945065,10.225770022042866,systemic_ambiguous,False
115,65,432,607,dark_green,199.9894253945065,10.225770022042866,systemic_ambiguous,False
116,65,433,607,dark_green,199.9894253945065,10.225770022042866,systemic_ambiguous,False
117,65,434,607,dark_green,199.9894253945065,10.225770022042866,systemic_ambiguous,False
122,65,439,607,dark_green,199.9894253945065,10.225770022042866,systemic_ambiguous,False
123,65,440,607,dark_green,199.9894253945065,10.225770022042866,systemic_ambiguous,False
19,66,336,608,purple,150.00528898008042,10.225770022042866,approaching,False
20,66,337,608,purple,150.00528898008042,10.225770022042866,approaching,False
21,66,338,608,purple,150.00528898008042,10.225770022042866,approaching,False
22,66,339,608,purple,150.00528898008042,10.225770022042866,approaching,False
23,66,340,608,purple,150.00528898008042,10.225770022042866,approaching,False
24,66,341,608,purple,150.00528898008042,10.225770022042866,approaching,False
26,66,343,608,blue,166.66348022436136,10.225770022042866,approaching,False
27,66,344,608,blue,166.66348022436136,10.225770022042866,approaching,False
28,66,345,608,blue,166.66348022436136,10.225770022042866,approaching,False
29,66,346,608,blue,166.66348022436136,10.225770022042866,approaching,False
33,66,350,608,blue,166.66348022436136,10.225770022042866,approaching,False
34,66,351,608,blue,166.66348022436136,10.225770022042866,approaching,False
35,66,352,608,blue,166.66348022436136,10.225770022042866,approaching,False
36,66,353,608,blue,166.66348022436136,10.225770022042866,approaching,False
37,66,354,608,blue,166.66348022436136,10.225770022042866,approaching,False
38,66,355,608,blue,166.66348022436136,10.225770022042866,approaching,False
39,66,356,608,blue,166.66348022436136,10.225770022042866,approaching,False
40,66,357,608,blue,166.66348022436136,10.225770022042866,approaching,False
41,66,358,608,blue,166.66348022436136,10.225770022042866,approaching,False
43,66,360,608,light_blue,183.31851531264942,10.225770022042866,approaching,False
44,66,361,608,light_blue,183.31851531264942,10.225770022042866,approaching,False
45,66,362,608,light_blue,183.31851531264942,10.225770022042866,approaching,False
46,66,363,608,light_blue,183.31851531264942,10.225770022042866,approaching,False
47,66,364,608,light_blue,183.31851531264942,10.225770022042866,approaching,False
48,66,365,608,light_blue,183.31851531264942,10.225770022042866,approaching,False
49,66,366,608,light_blue,183.31851531264942,10.225770022042866,approaching,False
50,66,367,608,light_blue,183.31851531264942,10.225770022042866,approaching,False
51,66,368,608,light_blue,183.31851531264942,10.225770022042866,approaching,False
52,66,369,608,light_blue,183.31851531264942,10.225770022042866,approaching,False
53,66,370,608,light_blue,183.31851531264942,10.225770022042866,approaching,False
54,66,371,608,light_blue,183.31851531264942,10.225770022042866,approaching,False
55,66,372,608,light_blue,183.31851531264942,10.225770022042866,approaching,False
56,66,373,608,light_blue,183.31851531264942,10.225770022042866,approaching,False
57,66,374,608,light_blue,183.31851531264942,10.225770022042866,approaching,False
58,66,375,608,light_blue,183.31851531264942,10.225770022042866,approaching,False
59,66,376,608,light_blue,183.31851531264942,10.225770022042866,approaching,False
60,66,377,608,light_blue,183.31851531264942,10.225770022042866,approaching,False
61,66,378,608,light_blue,183.31851531264942,10.225770022042866,approaching,False
62,66,379,608,light_blue,183.31851531264942,10.225770022042866,approaching,False
63,66,380,608,light_blue,183.31851531264942,10.225770022042866,approaching,False
64,66,381,608,light_blue,183.31851531264942,10.225770022042866,approaching,False
65,66,382,608,light_blue,183.31851531264942,10.225770022042866,approaching,False
66,66,383,608,light_blue,183.31851531264942,10.225770022042866,approaching,False
67,66,384,608,light_blue,183.31851531264942,10.225770022042866,approaching,False
69,66,386,608,blue,166.66348022436136,10.225770022042866,approaching,False
70,66,387,608,blue,166.66348022436136,10.225770022042866,approaching,False
71,66,388,608,blue,166.66348022436136,10.225770022042866,approaching,False
72,66,389,608,blue,166.66348022436136,10.225770022042866,approaching,False
73,66,390,608,blue,166.66348022436136,10.225770022042866,approaching,False
74,66,391,608,blue,166.66348022436136,10.225770022042866,approaching,False
75,66,392,608,blue,166.66348022436136,10.225770022042866,approaching,False
77,66,394,608,purple,150.00528898008042,10.225770022042866,approaching,False
79,66,396,608,blue,166.66348022436136,10.225770022042866,approaching,False
82,66,399,608,blue,166.66348022436136,10.225770022042866,approaching,False
83,66,400,608,blue,166.66348022436136,10.225770022042866,approaching,False
84,66,401,608,blue,166.66348022436136,10.225770022042866,approaching,False
85,66,402,608,blue,166.66348022436136,10.225770022042866,approaching,False
86,66,403,608,blue,166.66348022436136,10.225770022042866,approaching,False
87,66,404,608,blue,166.66348022436136,10.225770022042866,approaching,False
88,66,405,608,blue,166.66348022436136,10.225770022042866,approaching,False
89,66,406,608,blue,166.66348022436136,10.225770022042866,approaching,False
90,66,407,608,blue,166.66348022436136,10.225770022042866,approaching,False
91,66,408,608,blue,166.66348022436136,10.225770022042866,approaching,False
92,66,409,608,blue,166.66348022436136,10.225770022042866,approaching,False
94,66,411,608,light_blue,183.31851531264942,10.225770022042866,approaching,False
95,66,412,608,light_blue,183.31851531264942,10.225770022042866,approaching,False
96,66,413,608,light_blue,183.31851531264942,10.225770022042866,approaching,False
97,66,414,608,light_blue,183.31851531264942,10.225770022042866,approaching,False
99,66,416,608,dark_green,199.9894253945065,10.225770022042866,systemic_ambiguous,False
100,66,417,608,dark_green,199.9894253945065,10.225770022042866,systemic_ambiguous,False
101,66,418,608,dark_green,199.9894253945065,10.225770022042866,systemic_ambiguous,False
102,66,419,608,dark_green,199.9894253945065,10.225770022042866,systemic_ambiguous,False
107,66,424,608,dark_green,199.9894253945065,10.225770022042866,systemic_ambiguous,False
108,66,425,608,dark_green,199.9894253945065,10.225770022042866,systemic_ambiguous,False
109,66,426,608,dark_green,199.9894253945065,10.225770022042866,systemic_ambiguous,False
110,66,427,608,dark_green,199.9894253945065,10.225770022042866,systemic_ambiguous,False
111,66,428,608,dark_green,199.9894253945065,10.225770022042866,systemic_ambiguous,False
112,66,429,608,dark_green,199.9894253945065,10.225770022042866,systemic_ambiguous,False
113,66,430,608,dark_green,199.9894253945065,10.225770022042866,systemic_ambiguous,False
114,66,431,608,dark_green,199.9894253945065,10.225770022042866,systemic_ambiguous,False
115,66,432,608,dark_green,199.9894253945065,10.225770022042866,systemic_ambiguous,False
116,66,433,608,dark_green,199.9894253945065,10.225770022042866,systemic_ambiguous,False
117,66,434,608,dark_green,199.9894253945065,10.225770022042866,systemic_ambiguous,False
19,67,336,609,purple,150.00528898008042,10.225770022042866,approaching,False
20,67,337,609,purple,150.00528898008042,10.225770022042866,approaching,False
21,67,338,609,purple,150.00528898008042,10.225770022042866,approaching,False
22,67,339,609,purple,150.00528898008042,10.225770022042866,approaching,False
23,67,340,609,purple,150.00528898008042,10.225770022042866,approaching,False
26,67,343,609,blue,166.66348022436136,10.225770022042866,approaching,False
27,67,344,609,blue,166.66348022436136,10.225770022042866,approaching,False
28,67,345,609,blue,166.66348022436136,10.225770022042866,approaching,False
34,67,351,609,blue,166.66348022436136,10.225770022042866,approaching,False
35,67,352,609,blue,166.66348022436136,10.225770022042866,approaching,False
36,67,353,609,blue,166.66348022436136,10.225770022042866,approaching,False
37,67,354,609,blue,166.66348022436136,10.225770022042866,approaching,False
38,67,355,609,blue,166.66348022436136,10.225770022042866,approaching,False
39,67,356,609,blue,166.66348022436136,10.225770022042866,approaching,False
43,67,360,609,light_blue,183.31851531264942,10.225770022042866,approaching,False
44,67,361,609,light_blue,183.31851531264942,10.225770022042866,approaching,False
45,67,362,609,light_blue,183.31851531264942,10.225770022042866,approaching,False
46,67,363,609,light_blue,183.31851531264942,10.225770022042866,approaching,False
47,67,364,609,light_blue,183.31851531264942,10.225770022042866,approaching,False
48,67,365,609,light_blue,183.31851531264942,10.225770022042866,approaching,False
49,67,366,609,light_blue,183.31851531264942,10.225770022042866,approaching,False
50,67,367,609,light_blue,183.31851531264942,10.225770022042866,approaching,False
51,67,368,609,light_blue,183.31851531264942,10.225770022042866,approaching,False
52,67,369,609,light_blue,183.31851531264942,10.225770022042866,approaching,False
53,67,370,609,light_blue,183.31851531264942,10.225770022042866,approaching,False
56,67,373,609,light_blue,183.31851531264942,10.225770022042866,approaching,False
57,67,374,609,light_blue,183.31851531264942,10.225770022042866,approaching,False
58,67,375,609,light_blue,183.31851531264942,10.225770022042866,approaching,False
59,67,376,609,light_blue,183.31851531264942,10.225770022042866,approaching,False
60,67,377,609,light_blue,183.31851531264942,10.225770022042866,approaching,False
61,67,378,609,light_blue,183.31851531264942,10.225770022042866,approaching,False
62,67,379,609,light_blue,183.31851531264942,10.225770022042866,approaching,False
63,67,380,609,light_blue,183.31851531264942,10.225770022042866,approaching,False
64,67,381,609,light_blue,183.31851531264942,10.225770022042866,approaching,False
65,67,382,609,light_blue,183.31851531264942,10.225770022042866,approaching,False
66,67,383,609,light_blue,183.31851531264942,10.225770022042866,approaching,False
67,67,384,609,light_blue,183.31851531264942,10.225770022042866,approaching,False
69,67,386,609,blue,166.66348022436136,10.225770022042866,approaching,False
70,67,387,609,blue,166.66348022436136,10.225770022042866,approaching,False
71,67,388,609,blue,166.66348022436136,10.225770022042866,approaching,False
72,67,389,609,blue,166.66348022436136,10.225770022042866,approaching,False
73,67,390,609,blue,166.66348022436136,10.225770022042866,approaching,False
74,67,391,609,blue,166.66348022436136,10.225770022042866,approaching,False
75,67,392,609,blue,166.66348022436136,10.225770022042866,approaching,False
76,67,393,609,blue,166.66348022436136,10.225770022042866,approaching,False
79,67,396,609,blue,166.66348022436136,10.225770022042866,approaching,False
82,67,399,609,blue,166.66348022436136,10.225770022042866,approaching,False
83,67,400,609,blue,166.66348022436136,10.225770022042866,approaching,False
84,67,401,609,blue,166.66348022436136,10.225770022042866,approaching,False
85,67,402,609,blue,166.66348022436136,10.225770022042866,approaching,False
86,67,403,609,blue,166.66348022436136,10.225770022042866,approaching,False
87,67,404,609,blue,166.66348022436136,10.225770022042866,approaching,False
88,67,405,609,blue,166.66348022436136,10.225770022042866,approaching,False
89,67,406,609,blue,166.66348022436136,10.225770022042866,approaching,False
90,67,407,609,blue,166.66348022436136,10.225770022042866,approaching,False
94,67,411,609,light_blue,183.31851531264942,10.225770022042866,approaching,False
95,67,412,609,light_blue,183.31851531264942,10.225770022042866,approaching,False
96,67,413,609,light_blue,183.31851531264942,10.225770022042866,approaching,False
97,67,414,609,light_blue,183.31851531264942,10.225770022042866,approaching,False
100,67,417,609,dark_green,199.9894253945065,10.225770022042866,systemic_ambiguous,False
101,67,418,609,dark_green,199.9894253945065,10.225770022042866,systemic_ambiguous,False
102,67,419,609,dark_green,199.9894253945065,10.225770022042866,systemic_ambiguous,False
108,67,425,609,dark_green,199.9894253945065,10.225770022042866,systemic_ambiguous,False
109,67,426,609,dark_green,199.9894253945065,10.225770022042866,systemic_ambiguous,False
110,67,427,609,dark_green,199.9894253945065,10.225770022042866,systemic_ambiguous,False
111,67,428,609,dark_green,199.9894253945065,10.225770022042866,systemic_ambiguous,False
112,67,429,609,dark_green,199.9894253945065,10.225770022042866,systemic_ambiguous,False
113,67,430,609,dark_green,199.9894253945065,10.225770022042866,systemic_ambiguous,False
114,67,431,609,dark_green,199.9894253945065,10.225770022042866,systemic_ambiguous,False
115,67,432,609,dark_green,199.9894253945065,10.225770022042866,systemic_ambiguous,False
19,68,336,610,purple,150.00528898008042,10.225770022042866,approaching,False
20,68,337,610,purple,150.00528898008042,10.225770022042866,approaching,False
24,68,341,610,blue,166.66348022436136,10.225770022042866,approaching,False
25,68,342,610,blue,166.66348022436136,10.225770022042866,approaching,False
26,68,343,610,blue,166.66348022436136,10.225770022042866,approaching,False
27,68,344,610,blue,166.66348022436136,10.225770022042866,approaching,False
28,68,345,610,blue,166.66348022436136,10.225770022042866,approaching,False
36,68,353,610,blue,166.66348022436136,10.225770022042866,approaching,False
37,68,354,610,blue,166.66348022436136,10.225770022042866,approaching,False
38,68,355,610,blue,166.66348022436136,10.225770022042866,approaching,False
39,68,356,610,blue,166.66348022436136,10.225770022042866,approaching,False
41,68,358,610,light_blue,183.31851531264942,10.225770022042866,approaching,False
42,68,359,610,light_blue,183.31851531264942,10.225770022042866,approaching,False
43,68,360,610,light_blue,183.31851531264942,10.225770022042866,approaching,False
44,68,361,610,light_blue,183.31851531264942,10.225770022042866,approaching,False
45,68,362,610,light_blue,183.31851531264942,10.225770022042866,approaching,False
46,68,363,610,light_blue,183.31851531264942,10.225770022042866,approaching,False
47,68,364,610,light_blue,183.31851531264942,10.225770022042866,approaching,False
48,68,365,610,light_blue,183.31851531264942,10.225770022042866,approaching,False
49,68,366,610,light_blue,183.31851531264942,10.225770022042866,approaching,False
50,68,367,610,light_blue,183.31851531264942,10.225770022042866,approaching,False
51,68,368,610,light_blue,183.31851531264942,10.225770022042866,approaching,False
56,68,373,610,light_blue,183.31851531264942,10.225770022042866,approaching,False
62,68,379,610,light_blue,183.31851531264942,10.225770022042866,approaching,False
63,68,380,610,light_blue,183.31851531264942,10.225770022042866,approaching,False
64,68,381,610,light_blue,183.31851531264942,10.225770022042866,approaching,False
65,68,382,610,light_blue,183.31851531264942,10.225770022042866,approaching,False
66,68,383,610,light_blue,183.31851531264942,10.225770022042866,approaching,False
67,68,384,610,light_blue,183.31851531264942,10.225770022042866,approaching,False
72,68,389,610,blue,166.66348022436136,10.225770022042866,approaching,False
73,68,390,610,blue,166.66348022436136,10.225770022042866,approaching,False
74,68,391,610,blue,166.66348022436136,10.225770022042866,approaching,False
75,68,392,610,blue,166.66348022436136,10.225770022042866,approaching,False
76,68,393,610,blue,166.66348022436136,10.225770022042866,approaching,False
77,68,394,610,blue,166.66348022436136,10.225770022042866,approaching,False
78,68,395,610,blue,166.66348022436136,10.225770022042866,approaching,False
79,68,396,610,blue,166.66348022436136,10.225770022042866,approaching,False
80,68,397,610,blue,166.66348022436136,10.225770022042866,approaching,False
81,68,398,610,blue,166.66348022436136,10.225770022042866,approaching,False
82,68,399,610,blue,166.66348022436136,10.225770022042866,approaching,False
83,68,400,610,blue,166.66348022436136,10.225770022042866,approaching,False
84,68,401,610,blue,166.66348022436136,10.225770022042866,approaching,False
85,68,402,610,blue,166.66348022436136,10.225770022042866,approaching,False
86,68,403,610,blue,166.66348022436136,10.225770022042866,approaching,False
92,68,409,610,light_blue,183.31851531264942,10.225770022042866,approaching,False
93,68,410,610,light_blue,183.31851531264942,10.225770022042866,approaching,False
94,68,411,610,light_blue,183.31851531264942,10.225770022042866,approaching,False
95,68,412,610,light_blue,183.31851531264942,10.225770022042866,approaching,False
96,68,413,610,light_blue,183.31851531264942,10.225770022042866,approaching,False
97,68,414,610,light_blue,183.31851531264942,10.225770022042866,approaching,False
98,68,415,610,light_blue,183.31851531264942,10.225770022042866,approaching,False
99,68,416,610,light_blue,183.31851531264942,10.225770022042866,approaching,False
100,68,417,610,dark_green,199.9894253945065,10.225770022042866,systemic_ambiguous,False
101,68,418,610,dark_green,199.9894253945065,10.225770022042866,systemic_ambiguous,False
107,68,424,610,light_blue,183.31851531264942,10.225770022042866,approaching,False
108,68,425,610,dark_green,199.9894253945065,10.225770022042866,systemic_ambiguous,False
109,68,426,610,dark_green,199.9894253945065,10.225770022042866,systemic_ambiguous,False
110,68,427,610,dark_green,199.9894253945065,10.225770022042866,systemic_ambiguous,False
111,68,428,610,dark_green,199.9894253945065,10.225770022042866,systemic_ambiguous,False
19,69,336,611,purple,150.00528898008042,10.225770022042866,approaching,False
20,69,337,611,purple,150.00528898008042,10.225770022042866,approaching,False
21,69,338,611,blue,166.66348022436136,10.225770022042866,approaching,False
22,69,339,611,blue,166.66348022436136,10.225770022042866,approaching,False
23,69,340,611,blue,166.66348022436136,10.225770022042866,approaching,False
24,69,341,611,blue,166.66348022436136,10.225770022042866,approaching,False
25,69,342,611,blue,166.66348022436136,10.225770022042866,approaching,False
26,69,343,611,blue,166.66348022436136,10.225770022042866,approaching,False
27,69,344,611,blue,166.66348022436136,10.225770022042866,approaching,False
28,69,345,611,blue,166.66348022436136,10.225770022042866,approaching,False
36,69,353,611,blue,166.66348022436136,10.225770022042866,approaching,False
37,69,354,611,blue,166.66348022436136,10.225770022042866,approaching,False
38,69,355,611,blue,166.66348022436136,10.225770022042866,approaching,False
39,69,356,611,blue,166.66348022436136,10.225770022042866,approaching,False
41,69,358,611,light_blue,183.31851531264942,10.225770022042866,approaching,False
42,69,359,611,light_blue,183.31851531264942,10.225770022042866,approaching,False
43,69,360,611,light_blue,183.31851531264942,10.225770022042866,approaching,False
44,69,361,611,light_blue,183.31851531264942,10.225770022042866,approaching,False
45,69,362,611,light_blue,183.31851531264942,10.225770022042866,approaching,False
46,69,363,611,light_blue,183.31851531264942,10.225770022042866,approaching,False
47,69,364,611,light_blue,183.31851531264942,10.225770022042866,approaching,False
48,69,365,611,light_blue,183.31851531264942,10.225770022042866,approaching,False
49,69,366,611,light_blue,183.31851531264942,10.225770022042866,approaching,False
50,69,367,611,light_blue,183.31851531264942,10.225770022042866,approaching,False
51,69,368,611,light_blue,183.31851531264942,10.225770022042866,approaching,False
56,69,373,611,light_blue,183.31851531264942,10.225770022042866,approaching,False
57,69,374,611,dark_green,199.9894253945065,10.225770022042866,systemic_ambiguous,False
58,69,375,611,dark_green,199.9894253945065,10.225770022042866,systemic_ambiguous,False
59,69,376,611,dark_green,199.9894253945065,10.225770022042866,systemic_ambiguous,False
60,69,377,611,dark_green,199.9894253945065,10.225770022042866,systemic_ambiguous,False
61,69,378,611,dark_green,199.9894253945065,10.225770022042866,systemic_ambiguous,False
62,69,379,611,light_blue,183.31851531264942,10.225770022042866,approaching,False
63,69,380,611,light_blue,183.31851531264942,10.225770022042866,approaching,False
64,69,381,611,light_blue,183.31851531264942,10.225770022042866,approaching,False
65,69,382,611,light_blue,183.31851531264942,10.225770022042866,approaching,False
66,69,383,611,light_blue,183.31851531264942,10.225770022042866,approaching,False
67,69,384,611,light_blue,183.31851531264942,10.225770022042866,approaching,False
68,69,385,611,light_blue,183.31851531264942,10.225770022042866,approaching,False
69,69,386,611,light_blue,183.31851531264942,10.225770022042866,approaching,False
70,69,387,611,light_blue,183.31851531264942,10.225770022042866,approaching,False
72,69,389,611,blue,166.66348022436136,10.225770022042866,approaching,False
73,69,390,611,blue,166.66348022436136,10.225770022042866,approaching,False
74,69,391,611,blue,166.66348022436136,10.225770022042866,approaching,False
75,69,392,611,blue,166.66348022436136,10.225770022042866,approaching,False
76,69,393,611,blue,166.66348022436136,10.225770022042866,approaching,False
77,69,394,611,blue,166.66348022436136,10.225770022042866,approaching,False
78,69,395,611,blue,166.66348022436136,10.225770022042866,approaching,False
79,69,396,611,blue,166.66348022436136,10.225770022042866,approaching,False
80,69,397,611,blue,166.66348022436136,10.225770022042866,approaching,False
81,69,398,611,blue,166.66348022436136,10.225770022042866,approaching,False
82,69,399,611,blue,166.66348022436136,10.225770022042866,approaching,False
83,69,400,611,blue,166.66348022436136,10.225770022042866,approaching,False
84,69,401,611,blue,166.66348022436136,10.225770022042866,approaching,False
85,69,402,611,blue,166.66348022436136,10.225770022042866,approaching,False
87,69,404,611,light_blue,183.31851531264942,10.225770022042866,approaching,False
88,69,405,611,light_blue,183.31851531264942,10.225770022042866,approaching,False
89,69,406,611,light_blue,183.31851531264942,10.225770022042866,approaching,False
90,69,407,611,light_blue,183.31851531264942,10.225770022042866,approaching,False
91,69,408,611,light_blue,183.31851531264942,10.225770022042866,approaching,False
92,69,409,611,light_blue,183.31851531264942,10.225770022042866,approaching,False
93,69,410,611,light_blue,183.31851531264942,10.225770022042866,approaching,False
94,69,411,611,light_blue,183.31851531264942,10.225770022042866,approaching,False
95,69,412,611,light_blue,183.31851531264942,10.225770022042866,approaching,False
96,69,413,611,light_blue,183.31851531264942,10.225770022042866,approaching,False
97,69,414,611,light_blue,183.31851531264942,10.225770022042866,approaching,False
98,69,415,611,light_blue,183.31851531264942,10.225770022042866,approaching,False
99,69,416,611,light_blue,183.31851531264942,10.225770022042866,approaching,False
100,69,417,611,dark_green,199.9894253945065,10.225770022042866,systemic_ambiguous,False
102,69,419,611,light_blue,183.31851531264942,10.225770022042866,approaching,False
107,69,424,611,light_blue,183.31851531264942,10.225770022042866,approaching,False
108,69,425,611,dark_green,199.9894253945065,10.225770022042866,systemic_ambiguous,False
109,69,426,611,dark_green,199.9894253945065,10.225770022042866,systemic_ambiguous,False
110,69,427,611,dark_green,199.9894253945065,10.225770022042866,systemic_ambiguous,False
111,69,428,611,dark_green,199.9894253945065,10.225770022042866,systemic_ambiguous,False
112,69,429,611,dark_green,199.9894253945065,10.225770022042866,systemic_ambiguous,False
113,69,430,611,bright_green,216.8359664186503,10.225770022042866,receding,False
114,69,431,611,bright_green,216.8359664186503,10.225770022042866,receding,False
115,69,432,611,bright_green,216.8359664186503,10.225770022042866,receding,False
21,70,338,612,blue,166.66348022436136,10.225770022042866,approaching,False
22,70,339,612,blue,166.66348022436136,10.225770022042866,approaching,False
23,70,340,612,blue,166.66348022436136,10.225770022042866,approaching,False
24,70,341,612,blue,166.66348022436136,10.225770022042866,approaching,False
25,70,342,612,blue,166.66348022436136,10.225770022042866,approaching,False
26,70,343,612,blue,166.66348022436136,10.225770022042866,approaching,False
27,70,344,612,blue,166.66348022436136,10.225770022042866,approaching,False
28,70,345,612,blue,166.66348022436136,10.225770022042866,approaching,False
36,70,353,612,blue,166.66348022436136,10.225770022042866,approaching,False
37,70,354,612,blue,166.66348022436136,10.225770022042866,approaching,False
38,70,355,612,blue,166.66348022436136,10.225770022042866,approaching,False
39,70,356,612,blue,166.66348022436136,10.225770022042866,approaching,False
41,70,358,612,light_blue,183.31851531264942,10.225770022042866,approaching,False
42,70,359,612,light_blue,183.31851531264942,10.225770022042866,approaching,False
43,70,360,612,light_blue,183.31851531264942,10.225770022042866,approaching,False
44,70,361,612,light_blue,183.31851531264942,10.225770022042866,approaching,False
45,70,362,612,light_blue,183.31851531264942,10.225770022042866,approaching,False
46,70,363,612,light_blue,183.31851531264942,10.225770022042866,approaching,False
47,70,364,612,light_blue,183.31851531264942,10.225770022042866,approaching,False
48,70,365,612,light_blue,183.31851531264942,10.225770022042866,approaching,False
59,70,376,612,dark_green,199.9894253945065,10.225770022042866,systemic_ambiguous,False
60,70,377,612,dark_green,199.9894253945065,10.225770022042866,systemic_ambiguous,False
61,70,378,612,dark_green,199.9894253945065,10.225770022042866,systemic_ambiguous,False
66,70,383,612,light_blue,183.31851531264942,10.225770022042866,approaching,False
67,70,384,612,light_blue,183.31851531264942,10.225770022042866,approaching,False
68,70,385,612,light_blue,183.31851531264942,10.225770022042866,approaching,False
69,70,386,612,light_blue,183.31851531264942,10.225770022042866,approaching,False
70,70,387,612,light_blue,183.31851531264942,10.225770022042866,approaching,False
72,70,389,612,blue,166.66348022436136,10.225770022042866,approaching,False
73,70,390,612,blue,166.66348022436136,10.225770022042866,approaching,False
74,70,391,612,blue,166.66348022436136,10.225770022042866,approaching,False
75,70,392,612,blue,166.66348022436136,10.225770022042866,approaching,False
76,70,393,612,blue,166.66348022436136,10.225770022042866,approaching,False
77,70,394,612,blue,166.66348022436136,10.225770022042866,approaching,False
78,70,395,612,blue,166.66348022436136,10.225770022042866,approaching,False
79,70,396,612,blue,166.66348022436136,10.225770022042866,approaching,False
80,70,397,612,blue,166.66348022436136,10.225770022042866,approaching,False
81,70,398,612,blue,166.66348022436136,10.225770022042866,approaching,False
82,70,399,612,blue,166.66348022436136,10.225770022042866,approaching,False
83,70,400,612,blue,166.66348022436136,10.225770022042866,approaching,False
84,70,401,612,blue,166.66348022436136,10.225770022042866,approaching,False
87,70,404,612,light_blue,183.31851531264942,10.225770022042866,approaching,False
88,70,405,612,light_blue,183.31851531264942,10.225770022042866,approaching,False
89,70,406,612,light_blue,183.31851531264942,10.225770022042866,approaching,False
90,70,407,612,light_blue,183.31851531264942,10.225770022042866,approaching,False
91,70,408,612,light_blue,183.31851531264942,10.225770022042866,approaching,False
92,70,409,612,light_blue,183.31851531264942,10.225770022042866,approaching,False
93,70,410,612,light_blue,183.31851531264942,10.225770022042866,approaching,False
94,70,411,612,light_blue,183.31851531264942,10.225770022042866,approaching,False
95,70,412,612,light_blue,183.31851531264942,10.225770022042866,approaching,False
96,70,413,612,light_blue,183.31851531264942,10.225770022042866,approaching,False
97,70,414,612,light_blue,183.31851531264942,10.225770022042866,approaching,False
98,70,415,612,light_blue,183.31851531264942,10.225770022042866,approaching,False
99,70,416,612,light_blue,183.31851531264942,10.225770022042866,approaching,False
100,70,417,612,dark_green,199.9894253945065,10.225770022042866,systemic_ambiguous,False
108,70,425,612,dark_green,199.9894253945065,10.225770022042866,systemic_ambiguous,False
109,70,426,612,dark_green,199.9894253945065,10.225770022042866,systemic_ambiguous,False
113,70,430,612,bright_green,216.8359664186503,10.225770022042866,receding,False
114,70,431,612,bright_green,216.8359664186503,10.225770022042866,receding,False
115,70,432,612,bright_green,216.8359664186503,10.225770022042866,receding,False
21,71,338,613,blue,166.66348022436136,10.225770022042866,approaching,False
22,71,339,613,blue,166.66348022436136,10.225770022042866,approaching,False
23,71,340,613,blue,166.66348022436136,10.225770022042866,approaching,False
24,71,341,613,blue,166.66348022436136,10.225770022042866,approaching,False
25,71,342,613,blue,166.66348022436136,10.225770022042866,approaching,False
26,71,343,613,blue,166.66348022436136,10.225770022042866,approaching,False
27,71,344,613,blue,166.66348022436136,10.225770022042866,approaching,False
28,71,345,613,blue,166.66348022436136,10.225770022042866,approaching,False
34,71,351,613,blue,166.66348022436136,10.225770022042866,approaching,False
35,71,352,613,blue,166.66348022436136,10.225770022042866,approaching,False
36,71,353,613,blue,166.66348022436136,10.225770022042866,approaching,False
37,71,354,613,blue,166.66348022436136,10.225770022042866,approaching,False
38,71,355,613,blue,166.66348022436136,10.225770022042866,approaching,False
39,71,356,613,blue,166.66348022436136,10.225770022042866,approaching,False
41,71,358,613,light_blue,183.31851531264942,10.225770022042866,approaching,False
42,71,359,613,light_blue,183.31851531264942,10.225770022042866,approaching,False
43,71,360,613,light_blue,183.31851531264942,10.225770022042866,approaching,False
44,71,361,613,light_blue,183.31851531264942,10.225770022042866,approaching,False
45,71,362,613,light_blue,183.31851531264942,10.225770022042866,approaching,False
46,71,363,613,light_blue,183.31851531264942,10.225770022042866,approaching,False
47,71,364,613,light_blue,183.31851531264942,10.225770022042866,approaching,False
48,71,365,613,light_blue,183.31851531264942,10.225770022042866,approaching,False
49,71,366,613,dark_green,199.9894253945065,10.225770022042866,systemic_ambiguous,False
50,71,367,613,dark_green,199.9894253945065,10.225770022042866,systemic_ambiguous,False
51,71,368,613,dark_green,199.9894253945065,10.225770022042866,systemic_ambiguous,False
56,71,373,613,dark_green,199.9894253945065,10.225770022042866,systemic_ambiguous,False
57,71,374,613,bright_green,216.8359664186503,10.225770022042866,receding,False
59,71,376,613,dark_green,199.9894253945065,10.225770022042866,systemic_ambiguous,False
60,71,377,613,dark_green,199.9894253945065,10.225770022042866,systemic_ambiguous,False
61,71,378,613,dark_green,199.9894253945065,10.225770022042866,systemic_ambiguous,False
62,71,379,613,dark_green,199.9894253945065,10.225770022042866,systemic_ambiguous,False
63,71,380,613,dark_green,199.9894253945065,10.225770022042866,systemic_ambiguous,False
64,71,381,613,dark_green,199.9894253945065,10.225770022042866,systemic_ambiguous,False
66,71,383,613,light_blue,183.31851531264942,10.225770022042866,approaching,False
67,71,384,613,light_blue,183.31851531264942,10.225770022042866,approaching,False
68,71,385,613,light_blue,183.31851531264942,10.225770022042866,approaching,False
69,71,386,613,light_blue,183.31851531264942,10.225770022042866,approaching,False
70,71,387,613,light_blue,183.31851531264942,10.225770022042866,approaching,False
72,71,389,613,blue,166.66348022436136,10.225770022042866,approaching,False
73,71,390,613,blue,166.66348022436136,10.225770022042866,approaching,False
74,71,391,613,blue,166.66348022436136,10.225770022042866,approaching,False
75,71,392,613,blue,166.66348022436136,10.225770022042866,approaching,False
76,71,393,613,blue,166.66348022436136,10.225770022042866,approaching,False
77,71,394,613,blue,166.66348022436136,10.225770022042866,approaching,False
78,71,395,613,blue,166.66348022436136,10.225770022042866,approaching,False
79,71,396,613,blue,166.66348022436136,10.225770022042866,approaching,False
80,71,397,613,blue,166.66348022436136,10.225770022042866,approaching,False
81,71,398,613,blue,166.66348022436136,10.225770022042866,approaching,False
82,71,399,613,blue,166.66348022436136,10.225770022042866,approaching,False
83,71,400,613,blue,166.66348022436136,10.225770022042866,approaching,False
84,71,401,613,blue,166.66348022436136,10.225770022042866,approaching,False
86,71,403,613,light_blue,183.31851531264942,10.225770022042866,approaching,False
87,71,404,613,light_blue,183.31851531264942,10.225770022042866,approaching,False
88,71,405,613,light_blue,183.31851531264942,10.225770022042866,approaching,False
89,71,406,613,light_blue,183.31851531264942,10.225770022042866,approaching,False
90,71,407,613,light_blue,183.31851531264942,10.225770022042866,approaching,False
91,71,408,613,light_blue,183.31851531264942,10.225770022042866,approaching,False
92,71,409,613,light_blue,183.31851531264942,10.225770022042866,approaching,False
93,71,410,613,light_blue,183.31851531264942,10.225770022042866,approaching,False
94,71,411,613,light_blue,183.31851531264942,10.225770022042866,approaching,False
95,71,412,613,light_blue,183.31851531264942,10.225770022042866,approaching,False
96,71,413,613,light_blue,183.31851531264942,10.225770022042866,approaching,False
97,71,414,613,light_blue,183.31851531264942,10.225770022042866,approaching,False
98,71,415,613,light_blue,183.31851531264942,10.225770022042866,approaching,False
99,71,416,613,light_blue,183.31851531264942,10.225770022042866,approaching,False
100,71,417,613,dark_green,199.9894253945065,10.225770022042866,systemic_ambiguous,False
101,71,418,613,dark_green,199.9894253945065,10.225770022042866,systemic_ambiguous,False
102,71,419,613,dark_green,199.9894253945065,10.225770022042866,systemic_ambiguous,False
108,71,425,613,dark_green,199.9894253945065,10.225770022042866,systemic_ambiguous,False
109,71,426,613,dark_green,199.9894253945065,10.225770022042866,systemic_ambiguous,False
110,71,427,613,bright_green,216.8359664186503,10.225770022042866,receding,False
111,71,428,613,bright_green,216.8359664186503,10.225770022042866,receding,False
112,71,429,613,bright_green,216.8359664186503,10.225770022042866,receding,False
113,71,430,613,bright_green,216.8359664186503,10.225770022042866,receding,False
114,71,431,613,bright_green,216.8359664186503,10.225770022042866,receding,False
115,71,432,613,bright_green,216.8359664186503,10.225770022042866,receding,False
21,72,338,614,blue,166.66348022436136,10.225770022042866,approaching,False
22,72,339,614,blue,166.66348022436136,10.225770022042866,approaching,False
23,72,340,614,blue,166.66348022436136,10.225770022042866,approaching,False
24,72,341,614,blue,166.66348022436136,10.225770022042866,approaching,False
25,72,342,614,blue,166.66348022436136,10.225770022042866,approaching,False
26,72,343,614,blue,166.66348022436136,10.225770022042866,approaching,False
27,72,344,614,blue,166.66348022436136,10.225770022042866,approaching,False
28,72,345,614,blue,166.66348022436136,10.225770022042866,approaching,False
34,72,351,614,blue,166.66348022436136,10.225770022042866,approaching,False
35,72,352,614,blue,166.66348022436136,10.225770022042866,approaching,False
36,72,353,614,blue,166.66348022436136,10.225770022042866,approaching,False
37,72,354,614,blue,166.66348022436136,10.225770022042866,approaching,False
38,72,355,614,blue,166.66348022436136,10.225770022042866,approaching,False
39,72,356,614,blue,166.66348022436136,10.225770022042866,approaching,False
41,72,358,614,light_blue,183.31851531264942,10.225770022042866,approaching,False
42,72,359,614,light_blue,183.31851531264942,10.225770022042866,approaching,False
43,72,360,614,light_blue,183.31851531264942,10.225770022042866,approaching,False
44,72,361,614,light_blue,183.31851531264942,10.225770022042866,approaching,False
45,72,362,614,light_blue,183.31851531264942,10.225770022042866,approaching,False
46,72,363,614,light_blue,183.31851531264942,10.225770022042866,approaching,False
49,72,366,614,dark_green,199.9894253945065,10.225770022042866,systemic_ambiguous,False
50,72,367,614,dark_green,199.9894253945065,10.225770022042866,systemic_ambiguous,False
51,72,368,614,dark_green,199.9894253945065,10.225770022042866,systemic_ambiguous,False
54,72,371,614,dark_green,199.9894253945065,10.225770022042866,systemic_ambiguous,False
55,72,372,614,dark_green,199.9894253945065,10.225770022042866,systemic_ambiguous,False
56,72,373,614,dark_green,199.9894253945065,10.225770022042866,systemic_ambiguous,False
57,72,374,614,bright_green,216.8359664186503,10.225770022042866,receding,False
58,72,375,614,bright_green,216.8359664186503,10.225770022042866,receding,False
61,72,378,614,dark_green,199.9894253945065,10.225770022042866,systemic_ambiguous,False
62,72,379,614,dark_green,199.9894253945065,10.225770022042866,systemic_ambiguous,False
63,72,380,614,dark_green,199.9894253945065,10.225770022042866,systemic_ambiguous,False
64,72,381,614,dark_green,199.9894253945065,10.225770022042866,systemic_ambiguous,False
65,72,382,614,dark_green,199.9894253945065,10.225770022042866,systemic_ambiguous,False
69,72,386,614,light_blue,183.31851531264942,10.225770022042866,approaching,False
70,72,387,614,light_blue,183.31851531264942,10.225770022042866,approaching,False
76,72,393,614,blue,166.66348022436136,10.225770022042866,approaching,False
77,72,394,614,blue,166.66348022436136,10.225770022042866,approaching,False
78,72,395,614,blue,166.66348022436136,10.225770022042866,approaching,False
79,72,396,614,blue,166.66348022436136,10.225770022042866,approaching,False
80,72,397,614,blue,166.66348022436136,10.225770022042866,approaching,False
86,72,403,614,light_blue,183.31851531264942,10.225770022042866,approaching,False
87,72,404,614,light_blue,183.31851531264942,10.225770022042866,approaching,False
88,72,405,614,light_blue,183.31851531264942,10.225770022042866,approaching,False
89,72,406,614,light_blue,183.31851531264942,10.225770022042866,approaching,False
90,72,407,614,light_blue,183.31851531264942,10.225770022042866,approaching,False
91,72,408,614,light_blue,183.31851531264942,10.225770022042866,approaching,False
92,72,409,614,light_blue,183.31851531264942,10.225770022042866,approaching,False
93,72,410,614,light_blue,183.31851531264942,10.225770022042866,approaching,False
94,72,411,614,light_blue,183.31851531264942,10.225770022042866,approaching,False
95,72,412,614,light_blue,183.31851531264942,10.225770022042866,approaching,False
96,72,413,614,light_blue,183.31851531264942,10.225770022042866,approaching,False
97,72,414,614,light_blue,183.31851531264942,10.225770022042866,approaching,False
100,72,417,614,dark_green,199.9894253945065,10.225770022042866,systemic_ambiguous,False
101,72,418,614,dark_green,199.9894253945065,10.225770022042866,systemic_ambiguous,False
102,72,419,614,dark_green,199.9894253945065,10.225770022042866,systemic_ambiguous,False
108,72,425,614,dark_green,199.9894253945065,10.225770022042866,systemic_ambiguous,False
109,72,426,614,dark_green,199.9894253945065,10.225770022042866,systemic_ambiguous,False
110,72,427,614,bright_green,216.8359664186503,10.225770022042866,receding,False
111,72,428,614,bright_green,216.8359664186503,10.225770022042866,receding,False
112,72,429,614,bright_green,216.8359664186503,10.225770022042866,receding,False
19,73,336,615,blue,166.66348022436136,10.225770022042866,approaching,False
20,73,337,615,blue,166.66348022436136,10.225770022042866,approaching,False
21,73,338,615,blue,166.66348022436136,10.225770022042866,approaching,False
22,73,339,615,blue,166.66348022436136,10.225770022042866,approaching,False
23,73,340,615,blue,166.66348022436136,10.225770022042866,approaching,False
24,73,341,615,blue,166.66348022436136,10.225770022042866,approaching,False
25,73,342,615,blue,166.66348022436136,10.225770022042866,approaching,False
26,73,343,615,blue,166.66348022436136,10.225770022042866,approaching,False
27,73,344,615,blue,166.66348022436136,10.225770022042866,approaching,False
28,73,345,615,blue,166.66348022436136,10.225770022042866,approaching,False
33,73,350,615,blue,166.66348022436136,10.225770022042866,approaching,False
34,73,351,615,blue,166.66348022436136,10.225770022042866,approaching,False
35,73,352,615,blue,166.66348022436136,10.225770022042866,approaching,False
36,73,353,615,blue,166.66348022436136,10.225770022042866,approaching,False
37,73,354,615,blue,166.66348022436136,10.225770022042866,approaching,False
38,73,355,615,blue,166.66348022436136,10.225770022042866,approaching,False
39,73,356,615,blue,166.66348022436136,10.225770022042866,approaching,False
41,73,358,615,light_blue,183.31851531264942,10.225770022042866,approaching,False
42,73,359,615,light_blue,183.31851531264942,10.225770022042866,approaching,False
43,73,360,615,light_blue,183.31851531264942,10.225770022042866,approaching,False
44,73,361,615,light_blue,183.31851531264942,10.225770022042866,approaching,False
48,73,365,615,dark_green,199.9894253945065,10.225770022042866,systemic_ambiguous,False
49,73,366,615,dark_green,199.9894253945065,10.225770022042866,systemic_ambiguous,False
50,73,367,615,dark_green,199.9894253945065,10.225770022042866,systemic_ambiguous,False
51,73,368,615,dark_green,199.9894253945065,10.225770022042866,systemic_ambiguous,False
52,73,369,615,dark_green,199.9894253945065,10.225770022042866,systemic_ambiguous,False
53,73,370,615,dark_green,199.9894253945065,10.225770022042866,systemic_ambiguous,False
56,73,373,615,dark_green,199.9894253945065,10.225770022042866,systemic_ambiguous,False
57,73,374,615,bright_green,216.8359664186503,10.225770022042866,receding,False
58,73,375,615,bright_green,216.8359664186503,10.225770022042866,receding,False
59,73,376,615,bright_green,216.8359664186503,10.225770022042866,receding,False
62,73,379,615,dark_green,199.9894253945065,10.225770022042866,systemic_ambiguous,False
63,73,380,615,dark_green,199.9894253945065,10.225770022042866,systemic_ambiguous,False
64,73,381,615,dark_green,199.9894253945065,10.225770022042866,systemic_ambiguous,False
65,73,382,615,dark_green,199.9894253945065,10.225770022042866,systemic_ambiguous,False
66,73,383,615,dark_green,199.9894253945065,10.225770022042866,systemic_ambiguous,False
67,73,384,615,dark_green,199.9894253945065,10.225770022042866,systemic_ambiguous,False
72,73,389,615,light_blue,183.31851531264942,10.225770022042866,approaching,False
73,73,390,615,light_blue,183.31851531264942,10.225770022042866,approaching,False
74,73,391,615,light_blue,183.31851531264942,10.225770022042866,approaching,False
82,73,399,615,light_blue,183.31851531264942,10.225770022042866,approaching,False
83,73,400,615,light_blue,183.31851531264942,10.225770022042866,approaching,False
84,73,401,615,light_blue,183.31851531264942,10.225770022042866,approaching,False
85,73,402,615,light_blue,183.31851531264942,10.225770022042866,approaching,False
86,73,403,615,light_blue,183.31851531264942,10.225770022042866,approaching,False
87,73,404,615,light_blue,183.31851531264942,10.225770022042866,approaching,False
88,73,405,615,light_blue,183.31851531264942,10.225770022042866,approaching,False
89,73,406,615,light_blue,183.31851531264942,10.225770022042866,approaching,False
90,73,407,615,light_blue,183.31851531264942,10.225770022042866,approaching,False
91,73,408,615,light_blue,183.31851531264942,10.225770022042866,approaching,False
92,73,409,615,light_blue,183.31851531264942,10.225770022042866,approaching,False
93,73,410,615,light_blue,183.31851531264942,10.225770022042866,approaching,False
94,73,411,615,light_blue,183.31851531264942,10.225770022042866,approaching,False
95,73,412,615,light_blue,183.31851531264942,10.225770022042866,approaching,False
96,73,413,615,light_blue,183.31851531264942,10.225770022042866,approaching,False
97,73,414,615,light_blue,183.31851531264942,10.225770022042866,approaching,False
99,73,416,615,dark_green,199.9894253945065,10.225770022042866,systemic_ambiguous,False
103,73,420,615,dark_green,199.9894253945065,10.225770022042866,systemic_ambiguous,False
104,73,421,615,dark_green,199.9894253945065,10.225770022042866,systemic_ambiguous,False
105,73,422,615,dark_green,199.9894253945065,10.225770022042866,systemic_ambiguous,False
106,73,423,615,dark_green,199.9894253945065,10.225770022042866,systemic_ambiguous,False
107,73,424,615,dark_green,199.9894253945065,10.225770022042866,systemic_ambiguous,False
108,73,425,615,dark_green,199.9894253945065,10.225770022042866,systemic_ambiguous,False
109,73,426,615,dark_green,199.9894253945065,10.225770022042866,systemic_ambiguous,False
19,74,336,616,blue,166.66348022436136,10.225770022042866,approaching,False
20,74,337,616,blue,166.66348022436136,10.225770022042866,approaching,False
21,74,338,616,blue,166.66348022436136,10.225770022042866,approaching,False
22,74,339,616,blue,166.66348022436136,10.225770022042866,approaching,False
23,74,340,616,blue,166.66348022436136,10.225770022042866,approaching,False
24,74,341,616,blue,166.66348022436136,10.225770022042866,approaching,False
25,74,342,616,blue,166.66348022436136,10.225770022042866,approaching,False
26,74,343,616,blue,166.66348022436136,10.225770022042866,approaching,False
27,74,344,616,blue,166.66348022436136,10.225770022042866,approaching,False
28,74,345,616,blue,166.66348022436136,10.225770022042866,approaching,False
31,74,348,616,blue,166.66348022436136,10.225770022042866,approaching,False
32,74,349,616,blue,166.66348022436136,10.225770022042866,approaching,False
33,74,350,616,blue,166.66348022436136,10.225770022042866,approaching,False
34,74,351,616,blue,166.66348022436136,10.225770022042866,approaching,False
35,74,352,616,blue,166.66348022436136,10.225770022042866,approaching,False
36,74,353,616,blue,166.66348022436136,10.225770022042866,approaching,False
37,74,354,616,blue,166.66348022436136,10.225770022042866,approaching,False
38,74,355,616,blue,166.66348022436136,10.225770022042866,approaching,False
39,74,356,616,blue,166.66348022436136,10.225770022042866,approaching,False
41,74,358,616,light_blue,183.31851531264942,10.225770022042866,approaching,False
42,74,359,616,light_blue,183.31851531264942,10.225770022042866,approaching,False
43,74,360,616,light_blue,183.31851531264942,10.225770022042866,approaching,False
44,74,361,616,light_blue,183.31851531264942,10.225770022042866,approaching,False
46,74,363,616,dark_green,199.9894253945065,10.225770022042866,systemic_ambiguous,False
47,74,364,616,dark_green,199.9894253945065,10.225770022042866,systemic_ambiguous,False
48,74,365,616,dark_green,199.9894253945065,10.225770022042866,systemic_ambiguous,False
49,74,366,616,dark_green,199.9894253945065,10.225770022042866,systemic_ambiguous,False
50,74,367,616,dark_green,199.9894253945065,10.225770022042866,systemic_ambiguous,False
51,74,368,616,dark_green,199.9894253945065,10.225770022042866,systemic_ambiguous,False
52,74,369,616,dark_green,199.9894253945065,10.225770022042866,systemic_ambiguous,False
53,74,370,616,dark_green,199.9894253945065,10.225770022042866,systemic_ambiguous,False
54,74,371,616,dark_green,199.9894253945065,10.225770022042866,systemic_ambiguous,False
55,74,372,616,dark_green,199.9894253945065,10.225770022042866,systemic_ambiguous,False
56,74,373,616,dark_green,199.9894253945065,10.225770022042866,systemic_ambiguous,False
57,74,374,616,bright_green,216.8359664186503,10.225770022042866,receding,False
58,74,375,616,bright_green,216.8359664186503,10.225770022042866,receding,False
59,74,376,616,bright_green,216.8359664186503,10.225770022042866,receding,False
60,74,377,616,bright_green,216.8359664186503,10.225770022042866,receding,False
61,74,378,616,bright_green,216.8359664186503,10.225770022042866,receding,False
62,74,379,616,dark_green,199.9894253945065,10.225770022042866,systemic_ambiguous,False
63,74,380,616,dark_green,199.9894253945065,10.225770022042866,systemic_ambiguous,False
64,74,381,616,dark_green,199.9894253945065,10.225770022042866,systemic_ambiguous,False
65,74,382,616,dark_green,199.9894253945065,10.225770022042866,systemic_ambiguous,False
66,74,383,616,dark_green,199.9894253945065,10.225770022042866,systemic_ambiguous,False
67,74,384,616,dark_green,199.9894253945065,10.225770022042866,systemic_ambiguous,False
68,74,385,616,dark_green,199.9894253945065,10.225770022042866,systemic_ambiguous,False
69,74,386,616,dark_green,199.9894253945065,10.225770022042866,systemic_ambiguous,False
70,74,387,616,dark_green,199.9894253945065,10.225770022042866,systemic_ambiguous,False
72,74,389,616,light_blue,183.31851531264942,10.225770022042866,approaching,False
73,74,390,616,light_blue,183.31851531264942,10.225770022042866,approaching,False
74,74,391,616,light_blue,183.31851531264942,10.225770022042866,approaching,False
75,74,392,616,light_blue,183.31851531264942,10.225770022042866,approaching,False
76,74,393,616,light_blue,183.31851531264942,10.225770022042866,approaching,False
77,74,394,616,light_blue,183.31851531264942,10.225770022042866,approaching,False
78,74,395,616,light_blue,183.31851531264942,10.225770022042866,approaching,False
79,74,396,616,light_blue,183.31851531264942,10.225770022042866,approaching,False
80,74,397,616,light_blue,183.31851531264942,10.225770022042866,approaching,False
81,74,398,616,light_blue,183.31851531264942,10.225770022042866,approaching,False
82,74,399,616,light_blue,183.31851531264942,10.225770022042866,approaching,False
83,74,400,616,light_blue,183.31851531264942,10.225770022042866,approaching,False
84,74,401,616,light_blue,183.31851531264942,10.225770022042866,approaching,False
85,74,402,616,light_blue,183.31851531264942,10.225770022042866,approaching,False
86,74,403,616,light_blue,183.31851531264942,10.225770022042866,approaching,False
87,74,404,616,light_blue,183.31851531264942,10.225770022042866,approaching,False
88,74,405,616,light_blue,183.31851531264942,10.225770022042866,approaching,False
89,74,406,616,light_blue,183.31851531264942,10.225770022042866,approaching,False
90,74,407,616,light_blue,183.31851531264942,10.225770022042866,approaching,False
91,74,408,616,light_blue,183.31851531264942,10.225770022042866,approaching,False
92,74,409,616,light_blue,183.31851531264942,10.225770022042866,approaching,False
93,74,410,616,light_blue,183.31851531264942,10.225770022042866,approaching,False
94,74,411,616,light_blue,183.31851531264942,10.225770022042866,approaching,False
95,74,412,616,light_blue,183.31851531264942,10.225770022042866,approaching,False
96,74,413,616,light_blue,183.31851531264942,10.225770022042866,approaching,False
97,74,414,616,light_blue,183.31851531264942,10.225770022042866,approaching,False
99,74,416,616,dark_green,199.9894253945065,10.225770022042866,systemic_ambiguous,False
100,74,417,616,bright_green,216.8359664186503,10.225770022042866,receding,False
101,74,418,616,bright_green,216.8359664186503,10.225770022042866,receding,False
102,74,419,616,bright_green,216.8359664186503,10.225770022042866,receding,False
104,74,421,616,dark_green,199.9894253945065,10.225770022042866,systemic_ambiguous,False
105,74,422,616,dark_green,199.9894253945065,10.225770022042866,systemic_ambiguous,False
106,74,423,616,dark_green,199.9894253945065,10.225770022042866,systemic_ambiguous,False
107,74,424,616,dark_green,199.9894253945065,10.225770022042866,systemic_ambiguous,False
108,74,425,616,dark_green,199.9894253945065,10.225770022042866,systemic_ambiguous,False
109,74,426,616,dark_green,199.9894253945065,10.225770022042866,systemic_ambiguous,False
21,75,338,617,blue,166.66348022436136,10.225770022042866,approaching,False
22,75,339,617,blue,166.66348022436136,10.225770022042866,approaching,False
23,75,340,617,blue,166.66348022436136,10.225770022042866,approaching,False
24,75,341,617,blue,166.66348022436136,10.225770022042866,approaching,False
31,75,348,617,blue,166.66348022436136,10.225770022042866,approaching,False
32,75,349,617,blue,166.66348022436136,10.225770022042866,approaching,False
33,75,350,617,blue,166.66348022436136,10.225770022042866,approaching,False
34,75,351,617,blue,166.66348022436136,10.225770022042866,approaching,False
35,75,352,617,blue,166.66348022436136,10.225770022042866,approaching,False
36,75,353,617,blue,166.66348022436136,10.225770022042866,approaching,False
39,75,356,617,blue,166.66348022436136,10.225770022042866,approaching,False
41,75,358,617,light_blue,183.31851531264942,10.225770022042866,approaching,False
46,75,363,617,dark_green,199.9894253945065,10.225770022042866,systemic_ambiguous,False
47,75,364,617,dark_green,199.9894253945065,10.225770022042866,systemic_ambiguous,False
48,75,365,617,dark_green,199.9894253945065,10.225770022042866,systemic_ambiguous,False
49,75,366,617,dark_green,199.9894253945065,10.225770022042866,systemic_ambiguous,False
50,75,367,617,dark_green,199.9894253945065,10.225770022042866,systemic_ambiguous,False
51,75,368,617,dark_green,199.9894253945065,10.225770022042866,systemic_ambiguous,False
52,75,369,617,dark_green,199.9894253945065,10.225770022042866,systemic_ambiguous,False
53,75,370,617,dark_green,199.9894253945065,10.225770022042866,systemic_ambiguous,False
54,75,371,617,dark_green,199.9894253945065,10.225770022042866,systemic_ambiguous,False
57,75,374,617,bright_green,216.8359664186503,10.225770022042866,receding,False
59,75,376,617,bright_green,216.8359664186503,10.225770022042866,receding,False
60,75,377,617,bright_green,216.8359664186503,10.225770022042866,receding,False
61,75,378,617,bright_green,216.8359664186503,10.225770022042866,receding,False
64,75,381,617,dark_green,199.9894253945065,10.225770022042866,systemic_ambiguous,False
65,75,382,617,dark_green,199.9894253945065,10.225770022042866,systemic_ambiguous,False
66,75,383,617,dark_green,199.9894253945065,10.225770022042866,systemic_ambiguous,False
67,75,384,617,dark_green,199.9894253945065,10.225770022042866,systemic_ambiguous,False
68,75,385,617,dark_green,199.9894253945065,10.225770022042866,systemic_ambiguous,False
69,75,386,617,dark_green,199.9894253945065,10.225770022042866,systemic_ambiguous,False
70,75,387,617,dark_green,199.9894253945065,10.225770022042866,systemic_ambiguous,False
71,75,388,617,dark_green,199.9894253945065,10.225770022042866,systemic_ambiguous,False
74,75,391,617,light_blue,183.31851531264942,10.225770022042866,approaching,False
75,75,392,617,light_blue,183.31851531264942,10.225770022042866,approaching,False
76,75,393,617,light_blue,183.31851531264942,10.225770022042866,approaching,False
77,75,394,617,light_blue,183.31851531264942,10.225770022042866,approaching,False
78,75,395,617,light_blue,183.31851531264942,10.225770022042866,approaching,False
79,75,396,617,light_blue,183.31851531264942,10.225770022042866,approaching,False
80,75,397,617,light_blue,183.31851531264942,10.225770022042866,approaching,False
81,75,398,617,light_blue,183.31851531264942,10.225770022042866,approaching,False
82,75,399,617,light_blue,183.31851531264942,10.225770022042866,approaching,False
83,75,400,617,light_blue,183.31851531264942,10.225770022042866,approaching,False
84,75,401,617,light_blue,183.31851531264942,10.225770022042866,approaching,False
85,75,402,617,light_blue,183.31851531264942,10.225770022042866,approaching,False
86,75,403,617,light_blue,183.31851531264942,10.225770022042866,approaching,False
87,75,404,617,light_blue,183.31851531264942,10.225770022042866,approaching,False
88,75,405,617,light_blue,183.31851531264942,10.225770022042866,approaching,False
89,75,406,617,light_blue,183.31851531264942,10.225770022042866,approaching,False
90,75,407,617,light_blue,183.31851531264942,10.225770022042866,approaching,False
91,75,408,617,light_blue,183.31851531264942,10.225770022042866,approaching,False
92,75,409,617,light_blue,183.31851531264942,10.225770022042866,approaching,False
93,75,410,617,light_blue,183.31851531264942,10.225770022042866,approaching,False
94,75,411,617,light_blue,183.31851531264942,10.225770022042866,approaching,False
95,75,412,617,light_blue,183.31851531264942,10.225770022042866,approaching,False
98,75,415,617,dark_green,199.9894253945065,10.225770022042866,systemic_ambiguous,False
99,75,416,617,dark_green,199.9894253945065,10.225770022042866,systemic_ambiguous,False
100,75,417,617,bright_green,216.8359664186503,10.225770022042866,receding,False
101,75,418,617,bright_green,216.8359664186503,10.225770022042866,receding,False
102,75,419,617,bright_green,216.8359664186503,10.225770022042866,receding,False
104,75,421,617,dark_green,199.9894253945065,10.225770022042866,systemic_ambiguous,False
105,75,422,617,dark_green,199.9894253945065,10.225770022042866,systemic_ambiguous,False
106,75,423,617,dark_green,199.9894253945065,10.225770022042866,systemic_ambiguous,False
107,75,424,617,dark_green,199.9894253945065,10.225770022042866,systemic_ambiguous,False
108,75,425,617,dark_green,199.9894253945065,10.225770022042866,systemic_ambiguous,False
109,75,426,617,dark_green,199.9894253945065,10.225770022042866,systemic_ambiguous,False
21,76,338,618,blue,166.66348022436136,10.225770022042866,approaching,False
22,76,339,618,blue,166.66348022436136,10.225770022042866,approaching,False
23,76,340,618,blue,166.66348022436136,10.225770022042866,approaching,False
24,76,341,618,blue,166.66348022436136,10.225770022042866,approaching,False
31,76,348,618,blue,166.66348022436136,10.225770022042866,approaching,False
32,76,349,618,blue,166.66348022436136,10.225770022042866,approaching,False
33,76,350,618,blue,166.66348022436136,10.225770022042866,approaching,False
34,76,351,618,blue,166.66348022436136,10.225770022042866,approaching,False
35,76,352,618,blue,166.66348022436136,10.225770022042866,approaching,False
36,76,353,618,blue,166.66348022436136,10.225770022042866,approaching,False
39,76,356,618,blue,166.66348022436136,10.225770022042866,approaching,False
41,76,358,618,light_blue,183.31851531264942,10.225770022042866,approaching,False
43,76,360,618,dark_green,199.9894253945065,10.225770022042866,systemic_ambiguous,False
44,76,361,618,dark_green,199.9894253945065,10.225770022042866,systemic_ambiguous,False
45,76,362,618,dark_green,199.9894253945065,10.225770022042866,systemic_ambiguous,False
46,76,363,618,dark_green,199.9894253945065,10.225770022042866,systemic_ambiguous,False
47,76,364,618,dark_green,199.9894253945065,10.225770022042866,systemic_ambiguous,False
48,76,365,618,dark_green,199.9894253945065,10.225770022042866,systemic_ambiguous,False
49,76,366,618,dark_green,199.9894253945065,10.225770022042866,systemic_ambiguous,False
50,76,367,618,dark_green,199.9894253945065,10.225770022042866,systemic_ambiguous,False
51,76,368,618,dark_green,199.9894253945065,10.225770022042866,systemic_ambiguous,False
52,76,369,618,dark_green,199.9894253945065,10.225770022042866,systemic_ambiguous,False
53,76,370,618,dark_green,199.9894253945065,10.225770022042866,systemic_ambiguous,False
54,76,371,618,dark_green,199.9894253945065,10.225770022042866,systemic_ambiguous,False
56,76,373,618,bright_green,216.8359664186503,10.225770022042866,receding,False
57,76,374,618,bright_green,216.8359664186503,10.225770022042866,receding,False
58,76,375,618,bright_green,216.8359664186503,10.225770022042866,receding,False
59,76,376,618,bright_green,216.8359664186503,10.225770022042866,receding,False
60,76,377,618,bright_green,216.8359664186503,10.225770022042866,receding,False
61,76,378,618,bright_green,216.8359664186503,10.225770022042866,receding,False
62,76,379,618,bright_green,216.8359664186503,10.225770022042866,receding,False
64,76,381,618,dark_green,199.9894253945065,10.225770022042866,systemic_ambiguous,False
65,76,382,618,dark_green,199.9894253945065,10.225770022042866,systemic_ambiguous,False
66,76,383,618,dark_green,199.9894253945065,10.225770022042866,systemic_ambiguous,False
67,76,384,618,dark_green,199.9894253945065,10.225770022042866,systemic_ambiguous,False
68,76,385,618,dark_green,199.9894253945065,10.225770022042866,systemic_ambiguous,False
69,76,386,618,dark_green,199.9894253945065,10.225770022042866,systemic_ambiguous,False
70,76,387,618,dark_green,199.9894253945065,10.225770022042866,systemic_ambiguous,False
71,76,388,618,dark_green,199.9894253945065,10.225770022042866,systemic_ambiguous,False
72,76,389,618,dark_green,199.9894253945065,10.225770022042866,systemic_ambiguous,False
74,76,391,618,light_blue,183.31851531264942,10.225770022042866,approaching,False
75,76,392,618,light_blue,183.31851531264942,10.225770022042866,approaching,False
76,76,393,618,light_blue,183.31851531264942,10.225770022042866,approaching,False
77,76,394,618,light_blue,183.31851531264942,10.225770022042866,approaching,False
78,76,395,618,light_blue,183.31851531264942,10.225770022042866,approaching,False
79,76,396,618,light_blue,183.31851531264942,10.225770022042866,approaching,False
80,76,397,618,light_blue,183.31851531264942,10.225770022042866,approaching,False
81,76,398,618,light_blue,183.31851531264942,10.225770022042866,approaching,False
82,76,399,618,light_blue,183.31851531264942,10.225770022042866,approaching,False
83,76,400,618,light_blue,183.31851531264942,10.225770022042866,approaching,False
84,76,401,618,light_blue,183.31851531264942,10.225770022042866,approaching,False
85,76,402,618,light_blue,183.31851531264942,10.225770022042866,approaching,False
86,76,403,618,light_blue,183.31851531264942,10.225770022042866,approaching,False
87,76,404,618,light_blue,183.31851531264942,10.225770022042866,approaching,False
88,76,405,618,light_blue,183.31851531264942,10.225770022042866,approaching,False
89,76,406,618,light_blue,183.31851531264942,10.225770022042866,approaching,False
90,76,407,618,light_blue,183.31851531264942,10.225770022042866,approaching,False
91,76,408,618,light_blue,183.31851531264942,10.225770022042866,approaching,False
92,76,409,618,light_blue,183.31851531264942,10.225770022042866,approaching,False
93,76,410,618,light_blue,183.31851531264942,10.225770022042866,approaching,False
94,76,411,618,light_blue,183.31851531264942,10.225770022042866,approaching,False
95,76,412,618,light_blue,183.31851531264942,10.225770022042866,approaching,False
97,76,414,618,dark_green,199.9894253945065,10.225770022042866,systemic_ambiguous,False
98,76,415,618,dark_green,199.9894253945065,10.225770022042866,systemic_ambiguous,False
99,76,416,618,dark_green,199.9894253945065,10.225770022042866,systemic_ambiguous,False
100,76,417,618,bright_green,216.8359664186503,10.225770022042866,receding,False
101,76,418,618,bright_green,216.8359664186503,10.225770022042866,receding,False
102,76,419,618,bright_green,216.8359664186503,10.225770022042866,receding,False
104,76,421,618,dark_green,199.9894253945065,10.225770022042866,systemic_ambiguous,False
105,76,422,618,dark_green,199.9894253945065,10.225770022042866,systemic_ambiguous,False
106,76,423,618,dark_green,199.9894253945065,10.225770022042866,systemic_ambiguous,False
107,76,424,618,dark_green,199.9894253945065,10.225770022042866,systemic_ambiguous,False
108,76,425,618,dark_green,199.9894253945065,10.225770022042866,systemic_ambiguous,False
109,76,426,618,dark_green,199.9894253945065,10.225770022042866,systemic_ambiguous,False
110,76,427,618,dark_green,199.9894253945065,10.225770022042866,systemic_ambiguous,False
31,77,348,619,blue,166.66348022436136,10.225770022042866,approaching,False
32,77,349,619,blue,166.66348022436136,10.225770022042866,approaching,False
33,77,350,619,blue,166.66348022436136,10.225770022042866,approaching,False
34,77,351,619,blue,166.66348022436136,10.225770022042866,approaching,False
35,77,352,619,blue,166.66348022436136,10.225770022042866,approaching,False
36,77,353,619,blue,166.66348022436136,10.225770022042866,approaching,False
39,77,356,619,blue,166.66348022436136,10.225770022042866,approaching,False
41,77,358,619,light_blue,183.31851531264942,10.225770022042866,approaching,False
43,77,360,619,dark_green,199.9894253945065,10.225770022042866,systemic_ambiguous,False
44,77,361,619,dark_green,199.9894253945065,10.225770022042866,systemic_ambiguous,False
45,77,362,619,dark_green,199.9894253945065,10.225770022042866,systemic_ambiguous,False
46,77,363,619,dark_green,199.9894253945065,10.225770022042866,systemic_ambiguous,False
47,77,364,619,dark_green,199.9894253945065,10.225770022042866,systemic_ambiguous,False
48,77,365,619,dark_green,199.9894253945065,10.225770022042866,systemic_ambiguous,False
49,77,366,619,dark_green,199.9894253945065,10.225770022042866,systemic_ambiguous,False
50,77,367,619,dark_green,199.9894253945065,10.225770022042866,systemic_ambiguous,False
51,77,368,619,dark_green,199.9894253945065,10.225770022042866,systemic_ambiguous,False
52,77,369,619,dark_green,199.9894253945065,10.225770022042866,systemic_ambiguous,False
53,77,370,619,dark_green,199.9894253945065,10.225770022042866,systemic_ambiguous,False
56,77,373,619,bright_green,216.8359664186503,10.225770022042866,receding,False
57,77,374,619,bright_green,216.8359664186503,10.225770022042866,receding,False
58,77,375,619,bright_green,216.8359664186503,10.225770022042866,receding,False
59,77,376,619,bright_green,216.8359664186503,10.225770022042866,receding,False
60,77,377,619,bright_green,216.8359664186503,10.225770022042866,receding,False
61,77,378,619,bright_green,216.8359664186503,10.225770022042866,receding,False
62,77,379,619,bright_green,216.8359664186503,10.225770022042866,receding,False
72,77,389,619,dark_green,199.9894253945065,10.225770022042866,systemic_ambiguous,False
73,77,390,619,dark_green,199.9894253945065,10.225770022042866,systemic_ambiguous,False
75,77,392,619,dark_green,199.9894253945065,10.225770022042866,systemic_ambiguous,False
79,77,396,619,dark_green,199.9894253945065,10.225770022042866,systemic_ambiguous,False
82,77,399,619,dark_green,199.9894253945065,10.225770022042866,systemic_ambiguous,False
87,77,404,619,light_blue,183.31851531264942,10.225770022042866,approaching,False
88,77,405,619,light_blue,183.31851531264942,10.225770022042866,approaching,False
89,77,406,619,light_blue,183.31851531264942,10.225770022042866,approaching,False
90,77,407,619,light_blue,183.31851531264942,10.225770022042866,approaching,False
91,77,408,619,light_blue,183.31851531264942,10.225770022042866,approaching,False
92,77,409,619,light_blue,183.31851531264942,10.225770022042866,approaching,False
96,77,413,619,dark_green,199.9894253945065,10.225770022042866,systemic_ambiguous,False
97,77,414,619,dark_green,199.9894253945065,10.225770022042866,systemic_ambiguous,False
98,77,415,619,dark_green,199.9894253945065,10.225770022042866,systemic_ambiguous,False
99,77,416,619,dark_green,199.9894253945065,10.225770022042866,systemic_ambiguous,False
103,77,420,619,dark_green,199.9894253945065,10.225770022042866,systemic_ambiguous,False
104,77,421,619,dark_green,199.9894253945065,10.225770022042866,systemic_ambiguous,False
105,77,422,619,dark_green,199.9894253945065,10.225770022042866,systemic_ambiguous,False
31,78,348,620,blue,166.66348022436136,10.225770022042866,approaching,False
32,78,349,620,blue,166.66348022436136,10.225770022042866,approaching,False
33,78,350,620,blue,166.66348022436136,10.225770022042866,approaching,False
34,78,351,620,blue,166.66348022436136,10.225770022042866,approaching,False
35,78,352,620,blue,166.66348022436136,10.225770022042866,approaching,False
36,78,353,620,blue,166.66348022436136,10.225770022042866,approaching,False
41,78,358,620,light_blue,183.31851531264942,10.225770022042866,approaching,False
49,78,366,620,dark_green,199.9894253945065,10.225770022042866,systemic_ambiguous,False
50,78,367,620,dark_green,199.9894253945065,10.225770022042866,systemic_ambiguous,False
51,78,368,620,dark_green,199.9894253945065,10.225770022042866,systemic_ambiguous,False
54,78,371,620,bright_green,216.8359664186503,10.225770022042866,receding,False
55,78,372,620,bright_green,216.8359664186503,10.225770022042866,receding,False
56,78,373,620,bright_green,216.8359664186503,10.225770022042866,receding,False
57,78,374,620,bright_green,216.8359664186503,10.225770022042866,receding,False
58,78,375,620,bright_green,216.8359664186503,10.225770022042866,receding,False
60,78,377,620,bright_green,216.8359664186503,10.225770022042866,receding,False
61,78,378,620,bright_green,216.8359664186503,10.225770022042866,receding,False
62,78,379,620,bright_green,216.8359664186503,10.225770022042866,receding,False
63,78,380,620,bright_green,216.8359664186503,10.225770022042866,receding,False
64,78,381,620,bright_green,216.8359664186503,10.225770022042866,receding,False
65,78,382,620,bright_green,216.8359664186503,10.225770022042866,receding,False
66,78,383,620,bright_green,216.8359664186503,10.225770022042866,receding,False
67,78,384,620,bright_green,216.8359664186503,10.225770022042866,receding,False
68,78,385,620,bright_green,216.8359664186503,10.225770022042866,receding,False
69,78,386,620,bright_green,216.8359664186503,10.225770022042866,receding,False
70,78,387,620,bright_green,216.8359664186503,10.225770022042866,receding,False
79,78,396,620,dark_green,199.9894253945065,10.225770022042866,systemic_ambiguous,False
80,78,397,620,dark_green,199.9894253945065,10.225770022042866,systemic_ambiguous,False
81,78,398,620,dark_green,199.9894253945065,10.225770022042866,systemic_ambiguous,False
82,78,399,620,dark_green,199.9894253945065,10.225770022042866,systemic_ambiguous,False
83,78,400,620,dark_green,199.9894253945065,10.225770022042866,systemic_ambiguous,False
84,78,401,620,dark_green,199.9894253945065,10.225770022042866,systemic_ambiguous,False
85,78,402,620,dark_green,199.9894253945065,10.225770022042866,systemic_ambiguous,False
86,78,403,620,dark_green,199.9894253945065,10.225770022042866,systemic_ambiguous,False
94,78,411,620,dark_green,199.9894253945065,10.225770022042866,systemic_ambiguous,False
95,78,412,620,dark_green,199.9894253945065,10.225770022042866,systemic_ambiguous,False
96,78,413,620,dark_green,199.9894253945065,10.225770022042866,systemic_ambiguous,False
97,78,414,620,dark_green,199.9894253945065,10.225770022042866,systemic_ambiguous,False
98,78,415,620,dark_green,199.9894253945065,10.225770022042866,systemic_ambiguous,False
99,78,416,620,dark_green,199.9894253945065,10.225770022042866,systemic_ambiguous,False
100,78,417,620,dark_green,199.9894253945065,10.225770022042866,systemic_ambiguous,False
101,78,418,620,dark_green,199.9894253945065,10.225770022042866,systemic_ambiguous,False
102,78,419,620,dark_green,199.9894253945065,10.225770022042866,systemic_ambiguous,False
31,79,348,621,blue,166.66348022436136,10.225770022042866,approaching,False
32,79,349,621,blue,166.66348022436136,10.225770022042866,approaching,False
33,79,350,621,blue,166.66348022436136,10.225770022042866,approaching,False
34,79,351,621,blue,166.66348022436136,10.225770022042866,approaching,False
35,79,352,621,blue,166.66348022436136,10.225770022042866,approaching,False
36,79,353,621,blue,166.66348022436136,10.225770022042866,approaching,False
38,79,355,621,light_blue,183.31851531264942,10.225770022042866,approaching,False
39,79,356,621,light_blue,183.31851531264942,10.225770022042866,approaching,False
40,79,357,621,light_blue,183.31851531264942,10.225770022042866,approaching,False
41,79,358,621,light_blue,183.31851531264942,10.225770022042866,approaching,False
42,79,359,621,light_blue,183.31851531264942,10.225770022042866,approaching,False
43,79,360,621,light_blue,183.31851531264942,10.225770022042866,approaching,False
44,79,361,621,light_blue,183.31851531264942,10.225770022042866,approaching,False
45,79,362,621,light_blue,183.31851531264942,10.225770022042866,approaching,False
46,79,363,621,light_blue,183.31851531264942,10.225770022042866,approaching,False
47,79,364,621,light_blue,183.31851531264942,10.225770022042866,approaching,False
48,79,365,621,light_blue,183.31851531264942,10.225770022042866,approaching,False
49,79,366,621,dark_green,199.9894253945065,10.225770022042866,systemic_ambiguous,False
50,79,367,621,dark_green,199.9894253945065,10.225770022042866,systemic_ambiguous,False
51,79,368,621,dark_green,199.9894253945065,10.225770022042866,systemic_ambiguous,False
53,79,370,621,bright_green,216.8359664186503,10.225770022042866,receding,False
54,79,371,621,bright_green,216.8359664186503,10.225770022042866,receding,False
55,79,372,621,bright_green,216.8359664186503,10.225770022042866,receding,False
56,79,373,621,bright_green,216.8359664186503,10.225770022042866,receding,False
57,79,374,621,bright_green,216.8359664186503,10.225770022042866,receding,False
58,79,375,621,bright_green,216.8359664186503,10.225770022042866,receding,False
59,79,376,621,bright_green,216.8359664186503,10.225770022042866,receding,False
60,79,377,621,bright_green,216.8359664186503,10.225770022042866,receding,False
61,79,378,621,bright_green,216.8359664186503,10.225770022042866,receding,False
62,79,379,621,bright_green,216.8359664186503,10.225770022042866,receding,False
63,79,380,621,bright_green,216.8359664186503,10.225770022042866,receding,False
64,79,381,621,bright_green,216.8359664186503,10.225770022042866,receding,False
65,79,382,621,bright_green,216.8359664186503,10.225770022042866,receding,False
66,79,383,621,bright_green,216.8359664186503,10.225770022042866,receding,False
67,79,384,621,bright_green,216.8359664186503,10.225770022042866,receding,False
68,79,385,621,bright_green,216.8359664186503,10.225770022042866,receding,False
69,79,386,621,bright_green,216.8359664186503,10.225770022042866,receding,False
70,79,387,621,bright_green,216.8359664186503,10.225770022042866,receding,False
71,79,388,621,bright_green,216.8359664186503,10.225770022042866,receding,False
72,79,389,621,bright_green,216.8359664186503,10.225770022042866,receding,False
73,79,390,621,bright_green,216.8359664186503,10.225770022042866,receding,False
74,79,391,621,bright_green,216.8359664186503,10.225770022042866,receding,False
75,79,392,621,bright_green,216.8359664186503,10.225770022042866,receding,False
76,79,393,621,bright_green,216.8359664186503,10.225770022042866,receding,False
77,79,394,621,bright_green,216.8359664186503,10.225770022042866,receding,False
79,79,396,621,dark_green,199.9894253945065,10.225770022042866,systemic_ambiguous,False
80,79,397,621,dark_green,199.9894253945065,10.225770022042866,systemic_ambiguous,False
81,79,398,621,dark_green,199.9894253945065,10.225770022042866,systemic_ambiguous,False
82,79,399,621,dark_green,199.9894253945065,10.225770022042866,systemic_ambiguous,False
83,79,400,621,dark_green,199.9894253945065,10.225770022042866,systemic_ambiguous,False
84,79,401,621,dark_green,199.9894253945065,10.225770022042866,systemic_ambiguous,False
85,79,402,621,dark_green,199.9894253945065,10.225770022042866,systemic_ambiguous,False
86,79,403,621,dark_green,199.9894253945065,10.225770022042866,systemic_ambiguous,False
87,79,404,621,dark_green,199.9894253945065,10.225770022042866,systemic_ambiguous,False
88,79,405,621,dark_green,199.9894253945065,10.225770022042866,systemic_ambiguous,False
89,79,406,621,dark_green,199.9894253945065,10.225770022042866,systemic_ambiguous,False
90,79,407,621,dark_green,199.9894253945065,10.225770022042866,systemic_ambiguous,False
91,79,408,621,dark_green,199.9894253945065,10.225770022042866,systemic_ambiguous,False
92,79,409,621,dark_green,199.9894253945065,10.225770022042866,systemic_ambiguous,False
93,79,410,621,dark_green,199.9894253945065,10.225770022042866,systemic_ambiguous,False
94,79,411,621,dark_green,199.9894253945065,10.225770022042866,systemic_ambiguous,False
95,79,412,621,dark_green,199.9894253945065,10.225770022042866,systemic_ambiguous,False
96,79,413,621,dark_green,199.9894253945065,10.225770022042866,systemic_ambiguous,False
97,79,414,621,dark_green,199.9894253945065,10.225770022042866,systemic_ambiguous,False
98,79,415,621,dark_green,199.9894253945065,10.225770022042866,systemic_ambiguous,False
99,79,416,621,dark_green,199.9894253945065,10.225770022042866,systemic_ambiguous,False
100,79,417,621,dark_green,199.9894253945065,10.225770022042866,systemic_ambiguous,False
101,79,418,621,dark_green,199.9894253945065,10.225770022042866,systemic_ambiguous,False
102,79,419,621,dark_green,199.9894253945065,10.225770022042866,systemic_ambiguous,False
31,80,348,622,blue,166.66348022436136,10.225770022042866,approaching,False
32,80,349,622,blue,166.66348022436136,10.225770022042866,approaching,False
33,80,350,622,blue,166.66348022436136,10.225770022042866,approaching,False
34,80,351,622,blue,166.66348022436136,10.225770022042866,approaching,False
35,80,352,622,blue,166.66348022436136,10.225770022042866,approaching,False
36,80,353,622,blue,166.66348022436136,10.225770022042866,approaching,False
38,80,355,622,light_blue,183.31851531264942,10.225770022042866,approaching,False
39,80,356,622,light_blue,183.31851531264942,10.225770022042866,approaching,False
44,80,361,622,light_blue,183.31851531264942,10.225770022042866,approaching,False
49,80,366,622,dark_green,199.9894253945065,10.225770022042866,systemic_ambiguous,False
50,80,367,622,dark_green,199.9894253945065,10.225770022042866,systemic_ambiguous,False
53,80,370,622,bright_green,216.8359664186503,10.225770022042866,receding,False
54,80,371,622,bright_green,216.8359664186503,10.225770022042866,receding,False
55,80,372,622,bright_green,216.8359664186503,10.225770022042866,receding,False
56,80,373,622,bright_green,216.8359664186503,10.225770022042866,receding,False
58,80,375,622,bright_green,216.8359664186503,10.225770022042866,receding,False
59,80,376,622,bright_green,216.8359664186503,10.225770022042866,receding,False
60,80,377,622,bright_green,216.8359664186503,10.225770022042866,receding,False
61,80,378,622,bright_green,216.8359664186503,10.225770022042866,receding,False
63,80,380,622,bright_green,216.8359664186503,10.225770022042866,receding,False
64,80,381,622,bright_green,216.8359664186503,10.225770022042866,receding,False
65,80,382,622,bright_green,216.8359664186503,10.225770022042866,receding,False
66,80,383,622,bright_green,216.8359664186503,10.225770022042866,receding,False
75,80,392,622,bright_green,216.8359664186503,10.225770022042866,receding,False
76,80,393,622,bright_green,216.8359664186503,10.225770022042866,receding,False
77,80,394,622,bright_green,216.8359664186503,10.225770022042866,receding,False
82,80,399,622,dark_green,199.9894253945065,10.225770022042866,systemic_ambiguous,False
83,80,400,622,dark_green,199.9894253945065,10.225770022042866,systemic_ambiguous,False
84,80,401,622,dark_green,199.9894253945065,10.225770022042866,systemic_ambiguous,False
85,80,402,622,dark_green,199.9894253945065,10.225770022042866,systemic_ambiguous,False
86,80,403,622,dark_green,199.9894253945065,10.225770022042866,systemic_ambiguous,False
87,80,404,622,dark_green,199.9894253945065,10.225770022042866,systemic_ambiguous,False
88,80,405,622,dark_green,199.9894253945065,10.225770022042866,systemic_ambiguous,False
89,80,406,622,dark_green,199.9894253945065,10.225770022042866,systemic_ambiguous,False
90,80,407,622,dark_green,199.9894253945065,10.225770022042866,systemic_ambiguous,False
91,80,408,622,dark_green,199.9894253945065,10.225770022042866,systemic_ambiguous,False
92,80,409,622,dark_green,199.9894253945065,10.225770022042866,systemic_ambiguous,False
93,80,410,622,dark_green,199.9894253945065,10.225770022042866,systemic_ambiguous,False
94,80,411,622,dark_green,199.9894253945065,10.225770022042866,systemic_ambiguous,False
95,80,412,622,dark_green,199.9894253945065,10.225770022042866,systemic_ambiguous,False
96,80,413,622,dark_green,199.9894253945065,10.225770022042866,systemic_ambiguous,False
97,80,414,622,dark_green,199.9894253945065,10.225770022042866,systemic_ambiguous,False
98,80,415,622,dark_green,199.9894253945065,10.225770022042866,systemic_ambiguous,False
99,80,416,622,dark_green,199.9894253945065,10.225770022042866,systemic_ambiguous,False
100,80,417,622,dark_green,199.9894253945065,10.225770022042866,systemic_ambiguous,False
101,80,418,622,dark_green,199.9894253945065,10.225770022042866,systemic_ambiguous,False
102,80,419,622,dark_green,199.9894253945065,10.225770022042866,systemic_ambiguous,False
31,81,348,623,blue,166.66348022436136,10.225770022042866,approaching,False
32,81,349,623,blue,166.66348022436136,10.225770022042866,approaching,False
33,81,350,623,blue,166.66348022436136,10.225770022042866,approaching,False
34,81,351,623,blue,166.66348022436136,10.225770022042866,approaching,False
35,81,352,623,blue,166.66348022436136,10.225770022042866,approaching,False
36,81,353,623,blue,166.66348022436136,10.225770022042866,approaching,False
38,81,355,623,light_blue,183.31851531264942,10.225770022042866,approaching,False
39,81,356,623,light_blue,183.31851531264942,10.225770022042866,approaching,False
44,81,361,623,light_blue,183.31851531264942,10.225770022042866,approaching,False
46,81,363,623,dark_green,199.9894253945065,10.225770022042866,systemic_ambiguous,False
47,81,364,623,dark_green,199.9894253945065,10.225770022042866,systemic_ambiguous,False
48,81,365,623,dark_green,199.9894253945065,10.225770022042866,systemic_ambiguous,False
49,81,366,623,dark_green,199.9894253945065,10.225770022042866,systemic_ambiguous,False
51,81,368,623,bright_green,216.8359664186503,10.225770022042866,receding,False
52,81,369,623,bright_green,216.8359664186503,10.225770022042866,receding,False
53,81,370,623,bright_green,216.8359664186503,10.225770022042866,receding,False
54,81,371,623,bright_green,216.8359664186503,10.225770022042866,receding,False
55,81,372,623,bright_green,216.8359664186503,10.225770022042866,receding,False
56,81,373,623,bright_green,216.8359664186503,10.225770022042866,receding,False
57,81,374,623,bright_green,216.8359664186503,10.225770022042866,receding,False
58,81,375,623,bright_green,216.8359664186503,10.225770022042866,receding,False
59,81,376,623,bright_green,216.8359664186503,10.225770022042866,receding,False
60,81,377,623,bright_green,216.8359664186503,10.225770022042866,receding,False
61,81,378,623,bright_green,216.8359664186503,10.225770022042866,receding,False
62,81,379,623,bright_green,216.8359664186503,10.225770022042866,receding,False
63,81,380,623,bright_green,216.8359664186503,10.225770022042866,receding,False
64,81,381,623,bright_green,216.8359664186503,10.225770022042866,receding,False
65,81,382,623,bright_green,216.8359664186503,10.225770022042866,receding,False
66,81,383,623,bright_green,216.8359664186503,10.225770022042866,receding,False
67,81,384,623,yellow,233.64817881929196,10.225770022042866,receding,False
68,81,385,623,yellow,233.64817881929196,10.225770022042866,receding,False
69,81,386,623,yellow,233.64817881929196,10.225770022042866,receding,False
70,81,387,623,yellow,233.64817881929196,10.225770022042866,receding,False
71,81,388,623,yellow,233.64817881929196,10.225770022042866,receding,False
72,81,389,623,yellow,233.64817881929196,10.225770022042866,receding,False
73,81,390,623,yellow,233.64817881929196,10.225770022042866,receding,False
74,81,391,623,yellow,233.64817881929196,10.225770022042866,receding,False
76,81,393,623,bright_green,216.8359664186503,10.225770022042866,receding,False
77,81,394,623,bright_green,216.8359664186503,10.225770022042866,receding,False
78,81,395,623,bright_green,216.8359664186503,10.225770022042866,receding,False
79,81,396,623,bright_green,216.8359664186503,10.225770022042866,receding,False
80,81,397,623,bright_green,216.8359664186503,10.225770022042866,receding,False
82,81,399,623,dark_green,199.9894253945065,10.225770022042866,systemic_ambiguous,False
83,81,400,623,dark_green,199.9894253945065,10.225770022042866,systemic_ambiguous,False
84,81,401,623,dark_green,199.9894253945065,10.225770022042866,systemic_ambiguous,False
85,81,402,623,dark_green,199.9894253945065,10.225770022042866,systemic_ambiguous,False
86,81,403,623,dark_green,199.9894253945065,10.225770022042866,systemic_ambiguous,False
87,81,404,623,dark_green,199.9894253945065,10.225770022042866,systemic_ambiguous,False
88,81,405,623,dark_green,199.9894253945065,10.225770022042866,systemic_ambiguous,False
89,81,406,623,dark_green,199.9894253945065,10.225770022042866,systemic_ambiguous,False
90,81,407,623,dark_green,199.9894253945065,10.225770022042866,systemic_ambiguous,False
91,81,408,623,dark_green,199.9894253945065,10.225770022042866,systemic_ambiguous,False
92,81,409,623,dark_green,199.9894253945065,10.225770022042866,systemic_ambiguous,False
93,81,410,623,dark_green,199.9894253945065,10.225770022042866,systemic_ambiguous,False
94,81,411,623,dark_green,199.9894253945065,10.225770022042866,systemic_ambiguous,False
95,81,412,623,dark_green,199.9894253945065,10.225770022042866,systemic_ambiguous,False
96,81,413,623,dark_green,199.9894253945065,10.225770022042866,systemic_ambiguous,False
97,81,414,623,dark_green,199.9894253945065,10.225770022042866,systemic_ambiguous,False
98,81,415,623,dark_green,199.9894253945065,10.225770022042866,systemic_ambiguous,False
99,81,416,623,dark_green,199.9894253945065,10.225770022042866,systemic_ambiguous,False
100,81,417,623,dark_green,199.9894253945065,10.225770022042866,systemic_ambiguous,False
101,81,418,623,dark_green,199.9894253945065,10.225770022042866,systemic_ambiguous,False
102,81,419,623,dark_green,199.9894253945065,10.225770022042866,systemic_ambiguous,False
31,82,348,624,blue,166.66348022436136,10.225770022042866,approaching,False
32,82,349,624,blue,166.66348022436136,10.225770022042866,approaching,False
33,82,350,624,blue,166.66348022436136,10.225770022042866,approaching,False
34,82,351,624,blue,166.66348022436136,10.225770022042866,approaching,False
35,82,352,624,blue,166.66348022436136,10.225770022042866,approaching,False
36,82,353,624,blue,166.66348022436136,10.225770022042866,approaching,False
38,82,355,624,light_blue,183.31851531264942,10.225770022042866,approaching,False
39,82,356,624,light_blue,183.31851531264942,10.225770022042866,approaching,False
46,82,363,624,dark_green,199.9894253945065,10.225770022042866,systemic_ambiguous,False
47,82,364,624,dark_green,199.9894253945065,10.225770022042866,systemic_ambiguous,False
48,82,365,624,dark_green,199.9894253945065,10.225770022042866,systemic_ambiguous,False
49,82,366,624,dark_green,199.9894253945065,10.225770022042866,systemic_ambiguous,False
51,82,368,624,bright_green,216.8359664186503,10.225770022042866,receding,False
52,82,369,624,bright_green,216.8359664186503,10.225770022042866,receding,False
53,82,370,624,bright_green,216.8359664186503,10.225770022042866,receding,False
55,82,372,624,bright_green,216.8359664186503,10.225770022042866,receding,False
56,82,373,624,bright_green,216.8359664186503,10.225770022042866,receding,False
57,82,374,624,bright_green,216.8359664186503,10.225770022042866,receding,False
58,82,375,624,bright_green,216.8359664186503,10.225770022042866,receding,False
60,82,377,624,bright_green,216.8359664186503,10.225770022042866,receding,False
61,82,378,624,bright_green,216.8359664186503,10.225770022042866,receding,False
62,82,379,624,bright_green,216.8359664186503,10.225770022042866,receding,False
67,82,384,624,yellow,233.64817881929196,10.225770022042866,receding,False
68,82,385,624,yellow,233.64817881929196,10.225770022042866,receding,False
69,82,386,624,yellow,233.64817881929196,10.225770022042866,receding,False
70,82,387,624,yellow,233.64817881929196,10.225770022042866,receding,False
71,82,388,624,yellow,233.64817881929196,10.225770022042866,receding,False
72,82,389,624,yellow,233.64817881929196,10.225770022042866,receding,False
73,82,390,624,yellow,233.64817881929196,10.225770022042866,receding,False
74,82,391,624,yellow,233.64817881929196,10.225770022042866,receding,False
77,82,394,624,bright_green,216.8359664186503,10.225770022042866,receding,False
78,82,395,624,bright_green,216.8359664186503,10.225770022042866,receding,False
79,82,396,624,bright_green,216.8359664186503,10.225770022042866,receding,False
80,82,397,624,bright_green,216.8359664186503,10.225770022042866,receding,False
84,82,401,624,dark_green,199.9894253945065,10.225770022042866,systemic_ambiguous,False
85,82,402,624,dark_green,199.9894253945065,10.225770022042866,systemic_ambiguous,False
86,82,403,624,dark_green,199.9894253945065,10.225770022042866,systemic_ambiguous,False
87,82,404,624,dark_green,199.9894253945065,10.225770022042866,systemic_ambiguous,False
88,82,405,624,dark_green,199.9894253945065,10.225770022042866,systemic_ambiguous,False
89,82,406,624,dark_green,199.9894253945065,10.225770022042866,systemic_ambiguous,False
90,82,407,624,dark_green,199.9894253945065,10.225770022042866,systemic_ambiguous,False
94,82,411,624,dark_green,199.9894253945065,10.225770022042866,systemic_ambiguous,False
96,82,413,624,dark_green,199.9894253945065,10.225770022042866,systemic_ambiguous,False
97,82,414,624,dark_green,199.9894253945065,10.225770022042866,systemic_ambiguous,False
98,82,415,624,dark_green,199.9894253945065,10.225770022042866,systemic_ambiguous,False
100,82,417,624,dark_green,199.9894253945065,10.225770022042866,systemic_ambiguous,False
101,82,418,624,dark_green,199.9894253945065,10.225770022042866,systemic_ambiguous,False
102,82,419,624,dark_green,199.9894253945065,10.225770022042866,systemic_ambiguous,False
31,83,348,625,blue,166.66348022436136,10.225770022042866,approaching,False
32,83,349,625,blue,166.66348022436136,10.225770022042866,approaching,False
33,83,350,625,blue,166.66348022436136,10.225770022042866,approaching,False
34,83,351,625,blue,166.66348022436136,10.225770022042866,approaching,False
38,83,355,625,light_blue,183.31851531264942,10.225770022042866,approaching,False
39,83,356,625,light_blue,183.31851531264942,10.225770022042866,approaching,False
40,83,357,625,light_blue,183.31851531264942,10.225770022042866,approaching,False
41,83,358,625,light_blue,183.31851531264942,10.225770022042866,approaching,False
47,83,364,625,dark_green,199.9894253945065,10.225770022042866,systemic_ambiguous,False
48,83,365,625,dark_green,199.9894253945065,10.225770022042866,systemic_ambiguous,False
49,83,366,625,dark_green,199.9894253945065,10.225770022042866,systemic_ambiguous,False
53,83,370,625,bright_green,216.8359664186503,10.225770022042866,receding,False
54,83,371,625,bright_green,216.8359664186503,10.225770022042866,receding,False
55,83,372,625,bright_green,216.8359664186503,10.225770022042866,receding,False
56,83,373,625,bright_green,216.8359664186503,10.225770022042866,receding,False
57,83,374,625,bright_green,216.8359664186503,10.225770022042866,receding,False
58,83,375,625,bright_green,216.8359664186503,10.225770022042866,receding,False
59,83,376,625,bright_green,216.8359664186503,10.225770022042866,receding,False
60,83,377,625,bright_green,216.8359664186503,10.225770022042866,receding,False
61,83,378,625,bright_green,216.8359664186503,10.225770022042866,receding,False
64,83,381,625,yellow,233.64817881929196,10.225770022042866,receding,False
65,83,382,625,yellow,233.64817881929196,10.225770022042866,receding,False
66,83,383,625,yellow,233.64817881929196,10.225770022042866,receding,False
67,83,384,625,yellow,233.64817881929196,10.225770022042866,receding,False
68,83,385,625,yellow,233.64817881929196,10.225770022042866,receding,False
69,83,386,625,yellow,233.64817881929196,10.225770022042866,receding,False
70,83,387,625,yellow,233.64817881929196,10.225770022042866,receding,False
71,83,388,625,yellow,233.64817881929196,10.225770022042866,receding,False
72,83,389,625,yellow,233.64817881929196,10.225770022042866,receding,False
73,83,390,625,yellow,233.64817881929196,10.225770022042866,receding,False
74,83,391,625,yellow,233.64817881929196,10.225770022042866,receding,False
75,83,392,625,yellow,233.64817881929196,10.225770022042866,receding,False
80,83,397,625,bright_green,216.8359664186503,10.225770022042866,receding,False
81,83,398,625,bright_green,216.8359664186503,10.225770022042866,receding,False
82,83,399,625,bright_green,216.8359664186503,10.225770022042866,receding,False
85,83,402,625,dark_green,199.9894253945065,10.225770022042866,systemic_ambiguous,False
86,83,403,625,dark_green,199.9894253945065,10.225770022042866,systemic_ambiguous,False
87,83,404,625,dark_green,199.9894253945065,10.225770022042866,systemic_ambiguous,False
92,83,409,625,bright_green,216.8359664186503,10.225770022042866,receding,False
94,83,411,625,dark_green,199.9894253945065,10.225770022042866,systemic_ambiguous,False
95,83,412,625,dark_green,199.9894253945065,10.225770022042866,systemic_ambiguous,False
96,83,413,625,dark_green,199.9894253945065,10.225770022042866,systemic_ambiguous,False
97,83,414,625,dark_green,199.9894253945065,10.225770022042866,systemic_ambiguous,False
102,83,419,625,dark_green,199.9894253945065,10.225770022042866,systemic_ambiguous,False
31,84,348,626,blue,166.66348022436136,10.225770022042866,approaching,False
32,84,349,626,blue,166.66348022436136,10.225770022042866,approaching,False
33,84,350,626,blue,166.66348022436136,10.225770022042866,approaching,False
34,84,351,626,blue,166.66348022436136,10.225770022042866,approaching,False
36,84,353,626,light_blue,183.31851531264942,10.225770022042866,approaching,False
37,84,354,626,light_blue,183.31851531264942,10.225770022042866,approaching,False
38,84,355,626,light_blue,183.31851531264942,10.225770022042866,approaching,False
39,84,356,626,light_blue,183.31851531264942,10.225770022042866,approaching,False
40,84,357,626,light_blue,183.31851531264942,10.225770022042866,approaching,False
41,84,358,626,light_blue,183.31851531264942,10.225770022042866,approaching,False
46,84,363,626,light_blue,183.31851531264942,10.225770022042866,approaching,False
48,84,365,626,dark_green,199.9894253945065,10.225770022042866,systemic_ambiguous,False
49,84,366,626,dark_green,199.9894253945065,10.225770022042866,systemic_ambiguous,False
50,84,367,626,dark_green,199.9894253945065,10.225770022042866,systemic_ambiguous,False
51,84,368,626,dark_green,199.9894253945065,10.225770022042866,systemic_ambiguous,False
53,84,370,626,bright_green,216.8359664186503,10.225770022042866,receding,False
54,84,371,626,bright_green,216.8359664186503,10.225770022042866,receding,False
55,84,372,626,bright_green,216.8359664186503,10.225770022042866,receding,False
57,84,374,626,bright_green,216.8359664186503,10.225770022042866,receding,False
58,84,375,626,bright_green,216.8359664186503,10.225770022042866,receding,False
59,84,376,626,bright_green,216.8359664186503,10.225770022042866,receding,False
60,84,377,626,bright_green,216.8359664186503,10.225770022042866,receding,False
61,84,378,626,bright_green,216.8359664186503,10.225770022042866,receding,False
62,84,379,626,yellow,233.64817881929196,10.225770022042866,receding,False
63,84,380,626,yellow,233.64817881929196,10.225770022042866,receding,False
64,84,381,626,yellow,233.64817881929196,10.225770022042866,receding,False
65,84,382,626,yellow,233.64817881929196,10.225770022042866,receding,False
66,84,383,626,yellow,233.64817881929196,10.225770022042866,receding,False
67,84,384,626,yellow,233.64817881929196,10.225770022042866,receding,False
68,84,385,626,yellow,233.64817881929196,10.225770022042866,receding,False
69,84,386,626,yellow,233.64817881929196,10.225770022042866,receding,False
70,84,387,626,yellow,233.64817881929196,10.225770022042866,receding,False
71,84,388,626,yellow,233.64817881929196,10.225770022042866,receding,False
72,84,389,626,yellow,233.64817881929196,10.225770022042866,receding,False
73,84,390,626,yellow,233.64817881929196,10.225770022042866,receding,False
74,84,391,626,yellow,233.64817881929196,10.225770022042866,receding,False
75,84,392,626,yellow,233.64817881929196,10.225770022042866,receding,False
76,84,393,626,yellow,233.64817881929196,10.225770022042866,receding,False
77,84,394,626,yellow,233.64817881929196,10.225770022042866,receding,False
78,84,395,626,yellow,233.64817881929196,10.225770022042866,receding,False
79,84,396,626,yellow,233.64817881929196,10.225770022042866,receding,False
81,84,398,626,bright_green,216.8359664186503,10.225770022042866,receding,False
82,84,399,626,bright_green,216.8359664186503,10.225770022042866,receding,False
83,84,400,626,bright_green,216.8359664186503,10.225770022042866,receding,False
84,84,401,626,bright_green,216.8359664186503,10.225770022042866,receding,False
86,84,403,626,dark_green,199.9894253945065,10.225770022042866,systemic_ambiguous,False
87,84,404,626,dark_green,199.9894253945065,10.225770022042866,systemic_ambiguous,False
89,84,406,626,bright_green,216.8359664186503,10.225770022042866,receding,False
90,84,407,626,bright_green,216.8359664186503,10.225770022042866,receding,False
91,84,408,626,bright_green,216.8359664186503,10.225770022042866,receding,False
92,84,409,626,bright_green,216.8359664186503,10.225770022042866,receding,False
94,84,411,626,dark_green,199.9894253945065,10.225770022042866,systemic_ambiguous,False
95,84,412,626,dark_green,199.9894253945065,10.225770022042866,systemic_ambiguous,False
96,84,413,626,dark_green,199.9894253945065,10.225770022042866,systemic_ambiguous,False
97,84,414,626,dark_green,199.9894253945065,10.225770022042866,systemic_ambiguous,False
99,84,416,626,bright_green,216.8359664186503,10.225770022042866,receding,False
100,84,417,626,bright_green,216.8359664186503,10.225770022042866,receding,False
102,84,419,626,dark_green,199.9894253945065,10.225770022042866,systemic_ambiguous,False
31,85,348,627,blue,166.66348022436136,10.225770022042866,approaching,False
36,85,353,627,light_blue,183.31851531264942,10.225770022042866,approaching,False
37,85,354,627,light_blue,183.31851531264942,10.225770022042866,approaching,False
38,85,355,627,light_blue,183.31851531264942,10.225770022042866,approaching,False
39,85,356,627,light_blue,183.31851531264942,10.225770022042866,approaching,False
40,85,357,627,light_blue,183.31851531264942,10.225770022042866,approaching,False
41,85,358,627,light_blue,183.31851531264942,10.225770022042866,approaching,False
48,85,365,627,dark_green,199.9894253945065,10.225770022042866,systemic_ambiguous,False
49,85,366,627,dark_green,199.9894253945065,10.225770022042866,systemic_ambiguous,False
50,85,367,627,dark_green,199.9894253945065,10.225770022042866,systemic_ambiguous,False
51,85,368,627,dark_green,199.9894253945065,10.225770022042866,systemic_ambiguous,False
53,85,370,627,bright_green,216.8359664186503,10.225770022042866,receding,False
54,85,371,627,bright_green,216.8359664186503,10.225770022042866,receding,False
55,85,372,627,bright_green,216.8359664186503,10.225770022042866,receding,False
56,85,373,627,bright_green,216.8359664186503,10.225770022042866,receding,False
57,85,374,627,bright_green,216.8359664186503,10.225770022042866,receding,False
58,85,375,627,bright_green,216.8359664186503,10.225770022042866,receding,False
59,85,376,627,bright_green,216.8359664186503,10.225770022042866,receding,False
62,85,379,627,yellow,233.64817881929196,10.225770022042866,receding,False
63,85,380,627,yellow,233.64817881929196,10.225770022042866,receding,False
64,85,381,627,yellow,233.64817881929196,10.225770022042866,receding,False
65,85,382,627,yellow,233.64817881929196,10.225770022042866,receding,False
66,85,383,627,yellow,233.64817881929196,10.225770022042866,receding,False
67,85,384,627,yellow,233.64817881929196,10.225770022042866,receding,False
68,85,385,627,yellow,233.64817881929196,10.225770022042866,receding,False
69,85,386,627,yellow,233.64817881929196,10.225770022042866,receding,False
70,85,387,627,yellow,233.64817881929196,10.225770022042866,receding,False
71,85,388,627,yellow,233.64817881929196,10.225770022042866,receding,False
72,85,389,627,yellow,233.64817881929196,10.225770022042866,receding,False
73,85,390,627,yellow,233.64817881929196,10.225770022042866,receding,False
74,85,391,627,yellow,233.64817881929196,10.225770022042866,receding,False
75,85,392,627,yellow,233.64817881929196,10.225770022042866,receding,False
76,85,393,627,yellow,233.64817881929196,10.225770022042866,receding,False
77,85,394,627,yellow,233.64817881929196,10.225770022042866,receding,False
78,85,395,627,yellow,233.64817881929196,10.225770022042866,receding,False
79,85,396,627,yellow,233.64817881929196,10.225770022042866,receding,False
82,85,399,627,bright_green,216.8359664186503,10.225770022042866,receding,False
83,85,400,627,bright_green,216.8359664186503,10.225770022042866,receding,False
84,85,401,627,bright_green,216.8359664186503,10.225770022042866,receding,False
89,85,406,627,bright_green,216.8359664186503,10.225770022042866,receding,False
90,85,407,627,bright_green,216.8359664186503,10.225770022042866,receding,False
91,85,408,627,bright_green,216.8359664186503,10.225770022042866,receding,False
92,85,409,627,bright_green,216.8359664186503,10.225770022042866,receding,False
99,85,416,627,bright_green,216.8359664186503,10.225770022042866,receding,False
100,85,417,627,bright_green,216.8359664186503,10.225770022042866,receding,False
28,86,345,628,blue,166.66348022436136,10.225770022042866,approaching,False
29,86,346,628,blue,166.66348022436136,10.225770022042866,approaching,False
30,86,347,628,blue,166.66348022436136,10.225770022042866,approaching,False
31,86,348,628,blue,166.66348022436136,10.225770022042866,approaching,False
33,86,350,628,light_blue,183.31851531264942,10.225770022042866,approaching,False
34,86,351,628,light_blue,183.31851531264942,10.225770022042866,approaching,False
35,86,352,628,light_blue,183.31851531264942,10.225770022042866,approaching,False
36,86,353,628,light_blue,183.31851531264942,10.225770022042866,approaching,False
37,86,354,628,light_blue,183.31851531264942,10.225770022042866,approaching,False
38,86,355,628,light_blue,183.31851531264942,10.225770022042866,approaching,False
39,86,356,628,light_blue,183.31851531264942,10.225770022042866,approaching,False
40,86,357,628,light_blue,183.31851531264942,10.225770022042866,approaching,False
41,86,358,628,light_blue,183.31851531264942,10.225770022042866,approaching,False
44,86,361,628,dark_green,199.9894253945065,10.225770022042866,systemic_ambiguous,False
45,86,362,628,dark_green,199.9894253945065,10.225770022042866,systemic_ambiguous,False
46,86,363,628,dark_green,199.9894253945065,10.225770022042866,systemic_ambiguous,False
47,86,364,628,dark_green,199.9894253945065,10.225770022042866,systemic_ambiguous,False
48,86,365,628,dark_green,199.9894253945065,10.225770022042866,systemic_ambiguous,False
49,86,366,628,dark_green,199.9894253945065,10.225770022042866,systemic_ambiguous,False
50,86,367,628,dark_green,199.9894253945065,10.225770022042866,systemic_ambiguous,False
51,86,368,628,dark_green,199.9894253945065,10.225770022042866,systemic_ambiguous,False
53,86,370,628,bright_green,216.8359664186503,10.225770022042866,receding,False
54,86,371,628,bright_green,216.8359664186503,10.225770022042866,receding,False
55,86,372,628,bright_green,216.8359664186503,10.225770022042866,receding,False
56,86,373,628,bright_green,216.8359664186503,10.225770022042866,receding,False
57,86,374,628,bright_green,216.8359664186503,10.225770022042866,receding,False
58,86,375,628,bright_green,216.8359664186503,10.225770022042866,receding,False
59,86,376,628,bright_green,216.8359664186503,10.225770022042866,receding,False
61,86,378,628,yellow,233.64817881929196,10.225770022042866,receding,False
62,86,379,628,yellow,233.64817881929196,10.225770022042866,receding,False
63,86,380,628,yellow,233.64817881929196,10.225770022042866,receding,False
64,86,381,628,yellow,233.64817881929196,10.225770022042866,receding,False
65,86,382,628,yellow,233.64817881929196,10.225770022042866,receding,False
66,86,383,628,yellow,233.64817881929196,10.225770022042866,receding,False
67,86,384,628,yellow,233.64817881929196,10.225770022042866,receding,False
68,86,385,628,yellow,233.64817881929196,10.225770022042866,receding,False
69,86,386,628,yellow,233.64817881929196,10.225770022042866,receding,False
70,86,387,628,yellow,233.64817881929196,10.225770022042866,receding,False
71,86,388,628,yellow,233.64817881929196,10.225770022042866,receding,False
72,86,389,628,yellow,233.64817881929196,10.225770022042866,receding,False
73,86,390,628,yellow,233.64817881929196,10.225770022042866,receding,False
74,86,391,628,yellow,233.64817881929196,10.225770022042866,receding,False
75,86,392,628,yellow,233.64817881929196,10.225770022042866,receding,False
76,86,393,628,yellow,233.64817881929196,10.225770022042866,receding,False
77,86,394,628,yellow,233.64817881929196,10.225770022042866,receding,False
78,86,395,628,yellow,233.64817881929196,10.225770022042866,receding,False
79,86,396,628,yellow,233.64817881929196,10.225770022042866,receding,False
80,86,397,628,yellow,233.64817881929196,10.225770022042866,receding,False
82,86,399,628,bright_green,216.8359664186503,10.225770022042866,receding,False
83,86,400,628,bright_green,216.8359664186503,10.225770022042866,receding,False
84,86,401,628,bright_green,216.8359664186503,10.225770022042866,receding,False
85,86,402,628,bright_green,216.8359664186503,10.225770022042866,receding,False
86,86,403,628,bright_green,216.8359664186503,10.225770022042866,receding,False
87,86,404,628,bright_green,216.8359664186503,10.225770022042866,receding,False
88,86,405,628,bright_green,216.8359664186503,10.225770022042866,receding,False
89,86,406,628,bright_green,216.8359664186503,10.225770022042866,receding,False
90,86,407,628,bright_green,216.8359664186503,10.225770022042866,receding,False
91,86,408,628,bright_green,216.8359664186503,10.225770022042866,receding,False
92,86,409,628,bright_green,216.8359664186503,10.225770022042866,receding,False
93,86,410,628,bright_green,216.8359664186503,10.225770022042866,receding,False
94,86,411,628,bright_green,216.8359664186503,10.225770022042866,receding,False
95,86,412,628,bright_green,216.8359664186503,10.225770022042866,receding,False
96,86,413,628,bright_green,216.8359664186503,10.225770022042866,receding,False
97,86,414,628,bright_green,216.8359664186503,10.225770022042866,receding,False
98,86,415,628,bright_green,216.8359664186503,10.225770022042866,receding,False
99,86,416,628,bright_green,216.8359664186503,10.225770022042866,receding,False
100,86,417,628,bright_green,216.8359664186503,10.225770022042866,receding,False
101,86,418,628,bright_green,216.8359664186503,10.225770022042866,receding,False
102,86,419,628,bright_green,216.8359664186503,10.225770022042866,receding,False
113,86,430,628,bright_green,216.8359664186503,10.225770022042866,receding,False
114,86,431,628,bright_green,216.8359664186503,10.225770022042866,receding,False
115,86,432,628,bright_green,216.8359664186503,10.225770022042866,receding,False
28,87,345,629,blue,166.66348022436136,10.225770022042866,approaching,False
29,87,346,629,blue,166.66348022436136,10.225770022042866,approaching,False
31,87,348,629,light_blue,183.31851531264942,10.225770022042866,approaching,False
36,87,353,629,light_blue,183.31851531264942,10.225770022042866,approaching,False
37,87,354,629,light_blue,183.31851531264942,10.225770022042866,approaching,False
38,87,355,629,light_blue,183.31851531264942,10.225770022042866,approaching,False
39,87,356,629,light_blue,183.31851531264942,10.225770022042866,approaching,False
40,87,357,629,light_blue,183.31851531264942,10.225770022042866,approaching,False
41,87,358,629,light_blue,183.31851531264942,10.225770022042866,approaching,False
42,87,359,629,light_blue,183.31851531264942,10.225770022042866,approaching,False
43,87,360,629,light_blue,183.31851531264942,10.225770022042866,approaching,False
44,87,361,629,dark_green,199.9894253945065,10.225770022042866,systemic_ambiguous,False
45,87,362,629,dark_green,199.9894253945065,10.225770022042866,systemic_ambiguous,False
46,87,363,629,dark_green,199.9894253945065,10.225770022042866,systemic_ambiguous,False
47,87,364,629,dark_green,199.9894253945065,10.225770022042866,systemic_ambiguous,False
48,87,365,629,dark_green,199.9894253945065,10.225770022042866,systemic_ambiguous,False
49,87,366,629,dark_green,199.9894253945065,10.225770022042866,systemic_ambiguous,False
50,87,367,629,dark_green,199.9894253945065,10.225770022042866,systemic_ambiguous,False
51,87,368,629,dark_green,199.9894253945065,10.225770022042866,systemic_ambiguous,False
53,87,370,629,bright_green,216.8359664186503,10.225770022042866,receding,False
54,87,371,629,bright_green,216.8359664186503,10.225770022042866,receding,False
56,87,373,629,bright_green,216.8359664186503,10.225770022042866,receding,False
57,87,374,629,yellow,233.64817881929196,10.225770022042866,receding,False
58,87,375,629,yellow,233.64817881929196,10.225770022042866,receding,False
59,87,376,629,yellow,233.64817881929196,10.225770022042866,receding,False
60,87,377,629,yellow,233.64817881929196,10.225770022042866,receding,False
61,87,378,629,yellow,233.64817881929196,10.225770022042866,receding,False
62,87,379,629,orange,250.0052856254115,10.225770022042866,receding,False
64,87,381,629,yellow,233.64817881929196,10.225770022042866,receding,False
65,87,382,629,yellow,233.64817881929196,10.225770022042866,receding,False
66,87,383,629,yellow,233.64817881929196,10.225770022042866,receding,False
67,87,384,629,yellow,233.64817881929196,10.225770022042866,receding,False
68,87,385,629,yellow,233.64817881929196,10.225770022042866,receding,False
69,87,386,629,yellow,233.64817881929196,10.225770022042866,receding,False
71,87,388,629,orange,250.0052856254115,10.225770022042866,receding,False
72,87,389,629,orange,250.0052856254115,10.225770022042866,receding,False
74,87,391,629,yellow,233.64817881929196,10.225770022042866,receding,False
75,87,392,629,yellow,233.64817881929196,10.225770022042866,receding,False
76,87,393,629,yellow,233.64817881929196,10.225770022042866,receding,False
77,87,394,629,yellow,233.64817881929196,10.225770022042866,receding,False
78,87,395,629,yellow,233.64817881929196,10.225770022042866,receding,False
79,87,396,629,yellow,233.64817881929196,10.225770022042866,receding,False
80,87,397,629,yellow,233.64817881929196,10.225770022042866,receding,False
81,87,398,629,yellow,233.64817881929196,10.225770022042866,receding,False
82,87,399,629,yellow,233.64817881929196,10.225770022042866,receding,False
84,87,401,629,bright_green,216.8359664186503,10.225770022042866,receding,False
85,87,402,629,bright_green,216.8359664186503,10.225770022042866,receding,False
86,87,403,629,bright_green,216.8359664186503,10.225770022042866,receding,False
87,87,404,629,bright_green,216.8359664186503,10.225770022042866,receding,False
88,87,405,629,bright_green,216.8359664186503,10.225770022042866,receding,False
89,87,406,629,bright_green,216.8359664186503,10.225770022042866,receding,False
90,87,407,629,bright_green,216.8359664186503,10.225770022042866,receding,False
91,87,408,629,bright_green,216.8359664186503,10.225770022042866,receding,False
92,87,409,629,bright_green,216.8359664186503,10.225770022042866,receding,False
93,87,410,629,bright_green,216.8359664186503,10.225770022042866,receding,False
94,87,411,629,bright_green,216.8359664186503,10.225770022042866,receding,False
95,87,412,629,bright_green,216.8359664186503,10.225770022042866,receding,False
96,87,413,629,bright_green,216.8359664186503,10.225770022042866,receding,False
97,87,414,629,bright_green,216.8359664186503,10.225770022042866,receding,False
98,87,415,629,bright_green,216.8359664186503,10.225770022042866,receding,False
99,87,416,629,bright_green,216.8359664186503,10.225770022042866,receding,False
100,87,417,629,bright_green,216.8359664186503,10.225770022042866,receding,False
101,87,418,629,dark_green,199.9894253945065,10.225770022042866,systemic_ambiguous,False
112,87,429,629,yellow,233.64817881929196,10.225770022042866,receding,False
113,87,430,629,bright_green,216.8359664186503,10.225770022042866,receding,False
114,87,431,629,bright_green,216.8359664186503,10.225770022042866,receding,False
115,87,432,629,bright_green,216.8359664186503,10.225770022042866,receding,False
36,88,353,630,light_blue,183.31851531264942,10.225770022042866,approaching,False
37,88,354,630,light_blue,183.31851531264942,10.225770022042866,approaching,False
38,88,355,630,light_blue,183.31851531264942,10.225770022042866,approaching,False
39,88,356,630,light_blue,183.31851531264942,10.225770022042866,approaching,False
40,88,357,630,light_blue,183.31851531264942,10.225770022042866,approaching,False
41,88,358,630,light_blue,183.31851531264942,10.225770022042866,approaching,False
42,88,359,630,light_blue,183.31851531264942,10.225770022042866,approaching,False
43,88,360,630,light_blue,183.31851531264942,10.225770022042866,approaching,False
47,88,364,630,dark_green,199.9894253945065,10.225770022042866,systemic_ambiguous,False
48,88,365,630,dark_green,199.9894253945065,10.225770022042866,systemic_ambiguous,False
49,88,366,630,dark_green,199.9894253945065,10.225770022042866,systemic_ambiguous,False
53,88,370,630,bright_green,216.8359664186503,10.225770022042866,receding,False
54,88,371,630,bright_green,216.8359664186503,10.225770022042866,receding,False
57,88,374,630,yellow,233.64817881929196,10.225770022042866,receding,False
58,88,375,630,yellow,233.64817881929196,10.225770022042866,receding,False
59,88,376,630,yellow,233.64817881929196,10.225770022042866,receding,False
60,88,377,630,yellow,233.64817881929196,10.225770022042866,receding,False
61,88,378,630,yellow,233.64817881929196,10.225770022042866,receding,False
62,88,379,630,orange,250.0052856254115,10.225770022042866,receding,False
65,88,382,630,yellow,233.64817881929196,10.225770022042866,receding,False
67,88,384,630,yellow,233.64817881929196,10.225770022042866,receding,False
68,88,385,630,yellow,233.64817881929196,10.225770022042866,receding,False
71,88,388,630,orange,250.0052856254115,10.225770022042866,receding,False
72,88,389,630,orange,250.0052856254115,10.225770022042866,receding,False
75,88,392,630,yellow,233.64817881929196,10.225770022042866,receding,False
76,88,393,630,yellow,233.64817881929196,10.225770022042866,receding,False
77,88,394,630,yellow,233.64817881929196,10.225770022042866,receding,False
78,88,395,630,yellow,233.64817881929196,10.225770022042866,receding,False
79,88,396,630,yellow,233.64817881929196,10.225770022042866,receding,False
80,88,397,630,yellow,233.64817881929196,10.225770022042866,receding,False
81,88,398,630,yellow,233.64817881929196,10.225770022042866,receding,False
82,88,399,630,yellow,233.64817881929196,10.225770022042866,receding,False
85,88,402,630,bright_green,216.8359664186503,10.225770022042866,receding,False
86,88,403,630,bright_green,216.8359664186503,10.225770022042866,receding,False
87,88,404,630,bright_green,216.8359664186503,10.225770022042866,receding,False
88,88,405,630,bright_green,216.8359664186503,10.225770022042866,receding,False
90,88,407,630,bright_green,216.8359664186503,10.225770022042866,receding,False
91,88,408,630,bright_green,216.8359664186503,10.225770022042866,receding,False
92,88,409,630,bright_green,216.8359664186503,10.225770022042866,receding,False
93,88,410,630,bright_green,216.8359664186503,10.225770022042866,receding,False
94,88,411,630,bright_green,216.8359664186503,10.225770022042866,receding,False
95,88,412,630,bright_green,216.8359664186503,10.225770022042866,receding,False
96,88,413,630,bright_green,216.8359664186503,10.225770022042866,receding,False
100,88,417,630,dark_green,199.9894253945065,10.225770022042866,systemic_ambiguous,False
112,88,429,630,yellow,233.64817881929196,10.225770022042866,receding,False
29,89,346,631,light_blue,183.31851531264942,10.225770022042866,approaching,False
36,89,353,631,light_blue,183.31851531264942,10.225770022042866,approaching,False
37,89,354,631,light_blue,183.31851531264942,10.225770022042866,approaching,False
38,89,355,631,light_blue,183.31851531264942,10.225770022042866,approaching,False
39,89,356,631,light_blue,183.31851531264942,10.225770022042866,approaching,False
40,89,357,631,light_blue,183.31851531264942,10.225770022042866,approaching,False
41,89,358,631,light_blue,183.31851531264942,10.225770022042866,approaching,False
42,89,359,631,light_blue,183.31851531264942,10.225770022042866,approaching,False
43,89,360,631,light_blue,183.31851531264942,10.225770022042866,approaching,False
44,89,361,631,light_blue,183.31851531264942,10.225770022042866,approaching,False
45,89,362,631,light_blue,183.31851531264942,10.225770022042866,approaching,False
46,89,363,631,light_blue,183.31851531264942,10.225770022042866,approaching,False
48,89,365,631,dark_green,199.9894253945065,10.225770022042866,systemic_ambiguous,False
49,89,366,631,dark_green,199.9894253945065,10.225770022042866,systemic_ambiguous,False
51,89,368,631,bright_green,216.8359664186503,10.225770022042866,receding,False
52,89,369,631,bright_green,216.8359664186503,10.225770022042866,receding,False
53,89,370,631,bright_green,216.8359664186503,10.225770022042866,receding,False
54,89,371,631,bright_green,216.8359664186503,10.225770022042866,receding,False
56,89,373,631,yellow,233.64817881929196,10.225770022042866,receding,False
57,89,374,631,yellow,233.64817881929196,10.225770022042866,receding,False
58,89,375,631,yellow,233.64817881929196,10.225770022042866,receding,False
59,89,376,631,yellow,233.64817881929196,10.225770022042866,receding,False
60,89,377,631,yellow,233.64817881929196,10.225770022042866,receding,False
61,89,378,631,yellow,233.64817881929196,10.225770022042866,receding,False
62,89,379,631,orange,250.0052856254115,10.225770022042866,receding,False
63,89,380,631,orange,250.0052856254115,10.225770022042866,receding,False
65,89,382,631,orange,250.0052856254115,10.225770022042866,receding,False
66,89,383,631,orange,250.0052856254115,10.225770022042866,receding,False
67,89,384,631,yellow,233.64817881929196,10.225770022042866,receding,False
70,89,387,631,orange,250.0052856254115,10.225770022042866,receding,False
72,89,389,631,orange,250.0052856254115,10.225770022042866,receding,False
73,89,390,631,orange,250.0052856254115,10.225770022042866,receding,False
74,89,391,631,orange,250.0052856254115,10.225770022042866,receding,False
75,89,392,631,yellow,233.64817881929196,10.225770022042866,receding,False
76,89,393,631,yellow,233.64817881929196,10.225770022042866,receding,False
77,89,394,631,yellow,233.64817881929196,10.225770022042866,receding,False
78,89,395,631,yellow,233.64817881929196,10.225770022042866,receding,False
79,89,396,631,yellow,233.64817881929196,10.225770022042866,receding,False
80,89,397,631,yellow,233.64817881929196,10.225770022042866,receding,False
81,89,398,631,yellow,233.64817881929196,10.225770022042866,receding,False
82,89,399,631,yellow,233.64817881929196,10.225770022042866,receding,False
83,89,400,631,yellow,233.64817881929196,10.225770022042866,receding,False
84,89,401,631,yellow,233.64817881929196,10.225770022042866,receding,False
86,89,403,631,bright_green,216.8359664186503,10.225770022042866,receding,False
87,89,404,631,bright_green,216.8359664186503,10.225770022042866,receding,False
88,89,405,631,bright_green,216.8359664186503,10.225770022042866,receding,False
89,89,406,631,bright_green,216.8359664186503,10.225770022042866,receding,False
90,89,407,631,bright_green,216.8359664186503,10.225770022042866,receding,False
92,89,409,631,bright_green,216.8359664186503,10.225770022042866,receding,False
93,89,410,631,bright_green,216.8359664186503,10.225770022042866,receding,False
95,89,412,631,bright_green,216.8359664186503,10.225770022042866,receding,False
96,89,413,631,bright_green,216.8359664186503,10.225770022042866,receding,False
97,89,414,631,bright_green,216.8359664186503,10.225770022042866,receding,False
99,89,416,631,dark_green,199.9894253945065,10.225770022042866,systemic_ambiguous,False
107,89,424,631,yellow,233.64817881929196,10.225770022042866,receding,False
108,89,425,631,yellow,233.64817881929196,10.225770022042866,receding,False
109,89,426,631,yellow,233.64817881929196,10.225770022042866,receding,False
110,89,427,631,yellow,233.64817881929196,10.225770022042866,receding,False
111,89,428,631,yellow,233.64817881929196,10.225770022042866,receding,False
112,89,429,631,yellow,233.64817881929196,10.225770022042866,receding,False
113,89,430,631,yellow,233.64817881929196,10.225770022042866,receding,False
114,89,431,631,yellow,233.64817881929196,10.225770022042866,receding,False
115,89,432,631,yellow,233.64817881929196,10.225770022042866,receding,False
29,90,346,632,light_blue,183.31851531264942,10.225770022042866,approaching,False
39,90,356,632,light_blue,183.31851531264942,10.225770022042866,approaching,False
40,90,357,632,light_blue,183.31851531264942,10.225770022042866,approaching,False
41,90,358,632,light_blue,183.31851531264942,10.225770022042866,approaching,False
42,90,359,632,light_blue,183.31851531264942,10.225770022042866,approaching,False
43,90,360,632,light_blue,183.31851531264942,10.225770022042866,approaching,False
44,90,361,632,light_blue,183.31851531264942,10.225770022042866,approaching,False
48,90,365,632,dark_green,199.9894253945065,10.225770022042866,systemic_ambiguous,False
51,90,368,632,bright_green,216.8359664186503,10.225770022042866,receding,False
52,90,369,632,bright_green,216.8359664186503,10.225770022042866,receding,False
53,90,370,632,bright_green,216.8359664186503,10.225770022042866,receding,False
54,90,371,632,bright_green,216.8359664186503,10.225770022042866,receding,False
56,90,373,632,yellow,233.64817881929196,10.225770022042866,receding,False
57,90,374,632,yellow,233.64817881929196,10.225770022042866,receding,False
58,90,375,632,yellow,233.64817881929196,10.225770022042866,receding,False
59,90,376,632,yellow,233.64817881929196,10.225770022042866,receding,False
60,90,377,632,yellow,233.64817881929196,10.225770022042866,receding,False
61,90,378,632,yellow,233.64817881929196,10.225770022042866,receding,False
62,90,379,632,orange,250.0052856254115,10.225770022042866,receding,False
63,90,380,632,orange,250.0052856254115,10.225770022042866,receding,False
64,90,381,632,orange,250.0052856254115,10.225770022042866,receding,False
65,90,382,632,orange,250.0052856254115,10.225770022042866,receding,False
66,90,383,632,orange,250.0052856254115,10.225770022042866,receding,False
67,90,384,632,yellow,233.64817881929196,10.225770022042866,receding,False
68,90,385,632,yellow,233.64817881929196,10.225770022042866,receding,False
69,90,386,632,orange,250.0052856254115,10.225770022042866,receding,False
70,90,387,632,orange,250.0052856254115,10.225770022042866,receding,False
71,90,388,632,orange,250.0052856254115,10.225770022042866,receding,False
72,90,389,632,orange,250.0052856254115,10.225770022042866,receding,False
73,90,390,632,orange,250.0052856254115,10.225770022042866,receding,False
74,90,391,632,orange,250.0052856254115,10.225770022042866,receding,False
76,90,393,632,yellow,233.64817881929196,10.225770022042866,receding,False
77,90,394,632,yellow,233.64817881929196,10.225770022042866,receding,False
78,90,395,632,yellow,233.64817881929196,10.225770022042866,receding,False
79,90,396,632,yellow,233.64817881929196,10.225770022042866,receding,False
80,90,397,632,yellow,233.64817881929196,10.225770022042866,receding,False
81,90,398,632,yellow,233.64817881929196,10.225770022042866,receding,False
82,90,399,632,yellow,233.64817881929196,10.225770022042866,receding,False
83,90,400,632,yellow,233.64817881929196,10.225770022042866,receding,False
84,90,401,632,yellow,233.64817881929196,10.225770022042866,receding,False
87,90,404,632,bright_green,216.8359664186503,10.225770022042866,receding,False
88,90,405,632,bright_green,216.8359664186503,10.225770022042866,receding,False
89,90,406,632,bright_green,216.8359664186503,10.225770022042866,receding,False
90,90,407,632,bright_green,216.8359664186503,10.225770022042866,receding,False
91,90,408,632,bright_green,216.8359664186503,10.225770022042866,receding,False
92,90,409,632,bright_green,216.8359664186503,10.225770022042866,receding,False
93,90,410,632,bright_green,216.8359664186503,10.225770022042866,receding,False
94,90,411,632,bright_green,216.8359664186503,10.225770022042866,receding,False
97,90,414,632,bright_green,216.8359664186503,10.225770022042866,receding,False
107,90,424,632,yellow,233.64817881929196,10.225770022042866,receding,False
108,90,425,632,yellow,233.64817881929196,10.225770022042866,receding,False
109,90,426,632,yellow,233.64817881929196,10.225770022042866,receding,False
110,90,427,632,yellow,233.64817881929196,10.225770022042866,receding,False
111,90,428,632,yellow,233.64817881929196,10.225770022042866,receding,False
112,90,429,632,yellow,233.64817881929196,10.225770022042866,receding,False
113,90,430,632,yellow,233.64817881929196,10.225770022042866,receding,False
114,90,431,632,yellow,233.64817881929196,10.225770022042866,receding,False
115,90,432,632,yellow,233.64817881929196,10.225770022042866,receding,False
29,91,346,633,light_blue,183.31851531264942,10.225770022042866,approaching,False
30,91,347,633,light_blue,183.31851531264942,10.225770022042866,approaching,False
31,91,348,633,light_blue,183.31851531264942,10.225770022042866,approaching,False
39,91,356,633,light_blue,183.31851531264942,10.225770022042866,approaching,False
40,91,357,633,light_blue,183.31851531264942,10.225770022042866,approaching,False
41,91,358,633,light_blue,183.31851531264942,10.225770022042866,approaching,False
42,91,359,633,light_blue,183.31851531264942,10.225770022042866,approaching,False
43,91,360,633,light_blue,183.31851531264942,10.225770022042866,approaching,False
44,91,361,633,light_blue,183.31851531264942,10.225770022042866,approaching,False
46,91,363,633,dark_green,199.9894253945065,10.225770022042866,systemic_ambiguous,False
47,91,364,633,dark_green,199.9894253945065,10.225770022042866,systemic_ambiguous,False
48,91,365,633,dark_green,199.9894253945065,10.225770022042866,systemic_ambiguous,False
49,91,366,633,bright_green,216.8359664186503,10.225770022042866,receding,False
50,91,367,633,bright_green,216.8359664186503,10.225770022042866,receding,False
51,91,368,633,bright_green,216.8359664186503,10.225770022042866,receding,False
52,91,369,633,bright_green,216.8359664186503,10.225770022042866,receding,False
53,91,370,633,bright_green,216.8359664186503,10.225770022042866,receding,False
54,91,371,633,bright_green,216.8359664186503,10.225770022042866,receding,False
56,91,373,633,yellow,233.64817881929196,10.225770022042866,receding,False
57,91,374,633,yellow,233.64817881929196,10.225770022042866,receding,False
58,91,375,633,yellow,233.64817881929196,10.225770022042866,receding,False
59,91,376,633,yellow,233.64817881929196,10.225770022042866,receding,False
60,91,377,633,yellow,233.64817881929196,10.225770022042866,receding,False
61,91,378,633,yellow,233.64817881929196,10.225770022042866,receding,False
62,91,379,633,orange,250.0052856254115,10.225770022042866,receding,False
63,91,380,633,orange,250.0052856254115,10.225770022042866,receding,False
64,91,381,633,orange,250.0052856254115,10.225770022042866,receding,False
65,91,382,633,orange,250.0052856254115,10.225770022042866,receding,False
66,91,383,633,orange,250.0052856254115,10.225770022042866,receding,False
67,91,384,633,yellow,233.64817881929196,10.225770022042866,receding,False
69,91,386,633,orange,250.0052856254115,10.225770022042866,receding,False
70,91,387,633,orange,250.0052856254115,10.225770022042866,receding,False
71,91,388,633,orange,250.0052856254115,10.225770022042866,receding,False
72,91,389,633,orange,250.0052856254115,10.225770022042866,receding,False
73,91,390,633,orange,250.0052856254115,10.225770022042866,receding,False
74,91,391,633,orange,250.0052856254115,10.225770022042866,receding,False
75,91,392,633,orange,250.0052856254115,10.225770022042866,receding,False
77,91,394,633,yellow,233.64817881929196,10.225770022042866,receding,False
78,91,395,633,yellow,233.64817881929196,10.225770022042866,receding,False
79,91,396,633,yellow,233.64817881929196,10.225770022042866,receding,False
80,91,397,633,yellow,233.64817881929196,10.225770022042866,receding,False
81,91,398,633,yellow,233.64817881929196,10.225770022042866,receding,False
82,91,399,633,yellow,233.64817881929196,10.225770022042866,receding,False
83,91,400,633,yellow,233.64817881929196,10.225770022042866,receding,False
84,91,401,633,yellow,233.64817881929196,10.225770022042866,receding,False
85,91,402,633,yellow,233.64817881929196,10.225770022042866,receding,False
87,91,404,633,bright_green,216.8359664186503,10.225770022042866,receding,False
88,91,405,633,bright_green,216.8359664186503,10.225770022042866,receding,False
89,91,406,633,bright_green,216.8359664186503,10.225770022042866,receding,False
90,91,407,633,bright_green,216.8359664186503,10.225770022042866,receding,False
91,91,408,633,bright_green,216.8359664186503,10.225770022042866,receding,False
92,91,409,633,bright_green,216.8359664186503,10.225770022042866,receding,False
93,91,410,633,bright_green,216.8359664186503,10.225770022042866,receding,False
94,91,411,633,bright_green,216.8359664186503,10.225770022042866,receding,False
95,91,412,633,yellow,233.64817881929196,10.225770022042866,receding,False
97,91,414,633,bright_green,216.8359664186503,10.225770022042866,receding,False
105,91,422,633,bright_green,216.8359664186503,10.225770022042866,receding,False
107,91,424,633,yellow,233.64817881929196,10.225770022042866,receding,False
108,91,425,633,yellow,233.64817881929196,10.225770022042866,receding,False
109,91,426,633,yellow,233.64817881929196,10.225770022042866,receding,False
110,91,427,633,yellow,233.64817881929196,10.225770022042866,receding,False
111,91,428,633,yellow,233.64817881929196,10.225770022042866,receding,False
112,91,429,633,yellow,233.64817881929196,10.225770022042866,receding,False
113,91,430,633,yellow,233.64817881929196,10.225770022042866,receding,False
114,91,431,633,yellow,233.64817881929196,10.225770022042866,receding,False
115,91,432,633,yellow,233.64817881929196,10.225770022042866,receding,False
29,92,346,634,light_blue,183.31851531264942,10.225770022042866,approaching,False
30,92,347,634,light_blue,183.31851531264942,10.225770022042866,approaching,False
31,92,348,634,light_blue,183.31851531264942,10.225770022042866,approaching,False
39,92,356,634,light_blue,183.31851531264942,10.225770022042866,approaching,False
40,92,357,634,light_blue,183.31851531264942,10.225770022042866,approaching,False
41,92,358,634,light_blue,183.31851531264942,10.225770022042866,approaching,False
42,92,359,634,light_blue,183.31851531264942,10.225770022042866,approaching,False
43,92,360,634,light_blue,183.31851531264942,10.225770022042866,approaching,False
44,92,361,634,dark_green,199.9894253945065,10.225770022042866,systemic_ambiguous,False
45,92,362,634,dark_green,199.9894253945065,10.225770022042866,systemic_ambiguous,False
46,92,363,634,dark_green,199.9894253945065,10.225770022042866,systemic_ambiguous,False
47,92,364,634,dark_green,199.9894253945065,10.225770022042866,systemic_ambiguous,False
48,92,365,634,dark_green,199.9894253945065,10.225770022042866,systemic_ambiguous,False
49,92,366,634,bright_green,216.8359664186503,10.225770022042866,receding,False
50,92,367,634,bright_green,216.8359664186503,10.225770022042866,receding,False
51,92,368,634,bright_green,216.8359664186503,10.225770022042866,receding,False
52,92,369,634,bright_green,216.8359664186503,10.225770022042866,receding,False
53,92,370,634,bright_green,216.8359664186503,10.225770022042866,receding,False
54,92,371,634,bright_green,216.8359664186503,10.225770022042866,receding,False
56,92,373,634,yellow,233.64817881929196,10.225770022042866,receding,False
57,92,374,634,yellow,233.64817881929196,10.225770022042866,receding,False
58,92,375,634,yellow,233.64817881929196,10.225770022042866,receding,False
59,92,376,634,yellow,233.64817881929196,10.225770022042866,receding,False
60,92,377,634,yellow,233.64817881929196,10.225770022042866,receding,False
61,92,378,634,yellow,233.64817881929196,10.225770022042866,receding,False
62,92,379,634,yellow,233.64817881929196,10.225770022042866,receding,False
63,92,380,634,yellow,233.64817881929196,10.225770022042866,receding,False
64,92,381,634,orange,250.0052856254115,10.225770022042866,receding,False
65,92,382,634,orange,250.0052856254115,10.225770022042866,receding,False
66,92,383,634,orange,250.0052856254115,10.225770022042866,receding,False
67,92,384,634,orange,250.0052856254115,10.225770022042866,receding,False
69,92,386,634,orange,250.0052856254115,10.225770022042866,receding,False
70,92,387,634,orange,250.0052856254115,10.225770022042866,receding,False
71,92,388,634,orange,250.0052856254115,10.225770022042866,receding,False
72,92,389,634,orange,250.0052856254115,10.225770022042866,receding,False
73,92,390,634,orange,250.0052856254115,10.225770022042866,receding,False
74,92,391,634,orange,250.0052856254115,10.225770022042866,receding,False
75,92,392,634,orange,250.0052856254115,10.225770022042866,receding,False
76,92,393,634,orange,250.0052856254115,10.225770022042866,receding,False
77,92,394,634,orange,250.0052856254115,10.225770022042866,receding,False
79,92,396,634,yellow,233.64817881929196,10.225770022042866,receding,False
80,92,397,634,yellow,233.64817881929196,10.225770022042866,receding,False
81,92,398,634,yellow,233.64817881929196,10.225770022042866,receding,False
82,92,399,634,yellow,233.64817881929196,10.225770022042866,receding,False
83,92,400,634,yellow,233.64817881929196,10.225770022042866,receding,False
84,92,401,634,yellow,233.64817881929196,10.225770022042866,receding,False
86,92,403,634,bright_green,216.8359664186503,10.225770022042866,receding,False
87,92,404,634,bright_green,216.8359664186503,10.225770022042866,receding,False
88,92,405,634,bright_green,216.8359664186503,10.225770022042866,receding,False
90,92,407,634,bright_green,216.8359664186503,10.225770022042866,receding,False
91,92,408,634,bright_green,216.8359664186503,10.225770022042866,receding,False
92,92,409,634,bright_green,216.8359664186503,10.225770022042866,receding,False
94,92,411,634,yellow,233.64817881929196,10.225770022042866,receding,False
95,92,412,634,yellow,233.64817881929196,10.225770022042866,receding,False
97,92,414,634,bright_green,216.8359664186503,10.225770022042866,receding,False
105,92,422,634,yellow,233.64817881929196,10.225770022042866,receding,False
106,92,423,634,yellow,233.64817881929196,10.225770022042866,receding,False
107,92,424,634,yellow,233.64817881929196,10.225770022042866,receding,False
108,92,425,634,yellow,233.64817881929196,10.225770022042866,receding,False
109,92,426,634,yellow,233.64817881929196,10.225770022042866,receding,False
110,92,427,634,yellow,233.64817881929196,10.225770022042866,receding,False
111,92,428,634,yellow,233.64817881929196,10.225770022042866,receding,False
112,92,429,634,yellow,233.64817881929196,10.225770022042866,receding,False
113,92,430,634,yellow,233.64817881929196,10.225770022042866,receding,False
114,92,431,634,yellow,233.64817881929196,10.225770022042866,receding,False
115,92,432,634,yellow,233.64817881929196,10.225770022042866,receding,False
29,93,346,635,light_blue,183.31851531264942,10.225770022042866,approaching,False
30,93,347,635,light_blue,183.31851531264942,10.225770022042866,approaching,False
31,93,348,635,light_blue,183.31851531264942,10.225770022042866,approaching,False
41,93,358,635,light_blue,183.31851531264942,10.225770022042866,approaching,False
42,93,359,635,light_blue,183.31851531264942,10.225770022042866,approaching,False
43,93,360,635,light_blue,183.31851531264942,10.225770022042866,approaching,False
44,93,361,635,dark_green,199.9894253945065,10.225770022042866,systemic_ambiguous,False
45,93,362,635,dark_green,199.9894253945065,10.225770022042866,systemic_ambiguous,False
46,93,363,635,dark_green,199.9894253945065,10.225770022042866,systemic_ambiguous,False
47,93,364,635,dark_green,199.9894253945065,10.225770022042866,systemic_ambiguous,False
48,93,365,635,dark_green,199.9894253945065,10.225770022042866,systemic_ambiguous,False
52,93,369,635,bright_green,216.8359664186503,10.225770022042866,receding,False
53,93,370,635,bright_green,216.8359664186503,10.225770022042866,receding,False
54,93,371,635,bright_green,216.8359664186503,10.225770022042866,receding,False
59,93,376,635,yellow,233.64817881929196,10.225770022042866,receding,False
60,93,377,635,yellow,233.64817881929196,10.225770022042866,receding,False
61,93,378,635,yellow,233.64817881929196,10.225770022042866,receding,False
62,93,379,635,yellow,233.64817881929196,10.225770022042866,receding,False
64,93,381,635,orange,250.0052856254115,10.225770022042866,receding,False
65,93,382,635,orange,250.0052856254115,10.225770022042866,receding,False
66,93,383,635,orange,250.0052856254115,10.225770022042866,receding,False
67,93,384,635,orange,250.0052856254115,10.225770022042866,receding,False
68,93,385,635,orange,250.0052856254115,10.225770022042866,receding,False
69,93,386,635,orange,250.0052856254115,10.225770022042866,receding,False
70,93,387,635,orange,250.0052856254115,10.225770022042866,receding,False
71,93,388,635,orange,250.0052856254115,10.225770022042866,receding,False
72,93,389,635,orange,250.0052856254115,10.225770022042866,receding,False
73,93,390,635,orange,250.0052856254115,10.225770022042866,receding,False
74,93,391,635,orange,250.0052856254115,10.225770022042866,receding,False
75,93,392,635,orange,250.0052856254115,10.225770022042866,receding,False
76,93,393,635,orange,250.0052856254115,10.225770022042866,receding,False
77,93,394,635,orange,250.0052856254115,10.225770022042866,receding,False
80,93,397,635,yellow,233.64817881929196,10.225770022042866,receding,False
81,93,398,635,yellow,233.64817881929196,10.225770022042866,receding,False
82,93,399,635,yellow,233.64817881929196,10.225770022042866,receding,False
83,93,400,635,yellow,233.64817881929196,10.225770022042866,receding,False
84,93,401,635,yellow,233.64817881929196,10.225770022042866,receding,False
86,93,403,635,bright_green,216.8359664186503,10.225770022042866,receding,False
87,93,404,635,bright_green,216.8359664186503,10.225770022042866,receding,False
88,93,405,635,bright_green,216.8359664186503,10.225770022042866,receding,False
89,93,406,635,bright_green,216.8359664186503,10.225770022042866,receding,False
90,93,407,635,bright_green,216.8359664186503,10.225770022042866,receding,False
91,93,408,635,bright_green,216.8359664186503,10.225770022042866,receding,False
92,93,409,635,bright_green,216.8359664186503,10.225770022042866,receding,False
97,93,414,635,bright_green,216.8359664186503,10.225770022042866,receding,False
105,93,422,635,yellow,233.64817881929196,10.225770022042866,receding,False
106,93,423,635,yellow,233.64817881929196,10.225770022042866,receding,False
107,93,424,635,yellow,233.64817881929196,10.225770022042866,receding,False
108,93,425,635,yellow,233.64817881929196,10.225770022042866,receding,False
109,93,426,635,yellow,233.64817881929196,10.225770022042866,receding,False
110,93,427,635,yellow,233.64817881929196,10.225770022042866,receding,False
111,93,428,635,yellow,233.64817881929196,10.225770022042866,receding,False
112,93,429,635,yellow,233.64817881929196,10.225770022042866,receding,False
113,93,430,635,yellow,233.64817881929196,10.225770022042866,receding,False
29,94,346,636,light_blue,183.31851531264942,10.225770022042866,approaching,False
30,94,347,636,light_blue,183.31851531264942,10.225770022042866,approaching,False
31,94,348,636,light_blue,183.31851531264942,10.225770022042866,approaching,False
39,94,356,636,dark_green,199.9894253945065,10.225770022042866,systemic_ambiguous,False
41,94,358,636,light_blue,183.31851531264942,10.225770022042866,approaching,False
42,94,359,636,light_blue,183.31851531264942,10.225770022042866,approaching,False
43,94,360,636,light_blue,183.31851531264942,10.225770022042866,approaching,False
44,94,361,636,dark_green,199.9894253945065,10.225770022042866,systemic_ambiguous,False
45,94,362,636,dark_green,199.9894253945065,10.225770022042866,systemic_ambiguous,False
46,94,363,636,dark_green,199.9894253945065,10.225770022042866,systemic_ambiguous,False
47,94,364,636,dark_green,199.9894253945065,10.225770022042866,systemic_ambiguous,False
48,94,365,636,dark_green,199.9894253945065,10.225770022042866,systemic_ambiguous,False
49,94,366,636,dark_green,199.9894253945065,10.225770022042866,systemic_ambiguous,False
51,94,368,636,bright_green,216.8359664186503,10.225770022042866,receding,False
52,94,369,636,bright_green,216.8359664186503,10.225770022042866,receding,False
53,94,370,636,bright_green,216.8359664186503,10.225770022042866,receding,False
54,94,371,636,bright_green,216.8359664186503,10.225770022042866,receding,False
55,94,372,636,bright_green,216.8359664186503,10.225770022042866,receding,False
56,94,373,636,bright_green,216.8359664186503,10.225770022042866,receding,False
57,94,374,636,bright_green,216.8359664186503,10.225770022042866,receding,False
59,94,376,636,yellow,233.64817881929196,10.225770022042866,receding,False
60,94,377,636,yellow,233.64817881929196,10.225770022042866,receding,False
61,94,378,636,yellow,233.64817881929196,10.225770022042866,receding,False
62,94,379,636,yellow,233.64817881929196,10.225770022042866,receding,False
63,94,380,636,yellow,233.64817881929196,10.225770022042866,receding,False
64,94,381,636,orange,250.0052856254115,10.225770022042866,receding,False
65,94,382,636,orange,250.0052856254115,10.225770022042866,receding,False
66,94,383,636,orange,250.0052856254115,10.225770022042866,receding,False
67,94,384,636,orange,250.0052856254115,10.225770022042866,receding,False
68,94,385,636,orange,250.0052856254115,10.225770022042866,receding,False
69,94,386,636,orange,250.0052856254115,10.225770022042866,receding,False
70,94,387,636,orange,250.0052856254115,10.225770022042866,receding,False
71,94,388,636,orange,250.0052856254115,10.225770022042866,receding,False
73,94,390,636,orange,250.0052856254115,10.225770022042866,receding,False
74,94,391,636,orange,250.0052856254115,10.225770022042866,receding,False
75,94,392,636,orange,250.0052856254115,10.225770022042866,receding,False
76,94,393,636,orange,250.0052856254115,10.225770022042866,receding,False
77,94,394,636,orange,250.0052856254115,10.225770022042866,receding,False
79,94,396,636,orange,250.0052856254115,10.225770022042866,receding,False
80,94,397,636,yellow,233.64817881929196,10.225770022042866,receding,False
81,94,398,636,yellow,233.64817881929196,10.225770022042866,receding,False
82,94,399,636,yellow,233.64817881929196,10.225770022042866,receding,False
83,94,400,636,yellow,233.64817881929196,10.225770022042866,receding,False
84,94,401,636,yellow,233.64817881929196,10.225770022042866,receding,False
86,94,403,636,bright_green,216.8359664186503,10.225770022042866,receding,False
87,94,404,636,bright_green,216.8359664186503,10.225770022042866,receding,False
88,94,405,636,bright_green,216.8359664186503,10.225770022042866,receding,False
89,94,406,636,bright_green,216.8359664186503,10.225770022042866,receding,False
90,94,407,636,bright_green,216.8359664186503,10.225770022042866,receding,False
91,94,408,636,bright_green,216.8359664186503,10.225770022042866,receding,False
92,94,409,636,bright_green,216.8359664186503,10.225770022042866,receding,False
93,94,410,636,bright_green,216.8359664186503,10.225770022042866,receding,False
94,94,411,636,bright_green,216.8359664186503,10.225770022042866,receding,False
95,94,412,636,bright_green,216.8359664186503,10.225770022042866,receding,False
96,94,413,636,bright_green,216.8359664186503,10.225770022042866,receding,False
97,94,414,636,bright_green,216.8359664186503,10.225770022042866,receding,False
98,94,415,636,bright_green,216.8359664186503,10.225770022042866,receding,False
99,94,416,636,bright_green,216.8359664186503,10.225770022042866,receding,False
100,94,417,636,yellow,233.64817881929196,10.225770022042866,receding,False
101,94,418,636,yellow,233.64817881929196,10.225770022042866,receding,False
102,94,419,636,yellow,233.64817881929196,10.225770022042866,receding,False
103,94,420,636,yellow,233.64817881929196,10.225770022042866,receding,False
104,94,421,636,yellow,233.64817881929196,10.225770022042866,receding,False
105,94,422,636,yellow,233.64817881929196,10.225770022042866,receding,False
106,94,423,636,yellow,233.64817881929196,10.225770022042866,receding,False
107,94,424,636,yellow,233.64817881929196,10.225770022042866,receding,False
108,94,425,636,yellow,233.64817881929196,10.225770022042866,receding,False
109,94,426,636,yellow,233.64817881929196,10.225770022042866,receding,False
110,94,427,636,yellow,233.64817881929196,10.225770022042866,receding,False
111,94,428,636,yellow,233.64817881929196,10.225770022042866,receding,False
112,94,429,636,yellow,233.64817881929196,10.225770022042866,receding,False
113,94,430,636,yellow,233.64817881929196,10.225770022042866,receding,False
31,95,348,637,light_blue,183.31851531264942,10.225770022042866,approaching,False
39,95,356,637,dark_green,199.9894253945065,10.225770022042866,systemic_ambiguous,False
44,95,361,637,dark_green,199.9894253945065,10.225770022042866,systemic_ambiguous,False
45,95,362,637,dark_green,199.9894253945065,10.225770022042866,systemic_ambiguous,False
46,95,363,637,dark_green,199.9894253945065,10.225770022042866,systemic_ambiguous,False
47,95,364,637,dark_green,199.9894253945065,10.225770022042866,systemic_ambiguous,False
48,95,365,637,dark_green,199.9894253945065,10.225770022042866,systemic_ambiguous,False
49,95,366,637,dark_green,199.9894253945065,10.225770022042866,systemic_ambiguous,False
53,95,370,637,bright_green,216.8359664186503,10.225770022042866,receding,False
54,95,371,637,bright_green,216.8359664186503,10.225770022042866,receding,False
59,95,376,637,yellow,233.64817881929196,10.225770022042866,receding,False
60,95,377,637,yellow,233.64817881929196,10.225770022042866,receding,False
61,95,378,637,yellow,233.64817881929196,10.225770022042866,receding,False
62,95,379,637,yellow,233.64817881929196,10.225770022042866,receding,False
64,95,381,637,orange,250.0052856254115,10.225770022042866,receding,False
65,95,382,637,orange,250.0052856254115,10.225770022042866,receding,False
66,95,383,637,orange,250.0052856254115,10.225770022042866,receding,False
67,95,384,637,orange,250.0052856254115,10.225770022042866,receding,False
68,95,385,637,orange,250.0052856254115,10.225770022042866,receding,False
69,95,386,637,orange,250.0052856254115,10.225770022042866,receding,False
70,95,387,637,orange,250.0052856254115,10.225770022042866,receding,False
71,95,388,637,orange,250.0052856254115,10.225770022042866,receding,False
72,95,389,637,orange,250.0052856254115,10.225770022042866,receding,False
73,95,390,637,orange,250.0052856254115,10.225770022042866,receding,False
74,95,391,637,orange,250.0052856254115,10.225770022042866,receding,False
75,95,392,637,orange,250.0052856254115,10.225770022042866,receding,False
76,95,393,637,orange,250.0052856254115,10.225770022042866,receding,False
77,95,394,637,orange,250.0052856254115,10.225770022042866,receding,False
78,95,395,637,orange,250.0052856254115,10.225770022042866,receding,False
79,95,396,637,orange,250.0052856254115,10.225770022042866,receding,False
80,95,397,637,yellow,233.64817881929196,10.225770022042866,receding,False
81,95,398,637,yellow,233.64817881929196,10.225770022042866,receding,False
82,95,399,637,yellow,233.64817881929196,10.225770022042866,receding,False
83,95,400,637,yellow,233.64817881929196,10.225770022042866,receding,False
84,95,401,637,yellow,233.64817881929196,10.225770022042866,receding,False
86,95,403,637,bright_green,216.8359664186503,10.225770022042866,receding,False
87,95,404,637,bright_green,216.8359664186503,10.225770022042866,receding,False
88,95,405,637,bright_green,216.8359664186503,10.225770022042866,receding,False
89,95,406,637,bright_green,216.8359664186503,10.225770022042866,receding,False
90,95,407,637,bright_green,216.8359664186503,10.225770022042866,receding,False
92,95,409,637,bright_green,216.8359664186503,10.225770022042866,receding,False
93,95,410,637,bright_green,216.8359664186503,10.225770022042866,receding,False
94,95,411,637,bright_green,216.8359664186503,10.225770022042866,receding,False
95,95,412,637,bright_green,216.8359664186503,10.225770022042866,receding,False
96,95,413,637,bright_green,216.8359664186503,10.225770022042866,receding,False
97,95,414,637,bright_green,216.8359664186503,10.225770022042866,receding,False
100,95,417,637,yellow,233.64817881929196,10.225770022042866,receding,False
101,95,418,637,yellow,233.64817881929196,10.225770022042866,receding,False
102,95,419,637,yellow,233.64817881929196,10.225770022042866,receding,False
103,95,420,637,yellow,233.64817881929196,10.225770022042866,receding,False
104,95,421,637,yellow,233.64817881929196,10.225770022042866,receding,False
105,95,422,637,yellow,233.64817881929196,10.225770022042866,receding,False
106,95,423,637,yellow,233.64817881929196,10.225770022042866,receding,False
107,95,424,637,yellow,233.64817881929196,10.225770022042866,receding,False
108,95,425,637,yellow,233.64817881929196,10.225770022042866,receding,False
109,95,426,637,yellow,233.64817881929196,10.225770022042866,receding,False
110,95,427,637,yellow,233.64817881929196,10.225770022042866,receding,False
111,95,428,637,yellow,233.64817881929196,10.225770022042866,receding,False
112,95,429,637,yellow,233.64817881929196,10.225770022042866,receding,False
31,96,348,638,light_blue,183.31851531264942,10.225770022042866,approaching,False
38,96,355,638,dark_green,199.9894253945065,10.225770022042866,systemic_ambiguous,False
39,96,356,638,dark_green,199.9894253945065,10.225770022042866,systemic_ambiguous,False
40,96,357,638,dark_green,199.9894253945065,10.225770022042866,systemic_ambiguous,False
41,96,358,638,dark_green,199.9894253945065,10.225770022042866,systemic_ambiguous,False
42,96,359,638,dark_green,199.9894253945065,10.225770022042866,systemic_ambiguous,False
43,96,360,638,dark_green,199.9894253945065,10.225770022042866,systemic_ambiguous,False
44,96,361,638,dark_green,199.9894253945065,10.225770022042866,systemic_ambiguous,False
45,96,362,638,dark_green,199.9894253945065,10.225770022042866,systemic_ambiguous,False
46,96,363,638,dark_green,199.9894253945065,10.225770022042866,systemic_ambiguous,False
47,96,364,638,dark_green,199.9894253945065,10.225770022042866,systemic_ambiguous,False
48,96,365,638,dark_green,199.9894253945065,10.225770022042866,systemic_ambiguous,False
49,96,366,638,dark_green,199.9894253945065,10.225770022042866,systemic_ambiguous,False
50,96,367,638,dark_green,199.9894253945065,10.225770022042866,systemic_ambiguous,False
51,96,368,638,dark_green,199.9894253945065,10.225770022042866,systemic_ambiguous,False
53,96,370,638,bright_green,216.8359664186503,10.225770022042866,receding,False
54,96,371,638,bright_green,216.8359664186503,10.225770022042866,receding,False
56,96,373,638,yellow,233.64817881929196,10.225770022042866,receding,False
57,96,374,638,yellow,233.64817881929196,10.225770022042866,receding,False
58,96,375,638,yellow,233.64817881929196,10.225770022042866,receding,False
59,96,376,638,yellow,233.64817881929196,10.225770022042866,receding,False
60,96,377,638,yellow,233.64817881929196,10.225770022042866,receding,False
61,96,378,638,yellow,233.64817881929196,10.225770022042866,receding,False
62,96,379,638,yellow,233.64817881929196,10.225770022042866,receding,False
63,96,380,638,yellow,233.64817881929196,10.225770022042866,receding,False
64,96,381,638,orange,250.0052856254115,10.225770022042866,receding,False
65,96,382,638,orange,250.0052856254115,10.225770022042866,receding,False
66,96,383,638,orange,250.0052856254115,10.225770022042866,receding,False
68,96,385,638,orange,250.0052856254115,10.225770022042866,receding,False
69,96,386,638,orange,250.0052856254115,10.225770022042866,receding,False
70,96,387,638,orange,250.0052856254115,10.225770022042866,receding,False
71,96,388,638,orange,250.0052856254115,10.225770022042866,receding,False
72,96,389,638,orange,250.0052856254115,10.225770022042866,receding,False
73,96,390,638,orange,250.0052856254115,10.225770022042866,receding,False
74,96,391,638,orange,250.0052856254115,10.225770022042866,receding,False
76,96,393,638,orange,250.0052856254115,10.225770022042866,receding,False
77,96,394,638,orange,250.0052856254115,10.225770022042866,receding,False
78,96,395,638,orange,250.0052856254115,10.225770022042866,receding,False
79,96,396,638,orange,250.0052856254115,10.225770022042866,receding,False
81,96,398,638,yellow,233.64817881929196,10.225770022042866,receding,False
82,96,399,638,yellow,233.64817881929196,10.225770022042866,receding,False
83,96,400,638,yellow,233.64817881929196,10.225770022042866,receding,False
84,96,401,638,yellow,233.64817881929196,10.225770022042866,receding,False
86,96,403,638,bright_green,216.8359664186503,10.225770022042866,receding,False
87,96,404,638,bright_green,216.8359664186503,10.225770022042866,receding,False
89,96,406,638,bright_green,216.8359664186503,10.225770022042866,receding,False
90,96,407,638,bright_green,216.8359664186503,10.225770022042866,receding,False
91,96,408,638,bright_green,216.8359664186503,10.225770022042866,receding,False
92,96,409,638,bright_green,216.8359664186503,10.225770022042866,receding,False
93,96,410,638,bright_green,216.8359664186503,10.225770022042866,receding,False
94,96,411,638,bright_green,216.8359664186503,10.225770022042866,receding,False
95,96,412,638,bright_green,216.8359664186503,10.225770022042866,receding,False
96,96,413,638,bright_green,216.8359664186503,10.225770022042866,receding,False
97,96,414,638,bright_green,216.8359664186503,10.225770022042866,receding,False
99,96,416,638,yellow,233.64817881929196,10.225770022042866,receding,False
100,96,417,638,yellow,233.64817881929196,10.225770022042866,receding,False
101,96,418,638,yellow,233.64817881929196,10.225770022042866,receding,False
102,96,419,638,yellow,233.64817881929196,10.225770022042866,receding,False
103,96,420,638,yellow,233.64817881929196,10.225770022042866,receding,False
104,96,421,638,yellow,233.64817881929196,10.225770022042866,receding,False
105,96,422,638,yellow,233.64817881929196,10.225770022042866,receding,False
106,96,423,638,yellow,233.64817881929196,10.225770022042866,receding,False
107,96,424,638,yellow,233.64817881929196,10.225770022042866,receding,False
108,96,425,638,yellow,233.64817881929196,10.225770022042866,receding,False
109,96,426,638,yellow,233.64817881929196,10.225770022042866,receding,False
110,96,427,638,yellow,233.64817881929196,10.225770022042866,receding,False
111,96,428,638,yellow,233.64817881929196,10.225770022042866,receding,False
112,96,429,638,yellow,233.64817881929196,10.225770022042866,receding,False
31,97,348,639,light_blue,183.31851531264942,10.225770022042866,approaching,False
32,97,349,639,light_blue,183.31851531264942,10.225770022042866,approaching,False
33,97,350,639,light_blue,183.31851531264942,10.225770022042866,approaching,False
36,97,353,639,dark_green,199.9894253945065,10.225770022042866,systemic_ambiguous,False
37,97,354,639,dark_green,199.9894253945065,10.225770022042866,systemic_ambiguous,False
38,97,355,639,dark_green,199.9894253945065,10.225770022042866,systemic_ambiguous,False
39,97,356,639,dark_green,199.9894253945065,10.225770022042866,systemic_ambiguous,False
40,97,357,639,dark_green,199.9894253945065,10.225770022042866,systemic_ambiguous,False
41,97,358,639,dark_green,199.9894253945065,10.225770022042866,systemic_ambiguous,False
42,97,359,639,dark_green,199.9894253945065,10.225770022042866,systemic_ambiguous,False
43,97,360,639,dark_green,199.9894253945065,10.225770022042866,systemic_ambiguous,False
44,97,361,639,dark_green,199.9894253945065,10.225770022042866,systemic_ambiguous,False
45,97,362,639,dark_green,199.9894253945065,10.225770022042866,systemic_ambiguous,False
46,97,363,639,dark_green,199.9894253945065,10.225770022042866,systemic_ambiguous,False
47,97,364,639,dark_green,199.9894253945065,10.225770022042866,systemic_ambiguous,False
48,97,365,639,dark_green,199.9894253945065,10.225770022042866,systemic_ambiguous,False
49,97,366,639,dark_green,199.9894253945065,10.225770022042866,systemic_ambiguous,False
50,97,367,639,dark_green,199.9894253945065,10.225770022042866,systemic_ambiguous,False
51,97,368,639,dark_green,199.9894253945065,10.225770022042866,systemic_ambiguous,False
53,97,370,639,bright_green,216.8359664186503,10.225770022042866,receding,False
54,97,371,639,bright_green,216.8359664186503,10.225770022042866,receding,False
56,97,373,639,yellow,233.64817881929196,10.225770022042866,receding,False
57,97,374,639,yellow,233.64817881929196,10.225770022042866,receding,False
58,97,375,639,yellow,233.64817881929196,10.225770022042866,receding,False
59,97,376,639,yellow,233.64817881929196,10.225770022042866,receding,False
60,97,377,639,yellow,233.64817881929196,10.225770022042866,receding,False
61,97,378,639,yellow,233.64817881929196,10.225770022042866,receding,False
62,97,379,639,yellow,233.64817881929196,10.225770022042866,receding,False
63,97,380,639,yellow,233.64817881929196,10.225770022042866,receding,False
64,97,381,639,yellow,233.64817881929196,10.225770022042866,receding,False
66,97,383,639,orange,250.0052856254115,10.225770022042866,receding,False
67,97,384,639,orange,250.0052856254115,10.225770022042866,receding,False
68,97,385,639,orange,250.0052856254115,10.225770022042866,receding,False
69,97,386,639,orange,250.0052856254115,10.225770022042866,receding,False
71,97,388,639,orange,250.0052856254115,10.225770022042866,receding,False
72,97,389,639,orange,250.0052856254115,10.225770022042866,receding,False
73,97,390,639,orange,250.0052856254115,10.225770022042866,receding,False
74,97,391,639,orange,250.0052856254115,10.225770022042866,receding,False
75,97,392,639,orange,250.0052856254115,10.225770022042866,receding,False
76,97,393,639,orange,250.0052856254115,10.225770022042866,receding,False
77,97,394,639,orange,250.0052856254115,10.225770022042866,receding,False
78,97,395,639,orange,250.0052856254115,10.225770022042866,receding,False
79,97,396,639,orange,250.0052856254115,10.225770022042866,receding,False
80,97,397,639,yellow,233.64817881929196,10.225770022042866,receding,False
81,97,398,639,yellow,233.64817881929196,10.225770022042866,receding,False
82,97,399,639,yellow,233.64817881929196,10.225770022042866,receding,False
83,97,400,639,yellow,233.64817881929196,10.225770022042866,receding,False
84,97,401,639,yellow,233.64817881929196,10.225770022042866,receding,False
86,97,403,639,bright_green,216.8359664186503,10.225770022042866,receding,False
87,97,404,639,bright_green,216.8359664186503,10.225770022042866,receding,False
88,97,405,639,bright_green,216.8359664186503,10.225770022042866,receding,False
89,97,406,639,bright_green,216.8359664186503,10.225770022042866,receding,False
90,97,407,639,bright_green,216.8359664186503,10.225770022042866,receding,False
91,97,408,639,bright_green,216.8359664186503,10.225770022042866,receding,False
92,97,409,639,bright_green,216.8359664186503,10.225770022042866,receding,False
94,97,411,639,yellow,233.64817881929196,10.225770022042866,receding,False
95,97,412,639,yellow,233.64817881929196,10.225770022042866,receding,False
96,97,413,639,yellow,233.64817881929196,10.225770022042866,receding,False
97,97,414,639,yellow,233.64817881929196,10.225770022042866,receding,False
98,97,415,639,yellow,233.64817881929196,10.225770022042866,receding,False
99,97,416,639,yellow,233.64817881929196,10.225770022042866,receding,False
100,97,417,639,yellow,233.64817881929196,10.225770022042866,receding,False
101,97,418,639,yellow,233.64817881929196,10.225770022042866,receding,False
102,97,419,639,yellow,233.64817881929196,10.225770022042866,receding,False
103,97,420,639,yellow,233.64817881929196,10.225770022042866,receding,False
104,97,421,639,yellow,233.64817881929196,10.225770022042866,receding,False
105,97,422,639,yellow,233.64817881929196,10.225770022042866,receding,False
106,97,423,639,yellow,233.64817881929196,10.225770022042866,receding,False
107,97,424,639,yellow,233.64817881929196,10.225770022042866,receding,False
108,97,425,639,yellow,233.64817881929196,10.225770022042866,receding,False
109,97,426,639,yellow,233.64817881929196,10.225770022042866,receding,False
112,97,429,639,yellow,233.64817881929196,10.225770022042866,receding,False
113,97,430,639,yellow,233.64817881929196,10.225770022042866,receding,False
118,97,435,639,yellow,233.64817881929196,10.225770022042866,receding,False
119,97,436,639,yellow,233.64817881929196,10.225770022042866,receding,False
120,97,437,639,yellow,233.64817881929196,10.225770022042866,receding,False
31,98,348,640,light_blue,183.31851531264942,10.225770022042866,approaching,False
32,98,349,640,light_blue,183.31851531264942,10.225770022042866,approaching,False
33,98,350,640,light_blue,183.31851531264942,10.225770022042866,approaching,False
36,98,353,640,dark_green,199.9894253945065,10.225770022042866,systemic_ambiguous,False
37,98,354,640,dark_green,199.9894253945065,10.225770022042866,systemic_ambiguous,False
38,98,355,640,dark_green,199.9894253945065,10.225770022042866,systemic_ambiguous,False
39,98,356,640,dark_green,199.9894253945065,10.225770022042866,systemic_ambiguous,False
40,98,357,640,dark_green,199.9894253945065,10.225770022042866,systemic_ambiguous,False
41,98,358,640,dark_green,199.9894253945065,10.225770022042866,systemic_ambiguous,False
42,98,359,640,dark_green,199.9894253945065,10.225770022042866,systemic_ambiguous,False
43,98,360,640,dark_green,199.9894253945065,10.225770022042866,systemic_ambiguous,False
44,98,361,640,dark_green,199.9894253945065,10.225770022042866,systemic_ambiguous,False
45,98,362,640,dark_green,199.9894253945065,10.225770022042866,systemic_ambiguous,False
46,98,363,640,dark_green,199.9894253945065,10.225770022042866,systemic_ambiguous,False
47,98,364,640,dark_green,199.9894253945065,10.225770022042866,systemic_ambiguous,False
48,98,365,640,dark_green,199.9894253945065,10.225770022042866,systemic_ambiguous,False
49,98,366,640,dark_green,199.9894253945065,10.225770022042866,systemic_ambiguous,False
53,98,370,640,bright_green,216.8359664186503,10.225770022042866,receding,False
54,98,371,640,bright_green,216.8359664186503,10.225770022042866,receding,False
57,98,374,640,yellow,233.64817881929196,10.225770022042866,receding,False
58,98,375,640,yellow,233.64817881929196,10.225770022042866,receding,False
59,98,376,640,yellow,233.64817881929196,10.225770022042866,receding,False
60,98,377,640,yellow,233.64817881929196,10.225770022042866,receding,False
61,98,378,640,yellow,233.64817881929196,10.225770022042866,receding,False
62,98,379,640,yellow,233.64817881929196,10.225770022042866,receding,False
63,98,380,640,yellow,233.64817881929196,10.225770022042866,receding,False
64,98,381,640,yellow,233.64817881929196,10.225770022042866,receding,False
66,98,383,640,orange,250.0052856254115,10.225770022042866,receding,False
67,98,384,640,orange,250.0052856254115,10.225770022042866,receding,False
68,98,385,640,orange,250.0052856254115,10.225770022042866,receding,False
69,98,386,640,orange,250.0052856254115,10.225770022042866,receding,False
70,98,387,640,orange,250.0052856254115,10.225770022042866,receding,False
71,98,388,640,orange,250.0052856254115,10.225770022042866,receding,False
72,98,389,640,orange,250.0052856254115,10.225770022042866,receding,False
73,98,390,640,orange,250.0052856254115,10.225770022042866,receding,False
74,98,391,640,orange,250.0052856254115,10.225770022042866,receding,False
75,98,392,640,orange,250.0052856254115,10.225770022042866,receding,False
76,98,393,640,orange,250.0052856254115,10.225770022042866,receding,False
77,98,394,640,orange,250.0052856254115,10.225770022042866,receding,False
80,98,397,640,yellow,233.64817881929196,10.225770022042866,receding,False
81,98,398,640,yellow,233.64817881929196,10.225770022042866,receding,False
82,98,399,640,yellow,233.64817881929196,10.225770022042866,receding,False
83,98,400,640,yellow,233.64817881929196,10.225770022042866,receding,False
84,98,401,640,yellow,233.64817881929196,10.225770022042866,receding,False
94,98,411,640,yellow,233.64817881929196,10.225770022042866,receding,False
95,98,412,640,yellow,233.64817881929196,10.225770022042866,receding,False
96,98,413,640,yellow,233.64817881929196,10.225770022042866,receding,False
97,98,414,640,yellow,233.64817881929196,10.225770022042866,receding,False
98,98,415,640,yellow,233.64817881929196,10.225770022042866,receding,False
99,98,416,640,yellow,233.64817881929196,10.225770022042866,receding,False
100,98,417,640,yellow,233.64817881929196,10.225770022042866,receding,False
101,98,418,640,yellow,233.64817881929196,10.225770022042866,receding,False
102,98,419,640,yellow,233.64817881929196,10.225770022042866,receding,False
103,98,420,640,yellow,233.64817881929196,10.225770022042866,receding,False
104,98,421,640,yellow,233.64817881929196,10.225770022042866,receding,False
105,98,422,640,yellow,233.64817881929196,10.225770022042866,receding,False
106,98,423,640,yellow,233.64817881929196,10.225770022042866,receding,False
107,98,424,640,yellow,233.64817881929196,10.225770022042866,receding,False
112,98,429,640,yellow,233.64817881929196,10.225770022042866,receding,False
118,98,435,640,yellow,233.64817881929196,10.225770022042866,receding,False
119,98,436,640,yellow,233.64817881929196,10.225770022042866,receding,False
120,98,437,640,yellow,233.64817881929196,10.225770022042866,receding,False
29,99,346,641,light_blue,183.31851531264942,10.225770022042866,approaching,False
30,99,347,641,light_blue,183.31851531264942,10.225770022042866,approaching,False
31,99,348,641,light_blue,183.31851531264942,10.225770022042866,approaching,False
32,99,349,641,light_blue,183.31851531264942,10.225770022042866,approaching,False
33,99,350,641,light_blue,183.31851531264942,10.225770022042866,approaching,False
34,99,351,641,dark_green,199.9894253945065,10.225770022042866,systemic_ambiguous,False
35,99,352,641,dark_green,199.9894253945065,10.225770022042866,systemic_ambiguous,False
36,99,353,641,dark_green,199.9894253945065,10.225770022042866,systemic_ambiguous,False
37,99,354,641,dark_green,199.9894253945065,10.225770022042866,systemic_ambiguous,False
38,99,355,641,dark_green,199.9894253945065,10.225770022042866,systemic_ambiguous,False
39,99,356,641,dark_green,199.9894253945065,10.225770022042866,systemic_ambiguous,False
40,99,357,641,dark_green,199.9894253945065,10.225770022042866,systemic_ambiguous,False
41,99,358,641,dark_green,199.9894253945065,10.225770022042866,systemic_ambiguous,False
42,99,359,641,dark_green,199.9894253945065,10.225770022042866,systemic_ambiguous,False
43,99,360,641,dark_green,199.9894253945065,10.225770022042866,systemic_ambiguous,False
44,99,361,641,dark_green,199.9894253945065,10.225770022042866,systemic_ambiguous,False
45,99,362,641,dark_green,199.9894253945065,10.225770022042866,systemic_ambiguous,False
46,99,363,641,dark_green,199.9894253945065,10.225770022042866,systemic_ambiguous,False
47,99,364,641,dark_green,199.9894253945065,10.225770022042866,systemic_ambiguous,False
48,99,365,641,dark_green,199.9894253945065,10.225770022042866,systemic_ambiguous,False
49,99,366,641,dark_green,199.9894253945065,10.225770022042866,systemic_ambiguous,False
51,99,368,641,bright_green,216.8359664186503,10.225770022042866,receding,False
52,99,369,641,bright_green,216.8359664186503,10.225770022042866,receding,False
53,99,370,641,bright_green,216.8359664186503,10.225770022042866,receding,False
54,99,371,641,bright_green,216.8359664186503,10.225770022042866,receding,False
55,99,372,641,bright_green,216.8359664186503,10.225770022042866,receding,False
56,99,373,641,bright_green,216.8359664186503,10.225770022042866,receding,False
57,99,374,641,yellow,233.64817881929196,10.225770022042866,receding,False
58,99,375,641,yellow,233.64817881929196,10.225770022042866,receding,False
59,99,376,641,yellow,233.64817881929196,10.225770022042866,receding,False
60,99,377,641,yellow,233.64817881929196,10.225770022042866,receding,False
61,99,378,641,yellow,233.64817881929196,10.225770022042866,receding,False
62,99,379,641,yellow,233.64817881929196,10.225770022042866,receding,False
63,99,380,641,yellow,233.64817881929196,10.225770022042866,receding,False
64,99,381,641,yellow,233.64817881929196,10.225770022042866,receding,False
66,99,383,641,orange,250.0052856254115,10.225770022042866,receding,False
67,99,384,641,orange,250.0052856254115,10.225770022042866,receding,False
68,99,385,641,orange,250.0052856254115,10.225770022042866,receding,False
69,99,386,641,orange,250.0052856254115,10.225770022042866,receding,False
70,99,387,641,orange,250.0052856254115,10.225770022042866,receding,False
71,99,388,641,orange,250.0052856254115,10.225770022042866,receding,False
72,99,389,641,orange,250.0052856254115,10.225770022042866,receding,False
74,99,391,641,orange,250.0052856254115,10.225770022042866,receding,False
75,99,392,641,orange,250.0052856254115,10.225770022042866,receding,False
76,99,393,641,orange,250.0052856254115,10.225770022042866,receding,False
77,99,394,641,orange,250.0052856254115,10.225770022042866,receding,False
79,99,396,641,yellow,233.64817881929196,10.225770022042866,receding,False
80,99,397,641,yellow,233.64817881929196,10.225770022042866,receding,False
81,99,398,641,yellow,233.64817881929196,10.225770022042866,receding,False
82,99,399,641,yellow,233.64817881929196,10.225770022042866,receding,False
83,99,400,641,yellow,233.64817881929196,10.225770022042866,receding,False
84,99,401,641,yellow,233.64817881929196,10.225770022042866,receding,False
85,99,402,641,yellow,233.64817881929196,10.225770022042866,receding,False
86,99,403,641,yellow,233.64817881929196,10.225770022042866,receding,False
87,99,404,641,yellow,233.64817881929196,10.225770022042866,receding,False
88,99,405,641,yellow,233.64817881929196,10.225770022042866,receding,False
89,99,406,641,yellow,233.64817881929196,10.225770022042866,receding,False
90,99,407,641,yellow,233.64817881929196,10.225770022042866,receding,False
91,99,408,641,yellow,233.64817881929196,10.225770022042866,receding,False
92,99,409,641,yellow,233.64817881929196,10.225770022042866,receding,False
93,99,410,641,yellow,233.64817881929196,10.225770022042866,receding,False
94,99,411,641,yellow,233.64817881929196,10.225770022042866,receding,False
95,99,412,641,yellow,233.64817881929196,10.225770022042866,receding,False
96,99,413,641,yellow,233.64817881929196,10.225770022042866,receding,False
97,99,414,641,yellow,233.64817881929196,10.225770022042866,receding,False
98,99,415,641,yellow,233.64817881929196,10.225770022042866,receding,False
99,99,416,641,yellow,233.64817881929196,10.225770022042866,receding,False
100,99,417,641,yellow,233.64817881929196,10.225770022042866,receding,False
101,99,418,641,yellow,233.64817881929196,10.225770022042866,receding,False
102,99,419,641,yellow,233.64817881929196,10.225770022042866,receding,False
103,99,420,641,yellow,233.64817881929196,10.225770022042866,receding,False
104,99,421,641,yellow,233.64817881929196,10.225770022042866,receding,False
105,99,422,641,yellow,233.64817881929196,10.225770022042866,receding,False
106,99,423,641,yellow,233.64817881929196,10.225770022042866,receding,False
107,99,424,641,yellow,233.64817881929196,10.225770022042866,receding,False
112,99,429,641,yellow,233.64817881929196,10.225770022042866,receding,False
114,99,431,641,orange,250.0052856254115,10.225770022042866,receding,False
115,99,432,641,orange,250.0052856254115,10.225770022042866,receding,False
117,99,434,641,yellow,233.64817881929196,10.225770022042866,receding,False
118,99,435,641,yellow,233.64817881929196,10.225770022042866,receding,False
119,99,436,641,yellow,233.64817881929196,10.225770022042866,receding,False
120,99,437,641,yellow,233.64817881929196,10.225770022042866,receding,False
31,100,348,642,light_blue,183.31851531264942,10.225770022042866,approaching,False
32,100,349,642,light_blue,183.31851531264942,10.225770022042866,approaching,False
33,100,350,642,light_blue,183.31851531264942,10.225770022042866,approaching,False
39,100,356,642,dark_green,199.9894253945065,10.225770022042866,systemic_ambiguous,False
40,100,357,642,dark_green,199.9894253945065,10.225770022042866,systemic_ambiguous,False
41,100,358,642,dark_green,199.9894253945065,10.225770022042866,systemic_ambiguous,False
48,100,365,642,dark_green,199.9894253945065,10.225770022042866,systemic_ambiguous,False
49,100,366,642,dark_green,199.9894253945065,10.225770022042866,systemic_ambiguous,False
51,100,368,642,bright_green,216.8359664186503,10.225770022042866,receding,False
52,100,369,642,bright_green,216.8359664186503,10.225770022042866,receding,False
53,100,370,642,bright_green,216.8359664186503,10.225770022042866,receding,False
54,100,371,642,bright_green,216.8359664186503,10.225770022042866,receding,False
55,100,372,642,bright_green,216.8359664186503,10.225770022042866,receding,False
56,100,373,642,bright_green,216.8359664186503,10.225770022042866,receding,False
59,100,376,642,yellow,233.64817881929196,10.225770022042866,receding,False
60,100,377,642,yellow,233.64817881929196,10.225770022042866,receding,False
61,100,378,642,yellow,233.64817881929196,10.225770022042866,receding,False
62,100,379,642,yellow,233.64817881929196,10.225770022042866,receding,False
63,100,380,642,yellow,233.64817881929196,10.225770022042866,receding,False
64,100,381,642,yellow,233.64817881929196,10.225770022042866,receding,False
66,100,383,642,orange,250.0052856254115,10.225770022042866,receding,False
67,100,384,642,orange,250.0052856254115,10.225770022042866,receding,False
68,100,385,642,orange,250.0052856254115,10.225770022042866,receding,False
69,100,386,642,orange,250.0052856254115,10.225770022042866,receding,False
70,100,387,642,orange,250.0052856254115,10.225770022042866,receding,False
71,100,388,642,orange,250.0052856254115,10.225770022042866,receding,False
72,100,389,642,orange,250.0052856254115,10.225770022042866,receding,False
73,100,390,642,orange,250.0052856254115,10.225770022042866,receding,False
74,100,391,642,orange,250.0052856254115,10.225770022042866,receding,False
78,100,395,642,orange,250.0052856254115,10.225770022042866,receding,False
80,100,397,642,yellow,233.64817881929196,10.225770022042866,receding,False
81,100,398,642,yellow,233.64817881929196,10.225770022042866,receding,False
82,100,399,642,yellow,233.64817881929196,10.225770022042866,receding,False
83,100,400,642,yellow,233.64817881929196,10.225770022042866,receding,False
84,100,401,642,yellow,233.64817881929196,10.225770022042866,receding,False
85,100,402,642,yellow,233.64817881929196,10.225770022042866,receding,False
86,100,403,642,yellow,233.64817881929196,10.225770022042866,receding,False
87,100,404,642,yellow,233.64817881929196,10.225770022042866,receding,False
88,100,405,642,yellow,233.64817881929196,10.225770022042866,receding,False
89,100,406,642,yellow,233.64817881929196,10.225770022042866,receding,False
90,100,407,642,yellow,233.64817881929196,10.225770022042866,receding,False
91,100,408,642,yellow,233.64817881929196,10.225770022042866,receding,False
92,100,409,642,yellow,233.64817881929196,10.225770022042866,receding,False
93,100,410,642,yellow,233.64817881929196,10.225770022042866,receding,False
94,100,411,642,yellow,233.64817881929196,10.225770022042866,receding,False
95,100,412,642,yellow,233.64817881929196,10.225770022042866,receding,False
96,100,413,642,yellow,233.64817881929196,10.225770022042866,receding,False
97,100,414,642,yellow,233.64817881929196,10.225770022042866,receding,False
98,100,415,642,yellow,233.64817881929196,10.225770022042866,receding,False
99,100,416,642,yellow,233.64817881929196,10.225770022042866,receding,False
100,100,417,642,yellow,233.64817881929196,10.225770022042866,receding,False
101,100,418,642,yellow,233.64817881929196,10.225770022042866,receding,False
102,100,419,642,yellow,233.64817881929196,10.225770022042866,receding,False
103,100,420,642,yellow,233.64817881929196,10.225770022042866,receding,False
104,100,421,642,yellow,233.64817881929196,10.225770022042866,receding,False
105,100,422,642,yellow,233.64817881929196,10.225770022042866,receding,False
113,100,430,642,orange,250.0052856254115,10.225770022042866,receding,False
114,100,431,642,orange,250.0052856254115,10.225770022042866,receding,False
115,100,432,642,orange,250.0052856254115,10.225770022042866,receding,False
117,100,434,642,yellow,233.64817881929196,10.225770022042866,receding,False
118,100,435,642,yellow,233.64817881929196,10.225770022042866,receding,False
119,100,436,642,yellow,233.64817881929196,10.225770022042866,receding,False
120,100,437,642,yellow,233.64817881929196,10.225770022042866,receding,False
31,101,348,643,light_blue,183.31851531264942,10.225770022042866,approaching,False
32,101,349,643,light_blue,183.31851531264942,10.225770022042866,approaching,False
33,101,350,643,light_blue,183.31851531264942,10.225770022042866,approaching,False
39,101,356,643,dark_green,199.9894253945065,10.225770022042866,systemic_ambiguous,False
40,101,357,643,dark_green,199.9894253945065,10.225770022042866,systemic_ambiguous,False
41,101,358,643,dark_green,199.9894253945065,10.225770022042866,systemic_ambiguous,False
48,101,365,643,dark_green,199.9894253945065,10.225770022042866,systemic_ambiguous,False
49,101,366,643,dark_green,199.9894253945065,10.225770022042866,systemic_ambiguous,False
51,101,368,643,bright_green,216.8359664186503,10.225770022042866,receding,False
53,101,370,643,bright_green,216.8359664186503,10.225770022042866,receding,False
54,101,371,643,bright_green,216.8359664186503,10.225770022042866,receding,False
55,101,372,643,bright_green,216.8359664186503,10.225770022042866,receding,False
56,101,373,643,bright_green,216.8359664186503,10.225770022042866,receding,False
57,101,374,643,bright_green,216.8359664186503,10.225770022042866,receding,False
59,101,376,643,yellow,233.64817881929196,10.225770022042866,receding,False
60,101,377,643,yellow,233.64817881929196,10.225770022042866,receding,False
61,101,378,643,yellow,233.64817881929196,10.225770022042866,receding,False
62,101,379,643,yellow,233.64817881929196,10.225770022042866,receding,False
63,101,380,643,yellow,233.64817881929196,10.225770022042866,receding,False
64,101,381,643,yellow,233.64817881929196,10.225770022042866,receding,False
66,101,383,643,orange,250.0052856254115,10.225770022042866,receding,False
67,101,384,643,orange,250.0052856254115,10.225770022042866,receding,False
68,101,385,643,orange,250.0052856254115,10.225770022042866,receding,False
70,101,387,643,orange,250.0052856254115,10.225770022042866,receding,False
71,101,388,643,orange,250.0052856254115,10.225770022042866,receding,False
72,101,389,643,orange,250.0052856254115,10.225770022042866,receding,False
73,101,390,643,orange,250.0052856254115,10.225770022042866,receding,False
76,101,393,643,yellow,233.64817881929196,10.225770022042866,receding,False
77,101,394,643,orange,250.0052856254115,10.225770022042866,receding,False
78,101,395,643,orange,250.0052856254115,10.225770022042866,receding,False
79,101,396,643,orange,250.0052856254115,10.225770022042866,receding,False
80,101,397,643,yellow,233.64817881929196,10.225770022042866,receding,False
81,101,398,643,yellow,233.64817881929196,10.225770022042866,receding,False
82,101,399,643,yellow,233.64817881929196,10.225770022042866,receding,False
83,101,400,643,yellow,233.64817881929196,10.225770022042866,receding,False
84,101,401,643,yellow,233.64817881929196,10.225770022042866,receding,False
85,101,402,643,yellow,233.64817881929196,10.225770022042866,receding,False
86,101,403,643,yellow,233.64817881929196,10.225770022042866,receding,False
87,101,404,643,yellow,233.64817881929196,10.225770022042866,receding,False
88,101,405,643,yellow,233.64817881929196,10.225770022042866,receding,False
89,101,406,643,yellow,233.64817881929196,10.225770022042866,receding,False
90,101,407,643,yellow,233.64817881929196,10.225770022042866,receding,False
91,101,408,643,yellow,233.64817881929196,10.225770022042866,receding,False
92,101,409,643,yellow,233.64817881929196,10.225770022042866,receding,False
93,101,410,643,yellow,233.64817881929196,10.225770022042866,receding,False
94,101,411,643,yellow,233.64817881929196,10.225770022042866,receding,False
95,101,412,643,yellow,233.64817881929196,10.225770022042866,receding,False
96,101,413,643,yellow,233.64817881929196,10.225770022042866,receding,False
97,101,414,643,yellow,233.64817881929196,10.225770022042866,receding,False
98,101,415,643,yellow,233.64817881929196,10.225770022042866,receding,False
99,101,416,643,yellow,233.64817881929196,10.225770022042866,receding,False
100,101,417,643,yellow,233.64817881929196,10.225770022042866,receding,False
101,101,418,643,yellow,233.64817881929196,10.225770022042866,receding,False
102,101,419,643,yellow,233.64817881929196,10.225770022042866,receding,False
103,101,420,643,yellow,233.64817881929196,10.225770022042866,receding,False
104,101,421,643,yellow,233.64817881929196,10.225770022042866,receding,False
105,101,422,643,yellow,233.64817881929196,10.225770022042866,receding,False
112,101,429,643,orange,250.0052856254115,10.225770022042866,receding,False
113,101,430,643,orange,250.0052856254115,10.225770022042866,receding,False
114,101,431,643,orange,250.0052856254115,10.225770022042866,receding,False
117,101,434,643,yellow,233.64817881929196,10.225770022042866,receding,False
118,101,435,643,yellow,233.64817881929196,10.225770022042866,receding,False
119,101,436,643,yellow,233.64817881929196,10.225770022042866,receding,False
120,101,437,643,yellow,233.64817881929196,10.225770022042866,receding,False
39,102,356,644,dark_green,199.9894253945065,10.225770022042866,systemic_ambiguous,False
40,102,357,644,dark_green,199.9894253945065,10.225770022042866,systemic_ambiguous,False
41,102,358,644,dark_green,199.9894253945065,10.225770022042866,systemic_ambiguous,False
48,102,365,644,dark_green,199.9894253945065,10.225770022042866,systemic_ambiguous,False
49,102,366,644,dark_green,199.9894253945065,10.225770022042866,systemic_ambiguous,False
51,102,368,644,bright_green,216.8359664186503,10.225770022042866,receding,False
52,102,369,644,bright_green,216.8359664186503,10.225770022042866,receding,False
53,102,370,644,bright_green,216.8359664186503,10.225770022042866,receding,False
54,102,371,644,bright_green,216.8359664186503,10.225770022042866,receding,False
55,102,372,644,bright_green,216.8359664186503,10.225770022042866,receding,False
56,102,373,644,bright_green,216.8359664186503,10.225770022042866,receding,False
57,102,374,644,bright_green,216.8359664186503,10.225770022042866,receding,False
58,102,375,644,bright_green,216.8359664186503,10.225770022042866,receding,False
59,102,376,644,bright_green,216.8359664186503,10.225770022042866,receding,False
61,102,378,644,yellow,233.64817881929196,10.225770022042866,receding,False
62,102,379,644,yellow,233.64817881929196,10.225770022042866,receding,False
63,102,380,644,yellow,233.64817881929196,10.225770022042866,receding,False
64,102,381,644,yellow,233.64817881929196,10.225770022042866,receding,False
66,102,383,644,orange,250.0052856254115,10.225770022042866,receding,False
67,102,384,644,orange,250.0052856254115,10.225770022042866,receding,False
68,102,385,644,orange,250.0052856254115,10.225770022042866,receding,False
69,102,386,644,orange,250.0052856254115,10.225770022042866,receding,False
70,102,387,644,orange,250.0052856254115,10.225770022042866,receding,False
71,102,388,644,orange,250.0052856254115,10.225770022042866,receding,False
72,102,389,644,orange,250.0052856254115,10.225770022042866,receding,False
73,102,390,644,orange,250.0052856254115,10.225770022042866,receding,False
74,102,391,644,orange,250.0052856254115,10.225770022042866,receding,False
77,102,394,644,yellow,233.64817881929196,10.225770022042866,receding,False
78,102,395,644,yellow,233.64817881929196,10.225770022042866,receding,False
79,102,396,644,yellow,233.64817881929196,10.225770022042866,receding,False
80,102,397,644,yellow,233.64817881929196,10.225770022042866,receding,False
81,102,398,644,yellow,233.64817881929196,10.225770022042866,receding,False
82,102,399,644,yellow,233.64817881929196,10.225770022042866,receding,False
83,102,400,644,yellow,233.64817881929196,10.225770022042866,receding,False
84,102,401,644,yellow,233.64817881929196,10.225770022042866,receding,False
85,102,402,644,yellow,233.64817881929196,10.225770022042866,receding,False
86,102,403,644,yellow,233.64817881929196,10.225770022042866,receding,False
87,102,404,644,yellow,233.64817881929196,10.225770022042866,receding,False
88,102,405,644,yellow,233.64817881929196,10.225770022042866,receding,False
89,102,406,644,yellow,233.64817881929196,10.225770022042866,receding,False
90,102,407,644,yellow,233.64817881929196,10.225770022042866,receding,False
91,102,408,644,yellow,233.64817881929196,10.225770022042866,receding,False
92,102,409,644,yellow,233.64817881929196,10.225770022042866,receding,False
93,102,410,644,yellow,233.64817881929196,10.225770022042866,receding,False
94,102,411,644,yellow,233.64817881929196,10.225770022042866,receding,False
95,102,412,644,yellow,233.64817881929196,10.225770022042866,receding,False
96,102,413,644,yellow,233.64817881929196,10.225770022042866,receding,False
97,102,414,644,yellow,233.64817881929196,10.225770022042866,receding,False
98,102,415,644,yellow,233.64817881929196,10.225770022042866,receding,False
99,102,416,644,yellow,233.64817881929196,10.225770022042866,receding,False
100,102,417,644,yellow,233.64817881929196,10.225770022042866,receding,False
101,102,418,644,yellow,233.64817881929196,10.225770022042866,receding,False
102,102,419,644,yellow,233.64817881929196,10.225770022042866,receding,False
112,102,429,644,orange,250.0052856254115,10.225770022042866,receding,False
113,102,430,644,orange,250.0052856254115,10.225770022042866,receding,False
114,102,431,644,orange,250.0052856254115,10.225770022042866,receding,False
115,102,432,644,orange,250.0052856254115,10.225770022042866,receding,False
116,102,433,644,orange,250.0052856254115,10.225770022042866,receding,False
117,102,434,644,orange,250.0052856254115,10.225770022042866,receding,False
118,102,435,644,orange,250.0052856254115,10.225770022042866,receding,False
119,102,436,644,orange,250.0052856254115,10.225770022042866,receding,False
120,102,437,644,orange,250.0052856254115,10.225770022042866,receding,False
39,103,356,645,dark_green,199.9894253945065,10.225770022042866,systemic_ambiguous,False
40,103,357,645,dark_green,199.9894253945065,10.225770022042866,systemic_ambiguous,False
41,103,358,645,dark_green,199.9894253945065,10.225770022042866,systemic_ambiguous,False
48,103,365,645,dark_green,199.9894253945065,10.225770022042866,systemic_ambiguous,False
49,103,366,645,dark_green,199.9894253945065,10.225770022042866,systemic_ambiguous,False
51,103,368,645,bright_green,216.8359664186503,10.225770022042866,receding,False
52,103,369,645,bright_green,216.8359664186503,10.225770022042866,receding,False
53,103,370,645,bright_green,216.8359664186503,10.225770022042866,receding,False
55,103,372,645,bright_green,216.8359664186503,10.225770022042866,receding,False
56,103,373,645,bright_green,216.8359664186503,10.225770022042866,receding,False
57,103,374,645,bright_green,216.8359664186503,10.225770022042866,receding,False
58,103,375,645,bright_green,216.8359664186503,10.225770022042866,receding,False
61,103,378,645,yellow,233.64817881929196,10.225770022042866,receding,False
62,103,379,645,yellow,233.64817881929196,10.225770022042866,receding,False
63,103,380,645,yellow,233.64817881929196,10.225770022042866,receding,False
64,103,381,645,yellow,233.64817881929196,10.225770022042866,receding,False
72,103,389,645,orange,250.0052856254115,10.225770022042866,receding,False
73,103,390,645,orange,250.0052856254115,10.225770022042866,receding,False
74,103,391,645,orange,250.0052856254115,10.225770022042866,receding,False
75,103,392,645,orange,250.0052856254115,10.225770022042866,receding,False
78,103,395,645,yellow,233.64817881929196,10.225770022042866,receding,False
79,103,396,645,yellow,233.64817881929196,10.225770022042866,receding,False
80,103,397,645,yellow,233.64817881929196,10.225770022042866,receding,False
81,103,398,645,yellow,233.64817881929196,10.225770022042866,receding,False
82,103,399,645,yellow,233.64817881929196,10.225770022042866,receding,False
83,103,400,645,yellow,233.64817881929196,10.225770022042866,receding,False
84,103,401,645,yellow,233.64817881929196,10.225770022042866,receding,False
85,103,402,645,yellow,233.64817881929196,10.225770022042866,receding,False
86,103,403,645,yellow,233.64817881929196,10.225770022042866,receding,False
87,103,404,645,yellow,233.64817881929196,10.225770022042866,receding,False
88,103,405,645,yellow,233.64817881929196,10.225770022042866,receding,False
89,103,406,645,yellow,233.64817881929196,10.225770022042866,receding,False
90,103,407,645,yellow,233.64817881929196,10.225770022042866,receding,False
91,103,408,645,yellow,233.64817881929196,10.225770022042866,receding,False
92,103,409,645,yellow,233.64817881929196,10.225770022042866,receding,False
93,103,410,645,yellow,233.64817881929196,10.225770022042866,receding,False
94,103,411,645,yellow,233.64817881929196,10.225770022042866,receding,False
95,103,412,645,yellow,233.64817881929196,10.225770022042866,receding,False
96,103,413,645,yellow,233.64817881929196,10.225770022042866,receding,False
97,103,414,645,yellow,233.64817881929196,10.225770022042866,receding,False
98,103,415,645,yellow,233.64817881929196,10.225770022042866,receding,False
99,103,416,645,yellow,233.64817881929196,10.225770022042866,receding,False
100,103,417,645,yellow,233.64817881929196,10.225770022042866,receding,False
113,103,430,645,orange,250.0052856254115,10.225770022042866,receding,False
114,103,431,645,orange,250.0052856254115,10.225770022042866,receding,False
115,103,432,645,orange,250.0052856254115,10.225770022042866,receding,False
116,103,433,645,orange,250.0052856254115,10.225770022042866,receding,False
117,103,434,645,orange,250.0052856254115,10.225770022042866,receding,False
118,103,435,645,orange,250.0052856254115,10.225770022042866,receding,False
119,103,436,645,orange,250.0052856254115,10.225770022042866,receding,False
38,104,355,646,dark_green,199.9894253945065,10.225770022042866,systemic_ambiguous,False
39,104,356,646,dark_green,199.9894253945065,10.225770022042866,systemic_ambiguous,False
40,104,357,646,dark_green,199.9894253945065,10.225770022042866,systemic_ambiguous,False
41,104,358,646,dark_green,199.9894253945065,10.225770022042866,systemic_ambiguous,False
46,104,363,646,dark_green,199.9894253945065,10.225770022042866,systemic_ambiguous,False
47,104,364,646,dark_green,199.9894253945065,10.225770022042866,systemic_ambiguous,False
48,104,365,646,dark_green,199.9894253945065,10.225770022042866,systemic_ambiguous,False
49,104,366,646,dark_green,199.9894253945065,10.225770022042866,systemic_ambiguous,False
51,104,368,646,bright_green,216.8359664186503,10.225770022042866,receding,False
52,104,369,646,bright_green,216.8359664186503,10.225770022042866,receding,False
53,104,370,646,bright_green,216.8359664186503,10.225770022042866,receding,False
54,104,371,646,bright_green,216.8359664186503,10.225770022042866,receding,False
55,104,372,646,bright_green,216.8359664186503,10.225770022042866,receding,False
56,104,373,646,bright_green,216.8359664186503,10.225770022042866,receding,False
57,104,374,646,bright_green,216.8359664186503,10.225770022042866,receding,False
59,104,376,646,yellow,233.64817881929196,10.225770022042866,receding,False
60,104,377,646,yellow,233.64817881929196,10.225770022042866,receding,False
61,104,378,646,yellow,233.64817881929196,10.225770022042866,receding,False
62,104,379,646,yellow,233.64817881929196,10.225770022042866,receding,False
63,104,380,646,yellow,233.64817881929196,10.225770022042866,receding,False
64,104,381,646,yellow,233.64817881929196,10.225770022042866,receding,False
65,104,382,646,yellow,233.64817881929196,10.225770022042866,receding,False
66,104,383,646,yellow,233.64817881929196,10.225770022042866,receding,False
67,104,384,646,yellow,233.64817881929196,10.225770022042866,receding,False
68,104,385,646,yellow,233.64817881929196,10.225770022042866,receding,False
69,104,386,646,yellow,233.64817881929196,10.225770022042866,receding,False
70,104,387,646,yellow,233.64817881929196,10.225770022042866,receding,False
71,104,388,646,yellow,233.64817881929196,10.225770022042866,receding,False
72,104,389,646,orange,250.0052856254115,10.225770022042866,receding,False
73,104,390,646,orange,250.0052856254115,10.225770022042866,receding,False
74,104,391,646,orange,250.0052856254115,10.225770022042866,receding,False
75,104,392,646,orange,250.0052856254115,10.225770022042866,receding,False
76,104,393,646,orange,250.0052856254115,10.225770022042866,receding,False
77,104,394,646,orange,250.0052856254115,10.225770022042866,receding,False
79,104,396,646,yellow,233.64817881929196,10.225770022042866,receding,False
80,104,397,646,yellow,233.64817881929196,10.225770022042866,receding,False
81,104,398,646,yellow,233.64817881929196,10.225770022042866,receding,False
82,104,399,646,yellow,233.64817881929196,10.225770022042866,receding,False
83,104,400,646,yellow,233.64817881929196,10.225770022042866,receding,False
84,104,401,646,yellow,233.64817881929196,10.225770022042866,receding,False
85,104,402,646,yellow,233.64817881929196,10.225770022042866,receding,False
86,104,403,646,yellow,233.64817881929196,10.225770022042866,receding,False
87,104,404,646,yellow,233.64817881929196,10.225770022042866,receding,False
88,104,405,646,yellow,233.64817881929196,10.225770022042866,receding,False
89,104,406,646,yellow,233.64817881929196,10.225770022042866,receding,False
90,104,407,646,yellow,233.64817881929196,10.225770022042866,receding,False
91,104,408,646,yellow,233.64817881929196,10.225770022042866,receding,False
92,104,409,646,yellow,233.64817881929196,10.225770022042866,receding,False
93,104,410,646,yellow,233.64817881929196,10.225770022042866,receding,False
94,104,411,646,yellow,233.64817881929196,10.225770022042866,receding,False
95,104,412,646,yellow,233.64817881929196,10.225770022042866,receding,False
96,104,413,646,yellow,233.64817881929196,10.225770022042866,receding,False
97,104,414,646,yellow,233.64817881929196,10.225770022042866,receding,False
98,104,415,646,yellow,233.64817881929196,10.225770022042866,receding,False
99,104,416,646,yellow,233.64817881929196,10.225770022042866,receding,False
100,104,417,646,yellow,233.64817881929196,10.225770022042866,receding,False
112,104,429,646,orange,250.0052856254115,10.225770022042866,receding,False
113,104,430,646,orange,250.0052856254115,10.225770022042866,receding,False
114,104,431,646,orange,250.0052856254115,10.225770022042866,receding,False
115,104,432,646,orange,250.0052856254115,10.225770022042866,receding,False
117,104,434,646,orange,250.0052856254115,10.225770022042866,receding,False
118,104,435,646,orange,250.0052856254115,10.225770022042866,receding,False
119,104,436,646,orange,250.0052856254115,10.225770022042866,receding,False
120,104,437,646,orange,250.0052856254115,10.225770022042866,receding,False
37,105,354,647,dark_green,199.9894253945065,10.225770022042866,systemic_ambiguous,False
38,105,355,647,bright_green,216.8359664186503,10.225770022042866,receding,False
39,105,356,647,bright_green,216.8359664186503,10.225770022042866,receding,False
41,105,358,647,dark_green,199.9894253945065,10.225770022042866,systemic_ambiguous,False
42,105,359,647,dark_green,199.9894253945065,10.225770022042866,systemic_ambiguous,False
43,105,360,647,dark_green,199.9894253945065,10.225770022042866,systemic_ambiguous,False
46,105,363,647,dark_green,199.9894253945065,10.225770022042866,systemic_ambiguous,False
47,105,364,647,dark_green,199.9894253945065,10.225770022042866,systemic_ambiguous,False
48,105,365,647,dark_green,199.9894253945065,10.225770022042866,systemic_ambiguous,False
49,105,366,647,dark_green,199.9894253945065,10.225770022042866,systemic_ambiguous,False
50,105,367,647,dark_green,199.9894253945065,10.225770022042866,systemic_ambiguous,False
51,105,368,647,dark_green,199.9894253945065,10.225770022042866,systemic_ambiguous,False
53,105,370,647,bright_green,216.8359664186503,10.225770022042866,receding,False
54,105,371,647,bright_green,216.8359664186503,10.225770022042866,receding,False
55,105,372,647,bright_green,216.8359664186503,10.225770022042866,receding,False
56,105,373,647,bright_green,216.8359664186503,10.225770022042866,receding,False
57,105,374,647,yellow,233.64817881929196,10.225770022042866,receding,False
58,105,375,647,yellow,233.64817881929196,10.225770022042866,receding,False
59,105,376,647,yellow,233.64817881929196,10.225770022042866,receding,False
60,105,377,647,yellow,233.64817881929196,10.225770022042866,receding,False
61,105,378,647,yellow,233.64817881929196,10.225770022042866,receding,False
62,105,379,647,yellow,233.64817881929196,10.225770022042866,receding,False
63,105,380,647,yellow,233.64817881929196,10.225770022042866,receding,False
64,105,381,647,yellow,233.64817881929196,10.225770022042866,receding,False
65,105,382,647,yellow,233.64817881929196,10.225770022042866,receding,False
66,105,383,647,yellow,233.64817881929196,10.225770022042866,receding,False
67,105,384,647,yellow,233.64817881929196,10.225770022042866,receding,False
68,105,385,647,yellow,233.64817881929196,10.225770022042866,receding,False
69,105,386,647,yellow,233.64817881929196,10.225770022042866,receding,False
70,105,387,647,yellow,233.64817881929196,10.225770022042866,receding,False
71,105,388,647,yellow,233.64817881929196,10.225770022042866,receding,False
72,105,389,647,yellow,233.64817881929196,10.225770022042866,receding,False
73,105,390,647,yellow,233.64817881929196,10.225770022042866,receding,False
74,105,391,647,yellow,233.64817881929196,10.225770022042866,receding,False
75,105,392,647,yellow,233.64817881929196,10.225770022042866,receding,False
76,105,393,647,yellow,233.64817881929196,10.225770022042866,receding,False
77,105,394,647,orange,250.0052856254115,10.225770022042866,receding,False
78,105,395,647,orange,250.0052856254115,10.225770022042866,receding,False
79,105,396,647,orange,250.0052856254115,10.225770022042866,receding,False
80,105,397,647,yellow,233.64817881929196,10.225770022042866,receding,False
81,105,398,647,yellow,233.64817881929196,10.225770022042866,receding,False
82,105,399,647,yellow,233.64817881929196,10.225770022042866,receding,False
83,105,400,647,yellow,233.64817881929196,10.225770022042866,receding,False
84,105,401,647,yellow,233.64817881929196,10.225770022042866,receding,False
85,105,402,647,yellow,233.64817881929196,10.225770022042866,receding,False
86,105,403,647,yellow,233.64817881929196,10.225770022042866,receding,False
87,105,404,647,yellow,233.64817881929196,10.225770022042866,receding,False
88,105,405,647,yellow,233.64817881929196,10.225770022042866,receding,False
89,105,406,647,yellow,233.64817881929196,10.225770022042866,receding,False
90,105,407,647,yellow,233.64817881929196,10.225770022042866,receding,False
91,105,408,647,yellow,233.64817881929196,10.225770022042866,receding,False
92,105,409,647,yellow,233.64817881929196,10.225770022042866,receding,False
93,105,410,647,yellow,233.64817881929196,10.225770022042866,receding,False
94,105,411,647,yellow,233.64817881929196,10.225770022042866,receding,False
95,105,412,647,yellow,233.64817881929196,10.225770022042866,receding,False
96,105,413,647,yellow,233.64817881929196,10.225770022042866,receding,False
97,105,414,647,yellow,233.64817881929196,10.225770022042866,receding,False
98,105,415,647,yellow,233.64817881929196,10.225770022042866,receding,False
99,105,416,647,yellow,233.64817881929196,10.225770022042866,receding,False
100,105,417,647,yellow,233.64817881929196,10.225770022042866,receding,False
107,105,424,647,orange,250.0052856254115,10.225770022042866,receding,False
108,105,425,647,orange,250.0052856254115,10.225770022042866,receding,False
109,105,426,647,orange,250.0052856254115,10.225770022042866,receding,False
110,105,427,647,orange,250.0052856254115,10.225770022042866,receding,False
111,105,428,647,orange,250.0052856254115,10.225770022042866,receding,False
112,105,429,647,orange,250.0052856254115,10.225770022042866,receding,False
113,105,430,647,orange,250.0052856254115,10.225770022042866,receding,False
114,105,431,647,orange,250.0052856254115,10.225770022042866,receding,False
115,105,432,647,orange,250.0052856254115,10.225770022042866,receding,False
116,105,433,647,orange,250.0052856254115,10.225770022042866,receding,False
117,105,434,647,orange,250.0052856254115,10.225770022042866,receding,False
118,105,435,647,orange,250.0052856254115,10.225770022042866,receding,False
119,105,436,647,orange,250.0052856254115,10.225770022042866,receding,False
120,105,437,647,orange,250.0052856254115,10.225770022042866,receding,False
37,106,354,648,dark_green,199.9894253945065,10.225770022042866,systemic_ambiguous,False
39,106,356,648,bright_green,216.8359664186503,10.225770022042866,receding,False
41,106,358,648,dark_green,199.9894253945065,10.225770022042866,systemic_ambiguous,False
42,106,359,648,dark_green,199.9894253945065,10.225770022042866,systemic_ambiguous,False
43,106,360,648,dark_green,199.9894253945065,10.225770022042866,systemic_ambiguous,False
46,106,363,648,dark_green,199.9894253945065,10.225770022042866,systemic_ambiguous,False
47,106,364,648,dark_green,199.9894253945065,10.225770022042866,systemic_ambiguous,False
48,106,365,648,dark_green,199.9894253945065,10.225770022042866,systemic_ambiguous,False
49,106,366,648,dark_green,199.9894253945065,10.225770022042866,systemic_ambiguous,False
50,106,367,648,dark_green,199.9894253945065,10.225770022042866,systemic_ambiguous,False
51,106,368,648,dark_green,199.9894253945065,10.225770022042866,systemic_ambiguous,False
53,106,370,648,bright_green,216.8359664186503,10.225770022042866,receding,False
55,106,372,648,bright_green,216.8359664186503,10.225770022042866,receding,False
56,106,373,648,bright_green,216.8359664186503,10.225770022042866,receding,False
57,106,374,648,yellow,233.64817881929196,10.225770022042866,receding,False
58,106,375,648,yellow,233.64817881929196,10.225770022042866,receding,False
59,106,376,648,yellow,233.64817881929196,10.225770022042866,receding,False
60,106,377,648,yellow,233.64817881929196,10.225770022042866,receding,False
61,106,378,648,yellow,233.64817881929196,10.225770022042866,receding,False
62,106,379,648,yellow,233.64817881929196,10.225770022042866,receding,False
63,106,380,648,yellow,233.64817881929196,10.225770022042866,receding,False
64,106,381,648,yellow,233.64817881929196,10.225770022042866,receding,False
65,106,382,648,yellow,233.64817881929196,10.225770022042866,receding,False
66,106,383,648,yellow,233.64817881929196,10.225770022042866,receding,False
67,106,384,648,yellow,233.64817881929196,10.225770022042866,receding,False
68,106,385,648,yellow,233.64817881929196,10.225770022042866,receding,False
69,106,386,648,yellow,233.64817881929196,10.225770022042866,receding,False
70,106,387,648,yellow,233.64817881929196,10.225770022042866,receding,False
71,106,388,648,yellow,233.64817881929196,10.225770022042866,receding,False
72,106,389,648,yellow,233.64817881929196,10.225770022042866,receding,False
73,106,390,648,yellow,233.64817881929196,10.225770022042866,receding,False
74,106,391,648,yellow,233.64817881929196,10.225770022042866,receding,False
75,106,392,648,yellow,233.64817881929196,10.225770022042866,receding,False
76,106,393,648,yellow,233.64817881929196,10.225770022042866,receding,False
77,106,394,648,orange,250.0052856254115,10.225770022042866,receding,False
78,106,395,648,orange,250.0052856254115,10.225770022042866,receding,False
79,106,396,648,orange,250.0052856254115,10.225770022042866,receding,False
81,106,398,648,yellow,233.64817881929196,10.225770022042866,receding,False
82,106,399,648,yellow,233.64817881929196,10.225770022042866,receding,False
83,106,400,648,yellow,233.64817881929196,10.225770022042866,receding,False
84,106,401,648,yellow,233.64817881929196,10.225770022042866,receding,False
85,106,402,648,yellow,233.64817881929196,10.225770022042866,receding,False
86,106,403,648,yellow,233.64817881929196,10.225770022042866,receding,False
87,106,404,648,yellow,233.64817881929196,10.225770022042866,receding,False
88,106,405,648,yellow,233.64817881929196,10.225770022042866,receding,False
89,106,406,648,yellow,233.64817881929196,10.225770022042866,receding,False
90,106,407,648,yellow,233.64817881929196,10.225770022042866,receding,False
91,106,408,648,yellow,233.64817881929196,10.225770022042866,receding,False
92,106,409,648,yellow,233.64817881929196,10.225770022042866,receding,False
93,106,410,648,yellow,233.64817881929196,10.225770022042866,receding,False
94,106,411,648,yellow,233.64817881929196,10.225770022042866,receding,False
95,106,412,648,yellow,233.64817881929196,10.225770022042866,receding,False
96,106,413,648,yellow,233.64817881929196,10.225770022042866,receding,False
97,106,414,648,yellow,233.64817881929196,10.225770022042866,receding,False
98,106,415,648,yellow,233.64817881929196,10.225770022042866,receding,False
99,106,416,648,yellow,233.64817881929196,10.225770022042866,receding,False
100,106,417,648,yellow,233.64817881929196,10.225770022042866,receding,False
107,106,424,648,orange,250.0052856254115,10.225770022042866,receding,False
108,106,425,648,orange,250.0052856254115,10.225770022042866,receding,False
109,106,426,648,orange,250.0052856254115,10.225770022042866,receding,False
110,106,427,648,orange,250.0052856254115,10.225770022042866,receding,False
111,106,428,648,orange,250.0052856254115,10.225770022042866,receding,False
112,106,429,648,orange,250.0052856254115,10.225770022042866,receding,False
113,106,430,648,orange,250.0052856254115,10.225770022042866,receding,False
114,106,431,648,orange,250.0052856254115,10.225770022042866,receding,False
115,106,432,648,orange,250.0052856254115,10.225770022042866,receding,False
116,106,433,648,orange,250.0052856254115,10.225770022042866,receding,False
117,106,434,648,orange,250.0052856254115,10.225770022042866,receding,False
118,106,435,648,orange,250.0052856254115,10.225770022042866,receding,False
119,106,436,648,orange,250.0052856254115,10.225770022042866,receding,False
120,106,437,648,orange,250.0052856254115,10.225770022042866,receding,False
37,107,354,649,dark_green,199.9894253945065,10.225770022042866,systemic_ambiguous,False
38,107,355,649,bright_green,216.8359664186503,10.225770022042866,receding,False
39,107,356,649,bright_green,216.8359664186503,10.225770022042866,receding,False
40,107,357,649,bright_green,216.8359664186503,10.225770022042866,receding,False
41,107,358,649,bright_green,216.8359664186503,10.225770022042866,receding,False
43,107,360,649,dark_green,199.9894253945065,10.225770022042866,systemic_ambiguous,False
44,107,361,649,bright_green,216.8359664186503,10.225770022042866,receding,False
45,107,362,649,bright_green,216.8359664186503,10.225770022042866,receding,False
46,107,363,649,bright_green,216.8359664186503,10.225770022042866,receding,False
48,107,365,649,dark_green,199.9894253945065,10.225770022042866,systemic_ambiguous,False
49,107,366,649,dark_green,199.9894253945065,10.225770022042866,systemic_ambiguous,False
50,107,367,649,dark_green,199.9894253945065,10.225770022042866,systemic_ambiguous,False
51,107,368,649,dark_green,199.9894253945065,10.225770022042866,systemic_ambiguous,False
52,107,369,649,dark_green,199.9894253945065,10.225770022042866,systemic_ambiguous,False
53,107,370,649,dark_green,199.9894253945065,10.225770022042866,systemic_ambiguous,False
54,107,371,649,bright_green,216.8359664186503,10.225770022042866,receding,False
55,107,372,649,bright_green,216.8359664186503,10.225770022042866,receding,False
56,107,373,649,bright_green,216.8359664186503,10.225770022042866,receding,False
57,107,374,649,bright_green,216.8359664186503,10.225770022042866,receding,False
58,107,375,649,bright_green,216.8359664186503,10.225770022042866,receding,False
59,107,376,649,bright_green,216.8359664186503,10.225770022042866,receding,False
60,107,377,649,bright_green,216.8359664186503,10.225770022042866,receding,False
61,107,378,649,bright_green,216.8359664186503,10.225770022042866,receding,False
62,107,379,649,bright_green,216.8359664186503,10.225770022042866,receding,False
64,107,381,649,yellow,233.64817881929196,10.225770022042866,receding,False
65,107,382,649,yellow,233.64817881929196,10.225770022042866,receding,False
66,107,383,649,yellow,233.64817881929196,10.225770022042866,receding,False
67,107,384,649,bright_green,216.8359664186503,10.225770022042866,receding,False
69,107,386,649,yellow,233.64817881929196,10.225770022042866,receding,False
70,107,387,649,yellow,233.64817881929196,10.225770022042866,receding,False
71,107,388,649,yellow,233.64817881929196,10.225770022042866,receding,False
72,107,389,649,yellow,233.64817881929196,10.225770022042866,receding,False
73,107,390,649,yellow,233.64817881929196,10.225770022042866,receding,False
74,107,391,649,yellow,233.64817881929196,10.225770022042866,receding,False
75,107,392,649,yellow,233.64817881929196,10.225770022042866,receding,False
77,107,394,649,orange,250.0052856254115,10.225770022042866,receding,False
78,107,395,649,orange,250.0052856254115,10.225770022042866,receding,False
79,107,396,649,orange,250.0052856254115,10.225770022042866,receding,False
80,107,397,649,yellow,233.64817881929196,10.225770022042866,receding,False
81,107,398,649,yellow,233.64817881929196,10.225770022042866,receding,False
82,107,399,649,yellow,233.64817881929196,10.225770022042866,receding,False
83,107,400,649,yellow,233.64817881929196,10.225770022042866,receding,False
84,107,401,649,yellow,233.64817881929196,10.225770022042866,receding,False
85,107,402,649,yellow,233.64817881929196,10.225770022042866,receding,False
86,107,403,649,yellow,233.64817881929196,10.225770022042866,receding,False
87,107,404,649,yellow,233.64817881929196,10.225770022042866,receding,False
88,107,405,649,yellow,233.64817881929196,10.225770022042866,receding,False
89,107,406,649,yellow,233.64817881929196,10.225770022042866,receding,False
90,107,407,649,yellow,233.64817881929196,10.225770022042866,receding,False
91,107,408,649,yellow,233.64817881929196,10.225770022042866,receding,False
92,107,409,649,yellow,233.64817881929196,10.225770022042866,receding,False
93,107,410,649,yellow,233.64817881929196,10.225770022042866,receding,False
94,107,411,649,yellow,233.64817881929196,10.225770022042866,receding,False
95,107,412,649,yellow,233.64817881929196,10.225770022042866,receding,False
96,107,413,649,yellow,233.64817881929196,10.225770022042866,receding,False
97,107,414,649,yellow,233.64817881929196,10.225770022042866,receding,False
98,107,415,649,yellow,233.64817881929196,10.225770022042866,receding,False
99,107,416,649,yellow,233.64817881929196,10.225770022042866,receding,False
100,107,417,649,yellow,233.64817881929196,10.225770022042866,receding,False
102,107,419,649,orange,250.0052856254115,10.225770022042866,receding,False
103,107,420,649,orange,250.0052856254115,10.225770022042866,receding,False
104,107,421,649,orange,250.0052856254115,10.225770022042866,receding,False
105,107,422,649,orange,250.0052856254115,10.225770022042866,receding,False
106,107,423,649,orange,250.0052856254115,10.225770022042866,receding,False
107,107,424,649,orange,250.0052856254115,10.225770022042866,receding,False
108,107,425,649,orange,250.0052856254115,10.225770022042866,receding,False
109,107,426,649,orange,250.0052856254115,10.225770022042866,receding,False
110,107,427,649,orange,250.0052856254115,10.225770022042866,receding,False
111,107,428,649,orange,250.0052856254115,10.225770022042866,receding,False
112,107,429,649,orange,250.0052856254115,10.225770022042866,receding,False
113,107,430,649,orange,250.0052856254115,10.225770022042866,receding,False
41,108,358,650,bright_green,216.8359664186503,10.225770022042866,receding,False
43,108,360,650,dark_green,199.9894253945065,10.225770022042866,systemic_ambiguous,False
44,108,361,650,bright_green,216.8359664186503,10.225770022042866,receding,False
45,108,362,650,bright_green,216.8359664186503,10.225770022042866,receding,False
46,108,363,650,bright_green,216.8359664186503,10.225770022042866,receding,False
49,108,366,650,dark_green,199.9894253945065,10.225770022042866,systemic_ambiguous,False
50,108,367,650,dark_green,199.9894253945065,10.225770022042866,systemic_ambiguous,False
51,108,368,650,dark_green,199.9894253945065,10.225770022042866,systemic_ambiguous,False
52,108,369,650,dark_green,199.9894253945065,10.225770022042866,systemic_ambiguous,False
53,108,370,650,dark_green,199.9894253945065,10.225770022042866,systemic_ambiguous,False
54,108,371,650,bright_green,216.8359664186503,10.225770022042866,receding,False
55,108,372,650,bright_green,216.8359664186503,10.225770022042866,receding,False
56,108,373,650,bright_green,216.8359664186503,10.225770022042866,receding,False
57,108,374,650,bright_green,216.8359664186503,10.225770022042866,receding,False
58,108,375,650,bright_green,216.8359664186503,10.225770022042866,receding,False
59,108,376,650,bright_green,216.8359664186503,10.225770022042866,receding,False
60,108,377,650,bright_green,216.8359664186503,10.225770022042866,receding,False
61,108,378,650,bright_green,216.8359664186503,10.225770022042866,receding,False
62,108,379,650,bright_green,216.8359664186503,10.225770022042866,receding,False
67,108,384,650,bright_green,216.8359664186503,10.225770022042866,receding,False
69,108,386,650,yellow,233.64817881929196,10.225770022042866,receding,False
70,108,387,650,yellow,233.64817881929196,10.225770022042866,receding,False
71,108,388,650,yellow,233.64817881929196,10.225770022042866,receding,False
72,108,389,650,yellow,233.64817881929196,10.225770022042866,receding,False
73,108,390,650,yellow,233.64817881929196,10.225770022042866,receding,False
74,108,391,650,yellow,233.64817881929196,10.225770022042866,receding,False
75,108,392,650,yellow,233.64817881929196,10.225770022042866,receding,False
77,108,394,650,orange,250.0052856254115,10.225770022042866,receding,False
78,108,395,650,orange,250.0052856254115,10.225770022042866,receding,False
79,108,396,650,orange,250.0052856254115,10.225770022042866,receding,False
80,108,397,650,yellow,233.64817881929196,10.225770022042866,receding,False
81,108,398,650,yellow,233.64817881929196,10.225770022042866,receding,False
82,108,399,650,yellow,233.64817881929196,10.225770022042866,receding,False
83,108,400,650,yellow,233.64817881929196,10.225770022042866,receding,False
84,108,401,650,yellow,233.64817881929196,10.225770022042866,receding,False
85,108,402,650,yellow,233.64817881929196,10.225770022042866,receding,False
86,108,403,650,yellow,233.64817881929196,10.225770022042866,receding,False
87,108,404,650,yellow,233.64817881929196,10.225770022042866,receding,False
88,108,405,650,yellow,233.64817881929196,10.225770022042866,receding,False
89,108,406,650,yellow,233.64817881929196,10.225770022042866,receding,False
91,108,408,650,yellow,233.64817881929196,10.225770022042866,receding,False
93,108,410,650,yellow,233.64817881929196,10.225770022042866,receding,False
94,108,411,650,yellow,233.64817881929196,10.225770022042866,receding,False
95,108,412,650,yellow,233.64817881929196,10.225770022042866,receding,False
96,108,413,650,yellow,233.64817881929196,10.225770022042866,receding,False
97,108,414,650,yellow,233.64817881929196,10.225770022042866,receding,False
98,108,415,650,yellow,233.64817881929196,10.225770022042866,receding,False
99,108,416,650,yellow,233.64817881929196,10.225770022042866,receding,False
100,108,417,650,yellow,233.64817881929196,10.225770022042866,receding,False
102,108,419,650,orange,250.0052856254115,10.225770022042866,receding,False
103,108,420,650,orange,250.0052856254115,10.225770022042866,receding,False
104,108,421,650,orange,250.0052856254115,10.225770022042866,receding,False
105,108,422,650,orange,250.0052856254115,10.225770022042866,receding,False
106,108,423,650,orange,250.0052856254115,10.225770022042866,receding,False
107,108,424,650,orange,250.0052856254115,10.225770022042866,receding,False
108,108,425,650,orange,250.0052856254115,10.225770022042866,receding,False
110,108,427,650,orange,250.0052856254115,10.225770022042866,receding,False
111,108,428,650,orange,250.0052856254115,10.225770022042866,receding,False
38,109,355,651,yellow,233.64817881929196,10.225770022042866,receding,False
39,109,356,651,yellow,233.64817881929196,10.225770022042866,receding,False
41,109,358,651,bright_green,216.8359664186503,10.225770022042866,receding,False
43,109,360,651,dark_green,199.9894253945065,10.225770022042866,systemic_ambiguous,False
44,109,361,651,bright_green,216.8359664186503,10.225770022042866,receding,False
45,109,362,651,bright_green,216.8359664186503,10.225770022042866,receding,False
46,109,363,651,bright_green,216.8359664186503,10.225770022042866,receding,False
47,109,364,651,bright_green,216.8359664186503,10.225770022042866,receding,False
48,109,365,651,bright_green,216.8359664186503,10.225770022042866,receding,False
49,109,366,651,dark_green,199.9894253945065,10.225770022042866,systemic_ambiguous,False
50,109,367,651,dark_green,199.9894253945065,10.225770022042866,systemic_ambiguous,False
51,109,368,651,dark_green,199.9894253945065,10.225770022042866,systemic_ambiguous,False
52,109,369,651,dark_green,199.9894253945065,10.225770022042866,systemic_ambiguous,False
53,109,370,651,dark_green,199.9894253945065,10.225770022042866,systemic_ambiguous,False
54,109,371,651,bright_green,216.8359664186503,10.225770022042866,receding,False
55,109,372,651,bright_green,216.8359664186503,10.225770022042866,receding,False
57,109,374,651,bright_green,216.8359664186503,10.225770022042866,receding,False
58,109,375,651,bright_green,216.8359664186503,10.225770022042866,receding,False
59,109,376,651,bright_green,216.8359664186503,10.225770022042866,receding,False
60,109,377,651,bright_green,216.8359664186503,10.225770022042866,receding,False
61,109,378,651,bright_green,216.8359664186503,10.225770022042866,receding,False
62,109,379,651,bright_green,216.8359664186503,10.225770022042866,receding,False
65,109,382,651,dark_green,199.9894253945065,10.225770022042866,systemic_ambiguous,False
66,109,383,651,bright_green,216.8359664186503,10.225770022042866,receding,False
67,109,384,651,bright_green,216.8359664186503,10.225770022042866,receding,False
69,109,386,651,yellow,233.64817881929196,10.225770022042866,receding,False
70,109,387,651,yellow,233.64817881929196,10.225770022042866,receding,False
71,109,388,651,yellow,233.64817881929196,10.225770022042866,receding,False
72,109,389,651,yellow,233.64817881929196,10.225770022042866,receding,False
73,109,390,651,yellow,233.64817881929196,10.225770022042866,receding,False
74,109,391,651,yellow,233.64817881929196,10.225770022042866,receding,False
76,109,393,651,orange,250.0052856254115,10.225770022042866,receding,False
77,109,394,651,orange,250.0052856254115,10.225770022042866,receding,False
78,109,395,651,orange,250.0052856254115,10.225770022042866,receding,False
79,109,396,651,orange,250.0052856254115,10.225770022042866,receding,False
81,109,398,651,yellow,233.64817881929196,10.225770022042866,receding,False
82,109,399,651,yellow,233.64817881929196,10.225770022042866,receding,False
83,109,400,651,yellow,233.64817881929196,10.225770022042866,receding,False
84,109,401,651,yellow,233.64817881929196,10.225770022042866,receding,False
85,109,402,651,yellow,233.64817881929196,10.225770022042866,receding,False
86,109,403,651,yellow,233.64817881929196,10.225770022042866,receding,False
87,109,404,651,yellow,233.64817881929196,10.225770022042866,receding,False
88,109,405,651,yellow,233.64817881929196,10.225770022042866,receding,False
89,109,406,651,yellow,233.64817881929196,10.225770022042866,receding,False
90,109,407,651,orange,250.0052856254115,10.225770022042866,receding,False
91,109,408,651,orange,250.0052856254115,10.225770022042866,receding,False
94,109,411,651,yellow,233.64817881929196,10.225770022042866,receding,False
95,109,412,651,yellow,233.64817881929196,10.225770022042866,receding,False
96,109,413,651,yellow,233.64817881929196,10.225770022042866,receding,False
97,109,414,651,yellow,233.64817881929196,10.225770022042866,receding,False
98,109,415,651,yellow,233.64817881929196,10.225770022042866,receding,False
99,109,416,651,yellow,233.64817881929196,10.225770022042866,receding,False
100,109,417,651,orange,250.0052856254115,10.225770022042866,receding,False
101,109,418,651,orange,250.0052856254115,10.225770022042866,receding,False
102,109,419,651,orange,250.0052856254115,10.225770022042866,receding,False
103,109,420,651,orange,250.0052856254115,10.225770022042866,receding,False
104,109,421,651,orange,250.0052856254115,10.225770022042866,receding,False
105,109,422,651,orange,250.0052856254115,10.225770022042866,receding,False
106,109,423,651,orange,250.0052856254115,10.225770022042866,receding,False
107,109,424,651,orange,250.0052856254115,10.225770022042866,receding,False
108,109,425,651,orange,250.0052856254115,10.225770022042866,receding,False
109,109,426,651,orange,250.0052856254115,10.225770022042866,receding,False
110,109,427,651,orange,250.0052856254115,10.225770022042866,receding,False
111,109,428,651,orange,250.0052856254115,10.225770022042866,receding,False
112,109,429,651,orange,250.0052856254115,10.225770022042866,receding,False
38,110,355,652,yellow,233.64817881929196,10.225770022042866,receding,False
39,110,356,652,yellow,233.64817881929196,10.225770022042866,receding,False
41,110,358,652,bright_green,216.8359664186503,10.225770022042866,receding,False
42,110,359,652,bright_green,216.8359664186503,10.225770022042866,receding,False
43,110,360,652,bright_green,216.8359664186503,10.225770022042866,receding,False
44,110,361,652,bright_green,216.8359664186503,10.225770022042866,receding,False
46,110,363,652,bright_green,216.8359664186503,10.225770022042866,receding,False
47,110,364,652,bright_green,216.8359664186503,10.225770022042866,receding,False
48,110,365,652,bright_green,216.8359664186503,10.225770022042866,receding,False
49,110,366,652,dark_green,199.9894253945065,10.225770022042866,systemic_ambiguous,False
50,110,367,652,dark_green,199.9894253945065,10.225770022042866,systemic_ambiguous,False
51,110,368,652,dark_green,199.9894253945065,10.225770022042866,systemic_ambiguous,False
53,110,370,652,bright_green,216.8359664186503,10.225770022042866,receding,False
54,110,371,652,bright_green,216.8359664186503,10.225770022042866,receding,False
55,110,372,652,bright_green,216.8359664186503,10.225770022042866,receding,False
56,110,373,652,bright_green,216.8359664186503,10.225770022042866,receding,False
57,110,374,652,bright_green,216.8359664186503,10.225770022042866,receding,False
58,110,375,652,bright_green,216.8359664186503,10.225770022042866,receding,False
60,110,377,652,bright_green,216.8359664186503,10.225770022042866,receding,False
61,110,378,652,bright_green,216.8359664186503,10.225770022042866,receding,False
62,110,379,652,bright_green,216.8359664186503,10.225770022042866,receding,False
63,110,380,652,dark_green,199.9894253945065,10.225770022042866,systemic_ambiguous,False
67,110,384,652,yellow,233.64817881929196,10.225770022042866,receding,False
68,110,385,652,yellow,233.64817881929196,10.225770022042866,receding,False
69,110,386,652,yellow,233.64817881929196,10.225770022042866,receding,False
70,110,387,652,yellow,233.64817881929196,10.225770022042866,receding,False
71,110,388,652,yellow,233.64817881929196,10.225770022042866,receding,False
72,110,389,652,yellow,233.64817881929196,10.225770022042866,receding,False
73,110,390,652,yellow,233.64817881929196,10.225770022042866,receding,False
74,110,391,652,yellow,233.64817881929196,10.225770022042866,receding,False
76,110,393,652,orange,250.0052856254115,10.225770022042866,receding,False
79,110,396,652,yellow,233.64817881929196,10.225770022042866,receding,False
80,110,397,652,yellow,233.64817881929196,10.225770022042866,receding,False
81,110,398,652,yellow,233.64817881929196,10.225770022042866,receding,False
82,110,399,652,yellow,233.64817881929196,10.225770022042866,receding,False
83,110,400,652,yellow,233.64817881929196,10.225770022042866,receding,False
84,110,401,652,yellow,233.64817881929196,10.225770022042866,receding,False
85,110,402,652,yellow,233.64817881929196,10.225770022042866,receding,False
86,110,403,652,yellow,233.64817881929196,10.225770022042866,receding,False
87,110,404,652,yellow,233.64817881929196,10.225770022042866,receding,False
88,110,405,652,yellow,233.64817881929196,10.225770022042866,receding,False
89,110,406,652,yellow,233.64817881929196,10.225770022042866,receding,False
90,110,407,652,orange,250.0052856254115,10.225770022042866,receding,False
91,110,408,652,orange,250.0052856254115,10.225770022042866,receding,False
92,110,409,652,orange,250.0052856254115,10.225770022042866,receding,False
93,110,410,652,yellow,233.64817881929196,10.225770022042866,receding,False
94,110,411,652,yellow,233.64817881929196,10.225770022042866,receding,False
95,110,412,652,yellow,233.64817881929196,10.225770022042866,receding,False
96,110,413,652,yellow,233.64817881929196,10.225770022042866,receding,False
97,110,414,652,yellow,233.64817881929196,10.225770022042866,receding,False
99,110,416,652,orange,250.0052856254115,10.225770022042866,receding,False
100,110,417,652,orange,250.0052856254115,10.225770022042866,receding,False
101,110,418,652,orange,250.0052856254115,10.225770022042866,receding,False
102,110,419,652,orange,250.0052856254115,10.225770022042866,receding,False
103,110,420,652,orange,250.0052856254115,10.225770022042866,receding,False
110,110,427,652,orange,250.0052856254115,10.225770022042866,receding,False
38,111,355,653,yellow,233.64817881929196,10.225770022042866,receding,False
39,111,356,653,yellow,233.64817881929196,10.225770022042866,receding,False
41,111,358,653,bright_green,216.8359664186503,10.225770022042866,receding,False
42,111,359,653,bright_green,216.8359664186503,10.225770022042866,receding,False
43,111,360,653,bright_green,216.8359664186503,10.225770022042866,receding,False
44,111,361,653,bright_green,216.8359664186503,10.225770022042866,receding,False
45,111,362,653,bright_green,216.8359664186503,10.225770022042866,receding,False
46,111,363,653,bright_green,216.8359664186503,10.225770022042866,receding,False
47,111,364,653,bright_green,216.8359664186503,10.225770022042866,receding,False
48,111,365,653,bright_green,216.8359664186503,10.225770022042866,receding,False
49,111,366,653,dark_green,199.9894253945065,10.225770022042866,systemic_ambiguous,False
50,111,367,653,dark_green,199.9894253945065,10.225770022042866,systemic_ambiguous,False
51,111,368,653,dark_green,199.9894253945065,10.225770022042866,systemic_ambiguous,False
53,111,370,653,bright_green,216.8359664186503,10.225770022042866,receding,False
54,111,371,653,bright_green,216.8359664186503,10.225770022042866,receding,False
55,111,372,653,bright_green,216.8359664186503,10.225770022042866,receding,False
56,111,373,653,bright_green,216.8359664186503,10.225770022042866,receding,False
57,111,374,653,bright_green,216.8359664186503,10.225770022042866,receding,False
58,111,375,653,bright_green,216.8359664186503,10.225770022042866,receding,False
59,111,376,653,bright_green,216.8359664186503,10.225770022042866,receding,False
60,111,377,653,bright_green,216.8359664186503,10.225770022042866,receding,False
61,111,378,653,bright_green,216.8359664186503,10.225770022042866,receding,False
62,111,379,653,bright_green,216.8359664186503,10.225770022042866,receding,False
63,111,380,653,dark_green,199.9894253945065,10.225770022042866,systemic_ambiguous,False
67,111,384,653,yellow,233.64817881929196,10.225770022042866,receding,False
68,111,385,653,yellow,233.64817881929196,10.225770022042866,receding,False
69,111,386,653,yellow,233.64817881929196,10.225770022042866,receding,False
70,111,387,653,yellow,233.64817881929196,10.225770022042866,receding,False
71,111,388,653,yellow,233.64817881929196,10.225770022042866,receding,False
72,111,389,653,yellow,233.64817881929196,10.225770022042866,receding,False
73,111,390,653,yellow,233.64817881929196,10.225770022042866,receding,False
74,111,391,653,yellow,233.64817881929196,10.225770022042866,receding,False
76,111,393,653,orange,250.0052856254115,10.225770022042866,receding,False
77,111,394,653,orange,250.0052856254115,10.225770022042866,receding,False
79,111,396,653,yellow,233.64817881929196,10.225770022042866,receding,False
80,111,397,653,yellow,233.64817881929196,10.225770022042866,receding,False
81,111,398,653,yellow,233.64817881929196,10.225770022042866,receding,False
82,111,399,653,yellow,233.64817881929196,10.225770022042866,receding,False
83,111,400,653,yellow,233.64817881929196,10.225770022042866,receding,False
84,111,401,653,yellow,233.64817881929196,10.225770022042866,receding,False
85,111,402,653,yellow,233.64817881929196,10.225770022042866,receding,False
86,111,403,653,yellow,233.64817881929196,10.225770022042866,receding,False
87,111,404,653,yellow,233.64817881929196,10.225770022042866,receding,False
88,111,405,653,yellow,233.64817881929196,10.225770022042866,receding,False
89,111,406,653,yellow,233.64817881929196,10.225770022042866,receding,False
90,111,407,653,orange,250.0052856254115,10.225770022042866,receding,False
91,111,408,653,orange,250.0052856254115,10.225770022042866,receding,False
92,111,409,653,orange,250.0052856254115,10.225770022042866,receding,False
94,111,411,653,yellow,233.64817881929196,10.225770022042866,receding,False
95,111,412,653,yellow,233.64817881929196,10.225770022042866,receding,False
96,111,413,653,yellow,233.64817881929196,10.225770022042866,receding,False
97,111,414,653,yellow,233.64817881929196,10.225770022042866,receding,False
99,111,416,653,orange,250.0052856254115,10.225770022042866,receding,False
100,111,417,653,orange,250.0052856254115,10.225770022042866,receding,False
101,111,418,653,orange,250.0052856254115,10.225770022042866,receding,False
102,111,419,653,orange,250.0052856254115,10.225770022042866,receding,False
103,111,420,653,orange,250.0052856254115,10.225770022042866,receding,False
104,111,421,653,orange,250.0052856254115,10.225770022042866,receding,False
110,111,427,653,orange,250.0052856254115,10.225770022042866,receding,False
38,112,355,654,orange,250.0052856254115,10.225770022042866,receding,False
39,112,356,654,yellow,233.64817881929196,10.225770022042866,receding,False
40,112,357,654,yellow,233.64817881929196,10.225770022042866,receding,False
41,112,358,654,yellow,233.64817881929196,10.225770022042866,receding,False
43,112,360,654,orange,250.0052856254115,10.225770022042866,receding,False
44,112,361,654,yellow,233.64817881929196,10.225770022042866,receding,False
46,112,363,654,bright_green,216.8359664186503,10.225770022042866,receding,False
47,112,364,654,bright_green,216.8359664186503,10.225770022042866,receding,False
49,112,366,654,dark_green,199.9894253945065,10.225770022042866,systemic_ambiguous,False
51,112,368,654,bright_green,216.8359664186503,10.225770022042866,receding,False
52,112,369,654,bright_green,216.8359664186503,10.225770022042866,receding,False
53,112,370,654,bright_green,216.8359664186503,10.225770022042866,receding,False
55,112,372,654,bright_green,216.8359664186503,10.225770022042866,receding,False
56,112,373,654,bright_green,216.8359664186503,10.225770022042866,receding,False
58,112,375,654,bright_green,216.8359664186503,10.225770022042866,receding,False
59,112,376,654,bright_green,216.8359664186503,10.225770022042866,receding,False
60,112,377,654,bright_green,216.8359664186503,10.225770022042866,receding,False
61,112,378,654,bright_green,216.8359664186503,10.225770022042866,receding,False
62,112,379,654,bright_green,216.8359664186503,10.225770022042866,receding,False
63,112,380,654,bright_green,216.8359664186503,10.225770022042866,receding,False
64,112,381,654,bright_green,216.8359664186503,10.225770022042866,receding,False
66,112,383,654,yellow,233.64817881929196,10.225770022042866,receding,False
67,112,384,654,yellow,233.64817881929196,10.225770022042866,receding,False
68,112,385,654,yellow,233.64817881929196,10.225770022042866,receding,False
69,112,386,654,yellow,233.64817881929196,10.225770022042866,receding,False
70,112,387,654,yellow,233.64817881929196,10.225770022042866,receding,False
71,112,388,654,yellow,233.64817881929196,10.225770022042866,receding,False
72,112,389,654,yellow,233.64817881929196,10.225770022042866,receding,False
73,112,390,654,yellow,233.64817881929196,10.225770022042866,receding,False
74,112,391,654,yellow,233.64817881929196,10.225770022042866,receding,False
75,112,392,654,yellow,233.64817881929196,10.225770022042866,receding,False
76,112,393,654,yellow,233.64817881929196,10.225770022042866,receding,False
77,112,394,654,yellow,233.64817881929196,10.225770022042866,receding,False
78,112,395,654,yellow,233.64817881929196,10.225770022042866,receding,False
79,112,396,654,yellow,233.64817881929196,10.225770022042866,receding,False
80,112,397,654,yellow,233.64817881929196,10.225770022042866,receding,False
81,112,398,654,yellow,233.64817881929196,10.225770022042866,receding,False
82,112,399,654,yellow,233.64817881929196,10.225770022042866,receding,False
83,112,400,654,yellow,233.64817881929196,10.225770022042866,receding,False
84,112,401,654,yellow,233.64817881929196,10.225770022042866,receding,False
85,112,402,654,yellow,233.64817881929196,10.225770022042866,receding,False
86,112,403,654,yellow,233.64817881929196,10.225770022042866,receding,False
87,112,404,654,yellow,233.64817881929196,10.225770022042866,receding,False
88,112,405,654,yellow,233.64817881929196,10.225770022042866,receding,False
89,112,406,654,yellow,233.64817881929196,10.225770022042866,receding,False
90,112,407,654,orange,250.0052856254115,10.225770022042866,receding,False
95,112,412,654,orange,250.0052856254115,10.225770022042866,receding,False
96,112,413,654,orange,250.0052856254115,10.225770022042866,receding,False
97,112,414,654,orange,250.0052856254115,10.225770022042866,receding,False
99,112,416,654,orange,250.0052856254115,10.225770022042866,receding,False
100,112,417,654,orange,250.0052856254115,10.225770022042866,receding,False
101,112,418,654,orange,250.0052856254115,10.225770022042866,receding,False
102,112,419,654,orange,250.0052856254115,10.225770022042866,receding,False
48,113,365,655,bright_green,216.8359664186503,10.225770022042866,receding,False
51,113,368,655,bright_green,216.8359664186503,10.225770022042866,receding,False
52,113,369,655,bright_green,216.8359664186503,10.225770022042866,receding,False
53,113,370,655,bright_green,216.8359664186503,10.225770022042866,receding,False
54,113,371,655,bright_green,216.8359664186503,10.225770022042866,receding,False
55,113,372,655,bright_green,216.8359664186503,10.225770022042866,receding,False
56,113,373,655,bright_green,216.8359664186503,10.225770022042866,receding,False
57,113,374,655,bright_green,216.8359664186503,10.225770022042866,receding,False
58,113,375,655,bright_green,216.8359664186503,10.225770022042866,receding,False
59,113,376,655,bright_green,216.8359664186503,10.225770022042866,receding,False
60,113,377,655,bright_green,216.8359664186503,10.225770022042866,receding,False
61,113,378,655,bright_green,216.8359664186503,10.225770022042866,receding,False
63,113,380,655,bright_green,216.8359664186503,10.225770022042866,receding,False
64,113,381,655,bright_green,216.8359664186503,10.225770022042866,receding,False
66,113,383,655,yellow,233.64817881929196,10.225770022042866,receding,False
67,113,384,655,yellow,233.64817881929196,10.225770022042866,receding,False
72,113,389,655,yellow,233.64817881929196,10.225770022042866,receding,False
73,113,390,655,yellow,233.64817881929196,10.225770022042866,receding,False
74,113,391,655,yellow,233.64817881929196,10.225770022042866,receding,False
75,113,392,655,yellow,233.64817881929196,10.225770022042866,receding,False
86,113,403,655,yellow,233.64817881929196,10.225770022042866,receding,False
87,113,404,655,yellow,233.64817881929196,10.225770022042866,receding,False
88,113,405,655,yellow,233.64817881929196,10.225770022042866,receding,False
89,113,406,655,yellow,233.64817881929196,10.225770022042866,receding,False
99,113,416,655,orange,250.0052856254115,10.225770022042866,receding,False
48,114,365,656,bright_green,216.8359664186503,10.225770022042866,receding,False
49,114,366,656,bright_green,216.8359664186503,10.225770022042866,receding,False
50,114,367,656,bright_green,216.8359664186503,10.225770022042866,receding,False
51,114,368,656,bright_green,216.8359664186503,10.225770022042866,receding,False
52,114,369,656,bright_green,216.8359664186503,10.225770022042866,receding,False
53,114,370,656,bright_green,216.8359664186503,10.225770022042866,receding,False
54,114,371,656,bright_green,216.8359664186503,10.225770022042866,receding,False
55,114,372,656,bright_green,216.8359664186503,10.225770022042866,receding,False
56,114,373,656,bright_green,216.8359664186503,10.225770022042866,receding,False
57,114,374,656,bright_green,216.8359664186503,10.225770022042866,receding,False
58,114,375,656,bright_green,216.8359664186503,10.225770022042866,receding,False
60,114,377,656,bright_green,216.8359664186503,10.225770022042866,receding,False
61,114,378,656,bright_green,216.8359664186503,10.225770022042866,receding,False
62,114,379,656,bright_green,216.8359664186503,10.225770022042866,receding,False
63,114,380,656,bright_green,216.8359664186503,10.225770022042866,receding,False
64,114,381,656,bright_green,216.8359664186503,10.225770022042866,receding,False
66,114,383,656,yellow,233.64817881929196,10.225770022042866,receding,False
67,114,384,656,yellow,233.64817881929196,10.225770022042866,receding,False
69,114,386,656,bright_green,216.8359664186503,10.225770022042866,receding,False
70,114,387,656,bright_green,216.8359664186503,10.225770022042866,receding,False
72,114,389,656,yellow,233.64817881929196,10.225770022042866,receding,False
73,114,390,656,yellow,233.64817881929196,10.225770022042866,receding,False
74,114,391,656,yellow,233.64817881929196,10.225770022042866,receding,False
75,114,392,656,yellow,233.64817881929196,10.225770022042866,receding,False
81,114,398,656,bright_green,216.8359664186503,10.225770022042866,receding,False
82,114,399,656,bright_green,216.8359664186503,10.225770022042866,receding,False
83,114,400,656,bright_green,216.8359664186503,10.225770022042866,receding,False
84,114,401,656,bright_green,216.8359664186503,10.225770022042866,receding,False
86,114,403,656,yellow,233.64817881929196,10.225770022042866,receding,False
87,114,404,656,yellow,233.64817881929196,10.225770022042866,receding,False
88,114,405,656,yellow,233.64817881929196,10.225770022042866,receding,False
89,114,406,656,yellow,233.64817881929196,10.225770022042866,receding,False
90,114,407,656,orange,250.0052856254115,10.225770022042866,receding,False
99,114,416,656,orange,250.0052856254115,10.225770022042866,receding,False
100,114,417,656,yellow,233.64817881929196,10.225770022042866,receding,False
49,115,366,657,yellow,233.64817881929196,10.225770022042866,receding,False
51,115,368,657,dark_green,199.9894253945065,10.225770022042866,systemic_ambiguous,False
52,115,369,657,dark_green,199.9894253945065,10.225770022042866,systemic_ambiguous,False
53,115,370,657,dark_green,199.9894253945065,10.225770022042866,systemic_ambiguous,False
54,115,371,657,bright_green,216.8359664186503,10.225770022042866,receding,False
55,115,372,657,bright_green,216.8359664186503,10.225770022042866,receding,False
57,115,374,657,bright_green,216.8359664186503,10.225770022042866,receding,False
58,115,375,657,bright_green,216.8359664186503,10.225770022042866,receding,False
59,115,376,657,bright_green,216.8359664186503,10.225770022042866,receding,False
60,115,377,657,bright_green,216.8359664186503,10.225770022042866,receding,False
61,115,378,657,bright_green,216.8359664186503,10.225770022042866,receding,False
62,115,379,657,bright_green,216.8359664186503,10.225770022042866,receding,False
63,115,380,657,bright_green,216.8359664186503,10.225770022042866,receding,False
64,115,381,657,bright_green,216.8359664186503,10.225770022042866,receding,False
66,115,383,657,yellow,233.64817881929196,10.225770022042866,receding,False
67,115,384,657,bright_green,216.8359664186503,10.225770022042866,receding,False
68,115,385,657,bright_green,216.8359664186503,10.225770022042866,receding,False
69,115,386,657,bright_green,216.8359664186503,10.225770022042866,receding,False
70,115,387,657,bright_green,216.8359664186503,10.225770022042866,receding,False
72,115,389,657,yellow,233.64817881929196,10.225770022042866,receding,False
73,115,390,657,yellow,233.64817881929196,10.225770022042866,receding,False
74,115,391,657,yellow,233.64817881929196,10.225770022042866,receding,False
81,115,398,657,bright_green,216.8359664186503,10.225770022042866,receding,False
82,115,399,657,bright_green,216.8359664186503,10.225770022042866,receding,False
83,115,400,657,bright_green,216.8359664186503,10.225770022042866,receding,False
84,115,401,657,bright_green,216.8359664186503,10.225770022042866,receding,False
85,115,402,657,bright_green,216.8359664186503,10.225770022042866,receding,False
87,115,404,657,yellow,233.64817881929196,10.225770022042866,receding,False
88,115,405,657,yellow,233.64817881929196,10.225770022042866,receding,False
89,115,406,657,yellow,233.64817881929196,10.225770022042866,receding,False
90,115,407,657,orange,250.0052856254115,10.225770022042866,receding,False
91,115,408,657,orange,250.0052856254115,10.225770022042866,receding,False
92,115,409,657,orange,250.0052856254115,10.225770022042866,receding,False
100,115,417,657,orange,250.0052856254115,10.225770022042866,receding,False
101,115,418,657,orange,250.0052856254115,10.225770022042866,receding,False
102,115,419,657,orange,250.0052856254115,10.225770022042866,receding,False
49,116,366,658,yellow,233.64817881929196,10.225770022042866,receding,False
51,116,368,658,dark_green,199.9894253945065,10.225770022042866,systemic_ambiguous,False
52,116,369,658,dark_green,199.9894253945065,10.225770022042866,systemic_ambiguous,False
53,116,370,658,dark_green,199.9894253945065,10.225770022042866,systemic_ambiguous,False
55,116,372,658,bright_green,216.8359664186503,10.225770022042866,receding,False
56,116,373,658,bright_green,216.8359664186503,10.225770022042866,receding,False
57,116,374,658,bright_green,216.8359664186503,10.225770022042866,receding,False
58,116,375,658,bright_green,216.8359664186503,10.225770022042866,receding,False
59,116,376,658,bright_green,216.8359664186503,10.225770022042866,receding,False
60,116,377,658,bright_green,216.8359664186503,10.225770022042866,receding,False
61,116,378,658,bright_green,216.8359664186503,10.225770022042866,receding,False
62,116,379,658,bright_green,216.8359664186503,10.225770022042866,receding,False
63,116,380,658,bright_green,216.8359664186503,10.225770022042866,receding,False
64,116,381,658,bright_green,216.8359664186503,10.225770022042866,receding,False
66,116,383,658,yellow,233.64817881929196,10.225770022042866,receding,False
67,116,384,658,bright_green,216.8359664186503,10.225770022042866,receding,False
68,116,385,658,bright_green,216.8359664186503,10.225770022042866,receding,False
69,116,386,658,bright_green,216.8359664186503,10.225770022042866,receding,False
70,116,387,658,bright_green,216.8359664186503,10.225770022042866,receding,False
72,116,389,658,yellow,233.64817881929196,10.225770022042866,receding,False
73,116,390,658,yellow,233.64817881929196,10.225770022042866,receding,False
74,116,391,658,yellow,233.64817881929196,10.225770022042866,receding,False
81,116,398,658,bright_green,216.8359664186503,10.225770022042866,receding,False
82,116,399,658,bright_green,216.8359664186503,10.225770022042866,receding,False
83,116,400,658,bright_green,216.8359664186503,10.225770022042866,receding,False
84,116,401,658,bright_green,216.8359664186503,10.225770022042866,receding,False
85,116,402,658,bright_green,216.8359664186503,10.225770022042866,receding,False
87,116,404,658,yellow,233.64817881929196,10.225770022042866,receding,False
88,116,405,658,yellow,233.64817881929196,10.225770022042866,receding,False
89,116,406,658,yellow,233.64817881929196,10.225770022042866,receding,False
90,116,407,658,orange,250.0052856254115,10.225770022042866,receding,False
91,116,408,658,orange,250.0052856254115,10.225770022042866,receding,False
92,116,409,658,orange,250.0052856254115,10.225770022042866,receding,False
100,116,417,658,orange,250.0052856254115,10.225770022042866,receding,False
101,116,418,658,orange,250.0052856254115,10.225770022042866,receding,False
102,116,419,658,orange,250.0052856254115,10.225770022042866,receding,False
49,117,366,659,yellow,233.64817881929196,10.225770022042866,receding,False
51,117,368,659,dark_green,199.9894253945065,10.225770022042866,systemic_ambiguous,False
52,117,369,659,dark_green,199.9894253945065,10.225770022042866,systemic_ambiguous,False
53,117,370,659,dark_green,199.9894253945065,10.225770022042866,systemic_ambiguous,False
54,117,371,659,dark_green,199.9894253945065,10.225770022042866,systemic_ambiguous,False
56,117,373,659,bright_green,216.8359664186503,10.225770022042866,receding,False
57,117,374,659,bright_green,216.8359664186503,10.225770022042866,receding,False
58,117,375,659,bright_green,216.8359664186503,10.225770022042866,receding,False
60,117,377,659,bright_green,216.8359664186503,10.225770022042866,receding,False
61,117,378,659,bright_green,216.8359664186503,10.225770022042866,receding,False
63,117,380,659,bright_green,216.8359664186503,10.225770022042866,receding,False
64,117,381,659,bright_green,216.8359664186503,10.225770022042866,receding,False
65,117,382,659,bright_green,216.8359664186503,10.225770022042866,receding,False
66,117,383,659,bright_green,216.8359664186503,10.225770022042866,receding,False
67,117,384,659,bright_green,216.8359664186503,10.225770022042866,receding,False
68,117,385,659,bright_green,216.8359664186503,10.225770022042866,receding,False
69,117,386,659,bright_green,216.8359664186503,10.225770022042866,receding,False
70,117,387,659,bright_green,216.8359664186503,10.225770022042866,receding,False
71,117,388,659,bright_green,216.8359664186503,10.225770022042866,receding,False
72,117,389,659,bright_green,216.8359664186503,10.225770022042866,receding,False
73,117,390,659,bright_green,216.8359664186503,10.225770022042866,receding,False
74,117,391,659,bright_green,216.8359664186503,10.225770022042866,receding,False
75,117,392,659,bright_green,216.8359664186503,10.225770022042866,receding,False
76,117,393,659,bright_green,216.8359664186503,10.225770022042866,receding,False
77,117,394,659,bright_green,216.8359664186503,10.225770022042866,receding,False
78,117,395,659,bright_green,216.8359664186503,10.225770022042866,receding,False
79,117,396,659,bright_green,216.8359664186503,10.225770022042866,receding,False
80,117,397,659,bright_green,216.8359664186503,10.225770022042866,receding,False
81,117,398,659,bright_green,216.8359664186503,10.225770022042866,receding,False
82,117,399,659,bright_green,216.8359664186503,10.225770022042866,receding,False
83,117,400,659,bright_green,216.8359664186503,10.225770022042866,receding,False
84,117,401,659,bright_green,216.8359664186503,10.225770022042866,receding,False
89,117,406,659,yellow,233.64817881929196,10.225770022042866,receding,False
90,117,407,659,orange,250.0052856254115,10.225770022042866,receding,False
91,117,408,659,orange,250.0052856254115,10.225770022042866,receding,False
92,117,409,659,orange,250.0052856254115,10.225770022042866,receding,False
93,117,410,659,orange,250.0052856254115,10.225770022042866,receding,False
94,117,411,659,orange,250.0052856254115,10.225770022042866,receding,False
100,117,417,659,orange,250.0052856254115,10.225770022042866,receding,False
101,117,418,659,orange,250.0052856254115,10.225770022042866,receding,False
102,117,419,659,orange,250.0052856254115,10.225770022042866,receding,False
54,118,371,660,dark_green,199.9894253945065,10.225770022042866,systemic_ambiguous,False
57,118,374,660,bright_green,216.8359664186503,10.225770022042866,receding,False
58,118,375,660,bright_green,216.8359664186503,10.225770022042866,receding,False
59,118,376,660,bright_green,216.8359664186503,10.225770022042866,receding,False
60,118,377,660,bright_green,216.8359664186503,10.225770022042866,receding,False
61,118,378,660,bright_green,216.8359664186503,10.225770022042866,receding,False
62,118,379,660,bright_green,216.8359664186503,10.225770022042866,receding,False
63,118,380,660,bright_green,216.8359664186503,10.225770022042866,receding,False
64,118,381,660,bright_green,216.8359664186503,10.225770022042866,receding,False
65,118,382,660,bright_green,216.8359664186503,10.225770022042866,receding,False
66,118,383,660,bright_green,216.8359664186503,10.225770022042866,receding,False
67,118,384,660,bright_green,216.8359664186503,10.225770022042866,receding,False
68,118,385,660,bright_green,216.8359664186503,10.225770022042866,receding,False
69,118,386,660,bright_green,216.8359664186503,10.225770022042866,receding,False
70,118,387,660,bright_green,216.8359664186503,10.225770022042866,receding,False
71,118,388,660,bright_green,216.8359664186503,10.225770022042866,receding,False
72,118,389,660,bright_green,216.8359664186503,10.225770022042866,receding,False
73,118,390,660,bright_green,216.8359664186503,10.225770022042866,receding,False
74,118,391,660,bright_green,216.8359664186503,10.225770022042866,receding,False
75,118,392,660,bright_green,216.8359664186503,10.225770022042866,receding,False
76,118,393,660,bright_green,216.8359664186503,10.225770022042866,receding,False
77,118,394,660,bright_green,216.8359664186503,10.225770022042866,receding,False
78,118,395,660,bright_green,216.8359664186503,10.225770022042866,receding,False
79,118,396,660,bright_green,216.8359664186503,10.225770022042866,receding,False
90,118,407,660,orange,250.0052856254115,10.225770022042866,receding,False
91,118,408,660,orange,250.0052856254115,10.225770022042866,receding,False
92,118,409,660,orange,250.0052856254115,10.225770022042866,receding,False
93,118,410,660,orange,250.0052856254115,10.225770022042866,receding,False
94,118,411,660,orange,250.0052856254115,10.225770022042866,receding,False
100,118,417,660,orange,250.0052856254115,10.225770022042866,receding,False
101,118,418,660,orange,250.0052856254115,10.225770022042866,receding,False
102,118,419,660,orange,250.0052856254115,10.225770022042866,receding,False
49,119,366,661,bright_green,216.8359664186503,10.225770022042866,receding,False
50,119,367,661,bright_green,216.8359664186503,10.225770022042866,receding,False
51,119,368,661,bright_green,216.8359664186503,10.225770022042866,receding,False
52,119,369,661,bright_green,216.8359664186503,10.225770022042866,receding,False
53,119,370,661,bright_green,216.8359664186503,10.225770022042866,receding,False
54,119,371,661,dark_green,199.9894253945065,10.225770022042866,systemic_ambiguous,False
55,119,372,661,dark_green,199.9894253945065,10.225770022042866,systemic_ambiguous,False
56,119,373,661,dark_green,199.9894253945065,10.225770022042866,systemic_ambiguous,False
57,119,374,661,bright_green,216.8359664186503,10.225770022042866,receding,False
58,119,375,661,bright_green,216.8359664186503,10.225770022042866,receding,False
59,119,376,661,bright_green,216.8359664186503,10.225770022042866,receding,False
60,119,377,661,bright_green,216.8359664186503,10.225770022042866,receding,False
61,119,378,661,bright_green,216.8359664186503,10.225770022042866,receding,False
62,119,379,661,bright_green,216.8359664186503,10.225770022042866,receding,False
63,119,380,661,bright_green,216.8359664186503,10.225770022042866,receding,False
64,119,381,661,bright_green,216.8359664186503,10.225770022042866,receding,False
66,119,383,661,bright_green,216.8359664186503,10.225770022042866,receding,False
67,119,384,661,bright_green,216.8359664186503,10.225770022042866,receding,False
68,119,385,661,bright_green,216.8359664186503,10.225770022042866,receding,False
69,119,386,661,bright_green,216.8359664186503,10.225770022042866,receding,False
70,119,387,661,bright_green,216.8359664186503,10.225770022042866,receding,False
71,119,388,661,bright_green,216.8359664186503,10.225770022042866,receding,False
72,119,389,661,bright_green,216.8359664186503,10.225770022042866,receding,False
73,119,390,661,bright_green,216.8359664186503,10.225770022042866,receding,False
74,119,391,661,bright_green,216.8359664186503,10.225770022042866,receding,False
75,119,392,661,bright_green,216.8359664186503,10.225770022042866,receding,False
76,119,393,661,bright_green,216.8359664186503,10.225770022042866,receding,False
77,119,394,661,bright_green,216.8359664186503,10.225770022042866,receding,False
78,119,395,661,bright_green,216.8359664186503,10.225770022042866,receding,False
79,119,396,661,bright_green,216.8359664186503,10.225770022042866,receding,False
81,119,398,661,yellow,233.64817881929196,10.225770022042866,receding,False
82,119,399,661,yellow,233.64817881929196,10.225770022042866,receding,False
83,119,400,661,yellow,233.64817881929196,10.225770022042866,receding,False
84,119,401,661,yellow,233.64817881929196,10.225770022042866,receding,False
89,119,406,661,orange,250.0052856254115,10.225770022042866,receding,False
90,119,407,661,orange,250.0052856254115,10.225770022042866,receding,False
92,119,409,661,orange,250.0052856254115,10.225770022042866,receding,False
93,119,410,661,orange,250.0052856254115,10.225770022042866,receding,False
94,119,411,661,orange,250.0052856254115,10.225770022042866,receding,False
100,119,417,661,orange,250.0052856254115,10.225770022042866,receding,False
101,119,418,661,orange,250.0052856254115,10.225770022042866,receding,False
102,119,419,661,orange,250.0052856254115,10.225770022042866,receding,False
50,120,367,662,dark_green,199.9894253945065,10.225770022042866,systemic_ambiguous,False
51,120,368,662,bright_green,216.8359664186503,10.225770022042866,receding,False
53,120,370,662,dark_green,199.9894253945065,10.225770022042866,systemic_ambiguous,False
59,120,376,662,yellow,233.64817881929196,10.225770022042866,receding,False
60,120,377,662,yellow,233.64817881929196,10.225770022042866,receding,False
61,120,378,662,yellow,233.64817881929196,10.225770022042866,receding,False
66,120,383,662,dark_green,199.9894253945065,10.225770022042866,systemic_ambiguous,False
67,120,384,662,dark_green,199.9894253945065,10.225770022042866,systemic_ambiguous,False
69,120,386,662,bright_green,216.8359664186503,10.225770022042866,receding,False
72,120,389,662,yellow,233.64817881929196,10.225770022042866,receding,False
77,120,394,662,yellow,233.64817881929196,10.225770022042866,receding,False
79,120,396,662,bright_green,216.8359664186503,10.225770022042866,receding,False
80,120,397,662,bright_green,216.8359664186503,10.225770022042866,receding,False
82,120,399,662,yellow,233.64817881929196,10.225770022042866,receding,False
83,120,400,662,yellow,233.64817881929196,10.225770022042866,receding,False
84,120,401,662,yellow,233.64817881929196,10.225770022042866,receding,False
87,120,404,662,yellow,233.64817881929196,10.225770022042866,receding,False
89,120,406,662,orange,250.0052856254115,10.225770022042866,receding,False
90,120,407,662,orange,250.0052856254115,10.225770022042866,receding,False
91,120,408,662,orange,250.0052856254115,10.225770022042866,receding,False
92,120,409,662,orange,250.0052856254115,10.225770022042866,receding,False
93,120,410,662,orange,250.0052856254115,10.225770022042866,receding,False
94,120,411,662,orange,250.0052856254115,10.225770022042866,receding,False
100,120,417,662,yellow,233.64817881929196,10.225770022042866,receding,False
101,120,418,662,yellow,233.64817881929196,10.225770022042866,receding,False
102,120,419,662,yellow,233.64817881929196,10.225770022042866,receding,False
50,121,367,663,dark_green,199.9894253945065,10.225770022042866,systemic_ambiguous,False
51,121,368,663,bright_green,216.8359664186503,10.225770022042866,receding,False
53,121,370,663,dark_green,199.9894253945065,10.225770022042866,systemic_ambiguous,False
59,121,376,663,yellow,233.64817881929196,10.225770022042866,receding,False
60,121,377,663,yellow,233.64817881929196,10.225770022042866,receding,False
61,121,378,663,yellow,233.64817881929196,10.225770022042866,receding,False
66,121,383,663,dark_green,199.9894253945065,10.225770022042866,systemic_ambiguous,False
67,121,384,663,dark_green,199.9894253945065,10.225770022042866,systemic_ambiguous,False
69,121,386,663,bright_green,216.8359664186503,10.225770022042866,receding,False
70,121,387,663,bright_green,216.8359664186503,10.225770022042866,receding,False
72,121,389,663,yellow,233.64817881929196,10.225770022042866,receding,False
77,121,394,663,yellow,233.64817881929196,10.225770022042866,receding,False
79,121,396,663,bright_green,216.8359664186503,10.225770022042866,receding,False
80,121,397,663,bright_green,216.8359664186503,10.225770022042866,receding,False
82,121,399,663,yellow,233.64817881929196,10.225770022042866,receding,False
83,121,400,663,yellow,233.64817881929196,10.225770022042866,receding,False
84,121,401,663,yellow,233.64817881929196,10.225770022042866,receding,False
87,121,404,663,yellow,233.64817881929196,10.225770022042866,receding,False
89,121,406,663,orange,250.0052856254115,10.225770022042866,receding,False
90,121,407,663,orange,250.0052856254115,10.225770022042866,receding,False
91,121,408,663,orange,250.0052856254115,10.225770022042866,receding,False
92,121,409,663,orange,250.0052856254115,10.225770022042866,receding,False
93,121,410,663,orange,250.0052856254115,10.225770022042866,receding,False
94,121,411,663,orange,250.0052856254115,10.225770022042866,receding,False
100,121,417,663,yellow,233.64817881929196,10.225770022042866,receding,False
101,121,418,663,yellow,233.64817881929196,10.225770022042866,receding,False
102,121,419,663,yellow,233.64817881929196,10.225770022042866,receding,False
49,122,366,664,yellow,233.64817881929196,10.225770022042866,receding,False
51,122,368,664,bright_green,216.8359664186503,10.225770022042866,receding,False
52,122,369,664,bright_green,216.8359664186503,10.225770022042866,receding,False
53,122,370,664,bright_green,216.8359664186503,10.225770022042866,receding,False
61,122,378,664,yellow,233.64817881929196,10.225770022042866,receding,False
62,122,379,664,yellow,233.64817881929196,10.225770022042866,receding,False
63,122,380,664,yellow,233.64817881929196,10.225770022042866,receding,False
64,122,381,664,yellow,233.64817881929196,10.225770022042866,receding,False
66,122,383,664,bright_green,216.8359664186503,10.225770022042866,receding,False
67,122,384,664,bright_green,216.8359664186503,10.225770022042866,receding,False
68,122,385,664,bright_green,216.8359664186503,10.225770022042866,receding,False
69,122,386,664,bright_green,216.8359664186503,10.225770022042866,receding,False
71,122,388,664,yellow,233.64817881929196,10.225770022042866,receding,False
72,122,389,664,yellow,233.64817881929196,10.225770022042866,receding,False
76,122,393,664,yellow,233.64817881929196,10.225770022042866,receding,False
77,122,394,664,yellow,233.64817881929196,10.225770022042866,receding,False
78,122,395,664,yellow,233.64817881929196,10.225770022042866,receding,False
79,122,396,664,yellow,233.64817881929196,10.225770022042866,receding,False
80,122,397,664,yellow,233.64817881929196,10.225770022042866,receding,False
81,122,398,664,yellow,233.64817881929196,10.225770022042866,receding,False
82,122,399,664,yellow,233.64817881929196,10.225770022042866,receding,False
83,122,400,664,yellow,233.64817881929196,10.225770022042866,receding,False
84,122,401,664,yellow,233.64817881929196,10.225770022042866,receding,False
85,122,402,664,yellow,233.64817881929196,10.225770022042866,receding,False
86,122,403,664,yellow,233.64817881929196,10.225770022042866,receding,False
87,122,404,664,yellow,233.64817881929196,10.225770022042866,receding,False
88,122,405,664,yellow,233.64817881929196,10.225770022042866,receding,False
89,122,406,664,yellow,233.64817881929196,10.225770022042866,receding,False
90,122,407,664,orange,250.0052856254115,10.225770022042866,receding,False
91,122,408,664,orange,250.0052856254115,10.225770022042866,receding,False
92,122,409,664,orange,250.0052856254115,10.225770022042866,receding,False
93,122,410,664,orange,250.0052856254115,10.225770022042866,receding,False
94,122,411,664,orange,250.0052856254115,10.225770022042866,receding,False
62,123,379,665,yellow,233.64817881929196,10.225770022042866,receding,False
63,123,380,665,yellow,233.64817881929196,10.225770022042866,receding,False
64,123,381,665,yellow,233.64817881929196,10.225770022042866,receding,False
66,123,383,665,bright_green,216.8359664186503,10.225770022042866,receding,False
67,123,384,665,bright_green,216.8359664186503,10.225770022042866,receding,False
68,123,385,665,bright_green,216.8359664186503,10.225770022042866,receding,False
69,123,386,665,bright_green,216.8359664186503,10.225770022042866,receding,False
71,123,388,665,yellow,233.64817881929196,10.225770022042866,receding,False
72,123,389,665,yellow,233.64817881929196,10.225770022042866,receding,False
76,123,393,665,yellow,233.64817881929196,10.225770022042866,receding,False
77,123,394,665,yellow,233.64817881929196,10.225770022042866,receding,False
78,123,395,665,yellow,233.64817881929196,10.225770022042866,receding,False
79,123,396,665,yellow,233.64817881929196,10.225770022042866,receding,False
80,123,397,665,yellow,233.64817881929196,10.225770022042866,receding,False
81,123,398,665,yellow,233.64817881929196,10.225770022042866,receding,False
82,123,399,665,yellow,233.64817881929196,10.225770022042866,receding,False
83,123,400,665,yellow,233.64817881929196,10.225770022042866,receding,False
84,123,401,665,yellow,233.64817881929196,10.225770022042866,receding,False
85,123,402,665,yellow,233.64817881929196,10.225770022042866,receding,False
86,123,403,665,yellow,233.64817881929196,10.225770022042866,receding,False
87,123,404,665,yellow,233.64817881929196,10.225770022042866,receding,False
88,123,405,665,yellow,233.64817881929196,10.225770022042866,receding,False
89,123,406,665,yellow,233.64817881929196,10.225770022042866,receding,False
90,123,407,665,orange,250.0052856254115,10.225770022042866,receding,False
91,123,408,665,orange,250.0052856254115,10.225770022042866,receding,False
93,123,410,665,orange,250.0052856254115,10.225770022042866,receding,False
94,123,411,665,orange,250.0052856254115,10.225770022042866,receding,False
59,124,376,666,bright_green,216.8359664186503,10.225770022042866,receding,False
60,124,377,666,bright_green,216.8359664186503,10.225770022042866,receding,False
61,124,378,666,bright_green,216.8359664186503,10.225770022042866,receding,False
62,124,379,666,yellow,233.64817881929196,10.225770022042866,receding,False
63,124,380,666,yellow,233.64817881929196,10.225770022042866,receding,False
64,124,381,666,yellow,233.64817881929196,10.225770022042866,receding,False
66,124,383,666,bright_green,216.8359664186503,10.225770022042866,receding,False
67,124,384,666,bright_green,216.8359664186503,10.225770022042866,receding,False
68,124,385,666,bright_green,216.8359664186503,10.225770022042866,receding,False
69,124,386,666,bright_green,216.8359664186503,10.225770022042866,receding,False
71,124,388,666,yellow,233.64817881929196,10.225770022042866,receding,False
72,124,389,666,yellow,233.64817881929196,10.225770022042866,receding,False
73,124,390,666,yellow,233.64817881929196,10.225770022042866,receding,False
74,124,391,666,yellow,233.64817881929196,10.225770022042866,receding,False
75,124,392,666,yellow,233.64817881929196,10.225770022042866,receding,False
76,124,393,666,yellow,233.64817881929196,10.225770022042866,receding,False
77,124,394,666,yellow,233.64817881929196,10.225770022042866,receding,False
78,124,395,666,yellow,233.64817881929196,10.225770022042866,receding,False
79,124,396,666,yellow,233.64817881929196,10.225770022042866,receding,False
80,124,397,666,yellow,233.64817881929196,10.225770022042866,receding,False
81,124,398,666,yellow,233.64817881929196,10.225770022042866,receding,False
82,124,399,666,yellow,233.64817881929196,10.225770022042866,receding,False
83,124,400,666,yellow,233.64817881929196,10.225770022042866,receding,False
84,124,401,666,yellow,233.64817881929196,10.225770022042866,receding,False
85,124,402,666,yellow,233.64817881929196,10.225770022042866,receding,False
86,124,403,666,yellow,233.64817881929196,10.225770022042866,receding,False
87,124,404,666,yellow,233.64817881929196,10.225770022042866,receding,False
88,124,405,666,yellow,233.64817881929196,10.225770022042866,receding,False
89,124,406,666,yellow,233.64817881929196,10.225770022042866,receding,False
90,124,407,666,orange,250.0052856254115,10.225770022042866,receding,False
91,124,408,666,orange,250.0052856254115,10.225770022042866,receding,False
92,124,409,666,orange,250.0052856254115,10.225770022042866,receding,False
93,124,410,666,orange,250.0052856254115,10.225770022042866,receding,False
94,124,411,666,orange,250.0052856254115,10.225770022042866,receding,False
95,124,412,666,orange,250.0052856254115,10.225770022042866,receding,False
59,125,376,667,bright_green,216.8359664186503,10.225770022042866,receding,False
60,125,377,667,bright_green,216.8359664186503,10.225770022042866,receding,False
61,125,378,667,bright_green,216.8359664186503,10.225770022042866,receding,False
62,125,379,667,bright_green,216.8359664186503,10.225770022042866,receding,False
63,125,380,667,bright_green,216.8359664186503,10.225770022042866,receding,False
64,125,381,667,bright_green,216.8359664186503,10.225770022042866,receding,False
65,125,382,667,bright_green,216.8359664186503,10.225770022042866,receding,False
66,125,383,667,bright_green,216.8359664186503,10.225770022042866,receding,False
67,125,384,667,bright_green,216.8359664186503,10.225770022042866,receding,False
68,125,385,667,bright_green,216.8359664186503,10.225770022042866,receding,False
69,125,386,667,bright_green,216.8359664186503,10.225770022042866,receding,False
70,125,387,667,bright_green,216.8359664186503,10.225770022042866,receding,False
71,125,388,667,bright_green,216.8359664186503,10.225770022042866,receding,False
72,125,389,667,bright_green,216.8359664186503,10.225770022042866,receding,False
74,125,391,667,yellow,233.64817881929196,10.225770022042866,receding,False
75,125,392,667,yellow,233.64817881929196,10.225770022042866,receding,False
76,125,393,667,yellow,233.64817881929196,10.225770022042866,receding,False
77,125,394,667,yellow,233.64817881929196,10.225770022042866,receding,False
78,125,395,667,yellow,233.64817881929196,10.225770022042866,receding,False
79,125,396,667,yellow,233.64817881929196,10.225770022042866,receding,False
80,125,397,667,yellow,233.64817881929196,10.225770022042866,receding,False
81,125,398,667,yellow,233.64817881929196,10.225770022042866,receding,False
82,125,399,667,yellow,233.64817881929196,10.225770022042866,receding,False
83,125,400,667,yellow,233.64817881929196,10.225770022042866,receding,False
84,125,401,667,yellow,233.64817881929196,10.225770022042866,receding,False
85,125,402,667,yellow,233.64817881929196,10.225770022042866,receding,False
86,125,403,667,yellow,233.64817881929196,10.225770022042866,receding,False
87,125,404,667,yellow,233.64817881929196,10.225770022042866,receding,False
88,125,405,667,yellow,233.64817881929196,10.225770022042866,receding,False
89,125,406,667,yellow,233.64817881929196,10.225770022042866,receding,False
90,125,407,667,yellow,233.64817881929196,10.225770022042866,receding,False
92,125,409,667,orange,250.0052856254115,10.225770022042866,receding,False
93,125,410,667,orange,250.0052856254115,10.225770022042866,receding,False
94,125,411,667,orange,250.0052856254115,10.225770022042866,receding,False
95,125,412,667,orange,250.0052856254115,10.225770022042866,receding,False
97,125,414,667,yellow,233.64817881929196,10.225770022042866,receding,False
98,125,415,667,yellow,233.64817881929196,10.225770022042866,receding,False
99,125,416,667,yellow,233.64817881929196,10.225770022042866,receding,False
100,125,417,667,yellow,233.64817881929196,10.225770022042866,receding,False
59,126,376,668,dark_green,199.9894253945065,10.225770022042866,systemic_ambiguous,False
60,126,377,668,dark_green,199.9894253945065,10.225770022042866,systemic_ambiguous,False
61,126,378,668,dark_green,199.9894253945065,10.225770022042866,systemic_ambiguous,False
62,126,379,668,dark_green,199.9894253945065,10.225770022042866,systemic_ambiguous,False
63,126,380,668,dark_green,199.9894253945065,10.225770022042866,systemic_ambiguous,False
64,126,381,668,dark_green,199.9894253945065,10.225770022042866,systemic_ambiguous,False
65,126,382,668,dark_green,199.9894253945065,10.225770022042866,systemic_ambiguous,False
66,126,383,668,dark_green,199.9894253945065,10.225770022042866,systemic_ambiguous,False
68,126,385,668,bright_green,216.8359664186503,10.225770022042866,receding,False
69,126,386,668,bright_green,216.8359664186503,10.225770022042866,receding,False
70,126,387,668,bright_green,216.8359664186503,10.225770022042866,receding,False
71,126,388,668,bright_green,216.8359664186503,10.225770022042866,receding,False
72,126,389,668,bright_green,216.8359664186503,10.225770022042866,receding,False
74,126,391,668,yellow,233.64817881929196,10.225770022042866,receding,False
75,126,392,668,yellow,233.64817881929196,10.225770022042866,receding,False
76,126,393,668,yellow,233.64817881929196,10.225770022042866,receding,False
77,126,394,668,yellow,233.64817881929196,10.225770022042866,receding,False
78,126,395,668,yellow,233.64817881929196,10.225770022042866,receding,False
79,126,396,668,yellow,233.64817881929196,10.225770022042866,receding,False
80,126,397,668,yellow,233.64817881929196,10.225770022042866,receding,False
81,126,398,668,yellow,233.64817881929196,10.225770022042866,receding,False
82,126,399,668,yellow,233.64817881929196,10.225770022042866,receding,False
83,126,400,668,yellow,233.64817881929196,10.225770022042866,receding,False
84,126,401,668,yellow,233.64817881929196,10.225770022042866,receding,False
85,126,402,668,yellow,233.64817881929196,10.225770022042866,receding,False
86,126,403,668,yellow,233.64817881929196,10.225770022042866,receding,False
87,126,404,668,yellow,233.64817881929196,10.225770022042866,receding,False
88,126,405,668,yellow,233.64817881929196,10.225770022042866,receding,False
89,126,406,668,yellow,233.64817881929196,10.225770022042866,receding,False
90,126,407,668,yellow,233.64817881929196,10.225770022042866,receding,False
91,126,408,668,yellow,233.64817881929196,10.225770022042866,receding,False
94,126,411,668,orange,250.0052856254115,10.225770022042866,receding,False
95,126,412,668,orange,250.0052856254115,10.225770022042866,receding,False
97,126,414,668,yellow,233.64817881929196,10.225770022042866,receding,False
98,126,415,668,yellow,233.64817881929196,10.225770022042866,receding,False
99,126,416,668,yellow,233.64817881929196,10.225770022042866,receding,False
100,126,417,668,yellow,233.64817881929196,10.225770022042866,receding,False
67,127,384,669,bright_green,216.8359664186503,10.225770022042866,receding,False
68,127,385,669,bright_green,216.8359664186503,10.225770022042866,receding,False
69,127,386,669,bright_green,216.8359664186503,10.225770022042866,receding,False
70,127,387,669,bright_green,216.8359664186503,10.225770022042866,receding,False
71,127,388,669,bright_green,216.8359664186503,10.225770022042866,receding,False
72,127,389,669,bright_green,216.8359664186503,10.225770022042866,receding,False
74,127,391,669,yellow,233.64817881929196,10.225770022042866,receding,False
75,127,392,669,yellow,233.64817881929196,10.225770022042866,receding,False
76,127,393,669,yellow,233.64817881929196,10.225770022042866,receding,False
77,127,394,669,yellow,233.64817881929196,10.225770022042866,receding,False
78,127,395,669,yellow,233.64817881929196,10.225770022042866,receding,False
79,127,396,669,yellow,233.64817881929196,10.225770022042866,receding,False
80,127,397,669,yellow,233.64817881929196,10.225770022042866,receding,False
81,127,398,669,yellow,233.64817881929196,10.225770022042866,receding,False
82,127,399,669,yellow,233.64817881929196,10.225770022042866,receding,False
83,127,400,669,yellow,233.64817881929196,10.225770022042866,receding,False
84,127,401,669,yellow,233.64817881929196,10.225770022042866,receding,False
85,127,402,669,yellow,233.64817881929196,10.225770022042866,receding,False
86,127,403,669,yellow,233.64817881929196,10.225770022042866,receding,False
87,127,404,669,yellow,233.64817881929196,10.225770022042866,receding,False
88,127,405,669,yellow,233.64817881929196,10.225770022042866,receding,False
89,127,406,669,yellow,233.64817881929196,10.225770022042866,receding,False
90,127,407,669,yellow,233.64817881929196,10.225770022042866,receding,False
91,127,408,669,yellow,233.64817881929196,10.225770022042866,receding,False
92,127,409,669,yellow,233.64817881929196,10.225770022042866,receding,False
94,127,411,669,orange,250.0052856254115,10.225770022042866,receding,False
95,127,412,669,orange,250.0052856254115,10.225770022042866,receding,False
97,127,414,669,yellow,233.64817881929196,10.225770022042866,receding,False
98,127,415,669,yellow,233.64817881929196,10.225770022042866,receding,False
99,127,416,669,yellow,233.64817881929196,10.225770022042866,receding,False
100,127,417,669,yellow,233.64817881929196,10.225770022042866,receding,False
69,128,386,670,bright_green,216.8359664186503,10.225770022042866,receding,False
70,128,387,670,bright_green,216.8359664186503,10.225770022042866,receding,False
71,128,388,670,bright_green,216.8359664186503,10.225770022042866,receding,False
72,128,389,670,bright_green,216.8359664186503,10.225770022042866,receding,False
74,128,391,670,yellow,233.64817881929196,10.225770022042866,receding,False
75,128,392,670,yellow,233.64817881929196,10.225770022042866,receding,False
76,128,393,670,yellow,233.64817881929196,10.225770022042866,receding,False
77,128,394,670,yellow,233.64817881929196,10.225770022042866,receding,False
78,128,395,670,yellow,233.64817881929196,10.225770022042866,receding,False
79,128,396,670,yellow,233.64817881929196,10.225770022042866,receding,False
80,128,397,670,yellow,233.64817881929196,10.225770022042866,receding,False
81,128,398,670,yellow,233.64817881929196,10.225770022042866,receding,False
82,128,399,670,yellow,233.64817881929196,10.225770022042866,receding,False
83,128,400,670,yellow,233.64817881929196,10.225770022042866,receding,False
84,128,401,670,yellow,233.64817881929196,10.225770022042866,receding,False
85,128,402,670,yellow,233.64817881929196,10.225770022042866,receding,False
86,128,403,670,yellow,233.64817881929196,10.225770022042866,receding,False
87,128,404,670,yellow,233.64817881929196,10.225770022042866,receding,False
88,128,405,670,yellow,233.64817881929196,10.225770022042866,receding,False
89,128,406,670,yellow,233.64817881929196,10.225770022042866,receding,False
90,128,407,670,yellow,233.64817881929196,10.225770022042866,receding,False
91,128,408,670,yellow,233.64817881929196,10.225770022042866,receding,False
92,128,409,670,yellow,233.64817881929196,10.225770022042866,receding,False
94,128,411,670,orange,250.0052856254115,10.225770022042866,receding,False
95,128,412,670,orange,250.0052856254115,10.225770022042866,receding,False
97,128,414,670,yellow,233.64817881929196,10.225770022042866,receding,False
98,128,415,670,yellow,233.64817881929196,10.225770022042866,receding,False
99,128,416,670,yellow,233.64817881929196,10.225770022042866,receding,False
100,128,417,670,yellow,233.64817881929196,10.225770022042866,receding,False
69,129,386,671,bright_green,216.8359664186503,10.225770022042866,receding,False
70,129,387,671,bright_green,216.8359664186503,10.225770022042866,receding,False
71,129,388,671,bright_green,216.8359664186503,10.225770022042866,receding,False
72,129,389,671,bright_green,216.8359664186503,10.225770022042866,receding,False
74,129,391,671,yellow,233.64817881929196,10.225770022042866,receding,False
75,129,392,671,yellow,233.64817881929196,10.225770022042866,receding,False
76,129,393,671,yellow,233.64817881929196,10.225770022042866,receding,False
77,129,394,671,yellow,233.64817881929196,10.225770022042866,receding,False
78,129,395,671,yellow,233.64817881929196,10.225770022042866,receding,False
79,129,396,671,yellow,233.64817881929196,10.225770022042866,receding,False
80,129,397,671,yellow,233.64817881929196,10.225770022042866,receding,False
81,129,398,671,yellow,233.64817881929196,10.225770022042866,receding,False
82,129,399,671,yellow,233.64817881929196,10.225770022042866,receding,False
83,129,400,671,yellow,233.64817881929196,10.225770022042866,receding,False
84,129,401,671,yellow,233.64817881929196,10.225770022042866,receding,False
85,129,402,671,yellow,233.64817881929196,10.225770022042866,receding,False
86,129,403,671,yellow,233.64817881929196,10.225770022042866,receding,False
87,129,404,671,yellow,233.64817881929196,10.225770022042866,receding,False
88,129,405,671,yellow,233.64817881929196,10.225770022042866,receding,False
89,129,406,671,yellow,233.64817881929196,10.225770022042866,receding,False
90,129,407,671,yellow,233.64817881929196,10.225770022042866,receding,False
91,129,408,671,yellow,233.64817881929196,10.225770022042866,receding,False
92,129,409,671,yellow,233.64817881929196,10.225770022042866,receding,False
94,129,411,671,orange,250.0052856254115,10.225770022042866,receding,False
95,129,412,671,orange,250.0052856254115,10.225770022042866,receding,False
97,129,414,671,yellow,233.64817881929196,10.225770022042866,receding,False
98,129,415,671,yellow,233.64817881929196,10.225770022042866,receding,False
99,129,416,671,yellow,233.64817881929196,10.225770022042866,receding,False
100,129,417,671,yellow,233.64817881929196,10.225770022042866,receding,False
101,129,418,671,yellow,233.64817881929196,10.225770022042866,receding,False
102,129,419,671,yellow,233.64817881929196,10.225770022042866,receding,False
57,130,374,672,yellow,233.64817881929196,10.225770022042866,receding,False
58,130,375,672,yellow,233.64817881929196,10.225770022042866,receding,False
59,130,376,672,yellow,233.64817881929196,10.225770022042866,receding,False
60,130,377,672,yellow,233.64817881929196,10.225770022042866,receding,False
61,130,378,672,yellow,233.64817881929196,10.225770022042866,receding,False
69,130,386,672,bright_green,216.8359664186503,10.225770022042866,receding,False
71,130,388,672,bright_green,216.8359664186503,10.225770022042866,receding,False
72,130,389,672,bright_green,216.8359664186503,10.225770022042866,receding,False
74,130,391,672,yellow,233.64817881929196,10.225770022042866,receding,False
75,130,392,672,yellow,233.64817881929196,10.225770022042866,receding,False
76,130,393,672,yellow,233.64817881929196,10.225770022042866,receding,False
77,130,394,672,yellow,233.64817881929196,10.225770022042866,receding,False
81,130,398,672,yellow,233.64817881929196,10.225770022042866,receding,False
82,130,399,672,yellow,233.64817881929196,10.225770022042866,receding,False
84,130,401,672,bright_green,216.8359664186503,10.225770022042866,receding,False
85,130,402,672,bright_green,216.8359664186503,10.225770022042866,receding,False
87,130,404,672,yellow,233.64817881929196,10.225770022042866,receding,False
88,130,405,672,yellow,233.64817881929196,10.225770022042866,receding,False
89,130,406,672,yellow,233.64817881929196,10.225770022042866,receding,False
90,130,407,672,yellow,233.64817881929196,10.225770022042866,receding,False
91,130,408,672,yellow,233.64817881929196,10.225770022042866,receding,False
92,130,409,672,yellow,233.64817881929196,10.225770022042866,receding,False
94,130,411,672,orange,250.0052856254115,10.225770022042866,receding,False
95,130,412,672,orange,250.0052856254115,10.225770022042866,receding,False
97,130,414,672,yellow,233.64817881929196,10.225770022042866,receding,False
98,130,415,672,yellow,233.64817881929196,10.225770022042866,receding,False
99,130,416,672,yellow,233.64817881929196,10.225770022042866,receding,False
100,130,417,672,yellow,233.64817881929196,10.225770022042866,receding,False
101,130,418,672,yellow,233.64817881929196,10.225770022042866,receding,False
102,130,419,672,yellow,233.64817881929196,10.225770022042866,receding,False
103,130,420,672,yellow,233.64817881929196,10.225770022042866,receding,False
104,130,421,672,yellow,233.64817881929196,10.225770022042866,receding,False
61,131,378,673,yellow,233.64817881929196,10.225770022042866,receding,False
69,131,386,673,bright_green,216.8359664186503,10.225770022042866,receding,False
70,131,387,673,bright_green,216.8359664186503,10.225770022042866,receding,False
71,131,388,673,bright_green,216.8359664186503,10.225770022042866,receding,False
72,131,389,673,bright_green,216.8359664186503,10.225770022042866,receding,False
74,131,391,673,yellow,233.64817881929196,10.225770022042866,receding,False
87,131,404,673,yellow,233.64817881929196,10.225770022042866,receding,False
88,131,405,673,yellow,233.64817881929196,10.225770022042866,receding,False
89,131,406,673,yellow,233.64817881929196,10.225770022042866,receding,False
90,131,407,673,yellow,233.64817881929196,10.225770022042866,receding,False
91,131,408,673,yellow,233.64817881929196,10.225770022042866,receding,False
94,131,411,673,orange,250.0052856254115,10.225770022042866,receding,False
95,131,412,673,orange,250.0052856254115,10.225770022042866,receding,False
100,131,417,673,yellow,233.64817881929196,10.225770022042866,receding,False
101,131,418,673,yellow,233.64817881929196,10.225770022042866,receding,False
102,131,419,673,yellow,233.64817881929196,10.225770022042866,receding,False
103,131,420,673,yellow,233.64817881929196,10.225770022042866,receding,False
104,131,421,673,yellow,233.64817881929196,10.225770022042866,receding,False
61,132,378,674,yellow,233.64817881929196,10.225770022042866,receding,False
62,132,379,674,bright_green,216.8359664186503,10.225770022042866,receding,False
63,132,380,674,dark_green,199.9894253945065,10.225770022042866,systemic_ambiguous,False
69,132,386,674,bright_green,216.8359664186503,10.225770022042866,receding,False
70,132,387,674,bright_green,216.8359664186503,10.225770022042866,receding,False
71,132,388,674,bright_green,216.8359664186503,10.225770022042866,receding,False
72,132,389,674,bright_green,216.8359664186503,10.225770022042866,receding,False
74,132,391,674,yellow,233.64817881929196,10.225770022042866,receding,False
87,132,404,674,yellow,233.64817881929196,10.225770022042866,receding,False
88,132,405,674,yellow,233.64817881929196,10.225770022042866,receding,False
89,132,406,674,yellow,233.64817881929196,10.225770022042866,receding,False
90,132,407,674,yellow,233.64817881929196,10.225770022042866,receding,False
93,132,410,674,orange,250.0052856254115,10.225770022042866,receding,False
94,132,411,674,orange,250.0052856254115,10.225770022042866,receding,False
95,132,412,674,orange,250.0052856254115,10.225770022042866,receding,False
96,132,413,674,orange,250.0052856254115,10.225770022042866,receding,False
98,132,415,674,orange,250.0052856254115,10.225770022042866,receding,False
100,132,417,674,yellow,233.64817881929196,10.225770022042866,receding,False
101,132,418,674,yellow,233.64817881929196,10.225770022042866,receding,False
102,132,419,674,yellow,233.64817881929196,10.225770022042866,receding,False
103,132,420,674,yellow,233.64817881929196,10.225770022042866,receding,False
104,132,421,674,yellow,233.64817881929196,10.225770022042866,receding,False
64,133,381,675,dark_green,199.9894253945065,10.225770022042866,systemic_ambiguous,False
65,133,382,675,dark_green,199.9894253945065,10.225770022042866,systemic_ambiguous,False
66,133,383,675,dark_green,199.9894253945065,10.225770022042866,systemic_ambiguous,False
67,133,384,675,dark_green,199.9894253945065,10.225770022042866,systemic_ambiguous,False
69,133,386,675,bright_green,216.8359664186503,10.225770022042866,receding,False
70,133,387,675,bright_green,216.8359664186503,10.225770022042866,receding,False
71,133,388,675,bright_green,216.8359664186503,10.225770022042866,receding,False
72,133,389,675,bright_green,216.8359664186503,10.225770022042866,receding,False
92,133,409,675,orange,250.0052856254115,10.225770022042866,receding,False
93,133,410,675,orange,250.0052856254115,10.225770022042866,receding,False
94,133,411,675,orange,250.0052856254115,10.225770022042866,receding,False
95,133,412,675,orange,250.0052856254115,10.225770022042866,receding,False
96,133,413,675,orange,250.0052856254115,10.225770022042866,receding,False
97,133,414,675,orange,250.0052856254115,10.225770022042866,receding,False
98,133,415,675,orange,250.0052856254115,10.225770022042866,receding,False
99,133,416,675,orange,250.0052856254115,10.225770022042866,receding,False
100,133,417,675,yellow,233.64817881929196,10.225770022042866,receding,False
101,133,418,675,yellow,233.64817881929196,10.225770022042866,receding,False
102,133,419,675,yellow,233.64817881929196,10.225770022042866,receding,False
103,133,420,675,yellow,233.64817881929196,10.225770022042866,receding,False
104,133,421,675,yellow,233.64817881929196,10.225770022042866,receding,False
64,134,381,676,bright_green,216.8359664186503,10.225770022042866,receding,False
65,134,382,676,bright_green,216.8359664186503,10.225770022042866,receding,False
66,134,383,676,bright_green,216.8359664186503,10.225770022042866,receding,False
67,134,384,676,bright_green,216.8359664186503,10.225770022042866,receding,False
68,134,385,676,bright_green,216.8359664186503,10.225770022042866,receding,False
69,134,386,676,bright_green,216.8359664186503,10.225770022042866,receding,False
71,134,388,676,bright_green,216.8359664186503,10.225770022042866,receding,False
72,134,389,676,bright_green,216.8359664186503,10.225770022042866,receding,False
73,134,390,676,dark_green,199.9894253945065,10.225770022042866,systemic_ambiguous,False
90,134,407,676,orange,250.0052856254115,10.225770022042866,receding,False
91,134,408,676,orange,250.0052856254115,10.225770022042866,receding,False
92,134,409,676,orange,250.0052856254115,10.225770022042866,receding,False
93,134,410,676,orange,250.0052856254115,10.225770022042866,receding,False
94,134,411,676,orange,250.0052856254115,10.225770022042866,receding,False
95,134,412,676,orange,250.0052856254115,10.225770022042866,receding,False
96,134,413,676,orange,250.0052856254115,10.225770022042866,receding,False
97,134,414,676,orange,250.0052856254115,10.225770022042866,receding,False
98,134,415,676,orange,250.0052856254115,10.225770022042866,receding,False
99,134,416,676,orange,250.0052856254115,10.225770022042866,receding,False
100,134,417,676,yellow,233.64817881929196,10.225770022042866,receding,False
101,134,418,676,yellow,233.64817881929196,10.225770022042866,receding,False
102,134,419,676,yellow,233.64817881929196,10.225770022042866,receding,False
103,134,420,676,yellow,233.64817881929196,10.225770022042866,receding,False
104,134,421,676,yellow,233.64817881929196,10.225770022042866,receding,False
74,135,391,677,yellow,233.64817881929196,10.225770022042866,receding,False
75,135,392,677,yellow,233.64817881929196,10.225770022042866,receding,False
97,135,414,677,orange,250.0052856254115,10.225770022042866,receding,False
98,135,415,677,orange,250.0052856254115,10.225770022042866,receding,False
99,135,416,677,orange,250.0052856254115,10.225770022042866,receding,False
97,136,414,678,orange,250.0052856254115,10.225770022042866,receding,False
99,136,416,678,orange,250.0052856254115,10.225770022042866,receding,False
97,137,414,679,orange,250.0052856254115,10.225770022042866,receding,False
98,137,415,679,orange,250.0052856254115,10.225770022042866,receding,False
99,137,416,679,orange,250.0052856254115,10.225770022042866,receding,False
100,137,417,679,orange,250.0052856254115,10.225770022042866,receding,False
97,138,414,680,orange,250.0052856254115,10.225770022042866,receding,False
98,138,415,680,orange,250.0052856254115,10.225770022042866,receding,False
99,138,416,680,orange,250.0052856254115,10.225770022042866,receding,False
100,138,417,680,orange,250.0052856254115,10.225770022042866,receding,False
97,139,414,681,orange,250.0052856254115,10.225770022042866,receding,False
98,139,415,681,orange,250.0052856254115,10.225770022042866,receding,False
99,139,416,681,orange,250.0052856254115,10.225770022042866,receding,False
100,139,417,681,orange,250.0052856254115,10.225770022042866,receding,False
101,139,418,681,orange,250.0052856254115,10.225770022042866,receding,False
102,139,419,681,orange,250.0052856254115,10.225770022042866,receding,False
99,140,416,682,orange,250.0052856254115,10.225770022042866,receding,False
100,140,417,682,orange,250.0052856254115,10.225770022042866,receding,False
101,140,418,682,orange,250.0052856254115,10.225770022042866,receding,False
102,140,419,682,orange,250.0052856254115,10.225770022042866,receding,False
103,140,420,682,orange,250.0052856254115,10.225770022042866,receding,False
104,140,421,682,orange,250.0052856254115,10.225770022042866,receding,False
105,140,422,682,orange,250.0052856254115,10.225770022042866,receding,False
102,141,419,683,yellow,233.64817881929196,10.225770022042866,receding,False
104,141,421,683,orange,250.0052856254115,10.225770022042866,receding,False
105,141,422,683,orange,250.0052856254115,10.225770022042866,receding,False
102,142,419,684,yellow,233.64817881929196,10.225770022042866,receding,False
104,142,421,684,orange,250.0052856254115,10.225770022042866,receding,False
105,142,422,684,orange,250.0052856254115,10.225770022042866,receding,False
106,142,423,684,orange,250.0052856254115,10.225770022042866,receding,False
107,142,424,684,orange,250.0052856254115,10.225770022042866,receding,False
105,143,422,685,orange,250.0052856254115,10.225770022042866,receding,False
106,143,423,685,orange,250.0052856254115,10.225770022042866,receding,False
107,143,424,685,orange,250.0052856254115,10.225770022042866,receding,False
105,144,422,686,orange,250.0052856254115,10.225770022042866,receding,False
106,144,423,686,orange,250.0052856254115,10.225770022042866,receding,False
107,144,424,686,orange,250.0052856254115,10.225770022042866,receding,False
