channel,s4g_name,normalized_name,asymmetry,asymmetry_error
3.6um,ESO107-016,ESO10701G6,0.29,0.01
3.6um,ESO011-005,ESO1100G5,0.6,0.02
3.6um,ESO114-007,ESO11400G7,0.61,0.08
3.6um,ESO115-021,ESO11502G1,0.98,0.0
3.6um,ESO116-012,ESO11601G2,0.62,0.01
3.6um,ESO119-016,ESO11901G6,0.63,0.02
3.6um,ESO120-012,ESO12001G2,0.41,0.02
3.6um,ESO120-021,ESO12002G1,0.42,0.02
3.6um,ESO012-010,ESO1201G0,0.36,0.07
3.6um,ESO012-014,ESO1201G4,0.67,0.02
3.6um,ESO013-016,ESO1301G6,0.45,0.05
3.6um,ESO145-025,ESO14502G5,0.45,0.01
3.6um,ESO146-014,ESO14601G4,0.6,0.01
3.6um,ESO149-001,ESO14900G1,0.66,0.01
3.6um,ESO149-003,ESO14900G3,0.44,0.15
3.6um,ESO150-005,ESO15000G5,0.81,0.02
3.6um,ESO015-001,ESO1500G1,0.56,0.08
3.6um,ESO154-023,ESO15402G3,0.97,0.0
3.6um,ESO157-049,ESO15704G9,0.44,0.15
3.6um,ESO159-025,ESO15902G5,0.29,0.02
3.6um,ESO187-035,ESO18703G5,0.25,0.02
3.6um,ESO187-051,ESO18705G1,0.23,0.01
3.6um,ESO202-035,ESO20203G5,0.7,0.04
3.6um,ESO202-041,ESO20204G1,0.71,0.05
3.6um,ESO234-043,ESO23404G3,0.32,0.03
3.6um,ESO234-049,ESO23404G9,0.28,0.03
3.6um,ESO236-039,ESO23603G9,0.3,0.03
3.6um,ESO237-049,ESO23704G9,0.4,0.02
3.6um,ESO237-052,ESO23705G2,0.35,0.03
3.6um,ESO238-018,ESO23801G8,0.5,0.06
3.6um,ESO240-004,ESO24000G4,0.72,0.02
3.6um,ESO240-011,ESO24001G1,0.44,0.07
3.6um,ESO245-005,ESO24500G5,0.82,0.01
3.6um,ESO245-007,ESO24500G7,0.67,0.03
3.6um,ESO248-002,ESO24800G2,0.44,0.02
3.6um,ESO249-008,ESO24900G8,0.39,0.08
3.6um,ESO249-026,ESO24902G6,0.73,0.02
3.6um,ESO249-027,ESO24902G7,0.7,0.04
3.6um,ESO249-035,ESO24903G5,0.78,0.01
3.6um,ESO249-036,ESO24903G6,0.6,0.03
3.6um,ESO026-001,ESO2600G1,0.52,0.03
3.6um,ESO027-001,ESO2700G1,0.89,0.02
3.6um,ESO027-008,ESO2700G8,0.93,0.01
3.6um,ESO285-048,ESO28504G8,0.33,0.03
3.6um,ESO286-044,ESO28604G4,0.38,0.09
3.6um,ESO287-009,ESO28700G9,0.45,0.06
3.6um,ESO287-037,ESO28703G7,0.22,0.01
3.6um,ESO287-043,ESO28704G3,0.34,0.03
3.6um,ESO288-013,ESO28801G3,0.23,0.05
3.6um,ESO289-010,ESO28901G0,0.39,0.03
3.6um,ESO289-026,ESO28902G6,0.48,0.0
3.6um,ESO289-048,ESO28904G8,0.52,0.03
3.6um,ESO291-024,ESO29102G4,0.4,0.01
3.6um,ESO292-014,ESO29201G4,0.5,0.04
3.6um,ESO293-034,ESO29303G4,0.89,0.02
3.6um,ESO293-045,ESO29304G5,0.63,0.11
3.6um,ESO298-015,ESO29801G5,0.59,0.02
3.6um,ESO298-023,ESO29802G3,0.53,0.05
3.6um,ESO300-014,ESO30001G4,0.44,0.01
3.6um,ESO302-009,ESO30200G9,0.7,0.02
3.6um,ESO302-014,ESO30201G4,0.83,0.02
3.6um,ESO302-021,ESO30202G1,0.7,0.11
3.6um,ESO305-009,ESO30500G9,0.82,0.01
3.6um,ESO305-017,ESO30501G7,0.58,0.04
3.6um,ESO340-008,ESO34000G8,0.51,0.01
3.6um,ESO340-009,ESO34000G9,0.49,0.0
3.6um,ESO340-017,ESO34001G7,0.37,0.03
3.6um,ESO340-042,ESO34004G2,0.33,0.01
3.6um,ESO341-032,ESO34103G2,0.3,0.02
3.6um,ESO342-013,ESO34201G3,0.25,0.05
3.6um,ESO342-050,ESO34205G0,0.18,0.03
3.6um,ESO345-046,ESO34504G6,0.47,0.02
3.6um,ESO346-001,ESO34600G1,0.44,0.05
3.6um,ESO346-014,ESO34601G4,0.63,0.03
3.6um,ESO347-008,ESO34700G8,0.59,0.01
3.6um,ESO347-017,ESO34701G7,0.46,0.05
3.6um,ESO347-029,ESO34702G9,0.53,0.01
3.6um,ESO355-026,ESO35502G6,0.35,0.05
3.6um,ESO356-018,ESO35601G8,0.62,0.03
3.6um,ESO357-007,ESO35700G7,0.2,0.02
3.6um,ESO357-012,ESO35701G2,0.23,0.01
3.6um,ESO357-025,ESO35702G5,0.54,0.08
3.6um,ESO358-005,ESO35800G5,0.54,0.04
3.6um,ESO358-015,ESO35801G5,0.36,0.02
3.6um,ESO358-020,ESO35802G0,0.2,0.03
3.6um,ESO358-025,ESO35802G5,0.26,0.04
3.6um,ESO358-051,ESO35805G1,0.14,0.04
3.6um,ESO358-054,ESO35805G4,0.59,0.03
3.6um,ESO358-060,ESO35806G0,0.86,0.01
3.6um,ESO358-063,ESO35806G3,0.39,0.06
3.6um,ESO359-003,ESO35900G3,0.26,0.02
3.6um,ESO359-022,ESO35902G2,0.59,0.01
3.6um,ESO359-029,ESO35902G9,0.15,0.01
3.6um,ESO359-031,ESO35903G1,0.11,0.02
3.6um,ESO361-009,ESO36100G9,0.24,0.01
3.6um,ESO361-015,ESO36101G5,0.81,0.01
3.6um,ESO361-019,ESO36101G9,0.6,0.04
3.6um,ESO362-009,ESO36200G9,0.61,0.02
3.6um,ESO362-011,ESO36201G1,0.49,0.03
3.6um,ESO362-019,ESO36201G9,0.93,0.0
3.6um,ESO399-025,ESO39902G5,0.24,0.07
3.6um,ESO400-025,ESO40002G5,0.38,0.02
3.6um,ESO402-025,ESO40202G5,0.18,0.05
3.6um,ESO402-026,ESO40202G6,0.21,0.1
3.6um,ESO402-030,ESO40203G0,0.18,0.11
3.6um,ESO403-024,ESO40302G4,0.26,0.03
3.6um,ESO403-031,ESO40303G1,0.23,0.03
3.6um,ESO404-003,ESO40400G3,0.36,0.03
3.6um,ESO404-012,ESO40401G2,0.25,0.04
3.6um,ESO404-017,ESO40401G7,0.4,0.01
3.6um,ESO404-018,ESO40401G8,0.21,0.02
3.6um,ESO404-027,ESO40402G7,0.31,0.04
3.6um,ESO406-042,ESO40604G2,0.49,0.02
3.6um,ESO407-007,ESO40700G7,0.29,0.13
3.6um,ESO407-009,ESO40700G9,0.45,0.01
3.6um,ESO407-014,ESO40701G4,0.33,0.02
3.6um,ESO407-018,ESO40701G8,0.22,0.02
3.6um,ESO408-012,ESO40801G2,0.43,0.02
3.6um,ESO409-015,ESO40901G5,0.43,0.03
3.6um,ESO410-012,ESO41001G2,0.25,0.02
3.6um,ESO410-018,ESO41001G8,0.41,0.01
3.6um,ESO411-013,ESO41101G3,0.66,0.01
3.6um,ESO411-026,ESO41102G6,0.62,0.02
3.6um,ESO418-008,ESO41800G8,0.29,0.03
3.6um,ESO418-009,ESO41800G9,0.32,0.06
3.6um,ESO419-013,ESO41901G3,0.1,0.02
3.6um,ESO420-006,ESO42000G6,0.15,0.02
3.6um,ESO420-009,ESO42000G9,0.25,0.12
3.6um,ESO421-019,ESO42101G9,0.55,0.02
3.6um,ESO422-005,ESO42200G5,0.36,0.02
3.6um,ESO422-033,ESO42203G3,0.48,0.03
3.6um,ESO422-041,ESO42204G1,0.63,0.03
3.6um,ESO423-002,ESO42300G2,0.68,0.01
3.6um,ESO438-017,ESO43801G7,0.42,0.08
3.6um,ESO440-004,ESO44000G4,0.53,0.01
3.6um,ESO440-011,ESO44001G1,0.5,0.03
3.6um,ESO440-027,ESO44002G7,0.21,0.02
3.6um,ESO440-037,ESO44003G7,0.21,0.05
3.6um,ESO440-044,ESO44004G4,0.25,0.03
3.6um,ESO440-046,ESO44004G6,0.25,0.02
3.6um,ESO440-049,ESO44004G9,0.4,0.09
3.6um,ESO441-011,ESO44101G1,0.68,0.02
3.6um,ESO441-014,ESO44101G4,0.62,0.04
3.6um,ESO441-017,ESO44101G7,0.39,0.08
3.6um,ESO442-013,ESO44201G3,0.38,0.03
3.6um,ESO443-021,ESO44302G1,0.17,0.11
3.6um,ESO443-042,ESO44304G2,0.81,0.02
3.6um,ESO443-069,ESO44306G9,0.22,0.02
3.6um,ESO443-079,ESO44307G9,0.17,0.01
3.6um,ESO443-080,ESO44308G0,0.19,0.02
3.6um,ESO443-085,ESO44308G5,0.23,0.02
3.6um,ESO444-033,ESO44403G3,0.36,0.02
3.6um,ESO444-037,ESO44403G7,0.22,0.02
3.6um,ESO444-078,ESO44407G8,0.51,0.01
3.6um,ESO445-089,ESO44508G9,0.27,0.02
3.6um,ESO462-031,ESO46203G1,0.27,0.02
3.6um,ESO466-014,ESO46601G4,0.33,0.06
3.6um,ESO466-036,ESO46603G6,0.28,0.08
3.6um,ESO467-051,ESO46705G1,0.45,0.01
3.6um,ESO469-008,ESO46900G8,0.16,0.03
3.6um,ESO469-015,ESO46901G5,0.47,0.08
3.6um,ESO471-006,ESO47100G6,0.67,0.01
3.6um,ESO476-010,ESO47601G0,0.42,0.01
3.6um,ESO477-016,ESO47701G6,0.27,0.03
3.6um,ESO479-004,ESO47900G4,0.65,0.01
3.6um,ESO479-025,ESO47902G5,0.34,0.03
3.6um,ESO480-020,ESO48002G0,0.56,0.03
3.6um,ESO480-025,ESO48002G5,0.48,0.01
3.6um,ESO048-017,ESO4801G7,0.62,0.01
3.6um,ESO481-014,ESO48101G4,0.57,0.01
3.6um,ESO481-018,ESO48101G8,0.83,0.0
3.6um,ESO481-030,ESO48103G0,0.16,0.03
3.6um,ESO482-005,ESO48200G5,0.3,0.01
3.6um,ESO482-011,ESO48201G1,0.2,0.01
3.6um,ESO482-013,ESO48201G3,0.2,0.02
3.6um,ESO482-035,ESO48203G5,0.34,0.02
3.6um,ESO482-046,ESO48204G6,0.51,0.01
3.6um,ESO483-008,ESO48300G8,0.09,0.03
3.6um,ESO483-013,ESO48301G3,0.16,0.03
3.6um,ESO485-021,ESO48502G1,0.32,0.01
3.6um,ESO486-003,ESO48600G3,0.4,0.02
3.6um,ESO486-021,ESO48602G1,0.33,0.05
3.6um,ESO501-079,ESO50107G9,0.54,0.05
3.6um,ESO501-080,ESO50108G0,0.54,0.1
3.6um,ESO502-016,ESO50201G6,0.33,0.03
3.6um,ESO502-020,ESO50202G0,0.37,0.02
3.6um,ESO502-023,ESO50202G3,0.42,0.01
3.6um,ESO503-022,ESO50302G2,0.46,0.03
3.6um,ESO504-010,ESO50401G0,0.31,0.02
3.6um,ESO504-024,ESO50402G4,0.39,0.02
3.6um,ESO504-028,ESO50402G8,0.2,0.01
3.6um,ESO505-002,ESO50500G2,0.4,0.01
3.6um,ESO505-003,ESO50500G3,0.48,0.06
3.6um,ESO505-008,ESO50500G8,0.57,0.04
3.6um,ESO505-009,ESO50500G9,0.54,0.01
3.6um,ESO505-013,ESO50501G3,0.38,0.01
3.6um,ESO505-023,ESO50502G3,0.29,0.02
3.6um,ESO506-018,ESO50601G8,0.17,0.02
3.6um,ESO506-029,ESO50602G9,0.53,0.02
3.6um,ESO506-033,ESO50603G3,0.25,0.07
3.6um,ESO507-065,ESO50706G5,0.11,0.03
3.6um,ESO508-007,ESO50800G7,0.23,0.01
3.6um,ESO508-011,ESO50801G1,0.54,0.02
3.6um,ESO508-015,ESO50801G5,0.38,0.01
3.6um,ESO508-019,ESO50801G9,0.21,0.01
3.6um,ESO508-024,ESO50802G4,0.17,0.01
3.6um,ESO508-030,ESO50803G0,0.21,0.02
3.6um,ESO508-034,ESO50803G4,0.19,0.03
3.6um,ESO508-051,ESO50805G1,0.2,0.02
3.6um,ESO509-026,ESO50902G6,0.32,0.02
3.6um,ESO509-074,ESO50907G4,0.58,0.01
3.6um,ESO510-026,ESO51002G6,0.11,0.03
3.6um,ESO510-058,ESO51005G8,0.31,0.02
3.6um,ESO510-059,ESO51005G9,0.39,0.02
3.6um,ESO532-014,ESO53201G4,0.31,0.02
3.6um,ESO532-022,ESO53202G2,0.3,0.02
3.6um,ESO532-032,ESO53203G2,0.17,0.03
3.6um,ESO533-004,ESO53300G4,0.17,0.07
3.6um,ESO533-028,ESO53302G8,0.19,0.08
3.6um,ESO536-003,ESO53600G3,0.21,0.05
3.6um,ESO539-007,ESO53900G7,0.19,0.01
3.6um,ESO540-016,ESO54001G6,0.42,0.02
3.6um,ESO540-031,ESO54003G1,0.28,0.01
3.6um,ESO054-021,ESO5402G1,0.42,0.04
3.6um,ESO541-004,ESO54100G4,0.67,0.01
3.6um,ESO541-005,ESO54100G5,0.45,0.01
3.6um,ESO544-027,ESO54402G7,0.24,0.05
3.6um,ESO544-030,ESO54403G0,0.31,0.03
3.6um,ESO545-002,ESO54500G2,0.23,0.02
3.6um,ESO545-003,ESO54500G3,0.19,0.02
3.6um,ESO545-005,ESO54500G5,0.27,0.03
3.6um,ESO545-016,ESO54501G6,0.28,0.02
3.6um,ESO546-034,ESO54603G4,0.16,0.02
3.6um,ESO547-005,ESO54700G5,0.34,0.02
3.6um,ESO547-012,ESO54701G2,0.22,0.03
3.6um,ESO547-020,ESO54702G0,0.18,0.02
3.6um,ESO548-005,ESO54800G5,0.19,0.02
3.6um,ESO548-009,ESO54800G9,0.16,0.02
3.6um,ESO548-016,ESO54801G6,0.53,0.05
3.6um,ESO548-021,ESO54802G1,0.24,0.01
3.6um,ESO548-023,ESO54802G3,0.15,0.02
3.6um,ESO548-025,ESO54802G5,0.19,0.04
3.6um,ESO548-032,ESO54803G2,0.17,0.02
3.6um,ESO548-063,ESO54806G3,0.11,0.03
3.6um,ESO548-082,ESO54808G2,0.14,0.02
3.6um,ESO549-002,ESO54900G2,0.17,0.04
3.6um,ESO549-018,ESO54901G8,0.25,0.02
3.6um,ESO549-035,ESO54903G5,0.17,0.04
3.6um,ESO550-005,ESO55000G5,0.25,0.01
3.6um,ESO550-024,ESO55002G4,0.43,0.01
3.6um,ESO551-016,ESO55101G6,0.31,0.01
3.6um,ESO551-031,ESO55103G1,0.27,0.03
3.6um,ESO553-017,ESO55301G7,0.24,0.03
3.6um,ESO567-048,ESO56704G8,0.24,0.01
3.6um,ESO569-014,ESO56901G4,0.72,0.01
3.6um,ESO570-019,ESO57001G9,0.21,0.03
3.6um,ESO572-012,ESO57201G2,0.26,0.02
3.6um,ESO572-018,ESO57201G8,0.18,0.01
3.6um,ESO572-022,ESO57202G2,0.23,0.01
3.6um,ESO572-024,ESO57202G4,0.2,0.02
3.6um,ESO572-030,ESO57203G0,0.24,0.01
3.6um,ESO572-034,ESO57203G4,0.23,0.04
3.6um,ESO572-049,ESO57204G9,0.24,0.01
3.6um,ESO573-003,ESO57300G3,0.23,0.01
3.6um,ESO575-061,ESO57506G1,0.32,0.02
3.6um,ESO576-001,ESO57600G1,0.14,0.02
3.6um,ESO576-003,ESO57600G3,0.19,0.01
3.6um,ESO576-005,ESO57600G5,0.22,0.01
3.6um,ESO576-008,ESO57600G8,0.15,0.04
3.6um,ESO576-011,ESO57601G1,0.62,0.01
3.6um,ESO576-017,ESO57601G7,0.13,0.02
3.6um,ESO576-026,ESO57602G6,0.15,0.02
3.6um,ESO576-032,ESO57603G2,0.28,0.02
3.6um,ESO576-040,ESO57604G0,0.2,0.02
3.6um,ESO576-050,ESO57605G0,0.52,0.01
3.6um,ESO576-059,ESO57605G9,0.23,0.01
3.6um,ESO577-038,ESO57703G8,0.13,0.02
3.6um,ESO580-022,ESO58002G2,0.21,0.03
3.6um,ESO580-029,ESO58002G9,0.48,0.03
3.6um,ESO580-030,ESO58003G0,0.19,0.03
3.6um,ESO580-034,ESO58003G4,0.21,0.01
3.6um,ESO580-041,ESO58004G1,0.2,0.03
3.6um,ESO581-025,ESO58102G5,0.77,0.01
3.6um,ESO582-004,ESO58200G4,0.23,0.02
3.6um,ESO601-007,ESO60100G7,0.19,0.01
3.6um,ESO601-025,ESO60102G5,0.2,0.01
3.6um,ESO601-031,ESO60103G1,0.19,0.03
3.6um,ESO602-003,ESO60200G3,0.15,0.02
3.6um,ESO602-015,ESO60201G5,0.14,0.02
3.6um,ESO602-030,ESO60203G0,0.17,0.04
3.6um,ESO603-031,ESO60303G1,0.14,0.04
3.6um,ESO605-015,ESO60501G5,0.17,0.03
3.6um,ESO079-003,ESO7900G3,1.0,2.54
3.6um,ESO079-005,ESO7900G5,0.44,0.09
3.6um,ESO079-007,ESO7900G7,0.46,0.07
3.6um,ESO085-014,ESO8501G4,0.93,0.01
3.6um,ESO085-030,ESO8503G0,0.19,0.26
3.6um,ESO085-047,ESO8504G7,0.4,0.01
3.6um,IC0101,IC101,0.13,0.05
3.6um,IC1014,IC1014,0.24,0.03
3.6um,IC1024,IC1024,0.22,0.1
3.6um,IC1029,IC1029,0.9,0.02
3.6um,IC1048,IC1048,0.37,0.05
3.6um,IC1055,IC1055,0.25,0.04
3.6um,IC1066,IC1066,0.33,0.04
3.6um,IC1067,IC1067,0.29,0.03
3.6um,IC1125,IC1125,0.16,0.02
3.6um,IC1151,IC1151,0.26,0.02
3.6um,IC1158,IC1158,0.18,0.02
3.6um,IC1197,IC1197,0.48,0.02
3.6um,IC1210,IC1210,0.13,0.3
3.6um,IC1251,IC1251,0.46,0.07
3.6um,IC1265,IC1265,0.5,0.03
3.6um,IC1438,IC1438,0.16,0.04
3.6um,IC1447,IC1447,0.27,0.03
3.6um,IC1532,IC1532,0.6,0.06
3.6um,IC1553,IC1553,0.28,0.09
3.6um,IC1555,IC1555,0.49,0.04
3.6um,IC1558,IC1558,0.65,0.01
3.6um,IC1574,IC1574,0.26,0.01
3.6um,IC1596,IC1596,0.15,0.04
3.6um,IC1613,IC1613,0.76,0.01
3.6um,IC0163,IC163,0.16,0.03
3.6um,IC0167,IC167,0.14,0.02
3.6um,IC1711,IC1711,0.12,0.06
3.6um,IC1727,IC1727,0.53,0.01
3.6um,IC1826,IC1826,0.46,0.05
3.6um,IC1870,IC1870,0.34,0.02
3.6um,IC1892,IC1892,0.49,0.02
3.6um,IC1898,IC1898,0.5,0.01
3.6um,IC1913,IC1913,0.54,0.11
3.6um,IC1914,IC1914,0.42,0.04
3.6um,IC1933,IC1933,0.36,0.07
3.6um,IC1952,IC1952,0.53,0.02
3.6um,IC1953,IC1953,0.47,0.02
3.6um,IC1954,IC1954,0.93,0.02
3.6um,IC1959,IC1959,0.84,0.0
3.6um,IC1962,IC1962,0.27,0.02
3.6um,IC1970,IC1970,0.99,0.0
3.6um,IC1986,IC1986,0.59,0.06
3.6um,IC1993,IC1993,0.61,0.01
3.6um,IC2000,IC2000,0.77,0.01
3.6um,IC2006,IC2006,0.22,0.09
3.6um,IC2007,IC2007,0.16,0.03
3.6um,IC2032,IC2032,0.58,0.02
3.6um,IC2035,IC2035,0.23,0.15
3.6um,IC2040,IC2040,0.11,0.02
3.6um,IC2051,IC2051,0.9,0.01
3.6um,IC2056,IC2056,0.14,0.13
3.6um,IC2058,IC2058,0.97,0.0
3.6um,IC2085,IC2085,0.72,0.16
3.6um,IC0210,IC210,0.34,0.06
3.6um,IC2135,IC2135,0.65,0.01
3.6um,IC0217,IC217,0.2,0.02
3.6um,IC0223,IC223,0.38,0.04
3.6um,IC2233,IC2233,0.36,0.01
3.6um,IC2361,IC2361,0.14,0.03
3.6um,IC2389,IC2389,0.56,0.16
3.6um,IC2461,IC2461,0.26,0.05
3.6um,IC2574,IC2574,0.49,0.01
3.6um,IC2604,IC2604,0.16,0.03
3.6um,IC2627,IC2627,0.27,0.04
3.6um,IC2763,IC2763,0.12,0.03
3.6um,IC2764,IC2764,0.19,0.04
3.6um,IC2828,IC2828,0.24,0.04
3.6um,IC2963,IC2963,0.13,0.02
3.6um,IC2969,IC2969,0.11,0.03
3.6um,IC2995,IC2995,0.71,0.01
3.6um,IC2996,IC2996,0.46,0.12
3.6um,IC3005,IC3005,0.34,0.1
3.6um,IC3021,IC3021,0.3,0.01
3.6um,IC3023,IC3023,0.15,0.02
3.6um,IC3033,IC3033,0.19,0.03
3.6um,IC3044,IC3044,0.15,0.04
3.6um,IC3059,IC3059,0.14,0.01
3.6um,IC3061,IC3061,0.14,0.04
3.6um,IC3099,IC3099,0.24,0.02
3.6um,IC3102,IC3102,0.18,0.03
3.6um,IC3105,IC3105,0.16,0.03
3.6um,IC3115,IC3115,0.16,0.01
3.6um,IC3155,IC3155,0.54,0.05
3.6um,IC3215,IC3215,0.17,0.04
3.6um,IC3229,IC3229,0.15,0.04
3.6um,IC3247,IC3247,0.13,0.02
3.6um,IC3258,IC3258,0.13,0.02
3.6um,IC3259,IC3259,0.15,0.02
3.6um,IC3267,IC3267,0.12,0.03
3.6um,IC3268,IC3268,0.24,0.04
3.6um,IC3298,IC3298,0.14,0.05
3.6um,IC3311,IC3311,0.17,0.02
3.6um,IC3322,IC3322,0.21,0.03
3.6um,IC3322A,IC3322A,0.32,0.05
3.6um,IC0335,IC335,0.63,0.02
3.6um,IC3355,IC3355,0.14,0.03
3.6um,IC3356,IC3356,0.19,0.02
3.6um,IC3371,IC3371,0.14,0.02
3.6um,IC3391,IC3391,0.15,0.02
3.6um,IC3392,IC3392,0.2,0.03
3.6um,IC3473,IC3473,0.15,0.04
3.6um,IC3474,IC3474,0.24,0.02
3.6um,IC3475,IC3475,0.14,0.01
3.6um,IC3476,IC3476,0.18,0.01
3.6um,IC3517,IC3517,0.18,0.01
3.6um,IC3521,IC3521,0.14,0.03
3.6um,IC3522,IC3522,0.14,0.03
3.6um,IC3576,IC3576,0.16,0.02
3.6um,IC3583,IC3583,0.2,0.05
3.6um,IC3611,IC3611,0.13,0.03
3.6um,IC3631,IC3631,0.16,0.03
3.6um,IC3687,IC3687,0.72,0.02
3.6um,IC3718,IC3718,0.27,0.01
3.6um,IC3727,IC3727,0.17,0.03
3.6um,IC3742,IC3742,0.19,0.05
3.6um,IC3806,IC3806,0.17,0.04
3.6um,IC3881,IC3881,1.0,0.0
3.6um,IC3908,IC3908,0.29,0.15
3.6um,IC4182,IC4182,0.65,0.01
3.6um,IC4213,IC4213,0.21,0.02
3.6um,IC4214,IC4214,0.91,0.01
3.6um,IC4216,IC4216,0.28,0.02
3.6um,IC4221,IC4221,0.14,0.03
3.6um,IC4231,IC4231,0.23,0.02
3.6um,IC4237,IC4237,0.13,0.02
3.6um,IC4247,IC4247,0.17,0.02
3.6um,IC4263,IC4263,0.34,0.03
3.6um,IC4316,IC4316,0.18,0.02
3.6um,IC4351,IC4351,1.0,0.0
3.6um,IC4407,IC4407,0.16,0.02
3.6um,IC4468,IC4468,0.2,0.05
3.6um,IC4536,IC4536,0.13,0.01
3.6um,IC4582,IC4582,0.23,0.2
3.6um,IC4660,IC4660,0.27,0.13
3.6um,IC4901,IC4901,0.25,0.01
3.6um,IC4951,IC4951,0.46,0.02
3.6um,IC4986,IC4986,0.4,0.02
3.6um,IC5007,IC5007,0.19,0.03
3.6um,IC5026,IC5026,0.62,0.06
3.6um,IC5039,IC5039,0.18,0.04
3.6um,IC5052,IC5052,0.93,0.02
3.6um,IC5069,IC5069,0.64,0.02
3.6um,IC5078,IC5078,0.22,0.02
3.6um,IC0051,IC51,0.18,0.05
3.6um,IC5105B,IC5105B,0.32,0.07
3.6um,IC5152,IC5152,0.32,0.01
3.6um,IC5156,IC5156,0.22,0.1
3.6um,IC5170,IC5170,0.28,0.07
3.6um,IC5176,IC5176,0.42,0.06
3.6um,IC5201,IC5201,0.7,0.01
3.6um,IC5240,IC5240,0.26,0.06
3.6um,IC5249,IC5249,0.59,0.01
3.6um,IC5264,IC5264,0.37,0.09
3.6um,IC5267,IC5267,0.23,0.03
3.6um,IC5269,IC5269,0.26,0.11
3.6um,IC5269A,IC5269A,0.47,0.01
3.6um,IC5269B,IC5269B,0.27,0.01
3.6um,IC5269C,IC5269C,0.39,0.01
3.6um,IC5270,IC5270,0.22,0.08
3.6um,IC5271,IC5271,0.21,0.13
3.6um,IC5273,IC5273,0.33,0.03
3.6um,IC0529,IC529,0.27,0.12
3.6um,IC5321,IC5321,0.25,0.02
3.6um,IC5325,IC5325,0.23,0.03
3.6um,IC5332,IC5332,0.38,0.01
3.6um,IC5333,IC5333,0.43,0.09
3.6um,IC5334,IC5334,0.15,0.04
3.6um,IC0600,IC600,0.23,0.02
3.6um,IC0610,IC610,0.17,0.04
3.6um,IC0718,IC718,0.13,0.02
3.6um,IC0719,IC719,0.09,0.09
3.6um,IC0749,IC749,0.3,0.02
3.6um,IC0750,IC750,0.2,0.1
3.6um,IC0755,IC755,0.13,0.05
3.6um,IC0758,IC758,0.48,0.02
3.6um,IC0764,IC764,0.82,0.0
3.6um,IC0769,IC769,0.18,0.01
3.6um,IC0776,IC776,0.18,0.01
3.6um,IC0796,IC796,0.15,0.05
3.6um,IC0797,IC797,0.11,0.05
3.6um,IC0800,IC800,0.12,0.03
3.6um,IC0851,IC851,0.16,0.04
3.6um,IC0863,IC863,0.12,0.05
3.6um,IC0902,IC902,0.4,0.16
3.6um,NGC0337A,NGC0337A,0.33,0.01
3.6um,NGC0986A,NGC0986A,0.39,0.04
3.6um,NGC0100,NGC100,0.3,0.01
3.6um,NGC1015,NGC1015,0.13,0.04
3.6um,NGC1022,NGC1022,0.47,0.02
3.6um,NGC1032,NGC1032,0.53,0.01
3.6um,NGC1035,NGC1035,0.15,0.06
3.6um,NGC1036,NGC1036,0.12,0.06
3.6um,NGC1042,NGC1042,0.44,0.01
3.6um,NGC1047,NGC1047,0.14,0.04
3.6um,NGC1051,NGC1051,0.17,0.01
3.6um,NGC1052,NGC1052,0.19,0.06
3.6um,NGC1055,NGC1055,0.89,0.01
3.6um,NGC1068,NGC1068,0.82,0.02
3.6um,NGC1073,NGC1073,0.29,0.01
3.6um,NGC1076,NGC1076,0.17,0.04
3.6um,NGC1079,NGC1079,0.65,0.03
3.6um,NGC1084,NGC1084,0.72,0.01
3.6um,NGC1087,NGC1087,0.65,0.01
3.6um,NGC1090,NGC1090,0.54,0.01
3.6um,NGC1097,NGC1097,0.75,0.01
3.6um,NGC1110,NGC1110,0.3,0.05
3.6um,NGC1140,NGC1140,0.19,0.02
3.6um,NGC1145,NGC1145,0.68,0.01
3.6um,NGC0115,NGC115,0.37,0.03
3.6um,NGC1163,NGC1163,0.2,0.05
3.6um,NGC1179,NGC1179,0.16,0.01
3.6um,NGC1187,NGC1187,0.27,0.02
3.6um,NGC1222,NGC1222,0.13,0.09
3.6um,NGC1232,NGC1232,0.42,0.0
3.6um,NGC1249,NGC1249,0.88,0.01
3.6um,NGC1253,NGC1253,0.44,0.0
3.6um,NGC1255,NGC1255,0.52,0.02
3.6um,NGC1258,NGC1258,0.31,0.03
3.6um,NGC1291,NGC1291,0.83,0.0
3.6um,NGC1292,NGC1292,0.89,0.0
3.6um,NGC1297,NGC1297,0.3,0.02
3.6um,NGC1299,NGC1299,0.13,0.06
3.6um,NGC1300,NGC1300,0.43,0.01
3.6um,NGC1302,NGC1302,0.26,0.03
3.6um,NGC1306,NGC1306,0.26,0.14
3.6um,NGC1309,NGC1309,0.7,0.02
3.6um,NGC0131,NGC131,0.4,0.06
3.6um,NGC1310,NGC1310,0.22,0.03
3.6um,NGC1311,NGC1311,1.0,4.65
3.6um,NGC1313,NGC1313,0.66,0.01
3.6um,NGC1316C,NGC1316C,0.3,0.06
3.6um,NGC1325,NGC1325,0.42,0.01
3.6um,NGC1325A,NGC1325A,0.19,0.02
3.6um,NGC1326,NGC1326,0.26,0.04
3.6um,NGC1326A,NGC1326A,0.58,0.04
3.6um,NGC1326B,NGC1326B,0.65,0.01
3.6um,NGC1332,NGC1332,0.2,0.05
3.6um,NGC1337,NGC1337,0.14,0.01
3.6um,NGC1338,NGC1338,0.29,0.05
3.6um,NGC1339,NGC1339,0.16,0.09
3.6um,NGC0134,NGC134,0.58,0.01
3.6um,NGC1341,NGC1341,0.23,0.11
3.6um,NGC1345,NGC1345,0.14,0.04
3.6um,NGC1347,NGC1347,0.26,0.02
3.6um,NGC1350,NGC1350,0.79,0.0
3.6um,NGC1351A,NGC1351A,0.41,0.2
3.6um,NGC1353,NGC1353,0.28,0.03
3.6um,NGC1357,NGC1357,0.54,0.01
3.6um,NGC1359,NGC1359,0.23,0.03
3.6um,NGC1365,NGC1365,0.93,0.0
3.6um,NGC1366,NGC1366,0.2,0.08
3.6um,NGC1367,NGC1367,0.33,0.03
3.6um,NGC1385,NGC1385,0.72,0.01
3.6um,NGC1386,NGC1386,0.2,0.05
3.6um,NGC1389,NGC1389,0.56,0.02
3.6um,NGC1390,NGC1390,0.12,0.02
3.6um,NGC1398,NGC1398,0.18,0.03
3.6um,NGC0014,NGC14,0.14,0.02
3.6um,NGC1406,NGC1406,0.48,0.01
3.6um,NGC1411,NGC1411,0.35,0.05
3.6um,NGC1414,NGC1414,0.11,0.01
3.6um,NGC1415,NGC1415,0.27,0.05
3.6um,NGC1421,NGC1421,0.23,0.02
3.6um,NGC1422,NGC1422,0.3,0.02
3.6um,NGC1425,NGC1425,0.46,0.01
3.6um,NGC1427A,NGC1427A,0.3,0.01
3.6um,NGC1433,NGC1433,0.95,0.0
3.6um,NGC1436,NGC1436,0.75,0.02
3.6um,NGC1437B,NGC1437B,0.91,0.01
3.6um,NGC1438,NGC1438,0.17,0.02
3.6um,NGC1448,NGC1448,0.93,0.0
3.6um,NGC1452,NGC1452,0.3,0.02
3.6um,NGC1461,NGC1461,0.75,0.01
3.6um,NGC1473,NGC1473,0.31,0.08
3.6um,NGC1476,NGC1476,0.48,0.08
3.6um,NGC0148,NGC148,0.23,0.14
3.6um,NGC1482,NGC1482,0.71,0.04
3.6um,NGC1483,NGC1483,0.23,0.1
3.6um,NGC1484,NGC1484,0.84,0.04
3.6um,NGC1487,NGC1487,0.75,0.02
3.6um,NGC1493,NGC1493,0.4,0.01
3.6um,NGC1494,NGC1494,0.76,0.0
3.6um,NGC1495,NGC1495,0.38,0.09
3.6um,NGC0150,NGC150,0.25,0.02
3.6um,NGC1507,NGC1507,0.33,0.0
3.6um,NGC1510,NGC1510,0.33,0.09
3.6um,NGC1511,NGC1511,0.31,0.03
3.6um,NGC1511A,NGC1511A,0.58,0.08
3.6um,NGC1511B,NGC1511B,0.59,0.05
3.6um,NGC1512,NGC1512,0.58,0.01
3.6um,NGC1515,NGC1515,0.87,0.0
3.6um,NGC1518,NGC1518,0.24,0.01
3.6um,NGC1519,NGC1519,0.24,0.03
3.6um,NGC1532,NGC1532,0.83,0.0
3.6um,NGC1533,NGC1533,0.89,0.01
3.6um,NGC1546,NGC1546,0.3,0.07
3.6um,NGC1553,NGC1553,0.19,0.05
3.6um,NGC1556,NGC1556,0.32,0.18
3.6um,NGC1559,NGC1559,0.35,0.02
3.6um,NGC1566,NGC1566,0.91,0.01
3.6um,NGC0157,NGC157,0.42,0.03
3.6um,NGC1592,NGC1592,0.19,0.04
3.6um,NGC1596,NGC1596,0.81,0.01
3.6um,NGC1602,NGC1602,0.49,0.04
3.6um,NGC1637,NGC1637,0.75,0.01
3.6um,NGC1640,NGC1640,0.67,0.02
3.6um,NGC1672,NGC1672,0.99,0.0
3.6um,NGC1679,NGC1679,0.75,0.01
3.6um,NGC1688,NGC1688,0.36,0.04
3.6um,NGC1703,NGC1703,0.64,0.04
3.6um,NGC1705,NGC1705,0.45,0.04
3.6um,NGC1744,NGC1744,0.39,0.01
3.6um,NGC0178,NGC178,0.22,0.01
3.6um,NGC1792,NGC1792,0.71,0.02
3.6um,NGC1800,NGC1800,0.31,0.05
3.6um,NGC1808,NGC1808,1.0,0.0
3.6um,NGC1809,NGC1809,0.56,0.01
3.6um,NGC1824,NGC1824,0.56,0.15
3.6um,NGC1827,NGC1827,0.89,0.01
3.6um,NGC1853,NGC1853,0.32,0.04
3.6um,NGC1879,NGC1879,0.35,0.02
3.6um,NGC1892,NGC1892,0.62,0.02
3.6um,NGC0210,NGC210,0.72,0.01
3.6um,NGC2101,NGC2101,0.44,0.06
3.6um,NGC2104,NGC2104,0.34,0.03
3.6um,NGC0216,NGC216,0.23,0.05
3.6um,NGC2320,NGC2320,0.18,0.1
3.6um,NGC0024,NGC24,0.22,0.01
3.6um,NGC0244,NGC244,0.18,0.06
3.6um,NGC2460,NGC2460,0.17,0.09
3.6um,NGC0247,NGC247,0.49,0.01
3.6um,NGC2500,NGC2500,0.38,0.02
3.6um,NGC0253,NGC253,0.85,0.0
3.6um,NGC2537,NGC2537,0.29,0.05
3.6um,NGC0254,NGC254,0.26,0.12
3.6um,NGC2541,NGC2541,0.3,0.03
3.6um,NGC2543,NGC2543,0.22,0.03
3.6um,NGC0255,NGC255,0.16,0.02
3.6um,NGC2550,NGC2550,0.34,0.19
3.6um,NGC2551,NGC2551,0.16,0.13
3.6um,NGC2552,NGC2552,0.64,0.02
3.6um,NGC2591,NGC2591,0.99,0.04
3.6um,NGC2608,NGC2608,0.25,0.04
3.6um,NGC2633,NGC2633,0.29,0.1
3.6um,NGC2634A,NGC2634A,0.47,0.05
3.6um,NGC2648,NGC2648,0.34,0.02
3.6um,NGC2654,NGC2654,0.22,0.04
3.6um,NGC2655,NGC2655,0.87,0.0
3.6um,NGC2681,NGC2681,0.81,0.04
3.6um,NGC2683,NGC2683,0.46,0.01
3.6um,NGC2684,NGC2684,0.26,0.07
3.6um,NGC2685,NGC2685,0.7,0.01
3.6um,NGC2701,NGC2701,0.34,0.05
3.6um,NGC2710,NGC2710,0.29,0.05
3.6um,NGC2712,NGC2712,0.64,0.03
3.6um,NGC2715,NGC2715,0.28,0.03
3.6um,NGC2726,NGC2726,0.26,0.08
3.6um,NGC2731,NGC2731,0.26,0.07
3.6um,NGC2732,NGC2732,0.26,0.14
3.6um,NGC2735,NGC2735,0.22,0.08
3.6um,NGC0274,NGC274,0.32,0.07
3.6um,NGC2742,NGC2742,0.83,0.01
3.6um,NGC2743,NGC2743,0.12,0.03
3.6um,NGC2748,NGC2748,0.2,0.07
3.6um,NGC0275,NGC275,0.3,0.02
3.6um,NGC2750,NGC2750,0.31,0.03
3.6um,NGC2764,NGC2764,0.18,0.07
3.6um,NGC2768,NGC2768,0.97,0.0
3.6um,NGC2770,NGC2770,0.19,0.06
3.6um,NGC2775,NGC2775,0.95,0.0
3.6um,NGC2776,NGC2776,0.28,0.02
3.6um,NGC2780,NGC2780,0.13,0.06
3.6um,NGC2782,NGC2782,0.9,0.01
3.6um,NGC2787,NGC2787,0.15,0.08
3.6um,NGC2793,NGC2793,0.17,0.04
3.6um,NGC2798,NGC2798,0.43,0.07
3.6um,NGC2799,NGC2799,0.38,0.06
3.6um,NGC2805,NGC2805,0.66,0.03
3.6um,NGC2814,NGC2814,0.41,0.15
3.6um,NGC2820,NGC2820,0.9,0.02
3.6um,NGC2841,NGC2841,0.92,0.0
3.6um,NGC2844,NGC2844,0.31,0.1
3.6um,NGC2854,NGC2854,0.15,0.08
3.6um,NGC2859,NGC2859,0.8,0.01
3.6um,NGC2882,NGC2882,0.14,0.07
3.6um,NGC0289,NGC289,0.24,0.05
3.6um,NGC2893,NGC2893,0.26,0.11
3.6um,NGC2894,NGC2894,0.23,0.08
3.6um,NGC2903,NGC2903,0.56,0.01
3.6um,NGC2906,NGC2906,0.11,0.07
3.6um,NGC2919,NGC2919,0.15,0.07
3.6um,NGC2938,NGC2938,0.42,0.1
3.6um,NGC2962,NGC2962,0.15,0.06
3.6um,NGC2964,NGC2964,0.75,0.02
3.6um,NGC2966,NGC2966,0.16,0.04
3.6um,NGC2967,NGC2967,0.14,0.03
3.6um,NGC2968,NGC2968,0.24,0.04
3.6um,NGC2974,NGC2974,0.7,0.01
3.6um,NGC2976,NGC2976,0.85,0.0
3.6um,NGC2978,NGC2978,0.26,0.11
3.6um,NGC0298,NGC298,0.16,0.02
3.6um,NGC2985,NGC2985,0.21,0.04
3.6um,NGC2986,NGC2986,0.88,0.0
3.6um,NGC0300,NGC300,0.61,0.01
3.6um,NGC3003,NGC3003,0.33,0.01
3.6um,NGC3018,NGC3018,0.39,0.05
3.6um,NGC3020,NGC3020,0.24,0.0
3.6um,NGC3021,NGC3021,0.18,0.03
3.6um,NGC3023,NGC3023,0.26,0.02
3.6um,NGC3024,NGC3024,0.13,0.04
3.6um,NGC3026,NGC3026,0.17,0.02
3.6um,NGC3027,NGC3027,0.87,0.03
3.6um,NGC3031,NGC3031,0.89,0.0
3.6um,NGC3032,NGC3032,0.28,0.1
3.6um,NGC3034,NGC3034,0.88,0.01
3.6um,NGC3041,NGC3041,0.23,0.02
3.6um,NGC3043,NGC3043,0.4,0.09
3.6um,NGC3044,NGC3044,0.22,0.05
3.6um,NGC3049,NGC3049,0.26,0.03
3.6um,NGC3055,NGC3055,0.24,0.04
3.6um,NGC3057,NGC3057,0.3,0.07
3.6um,NGC3061,NGC3061,0.29,0.09
3.6um,NGC3065,NGC3065,0.2,0.12
3.6um,NGC3066,NGC3066,0.26,0.16
3.6um,NGC3067,NGC3067,0.2,0.06
3.6um,NGC3073,NGC3073,0.24,0.08
3.6um,NGC3077,NGC3077,0.3,0.02
3.6um,NGC3079,NGC3079,0.33,0.05
3.6um,NGC3094,NGC3094,0.16,0.11
3.6um,NGC3098,NGC3098,0.41,0.05
3.6um,NGC3104,NGC3104,0.47,0.01
3.6um,NGC3115,NGC3115,1.0,0.0
3.6um,NGC3118,NGC3118,0.18,0.01
3.6um,NGC3147,NGC3147,0.92,0.01
3.6um,NGC3153,NGC3153,0.14,0.03
3.6um,NGC3155,NGC3155,0.25,0.12
3.6um,NGC3162,NGC3162,0.28,0.02
3.6um,NGC3165,NGC3165,0.19,0.04
3.6um,NGC3166,NGC3166,0.29,0.05
3.6um,NGC3169,NGC3169,0.59,0.01
3.6um,NGC3177,NGC3177,0.15,0.08
3.6um,NGC3182,NGC3182,0.2,0.06
3.6um,NGC3184,NGC3184,0.61,0.0
3.6um,NGC3185,NGC3185,0.16,0.04
3.6um,NGC3187,NGC3187,0.18,0.03
3.6um,NGC3190,NGC3190,0.26,0.09
3.6um,NGC3193,NGC3193,0.45,0.04
3.6um,NGC3198,NGC3198,0.84,0.01
3.6um,NGC3206,NGC3206,0.5,0.03
3.6um,NGC3213,NGC3213,0.09,0.03
3.6um,NGC3220,NGC3220,0.18,0.04
3.6um,NGC3225,NGC3225,0.38,0.05
3.6um,NGC3227,NGC3227,0.7,0.02
3.6um,NGC3239,NGC3239,0.71,0.01
3.6um,NGC3245A,NGC3245A,0.18,0.01
3.6um,NGC3246,NGC3246,0.14,0.03
3.6um,NGC3248,NGC3248,0.16,0.05
3.6um,NGC3252,NGC3252,0.43,0.07
3.6um,NGC3254,NGC3254,0.23,0.03
3.6um,NGC3259,NGC3259,0.28,0.1
3.6um,NGC3264,NGC3264,0.35,0.01
3.6um,NGC3266,NGC3266,0.09,0.2
3.6um,NGC3274,NGC3274,0.16,0.03
3.6um,NGC3277,NGC3277,0.13,0.07
3.6um,NGC3279,NGC3279,0.21,0.07
3.6um,NGC3287,NGC3287,0.14,0.02
3.6um,NGC3294,NGC3294,0.73,0.01
3.6um,NGC3299,NGC3299,0.11,0.02
3.6um,NGC3301,NGC3301,0.23,0.02
3.6um,NGC3306,NGC3306,0.17,0.09
3.6um,NGC3310,NGC3310,0.22,0.04
3.6um,NGC3319,NGC3319,0.82,0.01
3.6um,NGC3320,NGC3320,0.31,0.04
3.6um,NGC3321,NGC3321,0.18,0.02
3.6um,NGC3329,NGC3329,0.17,0.12
3.6um,NGC3338,NGC3338,0.11,0.05
3.6um,NGC3344,NGC3344,0.99,0.0
3.6um,NGC3346,NGC3346,0.52,0.01
3.6um,NGC3351,NGC3351,0.79,0.01
3.6um,NGC3353,NGC3353,0.36,0.06
3.6um,NGC3359,NGC3359,0.25,0.01
3.6um,NGC3361,NGC3361,0.16,0.05
3.6um,NGC3364,NGC3364,0.27,0.09
3.6um,NGC3365,NGC3365,0.31,0.01
3.6um,NGC3368,NGC3368,0.96,0.0
3.6um,NGC0337,NGC337,0.53,0.01
3.6um,NGC3370,NGC3370,0.3,0.04
3.6um,NGC3377A,NGC3377A,0.11,0.02
3.6um,NGC3380,NGC3380,0.13,0.04
3.6um,NGC3381,NGC3381,0.35,0.02
3.6um,NGC3384,NGC3384,0.81,0.0
3.6um,NGC3389,NGC3389,0.51,0.02
3.6um,NGC3395,NGC3395,0.33,0.04
3.6um,NGC3396,NGC3396,0.59,0.01
3.6um,NGC3403,NGC3403,0.91,0.07
3.6um,NGC3413,NGC3413,0.22,0.02
3.6um,NGC3414,NGC3414,0.56,0.03
3.6um,NGC3423,NGC3423,0.16,0.01
3.6um,NGC3424,NGC3424,0.41,0.06
3.6um,NGC3430,NGC3430,0.51,0.01
3.6um,NGC3432,NGC3432,0.39,0.01
3.6um,NGC3433,NGC3433,0.38,0.02
3.6um,NGC3437,NGC3437,0.21,0.08
3.6um,NGC3440,NGC3440,0.19,0.01
3.6um,NGC3443,NGC3443,0.16,0.02
3.6um,NGC3445,NGC3445,0.4,0.06
3.6um,NGC3447,NGC3447,0.58,0.01
3.6um,NGC3447A,NGC3447A,0.49,0.06
3.6um,NGC3448,NGC3448,0.79,0.01
3.6um,NGC3454,NGC3454,0.44,0.03
3.6um,NGC3455,NGC3455,0.19,0.01
3.6um,NGC3468,NGC3468,0.17,0.07
3.6um,NGC3471,NGC3471,0.18,0.08
3.6um,NGC3485,NGC3485,0.16,0.01
3.6um,NGC3486,NGC3486,0.85,0.01
3.6um,NGC3488,NGC3488,0.34,0.07
3.6um,NGC3489,NGC3489,0.7,0.04
3.6um,NGC3495,NGC3495,0.78,0.01
3.6um,NGC3501,NGC3501,0.72,0.01
3.6um,NGC3504,NGC3504,0.12,0.11
3.6um,NGC3507,NGC3507,0.6,0.02
3.6um,NGC3510,NGC3510,0.15,0.02
3.6um,NGC3511,NGC3511,0.33,0.02
3.6um,NGC3512,NGC3512,0.26,0.07
3.6um,NGC3513,NGC3513,0.64,0.01
3.6um,NGC3521,NGC3521,0.93,0.0
3.6um,NGC3522,NGC3522,0.15,0.07
3.6um,NGC3526,NGC3526,0.13,0.03
3.6um,NGC3547,NGC3547,0.11,0.02
3.6um,NGC3549,NGC3549,0.26,0.02
3.6um,NGC3556,NGC3556,0.75,0.02
3.6um,NGC3583,NGC3583,0.21,0.06
3.6um,NGC3589,NGC3589,0.22,0.01
3.6um,NGC3592,NGC3592,0.14,0.03
3.6um,NGC3593,NGC3593,0.82,0.03
3.6um,NGC3596,NGC3596,0.16,0.01
3.6um,NGC3599,NGC3599,0.35,0.04
3.6um,NGC0360,NGC360,0.86,0.05
3.6um,NGC3600,NGC3600,0.28,0.04
3.6um,NGC3608,NGC3608,0.5,0.01
3.6um,NGC3611,NGC3611,0.09,0.04
3.6um,NGC3614,NGC3614,0.3,0.04
3.6um,NGC3619,NGC3619,0.27,0.03
3.6um,NGC3622,NGC3622,0.29,0.11
3.6um,NGC3623,NGC3623,0.65,0.01
3.6um,NGC3625,NGC3625,0.46,0.08
3.6um,NGC3626,NGC3626,0.11,0.05
3.6um,NGC3627,NGC3627,0.95,0.0
3.6um,NGC3628,NGC3628,0.74,0.01
3.6um,NGC3629,NGC3629,0.18,0.02
3.6um,NGC3631,NGC3631,0.22,0.03
3.6um,NGC3633,NGC3633,0.2,0.06
3.6um,NGC3637,NGC3637,0.69,0.02
3.6um,NGC3642,NGC3642,0.31,0.02
3.6um,NGC3648,NGC3648,0.15,0.08
3.6um,NGC3652,NGC3652,0.38,0.03
3.6um,NGC3654,NGC3654,0.39,0.07
3.6um,NGC3655,NGC3655,0.14,0.05
3.6um,NGC3659,NGC3659,0.26,0.03
3.6um,NGC3664,NGC3664,0.19,0.02
3.6um,NGC3666,NGC3666,0.65,0.01
3.6um,NGC3669,NGC3669,0.43,0.05
3.6um,NGC3672,NGC3672,0.7,0.01
3.6um,NGC3673,NGC3673,0.26,0.04
3.6um,NGC3675,NGC3675,0.87,0.01
3.6um,NGC3681,NGC3681,0.16,0.04
3.6um,NGC3682,NGC3682,0.27,0.11
3.6um,NGC3683,NGC3683,0.23,0.16
3.6um,NGC3683A,NGC3683A,0.31,0.06
3.6um,NGC3684,NGC3684,0.11,0.04
3.6um,NGC3686,NGC3686,0.38,0.02
3.6um,NGC3687,NGC3687,0.12,0.06
3.6um,NGC3689,NGC3689,0.13,0.07
3.6um,NGC3691,NGC3691,0.09,0.01
3.6um,NGC3692,NGC3692,0.11,0.04
3.6um,NGC3701,NGC3701,0.11,0.03
3.6um,NGC3705,NGC3705,0.45,0.01
3.6um,NGC3712,NGC3712,0.15,0.02
3.6um,NGC3715,NGC3715,0.2,0.16
3.6um,NGC3718,NGC3718,0.87,0.01
3.6um,NGC3726,NGC3726,0.99,0.0
3.6um,NGC3729,NGC3729,0.89,0.0
3.6um,NGC3733,NGC3733,0.92,0.01
3.6um,NGC3735,NGC3735,0.79,0.01
3.6um,NGC3738,NGC3738,0.31,0.06
3.6um,NGC3752,NGC3752,0.4,0.15
3.6um,NGC3755,NGC3755,0.52,0.01
3.6um,NGC3756,NGC3756,0.2,0.04
3.6um,NGC3757,NGC3757,0.25,0.17
3.6um,NGC3769,NGC3769,0.8,0.0
3.6um,NGC3773,NGC3773,0.19,0.05
3.6um,NGC3779,NGC3779,0.14,0.01
3.6um,NGC3780,NGC3780,0.69,0.04
3.6um,NGC3782,NGC3782,0.2,0.07
3.6um,NGC3786,NGC3786,0.28,0.04
3.6um,NGC3788,NGC3788,0.29,0.08
3.6um,NGC3794,NGC3794,0.45,0.01
3.6um,NGC3795,NGC3795,0.48,0.04
3.6um,NGC3795A,NGC3795A,0.48,0.02
3.6um,NGC3810,NGC3810,0.12,0.04
3.6um,NGC3813,NGC3813,0.18,0.04
3.6um,NGC3835,NGC3835,0.24,0.06
3.6um,NGC3846A,NGC3846A,0.45,0.01
3.6um,NGC3850,NGC3850,0.38,0.03
3.6um,NGC3870,NGC3870,0.27,0.17
3.6um,NGC3876,NGC3876,0.13,0.05
3.6um,NGC3877,NGC3877,0.84,0.0
3.6um,NGC3879,NGC3879,0.57,0.1
3.6um,NGC3885,NGC3885,0.75,0.02
3.6um,NGC3887,NGC3887,0.2,0.02
3.6um,NGC3888,NGC3888,0.25,0.1
3.6um,NGC3892,NGC3892,0.19,0.05
3.6um,NGC3893,NGC3893,0.71,0.02
3.6um,NGC3896,NGC3896,0.26,0.02
3.6um,NGC3898,NGC3898,0.19,0.06
3.6um,NGC3900,NGC3900,0.15,0.04
3.6um,NGC3901,NGC3901,0.25,0.07
3.6um,NGC3904,NGC3904,0.17,0.04
3.6um,NGC3906,NGC3906,0.17,0.02
3.6um,NGC3912,NGC3912,0.28,0.07
3.6um,NGC3913,NGC3913,0.36,0.03
3.6um,NGC3917,NGC3917,0.2,0.01
3.6um,NGC3922,NGC3922,0.31,0.04
3.6um,NGC3928,NGC3928,0.17,0.13
3.6um,NGC3930,NGC3930,0.19,0.03
3.6um,NGC3931,NGC3931,0.16,0.09
3.6um,NGC3936,NGC3936,0.26,0.02
3.6um,NGC3938,NGC3938,0.24,0.03
3.6um,NGC3941,NGC3941,0.7,0.02
3.6um,NGC3949,NGC3949,0.21,0.09
3.6um,NGC3952,NGC3952,0.14,0.02
3.6um,NGC3953,NGC3953,0.78,0.03
3.6um,NGC3955,NGC3955,0.46,0.01
3.6um,NGC3956,NGC3956,0.33,0.01
3.6um,NGC3962,NGC3962,0.18,0.04
3.6um,NGC3972,NGC3972,0.44,0.02
3.6um,NGC3976,NGC3976,0.45,0.02
3.6um,NGC3981,NGC3981,0.74,0.01
3.6um,NGC3982,NGC3982,0.2,0.07
3.6um,NGC3985,NGC3985,0.25,0.07
3.6um,NGC3992,NGC3992,0.43,0.01
3.6um,NGC3998,NGC3998,0.25,0.11
3.6um,NGC4010,NGC4010,0.76,0.01
3.6um,NGC4013,NGC4013,0.8,0.02
3.6um,NGC4020,NGC4020,0.17,0.02
3.6um,NGC4027,NGC4027,0.26,0.03
3.6um,NGC4030,NGC4030,0.11,0.02
3.6um,NGC4032,NGC4032,0.12,0.03
3.6um,NGC4034,NGC4034,0.45,0.05
3.6um,NGC4037,NGC4037,0.14,0.01
3.6um,NGC4038,NGC4038,0.33,0.01
3.6um,NGC4039,NGC4039,0.42,0.01
3.6um,NGC4041,NGC4041,0.18,0.06
3.6um,NGC4045,NGC4045,0.15,0.05
3.6um,NGC4049,NGC4049,0.14,0.02
3.6um,NGC4050,NGC4050,0.16,0.04
3.6um,NGC4051,NGC4051,0.32,0.05
3.6um,NGC0406,NGC406,0.52,0.08
3.6um,NGC4062,NGC4062,0.74,0.01
3.6um,NGC4064,NGC4064,0.32,0.05
3.6um,NGC4067,NGC4067,0.14,0.04
3.6um,NGC4068,NGC4068,0.3,0.02
3.6um,NGC4080,NGC4080,0.29,0.1
3.6um,NGC4081,NGC4081,0.25,0.12
3.6um,NGC4085,NGC4085,0.18,0.06
3.6um,NGC4088,NGC4088,0.3,0.01
3.6um,NGC4094,NGC4094,0.18,0.01
3.6um,NGC4096,NGC4096,0.31,0.02
3.6um,NGC4100,NGC4100,0.6,0.01
3.6um,NGC4102,NGC4102,0.25,0.09
3.6um,NGC4106,NGC4106,0.41,0.02
3.6um,NGC4108,NGC4108,0.19,0.19
3.6um,NGC4108B,NGC4108B,0.51,0.08
3.6um,NGC4111,NGC4111,0.13,0.16
3.6um,NGC4116,NGC4116,0.28,0.02
3.6um,NGC4117,NGC4117,0.22,0.11
3.6um,NGC4120,NGC4120,0.48,0.06
3.6um,NGC4123,NGC4123,0.19,0.04
3.6um,NGC4127,NGC4127,0.26,0.1
3.6um,NGC4129,NGC4129,0.41,0.03
3.6um,NGC4133,NGC4133,0.29,0.17
3.6um,NGC4136,NGC4136,0.28,0.02
3.6um,NGC4138,NGC4138,0.33,0.1
3.6um,NGC4141,NGC4141,0.5,0.08
3.6um,NGC4142,NGC4142,0.2,0.03
3.6um,NGC4144,NGC4144,0.94,0.0
3.6um,NGC4145,NGC4145,0.22,0.0
3.6um,NGC4151,NGC4151,0.85,0.02
3.6um,NGC4152,NGC4152,0.14,0.06
3.6um,NGC4157,NGC4157,1.0,1.12
3.6um,NGC4158,NGC4158,0.15,0.04
3.6um,NGC4159,NGC4159,0.39,0.12
3.6um,NGC4162,NGC4162,0.34,0.03
3.6um,NGC4163,NGC4163,0.21,0.01
3.6um,NGC4165,NGC4165,0.38,0.04
3.6um,NGC4173,NGC4173,0.6,0.05
3.6um,NGC4178,NGC4178,0.59,0.02
3.6um,NGC4180,NGC4180,0.17,0.07
3.6um,NGC4183,NGC4183,0.83,0.01
3.6um,NGC4189,NGC4189,0.23,0.02
3.6um,NGC4190,NGC4190,0.17,0.01
3.6um,NGC4192,NGC4192,0.83,0.01
3.6um,NGC4193,NGC4193,0.21,0.07
3.6um,NGC4194,NGC4194,0.62,0.07
3.6um,NGC4197,NGC4197,0.2,0.02
3.6um,NGC4203,NGC4203,0.64,0.02
3.6um,NGC4204,NGC4204,0.18,0.01
3.6um,NGC4205,NGC4205,0.36,0.06
3.6um,NGC4206,NGC4206,0.73,0.02
3.6um,NGC4207,NGC4207,0.2,0.11
3.6um,NGC4210,NGC4210,0.28,0.05
3.6um,NGC4212,NGC4212,0.14,0.04
3.6um,NGC4214,NGC4214,0.99,3.98
3.6um,NGC4216,NGC4216,0.93,0.01
3.6um,NGC4217,NGC4217,0.36,0.03
3.6um,NGC4220,NGC4220,0.95,0.0
3.6um,NGC4222,NGC4222,0.41,0.02
3.6um,NGC4224,NGC4224,0.18,0.04
3.6um,NGC4234,NGC4234,0.19,0.02
3.6um,NGC4235,NGC4235,0.66,0.02
3.6um,NGC4236,NGC4236,1.0,0.0
3.6um,NGC4237,NGC4237,0.19,0.04
3.6um,NGC4238,NGC4238,0.48,0.07
3.6um,NGC4242,NGC4242,0.92,0.01
3.6um,NGC4244,NGC4244,0.82,0.0
3.6um,NGC4245,NGC4245,0.2,0.08
3.6um,NGC4248,NGC4248,0.2,0.03
3.6um,NGC4250,NGC4250,0.16,0.13
3.6um,NGC4252,NGC4252,0.22,0.03
3.6um,NGC4254,NGC4254,0.57,0.02
3.6um,NGC4256,NGC4256,0.33,0.04
3.6um,NGC4258,NGC4258,0.97,0.0
3.6um,NGC4260,NGC4260,0.13,0.05
3.6um,NGC4262,NGC4262,0.17,0.11
3.6um,NGC4267,NGC4267,0.48,0.05
3.6um,NGC4268,NGC4268,0.14,0.04
3.6um,NGC4273,NGC4273,0.25,0.04
3.6um,NGC4274,NGC4274,0.83,0.02
3.6um,NGC4276,NGC4276,0.16,0.04
3.6um,NGC4278,NGC4278,0.65,0.04
3.6um,NGC0428,NGC428,0.36,0.01
3.6um,NGC4283,NGC4283,0.24,0.08
3.6um,NGC4286,NGC4286,0.12,0.03
3.6um,NGC4287,NGC4287,0.16,0.05
3.6um,NGC4288,NGC4288,0.23,0.04
3.6um,NGC4289,NGC4289,0.24,0.01
3.6um,NGC4293,NGC4293,0.63,0.02
3.6um,NGC4294,NGC4294,0.2,0.03
3.6um,NGC4298,NGC4298,0.33,0.02
3.6um,NGC4299,NGC4299,0.23,0.02
3.6um,NGC4302,NGC4302,0.29,0.03
3.6um,NGC4303,NGC4303,0.79,0.01
3.6um,NGC4303A,NGC4303A,0.14,0.04
3.6um,NGC4307,NGC4307,0.2,0.06
3.6um,NGC4309,NGC4309,0.17,0.04
3.6um,NGC4310,NGC4310,0.16,0.04
3.6um,NGC4312,NGC4312,0.35,0.01
3.6um,NGC4313,NGC4313,0.15,0.04
3.6um,NGC4314,NGC4314,0.94,0.0
3.6um,NGC4316,NGC4316,0.27,0.08
3.6um,NGC4319,NGC4319,0.23,0.06
3.6um,NGC4321,NGC4321,0.44,0.02
3.6um,NGC4324,NGC4324,0.18,0.04
3.6um,NGC4330,NGC4330,0.23,0.03
3.6um,NGC4331,NGC4331,0.64,0.04
3.6um,NGC4336,NGC4336,0.14,0.03
3.6um,NGC4343,NGC4343,0.19,0.08
3.6um,NGC4344,NGC4344,0.14,0.06
3.6um,NGC4346,NGC4346,0.88,0.0
3.6um,NGC4348,NGC4348,0.47,0.02
3.6um,NGC4351,NGC4351,0.15,0.05
3.6um,NGC4353,NGC4353,0.15,0.05
3.6um,NGC4355,NGC4355,0.3,0.07
3.6um,NGC4356,NGC4356,0.17,0.03
3.6um,NGC4359,NGC4359,0.14,0.03
3.6um,NGC4369,NGC4369,0.19,0.11
3.6um,NGC4370,NGC4370,0.2,0.04
3.6um,NGC4371,NGC4371,0.15,0.02
3.6um,NGC4374,NGC4374,0.94,0.0
3.6um,NGC4376,NGC4376,0.13,0.05
3.6um,NGC4378,NGC4378,0.18,0.07
3.6um,NGC4380,NGC4380,0.58,0.01
3.6um,NGC4383,NGC4383,0.2,0.08
3.6um,NGC4384,NGC4384,0.23,0.09
3.6um,NGC4385,NGC4385,0.27,0.02
3.6um,NGC4388,NGC4388,0.18,0.03
3.6um,NGC4389,NGC4389,0.19,0.03
3.6um,NGC4390,NGC4390,0.15,0.04
3.6um,NGC4393,NGC4393,0.19,0.02
3.6um,NGC4394,NGC4394,0.44,0.03
3.6um,NGC4395,NGC4395,0.41,0.01
3.6um,NGC4396,NGC4396,0.23,0.01
3.6um,NGC4402,NGC4402,0.57,0.03
3.6um,NGC4405,NGC4405,0.15,0.06
3.6um,NGC4406,NGC4406,0.96,0.0
3.6um,NGC4409,NGC4409,0.23,0.04
3.6um,NGC4411A,NGC4411A,0.18,0.02
3.6um,NGC4411B,NGC4411B,0.2,0.02
3.6um,NGC4412,NGC4412,0.19,0.04
3.6um,NGC4413,NGC4413,0.2,0.04
3.6um,NGC4414,NGC4414,0.15,0.09
3.6um,NGC4416,NGC4416,0.19,0.03
3.6um,NGC4419,NGC4419,0.74,0.01
3.6um,NGC4423,NGC4423,0.17,0.02
3.6um,NGC4424,NGC4424,0.16,0.04
3.6um,NGC4428,NGC4428,0.15,0.05
3.6um,NGC4430,NGC4430,0.19,0.01
3.6um,NGC4434,NGC4434,0.1,0.06
3.6um,NGC4437,NGC4437,0.59,0.01
3.6um,NGC4438,NGC4438,1.0,0.0
3.6um,NGC4442,NGC4442,0.87,0.01
3.6um,NGC4445,NGC4445,0.18,0.07
3.6um,NGC4448,NGC4448,0.09,0.08
3.6um,NGC4449,NGC4449,0.97,0.0
3.6um,NGC4450,NGC4450,0.77,0.01
3.6um,NGC4451,NGC4451,0.16,0.06
3.6um,NGC4454,NGC4454,0.15,0.04
3.6um,NGC4455,NGC4455,0.17,0.02
3.6um,NGC4457,NGC4457,0.19,0.06
3.6um,NGC4460,NGC4460,0.99,0.0
3.6um,NGC4461,NGC4461,0.25,0.05
3.6um,NGC4462,NGC4462,0.25,0.05
3.6um,NGC4470,NGC4470,0.15,0.03
3.6um,NGC4472,NGC4472,0.37,0.01
3.6um,NGC4480,NGC4480,0.37,0.03
3.6um,NGC4485,NGC4485,0.36,0.02
3.6um,NGC4487,NGC4487,0.15,0.01
3.6um,NGC4488,NGC4488,0.15,0.03
3.6um,NGC4489,NGC4489,0.13,0.03
3.6um,NGC4490,NGC4490,0.94,0.0
3.6um,NGC4491,NGC4491,0.14,0.03
3.6um,NGC4492,NGC4492,0.16,0.03
3.6um,NGC4494,NGC4494,0.81,0.01
3.6um,NGC4496A,NGC4496A,0.4,0.01
3.6um,NGC4498,NGC4498,0.25,0.01
3.6um,NGC0045,NGC45,0.52,0.0
3.6um,NGC0450,NGC450,0.5,0.02
3.6um,NGC4501,NGC4501,0.76,0.01
3.6um,NGC4502,NGC4502,0.13,0.03
3.6um,NGC4503,NGC4503,0.19,0.04
3.6um,NGC4504,NGC4504,0.62,0.01
3.6um,NGC4506,NGC4506,0.15,0.03
3.6um,NGC4517A,NGC4517A,0.19,0.01
3.6um,NGC4519,NGC4519,0.33,0.01
3.6um,NGC4522,NGC4522,0.31,0.02
3.6um,NGC4523,NGC4523,0.17,0.02
3.6um,NGC4525,NGC4525,0.15,0.01
3.6um,NGC4527,NGC4527,0.62,0.02
3.6um,NGC4528,NGC4528,0.12,0.06
3.6um,NGC4531,NGC4531,0.13,0.03
3.6um,NGC4532,NGC4532,0.28,0.05
3.6um,NGC4533,NGC4533,0.21,0.02
3.6um,NGC4534,NGC4534,0.88,0.01
3.6um,NGC4535,NGC4535,0.19,0.01
3.6um,NGC4536,NGC4536,0.23,0.02
3.6um,NGC4539,NGC4539,0.18,0.03
3.6um,NGC4540,NGC4540,0.17,0.02
3.6um,NGC4544,NGC4544,0.23,0.07
3.6um,NGC4545,NGC4545,0.36,0.07
3.6um,NGC4546,NGC4546,0.69,0.04
3.6um,NGC4548,NGC4548,0.45,0.02
3.6um,NGC4550,NGC4550,0.57,0.02
3.6um,NGC4559,NGC4559,0.97,0.0
3.6um,NGC4561,NGC4561,0.18,0.03
3.6um,NGC4562,NGC4562,0.34,0.02
3.6um,NGC4565,NGC4565,0.87,0.0
3.6um,NGC4567,NGC4567,0.35,0.02
3.6um,NGC4568,NGC4568,0.67,0.02
3.6um,NGC4569,NGC4569,0.91,0.0
3.6um,NGC4571,NGC4571,0.15,0.01
3.6um,NGC4572,NGC4572,0.54,0.16
3.6um,NGC4579,NGC4579,0.74,0.02
3.6um,NGC4580,NGC4580,0.16,0.07
3.6um,NGC4584,NGC4584,0.11,0.03
3.6um,NGC4586,NGC4586,0.19,0.07
3.6um,NGC4591,NGC4591,0.11,0.03
3.6um,NGC4592,NGC4592,0.51,0.01
3.6um,NGC4593,NGC4593,0.34,0.03
3.6um,NGC4594,NGC4594,0.61,0.03
3.6um,NGC4595,NGC4595,0.19,0.04
3.6um,NGC4596,NGC4596,0.66,0.02
3.6um,NGC4597,NGC4597,0.13,0.01
3.6um,NGC4599,NGC4599,0.12,0.05
3.6um,NGC4602,NGC4602,0.16,0.04
3.6um,NGC4604,NGC4604,0.13,0.05
3.6um,NGC4605,NGC4605,0.9,0.01
3.6um,NGC4606,NGC4606,0.28,0.02
3.6um,NGC4607,NGC4607,0.27,0.03
3.6um,NGC4618,NGC4618,0.94,0.01
3.6um,NGC4625,NGC4625,0.33,0.08
3.6um,NGC4628,NGC4628,0.18,0.07
3.6um,NGC4629,NGC4629,0.11,0.02
3.6um,NGC4630,NGC4630,0.24,0.03
3.6um,NGC4631,NGC4631,0.82,0.05
3.6um,NGC4632,NGC4632,0.23,0.02
3.6um,NGC4633,NGC4633,0.17,0.02
3.6um,NGC4634,NGC4634,0.46,0.02
3.6um,NGC4635,NGC4635,0.15,0.01
3.6um,NGC4636,NGC4636,0.97,0.0
3.6um,NGC4639,NGC4639,0.57,0.01
3.6um,NGC4641,NGC4641,0.17,0.05
3.6um,NGC4642,NGC4642,0.12,0.03
3.6um,NGC4643,NGC4643,0.09,0.07
3.6um,NGC4647,NGC4647,1.0,0.0
3.6um,NGC4651,NGC4651,0.17,0.05
3.6um,NGC4653,NGC4653,0.3,0.01
3.6um,NGC4654,NGC4654,0.82,0.01
3.6um,NGC4656,NGC4656,0.28,0.0
3.6um,NGC4658,NGC4658,0.32,0.06
3.6um,NGC4659,NGC4659,0.21,0.05
3.6um,NGC4666,NGC4666,0.29,0.01
3.6um,NGC4668,NGC4668,0.12,0.02
3.6um,NGC4680,NGC4680,0.15,0.07
3.6um,NGC4682,NGC4682,0.49,0.02
3.6um,NGC4684,NGC4684,0.65,0.02
3.6um,NGC4688,NGC4688,0.45,0.01
3.6um,NGC4689,NGC4689,0.74,0.01
3.6um,NGC4691,NGC4691,0.64,0.02
3.6um,NGC4694,NGC4694,0.15,0.07
3.6um,NGC4698,NGC4698,0.77,0.01
3.6um,NGC4699,NGC4699,0.2,0.02
3.6um,NGC0470,NGC470,0.4,0.05
3.6um,NGC4700,NGC4700,0.53,0.02
3.6um,NGC4701,NGC4701,0.23,0.09
3.6um,NGC4707,NGC4707,0.44,0.01
3.6um,NGC4710,NGC4710,0.2,0.06
3.6um,NGC4713,NGC4713,0.21,0.02
3.6um,NGC4722,NGC4722,0.12,0.03
3.6um,NGC4723,NGC4723,0.15,0.04
3.6um,NGC4725,NGC4725,0.98,0.0
3.6um,NGC0473,NGC473,0.12,0.04
3.6um,NGC4731,NGC4731,0.18,0.0
3.6um,NGC4733,NGC4733,0.12,0.03
3.6um,NGC4736,NGC4736,0.12,0.08
3.6um,NGC0474,NGC474,0.22,0.03
3.6um,NGC4746,NGC4746,0.22,0.08
3.6um,NGC4747,NGC4747,0.3,0.01
3.6um,NGC4749,NGC4749,0.34,0.18
3.6um,NGC4750,NGC4750,0.18,0.15
3.6um,NGC4753,NGC4753,0.14,0.02
3.6um,NGC4754,NGC4754,0.83,0.01
3.6um,NGC4758,NGC4758,0.37,0.03
3.6um,NGC4762,NGC4762,0.99,0.0
3.6um,NGC4765,NGC4765,0.17,0.05
3.6um,NGC4771,NGC4771,0.62,0.02
3.6um,NGC4772,NGC4772,0.68,0.02
3.6um,NGC4775,NGC4775,0.15,0.03
3.6um,NGC4779,NGC4779,0.17,0.04
3.6um,NGC4781,NGC4781,0.22,0.02
3.6um,NGC4789A,NGC4789A,0.7,0.02
3.6um,NGC4790,NGC4790,0.24,0.05
3.6um,NGC4791,NGC4791,0.19,0.06
3.6um,NGC4793,NGC4793,0.36,0.04
3.6um,NGC4795,NGC4795,0.24,0.04
3.6um,NGC4799,NGC4799,0.16,0.08
3.6um,NGC4800,NGC4800,0.17,0.12
3.6um,NGC4802,NGC4802,0.24,0.05
3.6um,NGC4806,NGC4806,0.17,0.05
3.6um,NGC4808,NGC4808,0.19,0.05
3.6um,NGC4809,NGC4809,0.16,0.02
3.6um,NGC4814,NGC4814,0.24,0.09
3.6um,NGC4818,NGC4818,0.51,0.03
3.6um,NGC4826,NGC4826,0.99,0.0
3.6um,NGC4845,NGC4845,0.16,0.02
3.6um,NGC0485,NGC485,0.22,0.02
3.6um,NGC4856,NGC4856,0.19,0.02
3.6um,NGC4866,NGC4866,0.75,0.01
3.6um,NGC0488,NGC488,0.29,0.02
3.6um,NGC4880,NGC4880,0.12,0.02
3.6um,NGC0489,NGC489,0.11,0.07
3.6um,NGC4897,NGC4897,0.56,0.01
3.6um,NGC4899,NGC4899,0.13,0.03
3.6um,NGC4900,NGC4900,0.18,0.03
3.6um,NGC4902,NGC4902,0.2,0.02
3.6um,NGC4904,NGC4904,0.16,0.02
3.6um,NGC4920,NGC4920,0.19,0.04
3.6um,NGC4928,NGC4928,0.16,0.07
3.6um,NGC0493,NGC493,0.51,0.01
3.6um,NGC4941,NGC4941,0.14,0.05
3.6um,NGC4942,NGC4942,0.18,0.03
3.6um,NGC4948,NGC4948,0.16,0.04
3.6um,NGC4948A,NGC4948A,0.18,0.01
3.6um,NGC4951,NGC4951,0.58,0.02
3.6um,NGC4958,NGC4958,0.5,0.02
3.6um,NGC4961,NGC4961,0.14,0.08
3.6um,NGC4965,NGC4965,0.49,0.03
3.6um,NGC4980,NGC4980,0.45,0.02
3.6um,NGC4981,NGC4981,0.59,0.01
3.6um,NGC4984,NGC4984,0.49,0.09
3.6um,NGC4995,NGC4995,0.49,0.04
3.6um,NGC5002,NGC5002,0.18,0.01
3.6um,NGC5005,NGC5005,0.22,0.03
3.6um,NGC5012,NGC5012,0.26,0.02
3.6um,NGC5014,NGC5014,0.29,0.07
3.6um,NGC5016,NGC5016,0.14,0.02
3.6um,NGC5018,NGC5018,0.55,0.02
3.6um,NGC5022,NGC5022,0.4,0.02
3.6um,NGC5023,NGC5023,0.77,0.0
3.6um,NGC5033,NGC5033,0.93,0.0
3.6um,NGC5042,NGC5042,0.44,0.02
3.6um,NGC5054,NGC5054,0.45,0.01
3.6um,NGC5055,NGC5055,0.56,0.01
3.6um,NGC5068,NGC5068,0.35,0.01
3.6um,NGC5073,NGC5073,0.32,0.01
3.6um,NGC5078,NGC5078,0.17,0.14
3.6um,NGC5079,NGC5079,0.41,0.02
3.6um,NGC5084,NGC5084,0.65,0.01
3.6um,NGC5085,NGC5085,0.25,0.01
3.6um,NGC5088,NGC5088,0.15,0.03
3.6um,NGC5101,NGC5101,0.44,0.01
3.6um,NGC5103,NGC5103,0.28,0.11
3.6um,NGC5105,NGC5105,0.15,0.02
3.6um,NGC5107,NGC5107,0.41,0.02
3.6um,NGC5109,NGC5109,0.48,0.17
3.6um,NGC5112,NGC5112,0.97,0.02
3.6um,NGC5116,NGC5116,0.12,0.02
3.6um,NGC5117,NGC5117,0.32,0.01
3.6um,NGC5122,NGC5122,0.21,0.1
3.6um,NGC5134,NGC5134,0.65,0.02
3.6um,NGC0514,NGC514,0.4,0.01
3.6um,NGC5145,NGC5145,0.2,0.18
3.6um,NGC5147,NGC5147,0.13,0.02
3.6um,NGC5169,NGC5169,0.2,0.05
3.6um,NGC5170,NGC5170,0.86,0.01
3.6um,NGC5173,NGC5173,0.14,0.12
3.6um,NGC0518,NGC518,0.26,0.05
3.6um,NGC5194,NGC5194,0.38,0.03
3.6um,NGC5195,NGC5195,0.28,0.05
3.6um,NGC0520,NGC520,0.29,0.02
3.6um,NGC5204,NGC5204,1.0,2.04
3.6um,NGC5205,NGC5205,0.14,0.18
3.6um,NGC5216,NGC5216,0.19,0.05
3.6um,NGC5218,NGC5218,0.24,0.1
3.6um,NGC0522,NGC522,0.29,0.01
3.6um,NGC5229,NGC5229,0.48,0.11
3.6um,NGC5236,NGC5236,0.32,0.01
3.6um,NGC5238,NGC5238,0.21,0.01
3.6um,NGC5240,NGC5240,0.12,0.1
3.6um,NGC5247,NGC5247,0.24,0.01
3.6um,NGC5248,NGC5248,0.76,0.01
3.6um,NGC5253,NGC5253,0.77,0.01
3.6um,NGC5254,NGC5254,0.68,0.01
3.6um,NGC5264,NGC5264,0.58,0.01
3.6um,NGC5273,NGC5273,0.19,0.06
3.6um,NGC5289,NGC5289,0.32,0.06
3.6um,NGC5290,NGC5290,0.33,0.06
3.6um,NGC5297,NGC5297,0.37,0.02
3.6um,NGC5300,NGC5300,0.58,0.01
3.6um,NGC5301,NGC5301,0.72,0.09
3.6um,NGC5304,NGC5304,0.21,0.05
3.6um,NGC5311,NGC5311,0.19,0.08
3.6um,NGC5313,NGC5313,0.59,0.08
3.6um,NGC0532,NGC532,0.11,0.04
3.6um,NGC5320,NGC5320,0.19,0.04
3.6um,NGC5326,NGC5326,0.2,0.14
3.6um,NGC5334,NGC5334,0.66,0.01
3.6um,NGC5336,NGC5336,0.17,0.07
3.6um,NGC5337,NGC5337,0.16,0.03
3.6um,NGC5338,NGC5338,0.43,0.03
3.6um,NGC5339,NGC5339,0.13,0.02
3.6um,NGC5346,NGC5346,0.45,0.07
3.6um,NGC5347,NGC5347,0.19,0.05
3.6um,NGC5348,NGC5348,0.33,0.0
3.6um,NGC5350,NGC5350,0.3,0.05
3.6um,NGC5353,NGC5353,0.24,0.17
3.6um,NGC5354,NGC5354,0.95,0.01
3.6um,NGC5355,NGC5355,0.29,0.16
3.6um,NGC5356,NGC5356,0.6,0.01
3.6um,NGC5360,NGC5360,0.2,0.03
3.6um,NGC5362,NGC5362,0.28,0.06
3.6um,NGC5363,NGC5363,0.7,0.01
3.6um,NGC5364,NGC5364,0.29,0.01
3.6um,NGC5371,NGC5371,0.87,0.01
3.6um,NGC5375,NGC5375,0.22,0.04
3.6um,NGC5376,NGC5376,0.61,0.09
3.6um,NGC5377,NGC5377,0.99,0.0
3.6um,NGC5383,NGC5383,0.19,0.03
3.6um,NGC5403,NGC5403,0.33,0.07
3.6um,NGC5422,NGC5422,0.99,0.0
3.6um,NGC5425,NGC5425,0.24,0.18
3.6um,NGC5426,NGC5426,0.28,0.03
3.6um,NGC5427,NGC5427,0.43,0.01
3.6um,NGC5430,NGC5430,0.35,0.18
3.6um,NGC5443,NGC5443,0.18,0.05
3.6um,NGC5448,NGC5448,0.93,0.0
3.6um,NGC5452,NGC5452,0.36,0.08
3.6um,NGC5457,NGC5457,0.82,0.01
3.6um,NGC5464,NGC5464,0.18,0.04
3.6um,NGC5468,NGC5468,0.28,0.02
3.6um,NGC5470,NGC5470,0.46,0.02
3.6um,NGC5472,NGC5472,0.16,0.05
3.6um,NGC5473,NGC5473,0.16,0.09
3.6um,NGC5474,NGC5474,0.54,0.04
3.6um,NGC5476,NGC5476,0.12,0.03
3.6um,NGC5477,NGC5477,0.42,0.02
3.6um,NGC5480,NGC5480,0.25,0.07
3.6um,NGC5481,NGC5481,0.26,0.07
3.6um,NGC5486,NGC5486,0.42,0.05
3.6um,NGC5492,NGC5492,0.18,0.04
3.6um,NGC5496,NGC5496,0.23,0.04
3.6um,NGC0055,NGC55,0.97,0.01
3.6um,NGC5506,NGC5506,0.23,0.1
3.6um,NGC5507,NGC5507,0.14,0.06
3.6um,NGC5520,NGC5520,0.3,0.09
3.6um,NGC5523,NGC5523,0.38,0.06
3.6um,NGC5526,NGC5526,0.96,0.04
3.6um,NGC5529,NGC5529,0.51,0.04
3.6um,NGC5534,NGC5534,0.19,0.06
3.6um,NGC5560,NGC5560,0.31,0.03
3.6um,NGC5566,NGC5566,0.47,0.01
3.6um,NGC5569,NGC5569,0.3,0.03
3.6um,NGC5574,NGC5574,0.19,0.09
3.6um,NGC5576,NGC5576,0.19,0.07
3.6um,NGC5577,NGC5577,0.32,0.03
3.6um,NGC5584,NGC5584,0.48,0.01
3.6um,NGC5585,NGC5585,1.0,0.0
3.6um,NGC5587,NGC5587,0.56,0.07
3.6um,NGC5595,NGC5595,0.21,0.04
3.6um,NGC5597,NGC5597,0.26,0.04
3.6um,NGC5600,NGC5600,0.23,0.05
3.6um,NGC5602,NGC5602,0.08,0.19
3.6um,NGC5604,NGC5604,0.16,0.05
3.6um,NGC5608,NGC5608,0.44,0.02
3.6um,NGC5624,NGC5624,0.38,0.13
3.6um,NGC5630,NGC5630,0.42,0.08
3.6um,NGC5631,NGC5631,0.24,0.08
3.6um,NGC5633,NGC5633,0.15,0.16
3.6um,NGC5636,NGC5636,0.39,0.04
3.6um,NGC5645,NGC5645,0.22,0.03
3.6um,NGC5660,NGC5660,0.31,0.05
3.6um,NGC5661,NGC5661,0.15,0.04
3.6um,NGC5665,NGC5665,0.25,0.05
3.6um,NGC5667,NGC5667,0.27,0.17
3.6um,NGC5668,NGC5668,0.18,0.03
3.6um,NGC5669,NGC5669,0.32,0.03
3.6um,NGC5673,NGC5673,0.21,0.23
3.6um,NGC5676,NGC5676,0.22,0.05
3.6um,NGC5678,NGC5678,0.96,0.01
3.6um,NGC5689,NGC5689,0.75,0.02
3.6um,NGC5690,NGC5690,0.74,0.01
3.6um,NGC5691,NGC5691,0.23,0.02
3.6um,NGC5693,NGC5693,0.42,0.03
3.6um,NGC5701,NGC5701,0.13,0.05
3.6um,NGC5707,NGC5707,0.27,0.1
3.6um,NGC5708,NGC5708,0.22,0.15
3.6um,NGC5713,NGC5713,0.51,0.08
3.6um,NGC5714,NGC5714,0.95,0.0
3.6um,NGC5719,NGC5719,0.24,0.13
3.6um,NGC5728,NGC5728,0.91,0.01
3.6um,NGC5729,NGC5729,0.64,0.02
3.6um,NGC5730,NGC5730,0.45,0.09
3.6um,NGC5731,NGC5731,0.4,0.17
3.6um,NGC5740,NGC5740,0.18,0.08
3.6um,NGC5744,NGC5744,0.2,0.05
3.6um,NGC5746,NGC5746,0.98,0.0
3.6um,NGC5750,NGC5750,0.15,0.07
3.6um,NGC5756,NGC5756,0.7,0.02
3.6um,NGC5757,NGC5757,0.19,0.08
3.6um,NGC5762,NGC5762,0.15,0.06
3.6um,NGC5768,NGC5768,0.18,0.09
3.6um,NGC5770,NGC5770,0.18,0.13
3.6um,NGC5774,NGC5774,0.24,0.02
3.6um,NGC5775,NGC5775,0.25,0.09
3.6um,NGC5777,NGC5777,0.99,0.01
3.6um,NGC0578,NGC578,0.51,0.01
3.6um,NGC5781,NGC5781,0.18,0.04
3.6um,NGC5783,NGC5783,0.39,0.1
3.6um,NGC5789,NGC5789,0.41,0.07
3.6um,NGC5792,NGC5792,0.66,0.01
3.6um,NGC5798,NGC5798,0.36,0.05
3.6um,NGC5806,NGC5806,0.67,0.02
3.6um,NGC5809,NGC5809,0.12,0.04
3.6um,NGC5821,NGC5821,0.31,0.16
3.6um,NGC5832,NGC5832,0.21,0.04
3.6um,NGC0584,NGC584,0.76,0.01
3.6um,NGC5846,NGC5846,0.78,0.01
3.6um,NGC5850,NGC5850,0.35,0.01
3.6um,NGC5854,NGC5854,0.7,0.02
3.6um,NGC5861,NGC5861,0.78,0.01
3.6um,NGC5864,NGC5864,0.52,0.02
3.6um,NGC5866B,NGC5866B,0.9,0.02
3.6um,NGC5878,NGC5878,0.33,0.06
3.6um,NGC5879,NGC5879,1.0,2.37
3.6um,NGC5885,NGC5885,0.76,0.01
3.6um,NGC5892,NGC5892,0.67,0.02
3.6um,NGC5894,NGC5894,0.53,0.02
3.6um,NGC5899,NGC5899,0.29,0.06
3.6um,NGC0059,NGC59,0.23,0.04
3.6um,NGC5900,NGC5900,0.51,0.17
3.6um,NGC5907,NGC5907,1.0,3.75
3.6um,NGC5913,NGC5913,0.17,0.06
3.6um,NGC5915,NGC5915,0.22,0.04
3.6um,NGC5916,NGC5916,0.7,0.02
3.6um,NGC5916A,NGC5916A,0.21,0.03
3.6um,NGC5921,NGC5921,0.93,0.0
3.6um,NGC5930,NGC5930,0.34,0.09
3.6um,NGC5937,NGC5937,0.22,0.1
3.6um,NGC5949,NGC5949,0.12,0.12
3.6um,NGC5950,NGC5950,0.3,0.11
3.6um,NGC5951,NGC5951,0.89,0.0
3.6um,NGC5953,NGC5953,0.25,0.12
3.6um,NGC5954,NGC5954,0.42,0.07
3.6um,NGC5956,NGC5956,0.2,0.08
3.6um,NGC5957,NGC5957,0.24,0.06
3.6um,NGC5958,NGC5958,0.24,0.09
3.6um,NGC5962,NGC5962,0.31,0.06
3.6um,NGC5963,NGC5963,0.99,0.0
3.6um,NGC5964,NGC5964,0.51,0.02
3.6um,NGC5970,NGC5970,0.66,0.03
3.6um,NGC5981,NGC5981,0.32,0.22
3.6um,NGC5984,NGC5984,0.99,0.0
3.6um,NGC5985,NGC5985,0.98,0.0
3.6um,NGC0600,NGC600,0.31,0.01
3.6um,NGC6010,NGC6010,0.16,0.09
3.6um,NGC6012,NGC6012,0.24,0.07
3.6um,NGC6014,NGC6014,0.16,0.05
3.6um,NGC6015,NGC6015,0.98,0.0
3.6um,NGC6063,NGC6063,0.2,0.03
3.6um,NGC6070,NGC6070,0.39,0.02
3.6um,NGC6106,NGC6106,0.28,0.05
3.6um,NGC6118,NGC6118,0.42,0.01
3.6um,NGC0613,NGC613,0.26,0.04
3.6um,NGC6140,NGC6140,0.35,0.05
3.6um,NGC0615,NGC615,0.61,0.01
3.6um,NGC6155,NGC6155,0.17,0.21
3.6um,NGC6168,NGC6168,0.41,0.13
3.6um,NGC6181,NGC6181,0.32,0.11
3.6um,NGC6207,NGC6207,0.99,0.0
3.6um,NGC6217,NGC6217,0.14,0.11
3.6um,NGC6236,NGC6236,0.3,0.05
3.6um,NGC6239,NGC6239,0.24,0.16
3.6um,NGC0625,NGC625,0.79,0.0
3.6um,NGC6255,NGC6255,0.98,0.0
3.6um,NGC6267,NGC6267,0.25,0.06
3.6um,NGC6278,NGC6278,0.2,0.17
3.6um,NGC0628,NGC628,0.65,0.01
3.6um,NGC0063,NGC63,0.15,0.07
3.6um,NGC6339,NGC6339,0.24,0.09
3.6um,NGC6340,NGC6340,0.28,0.06
3.6um,NGC6395,NGC6395,0.33,0.1
3.6um,NGC6412,NGC6412,0.22,0.05
3.6um,NGC6434,NGC6434,0.29,0.12
3.6um,NGC6503,NGC6503,0.99,0.0
3.6um,NGC0658,NGC658,0.18,0.03
3.6um,NGC0660,NGC660,0.3,0.02
3.6um,NGC0672,NGC672,0.44,0.01
3.6um,NGC0676,NGC676,0.62,0.02
3.6um,NGC0678,NGC678,0.6,0.02
3.6um,NGC0680,NGC680,0.14,0.08
3.6um,NGC0681,NGC681,0.41,0.02
3.6um,NGC0685,NGC685,0.75,0.04
3.6um,NGC6861E,NGC6861E,0.4,0.03
3.6um,NGC6870,NGC6870,0.55,0.02
3.6um,NGC6887,NGC6887,0.43,0.02
3.6um,NGC6889,NGC6889,0.45,0.05
3.6um,NGC6902,NGC6902,0.65,0.01
3.6um,NGC6902B,NGC6902B,0.15,0.02
3.6um,NGC0691,NGC691,0.31,0.02
3.6um,NGC6923,NGC6923,0.58,0.02
3.6um,NGC6925,NGC6925,0.83,0.01
3.6um,NGC0693,NGC693,0.17,0.06
3.6um,NGC0007,NGC7,0.52,0.01
3.6um,NGC0701,NGC701,0.16,0.03
3.6um,NGC7051,NGC7051,0.15,0.09
3.6um,NGC7059,NGC7059,0.49,0.06
3.6um,NGC7064,NGC7064,1.0,0.0
3.6um,NGC7070,NGC7070,0.21,0.03
3.6um,NGC7079,NGC7079,0.2,0.05
3.6um,NGC7090,NGC7090,0.78,0.01
3.6um,NGC7091,NGC7091,0.2,0.02
3.6um,NGC7098,NGC7098,0.17,0.07
3.6um,NGC7107,NGC7107,0.32,0.03
3.6um,NGC7140,NGC7140,0.65,0.01
3.6um,NGC7151,NGC7151,0.63,0.04
3.6um,NGC7154,NGC7154,0.32,0.04
3.6um,NGC7162,NGC7162,0.74,0.01
3.6um,NGC7162A,NGC7162A,0.42,0.01
3.6um,NGC7163,NGC7163,0.31,0.04
3.6um,NGC7167,NGC7167,0.28,0.02
3.6um,NGC7171,NGC7171,0.19,0.03
3.6um,NGC7179,NGC7179,0.19,0.08
3.6um,NGC0718,NGC718,0.14,0.06
3.6um,NGC7180,NGC7180,0.14,0.04
3.6um,NGC7183,NGC7183,0.17,0.03
3.6um,NGC7184,NGC7184,0.22,0.02
3.6um,NGC7188,NGC7188,0.17,0.03
3.6um,NGC7191,NGC7191,0.21,0.13
3.6um,NGC7205,NGC7205,0.35,0.03
3.6um,NGC7213,NGC7213,0.14,0.02
3.6um,NGC7218,NGC7218,0.2,0.04
3.6um,NGC7219,NGC7219,0.21,0.12
3.6um,NGC0723,NGC723,0.15,0.09
3.6um,NGC7241,NGC7241,0.24,0.1
3.6um,NGC7247,NGC7247,0.21,0.07
3.6um,NGC7254,NGC7254,0.21,0.05
3.6um,NGC7280,NGC7280,0.18,0.03
3.6um,NGC7290,NGC7290,0.18,0.05
3.6um,NGC7307,NGC7307,0.35,0.02
3.6um,NGC7314,NGC7314,0.22,0.02
3.6um,NGC7328,NGC7328,0.17,0.05
3.6um,NGC7347,NGC7347,0.18,0.05
3.6um,NGC7361,NGC7361,0.66,0.01
3.6um,NGC7368,NGC7368,0.32,0.16
3.6um,NGC7371,NGC7371,0.11,0.03
3.6um,NGC7378,NGC7378,0.19,0.05
3.6um,NGC7412,NGC7412,0.28,0.01
3.6um,NGC7416,NGC7416,0.13,0.02
3.6um,NGC7418,NGC7418,0.23,0.01
3.6um,NGC7418A,NGC7418A,0.26,0.02
3.6um,NGC7421,NGC7421,0.19,0.02
3.6um,NGC7424,NGC7424,0.63,0.01
3.6um,NGC7437,NGC7437,0.18,0.01
3.6um,NGC7448,NGC7448,0.2,0.07
3.6um,NGC7456,NGC7456,0.25,0.01
3.6um,NGC7462,NGC7462,0.57,0.02
3.6um,NGC7463,NGC7463,0.37,0.03
3.6um,NGC7465,NGC7465,0.19,0.12
3.6um,NGC7479,NGC7479,0.73,0.01
3.6um,NGC7496,NGC7496,0.22,0.03
3.6um,NGC7497,NGC7497,0.52,0.01
3.6um,NGC7513,NGC7513,0.24,0.03
3.6um,NGC7531,NGC7531,0.26,0.03
3.6um,NGC7537,NGC7537,0.21,0.04
3.6um,NGC7541,NGC7541,0.75,0.01
3.6um,NGC0755,NGC755,0.49,0.01
3.6um,NGC7552,NGC7552,0.99,0.0
3.6um,NGC7582,NGC7582,0.21,0.04
3.6um,NGC7590,NGC7590,0.19,0.05
3.6um,NGC7599,NGC7599,0.28,0.01
3.6um,NGC7606,NGC7606,0.12,0.02
3.6um,NGC7625,NGC7625,0.19,0.16
3.6um,NGC7661,NGC7661,0.59,0.04
3.6um,NGC7689,NGC7689,0.29,0.05
3.6um,NGC7690,NGC7690,0.24,0.17
3.6um,NGC7694,NGC7694,0.16,0.03
3.6um,NGC7709,NGC7709,0.15,0.04
3.6um,NGC7713,NGC7713,0.82,0.01
3.6um,NGC7714,NGC7714,0.34,0.05
3.6um,NGC7715,NGC7715,0.77,0.02
3.6um,NGC7716,NGC7716,0.19,0.05
3.6um,NGC0772,NGC772,0.69,0.01
3.6um,NGC7721,NGC7721,0.47,0.01
3.6um,NGC7723,NGC7723,0.62,0.01
3.6um,NGC7724,NGC7724,0.12,0.02
3.6um,NGC7727,NGC7727,0.63,0.02
3.6um,NGC7731,NGC7731,0.41,0.08
3.6um,NGC7732,NGC7732,0.44,0.05
3.6um,NGC7741,NGC7741,0.76,0.01
3.6um,NGC7742,NGC7742,0.15,0.1
3.6um,NGC7743,NGC7743,0.32,0.03
3.6um,NGC7750,NGC7750,0.13,0.05
3.6um,NGC7755,NGC7755,0.22,0.02
3.6um,NGC7757,NGC7757,0.14,0.02
3.6um,NGC7764,NGC7764,0.45,0.04
3.6um,NGC0779,NGC779,0.27,0.09
3.6um,NGC7793,NGC7793,0.81,0.0
3.6um,NGC7798,NGC7798,0.23,0.06
3.6um,NGC7800,NGC7800,0.27,0.02
3.6um,NGC7814,NGC7814,0.79,0.02
3.6um,NGC7817,NGC7817,0.77,0.01
3.6um,NGC0784,NGC784,0.19,0.01
3.6um,NGC0803,NGC803,0.22,0.02
3.6um,NGC0814,NGC814,0.22,0.05
3.6um,NGC0855,NGC855,0.55,0.02
3.6um,NGC0864,NGC864,0.15,0.01
3.6um,NGC0865,NGC865,0.19,0.06
3.6um,NGC0895,NGC895,0.14,0.01
3.6um,NGC0899,NGC899,0.28,0.04
3.6um,NGC0907,NGC907,0.33,0.07
3.6um,NGC0908,NGC908,0.73,0.01
3.6um,NGC0918,NGC918,0.53,0.01
3.6um,NGC0936,NGC936,0.16,0.02
3.6um,NGC0941,NGC941,0.16,0.01
3.6um,NGC0955,NGC955,0.53,0.02
3.6um,NGC0986,NGC986,0.25,0.05
3.6um,NGC0988,NGC988,0.38,0.01
3.6um,NGC0991,NGC991,0.14,0.03
3.6um,PGC000143,PGC000143,1.0,0.0
3.6um,PGC002492,PGC002492,0.18,0.03
3.6um,PGC002689,PGC002689,0.23,0.01
3.6um,PGC002805,PGC002805,0.48,0.01
3.6um,PGC003062,PGC003062,0.11,0.03
3.6um,PGC003853,PGC003853,0.11,0.02
3.6um,PGC003855,PGC003855,0.2,0.02
3.6um,PGC004143,PGC004143,0.14,0.02
3.6um,PGC005329,PGC005329,0.4,0.01
3.6um,PGC005341,PGC005341,0.47,0.01
3.6um,PGC006048,PGC006048,0.13,0.02
3.6um,PGC006190,PGC006190,0.14,0.03
3.6um,PGC006228,PGC006228,0.15,0.02
3.6um,PGC006244,PGC006244,0.22,0.02
3.6um,PGC006626,PGC006626,0.18,0.02
3.6um,PGC006667,PGC006667,0.32,0.02
3.6um,PGC006703,PGC006703,0.22,0.01
3.6um,PGC006706,PGC006706,0.2,0.01
3.6um,PGC006864,PGC006864,0.13,0.01
3.6um,PGC006898,PGC006898,0.18,0.02
3.6um,PGC007109,PGC007109,0.17,0.03
3.6um,PGC007324,PGC007324,0.4,0.01
3.6um,PGC007654,PGC007654,0.12,0.02
3.6um,PGC007682,PGC007682,0.16,0.03
3.6um,PGC007900,PGC007900,0.47,0.01
3.6um,PGC007998,PGC007998,0.17,0.02
3.6um,PGC008295,PGC008295,0.31,0.02
3.6um,PGC008962,PGC008962,0.16,0.02
3.6um,PGC009272,PGC009272,0.2,0.01
3.6um,PGC009354,PGC009354,0.24,0.02
3.6um,PGC009559,PGC009559,0.12,0.02
3.6um,PGC010813,PGC010813,0.38,0.01
3.6um,PGC011248,PGC011248,0.19,0.01
3.6um,PGC011367,PGC011367,0.14,0.02
3.6um,PGC011677,PGC011677,0.14,0.02
3.6um,PGC011744,PGC011744,0.15,0.04
3.6um,PGC012068,PGC012068,0.15,0.02
3.6um,PGC012130,PGC012130,0.11,0.02
3.6um,PGC012439,PGC012439,0.15,0.01
3.6um,PGC012608,PGC012608,0.14,0.01
3.6um,PGC012633,PGC012633,0.1,0.05
3.6um,PGC012664,PGC012664,0.13,0.02
3.6um,PGC012798,PGC012798,0.39,0.01
3.6um,PGC012981,PGC012981,0.16,0.02
3.6um,PGC013612,PGC013612,0.46,0.07
3.6um,PGC013646,PGC013646,0.62,0.01
3.6um,PGC013684,PGC013684,0.27,0.01
3.6um,PGC013716,PGC013716,0.21,0.05
3.6um,PGC013821,PGC013821,0.24,0.05
3.6um,PGC014037,PGC014037,0.18,0.02
3.6um,PGC014487,PGC014487,0.16,0.03
3.6um,PGC014600,PGC014600,0.22,0.02
3.6um,PGC014626,PGC014626,0.18,0.02
3.6um,PGC014768,PGC014768,0.19,0.02
3.6um,PGC015214,PGC015214,0.18,0.04
3.6um,PGC015625,PGC015625,0.16,0.03
3.6um,PGC015869,PGC015869,0.18,0.02
3.6um,PGC016090,PGC016090,0.18,0.02
3.6um,PGC016389,PGC016389,0.83,0.01
3.6um,PGC016784,PGC016784,0.26,0.01
3.6um,PGC024469,PGC024469,0.34,0.05
3.6um,PGC027616,PGC027616,0.2,0.01
3.6um,PGC027747,PGC027747,0.55,0.04
3.6um,PGC027810,PGC027810,0.45,0.07
3.6um,PGC027825,PGC027825,0.31,0.04
3.6um,PGC027833,PGC027833,0.23,0.02
3.6um,PGC028308,PGC028308,0.22,0.07
3.6um,PGC028380,PGC028380,0.21,0.03
3.6um,PGC029086,PGC029086,0.5,0.01
3.6um,PGC029300,PGC029300,0.2,0.02
3.6um,PGC029466,PGC029466,0.2,0.04
3.6um,PGC029653,PGC029653,0.46,0.01
3.6um,PGC030591,PGC030591,0.14,0.04
3.6um,PGC031979,PGC031979,0.18,0.04
3.6um,PGC032091,PGC032091,0.17,0.02
3.6um,PGC032548,PGC032548,0.14,0.02
3.6um,PGC035271,PGC035271,0.15,0.01
3.6um,PGC035684,PGC035684,0.5,0.02
3.6um,PGC035705,PGC035705,0.15,0.03
3.6um,PGC036217,PGC036217,0.16,0.01
3.6um,PGC036274,PGC036274,0.21,0.01
3.6um,PGC036551,PGC036551,0.18,0.02
3.6um,PGC036643,PGC036643,0.16,0.03
3.6um,PGC037238,PGC037238,0.18,0.01
3.6um,PGC037373,PGC037373,0.17,0.01
3.6um,PGC038250,PGC038250,0.58,0.03
3.6um,PGC039317,PGC039317,0.19,0.02
3.6um,PGC039799,PGC039799,0.14,0.02
3.6um,PGC040408,PGC040408,0.18,0.02
3.6um,PGC040447,PGC040447,0.69,0.02
3.6um,PGC040552,PGC040552,0.38,0.05
3.6um,PGC041725,PGC041725,0.16,0.01
3.6um,PGC041743,PGC041743,0.14,0.01
3.6um,PGC041965,PGC041965,0.17,0.02
3.6um,PGC042068,PGC042068,0.12,0.02
3.6um,PGC042160,PGC042160,0.18,0.01
3.6um,PGC042559,PGC042559,0.11,0.03
3.6um,PGC042868,PGC042868,0.16,0.03
3.6um,PGC043020,PGC043020,0.22,0.01
3.6um,PGC043236,PGC043236,0.16,0.04
3.6um,PGC043341,PGC043341,0.12,0.01
3.6um,PGC043345,PGC043345,0.18,0.02
3.6um,PGC043458,PGC043458,0.24,0.02
3.6um,PGC043679,PGC043679,0.27,0.02
3.6um,PGC043851,PGC043851,0.27,0.02
3.6um,PGC043970,PGC043970,0.24,0.01
3.6um,PGC044157,PGC044157,0.27,0.02
3.6um,PGC044278,PGC044278,0.29,0.02
3.6um,PGC044358,PGC044358,0.21,0.03
3.6um,PGC044506,PGC044506,0.28,0.02
3.6um,PGC044532,PGC044532,0.51,0.01
3.6um,PGC044735,PGC044735,0.26,0.02
3.6um,PGC044906,PGC044906,0.2,0.02
3.6um,PGC044952,PGC044952,0.21,0.04
3.6um,PGC044954,PGC044954,0.26,0.03
3.6um,PGC044982,PGC044982,0.3,0.02
3.6um,PGC045084,PGC045084,0.72,0.02
3.6um,PGC045195,PGC045195,0.18,0.0
3.6um,PGC045257,PGC045257,0.14,0.01
3.6um,PGC045359,PGC045359,0.15,0.02
3.6um,PGC045650,PGC045650,0.34,0.03
3.6um,PGC045652,PGC045652,0.4,0.02
3.6um,PGC045824,PGC045824,0.22,0.02
3.6um,PGC045877,PGC045877,0.5,0.03
3.6um,PGC045958,PGC045958,0.56,0.01
3.6um,PGC046261,PGC046261,0.43,0.02
3.6um,PGC046382,PGC046382,0.22,0.01
3.6um,PGC047721,PGC047721,0.19,0.05
3.6um,PGC047846,PGC047846,0.28,0.01
3.6um,PGC048087,PGC048087,0.12,0.02
3.6um,PGC048179,PGC048179,0.16,0.01
3.6um,PGC049521,PGC049521,0.15,0.02
3.6um,PGC050229,PGC050229,0.22,0.03
3.6um,PGC051291,PGC051291,0.19,0.03
3.6um,PGC051523,PGC051523,0.22,0.03
3.6um,PGC052336,PGC052336,1.0,0.0
3.6um,PGC052460,PGC052460,0.4,0.08
3.6um,PGC052809,PGC052809,0.74,0.01
3.6um,PGC052853,PGC052853,0.25,0.01
3.6um,PGC052935,PGC052935,0.26,0.01
3.6um,PGC052940,PGC052940,0.28,0.02
3.6um,PGC053093,PGC053093,0.17,0.09
3.6um,PGC053134,PGC053134,0.19,0.02
3.6um,PGC053415,PGC053415,0.18,0.09
3.6um,PGC053568,PGC053568,0.21,0.02
3.6um,PGC053634,PGC053634,0.19,0.02
3.6um,PGC053724,PGC053724,0.15,0.07
3.6um,PGC053764,PGC053764,0.14,0.02
3.6um,PGC053779,PGC053779,0.21,0.02
3.6um,PGC053796,PGC053796,0.2,0.02
3.6um,PGC054817,PGC054817,0.33,0.02
3.6um,PGC054944,PGC054944,0.26,0.04
3.6um,PGC065367,PGC065367,0.25,0.01
3.6um,PGC066242,PGC066242,0.22,0.02
3.6um,PGC066559,PGC066559,0.18,0.02
3.6um,PGC066738,PGC066738,0.2,0.02
3.6um,PGC067871,PGC067871,0.22,0.02
3.6um,PGC068030,PGC068030,0.16,0.03
3.6um,PGC068061,PGC068061,0.58,0.05
3.6um,PGC068771,PGC068771,0.15,0.02
3.6um,PGC069114,PGC069114,0.17,0.02
3.6um,PGC069224,PGC069224,0.16,0.04
3.6um,PGC069293,PGC069293,0.13,0.02
3.6um,PGC069339,PGC069339,0.11,0.05
3.6um,PGC069404,PGC069404,0.3,0.02
3.6um,PGC069415,PGC069415,0.17,0.01
3.6um,PGC069448,PGC069448,0.15,0.02
3.6um,PGC069691,PGC069691,0.16,0.02
3.6um,PGC070657,PGC070657,0.13,0.03
3.6um,PGC071479,PGC071479,0.22,0.02
3.6um,PGC072006,PGC072006,0.12,0.02
3.6um,PGC072252,PGC072252,0.2,0.01
3.6um,PGC090540,PGC090540,0.12,0.05
3.6um,PGC090553,PGC090553,0.14,0.03
3.6um,PGC090694,PGC090694,0.21,0.02
3.6um,PGC091215,PGC091215,0.2,0.02
3.6um,PGC091228,PGC091228,0.21,0.03
3.6um,PGC091408,PGC091408,0.23,0.02
3.6um,PGC091413,PGC091413,0.39,0.03
3.6um,PGC1059326,PGC1059326,0.18,0.04
3.6um,PGC1063216,PGC1063216,0.15,0.02
3.6um,UGC10014,UGC10014,0.63,0.03
3.6um,UGC10020,UGC10020,0.22,0.11
3.6um,UGC10025,UGC10025,0.54,0.02
3.6um,UGC10041,UGC10041,0.21,0.02
3.6um,UGC10043,UGC10043,0.33,0.07
3.6um,UGC10054,UGC10054,0.3,0.12
3.6um,UGC10061,UGC10061,0.31,0.01
3.6um,UGC01014,UGC1014,0.18,0.04
3.6um,UGC10194,UGC10194,0.65,0.01
3.6um,UGC01020,UGC1020,0.12,0.07
3.6um,UGC10288,UGC10288,0.69,0.01
3.6um,UGC10290,UGC10290,0.2,0.02
3.6um,UGC10297,UGC10297,0.29,0.02
3.6um,UGC10310,UGC10310,0.83,0.04
3.6um,UGC10413,UGC10413,0.3,0.16
3.6um,UGC10437,UGC10437,0.43,0.15
3.6um,UGC10445,UGC10445,0.45,0.04
3.6um,UGC10477,UGC10477,0.5,0.06
3.6um,UGC10608,UGC10608,0.65,0.11
3.6um,UGC10650,UGC10650,0.72,0.03
3.6um,UGC10713,UGC10713,0.37,0.19
3.6um,UGC10721,UGC10721,0.16,0.19
3.6um,UGC10736,UGC10736,0.97,0.01
3.6um,UGC10791,UGC10791,0.58,0.03
3.6um,UGC10803,UGC10803,0.11,0.22
3.6um,UGC10806,UGC10806,0.43,0.08
3.6um,UGC10854,UGC10854,0.24,0.21
3.6um,UGC10887,UGC10887,0.29,0.15
3.6um,UGC01104,UGC1104,0.14,0.05
3.6um,UGC01110,UGC1110,0.16,0.03
3.6um,UGC01112,UGC1112,0.11,0.02
3.6um,UGC01133,UGC1133,0.16,0.01
3.6um,UGC01176,UGC1176,0.49,0.01
3.6um,UGC11782,UGC11782,0.37,0.01
3.6um,UGC11921,UGC11921,0.22,0.02
3.6um,UGC01195,UGC1195,0.16,0.03
3.6um,UGC01197,UGC1197,0.18,0.01
3.6um,UGC01200,UGC1200,0.19,0.03
3.6um,UGC12010,UGC12010,0.2,0.04
3.6um,UGC12054,UGC12054,0.23,0.04
3.6um,UGC12151,UGC12151,0.12,0.05
3.6um,UGC12178,UGC12178,0.3,0.01
3.6um,UGC00122,UGC122,0.2,0.02
3.6um,UGC12281,UGC12281,0.47,0.01
3.6um,UGC12307,UGC12307,0.14,0.03
3.6um,UGC12308,UGC12308,0.31,0.01
3.6um,UGC12313,UGC12313,0.21,0.04
3.6um,UGC12350,UGC12350,0.22,0.02
3.6um,UGC01240,UGC1240,0.1,0.03
3.6um,UGC12518,UGC12518,0.14,0.04
3.6um,UGC12613,UGC12613,0.52,0.01
3.6um,UGC12641,UGC12641,0.41,0.04
3.6um,UGC12681,UGC12681,0.31,0.04
3.6um,UGC12682,UGC12682,0.29,0.01
3.6um,UGC12692,UGC12692,0.36,0.06
3.6um,UGC12707,UGC12707,0.3,0.04
3.6um,UGC12709,UGC12709,0.35,0.01
3.6um,UGC12732,UGC12732,0.41,0.01
3.6um,UGC12791,UGC12791,0.24,0.03
3.6um,UGC12843,UGC12843,0.28,0.01
3.6um,UGC12846,UGC12846,0.27,0.01
3.6um,UGC12856,UGC12856,0.27,0.02
3.6um,UGC12857,UGC12857,0.21,0.03
3.6um,UGC12893,UGC12893,0.17,0.01
3.6um,UGC00132,UGC132,0.16,0.02
3.6um,UGC01500,UGC1500,0.12,0.02
3.6um,UGC01547,UGC1547,0.14,0.01
3.6um,UGC01551,UGC1551,0.33,0.01
3.6um,UGC00156,UGC156,0.15,0.02
3.6um,UGC01670,UGC1670,0.16,0.01
3.6um,UGC00017,UGC17,0.31,0.02
3.6um,UGC01753,UGC1753,0.18,0.02
3.6um,UGC01803,UGC1803,0.13,0.02
3.6um,UGC01839,UGC1839,0.15,0.02
3.6um,UGC01862,UGC1862,0.13,0.03
3.6um,UGC00191,UGC191,0.18,0.02
3.6um,UGC01945,UGC1945,0.15,0.03
3.6um,UGC01970,UGC1970,0.15,0.02
3.6um,UGC01981,UGC1981,0.12,0.03
3.6um,UGC01999,UGC1999,0.18,0.01
3.6um,UGC02081,UGC2081,0.12,0.01
3.6um,UGC02082,UGC2082,0.21,0.01
3.6um,UGC02275,UGC2275,0.3,0.01
3.6um,UGC02302,UGC2302,0.26,0.01
3.6um,UGC02345,UGC2345,0.47,0.01
3.6um,UGC02429,UGC2429,0.15,0.02
3.6um,UGC02443,UGC2443,0.16,0.02
3.6um,UGC00260,UGC260,0.19,0.03
3.6um,UGC00290,UGC290,0.14,0.01
3.6um,UGC03070,UGC3070,0.67,0.03
3.6um,UGC00313,UGC313,0.11,0.02
3.6um,UGC00320,UGC320,0.11,0.03
3.6um,UGC04024,UGC4024,0.4,0.09
3.6um,UGC04121,UGC4121,0.7,0.02
3.6um,UGC04148,UGC4148,0.3,0.01
3.6um,UGC04151,UGC4151,0.19,0.12
3.6um,UGC04169,UGC4169,0.29,0.03
3.6um,UGC04238,UGC4238,0.4,0.1
3.6um,UGC04241,UGC4241,0.28,0.08
3.6um,UGC04305,UGC4305,0.49,0.0
3.6um,UGC04306,UGC4306,0.23,0.1
3.6um,UGC04390,UGC4390,0.43,0.06
3.6um,UGC04393,UGC4393,0.28,0.05
3.6um,UGC04413,UGC4413,0.71,0.04
3.6um,UGC04426,UGC4426,0.26,0.02
3.6um,UGC04483,UGC4483,0.7,0.03
3.6um,UGC04499,UGC4499,0.23,0.02
3.6um,UGC04514,UGC4514,0.36,0.03
3.6um,UGC04543,UGC4543,0.25,0.03
3.6um,UGC04549,UGC4549,0.28,0.04
3.6um,UGC04550,UGC4550,0.26,0.02
3.6um,UGC04551,UGC4551,0.2,0.07
3.6um,UGC04559,UGC4559,0.27,0.01
3.6um,UGC04621,UGC4621,0.24,0.05
3.6um,UGC04623,UGC4623,0.28,0.03
3.6um,UGC04628,UGC4628,0.33,0.04
3.6um,UGC04659,UGC4659,0.22,0.02
3.6um,UGC04701,UGC4701,0.3,0.15
3.6um,UGC04704,UGC4704,0.68,0.01
3.6um,UGC04714,UGC4714,0.21,0.21
3.6um,UGC04722,UGC4722,0.16,0.01
3.6um,UGC04725,UGC4725,0.14,0.02
3.6um,UGC04753,UGC4753,0.33,0.02
3.6um,UGC00477,UGC477,0.61,0.01
3.6um,UGC04777,UGC4777,0.15,0.03
3.6um,UGC04787,UGC4787,0.25,0.01
3.6um,UGC04797,UGC4797,0.27,0.01
3.6um,UGC04800,UGC4800,0.36,0.03
3.6um,UGC04824,UGC4824,0.28,0.01
3.6um,UGC04834,UGC4834,0.17,0.03
3.6um,UGC04837,UGC4837,0.48,0.04
3.6um,UGC04841,UGC4841,0.32,0.05
3.6um,UGC04845,UGC4845,0.22,0.02
3.6um,UGC04867,UGC4867,0.25,0.01
3.6um,UGC04871,UGC4871,0.22,0.02
3.6um,UGC04878,UGC4878,0.13,0.02
3.6um,UGC04922,UGC4922,0.19,0.02
3.6um,UGC04953,UGC4953,0.18,0.03
3.6um,UGC04970,UGC4970,0.21,0.02
3.6um,UGC04982,UGC4982,0.22,0.09
3.6um,UGC04988,UGC4988,0.14,0.03
3.6um,UGC05004,UGC5004,0.12,0.03
3.6um,UGC05015,UGC5015,0.15,0.01
3.6um,UGC05020,UGC5020,0.19,0.01
3.6um,UGC05047,UGC5047,0.41,0.01
3.6um,UGC05050,UGC5050,0.47,0.13
3.6um,UGC05076,UGC5076,0.18,0.02
3.6um,UGC05107,UGC5107,0.21,0.02
3.6um,UGC05114,UGC5114,0.7,0.06
3.6um,UGC05139,UGC5139,0.82,0.0
3.6um,UGC05172,UGC5172,0.31,0.02
3.6um,UGC05179,UGC5179,0.38,0.04
3.6um,UGC05203,UGC5203,0.56,0.12
3.6um,UGC05228,UGC5228,0.32,0.03
3.6um,UGC05238,UGC5238,0.18,0.03
3.6um,UGC05245,UGC5245,0.33,0.02
3.6um,UGC05249,UGC5249,0.2,0.02
3.6um,UGC05272,UGC5272,0.54,0.02
3.6um,UGC05336,UGC5336,0.39,0.01
3.6um,UGC05340,UGC5340,0.16,0.01
3.6um,UGC05347,UGC5347,0.12,0.04
3.6um,UGC05349,UGC5349,0.24,0.01
3.6um,UGC05354,UGC5354,0.46,0.04
3.6um,UGC05358,UGC5358,0.18,0.02
3.6um,UGC05364,UGC5364,0.62,0.02
3.6um,UGC05373,UGC5373,0.36,0.01
3.6um,UGC05376,UGC5376,0.14,0.04
3.6um,UGC05391,UGC5391,0.23,0.02
3.6um,UGC05393,UGC5393,0.17,0.03
3.6um,UGC05401,UGC5401,0.12,0.02
3.6um,UGC05403,UGC5403,0.24,0.05
3.6um,UGC05421,UGC5421,0.49,0.01
3.6um,UGC05423,UGC5423,0.4,0.03
3.6um,UGC05427,UGC5427,0.15,0.04
3.6um,UGC05446,UGC5446,0.15,0.03
3.6um,UGC05451,UGC5451,0.2,0.02
3.6um,UGC05456,UGC5456,0.14,0.01
3.6um,UGC05459,UGC5459,0.93,0.0
3.6um,UGC05464,UGC5464,0.22,0.02
3.6um,UGC05478,UGC5478,0.16,0.03
3.6um,UGC05522,UGC5522,0.14,0.03
3.6um,UGC05524,UGC5524,0.18,0.01
3.6um,UGC05540,UGC5540,0.17,0.01
3.6um,UGC05571,UGC5571,0.22,0.02
3.6um,UGC05574,UGC5574,0.11,0.02
3.6um,UGC05575,UGC5575,0.11,0.05
3.6um,UGC05612,UGC5612,0.49,0.02
3.6um,UGC05633,UGC5633,0.15,0.02
3.6um,UGC05642,UGC5642,0.12,0.02
3.6um,UGC05646,UGC5646,0.12,0.02
3.6um,UGC05672,UGC5672,0.2,0.02
3.6um,UGC05676,UGC5676,0.4,0.04
3.6um,UGC05677,UGC5677,0.14,0.01
3.6um,UGC05688,UGC5688,0.5,0.02
3.6um,UGC05689,UGC5689,0.32,0.21
3.6um,UGC05695,UGC5695,0.13,0.03
3.6um,UGC05707,UGC5707,0.18,0.02
3.6um,UGC05708,UGC5708,0.21,0.01
3.6um,UGC05720,UGC5720,0.23,0.11
3.6um,UGC05739,UGC5739,0.15,0.04
3.6um,UGC05740,UGC5740,0.33,0.02
3.6um,UGC05764,UGC5764,0.14,0.01
3.6um,UGC05765,UGC5765,0.52,0.05
3.6um,UGC05791,UGC5791,0.35,0.04
3.6um,UGC05798,UGC5798,0.36,0.03
3.6um,UGC05814,UGC5814,0.16,0.19
3.6um,UGC05829,UGC5829,0.68,0.01
3.6um,UGC05832,UGC5832,0.18,0.03
3.6um,UGC05833,UGC5833,0.12,0.04
3.6um,UGC05841,UGC5841,0.37,0.12
3.6um,UGC05844,UGC5844,0.15,0.03
3.6um,UGC05846,UGC5846,0.19,0.02
3.6um,UGC05897,UGC5897,0.49,0.01
3.6um,UGC05898,UGC5898,0.15,0.03
3.6um,UGC05918,UGC5918,0.48,0.01
3.6um,UGC05921,UGC5921,0.14,0.02
3.6um,UGC05922,UGC5922,0.18,0.04
3.6um,UGC05934,UGC5934,0.13,0.02
3.6um,UGC05947,UGC5947,0.12,0.02
3.6um,UGC05958,UGC5958,0.17,0.03
3.6um,UGC05976,UGC5976,0.35,0.03
3.6um,UGC05979,UGC5979,0.57,0.01
3.6um,UGC05989,UGC5989,0.15,0.01
3.6um,UGC05990,UGC5990,0.15,0.03
3.6um,UGC06014,UGC6014,0.1,0.02
3.6um,UGC06023,UGC6023,0.16,0.03
3.6um,UGC06080,UGC6080,0.29,0.02
3.6um,UGC06083,UGC6083,0.12,0.03
3.6um,UGC06104,UGC6104,0.12,0.01
3.6um,UGC06112,UGC6112,0.13,0.02
3.6um,UGC06145,UGC6145,0.11,0.02
3.6um,UGC06151,UGC6151,0.18,0.02
3.6um,UGC06157,UGC6157,0.15,0.02
3.6um,UGC06162,UGC6162,0.33,0.02
3.6um,UGC06169,UGC6169,0.19,0.03
3.6um,UGC06171,UGC6171,0.14,0.01
3.6um,UGC06181,UGC6181,0.13,0.01
3.6um,UGC06194,UGC6194,0.24,0.02
3.6um,UGC06249,UGC6249,0.23,0.02
3.6um,UGC06271,UGC6271,0.14,0.08
3.6um,UGC06296,UGC6296,0.19,0.04
3.6um,UGC06307,UGC6307,0.23,0.05
3.6um,UGC06309,UGC6309,0.26,0.05
3.6um,UGC06320,UGC6320,0.11,0.02
3.6um,UGC06335,UGC6335,0.53,0.02
3.6um,UGC00634,UGC634,0.11,0.01
3.6um,UGC06341,UGC6341,0.12,0.03
3.6um,UGC06345,UGC6345,0.12,0.02
3.6um,UGC06355,UGC6355,0.17,0.02
3.6um,UGC06378,UGC6378,0.63,0.03
3.6um,UGC06390,UGC6390,0.47,0.02
3.6um,UGC06399,UGC6399,0.37,0.02
3.6um,UGC06433,UGC6433,0.25,0.04
3.6um,UGC06446,UGC6446,0.39,0.02
3.6um,UGC06509,UGC6509,0.1,0.02
3.6um,UGC06512,UGC6512,0.18,0.03
3.6um,UGC06517,UGC6517,0.18,0.02
3.6um,UGC06526,UGC6526,0.22,0.02
3.6um,UGC06534,UGC6534,0.35,0.02
3.6um,UGC06545,UGC6545,0.19,0.11
3.6um,UGC06570,UGC6570,0.13,0.09
3.6um,UGC06575,UGC6575,0.54,0.02
3.6um,UGC06594,UGC6594,0.14,0.01
3.6um,UGC06603,UGC6603,0.19,0.01
3.6um,UGC06610,UGC6610,0.21,0.01
3.6um,UGC06628,UGC6628,0.25,0.01
3.6um,UGC06667,UGC6667,0.23,0.03
3.6um,UGC06670,UGC6670,0.13,0.03
3.6um,UGC06682,UGC6682,0.63,0.01
3.6um,UGC06713,UGC6713,0.14,0.01
3.6um,UGC06747,UGC6747,0.1,0.02
3.6um,UGC06773,UGC6773,0.34,0.03
3.6um,UGC06774,UGC6774,0.57,0.05
3.6um,UGC06780,UGC6780,0.13,0.01
3.6um,UGC06782,UGC6782,0.39,0.01
3.6um,UGC06791,UGC6791,0.17,0.03
3.6um,UGC06792,UGC6792,0.28,0.01
3.6um,UGC06816,UGC6816,0.51,0.02
3.6um,UGC06817,UGC6817,0.52,0.01
3.6um,UGC06818,UGC6818,0.26,0.01
3.6um,UGC06840,UGC6840,0.17,0.01
3.6um,UGC06849,UGC6849,0.35,0.02
3.6um,UGC06862,UGC6862,0.13,0.05
3.6um,UGC06879,UGC6879,0.19,0.03
3.6um,UGC06894,UGC6894,0.49,0.02
3.6um,UGC06900,UGC6900,0.2,0.02
3.6um,UGC06903,UGC6903,0.12,0.02
3.6um,UGC06912,UGC6912,0.63,0.04
3.6um,UGC06917,UGC6917,0.52,0.04
3.6um,UGC06922,UGC6922,0.28,0.04
3.6um,UGC06930,UGC6930,0.18,0.02
3.6um,UGC06931,UGC6931,0.09,0.04
3.6um,UGC06955,UGC6955,0.18,0.01
3.6um,UGC06956,UGC6956,0.27,0.01
3.6um,UGC06969,UGC6969,0.21,0.03
3.6um,UGC06978,UGC6978,0.18,0.02
3.6um,UGC06983,UGC6983,0.23,0.01
3.6um,UGC07009,UGC7009,0.35,0.02
3.6um,UGC07019,UGC7019,0.59,0.04
3.6um,UGC07035,UGC7035,0.12,0.03
3.6um,UGC07053,UGC7053,0.23,0.01
3.6um,UGC07086,UGC7086,0.49,0.07
3.6um,UGC07089,UGC7089,0.28,0.02
3.6um,UGC07094,UGC7094,0.2,0.03
3.6um,UGC00711,UGC711,0.41,0.03
3.6um,UGC07125,UGC7125,0.19,0.02
3.6um,UGC07129,UGC7129,0.17,0.06
3.6um,UGC07133,UGC7133,0.16,0.03
3.6um,UGC07143,UGC7143,0.12,0.04
3.6um,UGC07153,UGC7153,0.51,0.04
3.6um,UGC07170,UGC7170,0.22,0.02
3.6um,UGC07175,UGC7175,0.21,0.03
3.6um,UGC07184,UGC7184,0.17,0.05
3.6um,UGC07186,UGC7186,0.25,0.02
3.6um,UGC07189,UGC7189,0.44,0.04
3.6um,UGC07218,UGC7218,0.18,0.02
3.6um,UGC07239,UGC7239,0.16,0.02
3.6um,UGC07242,UGC7242,1.0,0.0
3.6um,UGC07249,UGC7249,0.13,0.01
3.6um,UGC07257,UGC7257,0.39,0.03
3.6um,UGC07267,UGC7267,0.23,0.02
3.6um,UGC07271,UGC7271,0.2,0.02
3.6um,UGC07300,UGC7300,0.19,0.03
3.6um,UGC07301,UGC7301,0.45,0.02
3.6um,UGC07321,UGC7321,0.31,0.01
3.6um,UGC07332,UGC7332,0.19,0.01
3.6um,UGC07387,UGC7387,0.21,0.04
3.6um,UGC07394,UGC7394,0.22,0.05
3.6um,UGC07396,UGC7396,0.14,0.02
3.6um,UGC07408,UGC7408,0.25,0.02
3.6um,UGC07490,UGC7490,0.31,0.02
3.6um,UGC07522,UGC7522,0.27,0.06
3.6um,UGC07534,UGC7534,0.66,0.01
3.6um,UGC07557,UGC7557,0.54,0.01
3.6um,UGC07559,UGC7559,0.89,0.01
3.6um,UGC07577,UGC7577,0.51,0.01
3.6um,UGC07579,UGC7579,0.13,0.05
3.6um,UGC07590,UGC7590,0.14,0.02
3.6um,UGC07596,UGC7596,0.18,0.02
3.6um,UGC07599,UGC7599,0.7,0.07
3.6um,UGC07605,UGC7605,0.53,0.06
3.6um,UGC07608,UGC7608,0.47,0.01
3.6um,UGC07612,UGC7612,0.16,0.01
3.6um,UGC07639,UGC7639,0.32,0.02
3.6um,UGC07673,UGC7673,0.15,0.01
3.6um,UGC07690,UGC7690,0.25,0.05
3.6um,UGC07697,UGC7697,0.15,0.06
3.6um,UGC07698,UGC7698,0.85,0.0
3.6um,UGC07699,UGC7699,0.96,0.0
3.6um,UGC07700,UGC7700,0.41,0.03
3.6um,UGC07719,UGC7719,0.62,0.03
3.6um,UGC07730,UGC7730,0.57,0.03
3.6um,UGC07739,UGC7739,0.18,0.02
3.6um,UGC07774,UGC7774,0.45,0.13
3.6um,UGC07780,UGC7780,0.16,0.02
3.6um,UGC07795,UGC7795,0.11,0.04
3.6um,UGC07802,UGC7802,0.14,0.02
3.6um,UGC07824,UGC7824,0.2,0.01
3.6um,UGC07844,UGC7844,0.51,0.15
3.6um,UGC07848,UGC7848,0.33,0.07
3.6um,UGC07906,UGC7906,0.21,0.04
3.6um,UGC07908,UGC7908,0.42,0.07
3.6um,UGC07911,UGC7911,0.34,0.01
3.6um,UGC07941,UGC7941,0.7,0.05
3.6um,UGC07943,UGC7943,0.14,0.01
3.6um,UGC07949,UGC7949,0.88,0.01
3.6um,UGC07950,UGC7950,0.49,0.01
3.6um,UGC07982,UGC7982,0.5,0.01
3.6um,UGC07991,UGC7991,0.21,0.03
3.6um,UGC08040,UGC8040,0.35,0.09
3.6um,UGC08041,UGC8041,0.42,0.0
3.6um,UGC08042,UGC8042,0.21,0.04
3.6um,UGC08048,UGC8048,0.16,0.02
3.6um,UGC08052,UGC8052,0.16,0.2
3.6um,UGC08053,UGC8053,0.14,0.03
3.6um,UGC08056,UGC8056,0.18,0.04
3.6um,UGC08067,UGC8067,0.18,0.08
3.6um,UGC08084,UGC8084,0.18,0.04
3.6um,UGC08085,UGC8085,0.28,0.02
3.6um,UGC08127,UGC8127,0.15,0.01
3.6um,UGC08146,UGC8146,0.62,0.02
3.6um,UGC08153,UGC8153,0.17,0.01
3.6um,UGC08155,UGC8155,0.17,0.03
3.6um,UGC08166,UGC8166,0.18,0.02
3.6um,UGC08181,UGC8181,0.16,0.03
3.6um,UGC08201,UGC8201,0.9,0.0
3.6um,UGC08246,UGC8246,0.4,0.02
3.6um,UGC08282,UGC8282,0.58,0.05
3.6um,UGC08303,UGC8303,0.18,0.02
3.6um,UGC08313,UGC8313,0.52,0.03
3.6um,UGC08320,UGC8320,0.96,0.0
3.6um,UGC08331,UGC8331,0.97,0.01
3.6um,UGC08365,UGC8365,0.19,0.03
3.6um,UGC08385,UGC8385,0.16,0.01
3.6um,UGC08441,UGC8441,0.74,0.04
3.6um,UGC08449,UGC8449,0.16,0.03
3.6um,UGC08489,UGC8489,0.4,0.03
3.6um,UGC08507,UGC8507,0.11,0.03
3.6um,UGC08508,UGC8508,0.49,0.04
3.6um,UGC08516,UGC8516,0.17,0.06
3.6um,UGC08575,UGC8575,0.26,0.01
3.6um,UGC08588,UGC8588,0.35,0.02
3.6um,UGC08597,UGC8597,0.4,0.02
3.6um,UGC08614,UGC8614,0.55,0.02
3.6um,UGC08629,UGC8629,0.28,0.02
3.6um,UGC08630,UGC8630,0.32,0.02
3.6um,UGC08639,UGC8639,0.48,0.06
3.6um,UGC08642,UGC8642,0.67,0.07
3.6um,UGC08651,UGC8651,0.66,0.01
3.6um,UGC08658,UGC8658,0.48,0.04
3.6um,UGC00866,UGC866,0.12,0.03
3.6um,UGC08662,UGC8662,0.63,0.03
3.6um,UGC08684,UGC8684,0.16,0.1
3.6um,UGC08688,UGC8688,0.46,0.05
3.6um,UGC08693,UGC8693,0.18,0.03
3.6um,UGC08726,UGC8726,0.52,0.15
3.6um,UGC08733,UGC8733,0.53,0.05
3.6um,UGC08737,UGC8737,0.22,0.2
3.6um,UGC08756,UGC8756,0.13,0.21
3.6um,UGC08760,UGC8760,0.43,0.01
3.6um,UGC08795,UGC8795,0.48,0.11
3.6um,UGC00882,UGC882,0.15,0.01
3.6um,UGC08837,UGC8837,0.69,0.01
3.6um,UGC08839,UGC8839,0.57,0.01
3.6um,UGC08851,UGC8851,0.71,0.04
3.6um,UGC08877,UGC8877,0.38,0.02
3.6um,UGC08892,UGC8892,0.76,0.06
3.6um,UGC08899,UGC8899,0.27,0.02
3.6um,UGC08909,UGC8909,0.18,0.11
3.6um,UGC00891,UGC891,0.41,0.01
3.6um,UGC08988,UGC8988,0.52,0.05
3.6um,UGC08995,UGC8995,0.17,0.01
3.6um,UGC00903,UGC903,0.13,0.07
3.6um,UGC09056,UGC9056,0.37,0.14
3.6um,UGC09057,UGC9057,0.2,0.02
3.6um,UGC09071,UGC9071,0.36,0.11
3.6um,UGC09126,UGC9126,0.72,0.02
3.6um,UGC09128,UGC9128,0.46,0.02
3.6um,UGC09169,UGC9169,0.28,0.0
3.6um,UGC09206,UGC9206,0.35,0.05
3.6um,UGC09215,UGC9215,0.22,0.01
3.6um,UGC09240,UGC9240,0.44,0.03
3.6um,UGC09242,UGC9242,0.49,0.01
3.6um,UGC09245,UGC9245,0.46,0.05
3.6um,UGC09249,UGC9249,0.42,0.02
3.6um,UGC09274,UGC9274,0.42,0.02
3.6um,UGC09282,UGC9282,0.43,0.01
3.6um,UGC09291,UGC9291,0.23,0.11
3.6um,UGC09299,UGC9299,0.28,0.01
3.6um,UGC09310,UGC9310,0.22,0.01
3.6um,UGC09345,UGC9345,0.28,0.03
3.6um,UGC09356,UGC9356,0.6,0.04
3.6um,UGC09364,UGC9364,0.27,0.02
3.6um,UGC09380,UGC9380,0.46,0.01
3.6um,UGC09389,UGC9389,0.55,0.05
3.6um,UGC09392,UGC9392,0.39,0.02
3.6um,UGC09394,UGC9394,0.43,0.02
3.6um,UGC00941,UGC941,0.13,0.03
3.6um,UGC09448,UGC9448,0.32,0.31
3.6um,UGC09469,UGC9469,0.2,0.02
3.6um,UGC09470,UGC9470,0.16,0.02
3.6um,UGC09482,UGC9482,0.15,0.03
3.6um,UGC09569,UGC9569,0.36,0.1
3.6um,UGC00958,UGC958,0.13,0.02
3.6um,UGC09601,UGC9601,0.27,0.03
3.6um,UGC00964,UGC964,0.12,0.02
3.6um,UGC09661,UGC9661,0.12,0.04
3.6um,UGC09663,UGC9663,0.51,0.08
3.6um,UGC09665,UGC9665,0.41,0.17
3.6um,UGC09682,UGC9682,0.23,0.01
3.6um,UGC09703,UGC9703,0.17,0.23
3.6um,UGC09730,UGC9730,0.34,0.14
3.6um,UGC09746,UGC9746,0.14,0.03
3.6um,UGC09751,UGC9751,0.15,0.02
3.6um,UGC09760,UGC9760,0.48,0.01
3.6um,UGC09815,UGC9815,0.58,0.06
3.6um,UGC09816,UGC9816,0.55,0.09
3.6um,UGC09837,UGC9837,0.31,0.1
3.6um,UGC09845,UGC9845,0.69,0.07
3.6um,UGC09856,UGC9856,0.49,0.16
3.6um,UGC09858,UGC9858,0.49,0.03
3.6um,UGC09875,UGC9875,0.15,0.03
3.6um,UGC00099,UGC99,0.24,0.01
3.6um,UGC09936,UGC9936,0.51,0.11
3.6um,UGC09951,UGC9951,0.16,0.02
3.6um,UGC09977,UGC9977,0.46,0.02
3.6um,UGC09979,UGC9979,0.39,0.02
3.6um,UGC09991,UGC9991,0.4,0.11
3.6um,UGC09992,UGC9992,0.48,0.07
4.5um,ESO107-016,ESO10701G6,0.2,0.01
4.5um,ESO011-005,ESO1100G5,0.31,0.15
4.5um,ESO114-007,ESO11400G7,0.44,0.12
4.5um,ESO115-021,ESO11502G1,1.0,0.0
4.5um,ESO116-012,ESO11601G2,0.71,0.01
4.5um,ESO119-016,ESO11901G6,0.31,0.01
4.5um,ESO120-012,ESO12001G2,0.22,0.01
4.5um,ESO120-021,ESO12002G1,0.29,0.04
4.5um,ESO012-010,ESO1201G0,0.37,0.14
4.5um,ESO012-014,ESO1201G4,0.79,0.04
4.5um,ESO013-016,ESO1301G6,0.3,0.09
4.5um,ESO145-025,ESO14502G5,0.32,0.01
4.5um,ESO146-014,ESO14601G4,0.38,0.01
4.5um,ESO149-001,ESO14900G1,0.39,0.01
4.5um,ESO149-003,ESO14900G3,0.58,0.15
4.5um,ESO150-005,ESO15000G5,0.81,0.03
4.5um,ESO015-001,ESO1500G1,0.33,0.22
4.5um,ESO154-023,ESO15402G3,0.97,0.0
4.5um,ESO157-049,ESO15704G9,0.37,0.12
4.5um,ESO159-025,ESO15902G5,0.24,0.03
4.5um,ESO187-035,ESO18703G5,0.16,0.01
4.5um,ESO187-051,ESO18705G1,0.15,0.02
4.5um,ESO202-035,ESO20203G5,0.55,0.02
4.5um,ESO202-041,ESO20204G1,0.27,0.03
4.5um,ESO234-043,ESO23404G3,0.24,0.01
4.5um,ESO234-049,ESO23404G9,0.28,0.01
4.5um,ESO236-039,ESO23603G9,0.23,0.03
4.5um,ESO237-049,ESO23704G9,0.2,0.02
4.5um,ESO237-052,ESO23705G2,0.22,0.25
4.5um,ESO238-018,ESO23801G8,0.15,0.02
4.5um,ESO240-004,ESO24000G4,0.29,0.02
4.5um,ESO240-011,ESO24001G1,0.53,0.07
4.5um,ESO245-005,ESO24500G5,1.0,0.0
4.5um,ESO245-007,ESO24500G7,0.98,0.0
4.5um,ESO248-002,ESO24800G2,0.37,0.02
4.5um,ESO249-008,ESO24900G8,0.26,0.02
4.5um,ESO249-026,ESO24902G6,0.41,0.03
4.5um,ESO249-027,ESO24902G7,0.45,0.01
4.5um,ESO249-035,ESO24903G5,0.21,0.02
4.5um,ESO249-036,ESO24903G6,0.7,0.02
4.5um,ESO026-001,ESO2600G1,0.51,0.05
4.5um,ESO027-001,ESO2700G1,0.97,0.02
4.5um,ESO027-008,ESO2700G8,1.0,0.0
4.5um,ESO285-048,ESO28504G8,0.23,0.03
4.5um,ESO286-044,ESO28604G4,0.19,0.04
4.5um,ESO287-009,ESO28700G9,0.24,0.03
4.5um,ESO287-037,ESO28703G7,0.14,0.02
4.5um,ESO287-043,ESO28704G3,0.24,0.03
4.5um,ESO288-013,ESO28801G3,0.11,0.06
4.5um,ESO289-010,ESO28901G0,0.19,0.02
4.5um,ESO289-026,ESO28902G6,0.67,0.07
4.5um,ESO289-048,ESO28904G8,0.2,0.01
4.5um,ESO291-024,ESO29102G4,0.64,0.03
4.5um,ESO292-014,ESO29201G4,0.58,0.05
4.5um,ESO293-034,ESO29303G4,0.89,0.04
4.5um,ESO293-045,ESO29304G5,0.68,0.04
4.5um,ESO298-015,ESO29801G5,0.57,0.03
4.5um,ESO298-023,ESO29802G3,0.51,0.06
4.5um,ESO300-014,ESO30001G4,0.54,0.02
4.5um,ESO302-009,ESO30200G9,0.23,0.02
4.5um,ESO302-014,ESO30201G4,0.15,0.02
4.5um,ESO302-021,ESO30202G1,0.13,0.02
4.5um,ESO305-009,ESO30500G9,0.48,0.02
4.5um,ESO305-017,ESO30501G7,0.17,0.02
4.5um,ESO340-008,ESO34000G8,0.67,0.08
4.5um,ESO340-009,ESO34000G9,0.99,0.0
4.5um,ESO340-017,ESO34001G7,0.34,0.02
4.5um,ESO340-042,ESO34004G2,0.23,0.02
4.5um,ESO341-032,ESO34103G2,0.19,0.02
4.5um,ESO342-013,ESO34201G3,0.19,0.02
4.5um,ESO342-050,ESO34205G0,0.13,0.03
4.5um,ESO345-046,ESO34504G6,0.59,0.02
4.5um,ESO346-001,ESO34600G1,0.54,0.05
4.5um,ESO346-014,ESO34601G4,0.27,0.01
4.5um,ESO347-008,ESO34700G8,0.54,0.01
4.5um,ESO347-017,ESO34701G7,0.18,0.02
4.5um,ESO347-029,ESO34702G9,0.31,0.02
4.5um,ESO355-026,ESO35502G6,0.37,0.03
4.5um,ESO356-018,ESO35601G8,0.22,0.01
4.5um,ESO357-007,ESO35700G7,0.16,0.02
4.5um,ESO357-012,ESO35701G2,0.13,0.01
4.5um,ESO357-025,ESO35702G5,0.2,0.02
4.5um,ESO358-005,ESO35800G5,0.18,0.02
4.5um,ESO358-015,ESO35801G5,0.28,0.03
4.5um,ESO358-020,ESO35802G0,0.12,0.02
4.5um,ESO358-025,ESO35802G5,0.22,0.02
4.5um,ESO358-051,ESO35805G1,0.16,0.02
4.5um,ESO358-054,ESO35805G4,0.17,0.01
4.5um,ESO358-060,ESO35806G0,0.65,0.01
4.5um,ESO358-063,ESO35806G3,0.21,0.02
4.5um,ESO359-003,ESO35900G3,0.27,0.02
4.5um,ESO359-022,ESO35902G2,0.15,0.02
4.5um,ESO359-029,ESO35902G9,0.17,0.02
4.5um,ESO359-031,ESO35903G1,0.13,0.06
4.5um,ESO361-009,ESO36100G9,0.21,0.02
4.5um,ESO361-015,ESO36101G5,0.57,0.01
4.5um,ESO361-019,ESO36101G9,0.18,0.03
4.5um,ESO362-009,ESO36200G9,0.84,0.01
4.5um,ESO362-011,ESO36201G1,0.43,0.17
4.5um,ESO362-019,ESO36201G9,0.44,0.02
4.5um,ESO399-025,ESO39902G5,0.23,0.04
4.5um,ESO400-025,ESO40002G5,0.3,0.02
4.5um,ESO402-025,ESO40202G5,0.1,0.02
4.5um,ESO402-026,ESO40202G6,0.16,0.05
4.5um,ESO402-030,ESO40203G0,0.14,0.04
4.5um,ESO403-024,ESO40302G4,0.14,0.02
4.5um,ESO403-031,ESO40303G1,0.16,0.01
4.5um,ESO404-003,ESO40400G3,0.38,0.08
4.5um,ESO404-012,ESO40401G2,0.21,0.03
4.5um,ESO404-017,ESO40401G7,0.23,0.02
4.5um,ESO404-018,ESO40401G8,0.15,0.02
4.5um,ESO404-027,ESO40402G7,0.43,0.04
4.5um,ESO406-042,ESO40604G2,0.3,0.01
4.5um,ESO407-007,ESO40700G7,0.21,0.07
4.5um,ESO407-009,ESO40700G9,0.29,0.01
4.5um,ESO407-014,ESO40701G4,0.22,0.03
4.5um,ESO407-018,ESO40701G8,0.14,0.01
4.5um,ESO408-012,ESO40801G2,0.18,0.02
4.5um,ESO409-015,ESO40901G5,0.71,0.02
4.5um,ESO410-012,ESO41001G2,0.33,0.01
4.5um,ESO410-018,ESO41001G8,0.17,0.02
4.5um,ESO411-013,ESO41101G3,0.22,0.03
4.5um,ESO411-026,ESO41102G6,0.41,0.01
4.5um,ESO418-008,ESO41800G8,0.39,0.04
4.5um,ESO418-009,ESO41800G9,0.43,0.04
4.5um,ESO419-013,ESO41901G3,0.12,0.03
4.5um,ESO420-006,ESO42000G6,0.17,0.03
4.5um,ESO420-009,ESO42000G9,0.77,0.03
4.5um,ESO421-019,ESO42101G9,0.46,0.01
4.5um,ESO422-005,ESO42200G5,0.14,0.01
4.5um,ESO422-033,ESO42203G3,0.22,0.02
4.5um,ESO422-041,ESO42204G1,0.39,0.02
4.5um,ESO423-002,ESO42300G2,0.53,0.02
4.5um,ESO438-017,ESO43801G7,0.59,0.02
4.5um,ESO440-004,ESO44000G4,0.2,0.02
4.5um,ESO440-011,ESO44001G1,0.69,0.01
4.5um,ESO440-027,ESO44002G7,0.21,0.01
4.5um,ESO440-037,ESO44003G7,0.26,0.11
4.5um,ESO440-044,ESO44004G4,0.57,0.03
4.5um,ESO440-046,ESO44004G6,0.55,0.02
4.5um,ESO440-049,ESO44004G9,0.45,0.09
4.5um,ESO441-011,ESO44101G1,0.41,0.02
4.5um,ESO441-014,ESO44101G4,0.34,0.02
4.5um,ESO441-017,ESO44101G7,0.26,0.12
4.5um,ESO442-013,ESO44201G3,0.24,0.03
4.5um,ESO443-021,ESO44302G1,0.25,0.19
4.5um,ESO443-042,ESO44304G2,0.54,0.02
4.5um,ESO443-069,ESO44306G9,0.13,0.02
4.5um,ESO443-079,ESO44307G9,0.12,0.01
4.5um,ESO443-080,ESO44308G0,0.13,0.04
4.5um,ESO443-085,ESO44308G5,0.19,0.03
4.5um,ESO444-033,ESO44403G3,0.57,0.03
4.5um,ESO444-037,ESO44403G7,0.41,0.01
4.5um,ESO444-078,ESO44407G8,0.23,0.01
4.5um,ESO445-089,ESO44508G9,0.22,0.02
4.5um,ESO462-031,ESO46203G1,0.25,0.01
4.5um,ESO466-014,ESO46601G4,0.17,0.03
4.5um,ESO466-036,ESO46603G6,0.36,0.06
4.5um,ESO467-051,ESO46705G1,0.39,0.01
4.5um,ESO469-008,ESO46900G8,0.13,0.02
4.5um,ESO469-015,ESO46901G5,0.17,0.02
4.5um,ESO471-006,ESO47100G6,0.52,0.02
4.5um,ESO476-010,ESO47601G0,0.15,0.02
4.5um,ESO477-016,ESO47701G6,0.34,0.01
4.5um,ESO479-004,ESO47900G4,0.53,0.02
4.5um,ESO479-025,ESO47902G5,0.17,0.01
4.5um,ESO480-020,ESO48002G0,0.61,0.02
4.5um,ESO480-025,ESO48002G5,0.12,0.02
4.5um,ESO048-017,ESO4801G7,0.39,0.01
4.5um,ESO481-014,ESO48101G4,0.88,0.02
4.5um,ESO481-018,ESO48101G8,0.44,0.02
4.5um,ESO481-030,ESO48103G0,0.1,0.01
4.5um,ESO482-005,ESO48200G5,0.27,0.01
4.5um,ESO482-011,ESO48201G1,0.17,0.03
4.5um,ESO482-013,ESO48201G3,0.19,0.04
4.5um,ESO482-035,ESO48203G5,0.25,0.03
4.5um,ESO482-046,ESO48204G6,0.41,0.01
4.5um,ESO483-008,ESO48300G8,0.11,0.04
4.5um,ESO483-013,ESO48301G3,0.14,0.01
4.5um,ESO485-021,ESO48502G1,0.28,0.03
4.5um,ESO486-003,ESO48600G3,0.22,0.02
4.5um,ESO486-021,ESO48602G1,0.31,0.03
4.5um,ESO501-079,ESO50107G9,0.65,0.1
4.5um,ESO501-080,ESO50108G0,0.44,0.03
4.5um,ESO502-016,ESO50201G6,0.21,0.03
4.5um,ESO502-020,ESO50202G0,0.19,0.18
4.5um,ESO502-023,ESO50202G3,1.0,0.06
4.5um,ESO503-022,ESO50302G2,0.27,0.02
4.5um,ESO504-010,ESO50401G0,0.61,0.1
4.5um,ESO504-024,ESO50402G4,0.66,0.07
4.5um,ESO504-028,ESO50402G8,0.12,0.03
4.5um,ESO505-002,ESO50500G2,0.48,0.01
4.5um,ESO505-003,ESO50500G3,0.49,0.12
4.5um,ESO505-008,ESO50500G8,0.65,0.04
4.5um,ESO505-009,ESO50500G9,0.62,0.02
4.5um,ESO505-013,ESO50501G3,0.29,0.01
4.5um,ESO505-023,ESO50502G3,0.18,0.02
4.5um,ESO506-018,ESO50601G8,0.12,0.03
4.5um,ESO506-029,ESO50602G9,0.6,0.03
4.5um,ESO506-033,ESO50603G3,0.16,0.03
4.5um,ESO507-065,ESO50706G5,0.16,0.02
4.5um,ESO508-007,ESO50800G7,0.17,0.01
4.5um,ESO508-011,ESO50801G1,0.46,0.01
4.5um,ESO508-015,ESO50801G5,0.39,0.01
4.5um,ESO508-019,ESO50801G9,0.19,0.02
4.5um,ESO508-024,ESO50802G4,0.16,0.01
4.5um,ESO508-030,ESO50803G0,0.21,0.02
4.5um,ESO508-034,ESO50803G4,0.17,0.02
4.5um,ESO508-051,ESO50805G1,0.19,0.01
4.5um,ESO509-026,ESO50902G6,0.4,0.03
4.5um,ESO509-074,ESO50907G4,0.61,0.01
4.5um,ESO510-026,ESO51002G6,0.17,0.02
4.5um,ESO510-058,ESO51005G8,0.29,0.04
4.5um,ESO510-059,ESO51005G9,0.25,0.03
4.5um,ESO532-014,ESO53201G4,0.29,0.01
4.5um,ESO532-022,ESO53202G2,0.21,0.03
4.5um,ESO532-032,ESO53203G2,0.13,0.02
4.5um,ESO533-004,ESO53300G4,0.17,0.03
4.5um,ESO533-028,ESO53302G8,0.13,0.04
4.5um,ESO536-003,ESO53600G3,0.13,0.02
4.5um,ESO539-007,ESO53900G7,0.19,0.02
4.5um,ESO540-016,ESO54001G6,0.23,0.02
4.5um,ESO540-031,ESO54003G1,0.24,0.02
4.5um,ESO054-021,ESO5402G1,0.44,0.04
4.5um,ESO541-004,ESO54100G4,0.5,0.02
4.5um,ESO541-005,ESO54100G5,0.14,0.02
4.5um,ESO544-027,ESO54402G7,0.13,0.04
4.5um,ESO544-030,ESO54403G0,0.21,0.01
4.5um,ESO545-002,ESO54500G2,0.13,0.03
4.5um,ESO545-003,ESO54500G3,0.18,0.02
4.5um,ESO545-005,ESO54500G5,0.33,0.03
4.5um,ESO545-016,ESO54501G6,0.14,0.02
4.5um,ESO546-034,ESO54603G4,0.17,0.03
4.5um,ESO547-005,ESO54700G5,0.32,0.04
4.5um,ESO547-012,ESO54701G2,0.19,0.03
4.5um,ESO547-020,ESO54702G0,0.1,0.03
4.5um,ESO548-005,ESO54800G5,0.15,0.03
4.5um,ESO548-009,ESO54800G9,0.11,0.04
4.5um,ESO548-016,ESO54801G6,0.54,0.01
4.5um,ESO548-021,ESO54802G1,0.14,0.02
4.5um,ESO548-023,ESO54802G3,0.09,0.02
4.5um,ESO548-025,ESO54802G5,0.14,0.03
4.5um,ESO548-032,ESO54803G2,0.17,0.02
4.5um,ESO548-063,ESO54806G3,0.11,0.01
4.5um,ESO548-082,ESO54808G2,0.15,0.05
4.5um,ESO549-002,ESO54900G2,0.18,0.02
4.5um,ESO549-018,ESO54901G8,0.43,0.03
4.5um,ESO549-035,ESO54903G5,0.13,0.03
4.5um,ESO550-005,ESO55000G5,0.18,0.01
4.5um,ESO550-024,ESO55002G4,0.7,0.03
4.5um,ESO551-016,ESO55101G6,0.24,0.01
4.5um,ESO551-031,ESO55103G1,0.22,0.01
4.5um,ESO553-017,ESO55301G7,0.16,0.03
4.5um,ESO567-048,ESO56704G8,0.16,0.01
4.5um,ESO569-014,ESO56901G4,1.0,0.0
4.5um,ESO570-019,ESO57001G9,0.54,0.05
4.5um,ESO572-012,ESO57201G2,0.6,0.14
4.5um,ESO572-018,ESO57201G8,0.18,0.03
4.5um,ESO572-022,ESO57202G2,0.15,0.02
4.5um,ESO572-024,ESO57202G4,0.44,0.2
4.5um,ESO572-030,ESO57203G0,0.61,0.07
4.5um,ESO572-034,ESO57203G4,0.23,0.03
4.5um,ESO572-049,ESO57204G9,0.82,0.04
4.5um,ESO573-003,ESO57300G3,0.15,0.03
4.5um,ESO575-061,ESO57506G1,0.29,0.02
4.5um,ESO576-001,ESO57600G1,0.1,0.02
4.5um,ESO576-003,ESO57600G3,0.13,0.01
4.5um,ESO576-005,ESO57600G5,0.19,0.02
4.5um,ESO576-008,ESO57600G8,0.12,0.03
4.5um,ESO576-011,ESO57601G1,0.55,0.01
4.5um,ESO576-017,ESO57601G7,0.11,0.01
4.5um,ESO576-026,ESO57602G6,0.14,0.02
4.5um,ESO576-032,ESO57603G2,0.28,0.02
4.5um,ESO576-040,ESO57604G0,0.18,0.02
4.5um,ESO576-050,ESO57605G0,0.44,0.02
4.5um,ESO576-059,ESO57605G9,0.22,0.02
4.5um,ESO577-038,ESO57703G8,0.12,0.02
4.5um,ESO580-022,ESO58002G2,0.18,0.01
4.5um,ESO580-029,ESO58002G9,0.29,0.04
4.5um,ESO580-030,ESO58003G0,0.17,0.02
4.5um,ESO580-034,ESO58003G4,0.17,0.02
4.5um,ESO580-041,ESO58004G1,0.14,0.02
4.5um,ESO581-025,ESO58102G5,0.68,0.01
4.5um,ESO582-004,ESO58200G4,0.21,0.02
4.5um,ESO601-007,ESO60100G7,0.17,0.01
4.5um,ESO601-025,ESO60102G5,0.17,0.02
4.5um,ESO601-031,ESO60103G1,0.13,0.03
4.5um,ESO602-003,ESO60200G3,0.15,0.01
4.5um,ESO602-015,ESO60201G5,0.13,0.01
4.5um,ESO602-030,ESO60203G0,0.12,0.01
4.5um,ESO603-031,ESO60303G1,0.1,0.03
4.5um,ESO605-015,ESO60501G5,0.1,0.02
4.5um,ESO079-003,ESO7900G3,1.0,0.0
4.5um,ESO079-005,ESO7900G5,0.46,0.13
4.5um,ESO079-007,ESO7900G7,0.3,0.09
4.5um,ESO085-014,ESO8501G4,0.73,0.01
4.5um,ESO085-030,ESO8503G0,0.36,0.14
4.5um,ESO085-047,ESO8504G7,0.53,0.02
4.5um,IC0101,IC101,0.12,0.03
4.5um,IC1014,IC1014,0.47,0.04
4.5um,IC1024,IC1024,0.18,0.09
4.5um,IC1029,IC1029,0.98,0.01
4.5um,IC1048,IC1048,0.26,0.05
4.5um,IC1055,IC1055,0.16,0.04
4.5um,IC1066,IC1066,0.36,0.02
4.5um,IC1067,IC1067,0.28,0.03
4.5um,IC1125,IC1125,0.14,0.02
4.5um,IC1151,IC1151,0.33,0.06
4.5um,IC1158,IC1158,0.41,0.02
4.5um,IC1197,IC1197,0.91,0.07
4.5um,IC1210,IC1210,0.16,0.27
4.5um,IC1251,IC1251,0.33,0.08
4.5um,IC1265,IC1265,0.32,0.29
4.5um,IC1438,IC1438,0.17,0.03
4.5um,IC1447,IC1447,0.27,0.02
4.5um,IC1532,IC1532,0.5,0.12
4.5um,IC1553,IC1553,0.23,0.07
4.5um,IC1555,IC1555,0.16,0.02
4.5um,IC1558,IC1558,0.54,0.02
4.5um,IC1574,IC1574,0.23,0.02
4.5um,IC1596,IC1596,0.12,0.04
4.5um,IC1613,IC1613,0.87,0.0
4.5um,IC0163,IC163,0.17,0.03
4.5um,IC0167,IC167,0.15,0.03
4.5um,IC1711,IC1711,0.11,0.04
4.5um,IC1727,IC1727,0.48,0.01
4.5um,IC1826,IC1826,0.26,0.03
4.5um,IC1870,IC1870,0.31,0.02
4.5um,IC1892,IC1892,0.26,0.02
4.5um,IC1898,IC1898,0.43,0.01
4.5um,IC1913,IC1913,0.14,0.02
4.5um,IC1914,IC1914,0.43,0.03
4.5um,IC1933,IC1933,0.49,0.03
4.5um,IC1952,IC1952,0.64,0.02
4.5um,IC1953,IC1953,0.44,0.02
4.5um,IC1954,IC1954,0.86,0.0
4.5um,IC1959,IC1959,0.74,0.03
4.5um,IC1962,IC1962,0.29,0.03
4.5um,IC1970,IC1970,0.78,0.01
4.5um,IC1986,IC1986,0.35,0.01
4.5um,IC1993,IC1993,0.52,0.01
4.5um,IC2000,IC2000,0.86,0.0
4.5um,IC2006,IC2006,0.3,0.06
4.5um,IC2007,IC2007,0.17,0.04
4.5um,IC2032,IC2032,0.4,0.03
4.5um,IC2035,IC2035,0.17,0.12
4.5um,IC2040,IC2040,0.13,0.02
4.5um,IC2051,IC2051,1.0,0.0
4.5um,IC2056,IC2056,0.24,0.14
4.5um,IC2058,IC2058,0.66,0.01
4.5um,IC2085,IC2085,0.44,0.03
4.5um,IC0210,IC210,0.29,0.01
4.5um,IC2135,IC2135,0.66,0.01
4.5um,IC0217,IC217,0.21,0.02
4.5um,IC0223,IC223,0.24,0.02
4.5um,IC2233,IC2233,0.35,0.01
4.5um,IC2361,IC2361,0.11,0.01
4.5um,IC2389,IC2389,0.54,0.19
4.5um,IC2461,IC2461,0.24,0.06
4.5um,IC2574,IC2574,0.57,0.01
4.5um,IC2604,IC2604,0.12,0.02
4.5um,IC2627,IC2627,0.27,0.05
4.5um,IC2763,IC2763,0.1,0.03
4.5um,IC2764,IC2764,0.14,0.02
4.5um,IC2828,IC2828,0.33,0.03
4.5um,IC2963,IC2963,0.11,0.01
4.5um,IC2969,IC2969,0.08,0.02
4.5um,IC2995,IC2995,0.85,0.01
4.5um,IC2996,IC2996,0.35,0.13
4.5um,IC3005,IC3005,0.19,0.04
4.5um,IC3021,IC3021,0.27,0.01
4.5um,IC3023,IC3023,0.08,0.03
4.5um,IC3033,IC3033,0.12,0.01
4.5um,IC3044,IC3044,0.12,0.05
4.5um,IC3059,IC3059,0.1,0.01
4.5um,IC3061,IC3061,0.11,0.02
4.5um,IC3099,IC3099,0.19,0.02
4.5um,IC3102,IC3102,0.17,0.03
4.5um,IC3105,IC3105,0.11,0.02
4.5um,IC3115,IC3115,0.12,0.01
4.5um,IC3155,IC3155,0.63,0.04
4.5um,IC3215,IC3215,0.1,0.02
4.5um,IC3229,IC3229,0.11,0.03
4.5um,IC3247,IC3247,0.1,0.01
4.5um,IC3258,IC3258,0.09,0.02
4.5um,IC3259,IC3259,0.11,0.02
4.5um,IC3267,IC3267,0.09,0.03
4.5um,IC3268,IC3268,0.2,0.04
4.5um,IC3298,IC3298,0.1,0.03
4.5um,IC3311,IC3311,0.21,0.02
4.5um,IC3322,IC3322,0.16,0.02
4.5um,IC3322A,IC3322A,0.22,0.03
4.5um,IC0335,IC335,0.5,0.01
4.5um,IC3355,IC3355,0.1,0.03
4.5um,IC3356,IC3356,0.12,0.04
4.5um,IC3371,IC3371,0.14,0.03
4.5um,IC3391,IC3391,0.11,0.04
4.5um,IC3392,IC3392,0.19,0.01
4.5um,IC3473,IC3473,0.09,0.04
4.5um,IC3474,IC3474,0.19,0.03
4.5um,IC3475,IC3475,0.11,0.01
4.5um,IC3476,IC3476,0.14,0.01
4.5um,IC3517,IC3517,0.12,0.02
4.5um,IC3521,IC3521,0.11,0.02
4.5um,IC3522,IC3522,0.11,0.03
4.5um,IC3576,IC3576,0.14,0.03
4.5um,IC3583,IC3583,0.14,0.04
4.5um,IC3611,IC3611,0.11,0.02
4.5um,IC3631,IC3631,0.1,0.02
4.5um,IC3687,IC3687,0.88,0.02
4.5um,IC3718,IC3718,0.31,0.01
4.5um,IC3727,IC3727,0.11,0.03
4.5um,IC3742,IC3742,0.18,0.01
4.5um,IC3806,IC3806,0.12,0.01
4.5um,IC3881,IC3881,1.0,0.0
4.5um,IC3908,IC3908,0.25,0.07
4.5um,IC4182,IC4182,0.88,0.01
4.5um,IC4213,IC4213,0.21,0.02
4.5um,IC4214,IC4214,0.81,0.0
4.5um,IC4216,IC4216,0.19,0.01
4.5um,IC4221,IC4221,0.11,0.03
4.5um,IC4231,IC4231,0.54,0.03
4.5um,IC4237,IC4237,0.11,0.02
4.5um,IC4247,IC4247,0.14,0.02
4.5um,IC4263,IC4263,0.56,0.14
4.5um,IC4316,IC4316,0.52,0.02
4.5um,IC4351,IC4351,0.43,0.02
4.5um,IC4407,IC4407,0.21,0.01
4.5um,IC4468,IC4468,0.16,0.04
4.5um,IC4536,IC4536,0.11,0.02
4.5um,IC4582,IC4582,0.19,0.26
4.5um,IC4660,IC4660,0.41,0.12
4.5um,IC4901,IC4901,0.2,0.01
4.5um,IC4951,IC4951,0.52,0.02
4.5um,IC4986,IC4986,0.25,0.01
4.5um,IC5007,IC5007,0.16,0.03
4.5um,IC5026,IC5026,0.36,0.02
4.5um,IC5039,IC5039,0.15,0.03
4.5um,IC5052,IC5052,0.62,0.01
4.5um,IC5069,IC5069,0.71,0.02
4.5um,IC5078,IC5078,0.21,0.03
4.5um,IC0051,IC51,0.12,0.04
4.5um,IC5105B,IC5105B,0.22,0.04
4.5um,IC5152,IC5152,0.38,0.01
4.5um,IC5156,IC5156,0.19,0.06
4.5um,IC5170,IC5170,0.26,0.07
4.5um,IC5176,IC5176,0.24,0.13
4.5um,IC5201,IC5201,0.9,0.0
4.5um,IC5240,IC5240,0.2,0.04
4.5um,IC5249,IC5249,0.8,0.0
4.5um,IC5264,IC5264,0.33,0.05
4.5um,IC5267,IC5267,0.31,0.07
4.5um,IC5269,IC5269,0.18,0.03
4.5um,IC5269A,IC5269A,0.18,0.02
4.5um,IC5269B,IC5269B,0.23,0.01
4.5um,IC5269C,IC5269C,0.22,0.01
4.5um,IC5270,IC5270,0.16,0.06
4.5um,IC5271,IC5271,0.21,0.04
4.5um,IC5273,IC5273,0.28,0.02
4.5um,IC0529,IC529,0.27,0.14
4.5um,IC5321,IC5321,0.23,0.03
4.5um,IC5325,IC5325,0.24,0.02
4.5um,IC5332,IC5332,0.39,0.01
4.5um,IC5333,IC5333,0.31,0.18
4.5um,IC5334,IC5334,0.1,0.03
4.5um,IC0600,IC600,0.32,0.02
4.5um,IC0610,IC610,0.16,0.03
4.5um,IC0718,IC718,0.11,0.04
4.5um,IC0719,IC719,0.07,0.04
4.5um,IC0749,IC749,0.3,0.01
4.5um,IC0750,IC750,0.24,0.04
4.5um,IC0755,IC755,0.09,0.03
4.5um,IC0758,IC758,0.43,0.07
4.5um,IC0764,IC764,0.99,0.0
4.5um,IC0769,IC769,0.16,0.02
4.5um,IC0776,IC776,0.13,0.01
4.5um,IC0796,IC796,0.11,0.03
4.5um,IC0797,IC797,0.09,0.03
4.5um,IC0800,IC800,0.11,0.02
4.5um,IC0851,IC851,0.15,0.03
4.5um,IC0863,IC863,0.11,0.05
4.5um,IC0902,IC902,0.47,0.13
4.5um,NGC0337A,NGC0337A,0.39,0.03
4.5um,NGC0986A,NGC0986A,0.23,0.02
4.5um,NGC0100,NGC100,0.28,0.01
4.5um,NGC1015,NGC1015,0.1,0.01
4.5um,NGC1022,NGC1022,0.47,0.02
4.5um,NGC1032,NGC1032,0.44,0.01
4.5um,NGC1035,NGC1035,0.15,0.03
4.5um,NGC1036,NGC1036,0.09,0.02
4.5um,NGC1042,NGC1042,0.84,0.01
4.5um,NGC1047,NGC1047,0.08,0.02
4.5um,NGC1051,NGC1051,0.16,0.02
4.5um,NGC1052,NGC1052,0.57,0.02
4.5um,NGC1055,NGC1055,0.73,0.01
4.5um,NGC1068,NGC1068,0.68,0.01
4.5um,NGC1073,NGC1073,0.28,0.0
4.5um,NGC1076,NGC1076,0.17,0.04
4.5um,NGC1079,NGC1079,0.51,0.01
4.5um,NGC1084,NGC1084,0.69,0.02
4.5um,NGC1087,NGC1087,0.64,0.01
4.5um,NGC1090,NGC1090,0.62,0.01
4.5um,NGC1097,NGC1097,0.75,0.01
4.5um,NGC1110,NGC1110,0.42,0.02
4.5um,NGC1140,NGC1140,0.14,0.02
4.5um,NGC1145,NGC1145,0.6,0.01
4.5um,NGC0115,NGC115,0.59,0.06
4.5um,NGC1163,NGC1163,0.26,0.04
4.5um,NGC1179,NGC1179,0.12,0.0
4.5um,NGC1187,NGC1187,0.28,0.02
4.5um,NGC1222,NGC1222,0.09,0.06
4.5um,NGC1232,NGC1232,0.36,0.0
4.5um,NGC1249,NGC1249,0.96,0.0
4.5um,NGC1253,NGC1253,0.45,0.01
4.5um,NGC1255,NGC1255,0.47,0.01
4.5um,NGC1258,NGC1258,0.12,0.02
4.5um,NGC1291,NGC1291,0.76,0.01
4.5um,NGC1292,NGC1292,0.61,0.02
4.5um,NGC1297,NGC1297,0.34,0.01
4.5um,NGC1299,NGC1299,0.11,0.05
4.5um,NGC1300,NGC1300,0.71,0.01
4.5um,NGC1302,NGC1302,0.25,0.02
4.5um,NGC1306,NGC1306,0.16,0.06
4.5um,NGC1309,NGC1309,0.63,0.01
4.5um,NGC0131,NGC131,0.42,0.06
4.5um,NGC1310,NGC1310,0.14,0.01
4.5um,NGC1311,NGC1311,0.96,0.01
4.5um,NGC1313,NGC1313,0.98,0.0
4.5um,NGC1316C,NGC1316C,0.16,0.03
4.5um,NGC1325,NGC1325,0.42,0.01
4.5um,NGC1325A,NGC1325A,0.19,0.02
4.5um,NGC1326,NGC1326,0.19,0.03
4.5um,NGC1326A,NGC1326A,0.31,0.02
4.5um,NGC1326B,NGC1326B,0.42,0.01
4.5um,NGC1332,NGC1332,0.19,0.02
4.5um,NGC1337,NGC1337,0.13,0.01
4.5um,NGC1338,NGC1338,0.3,0.03
4.5um,NGC1339,NGC1339,0.17,0.08
4.5um,NGC0134,NGC134,0.96,0.0
4.5um,NGC1341,NGC1341,0.15,0.03
4.5um,NGC1345,NGC1345,0.14,0.02
4.5um,NGC1347,NGC1347,0.14,0.02
4.5um,NGC1350,NGC1350,0.86,0.01
4.5um,NGC1351A,NGC1351A,0.21,0.04
4.5um,NGC1353,NGC1353,0.27,0.01
4.5um,NGC1357,NGC1357,0.69,0.01
4.5um,NGC1359,NGC1359,0.12,0.02
4.5um,NGC1365,NGC1365,0.96,0.0
4.5um,NGC1366,NGC1366,0.2,0.05
4.5um,NGC1367,NGC1367,0.29,0.01
4.5um,NGC1385,NGC1385,0.67,0.01
4.5um,NGC1386,NGC1386,0.19,0.04
4.5um,NGC1389,NGC1389,0.5,0.01
4.5um,NGC1390,NGC1390,0.12,0.03
4.5um,NGC1398,NGC1398,0.16,0.02
4.5um,NGC0014,NGC14,0.12,0.03
4.5um,NGC1406,NGC1406,0.42,0.01
4.5um,NGC1411,NGC1411,0.43,0.06
4.5um,NGC1414,NGC1414,0.11,0.01
4.5um,NGC1415,NGC1415,0.3,0.05
4.5um,NGC1421,NGC1421,0.2,0.02
4.5um,NGC1422,NGC1422,0.49,0.02
4.5um,NGC1425,NGC1425,0.47,0.0
4.5um,NGC1427A,NGC1427A,0.23,0.01
4.5um,NGC1433,NGC1433,0.84,0.01
4.5um,NGC1436,NGC1436,0.62,0.01
4.5um,NGC1437B,NGC1437B,0.43,0.02
4.5um,NGC1438,NGC1438,0.22,0.02
4.5um,NGC1448,NGC1448,0.96,0.01
4.5um,NGC1452,NGC1452,0.41,0.02
4.5um,NGC1461,NGC1461,0.9,0.0
4.5um,NGC1473,NGC1473,0.41,0.03
4.5um,NGC1476,NGC1476,0.41,0.03
4.5um,NGC0148,NGC148,0.2,0.05
4.5um,NGC1482,NGC1482,0.6,0.02
4.5um,NGC1483,NGC1483,0.44,0.03
4.5um,NGC1484,NGC1484,0.57,0.01
4.5um,NGC1487,NGC1487,0.66,0.01
4.5um,NGC1493,NGC1493,0.18,0.01
4.5um,NGC1494,NGC1494,0.52,0.02
4.5um,NGC1495,NGC1495,0.24,0.03
4.5um,NGC0150,NGC150,0.2,0.01
4.5um,NGC1507,NGC1507,0.55,0.01
4.5um,NGC1510,NGC1510,0.27,0.02
4.5um,NGC1511,NGC1511,0.42,0.04
4.5um,NGC1511A,NGC1511A,0.6,0.07
4.5um,NGC1511B,NGC1511B,0.58,0.11
4.5um,NGC1512,NGC1512,0.37,0.01
4.5um,NGC1515,NGC1515,0.79,0.01
4.5um,NGC1518,NGC1518,0.17,0.01
4.5um,NGC1519,NGC1519,0.18,0.02
4.5um,NGC1532,NGC1532,0.95,0.0
4.5um,NGC1533,NGC1533,0.84,0.01
4.5um,NGC1546,NGC1546,0.37,0.07
4.5um,NGC1553,NGC1553,0.24,0.05
4.5um,NGC1556,NGC1556,0.25,0.07
4.5um,NGC1559,NGC1559,0.48,0.01
4.5um,NGC1566,NGC1566,0.81,0.0
4.5um,NGC0157,NGC157,0.37,0.02
4.5um,NGC1592,NGC1592,0.12,0.04
4.5um,NGC1596,NGC1596,0.59,0.02
4.5um,NGC1602,NGC1602,0.43,0.02
4.5um,NGC1637,NGC1637,0.85,0.01
4.5um,NGC1640,NGC1640,0.61,0.01
4.5um,NGC1672,NGC1672,0.86,0.0
4.5um,NGC1679,NGC1679,0.5,0.01
4.5um,NGC1688,NGC1688,0.49,0.05
4.5um,NGC1703,NGC1703,0.63,0.01
4.5um,NGC1705,NGC1705,0.26,0.02
4.5um,NGC1744,NGC1744,0.47,0.01
4.5um,NGC0178,NGC178,0.24,0.0
4.5um,NGC1792,NGC1792,0.59,0.01
4.5um,NGC1800,NGC1800,0.19,0.02
4.5um,NGC1808,NGC1808,0.98,0.01
4.5um,NGC1809,NGC1809,0.56,0.01
4.5um,NGC1824,NGC1824,0.47,0.03
4.5um,NGC1827,NGC1827,0.59,0.02
4.5um,NGC1853,NGC1853,0.25,0.04
4.5um,NGC1879,NGC1879,0.36,0.02
4.5um,NGC1892,NGC1892,0.95,0.0
4.5um,NGC0210,NGC210,0.51,0.02
4.5um,NGC2101,NGC2101,0.65,0.06
4.5um,NGC2104,NGC2104,0.21,0.02
4.5um,NGC0216,NGC216,0.14,0.03
4.5um,NGC2320,NGC2320,0.2,0.08
4.5um,NGC0024,NGC24,0.37,0.0
4.5um,NGC0244,NGC244,0.1,0.04
4.5um,NGC2460,NGC2460,0.18,0.07
4.5um,NGC0247,NGC247,0.23,0.0
4.5um,NGC2500,NGC2500,0.44,0.01
4.5um,NGC0253,NGC253,0.95,0.0
4.5um,NGC2537,NGC2537,0.33,0.02
4.5um,NGC0254,NGC254,0.31,0.07
4.5um,NGC2541,NGC2541,0.5,0.02
4.5um,NGC2543,NGC2543,0.28,0.01
4.5um,NGC0255,NGC255,0.12,0.02
4.5um,NGC2550,NGC2550,0.28,0.24
4.5um,NGC2551,NGC2551,0.11,0.14
4.5um,NGC2552,NGC2552,0.55,0.03
4.5um,NGC2591,NGC2591,1.0,0.0
4.5um,NGC2608,NGC2608,0.25,0.02
4.5um,NGC2633,NGC2633,0.25,0.04
4.5um,NGC2634A,NGC2634A,0.54,0.02
4.5um,NGC2648,NGC2648,0.32,0.02
4.5um,NGC2654,NGC2654,0.14,0.02
4.5um,NGC2655,NGC2655,0.84,0.01
4.5um,NGC2681,NGC2681,0.98,0.0
4.5um,NGC2683,NGC2683,0.69,0.01
4.5um,NGC2684,NGC2684,0.3,0.08
4.5um,NGC2685,NGC2685,0.66,0.02
4.5um,NGC2701,NGC2701,0.19,0.03
4.5um,NGC2710,NGC2710,0.19,0.17
4.5um,NGC2712,NGC2712,0.52,0.01
4.5um,NGC2715,NGC2715,0.19,0.05
4.5um,NGC2726,NGC2726,0.13,0.05
4.5um,NGC2731,NGC2731,0.37,0.18
4.5um,NGC2732,NGC2732,0.23,0.15
4.5um,NGC2735,NGC2735,0.18,0.06
4.5um,NGC0274,NGC274,0.35,0.05
4.5um,NGC2742,NGC2742,0.62,0.01
4.5um,NGC2743,NGC2743,0.08,0.04
4.5um,NGC2748,NGC2748,0.17,0.09
4.5um,NGC0275,NGC275,0.29,0.01
4.5um,NGC2750,NGC2750,0.38,0.02
4.5um,NGC2764,NGC2764,0.15,0.05
4.5um,NGC2768,NGC2768,0.98,0.0
4.5um,NGC2770,NGC2770,0.16,0.02
4.5um,NGC2775,NGC2775,0.85,0.01
4.5um,NGC2776,NGC2776,0.31,0.01
4.5um,NGC2780,NGC2780,0.11,0.02
4.5um,NGC2782,NGC2782,0.94,0.0
4.5um,NGC2787,NGC2787,0.84,0.01
4.5um,NGC2793,NGC2793,0.11,0.02
4.5um,NGC2798,NGC2798,0.41,0.06
4.5um,NGC2799,NGC2799,0.38,0.02
4.5um,NGC2805,NGC2805,0.53,0.01
4.5um,NGC2814,NGC2814,0.51,0.07
4.5um,NGC2820,NGC2820,0.8,0.01
4.5um,NGC2841,NGC2841,0.54,0.01
4.5um,NGC2844,NGC2844,0.29,0.05
4.5um,NGC2854,NGC2854,0.12,0.04
4.5um,NGC2859,NGC2859,0.64,0.02
4.5um,NGC2882,NGC2882,0.11,0.03
4.5um,NGC0289,NGC289,0.15,0.02
4.5um,NGC2893,NGC2893,0.36,0.11
4.5um,NGC2894,NGC2894,0.25,0.06
4.5um,NGC2903,NGC2903,0.68,0.01
4.5um,NGC2906,NGC2906,0.12,0.05
4.5um,NGC2919,NGC2919,0.24,0.07
4.5um,NGC2938,NGC2938,0.39,0.07
4.5um,NGC2962,NGC2962,0.24,0.12
4.5um,NGC2964,NGC2964,0.59,0.02
4.5um,NGC2966,NGC2966,0.13,0.03
4.5um,NGC2967,NGC2967,0.14,0.04
4.5um,NGC2968,NGC2968,0.2,0.01
4.5um,NGC2974,NGC2974,0.6,0.01
4.5um,NGC2976,NGC2976,0.82,0.01
4.5um,NGC2978,NGC2978,0.16,0.12
4.5um,NGC0298,NGC298,0.1,0.01
4.5um,NGC2985,NGC2985,0.24,0.05
4.5um,NGC2986,NGC2986,0.75,0.01
4.5um,NGC0300,NGC300,0.26,0.0
4.5um,NGC3003,NGC3003,0.48,0.01
4.5um,NGC3018,NGC3018,0.35,0.03
4.5um,NGC3020,NGC3020,0.18,0.01
4.5um,NGC3021,NGC3021,0.16,0.08
4.5um,NGC3023,NGC3023,0.21,0.01
4.5um,NGC3024,NGC3024,0.2,0.03
4.5um,NGC3026,NGC3026,0.17,0.02
4.5um,NGC3027,NGC3027,0.93,0.0
4.5um,NGC3031,NGC3031,0.55,0.01
4.5um,NGC3032,NGC3032,0.3,0.05
4.5um,NGC3034,NGC3034,0.76,0.01
4.5um,NGC3041,NGC3041,0.2,0.04
4.5um,NGC3043,NGC3043,0.14,0.03
4.5um,NGC3044,NGC3044,0.46,0.06
4.5um,NGC3049,NGC3049,0.39,0.03
4.5um,NGC3055,NGC3055,0.24,0.01
4.5um,NGC3057,NGC3057,0.35,0.08
4.5um,NGC3061,NGC3061,0.28,0.08
4.5um,NGC3065,NGC3065,0.19,0.17
4.5um,NGC3066,NGC3066,0.25,0.16
4.5um,NGC3067,NGC3067,0.18,0.03
4.5um,NGC3073,NGC3073,0.16,0.04
4.5um,NGC3077,NGC3077,0.36,0.01
4.5um,NGC3079,NGC3079,0.24,0.02
4.5um,NGC3094,NGC3094,0.17,0.1
4.5um,NGC3098,NGC3098,0.26,0.03
4.5um,NGC3104,NGC3104,0.37,0.01
4.5um,NGC3115,NGC3115,0.98,0.0
4.5um,NGC3118,NGC3118,0.13,0.02
4.5um,NGC3147,NGC3147,1.0,2.89
4.5um,NGC3153,NGC3153,0.11,0.02
4.5um,NGC3155,NGC3155,0.17,0.25
4.5um,NGC3162,NGC3162,0.3,0.01
4.5um,NGC3165,NGC3165,0.18,0.04
4.5um,NGC3166,NGC3166,0.32,0.03
4.5um,NGC3169,NGC3169,0.52,0.01
4.5um,NGC3177,NGC3177,0.15,0.05
4.5um,NGC3182,NGC3182,0.29,0.04
4.5um,NGC3184,NGC3184,0.47,0.01
4.5um,NGC3185,NGC3185,0.22,0.03
4.5um,NGC3187,NGC3187,0.19,0.01
4.5um,NGC3190,NGC3190,0.33,0.07
4.5um,NGC3193,NGC3193,0.32,0.03
4.5um,NGC3198,NGC3198,0.79,0.01
4.5um,NGC3206,NGC3206,0.69,0.02
4.5um,NGC3213,NGC3213,0.07,0.01
4.5um,NGC3220,NGC3220,0.13,0.02
4.5um,NGC3225,NGC3225,0.12,0.02
4.5um,NGC3227,NGC3227,0.67,0.01
4.5um,NGC3239,NGC3239,0.7,0.01
4.5um,NGC3245A,NGC3245A,0.13,0.02
4.5um,NGC3246,NGC3246,0.1,0.03
4.5um,NGC3248,NGC3248,0.13,0.04
4.5um,NGC3252,NGC3252,0.47,0.05
4.5um,NGC3254,NGC3254,0.24,0.01
4.5um,NGC3259,NGC3259,0.1,0.2
4.5um,NGC3264,NGC3264,0.18,0.01
4.5um,NGC3266,NGC3266,0.15,0.13
4.5um,NGC3274,NGC3274,0.14,0.02
4.5um,NGC3277,NGC3277,0.23,0.04
4.5um,NGC3279,NGC3279,0.2,0.06
4.5um,NGC3287,NGC3287,0.13,0.01
4.5um,NGC3294,NGC3294,0.63,0.01
4.5um,NGC3299,NGC3299,0.09,0.01
4.5um,NGC3301,NGC3301,0.21,0.01
4.5um,NGC3306,NGC3306,0.14,0.05
4.5um,NGC3310,NGC3310,0.33,0.08
4.5um,NGC3319,NGC3319,0.59,0.01
4.5um,NGC3320,NGC3320,0.19,0.02
4.5um,NGC3321,NGC3321,0.15,0.02
4.5um,NGC3329,NGC3329,0.18,0.04
4.5um,NGC3338,NGC3338,0.09,0.03
4.5um,NGC3344,NGC3344,0.94,0.0
4.5um,NGC3346,NGC3346,0.45,0.02
4.5um,NGC3351,NGC3351,0.49,0.01
4.5um,NGC3353,NGC3353,0.21,0.05
4.5um,NGC3359,NGC3359,0.2,0.01
4.5um,NGC3361,NGC3361,0.12,0.03
4.5um,NGC3364,NGC3364,0.35,0.07
4.5um,NGC3365,NGC3365,0.29,0.0
4.5um,NGC3368,NGC3368,0.7,0.01
4.5um,NGC0337,NGC337,0.43,0.01
4.5um,NGC3370,NGC3370,0.31,0.01
4.5um,NGC3377A,NGC3377A,0.1,0.01
4.5um,NGC3380,NGC3380,0.09,0.02
4.5um,NGC3381,NGC3381,0.43,0.02
4.5um,NGC3384,NGC3384,0.8,0.01
4.5um,NGC3389,NGC3389,0.4,0.02
4.5um,NGC3395,NGC3395,0.3,0.02
4.5um,NGC3396,NGC3396,0.43,0.02
4.5um,NGC3403,NGC3403,1.0,0.0
4.5um,NGC3413,NGC3413,0.27,0.03
4.5um,NGC3414,NGC3414,0.49,0.02
4.5um,NGC3423,NGC3423,0.12,0.01
4.5um,NGC3424,NGC3424,0.25,0.02
4.5um,NGC3430,NGC3430,0.4,0.01
4.5um,NGC3432,NGC3432,0.37,0.01
4.5um,NGC3433,NGC3433,0.3,0.03
4.5um,NGC3437,NGC3437,0.29,0.1
4.5um,NGC3440,NGC3440,0.14,0.02
4.5um,NGC3443,NGC3443,0.14,0.01
4.5um,NGC3445,NGC3445,0.46,0.05
4.5um,NGC3447,NGC3447,0.62,0.02
4.5um,NGC3447A,NGC3447A,0.61,0.04
4.5um,NGC3448,NGC3448,0.87,0.01
4.5um,NGC3454,NGC3454,0.37,0.03
4.5um,NGC3455,NGC3455,0.16,0.02
4.5um,NGC3468,NGC3468,0.12,0.02
4.5um,NGC3471,NGC3471,0.23,0.08
4.5um,NGC3485,NGC3485,0.15,0.02
4.5um,NGC3486,NGC3486,0.46,0.01
4.5um,NGC3488,NGC3488,0.14,0.02
4.5um,NGC3489,NGC3489,0.48,0.01
4.5um,NGC3495,NGC3495,0.71,0.01
4.5um,NGC3501,NGC3501,0.86,0.01
4.5um,NGC3504,NGC3504,0.13,0.03
4.5um,NGC3507,NGC3507,0.45,0.01
4.5um,NGC3510,NGC3510,0.13,0.01
4.5um,NGC3511,NGC3511,0.25,0.05
4.5um,NGC3512,NGC3512,0.29,0.03
4.5um,NGC3513,NGC3513,0.5,0.01
4.5um,NGC3521,NGC3521,0.63,0.01
4.5um,NGC3522,NGC3522,0.15,0.05
4.5um,NGC3526,NGC3526,0.1,0.01
4.5um,NGC3547,NGC3547,0.1,0.02
4.5um,NGC3549,NGC3549,0.16,0.02
4.5um,NGC3556,NGC3556,0.85,0.01
4.5um,NGC3583,NGC3583,0.18,0.02
4.5um,NGC3589,NGC3589,0.13,0.03
4.5um,NGC3592,NGC3592,0.1,0.03
4.5um,NGC3593,NGC3593,0.52,0.02
4.5um,NGC3596,NGC3596,0.15,0.01
4.5um,NGC3599,NGC3599,0.28,0.03
4.5um,NGC0360,NGC360,0.74,0.12
4.5um,NGC3600,NGC3600,0.16,0.03
4.5um,NGC3608,NGC3608,0.36,0.02
4.5um,NGC3611,NGC3611,0.07,0.02
4.5um,NGC3614,NGC3614,0.23,0.03
4.5um,NGC3619,NGC3619,0.21,0.01
4.5um,NGC3622,NGC3622,0.38,0.09
4.5um,NGC3623,NGC3623,0.52,0.01
4.5um,NGC3625,NGC3625,0.49,0.04
4.5um,NGC3626,NGC3626,0.09,0.02
4.5um,NGC3627,NGC3627,0.55,0.01
4.5um,NGC3628,NGC3628,0.53,0.01
4.5um,NGC3629,NGC3629,0.16,0.01
4.5um,NGC3631,NGC3631,0.26,0.02
4.5um,NGC3633,NGC3633,0.15,0.04
4.5um,NGC3637,NGC3637,0.84,0.05
4.5um,NGC3642,NGC3642,0.24,0.01
4.5um,NGC3648,NGC3648,0.14,0.07
4.5um,NGC3652,NGC3652,0.32,0.02
4.5um,NGC3654,NGC3654,0.24,0.12
4.5um,NGC3655,NGC3655,0.14,0.04
4.5um,NGC3659,NGC3659,0.23,0.01
4.5um,NGC3664,NGC3664,0.12,0.01
4.5um,NGC3666,NGC3666,0.68,0.02
4.5um,NGC3669,NGC3669,0.45,0.05
4.5um,NGC3672,NGC3672,0.54,0.01
4.5um,NGC3673,NGC3673,0.2,0.08
4.5um,NGC3675,NGC3675,1.0,2.89
4.5um,NGC3681,NGC3681,0.13,0.02
4.5um,NGC3682,NGC3682,0.19,0.09
4.5um,NGC3683,NGC3683,0.22,0.23
4.5um,NGC3683A,NGC3683A,0.35,0.03
4.5um,NGC3684,NGC3684,0.09,0.02
4.5um,NGC3686,NGC3686,0.37,0.01
4.5um,NGC3687,NGC3687,0.12,0.04
4.5um,NGC3689,NGC3689,0.1,0.03
4.5um,NGC3691,NGC3691,0.07,0.02
4.5um,NGC3692,NGC3692,0.1,0.02
4.5um,NGC3701,NGC3701,0.09,0.02
4.5um,NGC3705,NGC3705,0.35,0.01
4.5um,NGC3712,NGC3712,0.1,0.01
4.5um,NGC3715,NGC3715,0.25,0.14
4.5um,NGC3718,NGC3718,0.92,0.0
4.5um,NGC3726,NGC3726,1.0,2.85
4.5um,NGC3729,NGC3729,0.95,0.02
4.5um,NGC3733,NGC3733,0.81,0.01
4.5um,NGC3735,NGC3735,0.59,0.01
4.5um,NGC3738,NGC3738,0.44,0.03
4.5um,NGC3752,NGC3752,0.38,0.14
4.5um,NGC3755,NGC3755,0.48,0.01
4.5um,NGC3756,NGC3756,0.16,0.07
4.5um,NGC3757,NGC3757,0.23,0.12
4.5um,NGC3769,NGC3769,0.5,0.03
4.5um,NGC3773,NGC3773,0.18,0.06
4.5um,NGC3779,NGC3779,0.09,0.02
4.5um,NGC3780,NGC3780,0.64,0.03
4.5um,NGC3782,NGC3782,0.33,0.07
4.5um,NGC3786,NGC3786,0.19,0.03
4.5um,NGC3788,NGC3788,0.31,0.02
4.5um,NGC3794,NGC3794,0.23,0.01
4.5um,NGC3795,NGC3795,0.5,0.03
4.5um,NGC3795A,NGC3795A,0.2,0.01
4.5um,NGC3810,NGC3810,0.1,0.01
4.5um,NGC3813,NGC3813,0.2,0.05
4.5um,NGC3835,NGC3835,0.12,0.12
4.5um,NGC3846A,NGC3846A,0.48,0.07
4.5um,NGC3850,NGC3850,0.15,0.03
4.5um,NGC3870,NGC3870,0.16,0.1
4.5um,NGC3876,NGC3876,0.09,0.04
4.5um,NGC3877,NGC3877,0.77,0.01
4.5um,NGC3879,NGC3879,0.64,0.08
4.5um,NGC3885,NGC3885,0.54,0.01
4.5um,NGC3887,NGC3887,0.18,0.02
4.5um,NGC3888,NGC3888,0.2,0.13
4.5um,NGC3892,NGC3892,0.19,0.03
4.5um,NGC3893,NGC3893,0.79,0.02
4.5um,NGC3896,NGC3896,0.18,0.02
4.5um,NGC3898,NGC3898,0.17,0.11
4.5um,NGC3900,NGC3900,0.12,0.04
4.5um,NGC3901,NGC3901,0.35,0.02
4.5um,NGC3904,NGC3904,0.14,0.02
4.5um,NGC3906,NGC3906,0.12,0.03
4.5um,NGC3912,NGC3912,0.2,0.02
4.5um,NGC3913,NGC3913,0.17,0.03
4.5um,NGC3917,NGC3917,0.17,0.01
4.5um,NGC3922,NGC3922,0.4,0.08
4.5um,NGC3928,NGC3928,0.16,0.21
4.5um,NGC3930,NGC3930,0.14,0.01
4.5um,NGC3931,NGC3931,0.11,0.03
4.5um,NGC3936,NGC3936,0.34,0.02
4.5um,NGC3938,NGC3938,0.24,0.01
4.5um,NGC3941,NGC3941,0.42,0.01
4.5um,NGC3949,NGC3949,0.27,0.07
4.5um,NGC3952,NGC3952,0.11,0.02
4.5um,NGC3953,NGC3953,1.0,4.6
4.5um,NGC3955,NGC3955,0.33,0.01
4.5um,NGC3956,NGC3956,0.31,0.01
4.5um,NGC3962,NGC3962,0.16,0.02
4.5um,NGC3972,NGC3972,0.42,0.02
4.5um,NGC3976,NGC3976,0.47,0.01
4.5um,NGC3981,NGC3981,0.58,0.01
4.5um,NGC3982,NGC3982,0.2,0.07
4.5um,NGC3985,NGC3985,0.36,0.07
4.5um,NGC3992,NGC3992,0.34,0.0
4.5um,NGC3998,NGC3998,0.64,0.06
4.5um,NGC4010,NGC4010,0.77,0.01
4.5um,NGC4013,NGC4013,0.61,0.01
4.5um,NGC4020,NGC4020,0.13,0.01
4.5um,NGC4027,NGC4027,0.43,0.03
4.5um,NGC4030,NGC4030,0.09,0.01
4.5um,NGC4032,NGC4032,0.08,0.02
4.5um,NGC4034,NGC4034,0.38,0.14
4.5um,NGC4037,NGC4037,0.11,0.02
4.5um,NGC4038,NGC4038,0.32,0.0
4.5um,NGC4039,NGC4039,0.35,0.01
4.5um,NGC4041,NGC4041,0.15,0.06
4.5um,NGC4045,NGC4045,0.15,0.05
4.5um,NGC4049,NGC4049,0.12,0.04
4.5um,NGC4050,NGC4050,0.16,0.04
4.5um,NGC4051,NGC4051,0.8,0.01
4.5um,NGC0406,NGC406,0.73,0.09
4.5um,NGC4062,NGC4062,0.63,0.02
4.5um,NGC4064,NGC4064,0.24,0.02
4.5um,NGC4067,NGC4067,0.14,0.03
4.5um,NGC4068,NGC4068,0.17,0.01
4.5um,NGC4080,NGC4080,0.16,0.16
4.5um,NGC4081,NGC4081,0.19,0.19
4.5um,NGC4085,NGC4085,0.18,0.04
4.5um,NGC4088,NGC4088,0.3,0.01
4.5um,NGC4094,NGC4094,0.18,0.01
4.5um,NGC4096,NGC4096,0.31,0.01
4.5um,NGC4100,NGC4100,0.47,0.0
4.5um,NGC4102,NGC4102,0.22,0.06
4.5um,NGC4106,NGC4106,0.71,0.01
4.5um,NGC4108,NGC4108,0.17,0.21
4.5um,NGC4108B,NGC4108B,0.37,0.01
4.5um,NGC4111,NGC4111,0.11,0.11
4.5um,NGC4116,NGC4116,0.27,0.01
4.5um,NGC4117,NGC4117,0.19,0.02
4.5um,NGC4120,NGC4120,0.18,0.03
4.5um,NGC4123,NGC4123,0.15,0.03
4.5um,NGC4127,NGC4127,0.31,0.04
4.5um,NGC4129,NGC4129,0.37,0.02
4.5um,NGC4133,NGC4133,0.26,0.12
4.5um,NGC4136,NGC4136,0.31,0.02
4.5um,NGC4138,NGC4138,0.25,0.16
4.5um,NGC4141,NGC4141,0.23,0.02
4.5um,NGC4142,NGC4142,0.14,0.01
4.5um,NGC4144,NGC4144,0.7,0.01
4.5um,NGC4145,NGC4145,0.14,0.01
4.5um,NGC4151,NGC4151,0.65,0.03
4.5um,NGC4152,NGC4152,0.09,0.02
4.5um,NGC4157,NGC4157,1.0,0.0
4.5um,NGC4158,NGC4158,0.13,0.02
4.5um,NGC4159,NGC4159,0.46,0.05
4.5um,NGC4162,NGC4162,0.26,0.02
4.5um,NGC4163,NGC4163,0.15,0.01
4.5um,NGC4165,NGC4165,0.41,0.02
4.5um,NGC4173,NGC4173,0.87,0.01
4.5um,NGC4178,NGC4178,0.38,0.01
4.5um,NGC4180,NGC4180,0.13,0.06
4.5um,NGC4183,NGC4183,0.69,0.03
4.5um,NGC4189,NGC4189,0.18,0.01
4.5um,NGC4190,NGC4190,0.12,0.02
4.5um,NGC4192,NGC4192,0.85,0.0
4.5um,NGC4193,NGC4193,0.16,0.03
4.5um,NGC4194,NGC4194,0.68,0.14
4.5um,NGC4197,NGC4197,0.19,0.04
4.5um,NGC4203,NGC4203,0.56,0.02
4.5um,NGC4204,NGC4204,0.4,0.01
4.5um,NGC4205,NGC4205,0.38,0.08
4.5um,NGC4206,NGC4206,0.69,0.02
4.5um,NGC4207,NGC4207,0.13,0.03
4.5um,NGC4210,NGC4210,0.18,0.09
4.5um,NGC4212,NGC4212,0.11,0.02
4.5um,NGC4214,NGC4214,0.98,0.0
4.5um,NGC4216,NGC4216,0.87,0.01
4.5um,NGC4217,NGC4217,0.35,0.02
4.5um,NGC4220,NGC4220,0.8,0.01
4.5um,NGC4222,NGC4222,0.21,0.01
4.5um,NGC4224,NGC4224,0.19,0.03
4.5um,NGC4234,NGC4234,0.11,0.02
4.5um,NGC4235,NGC4235,0.46,0.01
4.5um,NGC4236,NGC4236,1.0,0.0
4.5um,NGC4237,NGC4237,0.15,0.02
4.5um,NGC4238,NGC4238,0.24,0.02
4.5um,NGC4242,NGC4242,0.98,4.92
4.5um,NGC4244,NGC4244,0.5,0.01
4.5um,NGC4245,NGC4245,0.4,0.02
4.5um,NGC4248,NGC4248,0.14,0.01
4.5um,NGC4250,NGC4250,0.16,0.05
4.5um,NGC4252,NGC4252,0.2,0.03
4.5um,NGC4254,NGC4254,0.38,0.01
4.5um,NGC4256,NGC4256,0.39,0.05
4.5um,NGC4258,NGC4258,0.54,0.01
4.5um,NGC4260,NGC4260,0.12,0.04
4.5um,NGC4262,NGC4262,0.14,0.03
4.5um,NGC4267,NGC4267,0.46,0.03
4.5um,NGC4268,NGC4268,0.15,0.03
4.5um,NGC4273,NGC4273,0.28,0.01
4.5um,NGC4274,NGC4274,0.51,0.01
4.5um,NGC4276,NGC4276,0.12,0.01
4.5um,NGC4278,NGC4278,0.67,0.03
4.5um,NGC0428,NGC428,0.34,0.01
4.5um,NGC4283,NGC4283,0.27,0.05
4.5um,NGC4286,NGC4286,0.08,0.02
4.5um,NGC4287,NGC4287,0.18,0.05
4.5um,NGC4288,NGC4288,0.18,0.03
4.5um,NGC4289,NGC4289,0.31,0.01
4.5um,NGC4293,NGC4293,0.47,0.01
4.5um,NGC4294,NGC4294,0.2,0.01
4.5um,NGC4298,NGC4298,0.4,0.01
4.5um,NGC4299,NGC4299,0.17,0.02
4.5um,NGC4302,NGC4302,0.47,0.05
4.5um,NGC4303,NGC4303,0.37,0.02
4.5um,NGC4303A,NGC4303A,0.1,0.02
4.5um,NGC4307,NGC4307,0.17,0.02
4.5um,NGC4309,NGC4309,0.14,0.03
4.5um,NGC4310,NGC4310,0.12,0.03
4.5um,NGC4312,NGC4312,0.5,0.01
4.5um,NGC4313,NGC4313,0.12,0.02
4.5um,NGC4314,NGC4314,0.9,0.02
4.5um,NGC4316,NGC4316,0.2,0.04
4.5um,NGC4319,NGC4319,0.22,0.14
4.5um,NGC4321,NGC4321,0.36,0.01
4.5um,NGC4324,NGC4324,0.17,0.03
4.5um,NGC4330,NGC4330,0.24,0.01
4.5um,NGC4331,NGC4331,0.62,0.01
4.5um,NGC4336,NGC4336,0.11,0.01
4.5um,NGC4343,NGC4343,0.16,0.05
4.5um,NGC4344,NGC4344,0.09,0.02
4.5um,NGC4346,NGC4346,0.97,0.0
4.5um,NGC4348,NGC4348,0.44,0.01
4.5um,NGC4351,NGC4351,0.15,0.03
4.5um,NGC4353,NGC4353,0.12,0.03
4.5um,NGC4355,NGC4355,0.36,0.06
4.5um,NGC4356,NGC4356,0.13,0.02
4.5um,NGC4359,NGC4359,0.1,0.02
4.5um,NGC4369,NGC4369,0.26,0.13
4.5um,NGC4370,NGC4370,0.15,0.02
4.5um,NGC4371,NGC4371,0.16,0.02
4.5um,NGC4374,NGC4374,0.79,0.01
4.5um,NGC4376,NGC4376,0.1,0.02
4.5um,NGC4378,NGC4378,0.26,0.03
4.5um,NGC4380,NGC4380,0.32,0.01
4.5um,NGC4383,NGC4383,0.22,0.05
4.5um,NGC4384,NGC4384,0.34,0.12
4.5um,NGC4385,NGC4385,0.23,0.01
4.5um,NGC4388,NGC4388,0.2,0.03
4.5um,NGC4389,NGC4389,0.16,0.03
4.5um,NGC4390,NGC4390,0.12,0.02
4.5um,NGC4393,NGC4393,0.12,0.02
4.5um,NGC4394,NGC4394,0.47,0.01
4.5um,NGC4395,NGC4395,0.6,0.02
4.5um,NGC4396,NGC4396,0.28,0.01
4.5um,NGC4402,NGC4402,0.4,0.03
4.5um,NGC4405,NGC4405,0.17,0.04
4.5um,NGC4406,NGC4406,0.81,0.0
4.5um,NGC4409,NGC4409,0.19,0.02
4.5um,NGC4411A,NGC4411A,0.14,0.01
4.5um,NGC4411B,NGC4411B,0.17,0.01
4.5um,NGC4412,NGC4412,0.14,0.03
4.5um,NGC4413,NGC4413,0.21,0.02
4.5um,NGC4414,NGC4414,0.2,0.06
4.5um,NGC4416,NGC4416,0.19,0.01
4.5um,NGC4419,NGC4419,0.54,0.02
4.5um,NGC4423,NGC4423,0.15,0.01
4.5um,NGC4424,NGC4424,0.17,0.03
4.5um,NGC4428,NGC4428,0.11,0.04
4.5um,NGC4430,NGC4430,0.15,0.02
4.5um,NGC4434,NGC4434,0.09,0.04
4.5um,NGC4437,NGC4437,0.82,0.01
4.5um,NGC4438,NGC4438,0.57,0.02
4.5um,NGC4442,NGC4442,0.8,0.0
4.5um,NGC4445,NGC4445,0.16,0.02
4.5um,NGC4448,NGC4448,0.13,0.06
4.5um,NGC4449,NGC4449,0.92,0.0
4.5um,NGC4450,NGC4450,0.56,0.01
4.5um,NGC4451,NGC4451,0.13,0.03
4.5um,NGC4454,NGC4454,0.13,0.03
4.5um,NGC4455,NGC4455,0.16,0.01
4.5um,NGC4457,NGC4457,0.2,0.03
4.5um,NGC4460,NGC4460,1.0,0.0
4.5um,NGC4461,NGC4461,0.26,0.02
4.5um,NGC4462,NGC4462,0.24,0.02
4.5um,NGC4470,NGC4470,0.14,0.03
4.5um,NGC4472,NGC4472,0.54,0.01
4.5um,NGC4480,NGC4480,0.41,0.02
4.5um,NGC4485,NGC4485,0.71,0.02
4.5um,NGC4487,NGC4487,0.13,0.01
4.5um,NGC4488,NGC4488,0.11,0.03
4.5um,NGC4489,NGC4489,0.1,0.03
4.5um,NGC4490,NGC4490,0.99,0.0
4.5um,NGC4491,NGC4491,0.11,0.02
4.5um,NGC4492,NGC4492,0.12,0.02
4.5um,NGC4494,NGC4494,0.47,0.01
4.5um,NGC4496A,NGC4496A,0.36,0.01
4.5um,NGC4498,NGC4498,0.28,0.01
4.5um,NGC0045,NGC45,0.5,0.0
4.5um,NGC0450,NGC450,0.44,0.01
4.5um,NGC4501,NGC4501,0.96,0.0
4.5um,NGC4502,NGC4502,0.09,0.05
4.5um,NGC4503,NGC4503,0.19,0.02
4.5um,NGC4504,NGC4504,0.54,0.01
4.5um,NGC4506,NGC4506,0.11,0.01
4.5um,NGC4517A,NGC4517A,0.14,0.01
4.5um,NGC4519,NGC4519,0.27,0.01
4.5um,NGC4522,NGC4522,0.32,0.01
4.5um,NGC4523,NGC4523,0.15,0.03
4.5um,NGC4525,NGC4525,0.12,0.01
4.5um,NGC4527,NGC4527,0.5,0.01
4.5um,NGC4528,NGC4528,0.12,0.02
4.5um,NGC4531,NGC4531,0.12,0.03
4.5um,NGC4532,NGC4532,0.26,0.01
4.5um,NGC4533,NGC4533,0.17,0.01
4.5um,NGC4534,NGC4534,0.42,0.01
4.5um,NGC4535,NGC4535,0.16,0.0
4.5um,NGC4536,NGC4536,0.28,0.02
4.5um,NGC4539,NGC4539,0.13,0.02
4.5um,NGC4540,NGC4540,0.14,0.02
4.5um,NGC4544,NGC4544,0.18,0.02
4.5um,NGC4545,NGC4545,0.22,0.01
4.5um,NGC4546,NGC4546,0.47,0.02
4.5um,NGC4548,NGC4548,0.36,0.01
4.5um,NGC4550,NGC4550,0.4,0.01
4.5um,NGC4559,NGC4559,0.92,0.0
4.5um,NGC4561,NGC4561,0.19,0.02
4.5um,NGC4562,NGC4562,0.56,0.02
4.5um,NGC4565,NGC4565,0.5,0.01
4.5um,NGC4567,NGC4567,0.37,0.03
4.5um,NGC4568,NGC4568,0.72,0.01
4.5um,NGC4569,NGC4569,0.69,0.01
4.5um,NGC4571,NGC4571,0.15,0.01
4.5um,NGC4572,NGC4572,0.54,0.06
4.5um,NGC4579,NGC4579,0.66,0.01
4.5um,NGC4580,NGC4580,0.18,0.02
4.5um,NGC4584,NGC4584,0.09,0.02
4.5um,NGC4586,NGC4586,0.16,0.04
4.5um,NGC4591,NGC4591,0.09,0.03
4.5um,NGC4592,NGC4592,0.43,0.01
4.5um,NGC4593,NGC4593,0.23,0.05
4.5um,NGC4594,NGC4594,0.68,0.01
4.5um,NGC4595,NGC4595,0.16,0.03
4.5um,NGC4596,NGC4596,0.65,0.01
4.5um,NGC4597,NGC4597,0.1,0.01
4.5um,NGC4599,NGC4599,0.1,0.02
4.5um,NGC4602,NGC4602,0.09,0.05
4.5um,NGC4604,NGC4604,0.11,0.04
4.5um,NGC4605,NGC4605,0.59,0.01
4.5um,NGC4606,NGC4606,0.29,0.01
4.5um,NGC4607,NGC4607,0.29,0.04
4.5um,NGC4618,NGC4618,0.85,0.03
4.5um,NGC4625,NGC4625,0.35,0.16
4.5um,NGC4628,NGC4628,0.18,0.05
4.5um,NGC4629,NGC4629,0.1,0.02
4.5um,NGC4630,NGC4630,0.21,0.02
4.5um,NGC4631,NGC4631,1.0,0.0
4.5um,NGC4632,NGC4632,0.24,0.04
4.5um,NGC4633,NGC4633,0.16,0.03
4.5um,NGC4634,NGC4634,0.36,0.01
4.5um,NGC4635,NGC4635,0.25,0.02
4.5um,NGC4636,NGC4636,0.42,0.01
4.5um,NGC4639,NGC4639,0.55,0.02
4.5um,NGC4641,NGC4641,0.12,0.03
4.5um,NGC4642,NGC4642,0.12,0.02
4.5um,NGC4643,NGC4643,0.1,0.07
4.5um,NGC4647,NGC4647,0.68,0.02
4.5um,NGC4651,NGC4651,0.18,0.04
4.5um,NGC4653,NGC4653,0.2,0.02
4.5um,NGC4654,NGC4654,0.57,0.01
4.5um,NGC4656,NGC4656,0.19,0.0
4.5um,NGC4658,NGC4658,0.33,0.03
4.5um,NGC4659,NGC4659,0.22,0.03
4.5um,NGC4666,NGC4666,0.28,0.01
4.5um,NGC4668,NGC4668,0.12,0.03
4.5um,NGC4680,NGC4680,0.16,0.05
4.5um,NGC4682,NGC4682,0.38,0.02
4.5um,NGC4684,NGC4684,0.53,0.02
4.5um,NGC4688,NGC4688,0.34,0.01
4.5um,NGC4689,NGC4689,0.44,0.01
4.5um,NGC4691,NGC4691,0.49,0.01
4.5um,NGC4694,NGC4694,0.17,0.04
4.5um,NGC4698,NGC4698,0.58,0.02
4.5um,NGC4699,NGC4699,0.21,0.02
4.5um,NGC0470,NGC470,0.33,0.02
4.5um,NGC4700,NGC4700,0.52,0.01
4.5um,NGC4701,NGC4701,0.22,0.04
4.5um,NGC4707,NGC4707,0.27,0.02
4.5um,NGC4710,NGC4710,0.21,0.03
4.5um,NGC4713,NGC4713,0.2,0.02
4.5um,NGC4722,NGC4722,0.11,0.02
4.5um,NGC4723,NGC4723,0.14,0.05
4.5um,NGC4725,NGC4725,0.78,0.0
4.5um,NGC0473,NGC473,0.12,0.05
4.5um,NGC4731,NGC4731,0.18,0.01
4.5um,NGC4733,NGC4733,0.11,0.02
4.5um,NGC4736,NGC4736,0.15,0.03
4.5um,NGC0474,NGC474,0.26,0.02
4.5um,NGC4746,NGC4746,0.19,0.05
4.5um,NGC4747,NGC4747,0.25,0.0
4.5um,NGC4749,NGC4749,0.27,0.11
4.5um,NGC4750,NGC4750,0.2,0.03
4.5um,NGC4753,NGC4753,0.16,0.01
4.5um,NGC4754,NGC4754,0.87,0.01
4.5um,NGC4758,NGC4758,0.28,0.02
4.5um,NGC4762,NGC4762,0.91,0.0
4.5um,NGC4765,NGC4765,0.14,0.05
4.5um,NGC4771,NGC4771,0.54,0.01
4.5um,NGC4772,NGC4772,0.4,0.01
4.5um,NGC4775,NGC4775,0.13,0.02
4.5um,NGC4779,NGC4779,0.12,0.02
4.5um,NGC4781,NGC4781,0.2,0.04
4.5um,NGC4789A,NGC4789A,0.87,0.02
4.5um,NGC4790,NGC4790,0.19,0.02
4.5um,NGC4791,NGC4791,0.1,0.03
4.5um,NGC4793,NGC4793,0.42,0.04
4.5um,NGC4795,NGC4795,0.17,0.04
4.5um,NGC4799,NGC4799,0.12,0.06
4.5um,NGC4800,NGC4800,0.12,0.06
4.5um,NGC4802,NGC4802,0.24,0.06
4.5um,NGC4806,NGC4806,0.21,0.02
4.5um,NGC4808,NGC4808,0.17,0.04
4.5um,NGC4809,NGC4809,0.12,0.01
4.5um,NGC4814,NGC4814,0.24,0.11
4.5um,NGC4818,NGC4818,0.46,0.01
4.5um,NGC4826,NGC4826,0.94,0.0
4.5um,NGC4845,NGC4845,0.16,0.01
4.5um,NGC0485,NGC485,0.21,0.03
4.5um,NGC4856,NGC4856,0.18,0.02
4.5um,NGC4866,NGC4866,0.46,0.01
4.5um,NGC0488,NGC488,0.28,0.01
4.5um,NGC4880,NGC4880,0.08,0.03
4.5um,NGC0489,NGC489,0.09,0.02
4.5um,NGC4897,NGC4897,0.5,0.01
4.5um,NGC4899,NGC4899,0.09,0.02
4.5um,NGC4900,NGC4900,0.12,0.02
4.5um,NGC4902,NGC4902,0.19,0.02
4.5um,NGC4904,NGC4904,0.11,0.03
4.5um,NGC4920,NGC4920,0.12,0.02
4.5um,NGC4928,NGC4928,0.14,0.04
4.5um,NGC0493,NGC493,0.47,0.01
4.5um,NGC4941,NGC4941,0.15,0.04
4.5um,NGC4942,NGC4942,0.2,0.01
4.5um,NGC4948,NGC4948,0.15,0.02
4.5um,NGC4948A,NGC4948A,0.18,0.02
4.5um,NGC4951,NGC4951,0.51,0.01
4.5um,NGC4958,NGC4958,0.47,0.01
4.5um,NGC4961,NGC4961,0.23,0.04
4.5um,NGC4965,NGC4965,0.37,0.03
4.5um,NGC4980,NGC4980,0.49,0.03
4.5um,NGC4981,NGC4981,0.47,0.01
4.5um,NGC4984,NGC4984,0.31,0.02
4.5um,NGC4995,NGC4995,0.44,0.01
4.5um,NGC5002,NGC5002,0.14,0.04
4.5um,NGC5005,NGC5005,0.19,0.05
4.5um,NGC5012,NGC5012,0.23,0.02
4.5um,NGC5014,NGC5014,0.23,0.02
4.5um,NGC5016,NGC5016,0.25,0.07
4.5um,NGC5018,NGC5018,0.4,0.01
4.5um,NGC5022,NGC5022,0.35,0.01
4.5um,NGC5023,NGC5023,0.77,0.01
4.5um,NGC5033,NGC5033,0.37,0.01
4.5um,NGC5042,NGC5042,0.71,0.01
4.5um,NGC5054,NGC5054,0.44,0.01
4.5um,NGC5055,NGC5055,0.25,0.02
4.5um,NGC5068,NGC5068,0.22,0.01
4.5um,NGC5073,NGC5073,0.28,0.01
4.5um,NGC5078,NGC5078,0.18,0.16
4.5um,NGC5079,NGC5079,0.44,0.04
4.5um,NGC5084,NGC5084,0.74,0.01
4.5um,NGC5085,NGC5085,0.2,0.01
4.5um,NGC5088,NGC5088,0.11,0.03
4.5um,NGC5101,NGC5101,0.3,0.02
4.5um,NGC5103,NGC5103,0.33,0.06
4.5um,NGC5105,NGC5105,0.1,0.03
4.5um,NGC5107,NGC5107,0.25,0.02
4.5um,NGC5109,NGC5109,0.43,0.16
4.5um,NGC5112,NGC5112,0.98,0.01
4.5um,NGC5116,NGC5116,0.15,0.02
4.5um,NGC5117,NGC5117,0.34,0.02
4.5um,NGC5122,NGC5122,0.17,0.08
4.5um,NGC5134,NGC5134,0.5,0.01
4.5um,NGC0514,NGC514,0.48,0.03
4.5um,NGC5145,NGC5145,0.22,0.1
4.5um,NGC5147,NGC5147,0.11,0.02
4.5um,NGC5169,NGC5169,0.17,0.04
4.5um,NGC5170,NGC5170,0.28,0.01
4.5um,NGC5173,NGC5173,0.15,0.09
4.5um,NGC0518,NGC518,0.26,0.04
4.5um,NGC5194,NGC5194,0.54,0.02
4.5um,NGC5195,NGC5195,0.2,0.03
4.5um,NGC0520,NGC520,0.29,0.01
4.5um,NGC5204,NGC5204,1.0,2.93
4.5um,NGC5205,NGC5205,0.14,0.19
4.5um,NGC5216,NGC5216,0.19,0.04
4.5um,NGC5218,NGC5218,0.24,0.07
4.5um,NGC0522,NGC522,0.24,0.02
4.5um,NGC5229,NGC5229,0.38,0.02
4.5um,NGC5236,NGC5236,0.52,0.01
4.5um,NGC5238,NGC5238,0.15,0.01
4.5um,NGC5240,NGC5240,1.0,0.0
4.5um,NGC5247,NGC5247,0.21,0.01
4.5um,NGC5248,NGC5248,0.62,0.01
4.5um,NGC5253,NGC5253,0.81,0.02
4.5um,NGC5254,NGC5254,0.65,0.02
4.5um,NGC5264,NGC5264,0.48,0.01
4.5um,NGC5273,NGC5273,0.28,0.08
4.5um,NGC5289,NGC5289,0.43,0.1
4.5um,NGC5290,NGC5290,0.54,0.08
4.5um,NGC5297,NGC5297,0.44,0.03
4.5um,NGC5300,NGC5300,0.68,0.01
4.5um,NGC5301,NGC5301,1.0,0.02
4.5um,NGC5304,NGC5304,0.21,0.04
4.5um,NGC5311,NGC5311,0.21,0.09
4.5um,NGC5313,NGC5313,0.49,0.04
4.5um,NGC0532,NGC532,0.09,0.02
4.5um,NGC5320,NGC5320,0.18,0.03
4.5um,NGC5326,NGC5326,0.16,0.07
4.5um,NGC5334,NGC5334,0.57,0.02
4.5um,NGC5336,NGC5336,0.18,0.08
4.5um,NGC5337,NGC5337,0.16,0.04
4.5um,NGC5338,NGC5338,0.45,0.01
4.5um,NGC5339,NGC5339,0.1,0.03
4.5um,NGC5346,NGC5346,0.4,0.07
4.5um,NGC5347,NGC5347,0.2,0.07
4.5um,NGC5348,NGC5348,0.46,0.01
4.5um,NGC5350,NGC5350,0.59,0.09
4.5um,NGC5353,NGC5353,0.41,0.05
4.5um,NGC5354,NGC5354,0.62,0.05
4.5um,NGC5355,NGC5355,0.22,0.05
4.5um,NGC5356,NGC5356,0.76,0.0
4.5um,NGC5360,NGC5360,0.16,0.03
4.5um,NGC5362,NGC5362,0.28,0.07
4.5um,NGC5363,NGC5363,0.78,0.02
4.5um,NGC5364,NGC5364,0.26,0.01
4.5um,NGC5371,NGC5371,0.58,0.01
4.5um,NGC5375,NGC5375,0.19,0.13
4.5um,NGC5376,NGC5376,0.74,0.11
4.5um,NGC5377,NGC5377,1.0,0.0
4.5um,NGC5383,NGC5383,0.19,0.06
4.5um,NGC5403,NGC5403,0.36,0.03
4.5um,NGC5422,NGC5422,1.0,0.0
4.5um,NGC5425,NGC5425,0.26,0.14
4.5um,NGC5426,NGC5426,0.41,0.01
4.5um,NGC5427,NGC5427,0.28,0.01
4.5um,NGC5430,NGC5430,0.39,0.15
4.5um,NGC5443,NGC5443,0.12,0.08
4.5um,NGC5448,NGC5448,0.68,0.01
4.5um,NGC5452,NGC5452,0.43,0.06
4.5um,NGC5457,NGC5457,1.0,4.05
4.5um,NGC5464,NGC5464,0.15,0.04
4.5um,NGC5468,NGC5468,0.28,0.01
4.5um,NGC5470,NGC5470,0.49,0.01
4.5um,NGC5472,NGC5472,0.11,0.04
4.5um,NGC5473,NGC5473,0.16,0.13
4.5um,NGC5474,NGC5474,0.92,0.05
4.5um,NGC5476,NGC5476,0.15,0.03
4.5um,NGC5477,NGC5477,0.17,0.03
4.5um,NGC5480,NGC5480,0.27,0.02
4.5um,NGC5481,NGC5481,0.28,0.04
4.5um,NGC5486,NGC5486,0.25,0.08
4.5um,NGC5492,NGC5492,0.21,0.06
4.5um,NGC5496,NGC5496,0.22,0.03
4.5um,NGC0055,NGC55,1.0,0.0
4.5um,NGC5506,NGC5506,0.25,0.11
4.5um,NGC5507,NGC5507,0.15,0.04
4.5um,NGC5520,NGC5520,0.43,0.11
4.5um,NGC5523,NGC5523,0.31,0.1
4.5um,NGC5526,NGC5526,1.0,0.0
4.5um,NGC5529,NGC5529,0.63,0.21
4.5um,NGC5534,NGC5534,0.13,0.04
4.5um,NGC5560,NGC5560,0.31,0.02
4.5um,NGC5566,NGC5566,0.49,0.01
4.5um,NGC5569,NGC5569,0.3,0.03
4.5um,NGC5574,NGC5574,0.23,0.04
4.5um,NGC5576,NGC5576,0.24,0.04
4.5um,NGC5577,NGC5577,0.39,0.03
4.5um,NGC5584,NGC5584,0.49,0.01
4.5um,NGC5585,NGC5585,1.0,0.0
4.5um,NGC5587,NGC5587,0.35,0.05
4.5um,NGC5595,NGC5595,0.17,0.03
4.5um,NGC5597,NGC5597,0.26,0.04
4.5um,NGC5600,NGC5600,0.35,0.09
4.5um,NGC5602,NGC5602,0.08,0.24
4.5um,NGC5604,NGC5604,0.15,0.03
4.5um,NGC5608,NGC5608,0.34,0.17
4.5um,NGC5624,NGC5624,0.45,0.14
4.5um,NGC5630,NGC5630,0.25,0.16
4.5um,NGC5631,NGC5631,0.35,0.09
4.5um,NGC5633,NGC5633,0.15,0.12
4.5um,NGC5636,NGC5636,0.42,0.05
4.5um,NGC5645,NGC5645,0.19,0.02
4.5um,NGC5660,NGC5660,0.48,0.05
4.5um,NGC5661,NGC5661,0.13,0.04
4.5um,NGC5665,NGC5665,0.25,0.05
4.5um,NGC5667,NGC5667,0.27,0.11
4.5um,NGC5668,NGC5668,0.19,0.02
4.5um,NGC5669,NGC5669,0.35,0.01
4.5um,NGC5673,NGC5673,0.2,0.3
4.5um,NGC5676,NGC5676,0.2,0.04
4.5um,NGC5678,NGC5678,1.0,0.0
4.5um,NGC5689,NGC5689,0.53,0.01
4.5um,NGC5690,NGC5690,0.66,0.01
4.5um,NGC5691,NGC5691,0.19,0.02
4.5um,NGC5693,NGC5693,0.32,0.08
4.5um,NGC5701,NGC5701,0.13,0.05
4.5um,NGC5707,NGC5707,0.23,0.16
4.5um,NGC5708,NGC5708,0.37,0.07
4.5um,NGC5713,NGC5713,0.46,0.07
4.5um,NGC5714,NGC5714,1.0,0.0
4.5um,NGC5719,NGC5719,0.24,0.05
4.5um,NGC5728,NGC5728,0.86,0.02
4.5um,NGC5729,NGC5729,0.5,0.02
4.5um,NGC5730,NGC5730,0.36,0.15
4.5um,NGC5731,NGC5731,0.33,0.16
4.5um,NGC5740,NGC5740,0.17,0.03
4.5um,NGC5744,NGC5744,0.13,0.04
4.5um,NGC5746,NGC5746,1.0,0.0
4.5um,NGC5750,NGC5750,0.16,0.04
4.5um,NGC5756,NGC5756,0.57,0.01
4.5um,NGC5757,NGC5757,0.16,0.04
4.5um,NGC5762,NGC5762,0.11,0.03
4.5um,NGC5768,NGC5768,0.14,0.03
4.5um,NGC5770,NGC5770,0.21,0.15
4.5um,NGC5774,NGC5774,0.2,0.01
4.5um,NGC5775,NGC5775,0.28,0.07
4.5um,NGC5777,NGC5777,1.0,2.79
4.5um,NGC0578,NGC578,0.39,0.01
4.5um,NGC5781,NGC5781,0.14,0.06
4.5um,NGC5783,NGC5783,0.57,0.18
4.5um,NGC5789,NGC5789,0.4,0.08
4.5um,NGC5792,NGC5792,0.38,0.01
4.5um,NGC5798,NGC5798,0.17,0.02
4.5um,NGC5806,NGC5806,0.51,0.01
4.5um,NGC5809,NGC5809,0.09,0.01
4.5um,NGC5821,NGC5821,0.34,0.17
4.5um,NGC5832,NGC5832,0.21,0.02
4.5um,NGC0584,NGC584,0.73,0.01
4.5um,NGC5846,NGC5846,0.43,0.01
4.5um,NGC5850,NGC5850,0.42,0.0
4.5um,NGC5854,NGC5854,0.56,0.01
4.5um,NGC5861,NGC5861,0.65,0.01
4.5um,NGC5864,NGC5864,0.5,0.07
4.5um,NGC5866B,NGC5866B,1.0,0.0
4.5um,NGC5878,NGC5878,0.41,0.07
4.5um,NGC5879,NGC5879,1.0,1.11
4.5um,NGC5885,NGC5885,0.63,0.01
4.5um,NGC5892,NGC5892,0.65,0.01
4.5um,NGC5894,NGC5894,0.99,0.0
4.5um,NGC5899,NGC5899,0.39,0.05
4.5um,NGC0059,NGC59,0.23,0.02
4.5um,NGC5900,NGC5900,0.55,0.23
4.5um,NGC5907,NGC5907,0.43,0.06
4.5um,NGC5913,NGC5913,0.15,0.06
4.5um,NGC5915,NGC5915,0.2,0.04
4.5um,NGC5916,NGC5916,0.65,0.02
4.5um,NGC5916A,NGC5916A,0.22,0.03
4.5um,NGC5921,NGC5921,0.81,0.01
4.5um,NGC5930,NGC5930,0.28,0.13
4.5um,NGC5937,NGC5937,0.18,0.06
4.5um,NGC5949,NGC5949,0.26,0.09
4.5um,NGC5950,NGC5950,0.32,0.05
4.5um,NGC5951,NGC5951,0.94,0.0
4.5um,NGC5953,NGC5953,0.34,0.12
4.5um,NGC5954,NGC5954,0.45,0.1
4.5um,NGC5956,NGC5956,0.12,0.03
4.5um,NGC5957,NGC5957,0.33,0.06
4.5um,NGC5958,NGC5958,0.27,0.08
4.5um,NGC5962,NGC5962,0.43,0.14
4.5um,NGC5963,NGC5963,1.0,0.0
4.5um,NGC5964,NGC5964,0.38,0.02
4.5um,NGC5970,NGC5970,0.88,0.02
4.5um,NGC5981,NGC5981,0.6,0.01
4.5um,NGC5984,NGC5984,0.99,0.0
4.5um,NGC5985,NGC5985,0.72,0.01
4.5um,NGC0600,NGC600,0.37,0.02
4.5um,NGC6010,NGC6010,0.26,0.1
4.5um,NGC6012,NGC6012,0.22,0.11
4.5um,NGC6014,NGC6014,0.31,0.04
4.5um,NGC6015,NGC6015,0.95,0.0
4.5um,NGC6063,NGC6063,0.24,0.08
4.5um,NGC6070,NGC6070,0.39,0.01
4.5um,NGC6106,NGC6106,0.24,0.01
4.5um,NGC6118,NGC6118,0.45,0.01
4.5um,NGC0613,NGC613,0.24,0.02
4.5um,NGC6140,NGC6140,0.41,0.03
4.5um,NGC0615,NGC615,0.48,0.01
4.5um,NGC6155,NGC6155,0.18,0.11
4.5um,NGC6168,NGC6168,0.22,0.24
4.5um,NGC6181,NGC6181,0.26,0.16
4.5um,NGC6207,NGC6207,0.43,0.02
4.5um,NGC6217,NGC6217,0.21,0.1
4.5um,NGC6236,NGC6236,0.49,0.03
4.5um,NGC6239,NGC6239,0.32,0.16
4.5um,NGC0625,NGC625,0.49,0.01
4.5um,NGC6255,NGC6255,0.99,0.0
4.5um,NGC6267,NGC6267,0.23,0.11
4.5um,NGC6278,NGC6278,0.19,0.19
4.5um,NGC0628,NGC628,0.87,0.01
4.5um,NGC0063,NGC63,0.12,0.04
4.5um,NGC6339,NGC6339,0.31,0.1
4.5um,NGC6340,NGC6340,0.27,0.07
4.5um,NGC6395,NGC6395,0.49,0.02
4.5um,NGC6412,NGC6412,0.31,0.04
4.5um,NGC6434,NGC6434,0.42,0.05
4.5um,NGC6503,NGC6503,0.99,0.0
4.5um,NGC0658,NGC658,0.16,0.02
4.5um,NGC0660,NGC660,0.28,0.03
4.5um,NGC0672,NGC672,0.51,0.01
4.5um,NGC0676,NGC676,0.51,0.03
4.5um,NGC0678,NGC678,0.48,0.02
4.5um,NGC0680,NGC680,0.15,0.06
4.5um,NGC0681,NGC681,0.36,0.02
4.5um,NGC0685,NGC685,0.99,0.0
4.5um,NGC6861E,NGC6861E,0.2,0.01
4.5um,NGC6870,NGC6870,0.35,0.03
4.5um,NGC6887,NGC6887,0.33,0.01
4.5um,NGC6889,NGC6889,0.27,0.01
4.5um,NGC6902,NGC6902,0.41,0.01
4.5um,NGC6902B,NGC6902B,0.1,0.02
4.5um,NGC0691,NGC691,0.38,0.01
4.5um,NGC6923,NGC6923,0.37,0.02
4.5um,NGC6925,NGC6925,0.46,0.01
4.5um,NGC0693,NGC693,0.13,0.02
4.5um,NGC0007,NGC7,0.89,0.0
4.5um,NGC0701,NGC701,0.12,0.02
4.5um,NGC7051,NGC7051,0.12,0.05
4.5um,NGC7059,NGC7059,0.29,0.1
4.5um,NGC7064,NGC7064,1.0,0.0
4.5um,NGC7070,NGC7070,0.15,0.03
4.5um,NGC7079,NGC7079,0.17,0.03
4.5um,NGC7090,NGC7090,0.45,0.01
4.5um,NGC7091,NGC7091,0.11,0.01
4.5um,NGC7098,NGC7098,0.18,0.05
4.5um,NGC7107,NGC7107,0.2,0.01
4.5um,NGC7140,NGC7140,0.59,0.01
4.5um,NGC7151,NGC7151,0.56,0.04
4.5um,NGC7154,NGC7154,0.23,0.01
4.5um,NGC7162,NGC7162,0.51,0.01
4.5um,NGC7162A,NGC7162A,0.57,0.04
4.5um,NGC7163,NGC7163,0.2,0.03
4.5um,NGC7167,NGC7167,0.25,0.01
4.5um,NGC7171,NGC7171,0.2,0.03
4.5um,NGC7179,NGC7179,0.36,0.03
4.5um,NGC0718,NGC718,0.11,0.01
4.5um,NGC7180,NGC7180,0.13,0.04
4.5um,NGC7183,NGC7183,0.14,0.02
4.5um,NGC7184,NGC7184,0.19,0.01
4.5um,NGC7188,NGC7188,0.14,0.03
4.5um,NGC7191,NGC7191,0.4,0.04
4.5um,NGC7205,NGC7205,0.28,0.05
4.5um,NGC7213,NGC7213,0.12,0.01
4.5um,NGC7218,NGC7218,0.19,0.03
4.5um,NGC7219,NGC7219,0.35,0.12
4.5um,NGC0723,NGC723,0.12,0.03
4.5um,NGC7241,NGC7241,0.26,0.07
4.5um,NGC7247,NGC7247,0.23,0.07
4.5um,NGC7254,NGC7254,0.16,0.03
4.5um,NGC7280,NGC7280,0.15,0.02
4.5um,NGC7290,NGC7290,0.14,0.03
4.5um,NGC7307,NGC7307,0.7,0.02
4.5um,NGC7314,NGC7314,0.21,0.01
4.5um,NGC7328,NGC7328,0.19,0.04
4.5um,NGC7347,NGC7347,0.2,0.04
4.5um,NGC7361,NGC7361,0.63,0.02
4.5um,NGC7368,NGC7368,0.37,0.14
4.5um,NGC7371,NGC7371,0.12,0.02
4.5um,NGC7378,NGC7378,0.2,0.03
4.5um,NGC7412,NGC7412,0.49,0.03
4.5um,NGC7416,NGC7416,0.13,0.02
4.5um,NGC7418,NGC7418,0.27,0.01
4.5um,NGC7418A,NGC7418A,0.25,0.01
4.5um,NGC7421,NGC7421,0.21,0.02
4.5um,NGC7424,NGC7424,0.36,0.0
4.5um,NGC7437,NGC7437,0.22,0.01
4.5um,NGC7448,NGC7448,0.16,0.05
4.5um,NGC7456,NGC7456,0.48,0.01
4.5um,NGC7462,NGC7462,0.62,0.01
4.5um,NGC7463,NGC7463,0.37,0.02
4.5um,NGC7465,NGC7465,0.16,0.05
4.5um,NGC7479,NGC7479,0.67,0.02
4.5um,NGC7496,NGC7496,0.17,0.02
4.5um,NGC7497,NGC7497,0.44,0.03
4.5um,NGC7513,NGC7513,0.19,0.01
4.5um,NGC7531,NGC7531,0.33,0.03
4.5um,NGC7537,NGC7537,0.18,0.02
4.5um,NGC7541,NGC7541,0.71,0.02
4.5um,NGC0755,NGC755,0.43,0.02
4.5um,NGC7552,NGC7552,1.0,4.79
4.5um,NGC7582,NGC7582,0.17,0.03
4.5um,NGC7590,NGC7590,0.16,0.02
4.5um,NGC7599,NGC7599,0.5,0.02
4.5um,NGC7606,NGC7606,0.1,0.0
4.5um,NGC7625,NGC7625,0.2,0.09
4.5um,NGC7661,NGC7661,0.19,0.02
4.5um,NGC7689,NGC7689,0.22,0.08
4.5um,NGC7690,NGC7690,0.18,0.24
4.5um,NGC7694,NGC7694,0.12,0.02
4.5um,NGC7709,NGC7709,0.1,0.02
4.5um,NGC7713,NGC7713,0.47,0.01
4.5um,NGC7714,NGC7714,0.33,0.04
4.5um,NGC7715,NGC7715,0.77,0.02
4.5um,NGC7716,NGC7716,0.19,0.03
4.5um,NGC0772,NGC772,0.7,0.02
4.5um,NGC7721,NGC7721,0.31,0.01
4.5um,NGC7723,NGC7723,0.52,0.02
4.5um,NGC7724,NGC7724,0.08,0.04
4.5um,NGC7727,NGC7727,0.39,0.01
4.5um,NGC7731,NGC7731,0.47,0.05
4.5um,NGC7732,NGC7732,0.46,0.03
4.5um,NGC7741,NGC7741,0.62,0.02
4.5um,NGC7742,NGC7742,0.16,0.04
4.5um,NGC7743,NGC7743,0.51,0.01
4.5um,NGC7750,NGC7750,0.11,0.04
4.5um,NGC7755,NGC7755,0.14,0.01
4.5um,NGC7757,NGC7757,0.09,0.02
4.5um,NGC7764,NGC7764,0.43,0.05
4.5um,NGC0779,NGC779,0.22,0.06
4.5um,NGC7793,NGC7793,0.77,0.01
4.5um,NGC7798,NGC7798,0.24,0.06
4.5um,NGC7800,NGC7800,0.17,0.01
4.5um,NGC7814,NGC7814,0.58,0.01
4.5um,NGC7817,NGC7817,0.57,0.01
4.5um,NGC0784,NGC784,0.18,0.01
4.5um,NGC0803,NGC803,0.23,0.01
4.5um,NGC0814,NGC814,0.24,0.03
4.5um,NGC0855,NGC855,0.53,0.02
4.5um,NGC0864,NGC864,0.12,0.01
4.5um,NGC0865,NGC865,0.19,0.06
4.5um,NGC0895,NGC895,0.12,0.01
4.5um,NGC0899,NGC899,0.13,0.02
4.5um,NGC0907,NGC907,0.26,0.04
4.5um,NGC0908,NGC908,1.0,0.0
4.5um,NGC0918,NGC918,0.52,0.02
4.5um,NGC0936,NGC936,0.18,0.01
4.5um,NGC0941,NGC941,0.14,0.03
4.5um,NGC0955,NGC955,0.45,0.03
4.5um,NGC0986,NGC986,0.31,0.05
4.5um,NGC0988,NGC988,0.39,0.0
4.5um,NGC0991,NGC991,0.13,0.03
4.5um,PGC000143,PGC000143,1.0,0.0
4.5um,PGC002492,PGC002492,0.12,0.02
4.5um,PGC002689,PGC002689,0.14,0.01
4.5um,PGC002805,PGC002805,0.46,0.01
4.5um,PGC003062,PGC003062,0.08,0.01
4.5um,PGC003853,PGC003853,0.09,0.01
4.5um,PGC003855,PGC003855,0.16,0.02
4.5um,PGC004143,PGC004143,0.11,0.03
4.5um,PGC005329,PGC005329,0.41,0.01
4.5um,PGC005341,PGC005341,0.43,0.02
4.5um,PGC006048,PGC006048,0.08,0.03
4.5um,PGC006190,PGC006190,0.09,0.03
4.5um,PGC006228,PGC006228,0.09,0.01
4.5um,PGC006244,PGC006244,0.13,0.02
4.5um,PGC006626,PGC006626,0.14,0.01
4.5um,PGC006667,PGC006667,0.33,0.01
4.5um,PGC006703,PGC006703,0.17,0.01
4.5um,PGC006706,PGC006706,0.11,0.01
4.5um,PGC006864,PGC006864,0.12,0.01
4.5um,PGC006898,PGC006898,0.19,0.02
4.5um,PGC007109,PGC007109,0.11,0.02
4.5um,PGC007324,PGC007324,0.42,0.02
4.5um,PGC007654,PGC007654,0.08,0.05
4.5um,PGC007682,PGC007682,0.16,0.02
4.5um,PGC007900,PGC007900,0.5,0.03
4.5um,PGC007998,PGC007998,0.13,0.02
4.5um,PGC008295,PGC008295,0.3,0.02
4.5um,PGC008962,PGC008962,0.11,0.01
4.5um,PGC009272,PGC009272,0.2,0.02
4.5um,PGC009354,PGC009354,0.17,0.02
4.5um,PGC009559,PGC009559,0.08,0.02
4.5um,PGC010813,PGC010813,0.36,0.02
4.5um,PGC011248,PGC011248,0.25,0.02
4.5um,PGC011367,PGC011367,0.16,0.03
4.5um,PGC011677,PGC011677,0.09,0.03
4.5um,PGC011744,PGC011744,0.11,0.04
4.5um,PGC012068,PGC012068,0.13,0.02
4.5um,PGC012130,PGC012130,0.12,0.01
4.5um,PGC012439,PGC012439,0.14,0.01
4.5um,PGC012608,PGC012608,0.09,0.04
4.5um,PGC012633,PGC012633,0.1,0.03
4.5um,PGC012664,PGC012664,0.12,0.01
4.5um,PGC012798,PGC012798,0.43,0.02
4.5um,PGC012981,PGC012981,0.15,0.01
4.5um,PGC013612,PGC013612,0.21,0.03
4.5um,PGC013646,PGC013646,0.75,0.02
4.5um,PGC013684,PGC013684,0.24,0.01
4.5um,PGC013716,PGC013716,0.16,0.04
4.5um,PGC013821,PGC013821,0.24,0.04
4.5um,PGC014037,PGC014037,0.15,0.04
4.5um,PGC014487,PGC014487,0.1,0.02
4.5um,PGC014600,PGC014600,0.18,0.02
4.5um,PGC014626,PGC014626,0.15,0.02
4.5um,PGC014768,PGC014768,0.17,0.02
4.5um,PGC015214,PGC015214,0.14,0.03
4.5um,PGC015625,PGC015625,0.12,0.02
4.5um,PGC015869,PGC015869,0.12,0.02
4.5um,PGC016090,PGC016090,0.12,0.02
4.5um,PGC016389,PGC016389,0.26,0.02
4.5um,PGC016784,PGC016784,0.22,0.01
4.5um,PGC024469,PGC024469,0.33,0.01
4.5um,PGC027616,PGC027616,0.11,0.02
4.5um,PGC027747,PGC027747,0.4,0.24
4.5um,PGC027810,PGC027810,0.19,0.23
4.5um,PGC027825,PGC027825,0.29,0.24
4.5um,PGC027833,PGC027833,0.44,0.07
4.5um,PGC028308,PGC028308,0.17,0.03
4.5um,PGC028380,PGC028380,0.14,0.03
4.5um,PGC029086,PGC029086,0.43,0.01
4.5um,PGC029300,PGC029300,0.17,0.01
4.5um,PGC029466,PGC029466,0.09,0.04
4.5um,PGC029653,PGC029653,0.32,0.0
4.5um,PGC030591,PGC030591,0.12,0.02
4.5um,PGC031979,PGC031979,0.15,0.02
4.5um,PGC032091,PGC032091,0.16,0.02
4.5um,PGC032548,PGC032548,0.12,0.01
4.5um,PGC035271,PGC035271,0.1,0.03
4.5um,PGC035684,PGC035684,0.19,0.03
4.5um,PGC035705,PGC035705,0.15,0.02
4.5um,PGC036217,PGC036217,0.13,0.02
4.5um,PGC036274,PGC036274,0.22,0.01
4.5um,PGC036551,PGC036551,0.16,0.02
4.5um,PGC036643,PGC036643,0.12,0.02
4.5um,PGC037238,PGC037238,0.15,0.04
4.5um,PGC037373,PGC037373,0.17,0.01
4.5um,PGC038250,PGC038250,0.46,0.03
4.5um,PGC039317,PGC039317,0.24,0.01
4.5um,PGC039799,PGC039799,0.1,0.03
4.5um,PGC040408,PGC040408,0.14,0.03
4.5um,PGC040447,PGC040447,0.77,0.06
4.5um,PGC040552,PGC040552,0.33,0.25
4.5um,PGC041725,PGC041725,0.15,0.01
4.5um,PGC041743,PGC041743,0.1,0.03
4.5um,PGC041965,PGC041965,0.15,0.02
4.5um,PGC042068,PGC042068,0.1,0.04
4.5um,PGC042160,PGC042160,0.15,0.01
4.5um,PGC042559,PGC042559,0.08,0.02
4.5um,PGC042868,PGC042868,0.15,0.02
4.5um,PGC043020,PGC043020,0.21,0.02
4.5um,PGC043236,PGC043236,0.17,0.01
4.5um,PGC043341,PGC043341,0.09,0.01
4.5um,PGC043345,PGC043345,0.2,0.02
4.5um,PGC043458,PGC043458,0.2,0.02
4.5um,PGC043679,PGC043679,0.23,0.02
4.5um,PGC043851,PGC043851,0.23,0.02
4.5um,PGC043970,PGC043970,0.19,0.01
4.5um,PGC044157,PGC044157,0.2,0.01
4.5um,PGC044278,PGC044278,0.24,0.01
4.5um,PGC044358,PGC044358,0.2,0.03
4.5um,PGC044506,PGC044506,0.25,0.01
4.5um,PGC044532,PGC044532,0.6,0.01
4.5um,PGC044735,PGC044735,0.15,0.01
4.5um,PGC044906,PGC044906,0.14,0.02
4.5um,PGC044952,PGC044952,0.15,0.02
4.5um,PGC044954,PGC044954,0.21,0.03
4.5um,PGC044982,PGC044982,0.17,0.03
4.5um,PGC045084,PGC045084,0.24,0.01
4.5um,PGC045195,PGC045195,0.14,0.01
4.5um,PGC045257,PGC045257,0.11,0.02
4.5um,PGC045359,PGC045359,0.11,0.01
4.5um,PGC045650,PGC045650,0.22,0.03
4.5um,PGC045652,PGC045652,0.38,0.01
4.5um,PGC045824,PGC045824,0.18,0.02
4.5um,PGC045877,PGC045877,0.32,0.03
4.5um,PGC045958,PGC045958,0.59,0.01
4.5um,PGC046261,PGC046261,0.37,0.04
4.5um,PGC046382,PGC046382,0.17,0.01
4.5um,PGC047721,PGC047721,0.16,0.02
4.5um,PGC047846,PGC047846,0.26,0.02
4.5um,PGC048087,PGC048087,0.09,0.02
4.5um,PGC048179,PGC048179,0.12,0.03
4.5um,PGC049521,PGC049521,0.1,0.02
4.5um,PGC050229,PGC050229,0.2,0.02
4.5um,PGC051291,PGC051291,0.17,0.03
4.5um,PGC051523,PGC051523,0.14,0.03
4.5um,PGC052336,PGC052336,1.0,
4.5um,PGC052460,PGC052460,0.17,0.05
4.5um,PGC052809,PGC052809,0.65,0.01
4.5um,PGC052853,PGC052853,0.21,0.03
4.5um,PGC052935,PGC052935,0.25,0.02
4.5um,PGC052940,PGC052940,0.24,0.01
4.5um,PGC053093,PGC053093,0.14,0.04
4.5um,PGC053134,PGC053134,0.15,0.02
4.5um,PGC053415,PGC053415,0.15,0.04
4.5um,PGC053568,PGC053568,0.21,0.02
4.5um,PGC053634,PGC053634,0.16,0.02
4.5um,PGC053724,PGC053724,0.11,0.03
4.5um,PGC053764,PGC053764,0.14,0.01
4.5um,PGC053779,PGC053779,0.19,0.01
4.5um,PGC053796,PGC053796,0.2,0.02
4.5um,PGC054817,PGC054817,0.24,0.04
4.5um,PGC054944,PGC054944,0.19,0.03
4.5um,PGC065367,PGC065367,0.25,0.03
4.5um,PGC066242,PGC066242,0.15,0.02
4.5um,PGC066559,PGC066559,0.13,0.03
4.5um,PGC066738,PGC066738,0.14,0.02
4.5um,PGC067871,PGC067871,0.14,0.02
4.5um,PGC068030,PGC068030,0.14,0.04
4.5um,PGC068061,PGC068061,0.36,0.03
4.5um,PGC068771,PGC068771,0.11,0.02
4.5um,PGC069114,PGC069114,0.14,0.03
4.5um,PGC069224,PGC069224,0.15,0.03
4.5um,PGC069293,PGC069293,0.1,0.03
4.5um,PGC069339,PGC069339,0.09,0.04
4.5um,PGC069404,PGC069404,0.17,0.04
4.5um,PGC069415,PGC069415,0.19,0.03
4.5um,PGC069448,PGC069448,0.14,0.02
4.5um,PGC069691,PGC069691,0.15,0.02
4.5um,PGC070657,PGC070657,0.1,0.02
4.5um,PGC071479,PGC071479,0.13,0.02
4.5um,PGC072006,PGC072006,0.12,0.02
4.5um,PGC072252,PGC072252,0.16,0.02
4.5um,PGC090540,PGC090540,0.08,0.04
4.5um,PGC090553,PGC090553,0.1,0.04
4.5um,PGC090694,PGC090694,0.16,0.02
4.5um,PGC091215,PGC091215,0.17,0.02
4.5um,PGC091228,PGC091228,0.81,0.09
4.5um,PGC091408,PGC091408,0.22,0.02
4.5um,PGC091413,PGC091413,0.15,0.03
4.5um,PGC1059326,PGC1059326,0.15,0.05
4.5um,PGC1063216,PGC1063216,0.1,0.02
4.5um,UGC10014,UGC10014,0.29,0.03
4.5um,UGC10020,UGC10020,0.22,0.12
4.5um,UGC10025,UGC10025,0.25,0.02
4.5um,UGC10041,UGC10041,0.18,0.02
4.5um,UGC10043,UGC10043,0.2,0.05
4.5um,UGC10054,UGC10054,0.48,0.05
4.5um,UGC10061,UGC10061,0.92,0.0
4.5um,UGC01014,UGC1014,0.18,0.03
4.5um,UGC10194,UGC10194,0.74,0.04
4.5um,UGC01020,UGC1020,0.13,0.05
4.5um,UGC10288,UGC10288,0.28,0.01
4.5um,UGC10290,UGC10290,0.16,0.02
4.5um,UGC10297,UGC10297,0.33,0.02
4.5um,UGC10310,UGC10310,1.0,0.0
4.5um,UGC10413,UGC10413,0.15,0.25
4.5um,UGC10437,UGC10437,0.38,0.19
4.5um,UGC10445,UGC10445,0.54,0.01
4.5um,UGC10477,UGC10477,0.48,0.19
4.5um,UGC10608,UGC10608,0.84,0.06
4.5um,UGC10650,UGC10650,0.65,0.07
4.5um,UGC10713,UGC10713,0.39,0.13
4.5um,UGC10721,UGC10721,0.12,0.29
4.5um,UGC10736,UGC10736,0.96,0.0
4.5um,UGC10791,UGC10791,0.54,0.01
4.5um,UGC10803,UGC10803,0.14,0.2
4.5um,UGC10806,UGC10806,0.42,0.15
4.5um,UGC10854,UGC10854,0.28,0.19
4.5um,UGC10887,UGC10887,0.66,0.08
4.5um,UGC01104,UGC1104,0.14,0.02
4.5um,UGC01110,UGC1110,0.12,0.02
4.5um,UGC01112,UGC1112,0.09,0.04
4.5um,UGC01133,UGC1133,0.12,0.01
4.5um,UGC01176,UGC1176,0.65,0.02
4.5um,UGC11782,UGC11782,0.24,0.02
4.5um,UGC11921,UGC11921,0.13,0.02
4.5um,UGC01195,UGC1195,0.1,0.01
4.5um,UGC01197,UGC1197,0.17,0.02
4.5um,UGC01200,UGC1200,0.2,0.02
4.5um,UGC12010,UGC12010,0.21,0.04
4.5um,UGC12054,UGC12054,0.14,0.02
4.5um,UGC12151,UGC12151,0.09,0.02
4.5um,UGC12178,UGC12178,0.32,0.02
4.5um,UGC00122,UGC122,0.16,0.01
4.5um,UGC12281,UGC12281,0.39,0.02
4.5um,UGC12307,UGC12307,0.11,0.03
4.5um,UGC12308,UGC12308,0.23,0.01
4.5um,UGC12313,UGC12313,0.24,0.01
4.5um,UGC12350,UGC12350,0.14,0.01
4.5um,UGC01240,UGC1240,0.07,0.03
4.5um,UGC12518,UGC12518,0.1,0.03
4.5um,UGC12613,UGC12613,0.66,0.01
4.5um,UGC12641,UGC12641,0.32,0.02
4.5um,UGC12681,UGC12681,0.17,0.03
4.5um,UGC12682,UGC12682,0.23,0.01
4.5um,UGC12692,UGC12692,0.13,0.03
4.5um,UGC12707,UGC12707,0.17,0.01
4.5um,UGC12709,UGC12709,0.35,0.02
4.5um,UGC12732,UGC12732,0.44,0.02
4.5um,UGC12791,UGC12791,0.15,0.02
4.5um,UGC12843,UGC12843,0.2,0.02
4.5um,UGC12846,UGC12846,0.27,0.02
4.5um,UGC12856,UGC12856,0.17,0.02
4.5um,UGC12857,UGC12857,0.13,0.02
4.5um,UGC12893,UGC12893,0.09,0.02
4.5um,UGC00132,UGC132,0.1,0.02
4.5um,UGC01500,UGC1500,0.09,0.04
4.5um,UGC01547,UGC1547,0.11,0.01
4.5um,UGC01551,UGC1551,0.4,0.02
4.5um,UGC00156,UGC156,0.12,0.05
4.5um,UGC01670,UGC1670,0.1,0.02
4.5um,UGC00017,UGC17,0.27,0.02
4.5um,UGC01753,UGC1753,0.17,0.01
4.5um,UGC01803,UGC1803,0.1,0.02
4.5um,UGC01839,UGC1839,0.12,0.03
4.5um,UGC01862,UGC1862,0.12,0.03
4.5um,UGC00191,UGC191,0.13,0.02
4.5um,UGC01945,UGC1945,0.1,0.02
4.5um,UGC01970,UGC1970,0.1,0.02
4.5um,UGC01981,UGC1981,0.09,0.02
4.5um,UGC01999,UGC1999,0.14,0.02
4.5um,UGC02081,UGC2081,0.13,0.02
4.5um,UGC02082,UGC2082,0.2,0.01
4.5um,UGC02275,UGC2275,0.28,0.0
4.5um,UGC02302,UGC2302,0.25,0.0
4.5um,UGC02345,UGC2345,0.5,0.02
4.5um,UGC02429,UGC2429,0.13,0.02
4.5um,UGC02443,UGC2443,0.11,0.01
4.5um,UGC00260,UGC260,0.13,0.02
4.5um,UGC00290,UGC290,0.09,0.02
4.5um,UGC03070,UGC3070,0.71,0.03
4.5um,UGC00313,UGC313,0.08,0.06
4.5um,UGC00320,UGC320,0.08,0.01
4.5um,UGC04024,UGC4024,0.14,0.29
4.5um,UGC04121,UGC4121,0.39,0.01
4.5um,UGC04148,UGC4148,0.17,0.02
4.5um,UGC04151,UGC4151,0.23,0.03
4.5um,UGC04169,UGC4169,0.13,0.02
4.5um,UGC04238,UGC4238,0.53,0.02
4.5um,UGC04241,UGC4241,0.16,0.04
4.5um,UGC04305,UGC4305,0.34,0.0
4.5um,UGC04306,UGC4306,0.18,0.05
4.5um,UGC04390,UGC4390,0.34,0.14
4.5um,UGC04393,UGC4393,0.15,0.02
4.5um,UGC04413,UGC4413,0.64,0.03
4.5um,UGC04426,UGC4426,0.24,0.01
4.5um,UGC04483,UGC4483,0.96,0.02
4.5um,UGC04499,UGC4499,0.15,0.02
4.5um,UGC04514,UGC4514,0.18,0.01
4.5um,UGC04543,UGC4543,0.46,0.01
4.5um,UGC04549,UGC4549,0.14,0.02
4.5um,UGC04550,UGC4550,0.59,0.06
4.5um,UGC04551,UGC4551,0.14,0.03
4.5um,UGC04559,UGC4559,0.23,0.01
4.5um,UGC04621,UGC4621,0.13,0.03
4.5um,UGC04623,UGC4623,0.47,0.04
4.5um,UGC04628,UGC4628,0.14,0.01
4.5um,UGC04659,UGC4659,0.13,0.02
4.5um,UGC04701,UGC4701,0.28,0.23
4.5um,UGC04704,UGC4704,0.7,0.02
4.5um,UGC04714,UGC4714,0.43,0.04
4.5um,UGC04722,UGC4722,0.14,0.01
4.5um,UGC04725,UGC4725,0.11,0.02
4.5um,UGC04753,UGC4753,0.64,0.07
4.5um,UGC00477,UGC477,0.48,0.01
4.5um,UGC04777,UGC4777,0.11,0.02
4.5um,UGC04787,UGC4787,0.23,0.01
4.5um,UGC04797,UGC4797,0.23,0.01
4.5um,UGC04800,UGC4800,0.47,0.15
4.5um,UGC04824,UGC4824,0.18,0.02
4.5um,UGC04834,UGC4834,0.18,0.02
4.5um,UGC04837,UGC4837,0.46,0.03
4.5um,UGC04841,UGC4841,0.4,0.14
4.5um,UGC04845,UGC4845,0.17,0.03
4.5um,UGC04867,UGC4867,0.18,0.02
4.5um,UGC04871,UGC4871,0.12,0.02
4.5um,UGC04878,UGC4878,0.09,0.02
4.5um,UGC04922,UGC4922,0.19,0.02
4.5um,UGC04953,UGC4953,0.16,0.03
4.5um,UGC04970,UGC4970,0.16,0.02
4.5um,UGC04982,UGC4982,0.14,0.03
4.5um,UGC04988,UGC4988,0.13,0.02
4.5um,UGC05004,UGC5004,0.08,0.04
4.5um,UGC05015,UGC5015,0.11,0.01
4.5um,UGC05020,UGC5020,0.16,0.01
4.5um,UGC05047,UGC5047,0.37,0.01
4.5um,UGC05050,UGC5050,0.5,0.14
4.5um,UGC05076,UGC5076,0.15,0.02
4.5um,UGC05107,UGC5107,0.17,0.03
4.5um,UGC05114,UGC5114,0.79,0.05
4.5um,UGC05139,UGC5139,0.51,0.01
4.5um,UGC05172,UGC5172,0.23,0.03
4.5um,UGC05179,UGC5179,0.24,0.04
4.5um,UGC05203,UGC5203,0.61,0.08
4.5um,UGC05228,UGC5228,0.29,0.01
4.5um,UGC05238,UGC5238,0.47,0.06
4.5um,UGC05245,UGC5245,0.7,0.12
4.5um,UGC05249,UGC5249,0.17,0.02
4.5um,UGC05272,UGC5272,0.52,0.01
4.5um,UGC05336,UGC5336,0.21,0.02
4.5um,UGC05340,UGC5340,0.12,0.01
4.5um,UGC05347,UGC5347,0.09,0.02
4.5um,UGC05349,UGC5349,0.22,0.01
4.5um,UGC05354,UGC5354,0.52,0.02
4.5um,UGC05358,UGC5358,0.16,0.02
4.5um,UGC05364,UGC5364,0.34,0.0
4.5um,UGC05373,UGC5373,0.23,0.0
4.5um,UGC05376,UGC5376,0.11,0.03
4.5um,UGC05391,UGC5391,0.14,0.01
4.5um,UGC05393,UGC5393,0.53,0.02
4.5um,UGC05401,UGC5401,0.1,0.02
4.5um,UGC05403,UGC5403,0.07,0.02
4.5um,UGC05421,UGC5421,0.34,0.01
4.5um,UGC05423,UGC5423,0.22,0.02
4.5um,UGC05427,UGC5427,0.1,0.02
4.5um,UGC05446,UGC5446,0.14,0.02
4.5um,UGC05451,UGC5451,0.12,0.01
4.5um,UGC05456,UGC5456,0.12,0.02
4.5um,UGC05459,UGC5459,0.95,0.0
4.5um,UGC05464,UGC5464,0.59,0.02
4.5um,UGC05478,UGC5478,0.2,0.01
4.5um,UGC05522,UGC5522,0.13,0.04
4.5um,UGC05524,UGC5524,0.15,0.01
4.5um,UGC05540,UGC5540,0.11,0.03
4.5um,UGC05571,UGC5571,0.09,0.03
4.5um,UGC05574,UGC5574,0.09,0.01
4.5um,UGC05575,UGC5575,0.09,0.02
4.5um,UGC05612,UGC5612,0.96,0.02
4.5um,UGC05633,UGC5633,0.15,0.01
4.5um,UGC05642,UGC5642,0.1,0.02
4.5um,UGC05646,UGC5646,0.1,0.02
4.5um,UGC05672,UGC5672,0.17,0.02
4.5um,UGC05676,UGC5676,0.19,0.03
4.5um,UGC05677,UGC5677,0.14,0.02
4.5um,UGC05688,UGC5688,0.87,0.01
4.5um,UGC05689,UGC5689,0.51,0.14
4.5um,UGC05695,UGC5695,0.13,0.03
4.5um,UGC05707,UGC5707,0.11,0.03
4.5um,UGC05708,UGC5708,0.19,0.02
4.5um,UGC05720,UGC5720,0.15,0.06
4.5um,UGC05739,UGC5739,0.09,0.03
4.5um,UGC05740,UGC5740,0.17,0.03
4.5um,UGC05764,UGC5764,0.12,0.02
4.5um,UGC05765,UGC5765,0.6,0.04
4.5um,UGC05791,UGC5791,0.32,0.02
4.5um,UGC05798,UGC5798,0.36,0.02
4.5um,UGC05814,UGC5814,0.17,0.2
4.5um,UGC05829,UGC5829,0.86,0.01
4.5um,UGC05832,UGC5832,0.16,0.03
4.5um,UGC05833,UGC5833,0.12,0.04
4.5um,UGC05841,UGC5841,0.28,0.03
4.5um,UGC05844,UGC5844,0.12,0.04
4.5um,UGC05846,UGC5846,0.25,0.01
4.5um,UGC05897,UGC5897,0.45,0.01
4.5um,UGC05898,UGC5898,0.11,0.03
4.5um,UGC05918,UGC5918,0.24,0.02
4.5um,UGC05921,UGC5921,0.13,0.01
4.5um,UGC05922,UGC5922,0.18,0.02
4.5um,UGC05934,UGC5934,0.13,0.02
4.5um,UGC05947,UGC5947,0.12,0.01
4.5um,UGC05958,UGC5958,0.16,0.01
4.5um,UGC05976,UGC5976,0.18,0.04
4.5um,UGC05979,UGC5979,0.69,0.01
4.5um,UGC05989,UGC5989,0.14,0.02
4.5um,UGC05990,UGC5990,0.15,0.04
4.5um,UGC06014,UGC6014,0.09,0.03
4.5um,UGC06023,UGC6023,0.1,0.03
4.5um,UGC06080,UGC6080,0.47,0.13
4.5um,UGC06083,UGC6083,0.12,0.02
4.5um,UGC06104,UGC6104,0.09,0.02
4.5um,UGC06112,UGC6112,0.09,0.02
4.5um,UGC06145,UGC6145,0.08,0.02
4.5um,UGC06151,UGC6151,0.16,0.02
4.5um,UGC06157,UGC6157,0.15,0.03
4.5um,UGC06162,UGC6162,0.22,0.01
4.5um,UGC06169,UGC6169,0.25,0.03
4.5um,UGC06171,UGC6171,0.1,0.01
4.5um,UGC06181,UGC6181,0.09,0.02
4.5um,UGC06194,UGC6194,0.21,0.02
4.5um,UGC06249,UGC6249,0.19,0.03
4.5um,UGC06271,UGC6271,0.14,0.04
4.5um,UGC06296,UGC6296,0.19,0.01
4.5um,UGC06307,UGC6307,0.21,0.04
4.5um,UGC06309,UGC6309,0.23,0.09
4.5um,UGC06320,UGC6320,0.07,0.03
4.5um,UGC06335,UGC6335,0.19,0.01
4.5um,UGC00634,UGC634,0.09,0.02
4.5um,UGC06341,UGC6341,0.09,0.02
4.5um,UGC06345,UGC6345,0.1,0.01
4.5um,UGC06355,UGC6355,0.12,0.01
4.5um,UGC06378,UGC6378,0.69,0.04
4.5um,UGC06390,UGC6390,0.4,0.19
4.5um,UGC06399,UGC6399,0.2,0.02
4.5um,UGC06433,UGC6433,0.28,0.03
4.5um,UGC06446,UGC6446,0.3,0.02
4.5um,UGC06509,UGC6509,0.07,0.05
4.5um,UGC06512,UGC6512,0.17,0.03
4.5um,UGC06517,UGC6517,0.21,0.02
4.5um,UGC06526,UGC6526,0.21,0.02
4.5um,UGC06534,UGC6534,0.19,0.02
4.5um,UGC06545,UGC6545,0.17,0.06
4.5um,UGC06570,UGC6570,0.11,0.04
4.5um,UGC06575,UGC6575,0.51,0.02
4.5um,UGC06594,UGC6594,0.12,0.01
4.5um,UGC06603,UGC6603,0.12,0.01
4.5um,UGC06610,UGC6610,0.16,0.01
4.5um,UGC06628,UGC6628,0.18,0.02
4.5um,UGC06667,UGC6667,0.15,0.02
4.5um,UGC06670,UGC6670,0.1,0.03
4.5um,UGC06682,UGC6682,0.18,0.02
4.5um,UGC06713,UGC6713,0.1,0.02
4.5um,UGC06747,UGC6747,0.07,0.03
4.5um,UGC06773,UGC6773,0.3,0.01
4.5um,UGC06774,UGC6774,0.33,0.03
4.5um,UGC06780,UGC6780,0.11,0.02
4.5um,UGC06782,UGC6782,0.82,0.01
4.5um,UGC06791,UGC6791,0.12,0.02
4.5um,UGC06792,UGC6792,0.3,0.02
4.5um,UGC06816,UGC6816,0.17,0.01
4.5um,UGC06817,UGC6817,0.46,0.01
4.5um,UGC06818,UGC6818,0.19,0.02
4.5um,UGC06840,UGC6840,0.1,0.02
4.5um,UGC06849,UGC6849,0.12,0.01
4.5um,UGC06862,UGC6862,0.08,0.02
4.5um,UGC06879,UGC6879,0.17,0.03
4.5um,UGC06894,UGC6894,0.28,0.02
4.5um,UGC06900,UGC6900,0.17,0.01
4.5um,UGC06903,UGC6903,0.09,0.03
4.5um,UGC06912,UGC6912,0.64,0.03
4.5um,UGC06917,UGC6917,0.72,0.02
4.5um,UGC06922,UGC6922,0.13,0.03
4.5um,UGC06930,UGC6930,0.16,0.02
4.5um,UGC06931,UGC6931,0.6,0.03
4.5um,UGC06955,UGC6955,0.12,0.01
4.5um,UGC06956,UGC6956,0.17,0.01
4.5um,UGC06969,UGC6969,0.11,0.01
4.5um,UGC06978,UGC6978,0.16,0.04
4.5um,UGC06983,UGC6983,0.13,0.02
4.5um,UGC07009,UGC7009,0.43,0.24
4.5um,UGC07019,UGC7019,0.45,0.12
4.5um,UGC07035,UGC7035,0.1,0.03
4.5um,UGC07053,UGC7053,0.25,0.01
4.5um,UGC07086,UGC7086,0.44,0.11
4.5um,UGC07089,UGC7089,0.16,0.03
4.5um,UGC07094,UGC7094,0.1,0.02
4.5um,UGC00711,UGC711,0.4,0.01
4.5um,UGC07125,UGC7125,0.13,0.03
4.5um,UGC07129,UGC7129,0.11,0.04
4.5um,UGC07133,UGC7133,0.12,0.03
4.5um,UGC07143,UGC7143,0.07,0.03
4.5um,UGC07153,UGC7153,0.49,0.14
4.5um,UGC07170,UGC7170,0.16,0.03
4.5um,UGC07175,UGC7175,0.15,0.06
4.5um,UGC07184,UGC7184,0.14,0.04
4.5um,UGC07186,UGC7186,0.19,0.02
4.5um,UGC07189,UGC7189,0.36,0.06
4.5um,UGC07218,UGC7218,0.12,0.02
4.5um,UGC07239,UGC7239,0.14,0.02
4.5um,UGC07242,UGC7242,1.0,0.0
4.5um,UGC07249,UGC7249,0.09,0.03
4.5um,UGC07257,UGC7257,0.13,0.03
4.5um,UGC07267,UGC7267,0.17,0.02
4.5um,UGC07271,UGC7271,0.09,0.02
4.5um,UGC07300,UGC7300,0.13,0.01
4.5um,UGC07301,UGC7301,0.53,0.15
4.5um,UGC07321,UGC7321,0.41,0.02
4.5um,UGC07332,UGC7332,0.15,0.01
4.5um,UGC07387,UGC7387,0.15,0.01
4.5um,UGC07394,UGC7394,0.2,0.04
4.5um,UGC07396,UGC7396,0.12,0.02
4.5um,UGC07408,UGC7408,0.17,0.01
4.5um,UGC07490,UGC7490,0.23,0.02
4.5um,UGC07522,UGC7522,0.17,0.03
4.5um,UGC07534,UGC7534,0.46,0.01
4.5um,UGC07557,UGC7557,0.53,0.02
4.5um,UGC07559,UGC7559,0.99,0.0
4.5um,UGC07577,UGC7577,0.43,0.01
4.5um,UGC07579,UGC7579,0.11,0.05
4.5um,UGC07590,UGC7590,0.1,0.03
4.5um,UGC07596,UGC7596,0.14,0.01
4.5um,UGC07599,UGC7599,0.89,0.03
4.5um,UGC07605,UGC7605,0.76,0.08
4.5um,UGC07608,UGC7608,0.4,0.02
4.5um,UGC07612,UGC7612,0.11,0.01
4.5um,UGC07639,UGC7639,0.28,0.02
4.5um,UGC07673,UGC7673,0.12,0.01
4.5um,UGC07690,UGC7690,0.21,0.02
4.5um,UGC07697,UGC7697,0.12,0.03
4.5um,UGC07698,UGC7698,0.99,0.0
4.5um,UGC07699,UGC7699,1.0,0.0
4.5um,UGC07700,UGC7700,0.47,0.02
4.5um,UGC07719,UGC7719,0.72,0.16
4.5um,UGC07730,UGC7730,0.23,0.02
4.5um,UGC07739,UGC7739,0.13,0.02
4.5um,UGC07774,UGC7774,0.34,0.21
4.5um,UGC07780,UGC7780,0.11,0.01
4.5um,UGC07795,UGC7795,0.09,0.03
4.5um,UGC07802,UGC7802,0.12,0.01
4.5um,UGC07824,UGC7824,0.18,0.03
4.5um,UGC07844,UGC7844,0.18,0.02
4.5um,UGC07848,UGC7848,0.23,0.12
4.5um,UGC07906,UGC7906,0.13,0.03
4.5um,UGC07908,UGC7908,0.19,0.01
4.5um,UGC07911,UGC7911,0.32,0.01
4.5um,UGC07941,UGC7941,0.78,0.05
4.5um,UGC07943,UGC7943,0.09,0.04
4.5um,UGC07949,UGC7949,0.98,
4.5um,UGC07950,UGC7950,0.4,0.01
4.5um,UGC07982,UGC7982,0.46,0.01
4.5um,UGC07991,UGC7991,0.13,0.02
4.5um,UGC08040,UGC8040,0.44,0.1
4.5um,UGC08041,UGC8041,0.38,0.01
4.5um,UGC08042,UGC8042,0.15,0.04
4.5um,UGC08048,UGC8048,0.16,0.03
4.5um,UGC08052,UGC8052,0.33,0.14
4.5um,UGC08053,UGC8053,0.13,0.01
4.5um,UGC08056,UGC8056,0.22,0.02
4.5um,UGC08067,UGC8067,0.13,0.02
4.5um,UGC08084,UGC8084,0.09,0.02
4.5um,UGC08085,UGC8085,0.18,0.02
4.5um,UGC08127,UGC8127,0.15,0.01
4.5um,UGC08146,UGC8146,0.27,0.01
4.5um,UGC08153,UGC8153,0.16,0.02
4.5um,UGC08155,UGC8155,0.14,0.02
4.5um,UGC08166,UGC8166,0.13,0.02
4.5um,UGC08181,UGC8181,0.11,0.03
4.5um,UGC08201,UGC8201,0.49,0.01
4.5um,UGC08246,UGC8246,0.37,0.02
4.5um,UGC08282,UGC8282,0.26,0.03
4.5um,UGC08303,UGC8303,0.14,0.02
4.5um,UGC08313,UGC8313,0.24,0.02
4.5um,UGC08320,UGC8320,0.71,0.01
4.5um,UGC08331,UGC8331,0.64,0.02
4.5um,UGC08365,UGC8365,0.19,0.01
4.5um,UGC08385,UGC8385,0.12,0.02
4.5um,UGC08441,UGC8441,0.48,0.01
4.5um,UGC08449,UGC8449,0.15,0.03
4.5um,UGC08489,UGC8489,0.58,0.07
4.5um,UGC08507,UGC8507,0.13,0.02
4.5um,UGC08508,UGC8508,0.25,0.02
4.5um,UGC08516,UGC8516,0.16,0.03
4.5um,UGC08575,UGC8575,0.28,0.02
4.5um,UGC08588,UGC8588,0.15,0.01
4.5um,UGC08597,UGC8597,0.17,0.02
4.5um,UGC08614,UGC8614,0.55,0.01
4.5um,UGC08629,UGC8629,0.3,0.02
4.5um,UGC08630,UGC8630,0.51,0.08
4.5um,UGC08639,UGC8639,0.5,0.14
4.5um,UGC08642,UGC8642,0.49,0.12
4.5um,UGC08651,UGC8651,0.25,0.02
4.5um,UGC08658,UGC8658,0.73,0.07
4.5um,UGC00866,UGC866,0.1,0.03
4.5um,UGC08662,UGC8662,0.47,0.17
4.5um,UGC08684,UGC8684,0.19,0.12
4.5um,UGC08688,UGC8688,0.52,0.03
4.5um,UGC08693,UGC8693,0.21,0.22
4.5um,UGC08726,UGC8726,0.65,0.15
4.5um,UGC08733,UGC8733,0.25,0.02
4.5um,UGC08737,UGC8737,0.35,0.11
4.5um,UGC08756,UGC8756,0.08,0.29
4.5um,UGC08760,UGC8760,0.19,0.01
4.5um,UGC08795,UGC8795,0.17,0.02
4.5um,UGC00882,UGC882,0.11,0.02
4.5um,UGC08837,UGC8837,0.44,0.02
4.5um,UGC08839,UGC8839,0.38,0.01
4.5um,UGC08851,UGC8851,0.76,0.07
4.5um,UGC08877,UGC8877,0.68,0.04
4.5um,UGC08892,UGC8892,0.93,0.02
4.5um,UGC08899,UGC8899,0.15,0.03
4.5um,UGC08909,UGC8909,0.17,0.08
4.5um,UGC00891,UGC891,0.43,0.04
4.5um,UGC08988,UGC8988,0.3,0.28
4.5um,UGC08995,UGC8995,0.29,0.02
4.5um,UGC00903,UGC903,0.09,0.05
4.5um,UGC09056,UGC9056,0.37,0.17
4.5um,UGC09057,UGC9057,0.2,0.02
4.5um,UGC09071,UGC9071,0.25,0.17
4.5um,UGC09126,UGC9126,0.71,0.01
4.5um,UGC09128,UGC9128,0.37,0.03
4.5um,UGC09169,UGC9169,0.36,0.0
4.5um,UGC09206,UGC9206,0.17,0.03
4.5um,UGC09215,UGC9215,0.18,0.02
4.5um,UGC09240,UGC9240,0.19,0.02
4.5um,UGC09242,UGC9242,0.68,0.12
4.5um,UGC09245,UGC9245,0.2,0.23
4.5um,UGC09249,UGC9249,0.45,0.03
4.5um,UGC09274,UGC9274,0.25,0.01
4.5um,UGC09282,UGC9282,0.16,0.03
4.5um,UGC09291,UGC9291,0.19,0.12
4.5um,UGC09299,UGC9299,0.24,0.02
4.5um,UGC09310,UGC9310,0.16,0.01
4.5um,UGC09345,UGC9345,0.22,0.03
4.5um,UGC09356,UGC9356,0.61,0.02
4.5um,UGC09364,UGC9364,0.24,0.03
4.5um,UGC09380,UGC9380,0.22,0.01
4.5um,UGC09389,UGC9389,0.43,0.01
4.5um,UGC09392,UGC9392,0.14,0.04
4.5um,UGC09394,UGC9394,0.24,0.02
4.5um,UGC00941,UGC941,0.12,0.03
4.5um,UGC09448,UGC9448,0.27,0.21
4.5um,UGC09469,UGC9469,0.18,0.01
4.5um,UGC09470,UGC9470,0.15,0.01
4.5um,UGC09482,UGC9482,0.1,0.01
4.5um,UGC09569,UGC9569,0.48,0.11
4.5um,UGC00958,UGC958,0.12,0.01
4.5um,UGC09601,UGC9601,0.16,0.02
4.5um,UGC00964,UGC964,0.11,0.02
4.5um,UGC09661,UGC9661,0.14,0.04
4.5um,UGC09663,UGC9663,0.49,0.11
4.5um,UGC09665,UGC9665,0.34,0.22
4.5um,UGC09682,UGC9682,0.16,0.01
4.5um,UGC09703,UGC9703,0.24,0.26
4.5um,UGC09730,UGC9730,0.41,0.16
4.5um,UGC09746,UGC9746,0.1,0.02
4.5um,UGC09751,UGC9751,0.18,0.04
4.5um,UGC09760,UGC9760,0.39,0.01
4.5um,UGC09815,UGC9815,0.67,0.05
4.5um,UGC09816,UGC9816,0.36,0.16
4.5um,UGC09837,UGC9837,0.54,0.03
4.5um,UGC09845,UGC9845,0.34,0.02
4.5um,UGC09856,UGC9856,0.57,0.15
4.5um,UGC09858,UGC9858,0.48,0.01
4.5um,UGC09875,UGC9875,0.21,0.02
4.5um,UGC00099,UGC99,0.28,0.02
4.5um,UGC09936,UGC9936,0.8,0.11
4.5um,UGC09951,UGC9951,0.13,0.02
4.5um,UGC09977,UGC9977,0.42,0.01
4.5um,UGC09979,UGC9979,0.26,0.02
4.5um,UGC09991,UGC9991,0.37,0.1
4.5um,UGC09992,UGC9992,0.47,0.01
